id	locus	title	outlinks->bsu	Gene->Coordinates
000E237B00539E6850B6A50EE01BA02844B6ACBC	BSU_17890	tkt	BSU_17890	1,919,861 1,921,864
001BF5429FA86D39BC64447929BC20FCBD988C69	BSU_20290	yorQ	BSU_20290	2,173,956  2,174,111
0021EF5F0934B4D6A1A52C5B34B36D135E6D8CE8	BSU_21700	ypoP	BSU_21700	2,288,194  2,288,619
002AB675506D7A5F238A703DEE2EE1E0DE1F2900	BSU_39850	yxbF	BSU_39850	4,092,695  4,093,837
003047E90159765F9F0E499FD760F95FFF4AC360	BSU_15640	rqcH	BSU_15640	1,636,131  1,637,849
0037A6808E75C2A2E207A7005EFDA71FCE90BAD8	BSU_02950	niaP	BSU_02950	317,725  318,927
0056478385A2ABFEF9CB17D2E6290AC71E6B3891	new_4047463_4047537	S1517	new_4047463_4047537	4,047,463 → 4,047,537
005D37F34CA3D6891F7D8FF7A2AFA1CBCB556FFE	BSU_01650	namZ	BSU_01650	185,194  186,438
00798BB5A769C464CC5FDDF7D9E41D30B473B9A8	BSU_00390	yabD	BSU_00390	47,706  48,473
0088EB2863FEC9E911332A8D9CDEB91D2A574FFA	BSU_17540	ynaF	BSU_17540	1,884,968  1,885,321
0098E3A710385B31987947E6206A89000CA32F55	new_4164565_4165231	S1559	new_4164565_4165231	4,164,565 → 4,165,231
00994D9EB7ACCF9CC9DD16915409751C7A688D52	new_2195060_2195563_c	S777	new_2195060_2195563_c	2,195,060 → 2,195,563
009BB4460A9374A8259DE7BD05724467198E0A90	BSU_05344	ydzS/2	BSU_05344	581,341  581,454
00A19F2D960FAD4A6DA34D027828E1135A3BE218	BSU_07180	yezB	BSU_07180	787,264 → 787,560
00A42FDB559BE2647CD682180420A435E2E7035F	BSU_29780	facZ	BSU_29780	3,047,593  3,048,015
00A4A90685CED4AD46829C45718CF26F1D62F5D3	BSU_05810	gmuB	BSU_05810	626,622  626,933
00A6C1AD9D27E900133E0F9007C76E1812C3A2AA	BSU_33870	yvbI	BSU_33870	3,473,372  3,474,070
00B4CA4E25858A56F9D4E0ADEE2643F203FEC613	BSU_16770	dapA	BSU_16770	1,748,368  1,749,240
00BCAAE16576DC5426A652580C69A570FC7A1C2C	BSU_08730	perR	BSU_08730	944,487  944,924
00BDD4E3370DB3A9F4D75FE265A2A8DF05185CCC	BSU_24360	spoIIIAH	BSU_24360	2,532,353  2,533,009
00CF2A4EDFB3F294B61AFD87E782B4CF95E42763	new_3582691_3582779_c	S1330	new_3582691_3582779_c	3,582,691 → 3,582,779
00E18FA53BD5DC6FAEEF2F3C2E5DC66F34C9B29D	new_1603712_1603778	S563	new_1603712_1603778	1,603,712 → 1,603,778
00E1BA27A59452CCE7E5AD95513FC0B3353E9729	BSU_02710	yczC	BSU_02710	292,881  293,264
00E354BDFAF1AB05538B0DB8C4F8216855189A8C	new_1369127_1369854_c	S464	new_1369127_1369854_c	1,369,127 → 1,369,854
00EA4A93E898A531A075DCC1C2948086DFD31FBA	new_1041710_1041809_c	S336	new_1041710_1041809_c	1,041,710 → 1,041,809
00F319EEC8420F859BA2657B9D4D1281853A94BD	BSU_40480	yycB	BSU_40480	4,159,790  4,160,998
010C64CC0257DEA32B1BC97C3B130CCD096C880F	new_1041733_1041928	S337	new_1041733_1041928	1,041,733 → 1,041,928
011017A2C4F342B52293588CFC661BF46181A8E6	new_1268593_1268828	S435	new_1268593_1268828	1,268,593 → 1,268,828
013548BF11BC7848692FFD20A9BEE43DE08A5334	new_3386852_3387780_c	S1270	new_3386852_3387780_c	3,386,852 → 3,387,780
0136394A52759CEEDD8DE074ED74033C6FFB8435	BSU_15940	smc	BSU_15940	1,666,560  1,670,120
0136476AEE2DA2C7DC6A7C2612B30067AFBC882A	new_839233_839338_c	S266	new_839233_839338_c	839,233 → 839,338
013BFEC4A381555841F45AD4259A8C061E58FCEC	new_3509781_3509830_c	S1307	new_3509781_3509830_c	3,509,781 → 3,509,830
01406A168C37FCC9C5950D204F0F3887BFE9CDA6	new_2161801_2162107_c	S768	new_2161801_2162107_c	2,161,801 → 2,162,107
01412FA454DDBA12622E3B32C433F8059123661B	BSU_00240	csfB	BSU_00240	35,531  35,725
01419E9D0CB49D8683A6C3D3CD0074D5A150487C	BSU_09780	yheC	BSU_09780	1,052,162  1,053,253
014FBE45EDF28C4F89386D827EE1DC18A537EB04	new_1571801_1571902_c	S551	new_1571801_1571902_c	1,571,801 → 1,571,902
015989AAB862E418C944AB35DA3605863F059CE9	BSU_31670	yuxO	BSU_31670	3,252,405  3,252,785
0164C052E3D5AD83035A66E547D801CF4E16B22C	BSU_31730	yuzC	BSU_31730	3,257,693  3,258,061
017A57F27DD8E515242FB658A61E74C1D58273CC	BSU_13850	pfeT	BSU_13850	1,451,371  1,453,284
0185343269B1A5523F0660C74E685F414E60375D	new_1900515_1901611	S640	new_1900515_1901611	1,900,515 → 1,901,611
018C3EC5DE4F85EE96593F9C2B6C7D7D1F7251F0	BSU_25565	BSU_25565		
018E9DEFC7BF236E0163D1945FC7AD07531063E8	BSU_13360	ykoP	BSU_13360	1,400,188  1,400,739
01946B5ADB1B4625A5C0ABF20A9B0B9A7CB0C3E6	new_1570575_1571849	S550	new_1570575_1571849	1,570,575 → 1,571,849
0197A037D2AF049B295E1DA60187D4614B2BAC51	BSU_15560	pyrE	BSU_15560	1,629,320  1,629,970
019C077F1EC2449201CCE06DA6B183E1C1AEA240	new_3495702_3495768_c	S1306	new_3495702_3495768_c	3,495,702 → 3,495,768
01AC4E8F76170E04A215C20EB6E833D3661EA49F	BSU_12110	yjfA	BSU_12110	1,282,571  1,283,044
01AED5A49ABB201EA97AA14995FCEEE1E6C75B56	BSU_28475	lysCB		
01B7BBC2142D54820FECA8456B49C32E20AACAC6	new_667383_667465	S220	new_667383_667465	667,383 → 667,465
01BE35FB190DDC77BE19C013A8E0D980B132CBE1	BSU_20830	yopN	BSU_20830	2,208,008  2,208,325
01C43D05A53BF4B0F505D9C9CCAAFA1AF9E94F87	BSU_12170	forE1	BSU_12170	1,288,541  1,289,101
01C7486AFE6598630BCD0E5327CA03C3F437CCCE	new_926651_926919_c	S289	new_926651_926919_c	926,651 → 926,919
01CE4BBBEB0C0855201D396FB8036F72B64EA7DD	BSU_04430	ydbD	BSU_04430	495,740  496,561
01E26F18E410323F1DE1FAD2D1C15FBB53C072B3	BSU_21340	yomJ	BSU_21340	2,248,417  2,249,100
01EF886D3D004EA9B22AC5E75D50FF07D8631E68	BSU_00560	spoVT	BSU_00560	64,099 64,635
020DBB58794BF6C450E9A654719E62B2D3B10F04	BSU_10480	yhjE	BSU_10480	1,121,550  1,122,173
0219624A8C4BC3394E2EF8A38C90E265DF04EF77	BSU_13290	ykzD	BSU_13290	1,395,371  1,395,508
021A4E651903FFEFF8FDDB5AC4028ADBCFF05A0C	new_1923125_1923233	S663	new_1923125_1923233	1,923,125 → 1,923,233
02216407B5EDB98FAF611E22B2323C819B9D58BB	BSU_26330	yqdA	BSU_26330	2,698,316  2,698,456
0223C0E6F775D2D1963465DBCFA2D4EF20E30B87	new_2749037_2749259	S1013	new_2749037_2749259	2,749,037 → 2,749,259
02269068E6E4282A32BB5AE0FAE27F104202E5B5	BSU_19020	yobN	BSU_19020	2,074,439  2,075,779
022933D89666CDD2ACE39BCBB78D349BAF8E899B	BSU_10730	yisI	BSU_10730	1,150,850  1,151,020
023E4A5CEB174ABE3DA1334447A870156B8715AC	new_3208192_3208279_c	S1190	new_3208192_3208279_c	3,208,192 → 3,208,279
024C8AD63280696AA933581F55A6206E46B75A58	new_1192592_1192857	S398	new_1192592_1192857	1,192,592 → 1,192,857
0253D9B030630340551DC2D4F40B3B118DB0EC56	BSU_32790	yusG	BSU_32790	3,365,831  3,366,067
025BB89AF2AAAC5BCF780A7FE0E23042E85BB743	BSU_04020	yczH	BSU_04020	454,652  455,260
02628F274952F9AEEE9F2224B771A4CE4AAD1C8D	BSU_31740	pdeH	BSU_31740	3,258,037  3,259,266
0264C72F95D53F0211B52753DA37B4A8C0E982D2	BSU_14071	fadG	BSU_14071	1,479,137  1,480,867
028428CE456E283C065756878EA7C7DB495DD10D	BSU_28800	araA	BSU_28800	2,947,385  2,948,875
02927D2CC9F44B99DB307DDFED2DD52DE2196120	BSU_12220	yjiC	BSU_12220	1,292,557  1,293,735
029DF23D41268D846CA846B32EBBFEBD2B6792F0	BSU_03970	ycnL	BSU_03970	449,198  449,551
02AB87E514281E00FA23284BE1B92925A6CFD71E	new_3032765_3032908	S1130	new_3032765_3032908	3,032,765 → 3,032,908
02B7941734D400B6613FB604562EA2C391ADC60E	new_1150464_1151119	S381	new_1150464_1151119	1,150,464 → 1,151,119
02BA02D10DFB06E51101D8CF76BCF5BED94D7CA2	BSU_19360	odhB	BSU_19360	2,107,505  2,108,758
02C84C9A8C0008CC253CBF13584A4B5B2D2B510C	BSU_22070	xpt	BSU_22070	2,319,440 → 2,320,024
02EB2C0E78B78D3485DA560CDA3107044D1675BE	new_3794010_3794074_c	S1430	new_3794010_3794074_c	3,794,010 → 3,794,074
02F0893E814E00187D7B342990838EE5445CA78B	BSU_01170	rplD	BSU_01170	136,369  136,992
02F1C926D200DE85C93A0ACEF23AD25FBD12B0BD	BSU_23380	lysA	BSU_23380	2,436,947 → 2,438,266
02FAD7D3A73CC0462D0116F4E5BA9505CBF7FCDD	BSU_28930	lytS	BSU_28930	2,956,486  2,958,267
0311601A6499C5B5A84690242132AC4AC1D36B26	BSU_15069	ylzH	BSU_15069	1,575,051  1,575,236
031FDF8443A8A4D5B042B7591EBE2E6C74F07702	BSU_00950	mrnC	BSU_00950	114,854  115,285
032110CBA492D54F6494984323D12D719EAEAAD9	BSU_19030	yobO	BSU_19030	2,076,206  2,078,626
032269B31413ABEB2089496237123F6C728F016B	BSU_30350	yttB	BSU_30350	3,107,232  3,108,425
03274B80B2DFE0A2939981B0E0CB8C34A9B0B102	BSU_34910	hisD	BSU_34910	3,586,271  3,587,554
032BF9280D006DD6D7C7D07A983C95E1433AC88C	BSU_05610	vmlR	BSU_05610	604,736  606,379
033198A822B260AEEB27B3BD49D0AD395F1E8A2C	new_2079086_2079196	S728	new_2079086_2079196	2,079,086 → 2,079,196
0332BE782764D62048E0463105EB445492473B6A	new_2197860_2198069_c	S778	new_2197860_2198069_c	2,197,860 → 2,198,069
03335DC50CED7B38E2380640AE108ADA09A2CBDF	BSU_38140	qoxD	BSU_38140	3,914,315  3,914,689
0337C7B1CFA1C59710A7E6463A370F8C39AAC8EA	BSU_21750	sco	BSU_21750	2,291,703  2,292,284
035154A4160F084BA1CC124D0951937B203E167D	BSU_37070	rpmE	BSU_37070	3,803,081  3,803,281
03595BF6DB8AE79604A720A5BD85C0DB781EE306	BSU_17900	sirA	BSU_17900	1,922,017  1,922,463
035B5486A3887FC71ACC0A8FB43ED77DC44E12EA	BSU_00600	yabP	BSU_00600	68,216  68,518
0362D937D985846AEE4D0DEA57B62F915E8D35E5	BSU_07430	yfmL	BSU_07430	816,113  817,243
0383C8214ADE2FF70CFDB953A65648B37A9D3216	BSU_27710	tgt	BSU_27710	2,832,727  2,833,872
0387A059A5656E33B3AD618CB3D0205FA453AC10	new_3733736_3733966_c	S1396	new_3733736_3733966_c	3,733,736 → 3,733,966
03AEADB134F1CAD8BBB3E1F625D597EBA1FDA30B	BSU_08290	lnrJ	BSU_08290	903,811  905,013
03BA7AEE17739689D632A35D9C3329EA0982C98A	BSU_08930	cspR	BSU_08930	970,135  970,617
03BE6DA854612B3F6741E0E167AB310F0DE96285	BSU_08280	yfiI	BSU_08280	902,506  903,687
03BFD8AD2E3D95858752F46366F6C2028D709029	BSU_22400	dinG	BSU_22400	2,349,671  2,352,466
03DAF537379754763646AF3AF2AD811B107F5302	BSU_26320	yqaG	BSU_26320	2,697,673  2,698,242
03DBD906E31D6A8A4D14C9E2DACF0F1AB9F8DAA8	BSU_14280	moeA	BSU_14280	1,497,192  1,498,484
03E5E41FD7ADA4E9CB70E312FA5F163331C92695	BSU_14630	speA	BSU_14630	1,534,279 → 1,535,751
03E9C8A19BFDD90336F5B776613EEFDEE346A152	BSU_20170	yosC	BSU_20170	2,168,910  2,169,452
03EFF93C1B0CE075AE068ECC4EDE9BE5D03C857E	BSU_06620	ligA	BSU_06620	721,613  723,619
03FE63D6AAC77D6CEB052D0BF578ACD048C772FB	BSU_39050	katE	BSU_39050	4,008,143  4,010,203
0405FF18AEB2DC3632CFFF25E82EFA08D0A48F57	BSU_05390	ydfF	BSU_05390	585,868  586,548
040823BC3FB678F1FED25A72CFB6F6995A585020	BSU_25990	yqbS	BSU_25990	2,670,363  2,670,788
040EBEC149FDB6ED1587C2511765553AEF2D688C	new_1780399_1780532	S612	new_1780399_1780532	1,780,399 → 1,780,532
042BC2D388E7436255B7BE529ED397CF7BED7174	new_3255432_3256404	S1214	new_3255432_3256404	3,255,432 → 3,256,404
04376B3166B591132CE37D1DE85B0ECFEC6902EF	BSU_36200	ywqI	BSU_36200	3,727,427  3,727,687
044A0EBC8798B110E719B73664EB80F53112D8DE	BSU_39070	bglS	BSU_39070	4,011,842  4,012,570
0467447B10EE7C1FDF86022AB6FBDBABFD32A9E5	BSU_22660	trpC	BSU_22660	2,374,139 → 2,374,888
0472A4346ADA1DC41C9D00E8F3222A0EBB76DFA8	BSU_33610	rnr	BSU_33610	3,451,863  3,454,202
047CE33C0CC127DAD15D68D63843DF89F93ED3BF	BSU_35500	degS	BSU_35500	3,645,379  3,646,536
0481A9C134A6EEC6F111AD0C03E2E345D6A315A0	BSU_32730	metQ	BSU_32730	3,361,767  3,362,591
0484CACF575A986E137EDE187123406467AF4534	new_3762479_3762776_c	S1409	new_3762479_3762776_c	3,762,479 → 3,762,776
048A475CBFF4648EF1CE7962F479BB077D3B7659	new_4215473_4215670	S1583	new_4215473_4215670	4,215,473 → 4,215,670
049B1EBF64F0EBC04CE6D529C8EDB0B6B2184DF5	BSU_35440	yvyF	BSU_35440	3,640,632  3,641,051
04C5876C267D77E59F57A3E7EA19C36FD35A03EF	BSU_36990	ywkF	BSU_36990	3,795,870  3,796,157
04CACAF4F786090AB67D7C606C944F07B7A7FE55	BSU_09620	yhdW	BSU_09620	1,037,688  1,038,419
04D9D70C0BCFDCBD00B5156908C348135080A9C2	BSU_35450	comFC	BSU_35450	3,641,125  3,641,814
04DC792180FDC5E7916F2DBB2EC2C34369202FE0	BSU_11870	metI	BSU_11870	1,258,492 → 1,259,613
04F12BE4CA412CBEBED84362A1D802AF47071BA5	BSU_06269	ydzJ	BSU_06269	680,907  681,065
04F760C6DA2BCDF141AC0DE8B04C8E784045672A	BSU_misc_RNA_12	BSU_misc_RNA_12	BSU_misc_RNA_12	1,180,685  1,180,802
04FE8A07424F1FEFA7611BA4421087ED42E2D460	BSU_06550	yecA	BSU_06550	712,019  713,293
050209224685B32D05A7726857729F64CA96C36E	BSU_misc_RNA_48	BSU_misc_RNA_48	BSU_misc_RNA_48	2,961,232  2,961,479
050A2F1399C2B0831A24623867875BFEBD02AA71	BSU_38180	ywzA	BSU_38180	3,918,777  3,919,022
051D9BCC0CB05E39ED5825BB9BA77B8228EA055D	BSU_31630	mrpD	BSU_31630	3,249,761  3,251,242
0520B566411FFDEC1FE3BD290E6E39CEE284CBDA	new_1211372_1211476	S403	new_1211372_1211476	1,211,372 → 1,211,476
052BD59112DBE2F1DAC9DA5A7B0EA8DAF8D6FC47	BSU_04650	ndoAI	BSU_04650	518,657  518,938
05392BB2C32B0405799D4F34E5BA55FC936AB943	BSU_08020	yfjO	BSU_08020	873,402  874,802
054C80C9D8AE384734685C3C4FB448CCF96C85A9	new_4125593_4125741_c	S1543	new_4125593_4125741_c	4,125,593 → 4,125,741
056C74742183FBC89783E0048A6D8529E1824FB0	new_649718_649826	S207	new_649718_649826	649,718 → 649,826
056F20E9D11BFB7A7EB15281902E8A8870BC6CFF	BSU_03789	yczN	BSU_03789	430,356  430,469
05723A730E81A8D173761D9B8DA1D58816D8F92E	new_3529856_3529913_c	S1313	new_3529856_3529913_c	3,529,856 → 3,529,913
05752B9C4EA7ACD579D65D028B7DF1861F3840CB	BSU_11460	oppD	BSU_11460	1,223,455  1,224,531
057BFF91609C918CEE4E6FF9100A1E4959BF6715	BSU_22590	ypiA	BSU_22590	2,366,347  2,367,618
05851893F2E94D0C6B48BDDEDBE5DBD95B22222D	new_1915794_1916005_c	S656	new_1915794_1916005_c	1,915,794 → 1,916,005
05910B4500420D4DB75DAD3A7A2358C360FF2154	BSU_04110	lipC	BSU_04110	462,431  463,072
059170932FC73C6609D04318CD456F056311DDEC	new_3809980_3810619_c	S1440	new_3809980_3810619_c	3,809,980 → 3,810,619
059CD6A3B611F35130F3C766D1295BE17A1D9884	new_3741593_3741676	S1400	new_3741593_3741676	3,741,593 → 3,741,676
05A23F4611674B0092262DEC309F7AD6B9B5BE30	BSU_05240	ydeL	BSU_05240	571,389  572,780
05BFEA711D82395A55B505E5A38286BE2F570350	BSU_30280	melD	BSU_30280	3,099,123  3,100,034
05D30C5B2681B63CFCC6CAA2C20C501A3C038B32	new_252315_252458	S89	new_252315_252458	252,315 → 252,458
05E617CEA151C91AC43722F6BF547902B6E26E99	BSU_rRNA_8	rrnJ-5S	BSU_rRNA_8	
06033A917138639CF9141F6BBA59B712A4E20C87	new_3744236_3744320_c	S1401	new_3744236_3744320_c	3,744,236 → 3,744,320
06165870CB68E9C2F1546943CEA668C7790A9647	BSU_22230	ptsA	BSU_22230	2,336,933  2,337,439
062AE5FB4C778178A7F6833CB8BD9D631E461E89	BSU_12930	dppB	BSU_12930	1,361,242  1,362,168
0643618A98F6CCFB4D942DD7E72AAC421289A138	new_4039160_4039225_c	S1515	new_4039160_4039225_c	4,039,160 → 4,039,225
0649520164CCC6120C40CE15EF08994BE0E79A25	BSU_39950	yxaJ	BSU_39950	4,103,762 → 4,104,187
064AE8CE6D52E35582F90654AA9548963573C05C	BSU_09210	yhcT	BSU_09210	995,624  996,532
0650C9EAB395EB6ABDADBE72F0DA9F8E5E606B0E	BSU_38390	ywbA	BSU_38390	3,938,307  3,939,641
0663D31C1487B2214CF4543E71A15E4A4E318746	new_2780331_2780484_c	S1029	new_2780331_2780484_c	2,780,331 → 2,780,484
0678357183072D2716B913C07103CEBF65E60D14	BSU_13270	ykoI	BSU_13270	1,394,004  1,394,684
06971E9AAB033E2878914A76645F99E97CE8A90A	BSU_15730	fmt	BSU_15730	1,646,999  1,647,952
06CC915A18E5ADD42B784B7BBBFD4C344559A34E	BSU_26510	yrkH	BSU_26510	2,711,109  2,712,242
06D2D03C65D50E3909B2C93835193815B6016967	BSU_40390	walH	BSU_40390	4,150,496  4,151,863
06F254B9260946871AF2C224E62E7E2F9662817C	new_2225995_2226059	S800	new_2225995_2226059	2,225,995 → 2,226,059
06FEA5F205B40DD5CF8D9F1328E940D4543F4741	new_3631609_3631729_c	S1350	new_3631609_3631729_c	3,631,609 → 3,631,729
0703D458DB489F49150DD9E3477A87DC354A7B7F	BSU_14720	ylaB	BSU_14720	1,543,816  1,544,085
0732C7B9A9BA370DDB138EE94EE4B767670B447A	new_2529726_2529888_c	S918	new_2529726_2529888_c	2,529,726 → 2,529,888
073D63E17C8248BE39F331FDE9902E21A34056D5	BSU_33760	sdpB	BSU_33760	3,464,762  3,465,733
07498A0A3CB598A6E388540124A4F56E781C86FA	BSU_32830	fadA	BSU_32830	3,368,839  3,370,014
07508776A98B3B77CFBBBF4AAF8155F72488ED3B	new_1229759_1229848	S412	new_1229759_1229848	1,229,759 → 1,229,848
0757FAEB38AA1C599C5067794AF83A4BA5912DC9	BSU_39810	csbC	BSU_39810	4,088,002  4,089,387
075A18CAAB8D4261F8DDC22977F24D0926AE4091	new_3774188_3774399_c	S1418	new_3774188_3774399_c	3,774,188 → 3,774,399
076343A6A45A51434D3CF9C938800B2CE7898045	BSU_32040	yuiF	BSU_32040	3,294,942  3,296,270
07752EC6940F43DEBD1E9313A2A195E35EDB9F69	BSU_37240	ywiE	BSU_37240	3,821,570  3,823,072
077C7EA88C1CFE33B9B3109EF23E1532711C8648	BSU_misc_RNA_61	mswI		
07813844C05DB8670B810251979782094D184549	BSU_02070	csgA	BSU_02070	228,066  228,314
07829C480D54CD9809187965F3926ACC18079590	new_3451771_3451862_c	S1287	new_3451771_3451862_c	3,451,771 → 3,451,862
07858BFC72EB0B6AF615C8D4C8BCC162D8C3E7D2	BSU_08320	lnrM	BSU_08320	906,764  907,954
0785B4C70C3DD00EFB8BCDD91EF4F98EF4372186	BSU_17280	ymaD	BSU_17280	1,864,225  1,864,677
078E14DDFDFC77A54F35D978615173884BCA6971	new_1168918_1169042	S393	new_1168918_1169042	1,168,918 → 1,169,042
07A30814F57112196051289AA309AE6DB22CAEFF	BSU_05600	ydgE	BSU_05600	604,103  604,576
07A53089107037359C428549FF877638B90CF074	BSU_13520	ykrP	BSU_13520	1,417,938  1,418,960
07ABC6A548F1186B67B58C0E14915AC3FE94882E	BSU_11120	yitT	BSU_11120	1,188,689  1,189,531
07B66216EF82359D00CA26D24244D6974F2F7DC1	new_2552307_2552445	S924	new_2552307_2552445	2,552,307 → 2,552,445
07B6C61C4348AFA27A9FE15D5EEE4E1597345134	BSU_07410	yfmN	BSU_07410	814,109  814,264
07C35D58F6AF97F8E6BB75CF8E8B811BAFAB201B	BSU_33250	rsiO	BSU_33250	3,411,684  3,412,094
07DDC0BED23B30D0BF9273508C62B94D924468F6	BSU_32630	yurR	BSU_32630	3,352,789  3,353,907
07DFF7D7BE1BACFB148F600400BDE5933BF1DD07	BSU_27490	yrrB	BSU_27490	2,808,707  2,809,327
07E0B0E9D90165F3D7DDD5FB82822A4EE85F1D6E	new_1386984_1387035_c	S472	new_1386984_1387035_c	1,386,984 → 1,387,035
07E876715DCF551B8BDB6AA5D33C700696B4E730	BSU_10750	yisK	BSU_10750	1,152,244  1,153,149
081DF3EE9FA56209D648C7677188C61CE3AA8E41	BSU_09520	sigM	BSU_09520	1,029,577  1,030,068
081EA0CBCDA7ECDE8D128DD091C132BB194D19EB	BSU_15260	ylxX	BSU_15260	1,595,210  1,595,917
08277404EB118F316CF42BD9FED883ADA098AA42	BSU_39600	yxeC	BSU_39600	4,066,607  4,067,005
082D2012ABE3671F62211F77ED501849BF77B4EF	BSU_11382	appA/2	BSU_11382	1,214,001  1,215,167
08314FA6195D553B8522BCD3B45FEE0EAB51F64D	BSU_00250	xpaC	BSU_00250	35,845  36,459
0833682247D8664AA34C659542FD34AC19B05A39	new_1454806_1455063	S504	new_1454806_1455063	1,454,806 → 1,455,063
0847C8836F9D58BD150E97374B6D16FE0D08C9CE	BSU_misc_RNA_79	surC	BSU_misc_RNA_79	2,625,952 → 2,626,042
088401AD912DE69236C61D1866ED035722B75EEB	new_1072963_1073105_c	S351	new_1072963_1073105_c	1,072,963 → 1,073,105
08966D49C7DB1E508C8D89CC728608F724C162BF	BSU_21190	yomX	BSU_21190	2,238,436  2,239,086
0896A783CEA888829BEF971733E5B0C00F7D14F1	BSU_misc_RNA_20	BSU_misc_RNA_20	BSU_misc_RNA_20	1,424,527  1,424,683
089A32D08B5A7E552CBD9CB9745BD542863B4558	BSU_30180	ytbQ	BSU_30180	3,088,388  3,089,149
08A37F0C870670C957F03367616B50F872A74FE5	new_3574321_3577707	S1326	new_3574321_3577707	3,574,321 → 3,577,707
08B733574DC7B8D044033EBB94124D470A0FBE19	BSU_20040	yosP	BSU_20040	2,159,981  2,161,778
08BDF5072B81EBFF1230DC620ADDD440B2289004	BSU_25569	yqzM	BSU_25569	2,637,369  2,637,503
08CA7170DDEC6C7EECBD3790367DDB9875DA1014	BSU_39150	yxiJ	BSU_39150	4,019,625  4,019,921
08CFA2C72931A75532D4289BC1D18A826DE9F9CA	BSU_10420	comK	BSU_10420	1,117,109  1,117,687
08D4DB731DCEA99C9AC2BC79DCB8030E66A9B3BD	new_3471824_3472588	S1299	new_3471824_3472588	3,471,824 → 3,472,588
08DD90282C9A384AB7A591C8081F5BFA544F7B96	new_2713803_2713911_c	S993	new_2713803_2713911_c	2,713,803 → 2,713,911
08EAC004DF9F0D6CE2E137FBAAE87333C2CC323A	new_1538693_1539646	S537	new_1538693_1539646	1,538,693 → 1,539,646
08EBBA57B807F8C27C37BEB275DF5E206935C698	BSU_23616	mciZ	BSU_23616	2,459,114 → 2,459,288
08F1D9AD2D51D8513AFFA57E8ED69DB8EF97AD88	BSU_25160	ispH	BSU_25160	2,596,535  2,597,479
08F24CA21DC54031F6158AC0C772F3B520E5A849	BSU_30390	bceS	BSU_30390	3,112,190  3,113,194
08F32330B66E940CCD3DA549CE0320BDE2906C32	new_45224_45399_c	S23	new_45224_45399_c	45,224 → 45,399
08F907C6F47BDEB4DC9A9F136CDC6A4063AC0140	BSU_22390	ypmA	BSU_22390	2,349,358  2,349,528
0903CCBE053230998A9123F3269868E952C0F76B	BSU_39750	iolB	BSU_39750	4,082,030  4,082,845
090A1750AD4B2E086C3303016995B211497DF487	BSU_04745	BSU_04745		
091A36643612980FD1625EFC786573FD9A3D02B2	new_1071709_1071971_c	S348	new_1071709_1071971_c	1,071,709 → 1,071,971
09239017104646600FA614717E54BAFB2A353820	new_1744297_1744366	S598	new_1744297_1744366	1,744,297 → 1,744,366
0927C7D45721F47F5ED2646CAAC324A308FD7724	BSU_23780	yqjQ	BSU_23780	2,471,002  2,471,781
0929B114DE4959A98FFF96079600844C8D63C809	new_2897341_2897467_c	S1072	new_2897341_2897467_c	2,897,341 → 2,897,467
0932DDC285635C02067A3302CEDA302FE4269179	BSU_14150	ykuN	BSU_14150	1,487,038  1,487,514
09343BE8357AB24C79B69816FAE65D161E668F01	BSU_21990	ypdQ	BSU_21990	2,310,419  2,310,817
093960C48AD50C0D0B3A68BBFE7D060BE716935D	BSU_16520	frr	BSU_16520	1,720,526  1,721,083
094AE3AC8DFAFC8048ADAAB34F76DF2562D80CE7	BSU_14000	patA	BSU_14000	1,471,857  1,473,038
0958E85520014A22327D5972D927D53A33C81E36	BSU_27809	yrzT	BSU_27809	2,841,307  2,841,447
095DAEED5F22A3BC46614C16CC907A2DB9E32C6E	BSU_36710	fdhD	BSU_36710	3,773,366  3,774,154
096065A2720AD9F185D6E4A40DE196B1F9AF6DE9	BSU_26450	yrkN	BSU_26450	2,707,127  2,707,684
0960F1856A81237DBA6AF1FAF36172A63ECBE2D5	BSU_27020	yraA	BSU_27020	2,757,492  2,758,001
097089226CC47D384C43E985A383B4B973443D31	new_1884880_1884967	S629	new_1884880_1884967	1,884,880 → 1,884,967
097C817A5A3E31F73F6ABC4AA95852A64E43A057	BSU_misc_RNA_2	scr	BSU_misc_RNA_2	26,533 → 26,635
098F3D9EB9A30575E2393F7F335E4ADD8D028C2A	BSU_25090	yqfW	BSU_25090	2,590,804  2,591,385
09B082BF39703F0D9A5980E643175DBD59F5B228	BSU_24630	sipW	BSU_24630	2,553,930  2,554,502
09BE19C89682E34FB94B9759C4A6330B97C4C666	BSU_tRNA_34	trnD-Asp	BSU_tRNA_34	
09BE7902B93B39F43922B582058EF753FD4D4F91	new_3463734_3464253_c	S1292	new_3463734_3464253_c	3,463,734 → 3,464,253
09C9CDA3EA23B751C7135DEDF0FE2563BA69FF1D	BSU_17330	miaA	BSU_17330	1,866,389  1,867,333
09D56215645F3E13803704F96FC6AD3FAAD58EF4	BSU_08380	yfiS	BSU_08380	912,547  913,800
09E9194E82DF199527F414DB0EC15547A71AD25E	BSU_37030	racA	BSU_37030	3,798,789  3,799,343
0A22E800FDA4104564F365067F7A74BD2B97867A	new_2198766_2198847_c	S779	new_2198766_2198847_c	2,198,766 → 2,198,847
0A244A61A9A484F0BF083C918AE5A2C6A3F8157E	BSU_32660	glxB	BSU_32660	3,354,551  3,354,934
0A27FD711EB92F07554377A20A605801872D9158	new_3194349_3194635	S1188	new_3194349_3194635	3,194,349 → 3,194,635
0A33869E05CC9B49699555EA19D0905A55CA35B9	BSU_19680	yozE	BSU_19680	2,138,868  2,139,092
0A38B2E900532C9950DE6E629F5EB21D64E18B55	BSU_31860	yueB	BSU_31860	3,266,687  3,269,917
0A5574D69D3FE547F66B3C634136A5E753C2660A	BSU_18860	yozH	BSU_18860	2,056,650  2,057,006
0A621182C7AD39530BE6F2A63560FB9CBAA9C754	BSU_36740	ywmC	BSU_36740	3,775,653  3,776,336
0A7FF3E2747598AE0EE39183E8827879C4B11A80	BSU_07120	lplC	BSU_07120	782,062  782,949
0A82C3EA5CDB531623B8AE2E0811449E88194725	BSU_21925	BSU_21925		
0A8708D9958E3B051B776E592337C4BC46CE5EAE	new_3316213_3316329_c	S1246	new_3316213_3316329_c	3,316,213 → 3,316,329
0A90BBCBD84243A38D80DBD0FBB78CFE05B42D35	new_2563803_2563987_c	S928	new_2563803_2563987_c	2,563,803 → 2,563,987
0A9352AB10C7DC06BF477EBE384D6E21D920AAC8	BSU_07900	yfkH	BSU_07900	862,836  863,663
0A95B034DEB433B0966A93B329F43BB993D90556	new_516099_516240	S162	new_516099_516240	516,099 → 516,240
0A9884BA6769EF2B4980F161964D5FF5E3D120A7	new_1549384_1549464	S538	new_1549384_1549464	1,549,384 → 1,549,464
0A9C77804C09CD5E7D1D5D274E01B5B14920A1A9	BSU_38720	yxkO	BSU_38720	3,972,448  3,973,278
0A9FF5A66F73464A780914A1424979CE753B3D9C	BSU_15200	murD	BSU_15200	1,588,901  1,590,256
0AAA74EDDA24372D063F113CB33822FB3F3E5B5C	new_2432160_2433082	S882	new_2432160_2433082	2,432,160 → 2,433,082
0AAAD546025F954C6F5837EE3AE1DD38235435ED	new_3016299_3016403_c	S1119	new_3016299_3016403_c	3,016,299 → 3,016,403
0AB1FB44E8F28944B82B5EF14A9CDCFEE46DB76B	BSU_16010	ylqD	BSU_16010	1,674,259  1,674,645
0ABAEC20F55970C7C1EC5FFE197115E401BF03E8	BSU_28640	pheS	BSU_28640	2,929,438 2,930,472
0ACE023DCD6A6BB5A1827D1D997BDFAC3B168C51	BSU_15800	yloS	BSU_15800	1,654,730  1,655,374
0AD208CFDA10F7BED022583C8448EFA7E37B9E33	BSU_02220	ybfI	BSU_02220	242,834  243,661
0AD75864794E597AA9160969ADE6FE0C7ED07B9F	BSU_24190	yqiI	BSU_24190	2,514,979  2,515,599
0AE70231E2750C13888CF7C9F4C7CBD351A76281	new_2798008_2799197	S1038	new_2798008_2799197	2,798,008 → 2,799,197
0AE8109ED8CC0F4D778E2FC4FF5BE440FCD2DCD8	BSU_11810	spoVIF	BSU_11810	1,253,385  1,253,639
0AF09652E1D13C82A4F296EA99132491FF55F45D	BSU_22980	ypbG	BSU_22980	2,404,249  2,405,028
0AF4BC857AA61B3DB2D9B747CEB4457E205417F6	new_3463251_3463318_c	S1291	new_3463251_3463318_c	3,463,251 → 3,463,318
0AF65395B19F21664665F30CCBCEC72801495C45	new_3622139_3622219_c	S1346	new_3622139_3622219_c	3,622,139 → 3,622,219
0AFCE5C602B073B29DB15DB3CDD153E05E3D02BD	BSU_37090	glpX	BSU_37090	3,805,090  3,806,055
0AFFB4B715CCE6B1C53BBB7F890EFB3126CB466E	BSU_30050	murJ	BSU_30050	3,073,531  3,075,165
0B11FACEB5E96D166AC1EA0E32C68FCDAF8327E4	BSU_06990	rhiG	BSU_06990	763,875  764,765
0B1F43F43A4DC1574A153DBFBAA5D0A1855F9B61	BSU_01700	murQ	BSU_01700	192,051  192,965
0B1F5A160ADFF3EA904122A7E43E13C5828B31BE	BSU_11530	coiA	BSU_11530	1,229,915  1,231,036
0B299F9459023306FA91298A6162A09E4A87C3B2	BSU_13840	stoA	BSU_13840	1,450,638  1,451,135
0B39C2E5BCEC9814521939C438F84FA14630A052	new_235329_235401_c	S82	new_235329_235401_c	235,329 → 235,401
0B538E6A7DEA7BE68B3F5CD1238105DAE493559F	BSU_08560	yfhJ	BSU_08560	928,389  928,658
0B5A1E73710CF6A158925CC51E170BA7BEF3B495	BSU_25820	yqcI	BSU_25820	2,658,006  2,658,770
0B5E910DC94463E34ABD393E3A8F20191E4A38B2	BSU_33920	tpi	BSU_33920	3,479,405  3,480,166
0B7A2B5FBA99C052742EC65AE3C69521142084AF	BSU_26020	yqbP	BSU_26020	2,672,054  2,672,713
0B7BA5569183DDB616B5AA85431AAB7B64C75097	new_3860876_3860997_c	S1456	new_3860876_3860997_c	3,860,876 → 3,860,997
0B8381D2C724DAA724E4AFC67000F12AD112D13D	BSU_04700	rsbU	BSU_04700	521,019  522,026
0B97EA2CAE873DB4BC541FB87FC784C88B4DC5C3	BSU_32640	sspG	BSU_32640	3,354,066  3,354,212
0B98DE9CE2D98FFDE9F6EEB4E94FA1E5204BD48D	BSU_10300	aprE	BSU_10300	1,104,423  1,105,568
0BA7EC658F5C2397A90B68AC234D04966966561C	BSU_06600	pcrB	BSU_06600	718,622  719,308
0BB235F189D30C9BE798560C31DA59FF0112CFD9	BSU_31560	nupP	BSU_31560	3,242,610  3,243,656
0BC657B63EE124B17FDA7914262E706B2CC9ABC1	BSU_24940	sweC	BSU_24940	2,576,717  2,577,181
0BD2119F54D6EE395F73A4A3099806080CB749B7	new_3466157_3466342_c	S1296	new_3466157_3466342_c	3,466,157 → 3,466,342
0BD5243F6F08C2A05B0BE485CD23248DD33303B2	new_52649_52719	S29	new_52649_52719	52,649 → 52,719
0BF8AD1ACD0BBA6913636081B41E6D04D16D1BA2	BSU_12671	xkdN	BSU_12671	1,334,339  1,334,785
0BF97861B52722347C4BBE533E574CF548A8283E	BSU_19650	pgpB	BSU_19650	2,136,913  2,137,524
0BFE2B9F155C828970E028438182F83FDEA08D7D	BSU_21090	yonH	BSU_21090	2,229,385  2,229,885
0C0729B381ED7A2144D6777CA88EF512C7E7367B	BSU_21140	yonC	BSU_21140	2,235,694  2,236,230
0C0F026548FEE0EC8D3DF80852248F41D88A4D62	BSU_misc_RNA_39	BSU_misc_RNA_39	BSU_misc_RNA_39	2,608,732  2,608,906
0C2CD998B933D7458DBC4E80A596801274AC43F9	BSU_05580	ydgC	BSU_05580	603,012  603,599
0C2EB304695E34E85C2D7778F8DD378661701B83	new_2840767_2840964_c	pipA	new_2840767_2840964_c	2,840,767 → 2,840,964
0C40455EB53D25363FC3EB0E84502A76520F5F91	BSU_34780	nahA	BSU_34780	3,572,413  3,572,889
0C4F0C9EF18FB4E9BB5BC3F53F7DDF5F32B51FA5	BSU_06170	fruC	BSU_06170	670,087  671,049
0C76CAE27ACEBC0FF6B864B9F8C7D3C41C8D2A24	BSU_15060	tmcAL	BSU_15060	1,573,807  1,575,054
0C817834444B2D733B0E1647EA397F2D4737D8DE	new_925460_925632	S288	new_925460_925632	925,460 → 925,632
0C8D7EAC2656E989E45B5B7E42FAA6D258956B56	BSU_35020	nagB	BSU_35020	3,596,543  3,597,271
0C8E5DFD40F4B2EB540199DFB2520E3FBC878530	BSU_31330	yugN	BSU_31330	3,219,837  3,220,241
0CA55371306D4BD768CFA82027DCB4D581BCCB87	BSU_18380	iseA	BSU_18380	2,002,637  2,003,182
0CC562884650F322298BEA28C889E2ABCB01AFDE	BSU_01290	rpsN	BSU_01290	141,757  141,942
0CEC7E285E6FC7796EEA3535F48C3420E1399E6B	BSU_11180	yitZ	BSU_11180	1,194,333  1,194,827
0CEE58D799AF41634D161DBDF3D67EEFFF1C861E	BSU_35239	swrAA/2	BSU_35239	3,621,931  3,622,047
0D0B4BD9DFD48194E165760D7F993B15AECC5692	new_2596439_2596534	S945	new_2596439_2596534	2,596,439 → 2,596,534
0D139C010A3901B64B39F5D64B8205D9F03A9BD8	new_238449_238569_c	S84	new_238449_238569_c	238,449 → 238,569
0D210B61B8F58DA21D97CFDE441501E31AB50D00	BSU_01440	rplQ	BSU_01440	149,953  150,315
0D24AB8D446CFFBC6DEAD3C10D1FA59551545FE8	BSU_34230	epsN	BSU_34230	3,515,062  3,516,228
0D284DED495D557A2B458790C7BBDA9549965318	new_593206_593301_c	S188	new_593206_593301_c	593,206 → 593,301
0D389FF3FCAE4028EE7A29C68193AA1528619EA9	new_2070120_2070243_c	S719	new_2070120_2070243_c	2,070,120 → 2,070,243
0D4A4A1B2FD9D0698D0A65010A8ABC84DA7386A2	BSU_16070	ylqG	BSU_16070	1,678,250  1,679,980
0D4C158EB6EEBD82A68EB8C34512F883DBE84BC9	new_3707708_3707818	S1383	new_3707708_3707818	3,707,708 → 3,707,818
0D4D200095AD4F9B30179B9AF500306EDA61F5D1	BSU_31990	dhbC	BSU_31990	3,290,289  3,291,485
0D555F2AB7DC863E6FF388888308E980514DB719	BSU_35080	pchR	BSU_35080	3,604,993  3,605,502
0D56AC7077B3CEFB5DD01C6EE1D0742A99FA93DD	BSU_17267	ymzE/2	BSU_17267	1,862,992  1,863,168
0D5BC94E21D51373A50D61CE3D0895B3DB28F6B3	BSU_24950	pstBB	BSU_24950	2,577,210  2,577,992
0D5CC0F448C940F6D38959A641DD66C09A5650C5	new_3809370_3809496_c	S1439	new_3809370_3809496_c	3,809,370 → 3,809,496
0D6A2FDA789DDABD42D27DB38D8F0A4E515241A7	new_1008553_1008622	S324	new_1008553_1008622	1,008,553 → 1,008,622
0D6CB84E74C32B0384BDC7740AA317EDEC5D60B6	BSU_11420	trpS	BSU_11420	1,218,113  1,219,105
0D7F5504590512E1598B94DC1734BF8FF67ED994	BSU_15090	gerR	BSU_15090	1,576,129  1,576,710
0D8B3F1F86FDBAE0F3B3651F456340F147B394AF	BSU_06020	groES	BSU_06020	649,903 650,187
0D8EBC9AFD8852CC893C2E41B29F36C6366F8C01	new_2309648_2309785_c	S830	new_2309648_2309785_c	2,309,648 → 2,309,785
0D985C644DD687C8D1A9676DB4E2E04098BFD2AA	new_196132_196212	S68	new_196132_196212	196,132 → 196,212
0D99D9ECB3BCD6E3F58F8CE8E8CC5AF718C1ECD8	BSU_26990	yraD	BSU_26990	2,754,820  2,755,119
0DA340B3D23B63C6BD284BF86409558A31B12B53	BSU_00150	dgk	BSU_00150	23,146  23,769
0DA73E4D1935F6A91BE251EF2704A11DE5D81174	BSU_06430	purK	BSU_06430	699,093  700,235
0DAFBDDC5E41592D06F97D404E75AF14B6783729	BSU_39290	yxxD	BSU_39290	4,036,344  4,036,787
0DB03F47C7AA45BF52653B1C0B2C5025960C53D7	BSU_02700	lip	BSU_02700	292,205  292,843
0DB2CAEC7B529A3C4369134F086AED16B9963608	BSU_28890	yscB	BSU_28890	2,953,795  2,954,460
0DD474462720CAEE2AE17017BD7CA385238EBC6F	BSU_39840	yxbG	BSU_39840	4,091,845  4,092,666
0DE66A10D9475DC57A140561E8532D3EC038FD6F	BSU_29290	sndA	BSU_29290	2,999,717  3,000,967
0DF27BEAF763545258CE7DD56F65CD5BF74DD887	BSU_22170	ypsC	BSU_22170	2,330,075  2,331,232
0DF528188A2C588F44EDDFA3BA9D955181BE324E	new_3294170_3294254_c	S1231	new_3294170_3294254_c	3,294,170 → 3,294,254
0DFC34314EC0AAFF3675D163D62305DE1EF9586E	new_2605598_2605729_c	S955	new_2605598_2605729_c	2,605,598 → 2,605,729
0E157A8A6BA9B7737D706563A7E98C86624E89B9	BSU_20960	yopA	BSU_20960	2,215,460  2,216,776
0E1FAF4B3A967CC3882B3DDB3CA2D01FD70A0F7E	BSU_28440	sdhA	BSU_28440	2,906,335  2,908,095
0E26ABC2C3074679EB611756665D52129D069C14	new_3965134_3966683_c	S1482	new_3965134_3966683_c	3,965,134 → 3,966,683
0E2B1914A040666BAF042C0BE3F468144E1F1E06	BSU_33540	azoR2	BSU_33540	3,445,442  3,446,077
0E2B9FEB71D6EF351E50AC16A0379BE22573B1AE	new_3608843_3609333_c	S1340	new_3608843_3609333_c	3,608,843 → 3,609,333
0E38D3AC73443D15DD3CA205E9F8E44E8793E841	new_4167624_4168153	S1562	new_4167624_4168153	4,167,624 → 4,168,153
0E4B6D1F690296E25334D8EC87FF4ED539F18EB7	new_3388009_3388287_c	S1272	new_3388009_3388287_c	3,388,009 → 3,388,287
0E4CB387626F53E5F60C7639D525B57D50C65C03	BSU_01100	rpsL	BSU_01100	129,702  130,118
0E5315E07141A4D7BB43E82ACAF163639CBD970F	BSU_06000	ydiK	BSU_06000	648,742  648,933
0E6564B1B910694F28FD6EF5231E6F6A0E4BE545	BSU_07440	yfmK	BSU_07440	817,311  817,757
0E68F8394987F856F4DFF871A8AB31F8D2969F8F	BSU_37570	mmr	BSU_37570	3,857,017  3,858,417
0E73F4BA8D15F7BBC8F4EC067DD6CFB4DDBA35A6	new_756987_757065	S246	new_756987_757065	756,987 → 757,065
0E91E6DA0A47F9AAFF81598A0AE75B92A49D261D	new_3907315_3907453_c	S1467	new_3907315_3907453_c	3,907,315 → 3,907,453
0E9E9615CE056BEA2B65C494D946EB45F42A3064	BSU_25300	cdd	BSU_25300	2,610,927  2,611,337
0EA09C351B612320A560BF1E0B0188D94D2F8A05	BSU_06700	yerO	BSU_06700	731,954  732,823
0EB1B913FE0F524F179221ECDCEDC479B6836179	new_676139_676441	S222	new_676139_676441	676,139 → 676,441
0EB4C6EE398B14B9284FFAEDBC26C866CE2070D7	BSU_28250	leuD	BSU_28250	2,888,940  2,889,539
0EB4D3E1B9AF39ECCBD79EB559FAE5BB0EE4C156	BSU_08690	ygaD	BSU_08690	939,322  941,091
0EBFE35E805D560C1730DABFD0F015FFD682DDDE	BSU_misc_RNA_91	pswI		
0ECED1CD9E70B9E25188B9F1A07B83C69C3FE425	new_2987548_2987649_c	S1104	new_2987548_2987649_c	2,987,548 → 2,987,649
0EEE23875DB720D256D53F00D1AD5EF24B538B27	BSU_37730	bacB	BSU_37730	3,872,869  3,873,576
0F0301E006B131C3C178292B2146754C7F0ECB3C	BSU_rRNA_29	rrnH-23S	BSU_rRNA_29	
0F153803781C9AC8321FB14F926B645C45E53B00	BSU_15110	panE	BSU_15110	1,577,409  1,578,305
0F202BE8ED62BF5A51BF0A7DFAA5E2DB3D44065E	BSU_25740	yqeB	BSU_25740	2,651,632 → 2,652,354
0F2A90937DC6833FD5D3ABCC96065AD438A2A34B	BSU_18909	yozZ	BSU_18909	2,061,855  2,061,995
0F3DA3A773B53ECBAAEB571FD566726C9A75A7B4	BSU_32390	yunF	BSU_32390	3,325,917  3,326,765
0F40291BB10DB6D7DFD94B9C7D700F4410C4EE69	BSU_32270	yutH	BSU_32270	3,316,330  3,317,349
0F5FC1C76E3F045DA7C591993152A61B7C160C71	new_2333212_2333323_c	S840	new_2333212_2333323_c	2,333,212 → 2,333,323
0F65F634368E935585FC015BA64085F3A2244F9B	BSU_33200	yvrE	BSU_33200	3,405,664  3,406,542
0F8048267EC038D8CF673317D969BA27735473A7	BSU_33270	yvrO	BSU_33270	3,413,350  3,414,039
0F89D0B03F54B283CDD99A940D43C18E6B5703BB	BSU_21930	cspD	BSU_21930	2,307,905 2,308,105
0F8A564256A598DB3A36668FA0C984542FE1323F	BSU_01810	adaA	BSU_01810	203,729  204,364
0F9B77CE6C662D2F249C7E33E5C553A74C390259	BSU_22150	ypvA	BSU_22150	2,327,488  2,329,413
0FA05AA90514C052CC8D845024410650BB407474	new_2795736_2795840_c	S1037	new_2795736_2795840_c	2,795,736 → 2,795,840
0FA18F8D95B93C91B239FA07842E324E7C9175E1	new_1253253_1253384	S424	new_1253253_1253384	1,253,253 → 1,253,384
0FA2855B04F4977D55FF7BE59E34E4994D0C38F9	BSU_08400	yfiU	BSU_08400	914,457  916,013
0FB8D27A7A3D402B0DEDE44998E2A4CCE5C0CB7B	new_2169677_2170029_c	S770	new_2169677_2170029_c	2,169,677 → 2,170,029
0FBE3F7ECACA7FCFAA4EE32E9B2BB35F0B793C0F	BSU_19410	cwlS	BSU_19410	2,115,425  2,116,669
0FD332269D2D6103E57ACE719E39977C68E38F0A	BSU_33190	yvrD	BSU_33190	3,404,835  3,405,626
0FF858E44B3C557EE2C8B3749A458F152E1C535C	BSU_11200	argJ	BSU_11200	1,196,091  1,197,311
1007EA15FB7AF81A44400287DB68BCC497158ACF	BSU_01000	secE	BSU_01000	117,532  117,711
1010B1028A9A5F234C33474C7BC23C9BD2ABF3C4	BSU_13960	ykwC	BSU_13960	1,465,733 1,466,599
101598AC8D00A2CE9BD4D9B66D00CA9B19147FCB	BSU_tRNA_68	trnB-Gly2	BSU_tRNA_68	
1016C83A269AF52F8EE29935D911C0C968FDA603	BSU_13545	BSU_13545		
1023D2FAFD6433C8D0F6DA91A56AFFED801D5596	new_2586704_2586996_c	S937	new_2586704_2586996_c	2,586,704 → 2,586,996
103A912E971E5760DBA45CC0681D77CED61D1FED	BSU_30090	yteU	BSU_30090	3,078,643  3,079,311
1045E0DB9CA1BA0B53E1BE29FE579B519EAD3146	new_2571798_2571906_c	S933	new_2571798_2571906_c	2,571,798 → 2,571,906
10484E5BB5DC0117CDE97036AF82F04F07926AEF	BSU_18740	yozG	BSU_18740	2,043,678  2,043,932
104D246232D8D5B8EDE9BD984F3126B53214661C	new_1907334_1907493	S650	new_1907334_1907493	1,907,334 → 1,907,493
105E3452D7F142A7D7616E35AF3FB753C9B63E38	BSU_28270	leuB	BSU_28270	2,891,020 2,892,117
1062442F78A366AEE512196CDB3EE010284A5890	BSU_31510	yufK	BSU_31510	3,236,422  3,236,979
1069B74CDD87706FA00A495AEA04BB89D79EDF21	BSU_31500	yuxK	BSU_31500	3,235,806  3,236,219
107DDCC7B6AA2D7CB02E53F043A93CF05C679081	BSU_04470	dctP	BSU_04470	500,166  501,431
107F248AA06F205BC6FC30644DC018144B819097	new_2491949_2492028_c	S909	new_2491949_2492028_c	2,491,949 → 2,492,028
1088CF3CD2A184FDAD5995730465E3F3F5452336	new_3717098_3717211_c	S1387	new_3717098_3717211_c	3,717,098 → 3,717,211
10A53E2465B5EAA307A099052FBBDF3B62857291	new_2273724_2273988_c	SR4	new_2273724_2273988_c	2,273,724 → 2,273,988
10B82BD59772361617B7C376488B596DA788037B	new_2456890_2457210_c	S894	new_2456890_2457210_c	2,456,890 → 2,457,210
10BF403ED15CA65B1663F89FD32747938805319F	new_3059402_3059490_c	S1145	new_3059402_3059490_c	3,059,402 → 3,059,490
10D724C205AE3E95B9A234AD64677676035FA74F	new_3222530_3223451	S1197	new_3222530_3223451	3,222,530 → 3,223,451
110111D22EACD911A4BB749A4146C169250C2021	new_3918332_3918517_c	S1472	new_3918332_3918517_c	3,918,332 → 3,918,517
1107A963C253FBEE8716507BD0EC0E7CD5642B12	BSU_38480	sasA	BSU_38480	3,949,952  3,950,584
11121F34A247A32936431014E8B1FFBDC368CDC2	new_154838_155119	S59	new_154838_155119	154,838 → 155,119
1117E460D2C0300490AB8DE8D0892B42799E9AA2	new_2093013_2093780	S733	new_2093013_2093780	2,093,013 → 2,093,780
1118A21CC581B0470EC6E7C178F2523CDCA70F93	BSU_34200	sigL	BSU_34200	3,512,498  3,513,808
11210DE4BE1364271EE2445DBB738F1575516947	new_3849617_3849712_c	S1452	new_3849617_3849712_c	3,849,617 → 3,849,712
112337A238CB969B12790E66AC1AE70F3891D8DD	BSU_23900	yqjF	BSU_23900	2,484,911  2,485,639
1130F1D4CBDDF7B8FFCAF929B8BC4D283233679A	BSU_39330	abn2	BSU_39330	4,039,466  4,040,875
113699F16E57C50209B05EC4B8823659956364B3	new_2740238_2740411	S1007	new_2740238_2740411	2,740,238 → 2,740,411
1136EF75DD3302539EC94DE061B88C6DBCE5AF4C	BSU_09940	yhaL	BSU_09940	1,070,111  1,070,323
11421D5BD3AB6C205DDA0864F878E2B04340033F	BSU_32260	hom	BSU_32260	3,314,828 3,316,129
11499CDC836A40E857B8F5AD746BA2C650DC916B	BSU_08800	ygaK	BSU_08800	957,705  959,060
114CB64EB81966607320B264658CBCC82F3F7268	new_4096991_4097415	S1534	new_4096991_4097415	4,096,991 → 4,097,415
115FA333FAD17ACE5EBF288F16F33C330C6B4473	BSU_15120	bshC	BSU_15120	1,578,376  1,579,995
118801051042BE94ED0F8C028ED0814450DE52E6	BSU_10780	yisN	BSU_10780	1,156,504  1,157,091
118A280BF8D6B0D5C5153516E4AF588C892BD641	BSU_tRNA_5	trnO-Ile	BSU_tRNA_5	
11927EB0448839D047EC7BF70EC65156DAB481D3	BSU_27960	rplU	BSU_27960	2,855,518  2,855,826
11966AE70567D707D546C4A2F12B2DEAE95A1883	BSU_19750	cgeE	BSU_19750	2,146,013  2,146,792
11997FE6BA6947E7C7E3DBE20B49C9FB758262B2	BSU_16825	ymfD	BSU_16825	1,755,649  1,756,857
11A55829B4C3E8EA434A600FF7B4102F8E5A7DCE	BSU_25380	floA	BSU_25380	2,617,449  2,618,444
11AF08158121DEDFDDC0F64C52EFF3CF3AE30CE6	BSU_32340	lytH	BSU_32340	3,321,455  3,322,435
11B37D08E6B53823E33A5AD4F3FC584FC59BADFB	new_2984696_2984787_c	S1103	new_2984696_2984787_c	2,984,696 → 2,984,787
11B54D438CDD2EAA4A87A6B99851A3B123EA4A1F	BSU_31440	patB	BSU_31440	3,228,778  3,229,941
11C87B76473EE7408C65DC7B9353DC1EF9F5A09A	BSU_21200	yomW	BSU_21200	2,239,083  2,239,589
11D04B31B4BF223E276077EC16BBDA566694CBF6	BSU_30650	dps	BSU_30650	3,136,238  3,136,675
11D2BAEECF2E8980A2A55BD0ED95099509ECAD1D	new_2488970_2489605	S908	new_2488970_2489605	2,488,970 → 2,489,605
11D49995993F5EF73012D73C1C06D2037857F39E	new_839654_839734_c	S267	new_839654_839734_c	839,654 → 839,734
11D7ABA61FC4069B48614875AF2C6C694291B545	BSU_01090	rplGB	BSU_01090	129,340  129,588
11E7D77EF9439F817C10BF5D9671C5AE66AF06DC	BSU_11250	argF	BSU_11250	1,203,461  1,204,420
11FF37669D244BA1FC8093320582512ACF26298B	new_863681_863837	S275	new_863681_863837	863,681 → 863,837
1207D7B769F7FFBC933BD4B4F08969F8901257BC	new_843132_844096	S269	new_843132_844096	843,132 → 844,096
120EB2408E22088A246DAFC03F03C56C84BF3526	new_1002410_1002500	S321	new_1002410_1002500	1,002,410 → 1,002,500
1217330ECD588E24E42FF9FED2A097CEF32785F3	BSU_21910	metA	BSU_21910	2,305,378  2,306,283
1217807AE3AE3A654BA0DD4AF5ADF1CEE62632B6	BSU_22720	cheR	BSU_22720	2,380,347  2,381,117
121A9543F5BC1CBE77D85A34099DE09F8AC63E9F	BSU_23890	yidC2	BSU_23890	2,483,904  2,484,731
121BCDC74475500CE958D708E8C704D1A1BB72EC	BSU_19669	yoyF	BSU_19669	2,137,897  2,138,040
121C3C9CF49711316A526B9571F020BE8E304B31	BSU_21030	yonP	BSU_21030	2,222,340  2,222,534
122F9AA09E54AA612C7CDFD62F0635BE710152A0	BSU_11480	yjbB	BSU_11480	1,225,557  1,226,774
1232EECAF991A5E0EA9CE182F66ACDECEFA7DE36	BSU_06037	ydzT/4	BSU_06037	652,511  652,720
1234C9BC164FB47E003009E943124982260221C0	BSU_12730	xkdT	BSU_12730	1,341,350  1,342,396
125325B485FBC60798EDA4B4BFB24C6FCBC4C513	BSU_16800	spoIIIE	BSU_16800	1,752,272  1,754,641
1255813797A83D835E0656A2AAAD361B5BB2094B	BSU_29710	acuC	BSU_29710	3,041,392  3,042,555
125872506C400CB6B3DAEA8B5130B064DFBA4494	BSU_01690	murR	BSU_01690	191,183  192,034
12661F79EA61EA386D73923234009C6E9BF62C31	BSU_26180	yqbA	BSU_26180	2,686,770  2,688,302
12674B12729ACDB94ED46AC5F41596A446F0B4C9	new_1325005_1325095	S456	new_1325005_1325095	1,325,005 → 1,325,095
126CAC9971C3CA3D136A3B81A3F4C438EDABE00D	BSU_35970	ywsB	BSU_35970	3,707,144  3,707,680
1271F7A0557B79CCA7E32354CEAA1328D2BE0892	new_463070_463495_c	S135	new_463070_463495_c	463,070 → 463,495
127CB0930A2D96B18D9261180028818F158C68CB	BSU_13400	ligD	BSU_13400	1,404,518  1,406,353
1289189B272EF1E53E8BEA38B92F533987B0867E	BSU_21599	yoyK/2	BSU_21599	2,278,340  2,278,456
128EBAE9C14C7BB75173DF912853A6FCE86ABCE4	BSU_33160	yvrA	BSU_33160	3,401,141  3,402,469
1290D52BD083AE942A2650E4A6E8C08A9BD5593A	new_469286_469367	S139	new_469286_469367	469,286 → 469,367
12AA4F64C2BBFA3F28F51762119532316DBC37F2	new_409056_409207_c	S127	new_409056_409207_c	409,056 → 409,207
12B260DBC4E29151364251837FD227593D0BF391	BSU_27760	csbX	BSU_27760	2,837,469  2,838,776
12CE5AE0BD02C989E803480A1CE5A47D6192D751	BSU_21440	bdbB	BSU_21440	2,265,225  2,265,671
12DB5AF311932991B66716BBCD08DA2C45B43BB9	BSU_04230	amj	BSU_04230	474,731  475,540
12E06FD3A36D95AE82E3C65788FA98178039592F	BSU_35290	prfB	BSU_35290	3,627,139  3,628,240
12F27FA4DB8232B52271565C4F4937520A4F5C7B	BSU_14300	moaE	BSU_14300	1,498,966  1,499,439
12F3F8846739480E5980EE01A761990AE24B26F7	BSU_17810	yndK	BSU_17810	1,914,630  1,914,995
12F5D3C6EF48478525CB6AED150816E1C7EE6CAC	new_3068812_3069252_c	S1149	new_3068812_3069252_c	3,068,812 → 3,069,252
13006AC53CD6128639A82157A0EA0063923219B7	new_3483775_3483886_c	S1302	new_3483775_3483886_c	3,483,775 → 3,483,886
1320CA7FAAFAFA1DBD26FACB8AE86976F50CC237	new_1691049_1691202	S584	new_1691049_1691202	1,691,049 → 1,691,202
132E91DB8C81CD8C4F5160B2C068B74DA10AE224	BSU_00920	gltX	BSU_00920	111,047 112,498
1345FBA88CB55E0E897FEC8DA4D829B85A8393BB	BSU_07590	citT	BSU_07590	832,545  833,225
1346D57F906EE5BD36F7FBFA1E4884EEBC8585FA	BSU_31970	dhbB	BSU_31970	3,287,675  3,288,613
1352BE96CAA6D527E98D715DF85587B653697998	BSU_21520	yolC	BSU_21520	2,272,156  2,272,491
135DB3AFC766184C122C93A9949A65D73296EA28	BSU_36220	ywqG	BSU_36220	3,728,511  3,729,296
1368734DCC28C618AA173B865784BDDAEA912623	BSU_27860	nadC	BSU_27860	2,847,048  2,847,917
1370D8783450D538C71E3DE8EA5B37DFEE073FF0	BSU_15740	yloM	BSU_15740	1,647,939  1,649,282
137E234994B01CFD6CCF3359EE721E2917E517C3	BSU_19999	yojW	BSU_19999	2,158,120  2,158,287
138832210AC94B17E081F3D0AF9BCFE3BE63E601	BSU_19720	yodR	BSU_19720	2,143,022  2,143,675
138DC46C976BAA18893B70DF040BA1BB2FA0A77C	BSU_11549	yizD	BSU_11549	1,233,133  1,233,300
1393F4F274EC21EF7BB8009C170BE41CFBC6D498	BSU_17650	yncE	BSU_17650	1,899,589  1,900,050
13B5B73491CAE0EC6E82C1EFDCA13DAB7DB87FF3	new_3010599_3010660_c	S1117	new_3010599_3010660_c	3,010,599 → 3,010,660
13BE5BB49B257473511CFABABA078329C2B2A7DE	BSU_10180	yhfC	BSU_10180	1,093,874  1,094,650
13C081250872E72C61C49D8F77AC5AF4B6D431A3	BSU_21580	yokI	BSU_21580	2,275,706  2,277,421
13CF8A25CB114789809FDF17A6C94829D7646EA2	new_3076730_3076817	S1153	new_3076730_3076817	3,076,730 → 3,076,817
13DC4296015A28975BC7697F134FB6ECD6B11489	BSU_19740	yodT	BSU_19740	2,144,356 → 2,145,690
13DF13F1EA21BC78035E5ED8B7AF2320235284A6	BSU_28350	ysnB	BSU_28350	2,900,020  2,900,529
13E80EAC33C30BB0BBF08A0F0E37EB18CC87C8CA	BSU_02650	pcp	BSU_02650	286,773  287,420
13EB6B903088C11D985DDB7CEC864797058FE038	BSU_17180	pksJ	BSU_17180	1,792,806  1,807,937
13F35BC7EE8215D7A92A639BEB18647AC276D215	BSU_36390	flhP	BSU_36390	3,745,436  3,746,245
13FBFD47C1701B98A69D5AE628BEFE1FEAAFBD5E	new_737348_737602	S239	new_737348_737602	737,348 → 737,602
13FEC673232C5946C6EA7E9DD3AA6AA1A57269E1	BSU_07530	yfmB	BSU_07530	826,843  827,211
1419F2F99D924973D75EE6FAA41F9A27EC5283E1	BSU_37110	ywjH	BSU_37110	3,807,754 3,808,392
141E819EE356F7029E16E4219064DDC4EEC47383	new_2071199_2071285_c	S721	new_2071199_2071285_c	2,071,199 → 2,071,285
142444E1167BA7428EB95E4418C839ADF3E728B0	BSU_39970	yxaH	BSU_39970	4,104,929  4,106,137
1426D5E85EA17234A3E2C98018DA99437F8E712C	BSU_38130	ywcE	BSU_38130	3,914,009  3,914,272
1432F56AD3D2B2BD82D8759CE4DC42C0D40C49C0	BSU_02880	yceB	BSU_02880	310,880  311,875
1437D66EABB5D7FF4F8B9EBAD624510D86F0C8B4	BSU_05060	lrpB	BSU_05060	552,052  552,501
143C5F64B6D0D51E8654C37B1DD7C5C12D509127	new_2245307_2246150_c	S803	new_2245307_2246150_c	2,245,307 → 2,246,150
1443F7E8B8DDA6BDDEFF07E21E64F9D574E0FB1B	BSU_35120	yvlB	BSU_35120	3,607,325  3,608,422
144A8B3F5E534F3FD6EFC1E9A5ED650E09DCE885	BSU_25060	spoIIIM	BSU_25060	2,588,701  2,589,000
144D952B05EBBFF41EC92DF906543EA00475FE69	BSU_01330	rpsE	BSU_01330	143,361  143,861
144E7D10740C5F146403612B8A0C88E02FB9C572	BSU_08520	recX	BSU_08520	925,633  926,427
1469148C83B1704E721652203EA31F0E2C33FDC6	BSU_10330	yhfQ	BSU_10330	1,107,733  1,108,704
146947C974D62BCB282BA3F5B924B35695D75886	BSU_23590	ansR	BSU_23590	2,456,990  2,457,340
1470E1E1BAE5EA5BA9831E2BCEF9B61E79450510	BSU_40200	yydD	BSU_40200	4,130,578  4,132,338
147AFEBEA546FDBEEB08E9A8D9C7BCDC9B83CC90	BSU_04530	fbpB	BSU_04530	506,322  506,501
14813DE6C6DF7AB031BA05AED7D31AE9E8F8498E	BSU_39710	iolF	BSU_39710	4,076,842 → 4,078,158
1482FD92CB6DC966263F08AD109769728FC708E4	BSU_30110	yteS	BSU_30110	3,080,631  3,081,134
14852D54F8B7344AA80D535F8EBBCE11E2B859CF	BSU_23530	spoIIM	BSU_23530	2,450,403  2,451,047
148F0C7983250F50676D234DB713E532AA55DDBF	BSU_34880	hisA	BSU_34880	3,584,317  3,585,054
14B5383A3573637A97635F959EBE8A54703D5BCC	new_4130257_4130577_c	S1545	new_4130257_4130577_c	4,130,257 → 4,130,577
14BC908F4D18AFF4F5E73C105F154433E15F0E96	new_2948977_2949052_c	S1086	new_2948977_2949052_c	2,948,977 → 2,949,052
14D250F7AD25097A8F9956315E1F033D15D1AA3B	new_2438267_2438331_c	S888	new_2438267_2438331_c	2,438,267 → 2,438,331
14D2E2F76ED01CC9B2B080740B0046648F64A888	BSU_05000	spbK	BSU_05000	546,166  546,966
14D922A91C9993EFED5F3E2D5C43C65F6A54CADB	new_1478837_1478985	S509	new_1478837_1478985	1,478,837 → 1,478,985
14E21DDBD09B724C754022BF63F7FBA1BD961C57	new_2701783_2703117	S984	new_2701783_2703117	2,701,783 → 2,703,117
14E7EF76738F00C3DC2457150BDB23BEBF00EC67	new_4133453_4134502	S1546	new_4133453_4134502	4,133,453 → 4,134,502
14ED1AF5038F43F3B151FCBABE6CFC5A2DA3AA6E	BSU_13910	ptsI	BSU_13910	1,459,650 1,461,362
14EE43C75EF4CDD43EA42777DCBBAC767377A90F	new_2431344_2431472_c	S881	new_2431344_2431472_c	2,431,344 → 2,431,472
14EFA3BF4E5DD5368EF02B0733300CEF7A4E0DC7	BSU_17440	ynbB	BSU_17440	1,876,584  1,877,849
1502AED337F59DFFCEAFF68FE111C5AA6155701B	BSU_28280	leuA	BSU_28280	2,892,138 2,893,694
1508770D5BCA5739D13E3ABD11CC5C103C07FF25	BSU_14240	rok	BSU_14240	1,493,787  1,494,362
151A61315ADAA7213502F15C0C0ED636A4C3EA7C	BSU_02120	aimA	BSU_02120	231,348  232,967
151F226370D225776F3FE7EA4901485095F1AC45	BSU_00870	radA	BSU_00870	106,096  107,472
152C6E983F1089A219822768498C616A45710875	new_3360892_3360973_c	S1258	new_3360892_3360973_c	3,360,892 → 3,360,973
1532EC3D741C5AB3D0B642741218FAE00AD460FA	BSU_33700	opuBD	BSU_33700	3,459,806  3,460,486
154862E3FFA7CEBA5725BAD08E09D0E1C6B7F946	BSU_16970	ymdB	BSU_16970	1,768,941  1,769,735
154D1846E059DB13B46E9606E2115BBE5F0900DB	new_3299378_3299588	S1235	new_3299378_3299588	3,299,378 → 3,299,588
155FE26C148F7022948DD7539533AB6876571862	BSU_22630	trpA	BSU_22630	2,371,508  2,372,311
1568DD457FDD482B3C14954A95F62BE338CBD15D	BSU_18670	oxdD	BSU_18670	2,037,601  2,038,779
156A8B699B32B268EBA1A0A1620C95D0DF630A4E	BSU_12672	xkzB	BSU_12672	1,334,815  1,334,964
1582E81F7DA85F38D6732D341ABD0F052587F25A	BSU_13530	kinE	BSU_13530	1,419,213  1,421,429
1582F9E6510C4FA87B3A5F3F4A7F39008C654AA9	BSU_26430	yrkP	BSU_26430	2,704,435  2,705,130
1583C7209776DA35AD6A65001B843094456B5891	BSU_misc_RNA_40	BSU_misc_RNA_40	BSU_misc_RNA_40	2,800,890  2,801,097
15902198586FAAEAB501E8E49DD85BCB08D9881F	new_1359357_1359439_c	S463	new_1359357_1359439_c	1,359,357 → 1,359,439
1594BA83CED2DA9F86C1CE2A0DC6E1C9B665EACB	BSU_06310	gabP	BSU_06310	685,155  686,564
1599BBAC05EB62A847F73572CD777BC472301DE8	BSU_04810	immA	BSU_04810	530,624  531,133
159A6D0D45B5F0F055228357FD9A3BF8E5A999E5	BSU_03280	nasF	BSU_03280	353,900  355,351
15A725764CCAC2FA9BD2D3CC68B7DE1943AC175B	new_2116747_2116967_c	S748	new_2116747_2116967_c	2,116,747 → 2,116,967
15AE10AB10AF0BC1E4EDF997DD1C92C812DD195E	BSU_12229	yjzI	BSU_12229	1,293,776  1,293,964
15C89BB5099D48BD1CEB707A64315D12C6F6E945	new_3740032_3740104_c	S1398	new_3740032_3740104_c	3,740,032 → 3,740,104
15CD9023540E3BB7D3EC8A60E204052DD256CE9F	BSU_04600	ydbT	BSU_04600	513,283  514,764
15D150B53A25325DBC414F0C2B0D44AEF4B115A9	BSU_10790	asnO	BSU_10790	1,157,237  1,159,081
15DE8BAFB36296B5842E283C836D600755786397	BSU_08370	yfiR	BSU_08370	911,964  912,581
15EAA4007484D9F82CF4F402FF156165156FDDDE	BSU_01389	ybzG	BSU_01389	147,312  147,536
15F6F31F4D6CF9B6C20B9CDE169CAD1B044B38A4	new_247549_247743	S88	new_247549_247743	247,549 → 247,743
15F9BF08762D28CBCD3D9748EFBD29B0D6FD7623	BSU_14510	ktrC	BSU_14510	1,520,531  1,521,196
160BD6DE5F6BE1565C3A2EA87418461818E5E2E2	new_2078627_2079084	S727	new_2078627_2079084	2,078,627 → 2,079,084
160EBB7885D7C7FD30A6E35605A862C156E2DA80	BSU_23550	mleA	BSU_23550	2,451,463  2,452,782
161ADC907D4902001C8751F51CFA762828C26110	BSU_19710	yodQ	BSU_19710	2,141,703  2,143,013
161CA16ADE32E65FCAC76D3B362FD8B8E436169F	BSU_12649	ykzM	BSU_12649	1,332,187  1,332,405
1627167E7E9DBE444161A94D9F76317612C6401C	BSU_03570	sfp/2	BSU_03570	407,638  408,135
1629A875FCCA0C0EB1C959ED31BB6B3CFA839BF9	BSU_13130	proA	BSU_13130	1,379,605  1,380,852
162B5B61265A6D216063B6275F71BC5456EBA2A2	new_4159457_4159757_c	S1557	new_4159457_4159757_c	4,159,457 → 4,159,757
162B960244B0E1334F9E99E7E0F050D3312830E5	BSU_38470	ywaD	BSU_38470	3,948,555  3,949,922
1632474628BEA113F297897D152276A1AB73BAE8	BSU_05650	ydgH	BSU_05650	609,388  612,045
16412BAB04BBF9FD1C3653328923687874C81868	BSU_30790	menE	BSU_30790	3,147,350  3,148,810
1645EA183E9BCF20658620D96439E93F96862380	BSU_13320	ykzB	BSU_13320	1,397,938  1,398,093
16585F4118F3D2732D6780D351B7AA5F6DDCCEB8	BSU_29860	ytoP	BSU_29860	3,055,247  3,056,320
16915E72503D467407419B0D4CF098830DC175C5	BSU_20530	yoqS	BSU_20530	2,194,053  2,194,400
1699CFBF5400CAF43C6DAE8ADCCE5A360B31F2E9	BSU_04880	ydcS	BSU_04880	536,096  536,365
16BEDCFFB1671793061ACE4AC528D3B8EB177DC8	BSU_26340	yqaF	BSU_26340	2,698,486  2,698,716
16C3D97DF67B8988EE2F5F2572D727EF357AC479	new_4035835_4035968_c	S1514	new_4035835_4035968_c	4,035,835 → 4,035,968
16CCAA5264276AF250B8A3CCC1773E877DC104C4	BSU_04480	ydbI	BSU_04480	501,579  502,631
16E048FE5AF76CC771DEBBA8CB56B75A5414B3A2	BSU_09100	cspB	BSU_09100	984,262 984,465
16EE17461B4AB467A4F8172FD3E335073AD2B1D8	BSU_28760	araM	BSU_28760	2,943,006  2,944,190
17094CBA2DDFB82B5FC064AADB85DAB60A15B2C0	BSU_18630	yoaJ	BSU_18630	2,032,927  2,033,625
172652156ABFE72D5BAAC22729CE17CA947538B5	BSU_00970	yacP	BSU_00970	116,025  116,537
1729DD4CCBA147D433C8027D08447A14A20FA710	BSU_31590	yufS	BSU_31590	3,246,152  3,246,367
1734AF5C671F4CD69202A49A66BAA959F60651F4	BSU_tRNA_39	trnD-His	BSU_tRNA_39	
174047392BCCE4D57528ED78866626252BBF10D2	BSU_17990	sspO	BSU_17990	1,926,306  1,926,452
174CB43578B74153C88AC01EB11A6E37ECBB3EB8	new_3009340_3009869_c	S1116	new_3009340_3009869_c	3,009,340 → 3,009,869
174DE70C590E316273E7B2B63956D057F959E165	new_2041030_2041466	S699	new_2041030_2041466	2,041,030 → 2,041,466
175A3D2C9708EB6CB933BE55325A689A71EC4A1D	new_158050_158514_c	S60	new_158050_158514_c	158,050 → 158,514
177BAE8E5143CBE479B8EF6814F2A1066E72D658	BSU_19900	yotF	BSU_19900	
177EFFDCA6E3C3BB840EED13D9F2D71F99B833B6	BSU_27240	yrhC	BSU_27240	2,784,688  2,784,918
17840BF36306FB185EFBCCFBBE4495BED2D21710	new_2829529_2830447_c	S1048	new_2829529_2830447_c	2,829,529 → 2,830,447
178D5E2AA1225FE909E6F2B63B3595F5ABB8E7A2	BSU_01680	murP	BSU_01680	189,790  191,157
17921229BA265111A7D0CD95BA02A7A495CCA33D	BSU_05350	ydfB	BSU_05350	581,694  582,479
179FDEA51A060DF32A3EA06A796793DE27B600FF	BSU_00890	yacL	BSU_00890	108,674  109,774
17C3F56CE859BCD7A282C144C46CC92D3506ABF6	BSU_29690	acuA	BSU_29690	3,040,092  3,040,724
17C51CD9032BD39D79E2B2DA6D1163FB06DDC00D	new_3273703_3274665	S1225	new_3273703_3274665	3,273,703 → 3,274,665
17F0D94ED61E0AF1015FBC845BC2B5B670311C6F	BSU_33420	nhaK	BSU_33420	3,428,331  3,430,343
17F2619E74A1604E86ED94E1BEE683D49E437A6C	BSU_31780	yueH	BSU_31780	3,262,009  3,262,257
17F5188958A415D8D09439E02E1D1E0661B5C760	BSU_10840	iolQ	BSU_10840	1,163,148  1,164,161
17FFEA4977F4F7334CFF7CD1C644DF14F599E6E6	BSU_26680	yrdK	BSU_26680	2,726,885  2,727,163
1812DE302C4E8035ADB3BF5C37EE0173A47A7D8F	new_2464042_2464118_c	S897	new_2464042_2464118_c	2,464,042 → 2,464,118
182B8EFA41DAE695B008CBAA561F3730D11750B1	BSU_18550	yoaC	BSU_18550	2,022,561  2,024,024
183C8B4F28E601D670B3D997D333AF2B5C4A4759	BSU_34920	hisG	BSU_34920	3,587,551  3,588,192
18506FB74F6BB9278F22EB7DCDA3CF72575CC32A	BSU_33510	copZ	BSU_33510	3,443,613  3,443,822
1852AA40C48859202392834A3E791F6877DD3D30	BSU_21970	ypeP	BSU_21970	2,308,967  2,309,647
185B6596F0468B76BCA85E8753063FAE83445E18	BSU_32170	dapF	BSU_32170	3,306,040  3,306,894
186448A285EBE9491A098E6D9008355B441B61C7	new_2022468_2022560_c	S688	new_2022468_2022560_c	2,022,468 → 2,022,560
18698DA427051097DEEE63F45F3429B8617B1F48	BSU_40000	yxnA	BSU_40000	4,108,058  4,109,128
1872614A6F7DBF7231348AC3DAE4ED3295ACEB41	BSU_03370	yckA	BSU_03370	367,305  367,985
187C78441816FC74B0FCCE34997E8AEC0A80B114	BSU_22460	bshA	BSU_22460	2,357,078  2,358,211
188518BEED86792A33BEC148AAE0B547DE5E4A49	new_3372716_3373742	S1265	new_3372716_3373742	3,372,716 → 3,373,742
18867F99B039D20DBCF004BC72E35CF0AE8FE467	BSU_31460	kapB	BSU_31460	3,231,399  3,231,785
188742B9A0C95344D32A4C23B9C971660572CF7D	BSU_03840	ycnB	BSU_03840	436,036  437,454
188833286AD73DF7730954D47BD676D8137679E9	BSU_05750	fra	BSU_05750	621,847  622,218
188A260FF9BABD22CF4A102138D5D8AA40F00E9E	BSU_36620	ywnB	BSU_36620	3,765,469  3,766,110
18B09A645AC8E13A1AD3B73A0C828E5A0F5D42BB	BSU_07130	lplD	BSU_07130	782,958  784,298
18B47AB8CC8366E427C7569C6E1121CE4F0ABDE4	new_2025088_2025159_c	S689	new_2025088_2025159_c	2,025,088 → 2,025,159
18C67A1723DD90E6344036D091A6F6A1AD148893	BSU_10410	yhzC	BSU_10410	1,116,583  1,116,816
18CBED273AD7787971073117DFA0B89BDF149B25	BSU_34500	yvdR	BSU_34500	3,541,823  3,542,143
18CEF3F1EE2E95A009699DE370CBB44F025B7B40	BSU_28570	yshE	BSU_28570	2,920,517  2,920,921
18E3CABCEFD00536501BB225CD9C3989DC816B13	new_4118585_4118876	S1540	new_4118585_4118876	4,118,585 → 4,118,876
18ED48E99D87748B2EBD6001EFDF1D3D91535ABF	BSU_06250	ydjM	BSU_06250	679,390  679,761
18F8A8EBABD9846966A8DEFD9D4E3F2404828E92	BSU_20270	yorS	BSU_20270	2,172,932  2,173,450
18FA5EFCD78C74296F9E52A64DA4A9D635944528	BSU_17520	ynaD	BSU_17520	1,883,166  1,883,678
1901C52DCB24B3D53150F6926C14907AC1B75293	BSU_18090	parE	BSU_18090	1,933,477  1,935,444
19080097FD3F48C730C355DE84C1922206A07AFF	new_3036310_3036529_c	SR7P	new_3036310_3036529_c	3,036,310 → 3,036,529
1908915195E7FE1947B85105A5065385B2D81496	new_2913380_2913589_c	S1078	new_2913380_2913589_c	2,913,380 → 2,913,589
191A4BD70FE7E61EE0F27CB771A528A14ECB5FF1	new_1925528_1925637	S665	new_1925528_1925637	1,925,528 → 1,925,637
191AAFD791966F6C2386CDCB0AF64ECBAAEF08CC	new_2246149_2246571	S804	new_2246149_2246571	2,246,149 → 2,246,571
19228BAD44E6DA3DE908DC390FDF628C18D94E65	BSU_28410	gerE	BSU_28410	2,904,727  2,904,951
1925DFD1162E744E9175D07EC0FD72A75C79C6BF	BSU_13720	queC	BSU_13720	1,439,448  1,440,107
19349FDFE0F9A46FCCAA684B8139E592979DB317	BSU_28840	ysdA	BSU_28840	2,951,898  2,952,167
196131483F87BE683DBE80E2E05DE029746B28EB	new_1537029_1537112	S536	new_1537029_1537112	1,537,029 → 1,537,112
1968743631A20739B5DA8B489CB1E7E42F3B93E3	BSU_38460	tyrZ	BSU_38460	3,947,158  3,948,399
196F7E1F00D9F61E5542DBFE298D7B380082BEAE	BSU_tRNA_45	trnS-Asn	BSU_tRNA_45	
19829F6D993188BE854F0F61CB93777AD04CF754	BSU_36940	ywlD	BSU_36940	3,792,333  3,792,890
1982C0A9324050C5E2D191FBC2A634BCE648755E	new_1461473_1462812_c	S506	new_1461473_1462812_c	1,461,473 → 1,462,812
19854503A5A0A19E72C8E1BEC65EECC243E96F79	BSU_18650	pelB	BSU_18650	2,034,745  2,035,782
1986DB3078FBA16D6ACCD70EEAC95C46564D0958	BSU_34750	whiA	BSU_34750	3,569,573  3,570,523
19882CC97044273B12D664F98E582874E7779857	BSU_misc_RNA_1	BSU_misc_RNA_1	BSU_misc_RNA_1	20,611  20,823
199ACBE451F306EE3AE2780CCA095FA73887C821	new_821232_822902_c	S255	new_821232_822902_c	821,232 → 822,902
199FA65621C241CB27BBC382A4C62A34DCC74570	BSU_40730	yyaS	BSU_40730	4,184,460  4,185,065
19A96FCD8375277D22190C83454E0D07C1A875CD	BSU_misc_RNA_65	sncO		
19B1345F36B2320F0714B8EF1B939C65FA7E382D	BSU_30250	ytaP	BSU_30250	3,095,665  3,096,564
19BA45BD691BBA4B23C4741C63DB729AA5D30FDA	BSU_31540	nupN	BSU_31540	3,239,930  3,241,009
19C12EAEFC7BA2116ECEEDF2EEA539DD2334E78B	new_2156121_2156756_c	S762	new_2156121_2156756_c	2,156,121 → 2,156,756
19CC58F5ABADAD45BA55D88BBD77B586AA5D85FE	BSU_37390	albC	BSU_37390	3,837,840  3,838,559
19CD9BF216953613CD2E0DFB99D4C6E92AAFAE5D	BSU_17580	xynB	BSU_17580	1,888,774  1,890,375
19CEB80CF637F1FED7C493EF743B4BFA632C8D44	BSU_24530	lipM	BSU_24530	2,543,968  2,544,804
19D21F6299C551A9873ECE0202EB4007A945E7A9	new_3989908_3990230	S1493	new_3989908_3990230	3,989,908 → 3,990,230
19D4B51347800FEFE9E9305D5BCEF0D506DC75A9	new_4035641_4035833_c	S1513	new_4035641_4035833_c	4,035,641 → 4,035,833
19D76B80386F825109C5FB4A34881D5D20F366DB	BSU_24710	comGC	BSU_24710	2,557,673  2,557,969
19DFA1CAA52BEBBD3F31D50645E7745066E103FA	BSU_22260	yppF	BSU_22260	2,338,582  2,338,770
19E6EF9CCA31440EAC046F8D6CA98B6A08589D58	BSU_39520	yxeK	BSU_39520	4,060,818  4,062,143
19EB8E7CBC0E8D7A6429ADFFF93D1F71EFE3FF11	BSU_36700	moaA	BSU_36700	3,772,325  3,773,350
1A070D28C3DB109F67A5E73C5F0734177995E286	BSU_24820	yqgU	BSU_24820	2,566,237  2,567,298
1A250A75783D288E25C0625DE19C9FBA7BC5CBB1	BSU_20300	yorP	BSU_20300	2,174,104  2,174,319
1A2D880E6FED0075D4174E09A58F5A181E664F93	new_1321205_1321328_c	S455	new_1321205_1321328_c	1,321,205 → 1,321,328
1A31885756344F8BD2BED4E4526D43D6D5AB85F3	BSU_10990	yitH	BSU_10990	1,177,365  1,178,213
1A415DC85354373EA4866733C3AE43F510BD3C56	BSU_02430	glsA	BSU_02430	264,191  265,174
1A476F8B70A75F5CCF7E9B8BF69A5CADBCB6AD75	new_1097850_1097950_c	S361	new_1097850_1097950_c	1,097,850 → 1,097,950
1A56D711EB5E1CF6C7F524ECDC4E4F0800947298	new_1603592_1604734_c	S562	new_1603592_1604734_c	1,603,592 → 1,604,734
1A5C1BDE844AA56B90C0E4A02D74978676487E99	BSU_15050	ddcP	BSU_15050	1,572,765  1,573,790
1A65880F68898002EE8774F34EDC47F0243B7273	BSU_02500	ycbG	BSU_02500	273,237  273,938
1A6793A3A5AC568C67873C8708E9F581F42AB9BA	BSU_00910	ispF	BSU_00910	110,480  110,956
1A6D90298D039FFFD977B2534952BA5E32B3530F	BSU_21480	sunA	BSU_21480	2,269,521  2,269,691
1A8991EBE6F6900E087489E2D5F65562EB77F76F	new_3213597_3213853_c	S1192	new_3213597_3213853_c	3,213,597 → 3,213,853
1A97CC20EFBA9771CFBBD94C6B7798DD23A01E1E	new_3008846_3008937	S1115	new_3008846_3008937	3,008,846 → 3,008,937
1A9DA839AB77AF53958CB8426607BEF14F62B85E	BSU_32700	sufD	BSU_32700	3,358,664 3,359,977
1A9F7847AA1EB2A264842B44CD1B1A21F0AF6E57	BSU_06420	purE	BSU_06420	698,612  699,100
1AA1FDF5EE7040A349522A927D8F6C1F691B3CF9	BSU_33850	yvbG	BSU_33850	3,471,841  3,472,476
1AA28C89BDCD460AB6F71AC705CD4C09ED4CBA08	new_2069746_2069982_c	S716	new_2069746_2069982_c	2,069,746 → 2,069,982
1AA67AD33622538F7BAD64B54FAE6FD8103BF9BE	BSU_03260	ycgS	BSU_03260	351,842  352,696
1AAC42E6E96DC358E79C75DB2BBB3E40353E1890	BSU_02960	yceJ	BSU_02960	319,180  320,352
1AB16D099E4134E6283018C4E7F45BEFBD90549A	new_1143506_1143576	S378	new_1143506_1143576	1,143,506 → 1,143,576
1ABCCA1901C9D2761B279D5474CDE6B3E8B5825C	BSU_04510	ydbL	BSU_04510	504,689  505,024
1AD57035B257F438B320D5F191A0CED862FB15CD	new_1783391_1783658	S615	new_1783391_1783658	1,783,391 → 1,783,658
1ADB6E2C8DC82A242CFEFAD22443D14226F1BA60	BSU_22890	cmk	BSU_22890	2,396,045  2,396,719
1ADC55F8E265AF86E29743C671CE1EA1BE7EB41E	BSU_31060	gbsA	BSU_31060	3,185,092  3,186,564
1AE747B339FBAF035ED7FD488187D5B013652E9C	new_454593_455317	S133	new_454593_455317	454,593 → 455,317
1AEDD565740D7DF7EA8D9035C66A2ED2A98C4B96	new_3760210_3760556	S1406	new_3760210_3760556	3,760,210 → 3,760,556
1B0573D639E515B2D1633805E094F9E585C90A09	BSU_19259	yoyB	BSU_19259	2,098,102  2,098,329
1B0CEA36BF56AFB479913DC3D07EB0878FBB12EB	new_2415356_2415414_c	S878	new_2415356_2415414_c	2,415,356 → 2,415,414
1B60206104DCE312EF4C742E56A2347A7B9D5265	new_3316130_3316211_c	S1245	new_3316130_3316211_c	3,316,130 → 3,316,211
1B61298ECA583D2112AA56A88358E8A9A55D2C9D	BSU_05430	ydfJ	BSU_05430	589,717  591,891
1B7C4AD6CD0632051A0E8CA57034872D13FF67F9	BSU_30750	mntC	BSU_30750	3,142,954  3,144,261
1B7F59F954A1F20F75F5D4953F84CE58171741DE	BSU_03940	ycnI	BSU_03940	446,174  446,788
1B9BAEBE029BE9D4AD7E49C38B1E6DB5E8F4D4D3	BSU_38510	dltB	BSU_38510	3,953,783  3,954,970
1BAD28287257F82F907706AFD2E8FF5F3BD1B57B	BSU_36930	ywlE	BSU_36930	3,791,805  3,792,257
1BBAF82B4CC2A5176C0E9AD8101E7B3ACC9BF4EB	BSU_20440	yorB	BSU_20440	2,187,819  2,188,115
1BC05699DEB3A16944FB8305F22976AED75805E8	BSU_17000	kbl	BSU_17000	1,771,517  1,772,695
1BC439BBCD5FE19D5780519D7E4317C2EFF0D21B	BSU_34790	trxB	BSU_34790	3,573,207  3,574,157
1BC994DE60A7BB35DEDD7154581A396D29AA94A7	BSU_15680	gmk	BSU_15680	1,641,949  1,642,563
1BD29A07ED9283BE693F73E21C86920CEDA1D25A	new_1430482_1430571_c	S488	new_1430482_1430571_c	1,430,482 → 1,430,571
1BD895547D4A17B8A3FECAF09BA7B53228971DBC	new_1213460_1213536	S404	new_1213460_1213536	1,213,460 → 1,213,536
1BE734901DACBB56AB688C776F0AF8D298462518	BSU_28360	ysnA	BSU_28360	2,900,545  2,901,141
1BEBD09273240B6B50DABCB160FCCBC205BB2AAE	BSU_26480	yrkK	BSU_26480	2,708,943  2,709,419
1BF1A48CF645249CA9ECBB19C04B059B11D821EF	BSU_40150	epeA	BSU_40150	4,124,963  4,125,592
1C01BD9A19036C9897ED6D8BFAFE7E7E77A29C3C	BSU_18710	yozF	BSU_18710	2,041,330  2,041,827
1C05C80EB20F9EBAF9FBD28E674FD293EC241FFF	new_4183947_4184016	S1569	new_4183947_4184016	4,183,947 → 4,184,016
1C0D38F23D3A2CAA1EB057A92D6F571D0D2AA724	BSU_11880	metC	BSU_11880	1,259,606 → 1,260,778
1C19EAEA89E95440204186A2644DDE89CF9F597F	BSU_39560	yxeG	BSU_39560	4,064,536  4,065,093
1C1C79EE0DA98F82276C0A73FA92868775FCC55F	BSU_tRNA_64	trnB-Met2	BSU_tRNA_64	
1C1CEC251708CD029B2B8B56A05CAD770A0C44E8	new_532604_532921	S171	new_532604_532921	532,604 → 532,921
1C3BD9F0863F0C7DDB22EEF7FF4B1D50BED8A797	BSU_09800	yheA	BSU_09800	1,054,746  1,055,099
1C3D007210397BDCD9DED3A1CF22683E0BDF9B9C	new_3729297_3729412_c	S1393	new_3729297_3729412_c	3,729,297 → 3,729,412
1C409CAC5160F2654B5DA33C3309E4E397AB113D	new_875695_876176	S279	new_875695_876176	875,695 → 876,176
1C4F076D54F5A07AC351D722A403F249ED097555	BSU_03569	sfp/1	BSU_03569	407,460  407,627
1C50B44C30A33BF8C604847CAB382BBE92025228	new_2740896_2741093	S1010	new_2740896_2741093	2,740,896 → 2,741,093
1C566E54F8EF1A17A365FC49DFDA452AC5D0CA64	BSU_40050	gntR	BSU_40050	4,113,417  4,114,148
1C586CFB2EBE9871C4CA50B5ABADD0C3801E5653	new_1906208_1907012	S648	new_1906208_1907012	1,906,208 → 1,907,012
1C6C8DB02E10EAC0588389D9F0D3AF3E19172C5C	BSU_16180	flgB	BSU_16180	1,691,278  1,691,667
1C6CADD1808CA84CBC19D623DACF4D398EB43174	BSU_15270	sbp	BSU_15270	1,595,935  1,596,300
1C6D935B36416327FE63CABC53440441E8563D7E	BSU_29170	ytzA	BSU_29170	2,984,312  2,984,695
1C8E44680D6015EDA8A26DC6C289F8E0E62C54EE	BSU_18610	yoaH	BSU_18610	2,029,429  2,031,114
1C9A6D2B53B9E66F3FBBB536E02ACA52E0A96646	BSU_09790	yheB	BSU_09790	1,053,520  1,054,653
1CA0A8FEB0B127C2E70B35F3D3B28C3ADEED8DB5	BSU_28670	ysfB	BSU_28670	2,931,976  2,933,082
1CA87275AFA1B4E4B5E8E10229009F785E70BBA8	BSU_31410	alaR	BSU_31410	3,226,933  3,227,433
1CA990DA55B6F879968C431A703E0478F5564A1A	BSU_37920	gerQ	BSU_37920	3,893,441  3,893,986
1CB229DE87D56674903A8348657FA3B3117FEADD	BSU_40470	yycC	BSU_40470	4,159,577  4,159,717
1CB2CDB483FA484EAADA93310254F6F795A8961E	new_2714806_2714932_c	S995	new_2714806_2714932_c	2,714,806 → 2,714,932
1CB67586A46A1CC828EC7CEF38EFED11372E2C77	BSU_03390	yckC	BSU_03390	369,236  369,691
1CC5837E19A99368962E84FC034C63F4382EE735	BSU_24810	yqgV	BSU_24810	2,565,920  2,566,234
1CCFF0E6926EF61E0A82F8C5F285D8DD20D0F902	BSU_misc_RNA_9	BSU_misc_RNA_9	BSU_misc_RNA_9	694,425  694,527
1CDA7DF4D763DECCC6AF245F81CFB533A231FBA3	BSU_07166	BSU_07166		
1CDF658441061EA476E27C2E60DEE45C4F45AC15	BSU_36310	ssbB	BSU_36310	3,740,206  3,740,547
1CEDC98C9EDD8F3DEA0AF4B2104DA1BF86E688C2	BSU_04160	mtlR	BSU_04160	467,130  469,214
1CEEA0570C1A316AAEFAE83F6986CADF7A339892	new_556002_556561	S178	new_556002_556561	556,002 → 556,561
1CF85A9A366DA29A4CEE8B06C0CDB1B652CF62B1	new_1421924_1422163	S485	new_1421924_1422163	1,421,924 → 1,422,163
1CFF7202AC6078B6BAD1253F77FD4FE227C046DB	BSU_24090	ptb	BSU_24090	2,503,765  2,504,664
1D0286ECDA32FB21737170B54A57D3FE482C6422	BSU_07310	yfnD	BSU_07310	802,351  803,286
1D12F9FB8D7CFBA1D8DA6EE2B5EE8AE1F44A3F7C	new_1606413_1606501	S565	new_1606413_1606501	1,606,413 → 1,606,501
1D2043CC0D8CF64142F0A5993A936C5A196726D4	BSU_27080	levR	BSU_27080	2,763,025  2,765,832
1D216CE34A0EAA0BF1BBAF8BFCDACF32BF01BFE4	BSU_40573	yyzI	BSU_40573	4,171,396  4,171,635
1D22109617F851DB4C23AF022CF7D96917791DD3	new_1076420_1076501_c	S356	new_1076420_1076501_c	1,076,420 → 1,076,501
1D27C5E73571A737B80649BFCF517C5FF136DFFF	BSU_15360	ylmC	BSU_15360	1,608,919  1,609,164
1D37BB6B73A60C38375FBC8D847E726EE79103B3	BSU_22290	sspM	BSU_22290	2,339,670  2,339,774
1D51AF3E6456F126203D7C7273FB828A47E26DFB	BSU_16310	fliM	BSU_16310	1,701,684  1,702,682
1D5F227860A321506A1AB4BAE63CAD3A66E43BFC	BSU_03510	srfAC	BSU_03510	398,532  402,359
1D67888E79B09956F9258F4068546D8C67103549	BSU_35960	rbsB	BSU_35960	3,706,145  3,707,062
1D6C340264B8A75727E202AD2E37053091C94013	BSU_33030	yuxN	BSU_33030	3,388,113  3,388,988
1D9596609AEF10456041918BD592E49466D93B1F	BSU_36668	ywzE	BSU_36668	3,769,289  3,769,453
1D95A3248355BE2D1321CEB47BB2FE1F78063F48	new_3640552_3640631_c	S1353	new_3640552_3640631_c	3,640,552 → 3,640,631
1D9D20DA24C13EF450710E8EDC5A36311DAF1BF0	BSU_26980	yraE	BSU_26980	2,754,607  2,754,804
1DA87B205F2E201DE027209620110D043AF8A6AF	BSU_37980	ywdF	BSU_37980	3,898,376  3,899,182
1DB29BAD1408478484889C0D0A565FC7F24D04DE	BSU_29430	ytzD	BSU_29430	3,011,555  3,011,689
1DB308368D49129D9FCF1F137A350EFCDFA97618	BSU_25880	yqxJ	BSU_25880	2,663,551  2,663,913
1DC4A3D7E93677B0EAD15F43C80E50FD98527EBC	BSU_33170	yvrB	BSU_33170	3,402,469  3,403,530
1DC5C6DAF0AB1EB59BC9361DC1161E75F99AFE33	BSU_22550	qcrB	BSU_22550	2,363,913  2,364,587
1DDE2B06CEE8931A39C8EF3B932D01794FF3AF08	BSU_30580	ytmA	BSU_30580	3,131,446  3,132,219
1DE26CDEE952142C1303C822F0E2A63AE09F721B	BSU_31250	tlpA	BSU_31250	3,208,280  3,210,268
1DF08A474E95909EAF68CF26D97DD49350ABEA89	BSU_28510	abf2	BSU_28510	2,913,661  2,915,148
1DF2E152DCA60E36AC0760B81F2C53BBE6865D79	new_827212_827324_c	S260	new_827212_827324_c	827,212 → 827,324
1DFFEB155028A5C6B4B344769EF7DAAC14983322	BSU_24340	accC	BSU_24340	2,530,354  2,531,706
1E01DB748237930ED1B399CF69A1A43A5BEE09C1	new_257573_257643_c	S91	new_257573_257643_c	257,573 → 257,643
1E0BA378F14ADF03D613DA3BF3241C1ADE75075E	BSU_34420	yveF	BSU_34420	3,533,196  3,533,288
1E12F7A40992AE240568A0E8A0EA4F6BBDECF142	BSU_25870	yqcF	BSU_25870	2,662,712  2,663,290
1E1EE3EC3E008A974DD64CA26CC0C44345B99F8C	new_663028_663224	S217	new_663028_663224	663,028 → 663,224
1E2628480760F847CF707C884B14F376AF8CEE27	BSU_26826	yrpDX		
1E2CB9FDCF64B2EAC42B1E1DED94B4F865045995	new_1483957_1484044	S514	new_1483957_1484044	1,483,957 → 1,484,044
1E32B355838787D34352674595A63355609D3AC4	BSU_17660	yncF	BSU_17660	1,900,080  1,900,514
1E3BE31421B05ADF77CAEFC40760B24C5BF6A122	new_598065_598153	S190	new_598065_598153	598,065 → 598,153
1E3E237C138AC100F312E24DDDE607D89FC2F421	new_3031418_3031523_c	S1125	new_3031418_3031523_c	3,031,418 → 3,031,523
1E602BCB2A416CDBF2B5007765EC9628123FE979	BSU_37040	ywkB	BSU_37040	3,799,377  3,800,336
1E60F76C2906AA45953F9AFBEFA3D3678B837D11	new_2033681_2033894_c	S695	new_2033681_2033894_c	2,033,681 → 2,033,894
1E6AE45BAD15610D9E5A6C54EAE3D9D7A6C7D277	new_2278079_2278601_c	S812	new_2278079_2278601_c	2,278,079 → 2,278,601
1E74F0557FF9ECB404B6544831F4E0A162473423	BSU_29030	ytcD	BSU_29030	2,968,260  2,968,640
1E750A73F792ADD60B7DE50E3D4F22B532545E0C	new_984595_985733_c	S316	new_984595_985733_c	984,595 → 985,733
1E81C0C23C16DC0E96FE8436BE2EEC20E1160EC7	BSU_40359	yyzO	BSU_40359	4,147,114  4,147,302
1E829D639BADDC6BDC9B5FB4C97A632A53FDDB24	BSU_23120	resD	BSU_23120	2,417,181  2,417,903
1E915C58089172CE4658211DB32B11092C447A65	BSU_38000	ywdD	BSU_38000	3,899,853  3,900,488
1E951C2B640966643D5F081159522CD1C51942C8	BSU_31370	yugJ	BSU_31370	3,223,471  3,224,634
1E9BCDBB99BB318EECDD9451B75DFD8B9F58E634	new_2021232_2021971	S687	new_2021232_2021971	2,021,232 → 2,021,971
1EA0595C74359A36B9161CFD531CA894C5E66E25	BSU_17370	nrdI	BSU_17370	1,868,617  1,869,009
1EAE2279D97FD5EB367CEA31B07959A56FCE9114	new_2555662_2555886_c	S925	new_2555662_2555886_c	2,555,662 → 2,555,886
1EB98ECC5730CEB583E0A3A23F78EBEF9932B790	new_1915122_1915220	S654	new_1915122_1915220	1,915,122 → 1,915,220
1EC8C3FC0B3BAC12CB7C5C0E1F4886E198AA1D53	BSU_37610	ywzC	BSU_37610	3,860,998  3,861,222
1ED2FAEDA370D5A1854934FA63119568D6243668	BSU_08640	yfhS	BSU_08640	936,773  936,997
1ED71EDCA1F7008BF5947235BF3696C88CB3DA7D	BSU_tRNA_85	trnSL-Arg1	BSU_tRNA_85	
1EE39F4BA4590FCBC032DFC8A22FCDC72C3CA7B3	BSU_18689	BSU_18689		
1EE8BF589ECDFD5194C86E02A627CCF81899B904	BSU_02320	ybfP	BSU_02320	251,427  252,314
1EF303EA929237C2BD7A4507AFB248B800517B9F	BSU_19640	yodL	BSU_19640	2,136,538 → 2,136,852
1EFB5C8F28146D1EA3B615F548D0CF262D2B4DF5	BSU_39670	iolJ	BSU_39670	4,073,081  4,073,953
1F152F97AD20DABAC1D83EDC2177F46EAECC562C	BSU_12760	xkdW	BSU_12760	1,345,305  1,345,634
1F1FE531622CD218EE8990CDAC6D2D2F9E86FE3F	BSU_26540	yrkE	BSU_26540	2,713,320  2,713,802
1F2062E59607706FE26A22876544F91B3B13179E	BSU_16950	pbpX	BSU_16950	1,765,859  1,767,034
1F245030D0C81DC96FC0642199CA00579CF46D06	BSU_32580	frlM	BSU_32580	3,347,919  3,348,821
1F297A59214FEA1C914380D4547DF5A4F3CC2BCE	BSU_24780	yqgY	BSU_24780	2,564,638  2,564,883
1F2E7B30C04E8C58DDC3583A9C912BD480E979F7	BSU_07190	yezD	BSU_07190	787,715  787,882
1F4626D24E2CA4CBA4AC7E8928E1AB2E7654D867	new_132763_132881	S54	new_132763_132881	132,763 → 132,881
1F548515402950572E7212901729B2480432D1B9	BSU_03200	putB	BSU_03200	344,551  345,462
1F56C126099E1D5241069E06477F277C12B20C58	BSU_34410	yveG	BSU_34410	3,532,833  3,533,120
1F56D3275386BB54A774BFA045C09E36D1268471	BSU_05950	ydiF	BSU_05950	644,528  646,456
1F57B42E3B4069907F93453B704F7E6333A01FC7	new_2647725_2647872_c	S968	new_2647725_2647872_c	2,647,725 → 2,647,872
1F6B2CF88F5C6498A035FA0465136EF9D0BF93BC	BSU_19530	yodA	BSU_19530	2,126,549  2,126,938
1F6E44EB6CD1497C5EAAB36B9E472CC297438648	new_372801_375944	S125	new_372801_375944	372,801 → 375,944
1F787F70C87DEB221709579122D63C2322A84E56	BSU_34170	ganR	BSU_34170	3,508,659  3,509,651
1F816B8AB5BDF47C5D10D0AF25A62421E300509E	BSU_40630	yybI	BSU_40630	4,176,900  4,177,688
1F845CE702BCD10F4DB596E438CE9DB076806B1D	BSU_06270	ydjO	BSU_06270	681,255  681,464
1F85A1324B8694FB3731376AFE6FFB162C096586	BSU_28810	abnA	BSU_28810	2,949,053  2,950,024
1F860F4E66A3D503D5A97F17D4AB0504BEFE7F9D	BSU_37460	rapF	BSU_37460	3,846,001  3,847,146
1F894D6895CE13AA006CFE13A702E46C568F6E79	BSU_15140	rsmH	BSU_15140	1,580,622  1,581,557
1F9008EC6EFE4C33C0D1808E20052C9859B3AAC4	new_1731582_1731775	S593	new_1731582_1731775	1,731,582 → 1,731,775
1F947DFED973F22A139B0F501723B237BB8F2E33	BSU_40240	yycS	BSU_40240	4,135,351  4,135,764
1F99778502096A7EA726EB767E1BA5F0D1F770AB	BSU_21530	yolB	BSU_21530	2,272,534  2,272,890
1FA744589FB8B3479187054A4FC14039B973D6F3	BSU_26140	yqbE	BSU_26140	2,683,207  2,684,142
1FBF1512C28BCE04E7D51247D94DC88C72FBFF07	BSU_18239	yngHB	BSU_18239	1,952,945  1,953,166
1FC88F6350BC721F0C554E878366B1BC171613E3	BSU_19260	yocM	BSU_19260	2,098,316  2,098,792
1FD06CB6E81C920EFC656DBE2A13D68B1AA68872	BSU_24060	lpdV	BSU_24060	2,500,104  2,501,528
1FDD81F50B0B0F260A638FECD9B92F8A5F5ED126	BSU_29500	gerW	BSU_29500	3,018,309  3,018,764
1FE27CFFC38A4D6243CC3B7213E62D626A9D05F5	BSU_misc_RNA_66	sncZ		
2001898734CE6D112775B62979136849225D92D3	BSU_20680	yoqC	BSU_20680	2,200,376  2,200,783
20060F4C1939FB9A10CB279745D75D0A16627EC6	BSU_37250	narI	BSU_37250	3,823,558  3,824,229
200BE4802FCE3C860565B374EAADC9C1FEEF3E49	BSU_04620	acpS	BSU_04620	515,710  516,075
20175DF9FCF07C34A05C572B089C33D1E1FE6DF2	BSU_24550	gcvPB	BSU_24550	2,545,410  2,546,876
2034EFB2CE3800456D612ACC0AE77C637DA353C7		nonA		
2042F691CB37B1BAFE2CF3906A9F7F47457C3995	BSU_03210	putC	BSU_03210	345,479  347,026
204570E272B9ABE24B857E62B1F76AB5104B1512	new_1251175_1251272_c	S421	new_1251175_1251272_c	1,251,175 → 1,251,272
20485A785D3AF82889F2018D3EA5B5FA33E64E95	BSU_01310	rplF	BSU_01310	142,402  142,941
2053E27BE6837D2B167960C9B07C8B7B7BBABE25	BSU_08350	lipB	BSU_08350	910,019  910,651
2056F8EEDF9D3027CFD808E8D0C5DF544DBDD3F3	BSU_03610	tcyA	BSU_03610	410,656  411,462
20735BFECA52826F0F4D55843EEE7798F414993C	BSU_20850	aimP	BSU_20850	2,208,855  2,208,980
2079B210322F26EEC3CCF55611622FADDB1D1BC7	BSU_36590	clsA	BSU_36590	3,762,664  3,764,112
2079ECEC095596361C58583FAA514D689DCFA60F	new_160675_160892	S64	new_160675_160892	160,675 → 160,892
2085C524102914F9313FAF39189132DCC0595A6C	new_2037369_2037470_c	S697	new_2037369_2037470_c	2,037,369 → 2,037,470
20A3120D2A45449745C9162EDCF386ED3163851B	BSU_18350	dacC	BSU_18350	1,998,340  1,999,815
20A7DBA142F3BF8DCAD9732BD908CE8CC79AA993	BSU_37720	bacC	BSU_37720	3,872,105  3,872,872
20AE0AE853AD334D4CC8E3D6466BD282E1A2074E	BSU_03550	ycxC	BSU_03550	405,069  406,007
20B1742D4BBAF8AC2F355A51766217285D4D5FC6	BSU_17699	ynzK	BSU_17699	1,904,393  1,904,749
20BEC615742D3348EA47B79A140DAC1BEDACFA57	new_2784919_2785000_c	S1032	new_2784919_2785000_c	2,784,919 → 2,785,000
20D1174554A03EECE233A1A045F6DF83AF799959	BSU_14900	ctaD	BSU_14900	1,561,569  1,563,437
20D50DA11B864E6C719CC34BE27C7900893EA054	BSU_04750	ydcF	BSU_04750	524,492  524,785
20E0864D26C897421B8D2ADDF81AF3CC0C994817	new_2679011_2679382	S979	new_2679011_2679382	2,679,011 → 2,679,382
20ECFC7380C773ABD230567C0BC085B73AFD4E32	BSU_39029	yxiT/1	BSU_39029	4,006,987  4,007,415
2107ABDE21F1264E78D4EBEB1A51DFFD04914954	new_2741085_2741356_c	S1011	new_2741085_2741356_c	2,741,085 → 2,741,356
210C83EBEBD3DE4946BC511E0249D0032A7CE3D0	BSU_09460	bcaP	BSU_09460	1,023,350  1,024,747
2111AC1AE49D1006E10DC127BF5B7A0327DE94A7	BSU_31450	kinB	BSU_31450	3,230,067 → 3,231,353
211C58A92BA2A06A34B1F73BDB68A0F581B942C2	BSU_09000	yhbJ	BSU_09000	977,069  977,734
2122B0B9C3CB9488285ABDAEA451B45CD310268C	BSU_32770	yusE	BSU_32770	3,365,069  3,365,389
212A63CF4F687D393088FFBEC504E5D2CCE4B04E	new_2283652_2283755_c	S816	new_2283652_2283755_c	2,283,652 → 2,283,755
21322F3BAB6C60568C7AB6B89ED800EC023DBD49	BSU_28340	ysnF	BSU_28340	2,898,931  2,899,752
214191B235BB8EBC442399C80C52E8831193FCA7	BSU_12120	yjfB	BSU_12120	1,283,169  1,283,336
21589FEBDE54C66DE2A3DCFC2D7BF3AEEC84B44C	BSU_19690	kamA	BSU_19690	2,139,454 → 2,140,869
216077BAC57B4BC5A027707678394B572500ECCD	new_2637203_2637542_c	S962	new_2637203_2637542_c	2,637,203 → 2,637,542
217BAA94FB926CDA7CA8800BC6B08371792CEE31	BSU_07060	yesX	BSU_07060	772,142  773,980
21907693E12E9506925D713B101043687943D1AC	new_2111720_2111836_c	S747	new_2111720_2111836_c	2,111,720 → 2,111,836
219092C574A13B81CD312AEB55BAE48A3C541FB7	BSU_33750	sdpA	BSU_33750	3,464,289  3,464,765
2192474E13EAF6D2CF97CB957864FC89ED0118E0	BSU_18210	yngE	BSU_18210	1,949,682  1,951,217
219586A3F378DC38EA076FD39B99D41136BDE722	BSU_30530	alaP	BSU_30530	3,124,250  3,125,641
219B0AAFB4ABB7E97A906553B73423F712505E27	BSU_37910	spsA	BSU_37910	3,892,351  3,893,121
21B9A3C4FD43237062CB09B3E33F90DEE5918DD0	BSU_19270	yozN	BSU_19270	2,098,859  2,099,122
21D260E900776EAAF4B6000A3365DCA9241EACA6	BSU_23090	rsiX	BSU_23090	2,413,585  2,414,691
21DF0BF609522F9FFF636A9AF99779A459166A8D	BSU_20990	yonU	BSU_20990	2,219,281  2,219,469
21F31849E51F0FD3093DFD4F2BB878A7720EF592	new_4010329_4010403	S1505	new_4010329_4010403	4,010,329 → 4,010,403
2211659780DEC3F4131B127E68EEF626534DF4BE	BSU_17770	yndF	BSU_17770	1,910,167  1,911,381
221829E084DA78ACE1C2DFCEB6E59EDA534FF55D	BSU_15310	spoIIGA	BSU_15310	1,603,779  1,604,708
22198D5928526CC964233355352D085D0A15DEE8	new_3816846_3817724_c	S1445	new_3816846_3817724_c	3,816,846 → 3,817,724
221ABA4B180F5EE2F95E6C3D010977F4F60BE240	BSU_10870	yisU	BSU_10870	1,166,008  1,166,670
22215066A7BEA4E53189DE6639C19D1AD86DA7F4	BSU_10370	panU	BSU_10370	1,111,925  1,112,485
2225B8CDC32A4B374E94E93F9BF91DB0D0B75C7C	new_1319640_1320569_c	S454	new_1319640_1320569_c	1,319,640 → 1,320,569
2227923C603B290AB276238F789D71584FB07DF3	BSU_04839	ydzL	BSU_04839	531,978  532,238
222F7086A214A427174E188CB1FEE4A8B98D303C	BSU_37860	spsF	BSU_37860	3,887,026  3,887,748
2234D81F8F9B92EAF1CF6F73BEC92D4DE54E2636	BSU_25250	ccpN	BSU_25250	2,604,959  2,605,597
223851F22170F84037BD6303ED0F44A005A4BE8C	new_4007659_4007722_c	S1504	new_4007659_4007722_c	4,007,659 → 4,007,722
223E979276F07D69D0DDAEE906023A8AB4F37F8E	BSU_34340	epsD	BSU_34340	3,525,250  3,526,395
224584953B0BC1AF666CD69372B2D53AC56F6752	BSU_30800	menB	BSU_30800	3,148,901  3,149,716
226100C0AC13BB345DB0F0F309DEB7F91F3770B0	BSU_24170	mmgA	BSU_24170	2,512,861  2,514,042
226A5B142C460E1FAD35E18F063E93A4F18C2AB0	BSU_08029	yfzA	BSU_08029	875,428  875,694
227EC2A232A989ACE986726BD76CF5648C4CFA19	BSU_06840	yebC2	BSU_06840	752,412  753,131
22A5905A0C2A9303C166A5C2D784AF0B6541A311	BSU_02250	ybfJ	BSU_02250	246,094  246,492
22B3039DF4D106F121DBC765F49878C9B324FDB2	BSU_29200	accA	BSU_29200	2,987,731  2,988,708
22B83ACE1D5853968D947C6B93E8A1E4647A54F9	new_1297643_1300149_c	S449	new_1297643_1300149_c	1,297,643 → 1,300,149
22BB1AA8E18EDAEB3DE660B9E3466020294D6710	new_2544915_2544994	S921	new_2544915_2544994	2,544,915 → 2,544,994
22BEB39F735DAAF71F1B382CD453A9C2D4CC9FA4	BSU_24590	yqhG	BSU_24590	2,551,469  2,552,263
22DBF4D1F93519A95E6BCC0FB1AC2387DF444E27	BSU_14500	ykqA	BSU_14500	1,519,635  1,520,468
22F930B371A833BAEA84B32FADBB2BBA0B91A53B	BSU_22030	dynA	BSU_22030	2,312,529  2,316,110
22F97D2CBB0FEC133DEBB6B7B6AAB40A051AC895	new_3193548_3194425_c	S1187	new_3193548_3194425_c	3,193,548 → 3,194,425
230A9714597DAAACBE31A862C104F6B6492D38D8	new_4020908_4020976_c	S1509	new_4020908_4020976_c	4,020,908 → 4,020,976
230D790937DAFB82A04B8597699115E1C1EAE98E	BSU_33570	yvaE	BSU_33570	3,448,693  3,449,052
230FA5701AE56753780E80E204C6A588ED7BC36B	BSU_22570	ypiF	BSU_22570	2,365,235  2,365,681
23174B2A19DEDF2F20858A005D0681D36E15E6E3	BSU_27720	queA	BSU_27720	2,833,899  2,834,927
231B2A02CDFF0FD9616169C6A7E152FFE4059E35	BSU_tRNA_30	trnD-Ser	BSU_tRNA_30	
231C30963AFB863424C087CB722446D319976D65	BSU_28010	mreD	BSU_28010	2,859,317  2,859,835
231FFD626594226B2A46BEE70C851468DA861795	BSU_22820	yphE	BSU_22820	2,388,610  2,388,813
23217CBC6DE637FD18FF32167E7AC188BF4A32F2	BSU_28099	yszA	BSU_28099	
2338D9495CBD67A044333468AAD211E429AE3470	BSU_misc_RNA_26	BSU_misc_RNA_26	BSU_misc_RNA_26	1,618,161  1,618,277
23483430AE0381406EF2349A18CFAE1F14F9B180	BSU_02670	lmrB	BSU_02670	288,653  290,092
2351C5D69610DF8A6B6508AC965CEBFDB6342EE0	BSU_tRNA_24	trnI-Thr	BSU_tRNA_24	
235399FB29FA7443D41AA9543EEB18F195503091	BSU_40210	yydC	BSU_40210	4,132,338  4,132,736
23540C0D84F55135E39A09F48E48AB6F7C270B2E	BSU_00500	gcaD	BSU_00500	56,352  57,722
236095EDE02EC9EA7768D9D30CED2345D3B7A1A9	BSU_13210	thiX	BSU_13210	1,388,070  1,388,834
23703C9AD323495CFC5484FE67796704753798B5	BSU_14550	ykrA	BSU_14550	1,525,386  1,526,159
23868F99A31FC20E9CB5FB2B6DBCF182C63D2335	BSU_39550	yxeH	BSU_39550	4,063,684  4,064,496
2387CF47A2E16C57D4CCA0B54282EF54CE4EBFE8	BSU_31830	yueE	BSU_31830	3,264,678  3,265,208
23B4D437B4C86DC40333870F2A38F4B95ECAD091	new_1900570_1900855_c	S641	new_1900570_1900855_c	1,900,570 → 1,900,855
23B8C0480267184502E83BFC7D82580DD94B96EC	new_560621_561166	S181	new_560621_561166	560,621 → 561,166
23D33E2D7AB1CA02165070DB8238957E3C768E64	BSU_41030	jag	BSU_41030	4,213,200  4,213,826
23F2385D14DDD5C400DC897E0F0FC814ACFC36B8	BSU_11170	yitY	BSU_11170	1,192,858  1,194,288
23F365C23BDEE02D42C9355FC7D2A65DAF9F79ED	BSU_38910	yxjL	BSU_38910	3,994,369  3,995,025
23F405D5B849E4EDC1D599F86C71DFD2E55C0305	BSU_13180	metE	BSU_13180	1,383,320 1,385,608
23FF4A00C36EC1B7297F51A9EF3579B41F0B7EBA	BSU_15770	prkC	BSU_15770	1,651,142  1,653,088
2401A4E3E5E683472C51AB2F31BC4F54F672F32A	BSU_36210	ywqH	BSU_36210	3,727,697  3,728,119
240CD6EA3793821F5109252BDEF69C0120E454EF	BSU_21670	ypqP	BSU_21670	2,286,448 → 2,287,053
2420C171CBDDC4EC695759EBD2D20CB151C3F73D	BSU_03788	yczM	BSU_03788	430,185  430,274
2420CD10E02A443518AD182122E78459571FC16F	new_2611388_2611455_c	S958	new_2611388_2611455_c	2,611,388 → 2,611,455
242632B27E0E3AB15777E9FBA3FC746D00CE97F9	BSU_03770	rapC	BSU_03770	428,831  429,979
2436420C7781DCB61B9A939B47747265E23740A5	BSU_04170	ydaB	BSU_04170	469,426  470,937
24440E7832841B8D786397EAC08CF9BDA77B26E0	BSU_11839	yjzE	BSU_11839	1,256,109  1,256,363
244A442BDA9709751DC20CA25C69FDE80E32624E	BSU_20590	yoqL	BSU_20590	2,196,389  2,197,081
244A81655430A95653506683887A11C135810690	new_630028_630114	S203	new_630028_630114	630,028 → 630,114
244BF9E397FDB0691FFAA8C9D419B0AE417CACE1	BSU_38730	cydD	BSU_38730	3,973,364  3,975,091
245083EB36C267FC2499EE258C078DE77A026227	new_1473128_1473196_c	S508	new_1473128_1473196_c	1,473,128 → 1,473,196
2467FB18B896FE21C0C3957321FBC80C2A389FFD	new_428689_428793	S129	new_428689_428793	428,689 → 428,793
247C47AC70A0EA53E625871D9BC463A06E6B05FB	BSU_25630	yqeK	BSU_25630	2,643,215  2,643,775
24829427B4518FE67038F194B54D4AAFAC64EF19	BSU_17600	xylA	BSU_17600	1,891,908  1,893,245
24835CE6CD2E1F183DB9121F29A63101718B5DF9	BSU_16640	ylxP	BSU_16640	1,736,156  1,736,434
248F0805272FED9B38ECBB31E2872BC9EC163CE0	BSU_16870	ymfI	BSU_16870	1,759,655  1,760,383
249894078B4FBCE9C9D5455B5827DFFCE4044842	new_2642036_2642116	S964	new_2642036_2642116	2,642,036 → 2,642,116
249DB77A83EE6D1EFDCB5C3D14A7801DD236294D	BSU_26030	yqbO	BSU_26030	2,672,706  2,677,463
24A1B22DE468F187B6631D3D4E214B64CB8BB4DD	BSU_21546	bsrG	new_2273515_2273748	2,273,594 2,273,710
24A84AE34D3AA5D8FC2C7E12F8EFA50324C339E0	new_37639_37719	S22	new_37639_37719	37,639 → 37,719
24A86A4846187E6026A2B7645DC4B7C70908942E	BSU_05150	aerA	BSU_05150	561,514  562,389
24B1C2A663A5B7C45940272595868F9F05A04A7B	BSU_15870	recG	BSU_15870	1,659,810  1,661,858
24CC89DE55B3C19F80B11D106B9FD241174AE3E4	BSU_00820	lysS	BSU_00820	88,727  90,226
24D6A7DDCB25B99FBB670E9203F826596916B35C	BSU_24600	sinI	BSU_24600	
24EB23F594F2B0EEA2E055857BA14FD9E361E0FD	BSU_19320	sqhC	BSU_19320	2,102,168  2,104,066
24F7FD5C7C3A68BB2760ABB8CBD8FBD65E5FF7D4	BSU_25760	sigK	BSU_25760	2,652,993  2,653,463
2501228D435B151F151A3C0EF10DE99A8395977F	BSU_29490	tpx	BSU_29490	3,017,696  3,018,199
250869DE4A5EDD7E8F26F27C94695D777FAD4889	BSU_22810	yphF	BSU_22810	2,387,854  2,388,588
250B938959A1285868ABC08429CE4E59A7D8A12D	new_952948_953024	S306	new_952948_953024	952,948 → 953,024
2510538C9DB4CA9DD14F6D8FE01A39FBBADDF3A4	new_1105569_1105635_c	S363	new_1105569_1105635_c	1,105,569 → 1,105,635
251600E5FD52DC0352A123F1224C037577F5A09C	BSU_28530	etfB	BSU_28530	2,916,378  2,917,151
252A3C226C948C37032D96AA055F8DC2502DED5E	new_3129078_3129194_c	S1167	new_3129078_3129194_c	3,129,078 → 3,129,194
252E3F0A05D78CEC46A08B46D1C6133239B6B8BA	BSU_11400	appC	BSU_11400	1,216,210  1,217,121
253A24EEA02C07E577A96FB64DF39F9A3D0C3A52	BSU_14050	ykuE	BSU_14050	1,477,069 → 1,477,929
253B8103573CCEBF1DF3AD9C51C338E60651CCEE	new_1591418_1591539	S559	new_1591418_1591539	1,591,418 → 1,591,539
258DD30EA27B6A2E81B8359E43203C37F588037A	BSU_17690	yncM	BSU_17690	1,903,511  1,904,263
25902F1B63034DE3780C279D373F0DE746525C10	BSU_13510	ykzE	BSU_13510	1,417,719  1,417,895
25ACC4472A56ABF9F0FCA75CC24579FBC59E4C2F	BSU_21320	yomL	BSU_21320	
25B45D6A90AD5152FDA71718B14767EA86ECA15B	BSU_09880	yhaR	BSU_09880	1,061,491  1,062,258
25BCDCD717840399745CBD56089DCDC4B14BA571	new_3675995_3676059_c	S1371	new_3675995_3676059_c	3,675,995 → 3,676,059
25C4850812DC216C1BEFBF07DCA71CC6820930B0	BSU_15990	rpsP	BSU_15990	1,673,620  1,673,892
25CECB2D3C7925408DB96A156745BAD6A6FAB0AC	BSU_13350	ykoN	BSU_13350	1,398,975  1,400,096
25D89EF3C4D57B3E6F9AB0210029651F74356906	BSU_12430	rapA	BSU_12430	1,315,869  1,317,005
25DBCF786E5BCC38E9C47B6FFDC56F2A57A9CBE0	new_1451263_1451370	S502	new_1451263_1451370	1,451,263 → 1,451,370
25F494F32E200FC0FE4C81A05B0F70CB449673EA	BSU_12510	xre	BSU_12510	1,321,329  1,321,670
25F9A95D40FD5FA1114A1938D6B0DE2368B8689E	BSU_20800	yopQ	BSU_20800	2,205,193  2,206,575
25FC6EEC336387285724F75E304B76A2A3E1C056	BSU_08660	sspE	BSU_08660	937,900  938,154
25FC87037222084ABE318813959101016FEB49DF	BSU_40170	epeE	BSU_40170	4,126,481  4,127,440
25FC9488A11A5A16476B4ED6B1F410F86F0F21BA	BSU_19915	BSU_19915		
2601BC96956A88AB09DFA1902C2782CB9622996D	BSU_17070	ymcC	BSU_17070	1,781,228  1,781,785
260693EE7F5B5CE2A141149D292405E84B7A5FF4	BSU_21470	sunT	BSU_21470	2,267,346  2,269,463
262C9FD20C7A70B6F1FEB57735FA800F38EAB25A	BSU_24030	bkdB	BSU_24030	2,496,796  2,498,070
26430DCCEC263E7D03A3BBA4E7D636A250C3208B	BSU_31760	pncA	BSU_31760	3,260,891  3,261,442
2648D9E356683F5E9C00C40F0A6BBD1933322B09	BSU_37880	spsD	BSU_37880	3,888,862  3,889,731
265490FA83D6D3F178C26C9240E3CB224513BF42	BSU_36280	ywqA	BSU_36280	3,735,449  3,738,217
2655683C0EE274CBC41D119FC23FFFC80F79FF57	BSU_21070	yonJ	BSU_21070	2,227,505  2,228,722
26630EA1C4E6D31FEF2F3ED7AE207B673D952263	new_818856_819310_c	S252	new_818856_819310_c	818,856 → 819,310
267D7A46253A1959374734DE7AFA9695BFC4D2D0	new_3354935_3355044_c	S1256	new_3354935_3355044_c	3,354,935 → 3,355,044
26875D53453EA6B79916479EFC4F21BB01443853	new_4051522_4051601_c	S1518	new_4051522_4051601_c	4,051,522 → 4,051,601
268A50A41FB6CAB0D768201996C5DF5DADCCA0B7	BSU_37600	ywfO	BSU_37600	3,859,535  3,860,836
269FA2D232E590415A7DF8E7E9DC2263D9EEB33B	new_79027_79091	S40	new_79027_79091	79,027 → 79,091
26B4B215FAA2D91410F35852C418DA00261418CF	BSU_32380	yunE	BSU_32380	3,325,078  3,325,899
26C7FF145E6A24A7F13B7AFBA15FE0C3DF478924	BSU_01790	ybbU		
2710D9FD5FA50E09B4E482C13140F69B13C71861	BSU_39280	yxxE	BSU_39280	4,035,990  4,036,298
271543C0F92164723DC26F8A6E1181B7C007692B	BSU_40270	yycP	BSU_40270	4,137,626  4,138,789
273BACB60AB76933A83D0A84C97814F98FEA3853	new_1930742_1930833	S670	new_1930742_1930833	1,930,742 → 1,930,833
2742FCE60AA87B2BE5A0B5C34F617E10DDE7F126	BSU_39680	iolI	BSU_39680	4,073,974  4,074,810
2751630B6472346B19FB20F57F16013D0FACA9F7	BSU_11000	yitI	BSU_11000	1,178,218  1,178,682
2768A088A2902FA776CB656F29A6F4B0C9E69CA7	BSU_30620	ytlD	BSU_30620	3,134,144  3,134,956
277F51EB4FE2BAB0FD1808EDE25705E10833AD0A	BSU_12580	xtmB	BSU_12580	1,325,890  1,327,191
2782BD764716CF5FAD0988284310CF75508F2286	BSU_05300	ydeQ	BSU_05300	576,209  576,802
27A25671205E9F6475A1EF00C72F9239AA2A767A	BSU_17930	ccdA	BSU_17930	1,923,234  1,923,941
27B6D0BEDD2B74D0E4EE67ABDE2DC090BEEC0245	BSU_28180	ysxD	BSU_28180	2,879,363  2,879,860
27B76EFFD5F45E412BD98C67EFD9F1DEC548C00B	BSU_08470	yfhB	BSU_08470	922,618  923,499
27BB6659541BA5368DEDB19EADCD372CE41244F5	BSU_12780	xepA	BSU_12780	1,345,839  1,346,678
27C362A132DDFF09E27FC919D0204D4C9E016803	BSU_18040	yneP	BSU_18040	1,930,834  1,931,199
27E325ED51F4158367D78E06A5003EEC6740DA02	BSU_20320	yorN	BSU_20320	2,174,585  2,174,734
27EC31A23829D06946D15176AADEA07F234862DB	BSU_34399	BSU_34399		
27F32FB0F96276325ED93710DF77B949658D728D	BSU_21610	yokF	BSU_21610	2,279,977  2,280,867
27F52464CB3D3F82E9E8B9F641BB0077A241CC91	new_1094366_1094987_c	S359	new_1094366_1094987_c	1,094,366 → 1,094,987
27FB777AEBCC794A5A768C7FE7D8374BCEA75913	BSU_02260	ybfK	BSU_02260	246,658  247,548
2805C6CCB040910A98B1B2A2BB9FC70AE6779517	BSU_09760	yheE	BSU_09760	1,050,443  1,050,661
28114E70EA647C05E3C14D198E3D27872CBD42BC	new_3123442_3124021_c	S1163	new_3123442_3124021_c	3,123,442 → 3,124,021
282696D02C959A1031D63781F6012862A1324DCF	new_467042_467129	S138	new_467042_467129	467,042 → 467,129
283FB32C92417EA7DFE86FAC2E7FFBD6165B0A5F	BSU_02050	ybdO	BSU_02050	225,064  226,248
2840F211026DD7CBA603082213EB85EBFDE7124D	new_696054_696194	S228	new_696054_696194	696,054 → 696,194
284177AAABDFCD3A7F1DFEB0F5B27BF954B9DE91	new_929322_929389	S292	new_929322_929389	929,322 → 929,389
285D9E676B06119F9F4D33FC62615EC844D35BC3	BSU_00480	yabJ	BSU_00480	55,295  55,672
285F98C74C4BB7B1140F7CE3299086FBDF000036	BSU_34729	yvzJ	BSU_34729	3,568,282  3,568,491
286FF16FCC036A8E8C628E54F745C1EB80E8DFD6	new_1255943_1256078	S427	new_1255943_1256078	1,255,943 → 1,256,078
287390346D2C7985738C97189B997F481BABC324	new_1018497_1020028_c	S327	new_1018497_1020028_c	1,018,497 → 1,020,028
2883FC60CD69948D5C43BDDFEFBE7A1CA7C743C7	BSU_04340	ydaP	BSU_04340	488,830  490,554
288CA73D93B1E5106E1C6CE5E7E2E8BE2A6BD3F3	BSU_08210	yfiB	BSU_08210	893,904  895,625
289828D37CF5422908316ED2EF1AEAE76F84161D	BSU_18190	uptA	BSU_18190	1,947,668  1,948,264
289ACC9D13BBFAA5C083EE525ECCC32DB06E075F	BSU_05880	gmuG	BSU_05880	632,774  633,862
28ADDDD73D4325512A4622C00A23BFEF9B856A5D	new_1447578_1447661_c	S500	new_1447578_1447661_c	1,447,578 → 1,447,661
28C7CFE5701F6920652BE1973DC7A15D7C088E35	BSU_05470	mneP	BSU_05470	595,109  596,002
28D03575FA24525C162E6C161631034568E89622	BSU_03620	bsdA	BSU_03620	411,578  412,450
28D80C5497AE29A24AD6B9A1A713A2B3915F2CED	BSU_04290	ydaL	BSU_04290	480,875  482,584
28DA9F2012E19D36879F9799BBEF153FDEE7659B	BSU_38870	yxkA	BSU_38870	3,991,082  3,991,588
28E5AF86CE49D7B0ECBFAF9ED5C1FC65D9F810EA	BSU_14920	ctaF	BSU_14920	1,564,063  1,564,395
28F47ADECD376494878AE58B395B3A2616B6B5DF	BSU_09750	sspB	BSU_09750	1,050,031  1,050,234
290302BA8A4E44C62AE3071C1F7DE18B20605607	BSU_32240	thrB	BSU_32240	3,312,844  3,313,773
29219315D31BA4ADE41687EFF17FE41D6C23D157	BSU_35780	lytD	BSU_35780	3,684,826  3,687,468
29342783A375260C5DAE920FBF6EC6EFD2D54DDE	BSU_04220	ydaG	BSU_04220	473,803  474,225
293618DBA9F4B08E9A13CFA22999EDA2231FD0ED	new_2053985_2054612	S708	new_2053985_2054612	2,053,985 → 2,054,612
293794B65B9EEB7F049138F73893303BABFB9A2A	BSU_23940	yqjB	BSU_23940	2,488,953  2,489,483
2940E73F0BCAB69992BBD224402C95C2667757AD	BSU_38330	ywbG	BSU_38330	3,933,577  3,934,254
294A73C15606178860DC2509B322519B2B010ABD	BSU_03580	yczE	BSU_03580	408,240  408,887
294C0CC675088B2A2EEFC26FAF1A628002B82C59	BSU_31190	rhaM	BSU_31190	3,199,233  3,199,547
29513111E82D14B83B5752C3F146F17A37B2A453	new_2600050_2600154	S950	new_2600050_2600154	2,600,050 → 2,600,154
2955261140369E0910A7B47670784172F0E75CDE	new_546051_546165_c	S173	new_546051_546165_c	546,051 → 546,165
2976D8A6F6F40BA3FF226CF7B67F25DD237373D1	BSU_39530	yxeJ	BSU_39530	4,062,329  4,062,556
297844645CCCF40CB40E84339997F6610883DF4E	BSU_01120	fusA	BSU_01120	130,684 132,762
297DF91EF3E91A6D2DC39BBC7FE8711AB7EBE509	BSU_01800	alkA	BSU_01800	202,547  203,458
297F53DAD3351E0C55108DD2C93B78FFB174438C	BSU_28220	clpX	BSU_28220	2,884,781  2,886,043
298588F646B7271A91DAEEE60967AA4C134A8082	BSU_26060	yqbM	BSU_26060	2,679,142  2,679,585
2992EDEC4491531F8FA57C08922A22659DC17921	new_2225616_2225829	S799	new_2225616_2225829	2,225,616 → 2,225,829
29A38D244A07ED0973D0846B652238524F4DBC67	BSU_29960	ytlP	BSU_29960	3,065,751  3,066,302
29A3EC8FB0C763A973273AA14EAEB904847C3002	BSU_33790	sdpR	BSU_33790	3,467,054  3,467,326
29A76A461E2A4B795B168E0868038302C36D1CE0	BSU_02790	ycdB	BSU_02790	300,830  302,248
29A9F7EEC3EFD8CA913877C41C1F00BCE9FF384D	BSU_08490	yfhD	BSU_08490	924,210  924,401
29B793660E4D30C0656248F3EF403FEF76FB9025	BSU_13900	ptsH	BSU_13900	1,459,384 1,459,650
29D88D2B92445C821AF75C2274302048133F3F68	new_2989552_2990726	S1105	new_2989552_2990726	2,989,552 → 2,990,726
29D91115BB3AC03538D618E54A5A57F92777EFF6	BSU_27930	spo0B	BSU_27930	2,853,981  2,854,559
29DAF5343A42EAD8DB97925FE7D049410F7B7FCA	BSU_10530	ntdC	BSU_10530	1,126,400  1,127,452
29E0A920B47CB962D1E5BCB2E4C29E6D9909369D	new_2664732_2666054	S975	new_2664732_2666054	2,664,732 → 2,666,054
29EFA7585D7B2FD3A2CDBE2F21AB6742980759B4	BSU_11140	yitU	BSU_11140	1,190,490  1,191,302
29FF363D89DAD9A3FBF9586B42D2B43EE2EDE93E	new_3622048_3622137_c	S1345	new_3622048_3622137_c	3,622,048 → 3,622,137
29FF54E2B9F4A11811F5E15885A4C02A259C7B35	BSU_06440	purB	BSU_06440	700,232 701,527
2A0B2CA7C982C03C1AFBDB3540A918EE937B06CB	BSU_36050	cotB	BSU_36050	3,714,739  3,715,881
2A2082A1AD16C6487C5E05D03158FE5FC7B71A48	new_204891_204975	S71	new_204891_204975	204,891 → 204,975
2A20EF701B9F78FC21A33D6BD8ED862323BA59A8	BSU_02390	ilvE	BSU_02390	259,016  260,086
2A2640A0501ECEA44A3C0C4842FAC053FB422A1F	BSU_11610	nadF	BSU_11610	1,237,660  1,238,460
2A270F61EC17CAEB9AFF2FEF3673F15AEE2D60B1	new_2305036_2305183_c	S824	new_2305036_2305183_c	2,305,036 → 2,305,183
2A4F429620E9AED769D25DB459A956879D5ACE00	new_49987_50086	S27	new_49987_50086	49,987 → 50,086
2A566C2CF8F7B86E05EEF4B7A268E8C102070025	BSU_36810	atpD	BSU_36810	3,781,491 3,782,912
2A5A080273CB7698DFABB147F4143E90BBCA3B01	BSU_16160	clpY	BSU_16160	1,688,676  1,690,079
2A5D7471E2010D972D8788F75BD8BDA7BC068BDB	new_1655586_1655958	S574	new_1655586_1655958	1,655,586 → 1,655,958
2A5DCBFAB51996F0DDEC964D5D178274AF86CE69	BSU_23250	ribH	BSU_23250	2,427,892  2,428,356
2A6EE9A3A5B32554E87E356B8BD4E2ED7975429A	BSU_26050	txpA	BSU_26050	2,678,240  2,678,419
2A88CC00B699ED1825A5EA81D6656EFF2D78E24B	new_3213329_3216149	S1191	new_3213329_3216149	3,213,329 → 3,216,149
2ABCC493C6CA847A7BC65B1200A9B6490621462A	BSU_34430	racX	BSU_34430	3,533,419  3,534,102
2AC693EA8E8FB70B3EEFA268C338582832F78B4A	new_210947_211412	S75	new_210947_211412	210,947 → 211,412
2AC924104E79A28EF2D0465D081FEE2E7D29D2C8	BSU_misc_RNA_68	swmG		
2AD0F2C0B0957A9E77EF9771D010ED77459B8CC0	BSU_16710	mlpA	BSU_16710	1,742,617  1,743,846
2AD4F0AA218D4B8864E43A3E501A5B7EFC6256FE	BSU_15830	rfaB	BSU_15830	1,656,064  1,656,426
2ADE304011161F86641EF38B808F6CA5CE0343B3	new_579354_579540	S186	new_579354_579540	579,354 → 579,540
2AECDA9C4D0E704976B9E2168722EC80FE7A256D	BSU_11620	yjbO	BSU_11620	1,238,523  1,239,374
2AEF6D56D884CA6A0BD50FABD27F405DC2B506C7	BSU_28990	dnaB	BSU_28990	2,964,148  2,965,566
2AF5F4142F3459A651FCB4057D6B92B9C1D76C6D	BSU_06640	yerI	BSU_06640	724,987  725,997
2B083B0486407DCBBF4C8F509CCC14DC70B6E0FF	new_785976_786536_c	S249	new_785976_786536_c	785,976 → 786,536
2B091CCEE9E34D659771E39B1FC9050A145048AB	BSU_00880	disA	BSU_00880	107,476  108,558
2B0CF10070C9C2A5D07FB1CC63405C2A29A60600	BSU_21650	yokB	BSU_21650	2,283,858  2,284,568
2B10B8FC48884A5D10A964D7446D68B87268B015	new_3989098_3989183	S1492	new_3989098_3989183	3,989,098 → 3,989,183
2B21C3569962B16C7083914B372BE7AD23A68051	BSU_26305	BSU_26305		
2B2629D275491A9F7031D5A99BAA001B011A765B	BSU_28720	abfA	BSU_28720	2,938,330  2,939,832
2B2A824CB43B4296B6B2A657E6069100924B22D6	new_663937_664318	S219	new_663937_664318	663,937 → 664,318
2B2D285D5A8F160808A21DCF07BDB924365970C5	BSU_15400	ylmG	BSU_15400	1,611,321  1,611,593
2B33F2F9C2FB0767B72A29D060037393C88ACEE5	BSU_24840	yqgS	BSU_24840	2,568,573  2,570,489
2B34C65B85D5242B7D97CAF4FBAFFEABB26004E3	BSU_37140	ywjG	BSU_37140	3,810,090  3,810,611
2B40EE6CFFDC854976A0ED5FB6B0DD7D53CFF257	BSU_07380	yfmQ	BSU_07380	811,569  812,015
2B61D17950ADE0247B0CF4AE33548E15C0DDCD9B	BSU_27550	aspS	BSU_27550	2,814,743 2,816,521
2B62584F682CF4F1544A56DB0146E90BFBE721B3	BSU_39100	yxiO	BSU_39100	4,014,682  4,015,968
2B67C63442F28F6BCBA3BA6DE4B563C73E8DF16C	BSU_15700	coaBC	BSU_15700	1,642,851  1,644,071
2B7F65B145005A8ADD2A278E3EA5A52DF162C837	BSU_08580	yfhL	BSU_08580	929,406  929,738
2B9EF24523730396C279216C26BDC73CC1A2FFCB	new_3715928_3716008_c	S1386	new_3715928_3716008_c	3,715,928 → 3,716,008
2BCB0188AE949755BA71CD4C35DF899AE9C2D203	new_2707760_2708174_c	S987	new_2707760_2708174_c	2,707,760 → 2,708,174
2BD11D71AA6D9EFAD8A209C8813CC8B059180C84	BSU_28040	radC	BSU_28040	2,861,840  2,862,535
2BD3B1B122C902C01C88C97F0D5CD20962C9676B	BSU_07670	yflI	BSU_07670	839,077  839,232
2BDA55FB10A9E8FD77B48B66F9F666A5E9DA688F	new_3145997_3146088_c	S1174	new_3145997_3146088_c	3,145,997 → 3,146,088
2BE3320FA86A7DF58A9FFF4403A4A874859DBBB7	new_3032910_3033040	S1131	new_3032910_3033040	3,032,910 → 3,033,040
2BE91EEB70A1961D3BBE0603648E64E86CD0B708	BSU_01260	rplN	BSU_01260	140,451  140,819
2BF1CA62F5B8B54A25B70721D39B5BD38C0203EB	BSU_11280	yjaU	BSU_11280	1,205,165  1,205,899
2BF4AE5D7F6723BF5ACF53578A53EA9653DFCDE9	new_2031115_2031202_c	S694	new_2031115_2031202_c	2,031,115 → 2,031,202
2BFDEB28F3B2937DCECB2C45B40D4657B4613ED9	BSU_38850	yxkC	BSU_38850	3,989,232  3,989,873
2C17028E7DC755FFC190397AC6509E383C4DF99A	BSU_30910	cotSA	BSU_30910	3,160,761  3,161,894
2C216134CB23B7102542C43D25CBEE206145E026	BSU_19639	yoyE	BSU_19639	2,136,373  2,136,498
2C2A79E6D77A228D7259C9CA4DCF1C5D89E954F3	BSU_32920	yusT	BSU_32920	3,377,893  3,378,780
2C49C261D2C7EEDD8E01A384917B63B6965B4AB9	BSU_10700	gerPC	BSU_10700	1,149,318  1,149,935
2C5158B715C8D925956D99F44BA7914C5BB7EFF9	new_3317409_3317473	S1247	new_3317409_3317473	3,317,409 → 3,317,473
2C54FE2ADC82FF414D732018C90649D477A925AD	BSU_24220	spo0A	BSU_24220	2,518,023  2,518,826
2C59AACC3FF57825B28E23B14467795EEACAB4FD	new_2982270_2982476_c	S1101	new_2982270_2982476_c	2,982,270 → 2,982,476
2C6386E9A63F410558D168798D077DF91590F454	BSU_11500	spx	BSU_11500	1,227,697  1,228,092
2C83EECFA809F34ADCA6445CF2E6BAC730D523DB	BSU_29480	ytxK	BSU_29480	3,016,646  3,017,635
2C9B0390B069EC119A3F40610CC8B54C6334FC34	new_4031646_4031766_c	S1512	new_4031646_4031766_c	4,031,646 → 4,031,766
2CA3CB1C5CEA0F7141E056290D3D50384CB92B1B	BSU_20760	yopU	BSU_20760	2,203,111  2,203,308
2CB3BAF17F59A858D249619A436EF660CAA58DD5	BSU_21830	ypjQ	BSU_21830	2,297,984  2,298,517
2CC1B4F99EFF51A1F6352C3EFBF70E36893A025C	BSU_06010	ydiL	BSU_06010	648,930  649,664
2CCB8AD9238D18BA2361020A671844C021E81EE0	BSU_16300	fliL	BSU_16300	1,701,228  1,701,650
2CD179214B14CD59289F91C28F5B2B96EAD46BD4	BSU_tRNA_54	trnB-Lys	BSU_tRNA_54	
2CD2ACC63C3CC4F4199322F9068200F3B490A56A	new_2185422_2185503_c	S772	new_2185422_2185503_c	2,185,422 → 2,185,503
2CE0C0484A70EEE40277996CD3D564A84FEAF5B3	BSU_37710	bacD	BSU_37710	3,870,668  3,872,086
2CEFD8D9692D062CC09E3DEDA1A4015C76BC4167	BSU_07880	yfkJ	BSU_07880	862,004  862,474
2D0A907ED245CFD909A292975F58971DAFAAE122	BSU_misc_RNA_33	srdEi		
2D0A95A37214E9BF58E2DE732DE9F32AAF9C1CD3	BSU_14770	ylaG	BSU_14770	1,546,121  1,547,959
2D0CB7EB3E42096FA7592C4BEB4F0CBBB8C245FB	new_235403_235489_c	S83	new_235403_235489_c	235,403 → 235,489
2D19F0C3178D126A68C6E31414899E57D006E2CE	new_549923_550239_c	S175	new_549923_550239_c	549,923 → 550,239
2D346CF412BA32EE18111DA930CFA1306F95024B	BSU_31930	ald	BSU_31930	3,278,325  3,279,461
2D465A226598B247F2F191E25642EAA0F7B643B2	new_1147493_1148466_c	S379	new_1147493_1148466_c	1,147,493 → 1,148,466
2D46E89AF6157B49BD443F47DB4A7258F22E8A24	BSU_30160	ytcQ	BSU_30160	3,085,800  3,087,296
2D4E3D6C3634C3F42A4517D5C1A8F4F48CAFF3A6	BSU_38450	dtrR	BSU_38450	3,946,394  3,946,909
2D586E815624F0D2624EC4CCA97780EC45BB5465	new_3998237_3998480_c	S1498	new_3998237_3998480_c	3,998,237 → 3,998,480
2D58D48D81ADD705B519D202568939B980AF86DB	BSU_38080	ywcI	BSU_38080	3,907,012  3,907,314
2D6DB59458834C4B861B5BD1E8BAB8D230122F62	BSU_19745	BSU_19745		
2D70A8C545DE844D470C49BFD92452CC04DB59D7	new_1401697_1401771	S478	new_1401697_1401771	1,401,697 → 1,401,771
2D75299B592258C610EA830E765F73686F7FB272	BSU_tRNA_74	trnSL-Gln2	BSU_tRNA_74	
2DA0641FA6EC81072DA585D65FE17B7E5A010AC9	BSU_10260	yhfK	BSU_10260	1,100,219  1,100,863
2DA940519924895DF9E239633C37E6B7CE723AD9	new_2307814_2307904	S828	new_2307814_2307904	2,307,814 → 2,307,904
2DA942DCBAA25A7335CFFC37E564E36BE3B625DF	BSU_misc_RNA_83	tboY		
2DB0071F2B747A7D5607C7A1B51564C25DC0BA8D	BSU_16920	pgsA	BSU_16920	1,762,623  1,763,204
2DB0F763349D34FB1FCBBB4665416E129AD0AE6A	BSU_12030	yjdF	BSU_12030	1,275,809  1,276,291
2DC415DCC2ECC3B46526108638DDB46C28832041	BSU_06980	rhiF	BSU_06980	762,942  763,871
2DE665DDDB1540E4B3F7BC953C13489A5904E47C	new_1550794_1551384	S540	new_1550794_1551384	1,550,794 → 1,551,384
2DE7BEC614129384779F4C761E0792385DECC563	BSU_03330	nasA	BSU_03330	362,937  364,142
2DEB392B2CAED2790AF4507DC6EDF59488ED6B7D	new_2456809_2456888_c	S893	new_2456809_2456888_c	2,456,809 → 2,456,888
2E0FBCA66FB88EDFD345FA289F776C7CA23976F5	BSU_02380	ybgB	BSU_02380	258,532  258,807
2E1E22349750C3EE9B6575EED30A82ED0D5F07F0	BSU_07330	yfnB	BSU_07330	804,657  805,364
2E2A86447B7AA8D5490AF555CAE177C3B833ABF9	new_2432916_2433315_c	S884	new_2432916_2433315_c	2,432,916 → 2,433,315
2E2D21BEA164C7EB93B6A3F3C990ABD475920A81	BSU_09660	yheN	BSU_09660	1,040,861  1,041,709
2E38435D71BA99A07BCBE95A80462291A0FEDCCC	BSU_14650	yktB	BSU_14650	1,536,235  1,536,873
2E4FF80C857B3F40BA835814EC40D6562721AEFE	BSU_04980	yddI	BSU_04980	545,026  545,532
2E55D086DD5023B98929FB8B61238C00E66B8BCB	BSU_06770	yeeB	BSU_06770	742,939  744,738
2E57DFB4162EF0CE759C1FC42C637E1B9E4B2F7E	BSU_25490	hrcA	BSU_25490	2,628,606  2,629,637
2E5A557E417CB355331CC0555D46A79793EB90B3	BSU_04660	ndoA	BSU_04660	518,943  519,293
2E73F8DD89F7CFCDE7FAFC58220D8171D0913BAC	BSU_16320	fliY	BSU_16320	1,702,672  1,703,808
2E7DEC53A130247E66225E87950D702E462C324F	BSU_32450	pucL	BSU_32450	3,333,162  3,334,646
2E9D10B0FA5685800007222A5AAD71E975675DB1	BSU_06150	gutB	BSU_06150	667,466  668,527
2EA9792C1C7CD89E43742F57FFB7300725B6AEF4	BSU_26470	yrkL	BSU_26470	2,708,175  2,708,699
2EB790AD1872ABCB57B784296C04C773AEA9C22B	BSU_34990	lgt	BSU_34990	3,593,419  3,594,228
2EB9E0C492DF57DF683817E31D6DD34D7580E631	BSU_07810	treA	BSU_07810	851,850  853,535
2EC813B89149AD39405E66C325FB2684B5987162	BSU_14960	ylbC	BSU_14960	1,566,379  1,567,419
2EC820F54911603A99444DC922E41C60AA526EB2	BSU_32330	lipA	BSU_32330	3,320,324  3,321,220
2ECF05AEE1549861EB3AE62139F0E9DEE0B0F632	BSU_08090	acoL	BSU_08090	882,266  883,642
2F0495C7EAB81BDB1F3181677C555537BD2A972F	BSU_16330	cheY	BSU_16330	1,703,834  1,704,196
2F09D777C3A6569EE9B866C8A78E9187FDC34520	new_3996731_3996828	S1497	new_3996731_3996828	3,996,731 → 3,996,828
2F2455E189FC61A6B1EC6B66412FC662E44BD3F6	BSU_01380	map	BSU_01380	146,527  147,273
2F40086E35FA32136B9A89C530A86D714FE9460C	BSU_14600	pdhC	BSU_14600	1,530,537 1,531,865
2F4A025B8E3F14764D24CD7E33F7608C2EB1C42C	BSU_24120	mmgF	BSU_24120	2,507,298  2,508,203
2F5683B654BD1B7FA4D55011CCE6413C38DB3F4D	BSU_12270	yjlB	BSU_12270	1,297,726  1,298,223
2F5DFBE980FFF5810B76BCFCD189BA0F6C415B4F	BSU_27500	trmU	BSU_27500	2,809,413  2,810,528
2F79DB15D359A127C2D833CC0465E18E1725F539	BSU_14430	ykpA	BSU_14430	1,512,373  1,513,995
2F850E2DFA6287DB3890243803E06FDE7ACDB10E	BSU_10550	ntdA	BSU_10550	1,128,286  1,129,611
2F86A2FF36ED00DB0A9A91B064EBD095F5E759ED	BSU_09600	fluC	BSU_09600	1,036,953  1,037,309
2F9C623DDF9F93EFD46F024FDA3AF2A92FC9BF7A	BSU_36190	ywqJ	BSU_36190	3,725,600  3,727,408
2FB072AE02DBCCF1FB39F1464169E283CD039532	new_1744182_1744236	S597	new_1744182_1744236	1,744,182 → 1,744,236
2FB1C9435AE924F8E450AFA81F800196A871F2D0	BSU_04990	yddJ	BSU_04990	545,595  545,975
2FB214DA3CEC74531B1E10AFCD8A13440483E886	new_1289139_1289257	S446	new_1289139_1289257	1,289,139 → 1,289,257
2FB3F09DA60A40212FE20217A64DAE714AB807CF	BSU_38540	dltE	BSU_38540	3,956,492  3,957,250
2FCC71494ABD640AB009B155299EA888B88F90A3	BSU_13070	bstF	BSU_13070	1,375,260  1,375,787
30033E43FB79FA59033D53D117F42DCCAC27D66C	BSU_12619	ykzL	BSU_12619	1,330,512  1,330,895
301568A5255A31538F52C46D7711EDAB2BD9CE90	BSU_23510	xerD	BSU_23510	2,448,591  2,449,481
3021F7C1217465E423A0675EF68BB81AF759EFF3	new_257545_257726	S90	new_257545_257726	257,545 → 257,726
302DFA46D73E18C4663468ED6033C55056744475	BSU_11430	oppA	BSU_11430	1,219,849  1,221,486
30363923724EBD39C27967B25B486C71453190D1	BSU_23650	yqkC	BSU_23650	2,461,621  2,461,860
30393F16CFE89E7BAD233A0BD27B77D679F7E409	BSU_05940	tsaD	BSU_05940	643,258  644,298
304B9C3ACF293C6AF50F53A721CBF0CFF1573D7B	new_3823159_3823531_c	S1447	new_3823159_3823531_c	3,823,159 → 3,823,531
3054CD45713BBD69C2A528DE24AF6AF37175FD9D	BSU_24450	efp	BSU_24450	2,538,115  2,538,672
305DCA94A69BCF64E377F142722A035871A3B824	BSU_38620	aag	BSU_38620	3,964,278  3,964,868
3075327DBE55C4F628171AEE248CAED5870693FA	BSU_19630	deoD	BSU_19630	2,135,470  2,136,171
309EAC680ABFF0B736E01F0B9BDFBB2FCBDB1BBF	BSU_14700	nprE	BSU_14700	1,540,036  1,541,601
30A4306899B586898BC5B3666AD43D9DEE0579E1	BSU_26960	yraF	BSU_26960	2,753,065  2,753,433
30D16B0061BBE33B6B53F219A6654A40F2185C53	BSU_20810	yopP	BSU_20810	2,206,682  2,207,758
30E0AAABB803E577D0D9FBAEF9031319CABD3D89	BSU_25470	dnaK	BSU_25470	2,626,112 2,627,947
30E52226538965F2AF1EC34F5E4A14CA8B4CDE26	BSU_40010	yxaD	BSU_40010	4,109,185  4,109,616
30EAEE67EFEF41366ADBAD6BACFFC1933539866D	BSU_06350	yebA	BSU_06350	690,364  692,577
30F6A051E8035A9479FDAE89690132491554CE59	BSU_28330	ysnE	BSU_28330	2,898,292  2,898,747
31017AAB0CE67E96B0395BAC47C35F8A680F47E3	BSU_20100	yosJ	BSU_20100	2,166,658  2,166,852
3101AF7DF4E5E016C9E1B67A2B9BD8ECAD0034A7	new_3346117_3347050_c	S1254	new_3346117_3347050_c	3,346,117 → 3,347,050
3104282F5897FAF8AF2ABF1984362D2A660364AB	new_1921866_1922524_c	S661	new_1921866_1922524_c	1,921,866 → 1,922,524
3111ECB66CD3CFF0494AA3DF4D646102CF3B0FA8	BSU_28540	fadB	BSU_28540	2,917,166  2,917,942
3113440FDD226E08962D0EB515A812053658A80B	new_4053373_4053453_c	S1519	new_4053373_4053453_c	4,053,373 → 4,053,453
312E2A4ADFBCB9DD9AD9EEEC9FE53F3932AF5DBA	BSU_04070	ycsI	BSU_04070	459,049  459,822
314223775ECB9E969F4F898584FC4E5379E86C7F	BSU_38860	galE	BSU_38860	3,989,948  3,990,967
314CB4923D15140E72B0ABAFE3E8BE9CA7310E10	BSU_27250	mccB	BSU_27250	2,785,001 → 2,786,140
314D5C01B4BDDC3B122F6D4066647B143B2A6543	BSU_29840	ytpP	BSU_29840	3,054,188  3,054,511
315892752D6907DD85D5F45387E5996E52E1FB61	BSU_20570	yoqN	BSU_20570	2,195,564  2,195,782
3161519994609DA9360ED6E073E4A4C8C6210EFB	BSU_04190	ydaD	BSU_04190	471,709  472,569
3162EF36F4441A1E4EBBFDAD19F6768D8EF21B29	BSU_32440	pucK	BSU_32440	3,331,857  3,333,149
31789A170CB624BF8210C915F40007F802F5C81B	BSU_15380	ylmE	BSU_15380	1,610,170  1,610,862
318618D2FB485EA2A08AD8468B1144ACC1CA2B99	BSU_25770	spoIVCA	BSU_25770	2,653,371  2,654,873
31977FDC549E45911C333623DCA3D8941A93D8FF	BSU_30440	ytrC	BSU_30440	3,116,996  3,117,982
31B1832E5EAD957EE6A5C7CB0C117EC0F26AA8AB	BSU_12650	xkdK	BSU_12650	1,332,402  1,333,802
31C8DCB4E1E225AC92EC2E11835234C4668AB326	BSU_00290	darA	BSU_00290	39,871  40,200
31D6CB7EC20C39C1815CA4552B8B9C4BE304E86B	BSU_23402	spoVAEB	BSU_23402	2,440,423  2,440,773
31E1E8B84FFCAF13B9793110B263D399BC5DFCD4	BSU_22869	ypzI	BSU_22869	2,393,422  2,393,559
31F6A8A33D360A77A3C396309CD45AECEDF743E0	new_1943983_1944112_c	S676	new_1943983_1944112_c	1,943,983 → 1,944,112
3201DCB2910E1442A66195868DF7574A42918F6D	BSU_06074	ydzW/2	BSU_06074	658,061  658,189
321BFB8FA97A749B1C569812A192EEE2AF348F97	BSU_16299	swrD	BSU_16299	1,701,016  1,701,231
321F248C22D7283C0F3323F1F4069E36F8D7FE6C	BSU_09420	lytE	BSU_09420	1,018,998  1,020,002
3226901F1D7C1F21296AB974CAE3656C18BE8F69	BSU_07080	yesZ	BSU_07080	774,799  776,790
322BE299860795A70EFA78B8E2614CCCC1CE7C87	BSU_06280	ydjP	BSU_06280	681,547  682,362
3235789DB1E0CEC75F7D1110F4B1E1740D66F78A	new_3261938_3262008_c	S1219	new_3261938_3262008_c	3,261,938 → 3,262,008
3239EF9F973C07291C8EC9C8CDD02AE690E7E479	BSU_18899	yozX	BSU_18899	2,060,009  2,060,233
32478A9034D9C2BF2B2E5F9FFB282B2A36ADCADF	new_2340762_2341218_c	S845	new_2340762_2341218_c	2,340,762 → 2,341,218
3251E8D3C07644B52B66B76E38BBA9D26B45C66C	new_2377495_2377626_c	S857	new_2377495_2377626_c	2,377,495 → 2,377,626
325BCDCAB4003204294229B7F9F0A5F353D72B54	BSU_11360	appD	BSU_11360	1,211,477  1,212,463
325CC0BA74E34D8274629622F455B31A800C8352	BSU_tRNA_2	trnY-Asp	BSU_tRNA_2	
325FE4AF87F47F43F2C06AC9FAF107B6D3F54DEF	BSU_18400	yoeD	BSU_18400	2,004,262  2,004,492
327BF988C3D50598DF8F3CEEC62934A44E81767F	BSU_05680	ydgK	BSU_05680	613,641  614,849
3282D2C25468776881778006F182FCF322C4821D	BSU_36550	spoIIQ	BSU_36550	3,759,702  3,760,553
32894F33BB08C8FD9239CC217B2299F04F22C99B	new_2866605_2866663_c	S1060	new_2866605_2866663_c	2,866,605 → 2,866,663
329E4DF9EF1545AABE485B9BBCD22F09ABF019A1	BSU_08310	lnrL	BSU_08310	905,816  906,751
32A1298B21C25A676D4FF2158FEA28AD6CF0C01D	new_2574324_2574407_c	S934	new_2574324_2574407_c	2,574,324 → 2,574,407
32A70ED6A8492CF2639C6778EC377F8299F23964	new_3847279_3847347	S1451	new_3847279_3847347	3,847,279 → 3,847,347
32CE4F77F08F926152BECAB56E2841E1FFB27600	BSU_36780	ywzB	BSU_36780	3,780,162  3,780,392
32DD5C61F0F8147DEACBCBBE1283B4E2C88E96E9	BSU_13550	mtnA	BSU_13550	1,422,172 1,423,233
32EFD928DF70FC3C9847DB214AD92258F4529133	new_2212521_2213082_c	S788	new_2212521_2213082_c	2,212,521 → 2,213,082
32FEE00AD7E4B4346E3F2F4DAFA48B1FECE4666E	BSU_misc_RNA_84	bsrI		
330C4CEB4FEBE3D6E77A9A8582A23A12B8C6A55E	BSU_14820	ylaL	BSU_14820	1,550,797  1,551,282
330CB6A25181F7AFD3C63F73CA21A3428882D100	BSU_11040	yitM	BSU_11040	1,182,448  1,183,032
33145376BA8037C3AD1FFBF5588EF3003AC123C9	new_2778574_2778790_c	S1024	new_2778574_2778790_c	2,778,574 → 2,778,790
331993A875907C10C77105FD8DDD86D4412CE405	BSU_11520	mecA	BSU_11520	1,229,068  1,229,724
332A5641DC4179CE0F780A7A9D570A2BEFB2B28D	BSU_19280	yocN	BSU_19280	2,099,127  2,099,360
3340C749B352DA3207C50C90F4C48E604ABBC94E	new_3666508_3667599	S1363	new_3666508_3667599	3,666,508 → 3,667,599
33459D4389F85D60311FCE770BBA0ED9802BA342	BSU_28140	hemD	BSU_28140	2,875,173  2,875,961
3347F17291D53021B37F9CF02BFDDACB643E413E	BSU_tRNA_17	trnJ-Leu2	BSU_tRNA_17	
334B1821491A5F5749FC66576D09FD5233F77A3D	BSU_11320	yjzB	BSU_11320	1,207,818  1,208,057
33524051EE947C20CB4E089D4BB386822B92BC28	new_2518877_2519029_c	S914	new_2518877_2519029_c	2,518,877 → 2,519,029
3356A43B83E2D4D66098F17A751F0912C1553398	BSU_04960	conG	BSU_04960	541,578  544,025
3368743E6E03792DB83A38A19989123304DF7560	BSU_35800	gerBA	BSU_35800	3,688,812  3,690,263
337BF226112A48C39A24E6D5C7A63F864502914C	BSU_25260	glyS	BSU_25260	2,605,730  2,607,769
337F1E27C2E380DF8DCADE3581F74CFF52AFD224	BSU_13610	mtnB	BSU_13610	1,428,940  1,429,569
33802DAFFE2088F4ADA0DCF25B4451419B8D4C80	BSU_14569	ykzV	BSU_14569	1,526,859  1,527,017
33886A1EAC13B684E92BF94201C46617AD2844B3	BSU_24460	papA	BSU_24460	2,538,697  2,539,758
33AA2F1997ADDE3873EFEBAC4BE917FF5EAFD814	new_1569427_1569518	S549	new_1569427_1569518	1,569,427 → 1,569,518
33B9943A89D843D42C329333998680A586A957C5	new_3790498_3790582_c	S1428	new_3790498_3790582_c	3,790,498 → 3,790,582
33BEC05F2129EBAF6699E847B0909A5A48F0E869	BSU_34460	levB	BSU_34460	3,537,507  3,539,057
33C3EDF3709AC835C9C50B1B7978BA7C23EC9B9E	BSU_40690	yybC	BSU_40690	4,181,982  4,182,461
33C4026ABC642B03D7D857E51677F2DFAA31A144	BSU_22520	ypjB	BSU_22520	2,361,544  2,362,338
33EDE5BD4CD4CD903CAAB244A1F07C1162D92131	new_9529_9614	S7	new_9529_9614	9,529 → 9,614
33FBC31E8C24177137B0BDD8B46C1AFFD7F7B038	BSU_25289	yqzL	BSU_25289	2,609,750  2,609,893
3407F99B1E0CDF222090A632FE6CEC7CAF582EC4	BSU_25875	BSU_25875		
3416CB670B861D3F4ECFF87AE6E4397F6D7304FE	BSU_07320	yfnC	BSU_07320	803,317  804,546
3419C30A2519FB3342AA86D3F5BFB08D39AB2574	BSU_rRNA_12	rrnE-23S	BSU_rRNA_12	
341F198B2BD4261B20C00181D084A7C5E33E39B3	BSU_22480	mgsA	BSU_22480	2,358,911  2,359,324
3422E4C34EAAF355A9767F1AD8DFAE9A6A756F0C	BSU_00300	yaaR	BSU_00300	40,213  40,653
34360353D4488F1081FEF9A3CF8F1866D271657D	BSU_26600	bltD	BSU_26600	2,718,344  2,718,802
34380A2F469ACFD90D450717A41D6F5CC19DCD7E	BSU_21040	yonO	BSU_21040	2,222,574  2,225,093
34426672E4F35585E0B84941BC23A9B6CEEA0E7E	new_3906104_3907171	S1466	new_3906104_3907171	3,906,104 → 3,907,171
34451538F10B4ABCFC8A236C8C905A20D989EBCF	BSU_04840	devI	BSU_04840	532,292  532,552
3459BA0CDAABC288ADF97B111F78C7EAC184840D	BSU_22900	ypfB	BSU_22900	2,396,798  2,396,974
345EC248C0ADF48B0C25B175241AAE982E0E9B78	BSU_09340	yhdA	BSU_09340	1,010,445  1,010,969
3475FAF40F89BF76C222109CCF652258358DF2BD	new_2730921_2731106_c	S1002	new_2730921_2731106_c	2,730,921 → 2,731,106
3477918419D5240DC2838A25BEDF9C1522BE301A	BSU_misc_RNA_28	BSU_misc_RNA_28	BSU_misc_RNA_28	1,620,331  1,620,445
347ACF1D4E2D0C1B4E9DF0DEA9807A6A7D1519AC	BSU_16480	swrB	BSU_16480	1,717,286  1,717,789
348EAFC260435B3E0ED3CC7BC27EBA8DCFCBBEDC	BSU_13280	ykoJ	BSU_13280	1,394,776  1,395,288
348F81B6ECB6FFBEC092A672FF5F40FE86918872	BSU_02560	ycbM	BSU_02560	279,059  279,994
349C99C258331962455100E2662DA2272E946C8A	BSU_02520	ycbJ	BSU_02520	275,838  276,758
34A5CD28A3DBCB10B4E1C82E50143FA73B553919	BSU_13830	ykvU	BSU_13830	1,449,250  1,450,587
34A7E22B4EF118EF5A76F8CC2DABBB023BC9A2E9	BSU_08460	yfhA	BSU_08460	921,472  922,503
34B0FA6E7E25D1E5D8A54B70F5562BD0BD05B498	BSU_16020	rimM	BSU_16020	1,674,650  1,675,174
34BF8DDB9607668BD5352E56BD70118257432997	new_3028207_3028296	S1124	new_3028207_3028296	3,028,207 → 3,028,296
34DBBDD76A0B36867E5116FF17391DF70062F745	BSU_38490	menA	BSU_38490	3,950,726  3,951,661
34E3F8DA2718E72321336B67F055F9D24544988B	BSU_36140	ywqO	BSU_36140	3,722,568  3,722,789
34FA6237AD1D888F869A128A241B4AC60C1CF8C9	BSU_17678	ynzJ	BSU_17678	1,901,612  1,901,737
350A0C0D0ADB2A8E8DA9900E75A0D9914F18C665	BSU_32130	guaC	BSU_32130	3,303,042  3,304,022
350C97E4A4C60A6E2FF9610D50B4A49FB9F9B42D	BSU_29360	tcyL	BSU_29360	3,005,859  3,006,578
351E1570105EB3DAAA2EE9F91E199057F2FCC21D	new_3905066_3905130_c	S1465	new_3905066_3905130_c	3,905,066 → 3,905,130
35225776F6044513D3E77DBBD6A7A8FE976F506A	BSU_05870	gmuF	BSU_05870	631,808  632,755
352544F3E79943E94E28A6EB5F4C543B529A02D1	BSU_27010	adhA	BSU_27010	2,756,312  2,757,361
35302A6451C81D203D8244B71E1C92BB0B9E87C4	new_1414827_1414907_c	S482	new_1414827_1414907_c	1,414,827 → 1,414,907
353DADE8E57A0F1895CCEB62701F9273EEB5EB45	BSU_04360	mntH	BSU_04360	491,147  492,424
3542BC20C11985B3CFAA4F930E8D794700ADFD2E	BSU_02460	ycbC	BSU_02460	267,890  268,816
354C71C2F6AFE620866D90595E6AC6CEFA5705C3	BSU_02530	rtpA	BSU_02530	277,160  277,321
355831F9CEF8EE75D0A33F1B93CEF2B3FF1095C3	new_1228135_1228924	S410	new_1228135_1228924	1,228,135 → 1,228,924
355E70F55A28C6C2C24E8E326EFB673AC303FBEE	BSU_36000	alsD	BSU_36000	3,708,799  3,709,566
356031B29C70F4D76F42FDE46CF039A4FE30697C	BSU_38780	yxkI	BSU_38780	3,981,227  3,982,915
357F0D1253F5B010AE5CBD425FF3EE72C97BA10F	new_45524_45632	S24	new_45524_45632	45,524 → 45,632
358EACB735F46F7DBA2F2A132177939D80140477	BSU_00450	sspF	BSU_00450	53,183  53,368
358EB6E569B72BB7F6B644BFD9FF4185D911D36D	new_2043933_2044037	S702	new_2043933_2044037	2,043,933 → 2,044,037
35A126D1B4314D2E44D57921C7728C194DC332EA	new_746000_747189	S244	new_746000_747189	746,000 → 747,189
35ABF185A1AD60E21ECF32AF9D01123307B5152D	BSU_04536	fbpA	G8J2-18	
35B335EBD02402B74124F60239E2FF8BAF1553FB	new_2464120_2464226_c	S898	new_2464120_2464226_c	2,464,120 → 2,464,226
35B40D812B123766B469B8E5C0FE0EB69F671E4E	BSU_23790	yqjP	BSU_23790	2,471,787  2,472,746
35BCEEEDE4EBCBD821AC643CCECE8C15D85857CC	BSU_32120	yuzG	BSU_32120	3,302,623  3,302,763
35CEFA2C43B039921C86F4ABB56CFF98E84B7D73	BSU_26160	yqbC	BSU_26160	2,685,162  2,685,815
35D55DEE3230FB4E3B35098895CB4FE02C9FE9E3	new_1056384_1056537	rosA	new_1056384_1056537	1,056,384 → 1,056,537
35E1992CA729783A8F35506786BF40158E29A072	new_2635740_2635814	S961	new_2635740_2635814	2,635,740 → 2,635,814
35E6C81BE481C3E57CF47B781580368C3AC15D83	BSU_39270	bglP	BSU_39270	4,033,778  4,035,607
35E890DE5096DF603FC16EF5F2CDF329CE104690	BSU_26850	yrpG	BSU_26850	2,742,909  2,743,889
360D866E939DDB822AFAC589D563B191A88695CD	BSU_12800	xhlB	BSU_12800	1,347,013  1,347,276
360F48D576DE950DF79C1A2677B7A35A8D8CC30C	BSU_25200	sigA	BSU_25200	2,600,214  2,601,329
36141E33988A8709B24CBE63D07D5791B449A316	new_2221639_2221791	S796	new_2221639_2221791	2,221,639 → 2,221,791
3633648B41FD1AF7515FBE0C265A88A6CEC35276	new_2333056_2333210_c	S839	new_2333056_2333210_c	2,333,056 → 2,333,210
363C6FE07C5E56FDE6BEC6ACFBA1A5535F0F64AC	BSU_25570	comEC	BSU_25570	2,637,543  2,639,873
364BC3B51D8DF152C2DF31046D4F80595C75884B	BSU_27230	forE2	BSU_27230	2,784,170  2,784,652
3664F0BCC00B206160577FE07DADA5B9A62F79E5	new_2925027_2925099_c	S1080	new_2925027_2925099_c	2,925,027 → 2,925,099
366AB3AAD0B50436AA6C3F072FD1FBB1BC2F814D	new_2483514_2483788_c	S905	new_2483514_2483788_c	2,483,514 → 2,483,788
36930CC6FDFCA23D43E264FEA375B78A1434E1BD	BSU_38200	galK	BSU_38200	3,920,638  3,921,810
369DAE49D27AF885C0FC312623FAFA61ADBAE373	new_946423_946695	S304	new_946423_946695	946,423 → 946,695
36AF02B4EB416ABCA3F0E4C5A4126E777A20C7D1	BSU_07390	yfmP	BSU_07390	812,140  812,562
36B039D1D8CCCC47FAAA2F236E05A8D6669F14F3	BSU_19150	yocB	BSU_19150	2,086,743  2,087,525
36B8B56BE99C83008479004D7E903F2AED516B2D	new_1569001_1569224_c	S546	new_1569001_1569224_c	1,569,001 → 1,569,224
36D17C69D794A335EBBFA10B87B5EDC9CE0D7733	new_4086646_4086801	S1529	new_4086646_4086801	4,086,646 → 4,086,801
36EDC805DDC05D2B0FE5C90BFFA06E79C3F5D3C6	new_2609894_2610040_c	S957	new_2609894_2610040_c	2,609,894 → 2,610,040
36F4E138C9A244AB7EDF3AE3067EC8465B47F3F3	new_2787066_2787129_c	S1033	new_2787066_2787129_c	2,787,066 → 2,787,129
36F6585A2EB990FE06A09AC56F2DB4E67CAEEE28	BSU_05110	ydeA	BSU_05110	558,408  559,001
36FF9F097682D8BA8D7359BFEAF71ACE8E9E90D8	BSU_28390	racE	BSU_28390	2,903,217  2,904,035
370DE2A78CE589AF9E205F14D53295BEBA5A6E85	new_1673515_1673619	S579	new_1673515_1673619	1,673,515 → 1,673,619
372AB4A4E035BDF59483168772BD9D285EFE9BA6	new_339879_339987	S112	new_339879_339987	339,879 → 339,987
372F2A420309DB0193AEF36A740EBA26410F97F2	BSU_02490	ycbF	BSU_02490	271,800  273,167
3743A3CE41D5373316572E634845166ADE5F4A0A	new_1863194_1863382	S619	new_1863194_1863382	1,863,194 → 1,863,382
3744083E3BB30A64D15360A12636665F76C40327	BSU_25510	lepA	BSU_25510	2,630,910  2,632,748
3746418A3DCCDAB745D98EC583EC05A9526D0F55	new_3060674_3060844	S1147	new_3060674_3060844	3,060,674 → 3,060,844
37664AAEBFFDE1F7D17EA7C032805EA051FBE6AF	BSU_00510	prs	BSU_00510	57,745  58,698
3769B79A180412C0FE98B3FC54BA49750BAFEDF6	BSU_18560	yoaD	BSU_18560	2,024,042  2,025,076
3770C8117BFDA718F219951B7DED84237F1A8857	BSU_rRNA_14	rrnI-23S	BSU_rRNA_14	
378B77412D0DEA220A97DEC246410509D9B74D46	BSU_16630	infB	BSU_16630	1,734,009  1,736,159
37A6C8ED387EB28E434389DEE19E5D66FD91C3BB	new_2897469_2897599_c	S1073	new_2897469_2897599_c	2,897,469 → 2,897,599
37A9CD057DC311397B9A5757F6ED7AE6998F6D5D	BSU_06240	bdhA	BSU_06240	677,911 678,951
37B8B671B84266A7D65B90A9077A0DFF458D1851	BSU_35310	hpf	BSU_35310	3,631,003  3,631,572
37C8C1397AEE0E8799F994164C9DC1858804C5E4	new_1879781_1880041	S625	new_1879781_1880041	1,879,781 → 1,880,041
37CC78583F8F238408E7D1FECD78CC9313382AA2	new_3361112_3361196_c	S1259	new_3361112_3361196_c	3,361,112 → 3,361,196
37DA3A036937660AA750065B46B581D911D73D00	BSU_27540	yrvM	BSU_27540	2,813,643  2,814,407
37DAD42A391E2FC506225EAF91B8F21629A401DF	BSU_27990	minD	BSU_27990	2,857,776  2,858,582
37FCA7EEB0E7C4242993315317D753776591BF25	new_1219686_1219848	S406	new_1219686_1219848	1,219,686 → 1,219,848
3801FD18D7B59C0461FA0834AB1412F95C325B9C	BSU_02780	ycdA	BSU_02780	299,438  300,502
3808A4D88D5EE116AF83F6F97943765A07F3373B	new_3231069_3231811_c	S1205	new_3231069_3231811_c	3,231,069 → 3,231,811
380C5DF3469E6AB2B25EAA89936D09E394E1BF36	new_2410590_2410694_c	S875	new_2410590_2410694_c	2,410,590 → 2,410,694
38173C76C27A7178CEE66E3642533EB34828C2CB	BSU_12610	xkdG	BSU_12610	1,329,555  1,330,490
382BFF4C53352FD96ECC29F2F6F7C21515BF2A91	new_2288652_2289883	S818	new_2288652_2289883	2,288,652 → 2,289,883
384D4D4C58FCBEB46B762E01478F4081FC6FAE4A	BSU_16980	spoVS	BSU_16980	1,769,935  1,770,195
3856602E9FBCF23869F181CE75D92C9570A651CF	BSU_25420	yqeW	BSU_25420	2,620,717  2,621,640
3859854178E573AE8ACCE6DF85E32C495D316DA1	BSU_28780	araD	BSU_28780	2,944,983  2,945,672
3861BC421A4F790B342CCAD873E6FA580F174447	new_4065569_4065980_c	S1521	new_4065569_4065980_c	4,065,569 → 4,065,980
3863349864C31FD61D101BB03FBBCD0F146FFD40	BSU_33880	yvbJ	BSU_33880	3,474,106  3,475,923
386BB8A42AF9FEB27FA3CABEDA21AA153A544316	BSU_28680	glcD	BSU_28680	2,933,185  2,934,597
386D4F640E987E3752BEBE57BF25DF487D12EFCE	BSU_37930	ywdK	BSU_37930	3,894,030  3,894,401
3874C566F1C71F985C86726458B8544F115A6396	BSU_05260	ydeN	BSU_05260	573,452  574,024
38767691AE7E09F46B9E97A60BF5358C1876EDF8	BSU_09270	glpP	BSU_09270	1,001,744  1,002,322
387EF370CE24F7A3C20789A57329A02EBED46F53	BSU_08300	lnrK	BSU_08300	905,010  905,672
389245FDE13226D65DF117E28B5DA346DC856860	BSU_21690	msrA	BSU_21690	2,287,529  2,288,062
38989B6CB025AE110709E2EA2025EFD425328FFA	BSU_09670	dat	BSU_09670	1,041,994  1,042,842
3899DF460037B569066F452EC50AD97672AA5ACA	BSU_19830	yotM	BSU_19830	2,152,265  2,152,852
38A0EB99AEF7E529E5B5DD8589B58B5A57067793	new_3999273_3999349	S1499	new_3999273_3999349	3,999,273 → 3,999,349
38AD697B6C9967B8BD7496E31264A21F6D0A9DEE	BSU_11470	oppF	BSU_11470	1,224,533  1,225,450
38CC84343C47CBF37F007E9056A9248869C396E1	BSU_40880	exoA	BSU_40880	4,197,780  4,198,538
38CD92FECE77ECFF8E87EC5111B1414F2164934A	new_3457942_3458026	S1288	new_3457942_3458026	3,457,942 → 3,458,026
38DBA751456A0C0EC5D028939ADB8860ADA28F94	BSU_37890	spsC	BSU_37890	3,889,732  3,890,901
38DF74800FC5D54183C58B0EB82BD9A3EB93EE33	BSU_27610	apt	BSU_27610	2,822,901  2,823,413
38E3A2DDE1D1179E20F50E323A3AF8B8667D57A5	new_519083_519559_c	S163	new_519083_519559_c	519,083 → 519,559
38EABA6E1998FF194B6EEB6ACDC800615E998BD3	BSU_11580	yjbK	BSU_11580	1,235,912  1,236,484
38F2339200F05D55B588CDDA8FC0D693B37A33D2	BSU_11030	yitL	BSU_11030	1,181,499  1,182,395
38FD9805815BBDDD83789F0F402C0FB221B65FF4	BSU_15170	spoVD	BSU_15170	1,584,214  1,586,154
3918D82756A64E86E96A21ACEB34B0CF992D662D	BSU_31770	yueI	BSU_31770	3,261,539  3,261,937
392921E3C53846236DF75D7585697969B11AF2F3	BSU_15350	ylmB	BSU_15350	1,607,556  1,608,836
3936E91C062074BFE4284B54A8CC33F35F94F5EE	BSU_23470	spoIIAA	BSU_23470	2,444,645  2,444,998
393BF02C7393553E288C3AC4E55F51021F9BD32D	BSU_39210	yxiF	BSU_39210	4,022,258  4,022,728
3958DAC46AEEE8FB57CBC7C57489226B1F9429F2	BSU_14690	yktD	BSU_14690	1,538,770  1,539,684
3969BBDF8AB5F2B7FABA6C90BC2E4184C3C3E920	new_887222_887809	S283	new_887222_887809	887,222 → 887,809
39749B5EADC3C056BAF232E0B586C65B989F7F77	BSU_19700	yodP	BSU_19700	2,140,898  2,141,725
397FD56AE92A20979B0581CF1D75B5CD6F5436E2	BSU_19100	yobV	BSU_19100	2,083,067  2,084,008
3985A2C1D733B4D652460832C55F00CF36286699	BSU_06050	ydiN		
3985F88334D7B034A66473C5BB39188AB61A65F6	BSU_38260	efeB	BSU_38260	3,926,682  3,927,932
398924959D6C82918617C4B050F72D5E78EE12E9	BSU_25230	yqxD	BSU_25230	2,603,373  2,603,867
398E6FAC317D9BD81FB80A7CC9DF1CC757F2FA98	BSU_14230	ahpT	BSU_14230	1,492,875  1,493,321
39AB5A4DB00CE399724F40CF250A17CC7630F7AC	BSU_32859	yuzM	BSU_32859	3,373,743  3,373,988
39AC0297DB60BE94D8AE91FAF5D6F1E111520007	new_2057588_2058714_c	S712	new_2057588_2058714_c	2,057,588 → 2,058,714
39ADC65CAEDB63BC85177B4769B20213A15E0B40	new_1413790_1414949	S481	new_1413790_1414949	1,413,790 → 1,414,949
39B73AADBFD42203ADFA2E834697799E6430A086	BSU_35160	uvrA	BSU_35160	3,610,064  3,612,937
39B7894C60315ECBFC2264734815F49205979F3E	new_3760558_3760693	S1407	new_3760558_3760693	3,760,558 → 3,760,693
39D18BAC4A138F7FB97E1A0EED2E63E7EED00732	new_2203597_2203983_c	S782	new_2203597_2203983_c	2,203,597 → 2,203,983
39D64F294CDF64A3F5334CDEDEA642E519C89B6F	BSU_09770	yheD	BSU_09770	1,050,811  1,052,172
39D784C0C8FDE5BB92D27BCE30D87BF74E62CAF2	BSU_tRNA_19	trnJ-Pro	BSU_tRNA_19	
39DF4DDC88B4317E8273E8BEB91C6541211512ED	BSU_39440	yxxB	BSU_39440	4,053,454  4,054,281
39F7CD04CDDA977DBC08FCDB6069B865BDAC5F32	new_4154404_4154500_c	S1552	new_4154404_4154500_c	4,154,404 → 4,154,500
3A0BC04A1A61ABA747838CAF5FD513D9ABE23201	BSU_05790	ydhK	BSU_05790	624,492  625,109
3A1A8407A6E5F2C047237665E84378B947E8FD24	new_4186449_4186607	S1572	new_4186449_4186607	4,186,449 → 4,186,607
3A261BD0444BA5C4F2D64B24126C76F80F44A4DD	new_88050_89566_c	S41	new_88050_89566_c	88,050 → 89,566
3A287357BE789CDABAD7B69BDCC09205717FF305	BSU_08779	ygzC	BSU_08779	954,579  954,851
3A31F83C793EFCC430E79BA4F1A8BB421490FE26	BSU_06820	yeeG	BSU_06820	749,775  750,797
3A45214C724902530D9808D41EDA20AFF71D1D59	BSU_18370	yoeA	BSU_18370	2,000,960  2,002,351
3A4553D9174A20875C61AFAE5FD141618524734C	BSU_misc_RNA_34	BSU_misc_RNA_34	BSU_misc_RNA_34	2,320,113  2,320,213
3A54C644DD1CCA5C08CB9C5CD648D44889E68D23	BSU_03420	nin	BSU_03420	371,729  372,127
3A59D4D0E621001AFC8D548380D35944E1029F0B	BSU_20900	yopG	BSU_20900	2,211,884  2,212,015
3A756A845ADA88DA569FA9A1B484DA43A28C6F4D	BSU_03560	ycxD	BSU_03560	406,131  407,465
3A89444BA25E4940C4197AACBD8B66BC1C65A493	BSU_26250	yqaN	BSU_26250	2,692,933  2,693,361
3A8E0417C4EC85FDDE1178B775F6579C8F1009C6	BSU_36770	spoIIT	BSU_36770	3,779,293  3,780,033
3A951D23ACB109D67B77BCB42A18789EF1FC7F78	BSU_24650	yqzG	BSU_24650	2,555,519  2,555,845
3A9EB32D5627FAB3F7646B7918E54C8D1ADD25DF	BSU_02940	yceH	BSU_02940	316,512  317,603
3AAD97D83CC8815FEE662AA24A3E20CCBA2FA652	new_3119240_3119484_c	S1162	new_3119240_3119484_c	3,119,240 → 3,119,484
3AB4513126EFF54996A54CB7DEB6062C1A06AAC3	BSU_30940	glgP	BSU_30940	3,163,735 → 3,166,131
3AC4ED647836A1633DC3439BB4F3A74FA78CF2DB	BSU_34470	yveA	BSU_34470	3,539,165  3,540,727
3ACDFBD5615510FA015486C7A3C7023226EC3476	BSU_30000	ythQ	BSU_30000	3,070,246  3,071,403
3AD11F9463E57962870AA9923CAA2F07CF9D76CA	new_3178641_3178932_c	S1181	new_3178641_3178932_c	3,178,641 → 3,178,932
3AE330E2FBAB1C24FD2105472390C574DB3012CD	BSU_37210	ywjC	BSU_37210	3,818,906  3,819,178
3AEA5D769B89E676C916FD8934D762B4C9A02AA2	BSU_12320	yjmC	BSU_12320	1,303,423  1,304,436
3AFF22ACECC20758ADD4B98AA22E233B8A0746F0	new_2216815_2217132_c	S793	new_2216815_2217132_c	2,216,815 → 2,217,132
3B051097C915D93C2F256ED087EC9603D2F08783	new_1482096_1482247	S511	new_1482096_1482247	1,482,096 → 1,482,247
3B0EF48130FE550A50FB356994771A0448A14C12	new_984466_984593_c	S315	new_984466_984593_c	984,466 → 984,593
3B33902467FEB7C3444853E1BB7A7501574C6A06	BSU_25120	yqfT	BSU_25120	2,593,000  2,593,254
3B35F791C3B6E40AF28BA916584DCE9767CAFA1F	new_1494737_1495461	S520	new_1494737_1495461	1,494,737 → 1,495,461
3B45734D18D01BAB6D244DE3547C84F9488075FB	BSU_19400	yojM	BSU_19400	2,114,742  2,115,332
3B4E60C698B8E4FA286E06B934EC0CEDD5F516A5	BSU_40310	phrG	BSU_40310	4,141,358  4,141,474
3B4F035535D6504405567E7C44E72902A11F7447	BSU_25000	pbpA	BSU_25000	2,581,771  2,583,921
3B53470CD5C6F610D560F655460F190088E9A6B2	BSU_04345	BSU_04345		
3B54AD8514709655BA829347B7BD5B38EF7C08ED	BSU_19370	odhA	BSU_19370	2,108,774  2,111,608
3B58F9A92D88D80B0006DC49B1D4561BF5483030	BSU_20710	yopZ	BSU_20710	2,201,488  2,201,691
3B5D71BD1018E2AED1E7FB8906C488BAC35FBEED	new_957688_958613	S308	new_957688_958613	957,688 → 958,613
3B5FDBBE3D8D1B263D6C42A8F1F635F466B33D8F	new_3443530_3443612_c	S1283	new_3443530_3443612_c	3,443,530 → 3,443,612
3B6620F44EC08BA9B02FE9359A5F74C6CAE6D4FB	BSU_tRNA_8	trnA-Ile	BSU_tRNA_8	
3B68CE8E9A35997B45E437A316996D585E43B76B	BSU_17380	nrdE	BSU_17380	1,868,969  1,871,071
3B6F41AC5D14E5D8F9A93006D69FA144A155BF8C	new_3574158_3574245_c	S1324	new_3574158_3574245_c	3,574,158 → 3,574,245
3B6F4FBB19401069E827EAF5835DD15AAA3C3487	BSU_06180	pspA	BSU_06180	671,245  671,928
3B9331D6755B8253944AB33521BBF2B3EBA4CAEB	BSU_32550	frlP	BSU_32550	3,345,013  3,346,116
3B95AB3021280215B6B487A348D78FB5797AEEA6	BSU_05740	phoB	BSU_05740	620,097  621,485
3BA8F1F71B1D65EB30867ABD27867F925DAD2D7B	BSU_04090	pxpC	BSU_04090	460,592  461,599
3BCEFA44C22D53AA9C7D7C17275238ABBB04EC89	new_4106138_4106244_c	S1536	new_4106138_4106244_c	4,106,138 → 4,106,244
3BCF31DB9B5FB997DFFA20B02A49B4475D115814	BSU_20190	yosA	BSU_20190	2,169,807  2,169,926
3BCF7587145CFEDEA2F36512ABF62D6B6A2886C5	BSU_12749	xkzA	BSU_12749	1,342,955  1,343,227
3BD05DE3ED5B293980F47EB621C54C7339F78DC7	BSU_05160	aexA	BSU_05160	562,502  563,461
3BDC62A14BEEAEFD8E075E0958CAE41377808922	BSU_39940	yxaL	BSU_39940	4,102,429  4,103,661
3BED98E311EF380AE77327C7F0A83254805089C0	BSU_38280	efeU	BSU_38280	3,929,105  3,930,550
3BEE8E248BC583FCCB37B7A209A122DD93CD398C	BSU_29070	ytaF	BSU_29070	2,971,531  2,972,163
3BF3EC6B3139744D968B2FF18CBEEEF15B591AFF	BSU_29420	ytkK	BSU_29420	3,010,661  3,011,428
3BF530AB1B6A3DB3671FC046E2B38CA1936E6F78	BSU_29790	murC	BSU_29790	3,048,177  3,049,475
3BFD8FAAC51E7B128A5C860D77C6D4E131E5D7ED	BSU_25080	yqfX	BSU_25080	2,590,282  2,590,671
3C01FE29B2C06B51C093669EB6C5DEC035023A5B	new_2647113_2647674_c	S965	new_2647113_2647674_c	2,647,113 → 2,647,674
3C139835154FA236066CF2FB82A3C32E3A72D65E	BSU_08720	ygaF	BSU_08720	943,891  944,364
3C16605153102E4B61B9835175137CE838F434D0	new_2263262_2263488	S806	new_2263262_2263488	2,263,262 → 2,263,488
3C1F409135188353E2CD366FD03F5FE1679685AC	BSU_33670	yvaO	BSU_33670	3,457,104  3,457,523
3C1F7B55F045A66FF93858C8FA92D7E1539DC68F	new_1492169_1492260	S519	new_1492169_1492260	1,492,169 → 1,492,260
3C40A6E42A669E77ADBF5FFF334061C51F76A4F9	BSU_30770	mntA	BSU_30770	3,145,038  3,145,958
3C484FDB3A440269E87D6B6E8500A875AC456666	BSU_03490	srfAB	BSU_03490	387,744  398,495
3C4948387A642B6F9F36893C0CA75888A8353C50	BSU_03880	yczG	BSU_03880	439,709  440,023
3C54B09CE6C09BA8EC6A0DF2130400B1F091DF12	BSU_09730	yheG	BSU_09730	1,049,142  1,049,762
3C59F6598CC841C1DEE88498305CA515B3320D2B	new_3842651_3843000_c	S1449	new_3842651_3843000_c	3,842,651 → 3,843,000
3C71659E4868744A9301C26608EABF7B98217DCF	BSU_15600	cysC	BSU_15600	1,633,369  1,633,962
3C740F35E67CDD7FB6BF19E0FF43F973D254EF3E	BSU_19850	yotK	BSU_19850	2,153,171  2,153,356
3C7A7CA1EE4A785436FA49C90546E3F3B3ABF0A6	BSU_09965	yhaJ	BSU_09965	1,072,042  1,072,560
3C8BA04BA2BD0FEA28E99DA39BEB710CE3F5922D	BSU_25130	nfo	BSU_25130	2,593,281  2,594,174
3CAEA54E80A0B56EE120B881C8CDBE055AF6BDC1	BSU_22740	hepT	BSU_22740	2,381,919  2,382,965
3CB24D493B3282278B7DC61CE3C793DFA815F9E2	BSU_15320	sigE	BSU_15320	1,604,771  1,605,490
3CC3E197848E9688413C15CEA7DDCF0A7120A920	BSU_31900	yukD	BSU_31900	3,275,832  3,276,071
3CC628BCF8F9F45E598060B775008B361DB2127A	BSU_23200	ypuI	BSU_23200	2,424,654  2,425,193
3CC81E3AEAA0EAC0D5852DA0D19D72DC317CA4A7	new_1767136_1767309	S607	new_1767136_1767309	1,767,136 → 1,767,309
3CEA1E2FFB8E4F2A1FEA3504F49617B61454C3AC	new_209557_209632	S74	new_209557_209632	209,557 → 209,632
3CF2F887D879E8051D8208FADF16383ECD16E449	BSU_40574	yyzJ	BSU_40574	4,171,625  4,171,789
3CF3AF503F9E41A2C27AA3CD62A52B11D7A0F808	new_3340938_3341024_c	S1253	new_3340938_3341024_c	3,340,938 → 3,341,024
3D10F4B4DB8860923B469F2F8B8D6F62F1368EBD	new_706872_706972	S232	new_706872_706972	706,872 → 706,972
3D13BFE3C328C35F596A978D5552E06FD3677678	BSU_tRNA_63	trnB-Ser1	BSU_tRNA_63	
3D32B6C1DC9CAC615B02E14EA846648C3B0E61D6	BSU_29300	ribR	BSU_29300	3,000,985  3,001,677
3D41FB608DB70B9482312A1BBCCDBDA7FB713AFA	BSU_15720	defA	BSU_15720	1,646,512  1,646,994
3D42584D65D80A1C73F057714647E29FF6BBD58A	BSU_29730	motP	BSU_29730	3,043,284  3,044,102
3D57D86B076CE5975C5A2516A6D26AEEFD143A55	BSU_34850	yvcA	BSU_34850	3,581,965  3,582,690
3D6DA8B52A4CB49361E67906140696FFA1EF6099	BSU_29090	polA	BSU_29090	2,973,182  2,975,824
3D974DD2967C7F8FD4E3C2AF42617B8AE9F0296D	BSU_01730	sigW	BSU_01730	194,849  195,412
3DA147AB1CDE38709E9180C3AD3257CE6572D7A8	BSU_11928	yjzF	BSU_11928	1,265,530  1,265,661
3DA3FFB295F5513A220CB163994EE0F356C810E6	BSU_27170	fatR	BSU_27170	2,777,070  2,777,654
3DA80060554B78E9DC2189CECB78680095B08B32	BSU_16730	spoVFA	BSU_16730	1,744,367  1,745,260
3DAE76660E0CB213155265A3E8DF78A992883F87	BSU_32070	yuiC	BSU_32070	3,298,584  3,299,240
3DB116F7423C31838ED6EE090B94DA5F93A4F40C	BSU_24140	mmgD	BSU_24140	2,509,654  2,510,772
3DB33C69C5CBE394727959BC425C0FC3558B176B	new_2190663_2191625	S773	new_2190663_2191625	2,190,663 → 2,191,625
3DB9048B54C47E262997A2A5A0556AE607F93EA9	BSU_09240	yhcW	BSU_09240	997,724  998,386
3DC6A032B0F076A460FE2C3244D747CFC7583FE7	BSU_30610	ytlC	BSU_30610	3,133,387  3,134,169
3DEAC421B4B173C6BBC700E57790751B7AFDF319	BSU_13450	sigI	BSU_13450	1,411,892  1,412,647
3DEC40E28390DBDF8FAC2B6075F061CBFC757882	BSU_21058	BSU_21058		
3DF663D243983D645B797CD1493140ED8CD36E8E	new_3913514_3913645_c	S1469	new_3913514_3913645_c	3,913,514 → 3,913,645
3DFC1A118B346C7939851BF711FFA31E04A698E8	BSU_07460	yfmI	BSU_07460	819,311  820,531
3DFCF7C5FE15C9A3E9E7E4B0DA8E926B85DBD180	BSU_23280	ribD	BSU_23280	2,430,258  2,431,343
3E1131CFA3EDEB3865638F09BE2F6B6ED2570BE2	BSU_28950	thrS	BSU_28950	2,959,257 2,961,188
3E19806285A95F298C87732893383ABEF2695AF9	BSU_11136	BSU_11136		
3E1C925C31C00803982C8EB1C6B025C22DB4A828	BSU_33310	fhuB	BSU_33310	3,417,222  3,418,376
3E27C881BB3DE3FD55B7AD21B8771A859D80786F	BSU_09910	yhaO	BSU_09910	1,064,846  1,066,072
3E2A864B904DE4D9F72D2B19257AE81CCED3BE12	BSU_02180	ybfE	BSU_02180	238,164  238,448
3E32562E9E0F9547315C79D175E272FF53DC88FB	BSU_33990	yvbU	BSU_33990	3,487,974  3,488,852
3E343C05EE6FF04D5A54066E19DC6576784E09E7	BSU_37660	pta	BSU_37660	3,865,355  3,866,326
3E47F4F1A0CD69B056183301866FBD8343FC6DF7	new_506502_506670_c	S153	new_506502_506670_c	506,502 → 506,670
3E567AD4C402CDFD544836D79DFA47BC6AE66A8F	BSU_12230	yjjA	BSU_12230	1,294,138  1,294,950
3E5B9AC0C6F974800DE1ABF25769D24947772DCB	BSU_01550	gerD	BSU_01550	158,515  159,072
3E7E0342AA86AFCC95F5CD5BEA5B10166DCE2721	BSU_14200	ykuS	BSU_14200	1,490,939  1,491,184
3E7EC997B8B924EB2B8B191028986C1548DA5AB4	BSU_05450	ydfK	BSU_05450	593,407  594,096
3E84B3AC08D0B314286CEF38534BD81B568F3E0E	BSU_28090	valS	BSU_28090	2,866,664 2,869,306
3E925678EE41E7666309F8F384A5E4A945EE6592	BSU_20510	yoqU	BSU_20510	2,193,248  2,193,661
3EA9E39B7CD9A5856CBCE5D7011176F7269937C2	BSU_rRNA_18	rrnD-5S	BSU_rRNA_18	
3EAAC3FB9FC153568846C9C13C7E21E2DD76E80F		rrcM		
3EB289D0F58A58C693AB588798EE66A731341999	BSU_14530	rnjA	BSU_14530	1,523,118  1,524,785
3ECD25A4ED9556E74112285B11FC180A7091D730	BSU_23670	yqkA	BSU_23670	2,462,193  2,463,224
3EDC7B00A30AA32E0F8D4FB40011A4BF08B1AB18	BSU_21720	ypmT	BSU_21720	2,290,078  2,290,272
3EE0D03469D893515CAA4961BF923BE3A6769535	BSU_28960	ytxC	BSU_28960	2,961,586  2,962,431
3EE40BA7FB4951A72964F847B6A678B48579D191	BSU_31420	yugF	BSU_31420	3,227,581  3,228,402
3EFBC2F9F241737F000F224BDCE9B83744FCEADA	new_1229850_1229914	S413	new_1229850_1229914	1,229,850 → 1,229,914
3EFE6A956012CC277BC6734A8825B02525291CEF	new_1264932_1265017_c	S432	new_1264932_1265017_c	1,264,932 → 1,265,017
3F0700B5E3B944116D2F9A150F7AB4263A3E41EE	BSU_11540	pepF	BSU_11540	1,231,083  1,233,095
3F0C1526BF0E594644DD9541C5B154D24AD2C74F	new_3153832_3153982_c	S1177	new_3153832_3153982_c	3,153,832 → 3,153,982
3F1D78CAAA4B5057DEBB24C4D382F96DA4AA4852	BSU_22210	mrfB	BSU_22210	2,333,324  2,334,565
3F1FD6131D8B625C7E9BD025640221EA9E946BEA	BSU_tRNA_58	trnB-Arg	BSU_tRNA_58	
3F22BD8DB7BEC2701B960546AC683603DFCADCCE	BSU_08910	queG	BSU_08910	967,935  969,095
3F271D9FFE4F30D845319CD71662695AA592EC8F	BSU_16080	ylqH	BSU_16080	1,679,977  1,680,258
3F30B9E64C935CBFC07A8CF91F80DA5D79121AEF	new_3224826_3225137_c	S1200	new_3224826_3225137_c	3,224,826 → 3,225,137
3F3695BA670B48D19256F7229A8F89BFADF41038	BSU_25520	yqxA	BSU_25520	2,632,882  2,633,220
3F3BA9C58DBA44444DFAC197C634917895BB3C28	new_2930783_2931047	S1082	new_2930783_2931047	2,930,783 → 2,931,047
3F43AE6555370676A6703D1BFB4672AE49011BE2	new_1159082_1159149	S388	new_1159082_1159149	1,159,082 → 1,159,149
3F47513FB71276EF1E99B8C427DC8DC0786F8C19	BSU_18470	proJ	BSU_18470	2,015,733  2,016,848
3F49F4AEFC49C2883EFA60FEB3E77591F184195B	BSU_37740	bacA	BSU_37740	3,873,566  3,874,180
3F502A4DCB1DAD7C3F968465B13C35213240515B	BSU_33730	opuBA	BSU_33730	3,462,105  3,463,250
3F53025AC42791F3378EAE5E7A0D6DC86C2765CF	BSU_17250	ymaE	BSU_17250	1,860,449  1,861,273
3F7ECE6F45EDF170A384690EA304EDF8C543F7B3	new_4094722_4095322_c	S1533	new_4094722_4095322_c	4,094,722 → 4,095,322
3F86D8ADA92D091F40B2A33F9613630F3D84C212	BSU_39790	yxcE	BSU_39790	4,086,802  4,087,452
3F87227DC3371746B3823730B6A7024D348C151E	BSU_03320	nasB	BSU_03320	360,442  362,757
3F8EC7C3EE19F418519B510EC3F99240920BDBA0	new_2854560_2854625_c	S1058	new_2854560_2854625_c	2,854,560 → 2,854,625
3FB5839A7A80CF52E627FF1744E50490F5CC390F	BSU_33780	sdpI	BSU_33780	3,466,434  3,467,057
3FB64EB5C7BEBC89C99B141D47F766CF82541E18	BSU_05280	ydeO	BSU_05280	574,690  575,562
3FBA91235AD29B79A22210DEEA2CBC056AE83072	new_1695136_1695253	S585	new_1695136_1695253	1,695,136 → 1,695,253
3FC2785EBFD830BA77D1E32A82C8E090E9CEA311	BSU_20880	yopI	BSU_20880	2,210,749  2,211,282
3FC497CF95569E9292612D5216E0CAC2E08B9B1B	new_1484357_1484465	S515	new_1484357_1484465	1,484,357 → 1,484,465
3FE4A91C7D0B43C8704391F2F9493852B3AED9B0	BSU_31890	essB	BSU_31890	3,274,462  3,275,817
3FFFA28E2C16508C6A94408B739864DB7F8DD1F7	BSU_21050	yonN	BSU_21050	2,225,337  2,225,615
401459F105BC8A8342341D953AE259D6C3868AB6	BSU_16240	fliI	BSU_16240	1,695,877  1,697,193
402CD558623D1D520D3401F03CF021F42B3894A9	BSU_24920	yqgL	BSU_24920	2,575,717  2,576,187
405FD4EA1A5B2B3512F973981EF62CB37664B5F8	BSU_19790	cgeB	BSU_19790	2,149,084  2,150,037
40624E9FC30D75D172EF098C7FAC77B2573CC129	BSU_00520	ctc	BSU_00520	58,783  59,397
40654E556CC97A4E47FC757F93F29BEACD21CC3A	BSU_05040	yddN	BSU_05040	550,240  551,259
40655595D0C573B4CB75FB255CBB01A6ACF1F94D	BSU_16510	pyrH	BSU_16510	1,719,802  1,720,524
4075E3241D8FB2CADF3B88904444FA694E86B9C4	BSU_20260	yorT	BSU_20260	2,172,781  2,172,900
40779D3A6E4F72EEFD702BF9FA15B57951783D12	BSU_17200	pksM	BSU_17200	1,821,553  1,834,341
40787292458E5C6676F9F4F6F34C0D6BD5313DE1	BSU_30120	yteR	BSU_30120	3,081,131  3,082,243
40829C3632E9DCEB9E1C14A674B4B217F504CFE0	BSU_14470	mreBH	BSU_14470	1,516,574  1,517,581
40931783871E9627445A3EDBC5EC2A52CF57EE0B	new_1535752_1535847_c	S535	new_1535752_1535847_c	1,535,752 → 1,535,847
409D40A420C70F33B72D14707B31DEDCE7B03F03	new_135170_135363	S55	new_135170_135363	135,170 → 135,363
40BAECB64BAF8ED6C343E484663573A36415E675	BSU_21940	degR	BSU_21940	2,308,157  2,308,339
40BCEB3648585961D22B71BBB4FB62EE4B3E360D	BSU_15030	spoVV	BSU_15030	1,570,574  1,571,800
40C1E81BAB04BD1CC98FC57DF25D27DBDFEB5A59	BSU_31720	degQ	BSU_31720	3,257,092  3,257,232
40D3FE1A512703B090316C31099956DB6A7F515B	BSU_17340	hfq	BSU_17340	1,867,373  1,867,594
40D54A539D30D8F9DF419A2E5723865CDA635BBC	new_3049503_3049699_c	S1142	new_3049503_3049699_c	3,049,503 → 3,049,699
40D5B5130A0F63C845FA41654D73A5817B7B6B8C	new_3276435_3276513_c	S1226	new_3276435_3276513_c	3,276,435 → 3,276,513
40E064365588CFED483FBFED02BFC0DA531CCC4A	BSU_11330	fabHA	BSU_11330	1,208,222  1,209,160
40EA584CF77FFF7D7E4E74B414EC69ADE3A1585B	BSU_34240	epsM	BSU_34240	3,516,233  3,516,883
40EA9FA5A778B347E9740751A3848596EEF87632	new_3305322_3305430_c	S1242	new_3305322_3305430_c	3,305,322 → 3,305,430
40FFE5412F1A254E88BEA188155866039537BA48	new_1032054_1034008	S331	new_1032054_1034008	1,032,054 → 1,034,008
4103015ED7B30836A650B59FD3D81619ECBDA1CB	new_2887590_2887779_c	S1069	new_2887590_2887779_c	2,887,590 → 2,887,779
4116B2ED2EC2B73F36EEB31B84AAB540B301D4B9	new_1782643_1782712	S614	new_1782643_1782712	1,782,643 → 1,782,712
41199C76DF8CA804B7B8878D61228B9542A96AE4	BSU_16120	topA	BSU_16120	1,683,661  1,685,736
41235990D23F7914DD20E1C98F35367A4FDA5F54	new_4194210_4195441_c	S1573	new_4194210_4195441_c	4,194,210 → 4,195,441
412A1DBBE7F87765DEBEEAAE02A047636A354D5E	BSU_32560	frlR	BSU_32560	3,346,298  3,347,026
413BA9B40370E0942372498B546FFBADC20F7C6D	new_3744322_3745406_c	S1402	new_3744322_3745406_c	3,744,322 → 3,745,406
41407DE15D91959DA92799623F1364811C170F35	BSU_36910	ywlG	BSU_36910	3,790,644  3,791,186
4146C2AC21422BF2A502BA6E5328C5669641B8A6	new_3913898_3914008	S1470	new_3913898_3914008	3,913,898 → 3,914,008
4148A3F8E256D9B1D667C28428D867B5B6B5F3CE	BSU_07290	yfnF	BSU_07290	800,232  801,143
415279A8F09E56204E5E7A276419E675043E3338	BSU_26090	yqbJ	BSU_26090	2,681,177  2,681,614
416002C64E57B300F93AAC0D4C722D55A4D2CF87	new_2699244_2699382	S983	new_2699244_2699382	2,699,244 → 2,699,382
4164F07C581320D67FDC1ED5014272B81702A371	BSU_23040	fer	BSU_23040	2,409,729  2,409,977
417714CA91427D583ED87E4804DE399D53A51C71	BSU_38840	yxkD	BSU_38840	3,987,927  3,988,763
417A00070183E104803CAF6118BE9CEF602B0658	BSU_rRNA_30	rrnE-16S	BSU_rRNA_30	
41872E2EF00C79918DD077F2EF78F37E24FEB110	BSU_15290	ftsZ	BSU_15290	1,597,832  1,598,980
418900B6DBDF3EF300C930B0C75E31B939F3CE00	BSU_07710	ltaS	BSU_07710	842,047  843,996
418A95E9DD8DE2690C1E65E2A4198E5C5AC6E6D3	BSU_27630	yrvD	BSU_27630	2,825,846  2,826,169
41A236702906A5AEA0ED7B983DEC758E35DFA29F	BSU_25980	yqbT	BSU_25980	2,669,324  2,670,370
41A6B9EC8A2AE9D5A5CE6A3AA01FDDAB7D769E06	new_3786458_3786619_c	S1425	new_3786458_3786619_c	3,786,458 → 3,786,619
41AB19B291C766E55CA1C5BAEF157FD26B5D4297	BSU_40570	yybO	BSU_40570	4,170,045  4,171,352
41AB43191DDB2E0698D92FFD1ECEF45100F1F3F0	BSU_11010	yitJ	BSU_11010	1,178,757  1,180,595
41B879EF69E2D4F5C1896A4709567B88FD8AC5B7	BSU_10270	lcfB	BSU_10270	1,100,980  1,102,521
41BCD18A1C2D0C69D4445BE14D4617CC61FB23BF	BSU_27370	mltG	BSU_27370	2,795,887  2,796,969
41C221EA9B454BF5E1BB31D19CB937417F0A7FFC	new_2904537_2904679_c	S1075	new_2904537_2904679_c	2,904,537 → 2,904,679
41C34C07FB3E32FE1A56EF6369AF7E96AA5622E4	new_840528_841664_c	S268	new_840528_841664_c	840,528 → 841,664
41CC88CC3AE4FDDA909CCEF2DED16B554341D81E	BSU_25360	yqfC	BSU_25360	2,616,667  2,616,948
41DDD3AAFE89D0F52AB5ABD08CEE30A1767FFD7A	BSU_06370	pbuG	BSU_06370	694,662  695,984
41DFEF8A6BC7E34A6681C26D92F2B08DC120A957	BSU_24730	comGA	BSU_24730	2,559,007  2,560,077
41F2388D1A02D5CF7B98FB6D81139B54659E6EB8	new_2908738_2908833_c	S1076	new_2908738_2908833_c	2,908,738 → 2,908,833
41FBBB5508755757645598073EA147E9AA72A6BE	new_3873771_3874382	S1459	new_3873771_3874382	3,873,771 → 3,874,382
41FFADBD3D5E83F40459815CDFA2FC16DCA365F5	new_2208373_2208745	S784	new_2208373_2208745	2,208,373 → 2,208,745
4202EAE5D0B2A718382092423DD99E35FDE81218	BSU_11230	carA	BSU_11230	1,199,327  1,200,388
42088179E71D4C5D53DC0C089CE5F57540DE4721	BSU_27310	pbpI	BSU_27310	2,789,686  2,791,440
420D21D337EA8202801287A7498CFA945DFA67F8	new_335729_336091_c	S109	new_335729_336091_c	335,729 → 336,091
42277DE1030E6FEB416EAE381CD40A54D49736FF	BSU_16270	fliK	BSU_16270	1,698,278  1,699,741
422AAB3015AD403B7CE30099FC3B97C760271930	new_3604923_3604992	S1337	new_3604923_3604992	3,604,923 → 3,604,992
422C02E3933CBCC180659584180D94943493D06F	new_1949513_1949584_c	S678	new_1949513_1949584_c	1,949,513 → 1,949,584
422FD408E285097AF6031051F55F47A816A30705	BSU_misc_RNA_62	mswJ		
42382368433719D8BE3575E97B9391643687A7F8	BSU_39160	yxiI	BSU_39160	4,019,949  4,020,437
423AEC9D260BE53AD22851D999244B89BEB3E84D	BSU_39390	hutM	BSU_39390	4,047,538  4,048,965
4240447F07688E73ED01EAFA94359876B43C8273	new_1090331_1090400	S358	new_1090331_1090400	1,090,331 → 1,090,400
42581D2928ABC5870503A95014D5EBA70DB6D384	BSU_40578	yyzK	BSU_40578	4,172,259  4,172,405
425FC9847D10A6FA9725D6523CD3213C57B371BE	BSU_16660	truB	BSU_16660	1,736,886  1,737,815
426253699CA4183F2E1023169C3B80AFA15108E4	BSU_03440	tlpC	BSU_03440	372,771  374,492
4264FE54F73766F7029C871E14B47DCFE5E4BC38	BSU_03530	ycxA	BSU_03530	403,217 → 404,443
42691E2FC61BB1EAF832E26D6131BB430E5ACA81	new_2951898_2952204	S1088	new_2951898_2952204	2,951,898 → 2,952,204
428A4A2DAE0745A210E84190486ED0DA2AE9307B	BSU_04790	ydcK	BSU_04790	528,129  528,581
42958BA31507DCB458F11CEDC4052F3C475D305E	new_2517757_2517885_c	S913	new_2517757_2517885_c	2,517,757 → 2,517,885
429BEFD297AFD28FA13C4A1871E755F4A23BDB44	BSU_06036	ydzT/3	BSU_06036	652,290  652,418
429FCC2F8AE812B38F2967798D73E4AE22C2A4D8	new_3555807_3555901_c	S1320	new_3555807_3555901_c	3,555,807 → 3,555,901
42A46C5984809A41FA96342FBC990CCE642C6775	new_367293_368962	S121	new_367293_368962	367,293 → 368,962
42A5522E081E139C0CCC7EA044E1C8099736203B	BSU_23230	ypuF	BSU_23230	2,426,867  2,427,391
42C8D303AABFA2A9706295A0F90B0B49F854B0BF	BSU_32000	dhbA	BSU_32000	3,291,511  3,292,296
42D1A2198CB4C738F5D4C6FA95B1BA24D5620F7E	BSU_31800	yueF	BSU_31800	3,262,611  3,263,720
42D2F9B958F62DFE447A1321E4109D676ECB899C	BSU_13590	mtnW	BSU_13590	1,427,034  1,428,278
42FD1230682897172C3D4EA09980E566835EEF34	BSU_36500	ywoB	BSU_36500	3,756,044  3,756,508
430E15D61FCCA20FAC2BCCF504A12070794372FD	BSU_32150	paiA	BSU_32150	3,304,743  3,305,261
4337893978A072FBAD4CCFFA211CC71DAABE6DA0	BSU_rRNA_21	rrnB-5S	BSU_rRNA_21	
434BCED6953BE07D592AC229264C5AD0D04CBAF6	BSU_24960	pstBA	BSU_24960	2,578,003  2,578,812
434F6C546F783503A82D390FD238F05025FC1802	BSU_38810	msmX	BSU_38810	3,984,133  3,985,230
434F9730F1250B2C2DD2540F6EE6F4986499A25C	BSU_tRNA_18	trnJ-Arg	BSU_tRNA_18	
438509D2A53A3FE38616D9F0B926B8D5E491B1D7	BSU_26935	BSU_26935		
4385EA135BDEB54B33C9A8E39150A60C83C0CEEA	BSU_08425	mprF	BSU_08425	916,778  919,348
43877BAA7A3CD4F2891B02BD27D7F26BD651B44C	BSU_19490	gerT	BSU_19490	2,124,021  2,124,494
43917869D4E75015CEA23109E8F97DFFECD39C14	BSU_38640	yxlH	BSU_38640	3,966,745  3,967,947
439B468A13137000FB42E9389391CB4986FFED84	BSU_15910	fabG	BSU_15910	1,664,513  1,665,253
439BE8523802DD45EB9C2384DB9BD6AA30B50CC5	new_3263786_3264226_c	S1221	new_3263786_3264226_c	3,263,786 → 3,264,226
43AD66E4AEE951130F134FD720E17DB4D2FF112E	BSU_09500	yhdK	BSU_09500	1,028,233  1,028,523
43B57537B1EA6CB55E76BB232500EB66972002F7	new_3045221_3045329_c	S1139	new_3045221_3045329_c	3,045,221 → 3,045,329
43BADA6A6C8248270A50EB3D81253ECE6C84F03F	BSU_16845	ymfF	BSU_16845	1,757,037  1,758,317
43BF293F735ED783D36F33AA4701D57F2AED6657	BSU_29770	ytxH	BSU_29770	3,047,107 → 3,047,562
43CAF09C837C662E02FBD632D420C7A1109F29F3	BSU_23030	ypbB	BSU_23030	2,408,405  2,409,463
43CD2581DA421CABC66E30389640CC86E6B2D800	BSU_23850	zwf	BSU_23850	2,479,156  2,480,625
43CD556065D2EF14365C78E014B7B2051CA0C78F	BSU_19560	mhqD	BSU_19560	2,128,464  2,129,066
43CFA3477B4EEB4CE0B2DF63ED2B5EDB171E79C7	BSU_01010	nusG	BSU_01010	117,890  118,423
43DF8BE58FC4C62D3DBC071BCC84EC6EE91CCA69	new_1640646_1640719	S571	new_1640646_1640719	1,640,646 → 1,640,719
43E088B93BBAA9FC58F4FF3CA00C0DDA82D23224	BSU_05510	ydfQ	BSU_05510	598,729  599,067
44014896157718D3A6190DFDBD663C5CB9DA63FC	BSU_05820	gmuA	BSU_05820	626,933  627,265
4404C53AD3EDD5CAB4FBD0F65D4715580F280B7C	new_4068171_4068967	S1523	new_4068171_4068967	4,068,171 → 4,068,967
440E24C24D7B12175A839D7DC310339DF75BCB09	BSU_14460	ykpC	BSU_14460	1,516,339  1,516,473
441DCE4251C83FCBB01BC58720900365BFE7BB3D	BSU_23750	yqjT	BSU_23750	2,468,159  2,468,545
4423383A3F6DAFDFA210F4BEEF7D8CBEC674DCEA	BSU_39630	yxdM	BSU_39630	4,068,550  4,070,418
44257D0FE03E3BC5B160BE70810EADFE3DA2C4F7	BSU_29980	ytjP	BSU_29980	3,067,420  3,068,811
442B65B46DBF5070F4DCD6DA9014C8A8927EF726	BSU_18690	yoaP	BSU_18690	2,039,610  2,040,365
44311838634FB408FD924B043421970D27CEA4DE	new_495406_495699_c	S148	new_495406_495699_c	495,406 → 495,699
443952100E401948E7E2FAC91D03590763752074	new_2882791_2882902_c	S1066	new_2882791_2882902_c	2,882,791 → 2,882,902
44410294CBCE1538713D73DD14B207E0016A9A0F	new_2349590_2349664	S849	new_2349590_2349664	2,349,590 → 2,349,664
4442AB5BE9FA66708C73CC14D17AF3BB2E62C40A	new_671929_671993	S221	new_671929_671993	671,929 → 671,993
446163C3E25FD5E864D543BAA21E659739A8A18D	new_1439340_1439447	S494	new_1439340_1439447	1,439,340 → 1,439,447
446A0321C0FA7E1CDEAA5A4495046A8C75634E77	BSU_tRNA_40	trnD-Gln	BSU_tRNA_40	
447D12E940C7F45B6C5015844F9DED9D513CD6E5	BSU_06450	purC	BSU_06450	701,601 702,326
44825AD8B5F44A2E5F58233D28A56785BC7D8F31	new_3420519_3421486	S1279	new_3420519_3421486	3,420,519 → 3,421,486
448375DF74EB0482A6CD1ACFE04D117C1319E2B2	BSU_22850	seaA	BSU_22850	2,391,861  2,392,754
449EEBF33F52B461F244331ACD140E68CF64EE7C	BSU_24480	figP	BSU_24480	2,540,288  2,540,824
44A3E2C7F03295D52FA99F6119A7103174DEEBDE	BSU_06038	ydzT/5	BSU_06038	652,713  653,018
44AF5D90DD090ABCFE003F9A85AB0FD3F60CF051	new_600907_601740_c	S195	new_600907_601740_c	600,907 → 601,740
44B3FCDBCF76EE0AD2E3D7FA38C899A4799D0F4D	BSU_12815	spoIISC	new_1348200_1348403_c	1,348,219 1,348,356
44B6766C6C2FB4BFA4B9B1F147D2A5044317EA74	new_3979408_3979516_c	S1487	new_3979408_3979516_c	3,979,408 → 3,979,516
44D4CE353E1E532664A508CBE8B49AC8BB861B53	BSU_01030	rplA	BSU_01030	119,111  119,809
44DF1B7E476AD58B3CCC39300FFE0132D0D32AD0	BSU_18450	gltA	BSU_18450	2,010,070  2,014,632
44F35D8FCD5F13735783FCE17C2E3B3313BA8BD6	new_2798090_2798150_c	S1039	new_2798090_2798150_c	2,798,090 → 2,798,150
44F3EC89F49384E0FC79BDE56FD267831188967B	new_2826743_2826818_c	S1046	new_2826743_2826818_c	2,826,743 → 2,826,818
450DFD2A013EC8E0DE907B96D3E60B173D494BA3	new_3733968_3734142_c	S1397	new_3733968_3734142_c	3,733,968 → 3,734,142
450E788FE3CFE321D170C2BC84A81449EFAC2A82	new_4215437_4215505_c	S1582	new_4215437_4215505_c	4,215,437 → 4,215,505
451F980456F486004CBF63887257BADE6968376E	new_2715533_2715718_c	S996	new_2715533_2715718_c	2,715,533 → 2,715,718
45229A538D5124B60CE05DDC8699B9BC3D5AD9FF	BSU_29220	ytsJ	BSU_29220	2,989,900 2,991,132
453C8678A79F511CDF87F8CD64C90A5EF8E2DF54	BSU_tRNA_6	trnO-Ala	BSU_tRNA_6	
45438A54D3B3D6F1781CB86BB6E78FB088DBAF97	BSU_05220	ydeJ	BSU_05220	569,290  569,949
456AF184261976FAA73359E81443F7035F457D07	BSU_03350	yciB	BSU_03350	365,170  365,754
4583EA9A4DF9F9EC054437CFB1C3849EA7BD49FA	BSU_38230	ywcB	BSU_38230	3,923,920  3,924,228
458406A4E6824C24493CFC19718F10720AA3B453	BSU_12560	xpf	BSU_12560	1,324,471  1,324,980
458E967052D1093A0F48AE0E6B6CCA0F52EAC44D	BSU_14590	pdhB	BSU_14590	1,529,445 1,530,422
4591A235A80605E546EBC187038A6B88C129ADC9	BSU_10900	yisY	BSU_10900	1,169,043  1,169,849
459BF8238A1429DCBF87A2ED27D49098315D22E1	BSU_26400	yrkS	BSU_26400	2,701,979  2,702,143
459ED28A98F4EC7E8A9016C742DC8EB5C26B5E65	BSU_38499	dltX	BSU_38499	3,952,108  3,952,257
45AFD434F5262BFBE4ED6DF3D18DAED61FF317D1	BSU_36230	ugd	BSU_36230	3,729,488  3,730,810
45C61C1584A851676F15A2249F3F1092863C5AA5	BSU_32880	mdtP	BSU_32880	3,374,956  3,376,581
45E3AAC008A361BAC25A08808B5FBF835DF03F09	BSU_06077	ydzW/4	BSU_06077	658,615  658,758
45EBFA1603B34160F75744661A65A3D50D28DD11	BSU_26399	BSU_26399		
45ECDC92989453F01CD1A4D12DCFAB9807454338	BSU_32719	yuzK	BSU_32719	3,360,974  3,361,111
45F03AB13292BBF0554785C7C02FE29033EDD742	BSU_26610	yrkA	BSU_26610	2,718,959  2,720,263
45F27C0789199626BA90D2C69E8F13525C911478	BSU_35470	comFA	BSU_35470	3,642,167  3,643,558
460A5DAAA8480FE0FF8DBA52F333AE2ECB62E5CA	BSU_39180	yxiH	BSU_39180	4,020,977  4,021,306
4623F9A92841E92623389AFF7FB302F785BFB415	BSU_06079	ydzW/6	BSU_06079	659,010  659,129
4626C659D6F1A81CCC94030F1CBAF7FEC3DE19CA	BSU_27940	rpmA	BSU_27940	2,854,880  2,855,164
4627C41672F30614B7247EAA3B5F4E4DE27F31BD	new_2576155_2576328	S935	new_2576155_2576328	2,576,155 → 2,576,328
46432ACF16C2383A0607D49C8F3D66734E75C641	new_514779_515106	S160	new_514779_515106	514,779 → 515,106
46462342BEC17A5FB3E482B81E969DB898826179	new_1747032_1747122	S600	new_1747032_1747122	1,747,032 → 1,747,122
464DD1855E6B3195EE242637612A16C73FF32FC0	BSU_34700	psdA	BSU_34700	3,565,496  3,566,275
4654294F23CBF2D66C72B05ADA9CDC002A30926A	BSU_30640	ytkC	BSU_30640	3,135,668  3,136,072
465E805622F554150075D13BF864AD3980DA2A08	new_2078548_2079183_c	S726	new_2078548_2079183_c	2,078,548 → 2,079,183
4670F7C4CB9084A5BA478CAE238FA0F8C39F3A7E	BSU_36380	rapD	BSU_36380	3,744,349  3,745,413
46747F2F505AEB05F42E6F8E907599B01FEBD1B3	BSU_06319	ydzX	BSU_06319	686,602  686,889
467E9CF20B545A976614968E7DD5497F9390D344	BSU_04240	ydzA	BSU_04240	475,584  475,874
46826326719EB32B5733953EC090FD91CB59C5B6	BSU_19820	sprB	BSU_19820	2,152,086  2,152,262
468BEA9EAEA589D683DB79B2C689A5C6A22AB67F	BSU_27430	glnQ	BSU_27430	2,802,358  2,803,086
468D9141EAC78556C9F6C564875F70EC43E60C1C	BSU_33150	yvqK	BSU_33150	3,400,537  3,401,118
46A663FC865C748C67984080518558482B854F16	new_1442102_1442346_c	S496	new_1442102_1442346_c	1,442,102 → 1,442,346
46B344B65917D0111AC46A3C9122F52F4C0B74DA	new_3614978_3615063_c	S1342	new_3614978_3615063_c	3,614,978 → 3,615,063
46ECEC864229529BE5F7EC705154509D4E0C093B	new_935578_935655	S297	new_935578_935655	935,578 → 935,655
46F85A9B38A218F4BB661BB1E780EC9CD8F49F11	new_598659_598728	S191	new_598659_598728	598,659 → 598,728
46FCB8FC703E61ED6578DFE4D3FC01B9421F8247	BSU_18660	yoaM	BSU_18660	2,036,039  2,036,722
470037C34BD5D3EB5BDAD85BD4178ABDB6330A62	BSU_19920	yotD	BSU_19920	2,154,887  2,155,018
470824F73C8C9CF0519C1E536DBF19D8A93723CE	BSU_11900	yjcL	BSU_11900	1,261,426  1,262,616
47098DA18DBD3FEF9E33D21677B6D94D5B0ACB2B	BSU_20070	yosM	BSU_20070	2,165,577  2,165,966
4711AB9D3E09E251B6FB3AC0BB67F218E3B5CDE5	new_3307598_3308367	S1243	new_3307598_3308367	3,307,598 → 3,308,367
4722C78DB10289939145BDD079661021160C688C	BSU_21740	ypmR	BSU_21740	2,290,858  2,291,625
472E3A2407C83EEE26DB00079D185C4EA2988611	BSU_13300	mgtE	BSU_13300	1,396,013  1,397,368
473628F86C18FE9957841F3C8B45242C90CB341D	BSU_03820	fpbP	BSU_03820	434,256  435,014
47387014B5E89BF218BA94D8C2A570479B1EFD4E	BSU_39990	qdoR	BSU_39990	4,107,352  4,107,927
473F93EA5ADB78CD23C9C054B5D6B739078DDEEB	BSU_00670	tilS	BSU_00670	74,929  76,347
474045C9D65C4BAD530C2E61B5356EF7DB7D77D8	new_2972164_2972328_c	S1096	new_2972164_2972328_c	2,972,164 → 2,972,328
47438C9E88CE6B73BB860377702ADFD24F1A9AF5	new_3021090_3021169_c	S1121	new_3021090_3021169_c	3,021,090 → 3,021,169
4765B305F31765445D9F5EB0D6EDED5B38DED084	BSU_03400	yckD	BSU_03400	369,773  370,105
47669BC8073FB0F9799E06BB9FC39700F960910E	BSU_11770	cotW	BSU_11770	1,251,273  1,251,590
47859E62AABA5A57AC6F5F80CDE4ED52FC7F879F	BSU_00350	yazA	BSU_00350	43,647  43,946
4787161A022E938A6D58A505D92369F889C7DE04	BSU_32840	fadN	BSU_32840	3,370,025  3,372,472
478FC18D9E3B3FDBD236556C8FB1C2F233B265DC	new_3528204_3528263_c	S1312	new_3528204_3528263_c	3,528,204 → 3,528,263
47988681DBE5706917266E71D716A91AD121D4E5	new_159149_159778_c	S62	new_159149_159778_c	159,149 → 159,778
47AE982C5E71F31B5AF04C4F50593C2629F8EDAF	BSU_04800	int	BSU_04800	529,505  530,611
47AF61251948D4E1EEA279CA5B4CDD8CA3FF481C	new_1933162_1933476	S672	new_1933162_1933476	1,933,162 → 1,933,476
47B04BD23C7C8A0169B2F301E625C9299D9C0BF3	BSU_21598	yoyK/1	BSU_21598	2,278,108  2,278,347
47B069FDB3405835D1F2B2F474D0E32C2363FF71	BSU_06790	yeeD	BSU_06790	746,261  746,566
47B644F334A0BD501E77A198A61CE0F22BAB3E5E	BSU_07420	yfmM	BSU_07420	814,384  815,940
47BCCC51F520E21A62C0A53CE7C705F8288C4CFB	new_1211286_1211370	S402	new_1211286_1211370	1,211,286 → 1,211,370
47C1A154AF6F67CA507A9F4FEA9576E7131EFB6D	BSU_30010	ythP	BSU_30010	3,071,400  3,072,110
47CB61D4B6543C9756855113E83DF176818FA09F	new_3034935_3035530	S1133	new_3034935_3035530	3,034,935 → 3,035,530
47E3AEE400EC9505C7C7DB07BF172E4FA957F708	BSU_01900	ybcM	BSU_01900	213,155  213,469
47E47FB7D9C079DF603906694C4649A049814346	BSU_11650	tenA	BSU_11650	1,242,449 1,243,159
481AF959FDED9055F33524483101DA9AF2013151	BSU_38090	vpr	BSU_38090	3,907,844  3,910,264
48336B374DFDA5CAB624906AE282D9F2C078B941	BSU_12260	yjlA	BSU_12260	1,296,620  1,297,594
483587EB658850D786C3C95C02D419994FCC9F45	BSU_05560	ydgA	BSU_05560	602,185  602,427
484D17480DFAD3667E0EBC6D38854A7546A8DB46	BSU_30100	yteT	BSU_30100	3,079,333  3,080,619
48538F67259B25B64A7BC4263E944C7074E8E1B3	BSU_29560	ytcI	BSU_29560	3,023,677  3,025,266
48737DD27B991CB8CB310621C976D0DC3F1F06E3	new_261536_261647_c	S93	new_261536_261647_c	261,536 → 261,647
4873DC24E73F5677AF5C4947B21199904C3EB394	BSU_09810	yhaZ	BSU_09810	1,055,143  1,056,216
487990143C84D245743C0014E648699627204FF0	BSU_36430	usd	BSU_36430	3,748,717  3,748,827
487AD2F54282D1E1680DCA4FDFA445D67825841A	BSU_18908	yozY	BSU_18908	2,060,817  2,061,077
487BA5DA8C51FB1AA809703437EA4BC6C846FED2	BSU_17845	yzzP		
487F6D5CC0032E2FE10D262F1DEB1C5CD88A3279	BSU_29260	ytpI	BSU_29260	2,996,980  2,997,282
4882FAD988FEDD0E72E4CAFB10C8DE61DDAC23B0	BSU_35330	fliS	BSU_35330	3,632,488  3,632,889
48975EC8FB5B03F136AA112DE2ED9CFD0E9C4141	BSU_09510	yhdL	BSU_09510	1,028,511  1,029,587
48A21F276889CC99BB41A0D51F3D4872B6A12E39	new_3708133_3708785	S1384	new_3708133_3708785	3,708,133 → 3,708,785
48A9E1E39838BFFCF12CADF0A8D8E6FFDCA6F175	BSU_38170	qoxA	BSU_38170	3,917,296  3,918,261
48AFD558E71531CDBDC3983B36702819D1548E63	BSU_37450	ywhK	BSU_37450	3,844,416  3,845,771
48B5F62863033EE88BF5EF1525CCBC19277DA69A	new_3258062_3259375	S1218	new_3258062_3259375	3,258,062 → 3,259,375
48BC0FA9901F174472EB070C539EC75EC7C10E88	BSU_20340	yorL	BSU_20340	2,175,596  2,179,513
48BCA38E609E443406E03A32D2BB8DA2E9915A71	BSU_27530	rarA	BSU_27530	2,812,336  2,813,601
48C33A96F3B446440D4D9A86AA07AA3BA244063D	BSU_22680	trpE	BSU_22680	2,375,869  2,377,416
48DCFB000D012FFFF82E62E2134B39FBACDBF0CA	new_3361198_3361304_c	S1260	new_3361198_3361304_c	3,361,198 → 3,361,304
48F0F3D08C7E5CB2430B5B10F934CB05EBB4AA95	BSU_tRNA_71	trnB-Ser2	BSU_tRNA_71	
48F6956312C9D637A46B4564DB907074B9C4B84D	new_3590364_3590602	S1333	new_3590364_3590602	3,590,364 → 3,590,602
48FD89034CBA111265456CBD366C141226335938	BSU_36720	ywmE	BSU_36720	3,774,400  3,774,561
4907D4585491349E2592B0EF9150312A80785EE5	BSU_40040	yxaA	BSU_40040	4,112,073  4,113,221
4910F1E5BAF274C828FD92C410A1B86FB1D358CE	new_4005137_4005322_c	tlrBL	new_4005137_4005322_c	4,005,137 → 4,005,322
4915DA3B5329559A89DDDF96165880FA9CB3FDFE	new_35104_35236	S20	new_35104_35236	35,104 → 35,236
491B5E27EF3190D307EC43C3BB12490728E39333	BSU_13010	ykgB	BSU_13010	1,369,876  1,370,925
492A8B4FABC8F19CA773B1D4E9D81B106924F3DE	BSU_24500	yqhP	BSU_24500	2,542,047  2,542,442
492EEC8068043DA770F5DC1D54799C4366AE9A01	BSU_36820	atpG	BSU_36820	3,782,938  3,783,801
495721E4B8BF6FEC01E62E86339560F90776EED1	BSU_23140	resB	BSU_23140	2,419,179  2,420,807
497C9654DC7514FF738D18E1F083299C43003A4C	BSU_35640	lytA	BSU_35640	3,662,789  3,663,097
49892731086AD0B8FCDFF7A10C39A78901338492	new_4134916_4134995_c	S1548	new_4134916_4134995_c	4,134,916 → 4,134,995
498A8191422F34DA75DA6854A51BAD80E74B7D97	new_35356_35458	S21	new_35356_35458	35,356 → 35,458
4992F5C2ED7DE37C08D5715F7E8851F5FDB51059	BSU_25070	ispG	BSU_25070	2,589,123  2,590,256
49A5C395AE39F3A8B31C673884051F400426CFAD	BSU_21110	yonF	BSU_21110	2,230,895  2,232,664
49B5D8C73CF5A920124DCE94A1C6301C884088D7	new_500046_500120	S150	new_500046_500120	500,046 → 500,120
49B6E673E28CF21DF629B90A6AD453C46822BDB0	BSU_01240	rpmC	BSU_01240	139,924  140,124
49BAFE3E69F1F91AEF4154F55B44639DD3CE4A71	BSU_36070	cotG	BSU_36070	3,717,238  3,717,825
49BE0281A4E6131193C669225D3611F330B63891	BSU_rRNA_24	rrnH-5S	BSU_rRNA_24	
49D996C9AED44A820A214C3DF60AB1B6E1508DEA	BSU_28050	maf	BSU_28050	2,862,572  2,863,141
49DF23B8E19658DB32835B6D23DD21E4BF481B20	BSU_23560	mleN	BSU_23560	2,452,800  2,454,206
49DFB40EAD62BFE16D45B0D3D9985DC50F4C69E9	BSU_tRNA_33	trnD-Met	BSU_tRNA_33	
49E2D2EE480C2FFDED0C35E3AF0DBED5AD819B5F	BSU_28300	ilvH	BSU_28300	2,894,733  2,895,251
49E70A20CC05DBE485953C0AE34E634EFB33C3B2	BSU_33080	liaR	BSU_33080	3,394,422  3,395,057
49E8BFEC1CAB77DD91E0ED0791EBD480E4871239	BSU_10630	addA	BSU_10630	1,139,807  1,143,505
49ED84B48CEC09493B6056D03D2A57578770CE15	BSU_02600	cwlJ	BSU_02600	282,469  282,897
49F609C55238C24045CE4A946C417406C8CAAF9D	BSU_05050	lrpA	BSU_05050	551,519  551,929
4A0961B9B760D4AA968B750ECE634B13039F9FC5	BSU_06950	rhgK	BSU_06950	758,719  760,452
4A0C5363357A675780B4D4628BCA0646AE58270A	new_176316_176924	S65	new_176316_176924	176,316 → 176,924
4A19A65A20D45AF002D5E61EA0C7FFBBBFF6824C	BSU_tRNA_16	trnJ-Gly	BSU_tRNA_16	
4A2220A967496CACB684D9FFCB65F4666AF21AD2	new_486278_486431	S142	new_486278_486431	486,278 → 486,431
4A2B1DA38608E5A4096087BF7246D4C64C54DBE3	BSU_31270	tgl	BSU_31270	3,212,591  3,213,328
4A3A354E00F6AFC91C8A912552904C3ECB462B3D	new_2053930_2054039_c	S707	new_2053930_2054039_c	2,053,930 → 2,054,039
4A3CA47533B217F595E7B600923DA31228B94DA8	BSU_37550	ywhA	BSU_37550	3,853,717  3,854,136
4A4081893A44B49B428C7113EE0D40A94A3A98D1	new_1035257_1035395	S332	new_1035257_1035395	1,035,257 → 1,035,395
4A4A533542E47DE8114B697FADE4CB581E5FB66E	BSU_08110	sspH	BSU_08110	885,629  885,808
4A4C5E6C1DFD46BC3CF9AEBA3FC1577767FF8465	BSU_37820	spsK	BSU_37820	3,883,427  3,884,278
4A4FCD876C3CA1D821792803CA2A0CB2E97D3F5E	BSU_23020	recS	BSU_23020	2,406,922  2,408,412
4A637EB9B400D30E5C6246D1E0EB5E6A30F38A16	BSU_16530	uppS	BSU_16530	1,721,214  1,721,996
4A6AB40A91B4821B99E2FECD1C4E523321B8BDEA	BSU_06670	gatC	BSU_06670	728,732  729,022
4A6B38FB0F15DA8E282F5114A28BBC449AB8AC3F	BSU_36575	BSU_36575		
4A77316AA94F9C11DB70AB76711AACBD28098AA1	BSU_06230	iolT	BSU_06230	676,442  677,863
4A791F34FD727E052532D5AE1C78C9499B367129	BSU_31289	BSU_31289		
4A8360E50ADBA4CC859A64A72EBC0A07F70A1764	BSU_18530	yoaA	BSU_18530	2,020,611  2,021,144
4A839F8A53DF75DF01FE410EBD3361759C3B1C86	BSU_32250	thrC	BSU_32250	3,313,770 3,314,828
4A8B6D88FEA9D18E1BAE08847A5F7683F9D6CDF4	BSU_20030	yosR	BSU_20030	2,159,742  2,159,984
4A8C798F60F12EE12D1DC2462AF88CF2558CF6D5	new_2095786_2095916_c	S735	new_2095786_2095916_c	2,095,786 → 2,095,916
4A8D74B83E20FA138ED66F0D8FD456B69B740D92	BSU_05960	ydiG	BSU_05960	646,582  647,094
4AA5AF9C7CE8D0A9FD3A47650ECF130BCBEE1952	BSU_06490	purF	BSU_06490	705,441  706,871
4AB445E0A0F3659865E8F08D3264398BC46E91CB	new_3681277_3681369	S1375	new_3681277_3681369	3,681,277 → 3,681,369
4AB87320C372899CC887FAD02F57F1C1D1A8725F	BSU_27035	BSU_27035		
4AC0B3559B06991B78A1D644F28D65E62F8BD245	BSU_02016	BSU_02016		
4AC6806E490B5381D72F7F206CC76921BF6FA1B7	new_3672793_3672923	S1370	new_3672793_3672923	3,672,793 → 3,672,923
4AC72C556ED02A7DE4E1E8D69A0FC926359ACE28	BSU_35609	tuaA/1	BSU_35609	3,658,259  3,658,408
4ADAFB16EFF09056F437DF11B7EB07DD7ADB6071	new_3217011_3217663	S1193	new_3217011_3217663	3,217,011 → 3,217,663
4AE313943886C1E31837E3AD1D308E71C2A1551E	BSU_08770	ygzA	BSU_08770	954,291  954,494
4AF865F1E16187F89C1FE19BAE5C2CF2C0A53E4A	BSU_27640	yrvC	BSU_27640	2,826,245  2,826,742
4B0CADED41695D86193D853AA0E2C02019E68C4C	BSU_misc_RNA_7	c-di-AMP riboswitch, kimA	BSU_misc_RNA_7	486,092  486,235
4B2711838DA141B52EE222BC6E17AFEE864557A3	new_2028580_2028675_c	S691	new_2028580_2028675_c	2,028,580 → 2,028,675
4B2A124B726393544A47791E5A5681F7B766A588	BSU_22330	ypoC	BSU_22330	2,344,264  2,344,758
4B2EA23089F7BE2C2860CF180F46CEFBFFC739CB	new_649828_649902	S208	new_649828_649902	649,828 → 649,902
4B42185D17ACC4C911E2DF3E6842F6534422E9F1	new_463491_463901	S136	new_463491_463901	463,491 → 463,901
4B54FF77FD5B6E22D6EF3DBECD9B84C0B5A60E18	BSU_10290	yhfN	BSU_10290	1,103,104  1,104,384
4B74B1653D783779AFB37EDF9D33E7D6F1AC92B5	BSU_03130	nadE	BSU_03130	338,288  339,106
4B900A64A96696F48BB0C2DC3B0884CD2F5E298B	BSU_40770	tetB	BSU_40770	4,187,681  4,189,057
4BA5214C441C6671CB7DAA3CACBCA5FC025BE0E6	BSU_27160	yrhJ	BSU_27160	2,773,890  2,777,054
4BC4B3E0AB4779D1DD5EDF591361FC1094AF661F	BSU_32520	pucG	BSU_32520	3,341,166  3,342,416
4BCAA5939CB7F0DF23495BC92C9EF0A0149296A0	BSU_04860	ydcQ	BSU_04860	533,338  534,780
4BD4CFB10700907DF1BBF3C9CFACAF573588E85F	BSU_06090	bsuRA	BSU_06090	659,623  660,564
4C184520E989BB9D5A8E2A534340A9924206DB4E	BSU_20210	yorY	BSU_20210	2,170,309  2,170,491
4C4E6278676430815B62C4D4AA5D2C48AA2613F6	new_930737_930817	S294	new_930737_930817	930,737 → 930,817
4C4FA59FF5D100E941EF470C0C54E85681ADC74F	BSU_22450	cca	BSU_22450	2,355,880  2,357,073
4C577B2CEDD9CD2CBFAF036EF36C9EFAF16F923F	BSU_29650	dgcP	BSU_29650	3,033,696  3,035,435
4C630B61249F8F2369E9BFE8A49885D3225DE7B6	BSU_29250	nrnA	BSU_29250	2,995,908  2,996,849
4C6A84131712EE816F32D5CED65A7C124314D581	new_4082846_4082919_c	S1525	new_4082846_4082919_c	4,082,846 → 4,082,919
4C79DEC2524735E3D32F967D511C5B0761D503A5	BSU_25410	rpsU	BSU_25410	2,620,371  2,620,544
4C819970A96976724945C40066733C45B42DA910	new_3137969_3138320_c	S1173	new_3137969_3138320_c	3,137,969 → 3,138,320
4C88F46CFAC08CDD9F2142468AD7DEE0010E322A	new_3385447_3385618_c	S1268	new_3385447_3385618_c	3,385,447 → 3,385,618
4C931B288BB8BC6B60EF7990E05BB711146E6484	new_2736849_2736914	S1006	new_2736849_2736914	2,736,849 → 2,736,914
4CBE0323FA78EEB3835A34E4A240F012906B7414	new_1151069_1151165_c	S384	new_1151069_1151165_c	1,151,069 → 1,151,165
4CD2A930753175B7F533EA6B91478577CE80A29C	BSU_22670	trpD	BSU_22670	2,374,881  2,375,897
4CD44AD8FE68516C84889EAA2137828E06B8A30B	BSU_31230	tlpB	BSU_31230	3,204,067  3,206,055
4CDEE1AD400AD49D5B34C5FE2010B8F47BB37E38	BSU_05190	ydeG	BSU_05190	566,211  567,503
4CE149CB9FDC412AF28812D21A0A514ECA997124	BSU_10470	yhjD	BSU_10470	1,121,036  1,121,398
4CE77D94DAF9A0DC5D52817A131420CB689C462A	BSU_rRNA_22	rrnD-16S	BSU_rRNA_22	
4CEB394CA41A289C3549F19DBA4E1143818E3783	new_2158288_2158723_c	S766	new_2158288_2158723_c	2,158,288 → 2,158,723
4CEBD81F485DD0B660E297FFC34A0F5270652184	BSU_24100	bkdR	BSU_24100	2,504,789  2,506,867
4CF981E8DFBF07A8E7AF8623788A5812328E54BE	BSU_08390	bstA	BSU_08390	913,924  914,460
4D226A24A5D5D64DBDFC109B8C7077C69E3E381C	new_4140222_4140497_c	S1550	new_4140222_4140497_c	4,140,222 → 4,140,497
4D286C045A43FBF0F6E93E9E46AD7F25E35ADA7C	BSU_22220	mrfA	BSU_22220	2,334,581  2,336,830
4D288C63F68A9A4B39535D849D455B49F4E65050	BSU_33740	yvaV	BSU_33740	3,463,534  3,464,067
4D2AD84E74888EC61E44DE5B8E31812F43250B05	BSU_37700	bacE	BSU_37700	3,869,487  3,870,671
4D3BF0A60B7FBF7CC8C97F8AEF5B3F2A2D41979C	BSU_19610	yodI	BSU_19610	2,134,244  2,134,495
4D3C316965834130BB378CBD1265CFA13F086C7A	BSU_35700	tagH	BSU_35700	3,673,564  3,675,147
4D3D4429E1F387BACB0D5A1084AA8DF179A16685	BSU_15190	mraY	BSU_15190	1,587,926  1,588,900
4D3F3CF7AFFF73F51E89AC83163B93AC37A5D71F	new_17453_17533	S10	new_17453_17533	17,453 → 17,533
4D44DE80B1FA0E3BABEC7D31BA1AFC4AF17C10D4	new_347670_349525_c	S117	new_347670_349525_c	347,670 → 349,525
4D46B2842D6B8B8002F47544E76DB36C24364E69	BSU_32540	yurI	BSU_32540	3,344,113  3,344,979
4D49D6734595C3C83003A7EC2DA6F1E1BEBC8E19	BSU_33370	yvgK	BSU_33370	3,424,235  3,425,161
4D4BC14E558C05803A66EB1857E8F7D582AE54B7	BSU_11940	yjcP	BSU_11940	1,266,614  1,267,117
4D4EAC065BD26020E442546FCBE8A29CE3A29CFA	BSU_20940	yopC	BSU_20940	2,213,536  2,214,864
4D54898D405EA25A0C74B1F02A492143D49B7B07	BSU_03990	mtlD	BSU_03990	451,618  452,739
4D56C583BBAF47F384ACFACF7A607FD8BFA59960	BSU_23910	yqjE	BSU_23910	2,485,680  2,486,795
4D5D0363035C8C3283BFCF36557CA23C0EB7B9A4	BSU_06120	ydjB	BSU_06120	663,601  663,936
4D64F44E95B18BF7E252ACED7B22D65C4E8A952D	new_3542806_3542942_c	S1316	new_3542806_3542942_c	3,542,806 → 3,542,942
4D67B1EA37A0BDEA8653A73D0097241189234D35	BSU_06048	ydzU	BSU_06048	654,071  654,343
4D76F07D6124D56C7CEBBDAB9E84B2718BF1E7FC	BSU_03500	comS	BSU_03500	390,880  391,020
4D7D62B4CDA350DCDC04E6934B5E23ECE4C57870	BSU_22620	hisC	BSU_22620	2,370,415  2,371,497
4D85B3F2A60592CF256922B6985D289D214EE362	new_4018701_4018785_c	S1508	new_4018701_4018785_c	4,018,701 → 4,018,785
4D89BFFB1073407A7A1762AFD18B49F3414D6787	BSU_10640	sbcD	BSU_10640	1,143,577  1,144,752
4D8CF3BED8F94DE3F8FCDEB1FE55D5F1D17FE26F	BSU_16230	fliH	BSU_16230	1,695,254  1,695,880
4D8D061F30F219298B244208756EE481360D22F5	BSU_tRNA_70	trnB-Asn	BSU_tRNA_70	
4D93A13DB9DC55A49525BFF4FD589F4FF67D50E8	BSU_16740	spoVFB	BSU_16740	1,745,263  1,745,865
4DA9D9124460FC2FCBEACEAB1E57B4EF1B5FA707	BSU_09980	yhaI	BSU_09980	1,072,768  1,073,109
4DAB7847EA3848A34432C80124464543FA3DCA0F	BSU_11300	med	BSU_11300	1,206,629  1,207,582
4DB53AE08A4E4841D0411A5590CC09A6ECC8E74E	BSU_39870	yxbD	BSU_39870	4,095,356  4,095,835
4DBF4635B5C5A7541E8F97440D139DAA02547B99	BSU_35350	yvyC	BSU_35350	3,634,425  3,634,754
4DD2E476E9BE2E9DF641AF004DAA6793B9B04A1F	new_64001_64098	S35	new_64001_64098	64,001 → 64,098
4DD6A80046DDCDAF3AA845E1B8D62EABEC478028	new_1569320_1569425	S548	new_1569320_1569425	1,569,320 → 1,569,425
4DE156D248FAF7DE3ED9AC35F006B5319A3C1BDA	BSU_35320	fliT	BSU_35320	3,632,150  3,632,491
4DE499A579610BD576772AED84B1F4256A2418D6	BSU_40450	yycD	BSU_40450	4,159,005  4,159,205
4DE90422754DA1FD9EFE58766EACB99CE6171207	BSU_33450	helD	BSU_33450	3,434,327  3,436,651
4DEBC1491BE4A97CC6B48FDA53579B445E6FA317	new_3224669_3224824_c	S1198	new_3224669_3224824_c	3,224,669 → 3,224,824
4DEDB27C0162409571AB4A1BB17CFE400764AE45	BSU_00610	shfA	BSU_00610	68,515  69,150
4DEFC2998464BF8327578C36A13A10DD277F991E	BSU_13770	ykvO	BSU_13770	1,442,872  1,443,618
4DF1740D4DFB9FD25E77C14D28AEA01707776099	BSU_02350	gamP	BSU_02350	254,907  256,802
4DF9B105ABA64AFD5106EE75FCC9EFAB52BEFC83	BSU_09530	yhdN	BSU_09530	1,030,265  1,031,260
4DFBBB591D643F1354331B09643C1D206F6B71C2	new_1249889_1250015_c	S420	new_1249889_1250015_c	1,249,889 → 1,250,015
4DFF9924E07D834F37580D73E88451C1671C5111	BSU_01935	skfC	BSU_01935	215,404  216,894
4E06C3D56DC798E19DD166CEE4921EB8F1DC0168	BSU_21850	ypiP	BSU_21850	2,299,406  2,300,179
4E0EA1000B5FCE4259FC3B25D912668964E30C32	BSU_24205	BSU_24205		
4E18BD4B084094EE4FBC8FE2AC95B14581D20C0F	BSU_23270	ribE	BSU_23270	2,429,600  2,430,247
4E1FD02C6FE4103E3B4942BF5221C062CB8D0B9B	BSU_03900	gabT	BSU_03900	441,571 → 442,881
4E23D2043D51C587027ABBF6335F148295E90B8F	BSU_01780	glmS	BSU_01780	200,277  202,079
4E2CE4692C11D7A69FEE1FF3DB986B74AE547B11	new_2282285_2283135_c	S814	new_2282285_2283135_c	2,282,285 → 2,283,135
4E30D206B159C87779ABB109690D4D70A410060B	BSU_28709	BSU_28709		
4E384490E7D2761BC8779483C4950D6D14323D1C	BSU_31470	kapD	BSU_31470	3,231,812  3,232,429
4E3ED9AB8EB465B9D4DDF58F69D277F35CC2A78C	BSU_28830	ysdB	BSU_28830	2,951,490  2,951,882
4E42C126368C8995971518F33933D39FFD52BF64	BSU_26619	yrzO	BSU_26619	2,720,526  2,720,669
4E53CA515DDD279CF87D66D730A5376CDF399D6C	new_2968641_2968771_c	S1094	new_2968641_2968771_c	2,968,641 → 2,968,771
4E575C69E4C3953F064BACF9E3B5F0AB079DECCF	new_4021307_4021428_c	S1510	new_4021307_4021428_c	4,021,307 → 4,021,428
4E5C84FDC8FE2FEFF47306C91ECAB7F17D3E38E9	BSU_28500	trxA	BSU_28500	2,913,024  2,913,338
4E626CEED2AB27442B49C199CAFDA89333D44715	BSU_03410	yckE	BSU_03410	370,259  371,692
4E6EA2EABBDAA427E8F9EE1AE1800AF8657CF18B	BSU_02450	glnL	BSU_02450	266,719  267,663
4E720917045032E8B45CB8AF6E5C13AE0E48EE33	BSU_01740	rsiW	BSU_01740	195,426  196,052
4E7390A74A8261E8B732E94859E90FE256AD64EE	BSU_23770	dsdA	BSU_23770	2,469,580 → 2,470,926
4E73F3F5DA55164BA70A4CFCEDCDD4C7783916E9	new_1891565_1891743_c	S633	new_1891565_1891743_c	1,891,565 → 1,891,743
4E766839240C8F7D56D87DF9E7B99350A83B5FF7	BSU_30290	melC	BSU_30290	3,100,031  3,100,861
4E7B9426CED372AA8A321A147116A3A589FBF20C	BSU_00690	ftsH	BSU_00690	76,984  78,897
4E8453B3989D43EDC17ABEDD65292A6C1513E86E	new_621545_621613_c	S201	new_621545_621613_c	621,545 → 621,613
4E8B5A3B2C0C1348018BCAE9449C0C7E5075DFB3	new_3076630_3076728	S1152	new_3076630_3076728	3,076,630 → 3,076,728
4E8DEDC42F5A061960BD51787C9D144CB8D145C0	BSU_19840	yotL	BSU_19840	2,152,927  2,153,169
4EABC264966EF4797988837CB4ABE5D3A835C357	new_2074312_2074438	S723	new_2074312_2074438	2,074,312 → 2,074,438
4ED1DD17694A06CFDFF48943BAE8AEC2CCCB0401	BSU_30135	yteP	BSU_30135	3,082,260  3,083,225
4EE1809AC405170A78F6F8C8C02EEF5CC54DE076	BSU_10100	hmoB	BSU_10100	1,083,229  1,083,729
4EE48E4931F662E51586DB6D01E91C688329222D	BSU_33020	cssS	BSU_33020	3,386,398  3,387,753
4EF24653899791F2F4C986EC1B21CBE547C9BF8A	new_2288083_2288193	S817	new_2288083_2288193	2,288,083 → 2,288,193
4F109FFD7A51971E63659EDD25F589AB58693053	new_2713135_2713319_c	S992	new_2713135_2713319_c	2,713,135 → 2,713,319
4F237C02A306DF6A0D54E6DF4E558C8157F9B948	BSU_34650	yvdC	BSU_34650	3,559,632  3,559,952
4F296CA0094B8618224F998E1B382470EECEAB3C	BSU_31140	cdoA	BSU_31140	3,193,863  3,194,348
4F30A4412768E6313F57BD56C4EF5079F500E0C4	BSU_37050	maeA	BSU_37050	3,800,418  3,802,166
4F3E96C741561746B4E0EEA5AE29DB124C2F7249	BSU_37500	speE	BSU_37500	3,848,786  3,849,616
4F4BCFAE91DAB08B6FA12F671557098751B6E78D	new_2734144_2734373_c	S1003	new_2734144_2734373_c	2,734,144 → 2,734,373
4F4F48730C97FBEEEAE6B4080D2DD324C575633E	BSU_21240	yomS	BSU_21240	2,242,056  2,242,412
4F5945C3C8F18BD1B30D97CD516A06077C200B9D	BSU_27510	yrvO	BSU_27510	2,810,559  2,811,698
4F62984AC4A5D33C2B74A687E53DFDF9FAE76EC9	BSU_tRNA_9	trnA-Ala	BSU_tRNA_9	
4F706E2F908A8FD638FFA3D8E8810539E5A5FC09	BSU_04390	ydbA	BSU_04390	493,559  494,377
4F718681A7AD0C86B2551248570F493AC0B2E7E9	BSU_39410	nupC	BSU_39410	4,050,340  4,051,521
4F88D1C5238156BC3AC2C723334AC30C06BC17FD	new_1030069_1030171_c	S330	new_1030069_1030171_c	1,030,069 → 1,030,171
4F8E1DEB466D24E13E886BEDB5E3F88226BA9386	BSU_18490	rtp	BSU_18490	2,017,886  2,018,254
4F9D70C4BB4FCA809BEAC341C3F8122FB7FD8872	BSU_34800	cwlO	BSU_34800	3,574,363  3,575,784
4FA7D6E6316A6FC71C10C692D125833263894020	BSU_06839	phrH	BSU_06839	752,079  752,252
4FBA27CA0AA025CB17E46C8AD5EC24E5F5AFE758	new_1374025_1374396	S467	new_1374025_1374396	1,374,025 → 1,374,396
4FDAD5E5660EDB346A37C1F41BD8B7B66561E529	BSU_13799	ykzR	BSU_13799	1,446,317  1,446,568
4FE6A51A0D9BBBF574EA2EF18B95B5BFC0A64CCB	BSU_30420	ytrE	BSU_30420	3,115,279  3,115,974
5001019AD87FEF7D7A920D570C1053D476F7F20C	BSU_13100	ykkD	BSU_13100	1,376,855  1,377,172
501896FDFFB645EC335705C6190BC73772B9792A	new_1074350_1074613_c	S353	new_1074350_1074613_c	1,074,350 → 1,074,613
502AA809C8C95F8886DD91FBB7DDBECC63342327	BSU_14390	fruK	BSU_14390	1,508,330  1,509,241
503E9A07EA793F04AD3DBD8FE15E378FB2CCA406	BSU_misc_RNA_94	mswM		
50417B2FA0ED2258A13B1E708514F055297599EF	BSU_28940	serB	BSU_28940	2,958,434  2,959,216
5044FDBEC8D81D1978DB431F9222902FCD80DD2D	BSU_32200	yutJ	BSU_32200	3,308,867  3,309,934
5050649605DD782AF10FC0AEEA5F14036EC0197D	BSU_10360	yhfT	BSU_10360	1,110,479  1,111,918
5050D0049B87C9FF2ACCE45BD13FDA0227AAB804	BSU_10820	yisQ	BSU_10820	1,160,776  1,162,143
506BD8F55C235CCCF5045073AEC93D8B1E4FB8DF	BSU_08920	yhbB	BSU_08920	969,162  970,097
507E3E5493A88A0CD4CC0B8BE0EC3FCCA65493C7	BSU_26580	bltR	BSU_26580	2,716,035  2,716,856
5084B6223B9F261E9FE1C65CD3F5FE20AF7E5ECE	BSU_02210	ybfH	BSU_02210	241,917  242,837
50856486A0CC711DFEB4FD6F10678EEF23E6E1B8	BSU_21270	yomP	BSU_21270	2,243,989  2,244,180
508670AD8873B32D4A0A75F0991B5DD309DEB995	new_3645297_3645378_c	S1355	new_3645297_3645378_c	3,645,297 → 3,645,378
508FC7117B4CE7AF119B3830AE9DC113CB058039	BSU_27390	yrrK	BSU_27390	2,797,399  2,797,815
50930C56C27D22715620A350220E3C56ADB41020	BSU_27520	cymR	BSU_27520	2,811,717  2,812,133
50A50E33796EEF8046142EE928753C355EF42A1A	BSU_30630	rppH	BSU_30630	3,134,983  3,135,459
50B434E1E1ED84B482B01B973F513B7AF9E8921D	BSU_38495	BSU_38495		
50B7EC5F4BC8EC9FC4BA8A5735E52DF64A511674	new_53363_55717_c	S31	new_53363_55717_c	53,363 → 55,717
50BBC8AB77B99B9FE5B8A8FE906D39DFEA4ED652	BSU_18010	yneN	BSU_18010	1,929,481  1,929,993
50D2A03E2D7B5D461540FD157377E0D37F771888	BSU_31910	yukE	BSU_31910	3,276,141 3,276,434
50D7B97E4D3D41F74EF1942B85DE1DA4A33BEBB0	BSU_12810	xlyA	BSU_12810	1,347,289  1,348,182
50DC162B3A7798F8D10B8373968AD333F197360B	BSU_09640	yhdY	BSU_09640	1,038,909  1,040,024
50F1AFC53F4577A0807228A7FFB1DE621B4EE201	BSU_18980	yobJ	BSU_18980	2,070,244  2,071,086
50F2386D1B5D56FF2454604831256C92082DD99B	new_3604568_3604754_c	S1336	new_3604568_3604754_c	3,604,568 → 3,604,754
50F6A267D496725F97F2F77A1A28EB23B1DE58F0	new_1252061_1252565_c	S422	new_1252061_1252565_c	1,252,061 → 1,252,565
510DE075EA964D22C42DEB171509F6CDA600A402	BSU_27890	nadR	BSU_27890	2,850,716  2,851,258
5113275AD52AB921D038BECD34204B1E1612D651	new_826720_827251	S259	new_826720_827251	826,720 → 827,251
511CFC625D79AAA8B78809651684E4E409337AFA	BSU_32140	paiB	BSU_32140	3,304,096  3,304,719
511E71BB1981758857854C8E9BF657287CE60C11	BSU_13660	kinD	BSU_13660	1,431,486  1,433,006
5127A89F8A527A1379CDD12DC099CE412E852D99	BSU_08670	ygaB	BSU_08670	938,243  938,587
51368512B8322EDBCA92674EC2B97CF26087D8A9	BSU_16040	rplS	BSU_16040	1,676,033  1,676,389
51578F3BD1E639463CE84544D0A77CA648D5B76E	BSU_24510	yqhO	BSU_24510	2,542,439  2,543,314
516B13F337FD346B4A4A268E35D1EBABB05957E1	BSU_01630	feuA	BSU_01630	182,370  183,323
5170D95E80593CD5C6955B6D2F04792BA2383FD6	new_3996377_3996599	S1495	new_3996377_3996599	3,996,377 → 3,996,599
5189DF2F6144CD2429B5C01B1AD03BAE98307579	new_2477758_2477958_c	rpmGC	new_2477758_2477958_	2,477,758 → 2,477,958
519D4694B2895EE6F0D38D918F52F27734506848	BSU_15780	cpgA	BSU_15780	1,653,103  1,653,999
51B1913B59C1876CCED4A88414797B3A22BE4E3C	BSU_05290	ydeP	BSU_05290	575,712  576,098
51B3ED39FC423164A6FD6271815E029137B362A9	BSU_37670	hemQ	BSU_37670	3,866,596  3,867,360
51B5F268EE71DD28741A38F72E507B6E245D5494	BSU_08790	thiC	BSU_08790	955,895  957,667
51D4DD72AF21FDD82B9A1443AD8904C53F722C44	new_2208781_2208854_c	S786	new_2208781_2208854_c	2,208,781 → 2,208,854
51EB09C122A7166D662AE72842A44EC5FBA03134	BSU_15570	cysH	BSU_15570	1,630,382  1,631,083
51EF3C9A48FA7367576656F5E79D38D1B56BF6A5	BSU_03250	ycgR	BSU_03250	350,858  351,742
521246EDA87A00F1B5E0792EC7AF1EF2B11C1C3C	BSU_08440	yfiY	BSU_08440	919,366  920,343
521BC744C43F6452A62AE39B7F192A68B755B500	new_1945655_1945976_c	S677	new_1945655_1945976_c	1,945,655 → 1,945,976
5224B7AD3B669120DBCC071540F6B37D11FD5260	BSU_18620	yoaI	BSU_18620	2,031,439  2,032,890
5227AFA9ACFB030DF0BD2ADF8BB00343E7B03907	BSU_40940	yyaD	BSU_40940	4,203,424  4,204,440
522E49C265286CBC191334F4EFD864D81D59E3CB	BSU_37630	ywfM	BSU_37630	3,862,357  3,863,247
522FFEA4324FD83D82A54D2787377C48B26B0C15	new_2708789_2708942_c	S989	new_2708789_2708942_c	2,708,789 → 2,708,942
5231A0EE9C5A7556817B686D5B2B7B72B675BCAC	BSU_00260	yaaN	BSU_00260	36,478  37,638
5237C86931876179C9CE67A9B04A0A62ADA7C25C	BSU_10890	yisX	BSU_10890	1,168,199  1,168,837
523B01B5E7141C7DFC28CE67EB92580F49C20844	BSU_37100	murAB	BSU_37100	3,806,086  3,807,375
5240CC5115326ACBB2B73F7610987C842C246F24	BSU_19880	yotH	BSU_19880	2,154,077  2,154,250
52424B4904FC22186F75D6520D5E6BED7D815B96	BSU_38018	ywzG	BSU_38018	3,900,481  3,900,819
5251F15ECCB6043F1ED3D9AA1C2BB023FBA2D3A6	BSU_05130	ydeB	BSU_05130	560,151  560,612
525B69E09851257A381E14FCAB4054946EC4BA61	BSU_tRNA_37	trnD-Tyr	BSU_tRNA_37	
5264E1ACD4835A1371470CD1D1E53734E882EDC0	new_2756227_2756311	S1017	new_2756227_2756311	2,756,227 → 2,756,311
5271187F3B1A47CAB91C0DBD0EAB910DDFF2AF83	BSU_05409	ydzQ	BSU_05409	587,333  587,476
5272E807B6B98541EA155AA9748320E25767F096	BSU_34280	epsJ	BSU_34280	3,518,999  3,520,033
5278DD377B110CC14E239B9428F1985B472EEDF5	BSU_32810	yusI	BSU_32810	3,366,573  3,366,929
527956DFAF0BE1115E6FDC82B03527D0BA96D56F	BSU_32310	yutD	BSU_32310	3,319,286  3,319,561
527AB8EAAF0A1AAD4E5B714B35ED9F78BECC17EC	BSU_01970	skfG	BSU_01970	219,087  219,602
5287063586EB218843451386108E45274C7A8D68	BSU_01200	rpsS	BSU_01200	138,202  138,480
5291FEF41CA547223EDF9EBAFA38D3EE550ED3F3	BSU_03981	mtlA	BSU_03981	449,724  451,160
52960D4299F66DF41D1971C1FDF74A9438DC54D7	BSU_06330	yeaC	BSU_06330	688,184  689,146
52A47B49B1FB955EE7E3C316B57A2B4134F78480	BSU_34220	epsO	BSU_34220	3,514,115  3,515,083
52ACD130B44D99CDC0FBD8EB04C60F3B386E53CD	new_928316_928388	S291	new_928316_928388	928,316 → 928,388
52BB660B0CAB36C74F1D47963235846B45AF78AB	BSU_03760	yclK	BSU_03760	427,247  428,668
52BD8C536202E6D0B2B1F13E677CB2534F80BCEF	BSU_24910	yqgM	BSU_24910	2,574,641  2,575,720
52C1601482C26400A524E880334BB801F832D6ED	BSU_32420	pucR	BSU_32420	3,328,762  3,330,357
52C4FC8F59B5A09EFF934E44CC8277714CC3751A	BSU_25850	yqzI	BSU_25850	2,660,574  2,660,732
52C8DE3C78B680C8883D1CD559CBC2D9ABFCC400	BSU_30980	glgB	BSU_30980	3,169,763  3,171,646
52D48F22CB53421EE30970D34B4861E2F8A5893D	BSU_00580	yabN	BSU_00580	66,405  67,874
52D4DA0AA45F0774543786B55D18DF9DF53A5029	BSU_30550	metK	BSU_30550	3,127,825 3,129,027
52D560AA02F0849CB24460A496021560063B2E12	BSU_02680	lmrA	BSU_02680	290,132  290,698
52D7398F49EF55F0C7E57DB9F2BAFAEC8A37AC5C	new_635022_635109	S204	new_635022_635109	635,022 → 635,109
52EB06F920EC02FD32FDE18DD4202E30D5EC8262	BSU_37520	ywhD	BSU_37520	3,852,186  3,852,704
52F89A9CCEA3D4F521102B3A9B4CA47AD3140334	new_2528267_2528403_c	S917	new_2528267_2528403_c	2,528,267 → 2,528,403
52FC7C5B1E8CAD8341A7B57FA1253105D8FFE717	BSU_02181	ybfEn		
530844B354D43308CC8CB7DC30DB9731A5D698EB	BSU_07735	yflB	BSU_07735	844,253  844,645
530BECBA14BDB4854CDADE894EE590EA8008EBAE	BSU_06880	yesF	BSU_06880	754,920  755,780
531F132F7F6A878F1E1D56977B9898A14272349A	BSU_38410	sacX	BSU_38410	3,942,234  3,943,613
53259B300509E6B6DAF3ED106D1DDEDC99B5532B	BSU_29890	ytnP	BSU_29890	3,058,631  3,059,401
53329E8C34E297DDCE7CCE1D384422EC229B41E2	new_285988_286047	S99	new_285988_286047	285,988 → 286,047
53364B1E6728EA385E95F96E47AFDE6D65AD7040	BSU_13190	ispA	BSU_13190	1,386,024  1,386,983
533C6FC630F1406B17508223352C6536284DBADD	BSU_18900	yozJ	BSU_18900	2,060,237  2,060,692
533EEB1A454D29800C9A00A0BE107ECEE2138DAB	BSU_10220	gltT	BSU_10220	1,096,560  1,097,849
5348351A5528B347F73D67BCC3467D51F0A0DB03	new_2565921_2566988	S930	new_2565921_2566988	2,565,921 → 2,566,988
53496D7AC05B20C5AEB6CB9B9B8825FC987B12C5	BSU_34100	rsbQ	BSU_34100	3,499,541  3,500,350
5350DC618130E013757EE667B9AFC5F2EC68EC08	BSU_01360	secY	BSU_01360	144,527  145,822
53554E8ED4687F5F34DD00B20A8115E6743A47DC	new_1903330_1903490	S645	new_1903330_1903490	1,903,330 → 1,903,490
53576746FF1B644A1980F8ACD0E8F4A54CDDAD83	BSU_17300	ebrA	BSU_17300	1,865,058  1,865,375
536079E17C1CC18E77432D8006172D196B896EF8	BSU_06900	cotJB	BSU_06900	756,139  756,402
5361A5FF97D2337B8511ED532A41212F776F5B16	new_376667_376967	S126	new_376667_376967	376,667 → 376,967
5364730C4DD7FFFB238DA190889CECF6C63F1050	BSU_04490	ydbJ	BSU_04490	502,908  503,834
536B5EEE4EEAF2E3789B298B477C710F81C5DA2D	BSU_09140	yhcM	BSU_09140	988,417  988,872
536C9484296F949CDFDAEF32E1A03B247FEF6AD8	new_1872092_1872751_c	S622	new_1872092_1872751_c	1,872,092 → 1,872,751
536FFCB7298A5B9C81A676BF48C7C2033E598C67	BSU_tRNA_79	trnE-Arg	BSU_tRNA_79	
53714CE39C840B69F94ED8C25737A5BD1840852F	BSU_26055	bsrH	new_2678579_2679086_c	2,678,579 → 2,679,086
53833A2E7176C04AF2E3F7CD7FC9928DC1A0110D	BSU_10680	gerPE	BSU_10680	1,148,744  1,149,145
53898B42C9B09C87F2EE23BAA3433E93DC2DA42E	BSU_11790	yjcA	BSU_11790	1,252,177  1,252,533
53950BFDC128DE46F3F43BDB9D0FDB3D645152DF	BSU_32430	pucJ	BSU_32430	3,330,502  3,331,851
5396A9C07F816D93468D60B637EFE81EC91AF6BB	BSU_03150	aroK	BSU_03150	340,025  340,585
53A1332F97243C6ED4DC02BF69740A7FE569A684	BSU_misc_RNA_29	BSU_misc_RNA_29	BSU_misc_RNA_29	1,630,115  1,630,220
53B760316B19E142FC3ECAD2CFAA540377B08BBC	BSU_14560	defB	BSU_14560	1,526,195  1,526,749
53BA24E91EEC797C95B8975C487F3C50CBBFA2E3	BSU_28920	lytT	BSU_28920	2,955,783  2,956,508
53CBEFFB7FB819E5B4565AC77AC1545CA4E3A874	BSU_18050	yneQ	BSU_18050	1,931,215  1,931,514
53DE13BCAFF332A76438C4413949EEAEE6E9DAA7	new_1038543_1038616	S334	new_1038543_1038616	1,038,543 → 1,038,616
53E0C7CEF1286DE3CC90C20CB02B2A8B4B6781C0	new_3217848_3218524	S1194	new_3217848_3218524	3,217,848 → 3,218,524
53E29A238EC817CE9B430BDED92DE8E9746C928B	BSU_09060	yhcF	BSU_09060	981,237  981,602
53EF65638E0001CA3679EA96A63C864F5F599B65	BSU_36350	ywpD	BSU_36350	3,742,384  3,743,220
5410018998EC9792A69CF0D9C438EEF5AC8A82C5	BSU_23440	spoVAA	BSU_23440	2,442,684  2,443,304
5424A936643C90B3DA2CB60FD0FD42A64F2BAF09	BSU_02660	ycbU	BSU_02660	287,499  288,611
542871C77BE841AA59A65FFE8A44AB85BF9180F0	BSU_18480	proH	BSU_18480	2,016,845  2,017,738
544344B61A804F367BB726976E0C87B61998490A	BSU_14730	ylaC	BSU_14730	1,544,085  1,544,606
544CE1370BE7444F361F62808E320CE97C3C2F93	BSU_26670	gltR	BSU_26670	2,725,837  2,726,727
5456B0C27EAE89F5B9E750D65E1E3C6EDA27C9FA	BSU_24370	spoIIIAG	BSU_24370	2,533,010  2,533,699
546407EFD8128D1F74443991B8D600F668FBD7A1	BSU_03000	opuAC	BSU_03000	323,119  324,000
546516FC0E787D6903085D43075C0F2FB7132E08	new_2655000_2655301_c	S972	new_2655000_2655301_c	2,655,000 → 2,655,301
5470621660C3AD6A3B82C4CEF5DAC3097EDC85B3	BSU_09180	yhcQ	BSU_09180	990,612  991,265
5486DE69920FF3D88FF2642A242181F293DA26B2	new_1035397_1035553	S333	new_1035397_1035553	1,035,397 → 1,035,553
548926987569033AA0C40610B8E80FB2BB8E1E3A	BSU_00720	yacD	BSU_00720	80,802  81,695
548E92526BC00999031D6EDE43FE061CE0448AFC	BSU_03790	thrD	BSU_03790	430,623  431,987
549D677B77F024436614E20DBCDC750F5A0AAF92	BSU_21638	BSU_21638		
54B65658D2BD0323CF01AC980553B9E48F589211	BSU_21150	yonB	BSU_21150	2,236,269  2,237,285
54BED3A1A405A63B82D16CEAAD1B5E505937C336	BSU_19110	yobW	BSU_19110	2,084,214  2,084,759
54CD247926F7FABE4ACE85EB7021B62500B47260	BSU_16050	rbgA	BSU_16050	1,676,532  1,677,380
54CE8EB2F5D1F9AEAA497E1F60248C9B2250B01E	BSU_06520	purH	BSU_06520	708,594 710,132
54D021424B31A8244F0F4B32EF9483CF27F90D43	BSU_11490	yjbC	BSU_11490	1,226,938  1,227,516
54D95C63D16FEFF1DBFBEFD917D95F2ECFE58D99	BSU_tRNA_38	trnD-Trp	BSU_tRNA_38	
54DAA422BF35658F2E8D89DD10EAA87B62941E78	new_3028103_3029246_c	S1123	new_3028103_3029246_c	3,028,103 → 3,029,246
54E05955FF1732F434A0FAB08967573B8DD3ADD2	BSU_38370	glxA	BSU_38370	3,937,135  3,937,515
54F0C32DF50E0D26916804161DCC17BA83E0A086	BSU_32320	yutC	BSU_32320	3,319,676  3,320,308
54F96DE549F78E6C1580949A21C84B27AF26C4C6	BSU_35600	tuaB	BSU_35600	3,656,752  3,658,203
55097781C1B7E5B6B26BCB805D019B732BECCB17	new_935441_935588_c	S296	new_935441_935588_c	935,441 → 935,588
550BEB8D8AA1107213FC115F45EBA3C47052EDC1	new_3813168_3813245_c	S1443	new_3813168_3813245_c	3,813,168 → 3,813,245
550ECCEF01D92C4F2163147DA55572B8AA9826AE	BSU_27786	BSU_27786		
5528AD62C1BF608D181C8960C88620B63B1E60A0	BSU_37260	narJ	BSU_37260	3,824,226  3,824,780
552D4C42DCEA4625000160D2625711C61AB11661	BSU_03800	fpbN	BSU_03800	432,372  433,322
552E27B8361EFD0EF0570FCD1B737A9D44DC9EAC	BSU_06650	sapB	BSU_06650	726,035  726,733
55459D8F0BBB2669EB9F25276A17F1A7EB322AF1	BSU_38950	yxjH	BSU_38950	3,997,964  3,999,097
555AA24C58041AA593C551DBA72EDB943E6D4CA8	BSU_19660	yozD	BSU_19660	2,137,602  2,137,778
55674E91861B43885F93A754B34886BB428DC60B	BSU_13970	ykwD	BSU_13970	1,466,638  1,467,411
5571CB56B33F5AEBA0DEEDFB4D7AD2A1195E5DF2	new_2123802_2124020	S751	new_2123802_2124020	2,123,802 → 2,124,020
5592C5163CF024289B850916516E2C8C7AD43136	BSU_13120	proB	BSU_13120	1,378,496  1,379,593
5599DC922B2B70364603FB5566314D808D82DC08	BSU_21490	sunI	BSU_21490	2,269,988  2,270,305
559DEDC9887B811EF80994526256ADC48BA51CE3	BSU_40990	noc	BSU_40990	4,207,897  4,208,748
55A1EF8A10CB398CCD3FDD06D9483FE0DCE31C64	BSU_10620	addB	BSU_10620	1,136,320  1,139,820
55A34610EF7AA5E515DE3DCDA333ED3A42B0EF08	BSU_37430	albG	BSU_37430	3,842,294  3,842,995
55AC7F938501322F921DEF3618BEFB4830560198	BSU_11929	yjzG	BSU_11929	1,265,677  1,265,850
55C4B4B7B46B6D04EF712BD79407C0B04DDC6A34	BSU_00340	trmN6	BSU_00340	42,917  43,660
55C821F68B2E5F9F45CC2B2C9494D48D5C33266A	BSU_17100	pksC	BSU_17100	1,783,763  1,784,629
55C9FA5282B213915C164B46119C482D03491381	BSU_40780	tetL	BSU_40780	
55CB706800FCB52D20027EFC9B7922CC05392BCC	new_2320214_2320354_c	S835	new_2320214_2320354_c	2,320,214 → 2,320,354
55CDB094A8139B3273916193EEF6FC5996FD1C99	BSU_31319	yuzI	BSU_31319	3,218,215  3,218,478
55D7F05F8592A53A58A032C78B847782E598B268	BSU_18150	xynC	BSU_18150	1,942,714  1,943,982
55FCF31B1345E22A0CED89AE4CBDC8661E4D5B30	new_121686_121918	S51	new_121686_121918	121,686 → 121,918
55FFC41472409F2459DCF41CD51CF49A7269AA91	new_2054085_2054544_c	S709	new_2054085_2054544_c	2,054,085 → 2,054,544
560AEB7F072ACCF5C74FA34260ABA5E038CDFC12	BSU_20740	yopW	BSU_20740	2,202,381  2,202,716
561308269D6A42506DB61EA86ECD1F96E5886920	BSU_27420	yrrI	BSU_27420	2,801,141  2,802,202
561B400C0255AAC2B52ADBBCA05D373E6366CD40	BSU_31279	yuzH	BSU_31279	3,213,342  3,213,596
562DCA58772D175D8FAFB0C2D8AFC6D89AC0553E	new_2678724_2678943	S978	new_2678724_2678943	2,678,724 → 2,678,943
56345EA776E1C5664EF1F2D1AF5CE3E5F40AD442	BSU_31000	yuaI	BSU_31000	3,179,926  3,180,447
563C94555A88627C1725E552B818443D278961E9	BSU_13299	ykzO	BSU_13299	1,395,598  1,395,810
564A2F43F8AABE97FC8F0B1B3382A9F31F02FA18	BSU_16750	asd	BSU_16750	1,745,991  1,747,031
565D91F3E0357C5B16CC342FCDA7EFD4B910829C	BSU_24580	yqhH	BSU_24580	2,549,775  2,551,448
56737276B364EC0BC7391F1BA15F225C352ED905	BSU_40500	rplI	BSU_40500	4,163,197  4,163,646
5680A06A74D3EC6310EF8677795511C75DB3059E	BSU_24240	recN	BSU_24240	2,520,557  2,522,287
5681A5F186AD4B8C81B78FD9DDAE2C0624BE7CAF	BSU_36470	pucI	BSU_36470	3,752,280  3,753,752
5688E6CB20A55856F4A4D893CED3D54BA21209AE	BSU_13060	ykjA	BSU_13060	1,374,437  1,375,168
56898F73C0EC19A7525ABADF3BA2FFF422A52A99	new_525021_528076_c	S166	new_525021_528076	
569510093E5B69A0368205920A21A81CADF030E9	BSU_07520	fecC	BSU_07520	825,787  826,734
569E3D62016F91560830F9E206DC42FEA9B8CEFE	new_325190_325277_c	S107	new_325190_325277_c	325,190 → 325,277
56A098AF47D293AA2EC6E7E7EC2626A832BA51CD	BSU_34840	yvcB	BSU_34840	3,580,053  3,581,963
56A5266F8F42E0FCFDE941CB71AD103120CEB5E9	BSU_40820	yyaL	BSU_40820	4,191,198  4,193,267
56B16BE20399ADEB2ED822FC6E7FFBE7488FDFF6	BSU_misc_RNA_71	surG		
56CB11CA55403304D7092272673CB9105E21A897	new_3730846_3730971_c	S1394	new_3730846_3730971_c	3,730,846 → 3,730,971
56CBEBCFEF5CFB4A0175498338C7AF2F45EAA3E3	BSU_37790	rocG	BSU_37790	3,880,740  3,882,014
56E391BD4C154A603FFD06CEC7BC5615AAC5AD04	BSU_14010	cheV	BSU_14010	1,473,605  1,474,516
56E482D9CAC6E350140FD21A1C4AC8820B918CDA	BSU_30595	ytlA	BSU_30595	3,132,370  3,133,374
56EBCF3215EFA081979089F6B368D3DA3206D376	new_1525061_1525238_c	S529	new_1525061_1525238_c	1,525,061 → 1,525,238
56F1A6A5F602A90AECB91E248871E94E324F7D20	BSU_05770	ydhI	BSU_05770	622,808  623,290
56F407D408272F3674612C9CDFE4A922680EC694	BSU_12290	ndh	BSU_12290	1,299,074 1,300,252
570E3B995CD4AB61E9ABB750347E627B9A08D8E0	new_2740743_2740894	S1009	new_2740743_2740894	2,740,743 → 2,740,894
57139471EB143F6DCCF092DAD0FBB43B0D50D948	BSU_11100	nprB	BSU_11100	1,186,037  1,187,653
571789ADA1F7B9DE0F9E205E2DEB9C9166F6C312	BSU_29440	argH	BSU_29440	3,011,751  3,013,136
573EBCDC59BB0167F79F00D87B916843031048D8	BSU_39960	yxaI	BSU_39960	4,104,444  4,104,899
57402D137E3D3791CAF0696421224F4E1DC1BA48	BSU_01620	feuB	BSU_01620	181,347  182,351
575CEC5C5C0458DC86A74F24654AC6990CB1E732	BSU_12010	manP	BSU_12010	1,272,725  1,274,677
5762418690734FB959506B7317208CCA1A340720	BSU_33330	yvsH	BSU_33330	3,419,656  3,421,065
576E36DA79F1ED097D649C35C5B59622FF1CFEF3	BSU_24400	spoIIIAD	BSU_24400	2,535,544  2,535,945
5771E1976D986638B13ADDE97EDE32709E355923	BSU_34610	mdxE	BSU_34610	3,554,553  3,555,806
577723B2BF662A44D55DC84444ED64276D8DED17	BSU_02410	ybgG	BSU_02410	261,656  262,603
578B79EB64B804FCAACA73AB22458481371A815C	BSU_07070	yesY	BSU_07070	774,138  774,791
5790E3DB39F31017B557C2D3F428C0348A461DA6	BSU_35610	tuaA/2	BSU_35610	3,658,407 → 3,658,892
57942E59C7CB54E41DE806BE6693CDB0FA38B789	new_1581224_1582676_c	S555	new_1581224_1582676_c	1,581,224 → 1,582,676
57A79AAF00243B5E058FA901D43AA7B55CA33F63	BSU_misc_RNA_35	rnpB	BSU_misc_RNA_35	
57A8BE6B25774E21AFB067C165CB857DD8C42533	new_2027827_2028174_c	S690	new_2027827_2028174_c	2,027,827 → 2,028,174
57A953B5D71F3FD8269EAF2366B8E2C7A8C79483	BSU_13240	thiU	BSU_13240	1,391,040  1,391,642
57B6D70B2570C308377B301EC2AF6C232233FD46	BSU_36660	ureA	BSU_36660	3,768,791  3,769,108
57B9E37F6232189CD47C1B41FDCF43FCB8016AEB	BSU_34040	lutB	BSU_34040	3,493,519  3,494,958
57FDE2ABB5E9773717C23D727FD6CDA5D8CC3E36	BSU_28070	comC	BSU_28070	2,864,426  2,865,172
580011DE5DC40EC9E7E0512791D328FAA010DCB8	BSU_04730	sigB	BSU_04730	522,862  523,650
5815A073CDF3856E9A0B52FB35F74DA16B8D1F53	BSU_24290	xseB	BSU_24290	2,526,669  2,526,923
581759D8BD30CFC04968AC8941D972E49BE89654	BSU_35680	ggaB	BSU_35680	3,667,209  3,669,911
58276E6FEF9388BBC7FB79BB5A3A1EF3C3DA5BD5	BSU_30260	melR	BSU_30260	3,096,782  3,097,816
5832127A2D0BD4AF2E891C93DC7C45221055FFC5	BSU_29120	mdh	BSU_29120	2,978,734 2,979,672
5847A7629C78CF770525CF79120CDD55D9622793	BSU_17740	ynzB	BSU_17740	1,907,013  1,907,201
585CA3154C0405697C4707E5B1D9359963999C54	BSU_07020	yesT	BSU_07020	768,137  768,835
58631F28D723DD51D0BEBF905DA0963F4F16609B	new_2779073_2779163_c	S1026	new_2779073_2779163_c	2,779,073 → 2,779,163
5872812AB61E92E2944E926915EB7FEE71BFA6D5	BSU_14480	abh	BSU_14480	1,517,865  1,518,143
587C0B88020C2D89605E9D5C4DE8A2C0C63F5A4B	BSU_23519	yqzK	BSU_23519	2,449,489  2,449,716
5880617EB95FC0D19219A868D6D0A3D1D0D9C532	BSU_30200	bioB	BSU_30200	
5886364199844356446C08F08664B301A714E74A	BSU_01950	skfE	BSU_01950	216,913  217,632
588A4131772691A0402AD56B49D5C55D8BD46DFF	BSU_32350	fisB	BSU_32350	3,322,463  3,323,227
5893D8DB38632AC8BA2CAD013DBE292B25AFCE25	BSU_misc_RNA_17	BSU_misc_RNA_17	BSU_misc_RNA_17	1,378,233  1,378,443
5894F1CE1B320F74ACEB97393101DEBA7848B661	new_909123_909197_c	S284	new_909123_909197_c	909,123 → 909,197
58A5A7F12664EC38AC21E24C1AD89671D7E648CF	BSU_15580	cysP	BSU_15580	1,631,095  1,632,159
58B61B18D1C69BB9DCAB5EDFBFB3A498AA121386	BSU_01580	ybaR	BSU_01580	177,083  178,519
58B782C1F7931F8671161455E65E3D5C72B0BB9C	BSU_22700	aroB	BSU_22700	2,378,012  2,379,100
58CC9C8031955B3F2BB1495E4DAB0B2418BF2220	BSU_27800	yrzH	BSU_27800	2,841,169  2,841,300
58CDF08A8F05C0BC25EB6E400316F85FD0F307E5	BSU_16550	ispC	BSU_16550	1,722,871  1,724,022
58CF62EBA28E77668A0B5319142C8AC20D81CD8A	BSU_32800	gcvH	BSU_32800	3,366,123  3,366,506
58E3A065A95D03B4FB1F544906F53D1704D29EAD	BSU_29140	citZ	BSU_29140	2,981,151  2,982,269
58F2D4983C19A73202B228AFEF8811CCFDDA83D8	new_651963_653431	S210	new_651963_653431	651,963 → 653,431
58FC9FDDBDAFB568A26464DFBAE2B306E07019AE	BSU_20650	yoqF	BSU_20650	2,199,150  2,199,353
5900CAC1CE367F33B267673A7FC210A3A269B30E	BSU_16100	sucD	BSU_16100	1,681,617 1,682,519
59024C05AA0106719C81E45E3B060A6F710B2690	BSU_30860	ytcA	BSU_30860	3,155,725  3,157,011
59070C4FC8526CBAF15812DEDC0FDA1A6137E0CD	new_1269672_1269732_c	S437	new_1269672_1269732_c	1,269,672 → 1,269,732
5909188AF51138346C940EC383D878C51B35E793	new_2484736_2485656_c	S906	new_2484736_2485656_c	2,484,736 → 2,485,656
5913ABC121A03644897BD365D7E507661CD3AF39	BSU_14810	ylaK	BSU_14810	1,549,465  1,550,793
591428EA1C3D40322BB942429607AF61A90BAF41	BSU_38190	galT	BSU_38190	3,919,093  3,920,634
591C37CE3A583ADFC3006A8D1C9D07FA4F8F624C	BSU_10150	yhgD	BSU_10150	1,089,755  1,090,330
592BDFCFC0B27B084E1FA267526758C69E299698	new_1056539_1056622	S346	new_1056539_1056622	1,056,539 → 1,056,622
594F2D36BE71A45303A33AA2A2931F56F0A969ED	BSU_41050	rnpA	BSU_41050	4,214,753  4,215,103
5959516D55C9EDBFC46F28C8248D374832895740	BSU_18060	pdhI	BSU_18060	1,931,545  1,931,832
5964B6E817260DA7937796DDFA753A665A04D650	BSU_08650	fabL	BSU_08650	937,079  937,831
5966A29F88E7BF91F7839D834ABA90FCE35214D6	new_3988981_3989722_c	S1491	new_3988981_3989722_c	3,988,981 → 3,989,722
5968E6D4D7378C69EC3E1E05B285069123AA1FD3	BSU_04320	kimA	BSU_04320	486,432  488,255
596C09DD1D9C305B7C49B2F5E90E2C6C33F63D0E	BSU_30500	ytpB	BSU_30500	3,121,538  3,122,641
596C7181EBB9658117795279DAA20C72F1C89671	BSU_misc_RNA_87	mnrW		
597771E2E8EC31ED9B2CC8C0E4D888DEEA80F689	BSU_02620	phoD	BSU_02620	284,011  285,762
597B517CA4277E33153F80919213BFF7BE495563	BSU_30070	opuD	BSU_30070	3,076,818  3,078,356
5991F051C5BAD61A0860BBC64A37DB9D16130998	BSU_32670	sufB	BSU_32670	3,355,593 3,356,990
5996A5C25E108A3C4562686BF34A59CB14FD56EB	BSU_01430	rpoA	BSU_01430	148,931 149,875
5997AFA5FB5AAEF92E930240AEC25B44E7BFB15E	BSU_21430	bhlB	BSU_21430	2,264,903  2,265,169
59A7B26F810D7FEB07C176A8B2ECF6B83803DE49	BSU_10040	ecsA	BSU_10040	1,077,440  1,078,183
59B15EB8214DCF17BE773C368A67B73F2B355FDE	new_118452_118590	S49	new_118452_118590	118,452 → 118,590
59CD3E4C24326542D9C85BB6FE64FBF49869EB55	BSU_12310	yjmB	BSU_12310	1,301,939  1,303,318
59E0F983A601F412EFACB3F90FA1592866DACC5E	new_2886135_2886266_c	S1068	new_2886135_2886266_c	2,886,135 → 2,886,266
59E6468FD891F5271F38543515867B0B4625768D	BSU_37010	prfA	BSU_37010	3,797,085  3,798,155
59EB92A8F5C601E03BF87517756B4C686747A075	BSU_misc_RNA_24	BSU_misc_RNA_24	BSU_misc_RNA_24	1,607,367  1,607,468
59EBB1812BA939110BC00ACE30057AB987E61B30	BSU_40130	yydK	BSU_40130	4,123,193  4,123,903
59EC45E8731FE989152553A69ACEF6569E88F85C	BSU_12490	yjqC	BSU_12490	1,319,690  1,320,526
59EF8ABA03B131DA2B4A9EE44EF01CCF6373E0DA	BSU_31130	yubD	BSU_31130	3,191,843  3,193,378
59FB4B286B814797FC2A3C0B42E1475364141A87	BSU_19010	yobM	BSU_19010	
5A00E233F0B5A0DAB18D2ECC55527F1911987F86	BSU_31690	comP	BSU_31690	3,253,529  3,255,838
5A0C29C7E218701727523885D01A48D02266B421	BSU_12300	uxaC	BSU_12300	1,300,450  1,301,871
5A13CEBB6820454E38DE81C1663078531B2AE4C2	BSU_30890	ytxO	BSU_30890	3,159,258  3,159,689
5A13E2C4BFE2138D60E88C715493E0FAE2229F7C	new_1303355_1303422	S452	new_1303355_1303422	1,303,355 → 1,303,422
5A1E474D2A6043ACF0DF00FEA7F66BFB1332C691	BSU_09840	hemZ	BSU_09840	1,057,680  1,059,185
5A3CEDBF81E3263FDB10AC9245D28498C9332D14	BSU_25750	nucB	BSU_25750	2,652,387  2,652,797
5A43EDB738641C675D4136269F3638F9B609F238	BSU_40022	yxaC	BSU_40022	4,110,217  4,110,909
5A4CDE1CFE319E4471A15702ED1632C96270528D	BSU_39250	yxiE	BSU_39250	4,031,797  4,032,243
5A5E17D39296FECC1C03B1A7791AB1065BB4E4DF	BSU_04080	pxpB	BSU_04080	459,867  460,589
5A5FF5D0D9DACAA98B01E4E0B9D84328E18419F7	new_1915001_1915132_c	S653	new_1915001_1915132_c	1,915,001 → 1,915,132
5A657716DA08AF6F181A64CB23F3DEE8A0D90D4B	new_3717709_3717906_c	S1388	new_3717709_3717906_c	3,717,709 → 3,717,906
5A68286ADFB1B334DC626612C74D03AE4DBAF0A7	BSU_40580	yybN	BSU_40580	4,173,114  4,173,551
5A6FBAE6553343092862CB79E150F934978C32A9	BSU_24610	sinR	BSU_24610	2,552,653  2,552,988
5A7A79A11FCBA9C90DAF526B8EAB6791D7D88E99	BSU_31150	uppP	BSU_31150	3,194,635  3,195,465
5A867E29385030DBA3871C39405C89C623F9399F	BSU_26790	aadK	BSU_26790	2,735,682  2,736,536
5A89A22AA43B16BB17C74CF75ADA603F692B85CC	new_663288_663600	S218	new_663288_663600	663,288 → 663,600
5A8CD90941110A67A2B21AA13E8BDD7A6A0C3A08	new_234998_235624	S81	new_234998_235624	234,998 → 235,624
5A94391906ABFE70C5BA14E1E75343BC5805D0D9	BSU_35150	yvzB	BSU_35150	3,609,420  3,609,902
5A99F57DF0DDF5A129C3702E97621232A8173C22	BSU_33440	cysJ	BSU_33440	3,432,339 3,434,156
5AA175B0A043E5A28462C816784C29ACEBA0CBF8	BSU_12450	yjpA	BSU_12450	1,317,157  1,317,414
5AAE96E39CED2FDDFEE155FCAA8E51229423F00E	new_4130045_4131409	S1544	new_4130045_4131409	4,130,045 → 4,131,409
5AB90032031653A913E15B26B3E1AE246E95AABF	BSU_22490	dapB	BSU_22490	2,359,340  2,360,143
5ABF4F7A3D00B523F67B281241A6A8101EC60057	BSU_01460	ecfA2	BSU_01460	151,303  152,133
5ACCC439AD8849355094F8C5FC6EF29A9077EF58	BSU_12630	xkdI	BSU_12630	1,331,245  1,331,730
5ACE71EBBDCEB0C534A91DE303FD8069BEFDD6A1	BSU_07940	yfkC	BSU_07940	867,164  868,006
5AD33ED996C3569A27E6E32B8E31DFDD42ECD86E	BSU_12070	yjdJ	BSU_12070	1,278,565  1,278,894
5AE18B11C9E13E5B121673955E01F1B1E8DB1637	BSU_26860	yraO	BSU_26860	2,744,163  2,745,479
5AEDC5B857537B7D2A2637C0BC5BE78FD09A66B3	BSU_33260	yvrN	BSU_33260	3,412,128  3,413,357
5AF5F199C5D92E13DE1C56E28948A557E3954CBF	BSU_04720	rsbW	BSU_04720	522,414  522,896
5B01957348D842B1A2424FEB7DAC05035A40EC5A	BSU_05529	ydzR	BSU_05529	599,875  600,105
5B173B400D0B4C150E94A98D35E27B0B4358489B	BSU_10830	yisR	BSU_10830	1,162,267  1,163,130
5B177CBC33203B5B2DA841097CEB29B3A3C37C08	BSU_14009	ykzT	BSU_14009	1,473,240  1,473,401
5B21D1E73A65B13CE4DDA32ABC71EFA54E8D1D8F	BSU_27270	mtnN	BSU_27270	2,787,130  2,787,825
5B31C4D714213E51F55600F8B8E934DD6A947A8C	new_3178934_3179900_c	S1182	new_3178934_3179900_c	3,178,934 → 3,179,900
5B34AA048061E4FD619B965744A25D0CE17562FC	BSU_10570	yhjN	BSU_10570	1,130,918  1,132,072
5B3DB5A796ACA48390278E60478DFF13D0074A8D	BSU_40970	parA	BSU_40970	4,206,397  4,207,158
5B42E5495BB7D576FBEFFBBC92A238CA7F6F06BD	new_2069176_2069261_c	S714	new_2069176_2069261_c	2,069,176 → 2,069,261
5B4A7F4DEA1252A396DD8D5EC9D94FF5EFADD9BA	BSU_33239	yvrJ	BSU_33239	3,410,007  3,410,345
5B5014A68D777DB79179904D5FD3D14DEE0BF1F4	BSU_06750	yefC	BSU_06750	739,878  740,213
5B66ADB81AB141982F187B1C5E3A9346AA064DE2	BSU_02470	ycbD	BSU_02470	268,846  270,312
5B7221124BE633795213229EBC2452B0C7B51F8E	BSU_33690	yvaQ	BSU_33690	3,458,066  3,459,766
5B7495C7576235091ECA41ADA4F38A611F8E1618	BSU_11920	yjcN	BSU_11920	1,265,057  1,265,377
5B769207B05D93FEC36E97BB7074F29BB290C55A	BSU_31160	yubA	BSU_31160	3,195,558  3,196,724
5B8A6D282E34683726BD6C36E09A6C36E8F99795	BSU_23690	yqjY	BSU_23690	2,463,571  2,464,041
5B95F7CFEFCB954FCBC11087F030A1D777F34B7A	BSU_38110	nfrA	BSU_38110	3,911,477  3,912,226
5B9984BBCEC1244628DC1467BE26976AD8E06286	BSU_00280	tmk	BSU_00280	39,159  39,797
5B9C4932B2E76D6B8F6BDB640D1ADEE28F488FAD	BSU_33680	catR	BSU_33680	3,457,615  3,457,941
5B9D5DA130DC3654F386684156BDC350DD05DB60	BSU_00930	cysE	BSU_00930	112,800  113,453
5B9DFF37A4C64AF39E876958EB41F92318FED0DA	new_507683_507752_c	S154	new_507683_507752_c	507,683 → 507,752
5BA2C77B38F30BFFAFCF62594350084FD77E115B	BSU_21360	yomH	BSU_21360	2,256,062  2,256,820
5BA7AA691CFE4635DEFBD0B8B820F487B58A5DB7	BSU_00410	rnmV	BSU_00410	50,087  50,647
5BB2B90D5DDD50DD9B4EF9E69925FCBFA642222B	BSU_34060	yvfU	BSU_34060	3,495,876  3,496,478
5BB6CE1D206F2BC278FD2F23CDAAE51CDAFFA2B6	BSU_36320	ywpG	BSU_36320	3,740,624  3,741,007
5BBA2769A9C0EDB56625F008A55470C2E2885AA4	BSU_04140	pbpC	BSU_04140	463,934  465,940
5BC6B02770E74FF6D453742832574A87BB2369B8	BSU_33490	cadA	BSU_33490	3,438,853  3,440,952
5BF1B6B673F75154C8D9EFC931CD61A352BB0508	BSU_20310	yorO	BSU_20310	2,174,352  2,174,549
5BFD552F8A467C8D95FABE87CC8C5E7F04114886	BSU_17880	ynzC	BSU_17880	1,919,459  1,919,692
5C10AAF15872DDC1B5A8062124739CB06AD3C112	BSU_13330	ykoL	BSU_13330	1,398,181  1,398,363
5C12BB19B975F7FEBCFA119DAC66338C20FCECFA	BSU_misc_RNA_55	ssrA	BSU_misc_RNA_55	
5C143641E2ED6D450AC142821D65EFAF71F6355A	new_2298463_2299409	S821	new_2298463_2299409	2,298,463 → 2,299,409
5C2F7F9F5FCBFEDF77AC41725EFDA0FAF0FC3BC1	BSU_22690	aroH	BSU_22690	2,377,632  2,378,015
5C31D968E3786858B025CE02CFAC48F61700031F	BSU_18410	ggt	BSU_18410	2,004,677  2,006,440
5C398C1181CE25CAC079AFBA5871C0B72AE1AA96	BSU_31070	gbsR	BSU_31070	3,186,763  3,187,305
5C3B15922F876D7F0D243CC20A81BD8E991CED7A	new_3302895_3303142_c	S1241	new_3302895_3303142_c	3,302,895 → 3,303,142
5C3EAEE1287FFB1541A31B31A8B6627E60A4D2EB	BSU_14310	moaD	BSU_14310	1,499,432  1,499,665
5C52DB31F378E49AABE5D937DD901A68F3810477	BSU_32940	yusV	BSU_32940	3,379,112  3,379,939
5C5CD17AF00F208E08711AEF6442FE00770D3CAD	new_1880378_1880622	S626	new_1880378_1880622	1,880,378 → 1,880,622
5C81DD256BDEE777EE67566D3061131CFFAEAF21	BSU_02080	ybxH	BSU_02080	228,331  228,522
5C84CA2A9E22173E144F519389F545F107A267D9	BSU_34860	hisI	BSU_34860	3,582,936  3,583,565
5C8815965146BCD8ED238258B3F820AA17241165	BSU_19910	yotE	BSU_19910	2,154,705  2,154,851
5CA17CD28A725B8D7B87B9AAA167844042439794	BSU_11850	yjcG	BSU_11850	1,256,862  1,257,377
5CA2EA2D60FE4696903C16698C8329A20CBEBF72	BSU_31650	mrpF	BSU_31650	3,251,724  3,252,008
5CC3BBFCA83B1F9385632066E5327E522912B42C	new_961009_961338	S309	new_961009_961338	961,009 → 961,338
5CD1E266B0EC82546A2AF19A05490DD4D04F812C	BSU_23160	rluB	BSU_23160	2,421,438  2,422,172
5CD65EA6887DD6A84D76D0C932CBB69A5F0ACC70	new_876178_876425	S280	new_876178_876425	876,178 → 876,425
5CDB49209BDCA86E09D6287DFC16B278D9A71379	BSU_15250	ylxW	BSU_15250	1,594,492  1,595,187
5CDBE6E299C7E6606D3C52E509CFED6F41F1E3F8	BSU_24410	spoIIIAC	BSU_24410	2,535,952  2,536,158
5CDF32B0E78F01C696364555E3F0BC8DF2AA2089	BSU_17410	cwlC	BSU_17410	1,872,812  1,873,579
5CE3A1F611563E09B3C4657E56397F44F39209B3	BSU_05070	yddQ	BSU_05070	552,616 → 553,158
5CE86C6768A4EF313FB5DBC270AE2A773EA58E81	BSU_24970	pstA	BSU_24970	2,578,833  2,579,717
5CF09E089AA70A32F640CE0D33D1F05312AAE24D	BSU_40440	dnaC	BSU_40440	4,157,471  4,158,835
5D09E5276E3E6D008EFE4B02E4EA7DE1A33ADAE6	BSU_37290	arfM	BSU_37290	3,830,141  3,830,617
5D0D0D2413377FCA92440334E92B5A27A5963D9E	BSU_15550	pyrF	BSU_15550	1,628,622  1,629,341
5D0E991F133419D9CC213C7C64752848F92C90F1	new_4215104_4215254_c	S1581	new_4215104_4215254_c	4,215,104 → 4,215,254
5D0FB11C6F6611AC200392F05C3DA5EE7601B85D	BSU_tRNA_48	trnS-Gln	BSU_tRNA_48	
5D159F09BFD98B58A7EDAD37A4DB6468A702D09A	BSU_02200	ybfG	BSU_02200	239,644  241,842
5D274A41F10883EC4AA93C6CAED27C76988B2517	BSU_18275	BSU_18275		
5D40A0C2B4FD7840FA77730C3703FE9EBE5E4C55	BSU_13800	ykvR	BSU_13800	1,447,251  1,447,541
5D479874B43F521DB52EDC2C27CDE4967F22DE47	BSU_35230	swrA	BSU_35230	3,621,618  3,621,956
5D5D9A544295DD9B55C75A8CF47AB19935E740C6	BSU_11340	fabF	BSU_11340	1,209,183  1,210,424
5D6425C766868E69E28EA3C5C01FCA0960955716	BSU_23010	ypbD	BSU_23010	2,406,293  2,406,862
5D709A74B628A23B3727BF1657168DB3E338AE49	BSU_07090	yetA	BSU_07090	776,834  779,407
5D717F9F54693FD0AA8BC49E10348637858F88B9	BSU_34330	epsE	BSU_34330	3,524,417  3,525,253
5D7502A0AFB3CAC5A87E165443D4FB57CA6AE325	BSU_tRNA_3	trnY-Glu	BSU_tRNA_3	
5D767734CEBCEF3F7D48DC8663ED61E947C777B8	new_2166326_2166412_c	S769	new_2166326_2166412_c	2,166,326 → 2,166,412
5D79D9D38B588FE0EC688D54FE68E6F49238DA46	BSU_18020	sspN	BSU_18020	1,930,264  1,930,410
5D81A40566E9D822DFDB86437F5C1C57DDB7070F	new_3762778_3763121_c	S1411	new_3762778_3763121_c	3,762,778 → 3,763,121
5D9306DA1212988CD9909F62A8C4ACF2EAF64D60	new_822826_826091	S257	new_822826_826091	822,826 → 826,091
5D9680EB0C645EF5E8436EA6CD41BA199913AD13	new_2472864_2473150	S902	new_2472864_2473150	2,472,864 → 2,473,150
5D96DF2F32050BBCEC3811843398FE84DE88F6DF	BSU_01860	ybcF	BSU_01860	209,633  210,160
5DA8B27AC6A0E0B4115512BD948C31964D387A8E	BSU_22860	yphA	BSU_22860	2,392,751  2,393,350
5DB168A3D087AAEB003D7548A1A4356ABD07F712	BSU_34350	epsC	BSU_34350	3,526,407  3,528,203
5DB65F7EE4EFADFB0B46C2EE5726D4B9FA9D85E9	BSU_08899	ygzD	BSU_08899	966,671  966,871
5DC008AFA8EBCCA519F1E868BAF372E1F1FC2B5F	new_3220242_3220300_c	S1195	new_3220242_3220300_c	3,220,242 → 3,220,300
5DDC3EEB334645B3C218A1E18A7B6E3215C5732C	BSU_34210	yvfG	BSU_34210	3,513,887  3,514,105
5DE602D97D903D9AE38ED05D5A5F1B3A2DC1D58E	BSU_15210	spoVE	BSU_15210	1,590,317  1,591,417
5DE73E8005AFFD30EB84696B2C2474899C6D1982	BSU_15840	fakA	BSU_15840	1,656,442  1,658,103
5DE822E245C18307B19CEEF4CDEAD60199C953DC	new_573400_574654	S183	new_573400_574654	573,400 → 574,654
5DEBD84E5937DB8B7F29C729FAA0076DF86A5451	BSU_15750	yloN	BSU_15750	1,649,286  1,650,377
5E11616A51EE2CD1B8D3E33B18483521C504AD1F	BSU_15230	murB	BSU_15230	1,592,663  1,593,574
5E397E19738F98881AFC878BC0131396B9041814	BSU_20730	yopX	BSU_20730	2,201,980  2,202,384
5E459BD5740A6C62881087E817E71D517FEF6E05	new_658495_658899	S214	new_658495_658899	658,495 → 658,899
5E483479E65CF5E648A88F3B9029CCE555B27898	BSU_28700	ysfE	BSU_28700	2,935,967  2,936,209
5E4C3ADF5B5D0215E9E350F16BCA57B208933606	BSU_11840	yjcF	BSU_11840	1,256,436  1,256,858
5E5894ABD87B095191B109CEA9CEA89A5CA8A82D	BSU_22190	ypsA	BSU_22190	2,332,153  2,332,782
5E6F56A091289D70FEB3515596B25A9211653E59	BSU_30470	ytzC	BSU_30470	3,119,565  3,119,837
5E811311BB4B5F637B768E526CE77FC91EE71C3E	BSU_17240	ymzB	BSU_17240	1,860,014  1,860,370
5E8A851E6E144EDEF38937148FC399CDA0B40BC2	BSU_14620	slp	BSU_14620	1,533,327  1,533,701
5E900FDB04EC45AC1DAEEFDCC342DF91303E502E	BSU_32620	yurQ	BSU_32620	3,352,312  3,352,686
5E97778E7B5F8F4618D0C1F95CF48E4697DA73D5	new_1560362_1560465	S544	new_1560362_1560465	1,560,362 → 1,560,465
5EA0F507F949D249D5B5B860861BBEB4197E01C5	BSU_26300	yqaI	BSU_26300	2,697,095  2,697,289
5EAAD8811CE294E63B332C3E5334CC6BE3C6F611	new_300503_300693_c	S101	new_300503_300693_c	300,503 → 300,693
5EC57A51EF2DC48070615653B7A3C1007CFEE01D	BSU_33029	yirB	BSU_33029	3,387,781  3,387,945
5EC5DD1844AD995AC1FA6FA76922C77CC514462D	BSU_10080	yhfA	BSU_10080	1,081,413  1,082,804
5ECCACC01B18A36563C38B65C6929D52888F6A51	new_930671_930735	S293	new_930671_930735	930,671 → 930,735
5ED8301B9681FDD5171A9344A971E891493A6558	BSU_19590	ctpA	BSU_19590	2,131,902  2,133,302
5EDA959FBC21FDBE207D128A5E06AD5996ABED59	new_2831121_2831885	S1049	new_2831121_2831885	2,831,121 → 2,831,885
5EE69198882DF4E9AB8D9D7267F071EF88C2F16D	BSU_34030	lutC	BSU_34030	3,492,797  3,493,519
5EEEDE60CE9E5CDAEBAB0E03AABDF1DF62F1F002	BSU_19450	rsbRC	BSU_19450	2,120,767  2,121,615
5EF3A7953AA97D2B44C967542A53FEA7F36D7BA3	BSU_01040	rplJ	BSU_01040	120,061 120,561
5F184E491602D548AAE8E6D598BB742513770F73	BSU_24930	sweD	BSU_24930	2,576,367  2,576,720
5F24105228E0D25BDCFF3D0852456EF9041EB313	new_238571_238643_c	S85	new_238571_238643_c	238,571 → 238,643
5F24258282F3166B7696B9E9ABC1706E4D06C944	BSU_15330	sigG	BSU_15330	1,605,630  1,606,412
5F2FE4CFA2709AE95708541922944E99E1A3FEB1	BSU_02800	ycdC	BSU_02800	302,435  303,796
5F3933197343FBBDCBD42B408837F8EEF0A0BEBD	BSU_01180	rplW	BSU_01180	136,992  137,279
5F41273FB867C688011738CD45AA6FF5D3987EFE	BSU_14540	rpoY	BSU_14540	1,524,791  1,525,000
5F451C09ED93390EE30562DAF7EB5A03152A38D3	BSU_tRNA_69	trnB-Ile2	BSU_tRNA_69	
5F4ABBC8ECAD6F6C10EC39B2B0F0BC73F11522CE	BSU_39770	iolR	BSU_39770	4,084,799  4,085,554
5F615BB886EC4F7000AAD42258DB8E47616552DE	BSU_34570	yvdK	BSU_34570	3,549,228  3,551,501
5F62FE149E2B7552E57D97B9B5638A5ADDF8AB18	new_3046584_3046684_c	S1141	new_3046584_3046684_c	3,046,584 → 3,046,684
5F6D14A0B360832F9FD470668B006A628B109A56	BSU_02000	ybdJ	BSU_02000	221,258  221,929
5F6DA203A70BF68D091E6A53693AF5A8D5774E63	new_6784_6993	S6	new_6784_6993	6,784 → 6,993
5F73ACDEAFC7F1EB26D55195100C3283FC1F587C	BSU_18250	yngI	BSU_18250	1,954,525  1,956,174
5F953C3C91EB65A031D04A1D91F1CF501F8EFD09	BSU_08070	acoB	BSU_08070	880,007  881,035
5F96500CC46CC4DAECEBAD34EC50B10548E6D0F9	BSU_13750	queF	BSU_13750	1,441,291  1,441,788
5F989C57010ACFC03E37AF5A894153F432520921	BSU_02990	opuAB	BSU_02990	322,271  323,119
5FA26477DF2CE415AB20319853FCB77ABAC71316	BSU_28320	ysnD	BSU_28320	2,897,788  2,898,123
5FA54E90449054B4D91908F00340FDA1FAD61307	new_3353940_3354550_c	S1255	new_3353940_3354550_c	3,353,940 → 3,354,550
5FAE80F22AEBAE63FC3C872EC651166A65C34DC2	BSU_23570	ansB	BSU_23570	2,454,347  2,455,774
5FB51BA52819AEB4E6408A096B107ACB533C611A	BSU_38060	ywcJ	BSU_38060	3,905,333  3,906,103
5FC3DF596816AA4E8541B324EC6DE6D89C90C8E2	BSU_26530	yrkF	BSU_26530	2,712,577  2,713,134
5FC75DB4C9DACCD30F57D1F2866E69302A69D06E	new_1886528_1887351	S631	new_1886528_1887351	1,886,528 → 1,887,351
5FC8D0B30B55C1CBC2CDE8E56E7E948A781EF2AB	BSU_00180	yaaJ	BSU_00180	25,852  26,337
5FD89F65E481CDC33B10A58C12C3168B929917ED	BSU_13090	ykkC	BSU_13090	1,376,517  1,376,855
5FDE76C5615515483A56C412B386DF851B18984E	new_76887_76983	S38	new_76887_76983	76,887 → 76,983
5FE74F270B28A404BFE0DAA4EB243009EEDEACF0	BSU_24430	spoIIIAA	BSU_24430	2,536,690  2,537,613
5FF72A8E3AFC5EE8DD75AB5B9F951CFB766D5327	BSU_21220	yomU	BSU_21220	2,240,339  2,241,136
5FF739B8C087207039BB6DC293EE77F59337ED0B	BSU_33060	gerAB	BSU_33060	3,392,199  3,393,296
6007664F3D979B4D8D4662C7F6E5CF2F489268E3	BSU_31875	yukB	BSU_31875	3,269,914  3,274,401
600DECF2BE9ADCAB87E53790CE4F0D61F8B3F7CC	BSU_16250	fliJ	BSU_16250	1,697,196  1,697,639
60264E4BE76F5995A8317294D05FC27F8B34E09D	BSU_14440	panG	BSU_14440	1,514,052  1,514,963
602EAB591A550F68C14F35F6E5F0A91C3B997343	BSU_24130	mmgE	BSU_24130	2,508,221  2,509,639
60344F56DEB167FA62C16E52E8238393CEE19312	BSU_35770	tagC	BSU_35770	3,683,438  3,684,766
60367F0396612C8A6491FD92A73B30BED7215506	BSU_22470	bshB1	BSU_22470	2,358,208  2,358,918
603DFC68D63F6FA230B5C85BEE69AC630AA98030	new_338187_338287	S110	new_338187_338287	338,187 → 338,287
603E226CE488A25C4E28A6A7363CCD65BE64BB21	BSU_12100	pdaC	BSU_12100	1,281,128  1,282,531
60445E01C58A2036EDAE7919D18BEFCB1CF5DE42	BSU_06340	yeaD	BSU_06340	689,146  690,342
6047F2493FCE3D2A9BDB1AD88E5926ECEED81036	BSU_10400	yhxC	BSU_10400	1,115,698  1,116,555
604A5C5590B4F186BC01CC8AE1853AC49BA9633F	new_26636_26731	S18	new_26636_26731	26,636 → 26,731
60595234B02D673E860B364FE8A3C83D2CC68CB2	BSU_07560	pel	BSU_07560	827,993  829,255
606EF15B7112BBDD29043B33EDC2F6A8C1101AD7	new_3695280_3695362	S1381	new_3695280_3695362	3,695,280 → 3,695,362
6071A84EF190C820DB8985C08ABC74F744B793DB	BSU_16910	rodZ	BSU_16910	1,761,707  1,762,573
6072A6EF0766F3D1B1616A20CDC36CCDC6CBDA71	BSU_11890	yjcK	BSU_11890	1,260,811  1,261,356
6085BDAD40F719555EA4EEA7BBAD74103BD03D0F	BSU_04330	mutT	BSU_04330	488,314  488,763
609DA429AE701A0453278B82CAFED5A174E03C75	new_1128482_1129270	S373	new_1128482_1129270	1,128,482 → 1,129,270
609F88D503E29C3EAF46524D46C69B2626C905C3	new_3573056_3573206_c	S1323	new_3573056_3573206_c	3,573,056 → 3,573,206
60A519E4C1485B9F5BF36E83EDE884B396857CB4	BSU_11720	fabI	BSU_11720	1,247,788 1,248,564
60C6A5E55F38F4EB2B118F3A3492A459A4C6CFD0	BSU_06034	ydzT/2	BSU_06034	652,087  652,245
60D0AC608F69287A22DB4C387F5F2A497F04FA15	new_150_409	S3	new_150_409	150 → 409
60D6EB02923D9ADE88F61A8CBBD882BA8BDD457E	BSU_31700	comX	BSU_31700	3,255,853  3,256,020
60DA46B02BB5F71337AF5F34921E2E68EC062EC7	BSU_02550	ycbL	BSU_02550	278,377  279,057
60E45D99EF347004FEB62EBC94823B77F08FCE06	new_14811_15868	S8	new_14811_15868	14,811 → 15,868
60F2836FFB8049DD0CC4193A1DDE46109BF7ADB0	new_490639_490854	S145	new_490639_490854	490,639 → 490,854
60F34FE0E4DAD1D2E21295A851590F90E5600B6F	new_2384371_2384456_c	S859	new_2384371_2384456_c	2,384,371 → 2,384,456
60F5D605E6775AEEB22C4CDBA0234CF193A652AC	BSU_02019	ybzI	BSU_02019	222,971  223,234
61004D2C1EDA3CD84514FD6D468BF594575616F4	BSU_36040	ywrJ	BSU_36040	3,714,002  3,714,679
6100EA37592A2C31BC3DE79AD7948A8D6F65F6E1	BSU_36250	ptkA	BSU_36250	3,731,822  3,732,535
611B441B84C2179B7A19745461CA1725DF2F82CD	BSU_37200	ywjD	BSU_37200	3,817,863  3,818,825
6129C1A4A1D917E22DE07EFBC284E416E0284E5E	BSU_35699	yvzE	BSU_35699	3,672,929  3,673,525
613F3AB9EE711A50D61D1590478DBCACF8738D21	new_2750810_2750882_c	S1014	new_2750810_2750882_c	2,750,810 → 2,750,882
6146C337843ACB67880DEA837B24CD3239338573	new_1383187_1383294_c	S469	new_1383187_1383294_c	1,383,187 → 1,383,294
61513225DA9FB5939C0F4FC324CC002165132270	new_1550649_1550796_c	S539	new_1550649_1550796_c	1,550,649 → 1,550,796
6153A07B961017052E1072944B59F510D80CEC0F	BSU_25020	sodA	BSU_25020	2,585,434 2,586,042
6155468AFF216D97373CEF7B8C6E6C7BB9D4617F	BSU_24320	nusB	BSU_24320	2,529,267  2,529,662
617FE9E40E8822D58B0446128585CB6CA05A50C6	BSU_40340	rocD	BSU_40340	4,144,301 → 4,145,506
6181C785427277C097B81D67A93213AEAF701FF4	BSU_37270	narH	BSU_37270	3,824,806  3,826,269
618337D9BCD1586C5874746D1001DA3A2724E57C	BSU_29520	sppI	BSU_29520	3,019,533  3,020,027
61893B4EB53FBBB9AD8BEEEFFCEFD0FC64544D6F	BSU_31010	floT	BSU_31010	3,180,465  3,181,994
619062ADEFFC377F2157E9DBFFE58035D4762492	new_4107259_4107332_c	S1537	new_4107259_4107332_c	4,107,259 → 4,107,332
6190950DF11EF32E9F9E106591C1F3FFEBDCDFE2	new_3777796_3777913_c	S1419	new_3777796_3777913_c	3,777,796 → 3,777,913
61ACA94D888F3C7A8D6371BEAB41DD6A53D6B204	new_2018314_2018433_c	S684	new_2018314_2018433_c	2,018,314 → 2,018,433
61ACDAEE2F8C16452CB7D594220A7E213D757431	BSU_misc_RNA_18	BSU_misc_RNA_18	BSU_misc_RNA_18	1,385,736  1,385,891
61B511C49912F1380AEE18AD300255A435F56F94	BSU_17320	gerY	BSU_17320	1,865,876  1,866,289
61B7C51EB7E74226890010B61D8E41C02189A453	BSU_23860	gndA	BSU_23860	2,480,750 2,482,159
61D5B957E018D019AE0CE1D5F6C6A33EF982ED49	BSU_27030	sacC	BSU_27030	2,758,043  2,760,076
61D74BCF9E52A007C596A2C783496EF823FDC2F0	BSU_10590	yhjP	BSU_10590	1,133,498  1,135,225
61E9B4106817931170BB59770E21CB0E966B8FED	new_3159185_3159752	S1179	new_3159185_3159752	3,159,185 → 3,159,752
61EA842B400548A99504A40467796B983DD54634	BSU_23080	aroC	BSU_23080	2,412,706  2,413,473
61EF32560C4F96D146454769141027EB42D5BBD5	new_492500_492577_c	S147	new_492500_492577_c	492,500 → 492,577
6212D2DB719ACC477DA835EAC198545318FFEFAC	BSU_08880	rpsNB	BSU_08880	965,909  966,178
621357D1FB6AC1B0499732EFE226F982B26CE34E	BSU_04670	rsbR	BSU_04670	519,408 520,232
621FA6E2A76BB74F9051FBDB6857ED56F65BAB15	BSU_02580	ycbO	BSU_02580	281,028  281,714
622856EE642C42247C658DBD57E6A18C6E81FE58	BSU_02340	gltP	BSU_02340	253,518  254,762
622E8E3B095DED7EA7A000A07AAB4DEE782DEAFF	new_2367619_2367686_c	S855	new_2367619_2367686_c	2,367,619 → 2,367,686
624935B82854AB897215511E3EDFD9FCC4F4B251	BSU_28509	BSU_28509		
624FC9AAE414AE23905714F31D71C1A7A9FAF756	new_1915134_1915264_c	S655	new_1915134_1915264_c	1,915,134 → 1,915,264
6260516A5ED4A49457997592F29CEC10B7A2CCA7	BSU_40620	yybJ	BSU_40620	4,175,869  4,176,525
62678D45FA1CB1B6AB801FB9F574DDE10DEE068D	BSU_11190	argC	BSU_11190	1,195,034 → 1,196,071
62718BBECEB18244B5CC877509679F5F9A0C50CD	BSU_07955	yfkA	BSU_07955	868,007  869,128
6282123C4EB1BA403C7760712A831F69F456708E	new_1122762_1122861	S370	new_1122762_1122861	1,122,762 → 1,122,861
628623BDCA51B52829E1D6BC5DE4257913A0F5C5	new_3256908_3257021_c	S1215	new_3256908_3257021_c	3,256,908 → 3,257,021
628CCADB3C9A5F8A128C44ADE1DFDC2FC6B3CD01	BSU_18570	yoaE	BSU_18570	2,025,400  2,027,442
62A3CC548E033A45F94FE4386EE29711A6A14C6B	BSU_35650	tagU	BSU_35650	3,663,281  3,664,201
62A9CD9AF72D0A48EC5ABC1585E2D8636D36D021	BSU_31400	alaT	BSU_31400	3,225,772  3,226,932
62AC66725C55B9E5FBBEB4EC43A88F7081B74D5C	BSU_29990	pbuO	BSU_29990	3,068,908  3,070,206
62B6875301B458F04E3F65717AD3A5925A9C4973	BSU_13490	htpX	BSU_13490	1,414,997  1,415,893
62BC8CCBAF1A6B165DAB28FA9701F522EBA8881D	BSU_17720	yndA	BSU_17720	1,905,809  1,906,207
62BD291B91DB0358754957D84A1F3636C247A697	BSU_23970	artQ	BSU_23970	2,491,289  2,491,948
62C0A9412BB86FE5B517163525FCB6A4B83AF580	BSU_03652	yclD	BSU_03652	414,819  415,283
62CEABA069CA2970F22B7E0C369D540A2A027A8D	BSU_04900	yddA	BSU_04900	536,687  536,995
62DDB0726B69BDFEE2C1265FC28A4E94035B58B3	new_2292285_2292400_c	S819	new_2292285_2292400_c	2,292,285 → 2,292,400
62E2D8B4F592ED324B62D0C04A3E17E006E87B32	new_2096129_2096321_c	S736	new_2096129_2096321_c	2,096,129 → 2,096,321
62EC3479DFD5574DE57DB29A7CB567ACAF6D16EC	new_3780393_3780655_c	S1422	new_3780393_3780655_c	3,780,393 → 3,780,655
62F8E0D6BC9DA6390256FA8FB684EA5C9C722AE4	BSU_24250	ahrC	BSU_24250	2,522,324  2,522,773
62FD4C544E30CF8973EA756E84C65CD1B5045BFB	BSU_27935	BSU_27935		
630FC0D9BDD243D6BF94DBDE506EC2A9CB0AAFE6	BSU_12790	xhlA	BSU_12790	1,346,731  1,347,000
631CD7AD2059BD9A2F56BD7F169B245589465184	BSU_30660	ctaK	BSU_30660	3,136,938  3,137,375
632C661255DD9C2865CB2F9D68A805997A833BCB	BSU_37160	rpoE	BSU_37160	3,812,542  3,813,063
633F6F54AFA144D4F65EA36B8D5670D3FC25EDA6	BSU_19240	yocK	BSU_19240	2,097,126  2,097,617
635502740CED845595A3911D93988BD9E6499C72	new_1234909_1235088_c	S417	new_1234909_1235088_c	1,234,909 → 1,235,088
6359025A73C0BD313F5BCC6F56FE88B820902AAA	BSU_33230	sigO	BSU_33230	3,409,462 → 3,409,992
637445F04D3F96D83DE46070CD6958A27EEB45DD	BSU_39570	yxeF	BSU_39570	4,065,074  4,065,508
63870866AA2EA1727D77609B330FCD9704007679	BSU_11780	cotV	BSU_11780	1,251,631  1,252,017
638D6D2FCCA2A167EFED05CB4E60C2D78D5319AE	BSU_29110	phoP	BSU_29110	2,977,800  2,978,522
63A4FD35A2E72C665BFA3F2632F06C7A0C954087	BSU_30960	glgD	BSU_30960	3,167,569  3,168,600
63AFCEE5DEA6B2604C02592C5FB52EDFAE68913E	BSU_12910	proG	BSU_12910	1,359,454  1,360,272
63BB1C103803FEB57837929DAA16BCDA64E7240B	new_1917432_1917610	S659	new_1917432_1917610	1,917,432 → 1,917,610
63BCB42FC501B57ABC9FF252AC5D04BB729EA6B9	BSU_07360	yfmS	BSU_07360	808,562  809,422
63CF8C8BBCE39BD585DD5F6C8BBD95E12B500AE6	BSU_36669	ywzF	BSU_36669	3,769,626  3,769,808
63E5DD50B77FC1A67D5413D365C781DD7D81DFC8	new_783392_785083_c	S247	new_783392_785083_c	783,392 → 785,083
63EC848DB7CC4464B070E65D2C9288851B08BBE3	BSU_19470	yojF	BSU_19470	2,122,325  2,122,675
6416197EF316D74998012765EF9819072C38D2E2	BSU_19930	yotC	BSU_19930	2,155,058  2,155,249
641C4BDD9702804642E1753A9C779E80FABB3919	BSU_17450	glnR	BSU_17450	1,877,959  1,878,366
64292029101B74580BEB4873154174F9877AFA9C	new_3388832_3388961_c	S1274	new_3388832_3388961_c	3,388,832 → 3,388,961
642A9A6770EF067A0EC7F51A08940C330EB3610A	BSU_08120	yfjF	BSU_08120	885,844  886,173
64383756101CB4D52F5DDE32F414D9BF76368AEA	new_2104902_2106408	S745	new_2104902_2106408	2,104,902 → 2,106,408
6445B754235F07C4814DA021B70942F7C0DD1738	new_651869_651961	S209	new_651869_651961	651,869 → 651,961
644638C7B9CA839714E086AF604BD7D2853C7E95	BSU_32280	yutG	BSU_32280	3,317,502  3,318,002
6448AF86B32A284DF74B5267052D7B72246ABE77	BSU_24110	yqzF	BSU_24110	2,507,020  2,507,256
644C0C354B72FC07222EE45F4D2E0E57434B5EB5	BSU_19180	des	BSU_19180	2,089,396  2,090,454
6452C3EE9644BD462E675DEE95D1683D47EEF4A4	BSU_21950	ypzA	BSU_21950	2,308,495  2,308,764
64537E20D50832080B785A93E808C902C2D0B340	BSU_32020	yuiH	BSU_32020	3,293,573  3,294,169
645BA6F51EACB017FA8A56C8AB2ADC5A59D949AA	BSU_11798	BSU_11798		
64786CC240BC208571AA3B3D28B5167FEF8CD428	BSU_01520	ybaK	BSU_01520	156,109  156,552
647B1D7E496E81E7FC7FD2BDCACC2486852BAC19	BSU_17090	pksB	BSU_17090	1,782,713  1,783,390
649EEF0FFDDAA6162FB745005960F637A7D3ABA5	BSU_17550	ynaG	BSU_17550	1,885,365  1,885,640
64A531689AA07BB9D917B703814B751197BCE9D6	BSU_tRNA_80	trnE-Gly	BSU_tRNA_80	
64BB4C6DE51D52681136F5938B5FC2A578E49B21	new_1896225_1896423	S637	new_1896225_1896423	1,896,225 → 1,896,423
64C6D783FF3F41C81B216F798A1DC8071345B1ED	BSU_16690	pnpA	BSU_16690	1,739,383 1,741,500
64CA75A26A08C534EC7ADFC4A6256F07F3D4BFB7	BSU_05850	gmuR	BSU_05850	630,170  630,883
64CD25B3E5D2DE2B1F29681EAA4AE3F8B1FB8F4E	new_1727025_1727132	S590	new_1727025_1727132	1,727,025 → 1,727,132
64D5271D7E05B26AC40325DB7AF1FD7077CFD811	new_1382628_1383305	S468	new_1382628_1383305	1,382,628 → 1,383,305
64E4F910148F9349FA68FC685310D14C0A72BE8B	BSU_38380	ywbB	BSU_38380	3,937,553  3,938,230
64FDE4797A1945BD68734D133BB27FCD8AB274F7	new_3893312_3893440	S1463	new_3893312_3893440	3,893,312 → 3,893,440
65115BE5459B65B63094A3502EC11531675AD6BB	BSU_08050	yfjL	BSU_08050	878,081  878,770
651C370386E9FB45E3B98001800D342FEDB43E9A	BSU_23050	ribU	BSU_23050	2,410,017  2,410,589
651D1E534490276B9BE7BFE7B5819176AE09891E	BSU_00110	pdxS	BSU_00110	19,062 19,946
651F41AA16B0BB59A613D74302F441BF6D5BFF64	BSU_29920	ccrZ	BSU_29920	3,060,674  3,061,288
6520B1B5566FEC0E36E4A37ED9BC808096BE118D	new_604577_605269	S197	new_604577_605269	604,577 → 605,269
65253C69BAE9679FE4475BFF76BBABBB0FA70C30	BSU_39010	tlrB	BSU_39010	4,004,288  4,005,136
652A1CC7F6D33E2C9032E557FAF34B5A828CD441	BSU_32910	yusS	BSU_32910	3,377,430  3,377,759
6531D0B720D414F910DB19BED387E1CC40DF3DB5	BSU_20660	yoqE	BSU_20660	2,199,362  2,199,526
6539D8CDC89E142B6E67587220743DCAAC4F0513	new_2950025_2950153_c	S1087	new_2950025_2950153_c	2,950,025 → 2,950,153
6542BE447872C1A16C056DA21BD7A23C65F5C543	BSU_12600	xkdF	BSU_12600	1,328,702  1,329,529
654EC5AFF767127FA3BA20A7B1ECDB93333AADDE	BSU_23640	yqkD	BSU_23640	2,460,664  2,461,581
65506215AE58BF53C57599E566E4F78514DB45AA	BSU_04030	ycsD	BSU_04030	455,346  455,738
655C07294D3A04763049D6701A7296BB4AF8E6B9	BSU_06812	yeeF	BSU_06812	747,554  749,563
656CB475FCD10597D49DFD51DC930CE86736EB66	BSU_misc_RNA_31	BSU_misc_RNA_31	BSU_misc_RNA_31	2,025,160  2,025,251
65704140C3B95619D6C0962CB40452D373E2740F	BSU_07050	yesW	BSU_07050	770,234  772,096
6570E3A80C291C172B82946F2FAD9F1B4D3F990F	BSU_18700	yoaQ	BSU_18700	2,040,673  2,041,029
657A76B7786DC44861ECAC8FDFC8B4E8B55EF05F	BSU_01250	rpsQ	BSU_01250	140,147  140,410
659096A18FE1374C4C043C8C99807DB8053F7E1B	new_2208648_2208779_c	S785	new_2208648_2208779_c	2,208,648 → 2,208,779
65A82B35900D485A7D06E26F337D4C5D6F3846A8	BSU_tRNA_14	trnJ-Lys	BSU_tRNA_14	
65A8D8D94E8E48DA28BA1F7BBB2FDBEB56A5EC72	BSU_06890	cotJA	BSU_06890	755,907  756,155
65B5EA4DBDF5B260DED754B8A7B226AA88F17B55	BSU_29230	dnaE	BSU_29230	2,991,269  2,994,616
65D3306FE372FF730DD6C62B841AA80CA30AEA43	BSU_25310	dgkA	BSU_25310	2,611,456  2,611,827
65D56AF70CCB730328D3F873C6684C61969C48B9	new_698472_698611	S231	new_698472_698611	698,472 → 698,611
65D9D68D2ACC106A371E927D607915252ABF915E	new_4074811_4074895_c	S1524	new_4074811_4074895_c	4,074,811 → 4,074,895
65E2F7197D46F5C884CC96018EE4F3EEE94FFA18	BSU_14020	kre	BSU_14020	1,474,560  1,475,024
65E6DFDB305EA23EEF450C8745D2B2A3A909F22F	new_1000282_1000363	S320	new_1000282_1000363	1,000,282 → 1,000,363
65EAA88A18FD7E11ED7ACAF8026E088ACD9EA303	BSU_05530	ydfR	BSU_05530	600,229  600,906
65F2152BF78AEC10E921D46E62D472B7FA74FA3A	BSU_19600	yodH	BSU_19600	2,133,455  2,134,156
65F36DED62B1640FBE59ACBBBCC8B469F57B14AC	BSU_29640	ytsP	BSU_29640	3,033,167  3,033,658
65FA4B3738C2A5995F019099743C782ADD15C338	BSU_15010	ylbH	BSU_15010	1,569,519 → 1,570,073
65FC7F4ED92F747DB7BC5672DCA2D2320A471134	BSU_38590	licB	BSU_38590	3,961,566  3,961,874
65FC8F21D8927C231B55E8693BD29F052A830AF6	BSU_38250	ywbO	BSU_38250	3,925,797  3,926,399
660443DFA2D175758677E4F88A2CEEC3BB5A2399	BSU_38940	yxjI	BSU_38940	3,997,221  3,997,709
66076952E512D53FC1FC62455A86ACFA21AE120D	BSU_34265	epsK	BSU_34265	3,517,485  3,519,002
66077F95015E29F0C8E6E2960A67D9540D94A1DA	new_302355_302434	S102	new_302355_302434	302,355 → 302,434
660FD9F2AC911E4E70E242F14A2EA6A208F25E28	BSU_40239	yyzF	BSU_40239	4,134,996  4,135,166
6617D785D08C5919F0B774D2AF9EA6A84215486B	BSU_29720	motS	BSU_29720	3,042,566  3,043,294
6624AA675E9E52FFABFF26055F63471AEF881CC5	BSU_28490	uvrC	BSU_28490	2,911,116  2,912,888
6625B84826F538AB2027F5AC2ACAC68A4F9EAF0D	new_3733649_3733734_c	S1395	new_3733649_3733734_c	3,733,649 → 3,733,734
663F39A34F1FE05DAC84D192D3CE07110CD98D19	BSU_17530	ynaE	BSU_17530	1,884,238  1,884,879
6640C754249DD8E4E15889CC838F5D04A682BF58	BSU_40520	yybS	BSU_40520	4,165,659  4,166,588
665BE3614B466067D64D1FB275ECDDE12CBFC9D4	BSU_10050	ecsB	BSU_10050	1,078,176  1,079,402
66682FAD996CE2A4FB1306A9700BEA56C92EE337	new_1130759_1130917_c	S376	new_1130759_1130917_c	1,130,759 → 1,130,917
666BFB1C20F70FF2047DA886C417BBD6030E3020	new_3842996_3845478	S1450	new_3842996_3845478	3,842,996 → 3,845,478
666D89F79FF7322B91E56B55D3EAC4F82BE1B9F0	new_3014345_3014422_c	S1118	new_3014345_3014422_c	3,014,345 → 3,014,422
6671E7D85E99D349679F0E9D825DC035D10FFD2E	BSU_29680	acsA	BSU_29680	3,038,213  3,039,931
667635C1664B997BF981D27E723B93E91B15AE91	BSU_misc_RNA_51	BSU_misc_RNA_51	BSU_misc_RNA_51	3,179,105  3,179,206
6684F6083B001E9FDC5967799B715AE966B83E1D	BSU_09440	citA	BSU_09440	1,021,057  1,022,157
6691F288F092CDBC4F9CB0C5A90DAFB00609882E	new_2829449_2829527_c	S1047	new_2829449_2829527_c	2,829,449 → 2,829,527
6698BB092E03BEF48AFD0CBF565410109CD1ABB5	BSU_28110	spoVID	BSU_28110	2,871,022  2,872,749
669D29CFF067DD7E59A722561BDBD2FBA4145A2F	BSU_30570	ytmB	BSU_30570	3,131,152  3,131,394
66A43FFBB0657656E6D1790CB2444DAA87A653C1	BSU_21380	yomF	BSU_21380	2,259,475  2,260,296
66A6EC4F6CB91EE741BB9D7646913FF3EE602BD7	BSU_41020	thdF	BSU_41020	4,211,510  4,212,889
66AFF1FC7D1BBA8EA5BB57A935FF5AB890A895C1	BSU_17210	pksN	BSU_17210	1,834,409  1,850,875
66B9809A77AB15E5C8C8E5A8E26752771AF55E3A	BSU_07620	yflN	BSU_07620	835,740  836,534
66BC6663BD2939BBA5B11C9B03077FFF45BDEFCA	new_220033_220103	S78	new_220033_220103	220,033 → 220,103
66C26C3C2AECBB0E309180948F25AC04EB1E961A	new_3302764_3302893_c	S1240	new_3302764_3302893_c	3,302,764 → 3,302,893
66D38B4C38D6C7299502F2BD5C06102A2FF14F92	BSU_40740	satA	BSU_40740	4,185,160  4,185,681
66D3E978E3DBA0410CA5597B5B860DF27C97335A	BSU_05730	ydhF	BSU_05730	619,321  620,031
66DF1AB3311A03D956C7C081D0A1C84300E5E9FF	new_2736537_2736639_c	S1005	new_2736537_2736639_c	2,736,537 → 2,736,639
66FD170A8E633B989C16CCAEDF2C3A7357C0F9CD	new_3037916_3038059_c	S1138	new_3037916_3038059_c	3,037,916 → 3,038,059
67074435B8FDA85C8ED4D8C4ECE3580C4EDFBF2A	BSU_17870	yneB	BSU_17870	1,918,742  1,919,395
671180A1D267729FF59C449B8FDFA9E1990D9F67	BSU_04180	ydaC	BSU_04180	470,957  471,502
672A07782206B6801C9C7BA461C4464ACA580221	BSU_20360	yorJ	BSU_20360	2,181,256  2,182,392
672EA84D7725BE21F649DF30A11EB4E0EDFC3925	BSU_15280	ftsA	BSU_15280	1,596,474  1,597,796
672EAC84789910ADB2C2A449910BEECA39A9A2B1	BSU_35200	yvkB	BSU_35200	3,618,364  3,618,933
673176E19C020FDEA8A8D0A72B65BDB35CCC1741	new_3232483_3234571_c	S1206	new_3232483_3234571_c	3,232,483 → 3,234,571
67352C9D92DEB703C2FC90D676AFAA3DA276BF75	BSU_10860	bstC	BSU_10860	1,165,449  1,165,958
6740108089F13116F200C15F35C2E7561E990FEB	BSU_00010	dnaA	BSU_00010	410 → 1,750
67479568FD8922CE454D23B9B3E999A3BC6BCA76	new_1587815_1587925	S558	new_1587815_1587925	1,587,815 → 1,587,925
6751631AE77CE8964287EF64A2F0A9AE15AFF8D2	new_1235709_1235911_c	S418	new_1235709_1235911_c	1,235,709 → 1,235,911
675CE0BCA393E9C2795032F1C0FDE6AF08B77033	BSU_08830	ssuB	BSU_08830	961,394  962,161
67651D5D3122A89F57F9E7D49074C82A8990A277	BSU_33900	eno	BSU_33900	3,476,555 3,477,847
676932E7DF143DC9AAAF1F415FB3D14EE25B2C2F	BSU_34140	ganQ	BSU_34140	3,505,102  3,505,953
677A1DEE1F560E050D6CB9F4DB71D83FD31CBEC9	new_3372473_3372739_c	S1264	new_3372473_3372739_c	3,372,473 → 3,372,739
677A695D276C25B39B6A8F84664A778305A02C1C	BSU_12519	yjzJ	BSU_12519	1,321,848  1,322,027
678233B2F53F4B82675536F4461B558C15EDC555	new_1900263_1900568_c	S639	new_1900263_1900568_c	1,900,263 → 1,900,568
6795F1703416DCD04E51C177F1C9FE45E73ABAEF	BSU_35710	tagG	BSU_35710	3,675,167  3,675,994
6796E1C147AA21E919A42A953884DC24E182F430	BSU_38070	sacT	BSU_38070	3,906,142  3,906,972
67A72A0EABCD807C25D8EAC61C251142B45C174E	BSU_19310	dhaS	BSU_19310	2,100,580  2,102,067
67B106DF655E374038DE68F24EDF765CAE61A9AA	BSU_26570	yrkB	BSU_26570	2,715,719  2,715,865
67C0C9EA17EF953554D3D57CD0D285246F50C1AD	BSU_09710	bmrC	BSU_09710	1,045,318  1,047,075
67C3C2EDE081E2A018DD88DB550A44BCACF1A09C	new_3466412_3467550	S1297	new_3466412_3467550	3,466,412 → 3,467,550
67D3C1E4CED3454A03F68C43AB3FC96F9A5046F3	new_1255867_1256041_c	S426	new_1255867_1256041_c	1,255,867 → 1,256,041
67D777078815BD6BD9F22B3CCC5FF63508423E36	BSU_misc_RNA_45	BSU_misc_RNA_45	BSU_misc_RNA_45	2,897,094  2,897,340
67FB5F6FB0B2701BD8E4FDD8DF06B236DE6A2599	BSU_16000	khpA	BSU_16000	1,673,892  1,674,137
67FFC8F6C6C8379F641CCDAB1B7CD301CCF1BA06	new_3911304_3911465_c	S1468	new_3911304_3911465_c	3,911,304 → 3,911,465
681260A18D926E7FA359C568C7D54AB8307C7E36	BSU_17500	ynaB	BSU_17500	1,881,536  1,881,970
681D409DB28C709E45D1E3A9EFEDBC9165C5DB53	BSU_misc_RNA_64	bsrC		
6822952751320A7078960B23A1AF67777A7F7B0D	new_2391517_2391641_c	S864	new_2391517_2391641_c	2,391,517 → 2,391,641
683D350D98AC0D27951145AD87830B89C0B4F393	BSU_12660	xkdM	BSU_12660	1,333,804  1,334,247
68494472F27F95AE564AC9F7DDDBEB647124A366	new_2346132_2346223_c	S846	new_2346132_2346223_c	2,346,132 → 2,346,223
684A3AEE4FC38F884FE0BA3D03D043A7E6A7F2F5	BSU_11260	yjzC	BSU_11260	1,204,506  1,204,685
6855CC156FCB4C4A16AFD6ADE18F3FFC82B61843	BSU_32470	pucE	BSU_32470	3,335,751  3,336,272
685B58AD2A02A0B48B7D4AAAE046DE2CF8F77C58	BSU_37220	ywjB	BSU_37220	3,819,220  3,819,744
687EB1E57D116F6D3A1F9A65505E1A069F34DC82	BSU_33590	yvaG	BSU_33590	3,449,732  3,450,526
6882EF93EC82872B25C88104F62D6603D2514890	BSU_23960	artR	BSU_23960	2,490,574  2,491,296
68980AFF8D67B8AE0D8F41929B5C1460216DB8B6	new_784299_784380	S248	new_784299_784380	784,299 → 784,380
689960918DCADE9D4EDB2B88878C93AD3ED55136	new_2778420_2778505_c	S1023	new_2778420_2778505_c	2,778,420 → 2,778,505
689CF50691E77E5A40437EF1E6B5083AF7CFCE08	BSU_31530	malR	BSU_31530	3,238,751  3,239,458
68B675996CB6C3E626FDB0263F5A570044A896D7	BSU_20470	yoqY	BSU_20470	2,190,884  2,191,279
68B67A4E889758163E0E86B8E747F69B26C2799F	new_3246529_3246678	S1211	new_3246529_3246678	3,246,529 → 3,246,678
68C6FD5D4D9491EE15A5015447959A45C36EA702	BSU_34580	yvdJ	BSU_34580	3,551,479  3,552,363
68C86FED3575B864C576DFB73FE7B5BF83994D1F	BSU_30230	bioA	BSU_30230	3,093,343 → 3,094,689
68D7BC2546D5904958CF28201E4B9F97C6E3B2B5	new_646411_646581	S206	new_646411_646581	646,411 → 646,581
68DB2871A88535714C84FE86006AB54CEB6F0EAD	BSU_16380	flhB	BSU_16380	1,706,599  1,707,681
68E585F6670539982E8E8032337DA2043C67FCC4	BSU_05570	ydgB	BSU_05570	602,441  602,713
68EFECAC6B771D7BDCCD7FD30511152EDEFCEE5B	BSU_32990	mrgA	BSU_32990	3,383,565  3,384,026
68F4E792B99F86AE9E8F06D2200E128937331F5D	BSU_17460	glnA	BSU_17460	1,878,425 1,879,759
68F7364F4B62410C727C598FAA15691AC66CF60A	BSU_21330	yomK	BSU_21330	2,247,889  2,248,335
68FE85BAA457199D34C9068F38756972CD2D280D	BSU_35840	tagT	BSU_35840	3,694,239  3,695,207
68FEEB93A63C959DD1FAC4A3D67EE9920069470F	new_965798_965868	S310	new_965798_965868	965,798 → 965,868
69052B24B577ABA4B20E610F679154DC97EFD8DE	BSU_30035	ytzG	BSU_30035	3,072,743  3,073,462
6911DFB27F6A23F3775DAC5C289EFA163FBD1E56	BSU_30880	ytcC	BSU_30880	3,157,961  3,159,184
692C2F92DBE9E917697A883DA66C6E0FA2DE3FBA	BSU_19440	yojI	BSU_19440	2,119,393  2,120,751
693040A5BA7A25AD485B7B28DBD6E8AAC77450F7	BSU_31200	rhaB	BSU_31200	3,199,565  3,201,022
6945F1643813EFE9789448DF71AC1F50D3D310F6	BSU_tRNA_66	trnB-Phe	BSU_tRNA_66	
694788AF3F2FF4C48DFA9FF410BDC551632C8CD6	new_3808393_3808511_c	S1438	new_3808393_3808511_c	3,808,393 → 3,808,511
694BC1E02DBAC48CC2BEEFCADED7889BC18E363C	BSU_18750	yoaT	BSU_18750	2,044,038  2,044,832
69704E02A488750F3DC5F3F7D8703A22955E9397	new_4005626_4005729	S1503	new_4005626_4005729	4,005,626 → 4,005,729
6977F18870004AD236539D9409255815E6BE9241	BSU_33520	csoR	BSU_33520	3,443,896  3,444,201
697B714A2AC7B418A7F699B4547BE896B3A8A28B	BSU_25550	rpsT	BSU_25550	2,635,815  2,636,081
698285797466C69FF06BB97D1A85A0134E34EA9C	new_2157683_2157828_c	S765	new_2157683_2157828_c	2,157,683 → 2,157,828
69838717DC6BB27864D88C282BF5BC7CC558BFD7	BSU_37780	rocA	BSU_37780	3,878,966  3,880,513
6985ED02AC7A04D4FD5E531C47DD4D1711D7F829	BSU_11640	cpaA	BSU_11640	1,240,356  1,242,200
698951711B4F4EB0DFF4A6778885C1EEE8B1C8D8	new_117257_117348	S47	new_117257_117348	117,257 → 117,348
699106D961A3FF8D925EBCBD31EA5D1FC3166D5D	BSU_23630	yqkE	BSU_23630	2,460,278  2,460,502
699F459776A1391BD735C8433A91948710D83D35	BSU_20690	yoqB	BSU_20690	2,200,790  2,201,128
69AC92F8AA038CC93DCA8DB173A9F9BD9C517AEF	BSU_29910	ytzH	BSU_29910	3,060,395  3,060,673
69B143987DCF73B5D080E3FD87A6CA2940E07DA8	BSU_12370	exuR	BSU_12370	1,308,802  1,309,803
69C5D9EF7ED43BCAB7A9D6148EDD323CE72F8E3D	BSU_18180	yngB	BSU_18180	1,946,702  1,947,595
69C7EF7E76821FF3D9E866838B24C3866CA9C189	BSU_27560	hisS	BSU_27560	2,816,535  2,817,809
69CCCC3266A857A652BCCB505A5C9FAB795C7A5F	BSU_18280	yngK	BSU_18280	1,958,027  1,959,559
69D4685E435B472A3E87E312ECA77553631687E4	BSU_17420	spoVK	BSU_17420	1,874,203  1,875,171
69D55899C7CE30A282AF6011527FAD55A76CDBDA	BSU_08810	senS	BSU_08810	959,290  959,508
69D7712C9F50049E0D7931A9C35DD5BC9AA5D00E	new_2996680_2996979	S1112	new_2996680_2996979	2,996,680 → 2,996,979
69DEE29383E40F49890CC8314DFBF56D70D35113	BSU_04270	ydaJ	BSU_04270	478,944  480,032
69E475F00D9CCFDDF086F0B8A5CBA81B31DD06FE	BSU_14080	ykuH	BSU_14080	1,481,547  1,482,095
6A06E0E3017DB6E75D5C1114D954D51CED546051	BSU_40110	bglA	BSU_40110	4,121,166  4,122,605
6A074CE9AD98A2751A216A2EA8156ACE6FFC7280	BSU_30460	ytrA	BSU_30460	3,118,847  3,119,239
6A14D0C7FD94A838BAB3B74AA100EA678F1E4E34	BSU_28020	mreC	BSU_28020	2,859,832  2,860,704
6A16E8F87DA1D5835DFCD5803B11D0E004E6F4FE	BSU_32900	yusR	BSU_32900	3,377,019  3,377,408
6A17673400F94330AB0A3F5F97C28BAA2CEA04AE	new_2264353_2265142_c	S807	new_2264353_2265142_c	2,264,353 → 2,265,142
6A1F759DAC09D364602460E5467E2761E97CE45C	BSU_06660	opuE	BSU_06660	726,840  728,318
6A21293823151C6980BF52B31A4B249A8440F2E1	BSU_35620	lytC	BSU_35620	3,659,119  3,660,609
6A27EA1D7AE56F461A520D11862FF566BC81059D	new_258887_259015	S92	new_258887_259015	258,887 → 259,015
6A333ED8643FF928BAE5AB07C7F2DA1F5923EF0A	BSU_misc_RNA_78	fswB		
6A37531896205A9B894C81AB0563C216C0B52CD7	BSU_13250	ykoG	BSU_13250	1,391,953  1,392,639
6A38DAA96F7BBF31FD8A4018A8CA7A72F3C28F79	BSU_24770	mgsR	BSU_24770	2,564,026  2,564,406
6A3925E2D030090143828352F86DB3F1FB18F5F2	BSU_16930	cinA	BSU_16930	1,763,222  1,764,472
6A3F08CD939CCDEC1F784D658B815A6D0E1AAC3D	BSU_10880	yisV	BSU_10880	1,166,737  1,168,191
6A4B49FA1CC409A819CE45C6C880732F1B25993E	new_3918262_3918330_c	S1471	new_3918262_3918330_c	3,918,262 → 3,918,330
6A68EF7BF16FC2F2C7E068F52901EF2BFD6EBF8A	BSU_39980	qdoI	BSU_39980	4,106,245  4,107,258
6A6CBD75DCC33C804F853F47D37773930D398CFE	BSU_35380	fliW	BSU_35380	3,636,264  3,636,695
6A70EB9A5ED415FE86B3458B656307D6A9B374AF	BSU_08750	ygxA	BSU_08750	945,520  946,404
6ABE89F40CC8A5417B216F2D00A1BC079C71B15C	BSU_tRNA_78	trnSL-Val1	BSU_tRNA_78	
6ABF79C6EEF078E4F71F569FACCA80DA67191AE2	BSU_14860	pycA	BSU_14860	1,554,185  1,557,631
6AC80B5916EEA851E9A7AF586341C58B7E69D8E7	BSU_misc_RNA_67	roxS		
6AD1DD074B2F044C6A4E4B98FABC4E7FD67B3139	BSU_26558	yrzM	BSU_26558	2,714,231  2,714,548
6ADA5AF308D96218414EA92DFF4A57BAEAD0554B	BSU_25430	yqeV	BSU_25430	2,621,677  2,623,032
6AF1CB8998BE9C71DF4F1201A7F74FF7E75CB799	BSU_15670	remA	BSU_15670	1,641,672  1,641,941
6AF21E20526ED5EADB578BD6A5B363E840CE78C1	new_3297962_3298076	S1233	new_3297962_3298076	3,297,962 → 3,298,076
6AFCB6566ABC684D3A8C9C07B386F8AB26AD1DD1	new_4089418_4089968	S1530	new_4089418_4089968	4,089,418 → 4,089,968
6AFE06E2F5A5382FBC656E6D532E1D8BFECC4DC2	BSU_36270	ywqB	BSU_36270	3,733,852  3,735,462
6AFED2DBF443D3E7FECE211BF8FCF1FD33B7104D	BSU_23170	spmB	BSU_23170	2,422,264 → 2,422,800
6B11EE4269A2CFF8A37C63FA41EA6BAD2727D0A4	BSU_05310	ydeR	BSU_05310	576,946  578,133
6B139835736CE62D0D559475D93B305C15D42513	new_1457005_1457156	S505	new_1457005_1457156	1,457,005 → 1,457,156
6B2DC9873B7B693D9D0FC0D773740140D0640C9E	BSU_21450	sunS	BSU_21450	2,265,668  2,266,936
6B36C3B0FA04FBCB20C2C9AEA987DDD211E29629	BSU_19170	yocD	BSU_19170	2,088,257  2,089,234
6B3A8F70CF308F69455CCE3A471566DED4C16383	BSU_40640	yybH	BSU_40640	4,177,756  4,178,145
6B3B222E56BF0C95A2371CA5208B5522B44D4689	BSU_16430	cheA	BSU_16430	1,712,815  1,714,833
6B4D42122FDF456461215C3D0CA09331261FD345	new_1430625_1430683	S490	new_1430625_1430683	1,430,625 → 1,430,683
6B53C6794FA4124D5D6AE4AFC10D87FF1535CEFA	BSU_tRNA_26	trnI-Arg	BSU_tRNA_26	
6B5D4FD32CCE72C99B915B0F1EB4B8E8D42A04B3	BSU_02860	znuC	BSU_02860	309,347  310,042
6B61DCE8D27776EBF942621D3AE90F410FD13F37	BSU_35870	capE	BSU_35870	3,697,639  3,697,806
6B66E6E138ED70318E5911F310953D8F09FA8719	BSU_13380	ykoS	BSU_13380	1,401,772  1,403,466
6B689EE9FCF8BD4E7964CEAA6EAB6940B0D2D290	new_2408773_2409563	S872	new_2408773_2409563	2,408,773 → 2,409,563
6B68AEB149739F558DEAE0B7434D8A477902F340	BSU_20110	yosI	BSU_20110	2,166,873  2,167,007
6B81CDCA07B62D6A91B126F2CABC2F5C839689E4	BSU_26110	yqbH	BSU_26110	2,682,127  2,682,489
6B93DA610D4D86A5D4E53190999FB0E4E10AE8E5	BSU_06260	ydjN	BSU_06260	679,827  680,873
6B9B62D9687331CDC2677C78A624FA609C8F8CFC	BSU_34530	cotR	BSU_34530	3,544,642  3,545,604
6BA346D8A7B496F9618AFAB4FEEF4BD1A41D2C7E	BSU_18500	yoxD	BSU_18500	2,018,554  2,019,270
6BA4A8575050B1BA45FF98E1F3B1F27F6C24A5E4	BSU_05343	ydzS/1	BSU_05343	581,228  581,329
6BAF5763249305F27326F941A34956396B3F8C99	BSU_22040	bpsB	BSU_22040	2,316,446  2,316,952
6BB9336E8F5007274026A89BFC3744B52F28E42D	BSU_14710	ylaA	BSU_14710	1,541,886  1,543,826
6BC5A936D8EDE7087C3F6293A2873EC5352FE5EF	BSU_39090	yxiP	BSU_39090	4,013,795  4,014,475
6BCE78F623A40B519211E79AFA1AD898318BD817	BSU_03180	cah	BSU_03180	342,538  343,494
6BE16F130F1E9999A4CDE9F8D02E4155588D1E01	new_2966794_2966948_c	S1093	new_2966794_2966948_c	2,966,794 → 2,966,948
6BE57B295BACFAE2F8BD48C3040DEA547D9DBB61	new_3856732_3856994_c	S1455	new_3856732_3856994_c	3,856,732 → 3,856,994
6BEC9E2BCECE33803EAC14DE7E8E988FC9C8DC8B	BSU_17130	acpK	BSU_17130	1,788,469  1,788,717
6BEF84AB2DA9FE23918648188586C35010047125	BSU_misc_RNA_4	ldlM		
6BF3B54666B92C93FAEC09AE36CA83CD2A957515	new_1399409_1400187	S477	new_1399409_1400187	1,399,409 → 1,400,187
6BF4668B871D2094D61C231531316AC7EABD978D	new_1559218_1559308	S543	new_1559218_1559308	1,559,218 → 1,559,308
6BF4F99DEF2E032A8547B920086305775D04FACF	BSU_25340	phoH	BSU_25340	2,614,496  2,615,455
6C0BA5B55EE5CF737C4E263BFFF760374054C6AE	BSU_17980	sspP	BSU_17980	1,926,128  1,926,274
6C10C309483AD5AA1A14D4E4877217052EEC1A50	new_78940_79025	S39	new_78940_79025	78,940 → 79,025
6C18CDACC156BE4E379AA10F579840CB99562AE9	new_3379940_3380077_c	S1267	new_3379940_3380077_c	3,379,940 → 3,380,077
6C25C2D3991D31BBA73880CAC75FA26BFFAF5A2E	new_2090455_2090524	S730	new_2090455_2090524	2,090,455 → 2,090,524
6C2A9B774D1AE8E0B99C79ADD976E0284A9901AA	new_2306683_2307712_c	S827	new_2306683_2307712_c	2,306,683 → 2,307,712
6C3261E009BA8A386055323CA24DFE9D7AF76AE6	BSU_18960	yozM	BSU_18960	2,065,042  2,065,377
6C3B9065560DBCB0E766AEBBF5AC9BD0C2C58095	new_1013861_1013971	S326	new_1013861_1013971	1,013,861 → 1,013,971
6C3F539496FD6E1DB020DBE27DCAFAD1FD685F43	new_4214667_4214752_c	S1580	new_4214667_4214752_c	4,214,667 → 4,214,752
6C432E77C5A6F9955DDF4F7BE3FFD55C30BB812A	BSU_12240	yjkA	BSU_12240	1,294,996  1,295,748
6C48D8865633A04AA6266A0FACDC25840282A5F2	BSU_40710	yybA	BSU_40710	4,183,445  4,183,897
6C4B332D3532FD1B5DBF94CEBE55075AAEADB8AB	BSU_22240	ypqA	BSU_22240	2,337,577  2,337,996
6C5397BA5839E4DB25B370B39B6DA702147DA8B7	BSU_30340	ytvA	BSU_30340	3,106,210  3,106,995
6C67AD722D59671ED7589949690773732A8B845F	BSU_19050	yobQ	BSU_19050	2,079,611  2,080,336
6C7778EFFADDF522E2DBC32219D83E7CBCF2BED0	BSU_19770	cgeC	BSU_19770	2,148,166  2,148,471
6C85C1FEF3CC1828CAFC29EDFA084EA3F66616B2	new_3780034_3780161_c	S1421	new_3780034_3780161_c	3,780,034 → 3,780,161
6C9A092F38739A3759793EF8B496569CD02C2E3F	BSU_14990	ricF	BSU_14990	1,568,420  1,568,869
6C9F403D67CDC2EE66C534B0F23D973E24C9A089	BSU_12820	spoIISB	BSU_12820	1,348,442  1,348,612
6CB350C335603D5F4434679F9D740BFECA738599	BSU_05920	tsaB	BSU_05920	642,111  642,800
6CB98B274938E137412A4981F8E11731A9FC58EA	new_2628535_2628605_c	S960	new_2628535_2628605_c	2,628,535 → 2,628,605
6CBEACD5C9C88319C4F9BE4C53F5C6534EF9135F	BSU_21660	sprA	BSU_21660	2,284,771  2,286,408
6CCF68F35CBD08BB01B625A62549552C991C5ECD	BSU_12069	yjzH	BSU_12069	1,278,205  1,278,399
6CDF1836F5B613A6718308A4A27D713193EA197B	BSU_27729	yrzS	BSU_27729	2,834,957  2,835,157
6CE139563BBD7C1C97AEC3AA3F88146C4EEA79E4	BSU_12080	ctaO	BSU_12080	1,279,514  1,280,503
6CE4CF4C1078417EB33402426C0B0681D5ED9678	BSU_10090	yhgB	BSU_10090	1,082,870  1,083,184
6CE5332F56B491F0C9DC6BD2A757F5BCF7EBE270	new_2387674_2387835_c	S862	new_2387674_2387835_c	2,387,674 → 2,387,835
6CE6AFDBE85974B45041DE924A09CC9F56ED79D8	BSU_27450	glnM	BSU_27450	2,803,990  2,804,640
6CF2A9A517B641C44C0B46EF242BC5E668EA846B	BSU_15590	sat	BSU_15590	1,632,208 1,633,356
6CF44499017A78B8C43D68259F52056BCCB3EB8A	BSU_05320	ydeS	BSU_05320	578,337  578,933
6CF6D96F96B63825211A8ACE3AE8508B97255578	new_2281501_2281666	S813	new_2281501_2281666	2,281,501 → 2,281,666
6CF7F6303425D8A51E1E01BF18823139E4259A8F	BSU_36860	atpE	BSU_36860	3,786,620  3,786,832
6D07C98A82C8960133BC50E40EF5D56A21071316	BSU_10060	ecsC	BSU_10060	1,079,422  1,080,132
6D08E897DD697523FD0720704A25AD4472075B6C	BSU_12360	exuT	BSU_12360	1,307,446  1,308,714
6D10C9232F0D28973F7C3C6ECDFD6948928CB23F	BSU_38900	yxjM	BSU_38900	3,993,162  3,994,382
6D1C08D83A1D55522F1C66E08F1C95AEEE70FBC6	new_2586998_2587934_c	S938	new_2586998_2587934_c	2,586,998 → 2,587,934
6D20E450F1C2F0E9568D7B4102E19CB38F069DED	new_574025_574105_c	S184	new_574025_574105_c	574,025 → 574,105
6D302524145C65BDA5094BC5CCE106B77AFFC7EE	BSU_20670	yoqD	BSU_20670	2,199,580  2,200,335
6D361C01C85ECBF35824D9D524A3C4D714103785	BSU_24800	yqgW	BSU_24800	2,565,715  2,565,888
6D36D6360FE1CBFF5F64B2A6D1406405D6C6F7D5	BSU_35030	nagR	BSU_35030	3,597,289  3,598,020
6D38B333DE44EB903E151004BA30F3361CC1BE7C	BSU_23360	ppiB	BSU_23360	2,435,360  2,435,791
6D5089931FBDB398A7FAF3C8DDF341EB4949AEFE	BSU_27180	yrhH	BSU_27180	2,777,877  2,778,419
6D585EB5E56A1E5C1C31680D960043BA08C817E2	BSU_09930	yhaM	BSU_09930	1,069,042  1,069,986
6D6718AC72C9D86EDE16B191EDAB3ABA488B689B	BSU_16760	dapG	BSU_16760	1,747,123  1,748,337
6D6C324675631B5CAB165D6DF72AA45BF3DB6F29	BSU_26640	czcO	BSU_26640	2,722,767  2,723,804
6D71F346EC00C5ED497A5253843335BB10480A84	new_2385396_2385479_c	S860	new_2385396_2385479_c	2,385,396 → 2,385,479
6D7FE97997D2D643C7AC24ACA52283F311643355	new_2562914_2563888	S927	new_2562914_2563888	2,562,914 → 2,563,888
6D808BC20ADB6CA789288D50CA816D6BEE22CFC3	BSU_19420	yojK	BSU_19420	2,117,051  2,118,268
6D86100E323BB10957D7F8AC58C2D88DDB258454	BSU_tRNA_35	trnD-Phe	BSU_tRNA_35	
6D9153BA698101C3EE1CD68B76419ECD300740F8	BSU_39620	yxeA	BSU_39620	4,068,189  4,068,536
6D9AAA63C4E43D2F80C7A2104BDF4D98A21C3B78	BSU_19060	yobR	BSU_19060	2,080,351  2,081,094
6D9CEDC7737CCFA838EBC142CD735E066C950AD2	BSU_15470	pyrR	BSU_15470	1,618,304  1,618,849
6D9D3A25560F81B3DB329610984834889FFE34A1	new_348596_348692	S118	new_348596_348692	348,596 → 348,692
6DAAEF20B68139A732FDCDABD0C420A0C928D373	BSU_15020	coaD	BSU_15020	1,570,078  1,570,563
6DBA90139A3A0D6271DD2B1B03481EFFDFF1DD40	new_2215272_2215459_c	S792	new_2215272_2215459_c	2,215,272 → 2,215,459
6DBD202DE5F7CEC16EE36946E3FB3792D986D0B9	BSU_17689	BSU_17689		
6DCDEA8739BF0113715C75DC8FEA045DD9D1ABE9	BSU_misc_RNA_54	BSU_misc_RNA_54	BSU_misc_RNA_54	3,421,169  3,421,348
6DD46B2E342994CB97C13C00AB264B2D62184223	BSU_05590	ydgD	BSU_05590	603,596  603,940
6DF19E4546509687CA194F6B44EEB723C9467B9C	BSU_12640	xkdJ	BSU_12640	1,331,743  1,332,183
6E063903E9E3B770CAACA9DF98DFA540FAE6FD3D	BSU_01880	ybcI	BSU_01880	210,572  210,946
6E0B963D2334CEAFC19E4B6E224F7899A41A4B94	BSU_28660	sspI	BSU_28660	2,931,692  2,931,907
6E200AAFBFAD3B86BED40A86A382EE0EAEF1090E	BSU_30360	yttA	BSU_30360	3,108,614  3,109,360
6E4F2BA67FF58085D462F6A6FB6497BDF600FCF6	BSU_35550	tuaG	BSU_35550	3,651,097  3,651,855
6E5AB4620F9A896C32CD77AF314C67035814AE0A	BSU_34560	malL	BSU_34560	3,547,550  3,549,235
6E668E7BCD26FCC9873D538385DAF851D7CEC8FC	BSU_21730	ypmS	BSU_21730	2,290,285  2,290,848
6E6D17F51F9A82D38EA985AA7E09CB9530583802	BSU_14450	ampS	BSU_14450	1,514,997  1,516,229
6E8B67517A81B58707C3841B33057BDA9C4FA1AB	BSU_28420	ysmA	BSU_28420	2,905,067  2,905,510
6EA4D86FA1EA6388054A4D863EB576187CD5AEEE	BSU_25890	yqxI	BSU_25890	2,663,929  2,664,408
6EAB09018D9AF9C488E713C232CD77B63415DCE3	BSU_27830	coxA	BSU_27830	2,843,931  2,844,527
6EAF0238A898F1B5CA37A9DDB546203DECF9C9FB	new_4185817_4186091	S1571	new_4185817_4186091	4,185,817 → 4,186,091
6EBD8F7065B6C1996067F3120DD9CFEA91D3A444	BSU_34290	epsI	BSU_34290	3,520,030  3,521,106
6ED386D49F973C1F6B1076974F54275DD583C9D3	BSU_36410	mbl	BSU_36410	3,747,254  3,748,255
6ED6C3DDC4F3142FD01D32840D955B7E4A19F385	BSU_16350	fliP	BSU_16350	1,704,863  1,705,528
6EE13E61A218A6D52BAC83A1145B0B96961CE289	BSU_09950	prsA	BSU_09950	1,070,364  1,071,242
6EE8DFD3C5EB5A6DBE13685F335776C266488FF8	new_3033042_3033166	S1132	new_3033042_3033166	3,033,042 → 3,033,166
6EF57AF25BFC9880BBA8EB75ED6710B614D1E922	new_551930_551999	S177	new_551930_551999	551,930 → 551,999
6EF9B43AFDE3AEBE0DA5EDCCEDA99331BA01AE5D	BSU_10000	yhaH	BSU_10000	1,073,895  1,074,251
6F0DA2F44E49E65A9A669AD1CA3F6FAA20DD1B44	new_1783660_1783762	S616	new_1783660_1783762	1,783,660 → 1,783,762
6F0FA23892BB1829174F66C464149DB428A8DE18	BSU_35560	tuaF	BSU_35560	3,651,879  3,652,559
6F1462EA074DEDE2FEF13561A6691A22BFAD10FE	BSU_29970	ytkP	BSU_29970	3,066,451 → 3,067,386
6F1F65ADE205E051591BD7A4829F7943D3C2BF6B	BSU_32060	yuiD	BSU_32060	3,298,077  3,298,553
6F219CFF60072A01EDF98DC1EE41078EE49CB8D6	BSU_26440	yrkO	BSU_26440	2,705,398  2,706,615
6F21B5E9EEF67E96808A1DEFA3A80DA2A0FF9462	BSU_28910	pftA	BSU_28910	2,955,209  2,955,649
6F256986E591DB82974A7F54EB1CE0C024A6F63B	BSU_14040	ldt	BSU_14040	1,476,518  1,477,012
6F4CD36D4C1EE99EF7A503F44F53AEB8EFFEAB7F	BSU_35420	flgN	BSU_35420	3,639,787  3,640,269
6F4F7A68701FAC3983AF447F11BC1EAB17D7B07B	BSU_39610	yxeB	BSU_39610	4,067,183  4,068,148
6F5831A480B72D17B7B3F0BF7AF147603B65CA49	BSU_36300	glcR	BSU_36300	3,739,206  3,739,982
6F5BBCBA02EA1C016AA37EB63D252A4C07CE6617	BSU_30540	asnB	BSU_30540	3,125,777  3,127,675
6F5DDE1367AD3E82EE0C421C95BA5E03470F6364	BSU_tRNA_62	trnB-Met3	BSU_tRNA_62	
6F774A738CA515CA2A5EEFFDAD1B5AF249A85C80	new_2406881_2407627	S871	new_2406881_2407627	2,406,881 → 2,407,627
6F96C10759C1C20B3A6B396E3718F0A9281F100A	BSU_00120	pdxT	BSU_00120	19,968  20,558
6FAD8804AA32B84819DDE57C0AF63F208FB9FFD1	BSU_26390	sigKC	BSU_26390	2,701,338  2,701,754
6FB1865734C4DE7BE19D3D1A7E0C687B6D7094E1	BSU_19120	czrA	BSU_19120	2,084,786  2,085,109
6FBBC2BDEAD72BEA0D9EA56668FDA5A3BE6F694E	BSU_31520	malK	BSU_31520	3,237,157  3,238,758
6FBF27C12B4B3DC2CE373E5199357042114471F8	BSU_27320	greA	BSU_27320	2,791,494  2,791,967
6FC2777AEF26F17F6908CA80459EE1E2523F275B	BSU_31310	yugP	BSU_31310	3,217,496  3,218,173
6FC5C37F7C823518FD864EECD04D6F762A4817E4	BSU_25940	yqcD	BSU_25940	2,667,045  2,667,380
6FCF6F71C5A8B2345F42BD0C3345C520FD40358B	new_3460206_3462957	S1290	new_3460206_3462957	3,460,206 → 3,462,957
6FD5AF1F859F91C0664F56964623706742845B87	BSU_20620	yoqI	BSU_20620	2,198,070  2,198,264
6FD946E1ADD335B46B3E570E3D6F9BD9647D8C55	new_2340291_2340801	S844	new_2340291_2340801	2,340,291 → 2,340,801
6FDA046DCBBAE4588C4BC7163A04B9E6AEDBAC55	BSU_18420	yofA	BSU_18420	2,006,541  2,007,398
6FDD4D25F514497615CA940C0DC637094C1DF282	new_1609165_1609275	S566	new_1609165_1609275	1,609,165 → 1,609,275
6FDE01EEFCDB2F949A902DFD76A341410B867E88	BSU_13870	ykvZ	BSU_13870	1,455,064  1,456,029
6FE1D3C4D4DF86DE2D3D9A143A1DCFE120F13F5F	BSU_17680	thyA	BSU_17680	1,902,219  1,903,058
7024E4162A6D827069F882FDEACA696EBC05DD40	BSU_16470	sigD	BSU_16470	1,716,493  1,717,257
70263A55987F110209367CF45AD65A584AD3077D	BSU_28130	hemB	BSU_28130	2,874,202  2,875,176
7028580E25DD6C1D49A14F29DDCC02012F94FED7	BSU_34660	yvdB	BSU_34660	3,559,979  3,561,571
7039FCF49F97FFEF37ED48D6F860E3873A5CF308	BSU_12880	ykcB	BSU_12880	1,354,285  1,356,435
70408C17CF8681998F7FD933D4BFF71D052626D9	BSU_24440	yqhV	BSU_24440	2,537,689  2,537,970
7040EC033DB7B1960813D2378AC70262CB7B87C9	BSU_21540	yolA	BSU_21540	2,272,896  2,273,363
70412A747D1ED3E885126945DF02503667C13E5B	BSU_09310	pgcA	BSU_09310	1,006,774  1,008,519
70480E800C2EA025EDF474D1CB9A5A84C3F89ADA	new_1997958_1998066_c	S679	new_1997958_1998066_c	1,997,958 → 1,998,066
704A43D2EA6E948278314F05D4D0F186E647A3AB	BSU_18110	ynfC	BSU_18110	1,938,066  1,938,476
704BE4669EB09F1A2BE283058383C8EBEF4BE6D3	new_2265144_2265224_c	S808	new_2265144_2265224_c	2,265,144 → 2,265,224
7050A2CC4BA2183C3CD22A246846CBCE43D73ABC	BSU_03380	yckB	BSU_03380	367,995  368,858
705B1F88082E37006ED57B37130139FE7B76A8AB	new_2792102_2792210_c	S1036	new_2792102_2792210_c	2,792,102 → 2,792,210
706864AAF36684AD5E46F30E9EB76315AB412700	BSU_08100	acoR	BSU_08100	883,758  885,575
706983E6942E883D3A9D45693E7B4015AEABE60B	BSU_03750	yclJ	BSU_03750	426,577  427,260
707B8351C97587891CBAFDA64D3CDA9F24AD666E	BSU_39339	yxzL	BSU_39339	4,041,009  4,041,173
707E2D9F7EA6E4A75FB0168BF7B14F20691F99DF	BSU_05090	yddS	BSU_05090	554,669  555,979
70858AED096A80C1EAEB81F4B048368B665AB515	BSU_09080	yhcH	BSU_09080	982,319  983,236
708964AD2F284D67A010C265012C78D187C364C6	new_17238_17833_c	S9	new_17238_17833_c	17,238 → 17,833
7089FB028CFECEB10F9BBCEE97106231043A6F4B	BSU_18019	ynzL	BSU_18019	1,930,074  1,930,199
7098319D8E88FDC2A629A3F4A21507FD7A649385	BSU_33221	yvrHb	BSU_33221	3,408,353  3,409,066
709C4D0AE9C78C9A367F37B9C3B37D2516850D7C	BSU_09920	sbcE	BSU_09920	1,066,077  1,068,968
70A1252FC7855FBB6C74B601EC2A13EA4BFBCAF0	new_150362_150442	S57	new_150362_150442	150,362 → 150,442
70A5A147B908001878161D45AAEB08132AD0DB8C	BSU_30840	yteA	BSU_30840	3,154,007  3,154,726
70B45E7428DB1F6AEF7D2FE3062CC86BE96674FC	BSU_33720	opuBB	BSU_33720	3,461,435  3,462,088
70CC5C9BCC676AB89C0BF80686BD98BA08FAE648	BSU_36130	ywrA	BSU_36130	3,722,005  3,722,541
70D7098BEBD5E53B4B9B8C3394FAAF972C65EE22	BSU_14320	yknU	BSU_14320	1,499,889  1,501,646
70D717806F5174447E01FF33DC8299CB025888CD	BSU_25450	yqeT	BSU_25450	2,623,825  2,624,760
70D98B6505DAE8655D1A93F339850FBF4534226D	BSU_20600	yoqK	BSU_20600	2,197,121  2,197,324
70ED3CE683F3A3F785480F40986CABE7729C17C7	BSU_04280	ydaK	BSU_04280	480,013  480,864
70F7E762C2356A2730D390AAAFAC1BC82F9908EB	BSU_tRNA_59	trnB-Pro	BSU_tRNA_59	
71012848B12CB7BCDEEACDAC6AD1966A971F8FAB	BSU_21020	yonR	BSU_21020	2,221,061  2,221,387
7126B01D08263706678B48BD203E4B4A383656ED	new_3688579_3688715_c	S1377	new_3688579_3688715_c	3,688,579 → 3,688,715
7131382C30B218E36E844A7C1F888D3897B1A139	new_549652_549910	S174	new_549652_549910	549,652 → 549,910
71344F56CC91C0A62D30C736AF132AA3DAFFCCF2	BSU_06860	yezE	BSU_06860	753,817  754,401
713BAB7190E1F86C55103049B29072F00E0DFFB3	BSU_18800	penP	BSU_18800	2,048,533  2,049,453
714337FE07E3843995FA8E9DF1CA1D0D75430610	new_4011685_4011824	S1506	new_4011685_4011824	4,011,685 → 4,011,824
7150BABA5086D5E2EB8102E4901A216F43576282	BSU_34760	glmR	BSU_34760	3,570,546  3,571,499
7153801F8970FC2F8CC9120474FC04CD9F7C7F78	BSU_08740	ygzB	BSU_08740	944,959  945,312
71546D1508EF17A208332E162CAE2C299987A569	BSU_31550	nupO	BSU_31550	3,241,085  3,242,617
7165CC59CDAF64AAE2D591936860304A53BE5DF6	BSU_37310	fnr	BSU_37310	3,831,512  3,832,228
71664D245835EB2DDCC3292905542A54B0F31ABC	new_3769195_3769288_c	S1414	new_3769195_3769288_c	3,769,195 → 3,769,288
716FE06124544C05CC34BA2E643B4DBD27F04998	BSU_14180	ykuQ	BSU_14180	1,488,973  1,489,683
7182064FE0A750452804D84F29E3A7E5E3F78174	new_4022729_4023053_c	S1511	new_4022729_4023053_c	4,022,729 → 4,023,053
71A5D44F17626D751BB697CE534B602AD40AFF1A	new_417763_418267_c	S128	new_417763_418267_c	417,763 → 418,267
71A73C825981E74842FC28D1B05CF85E9F3F5A56	BSU_39060	citH	BSU_39060	4,010,404  4,011,684
71B74AB554E382C4A77CE0546BA73CD094710901	BSU_tRNA_46	trnS-Ser	BSU_tRNA_46	
71C30FB1F1D3216C1AF3475FC53427F43CF77484	new_1074573_1076008	S354	new_1074573_1076008	1,074,573 → 1,076,008
71DB7816B085098263022C9F720A77677F626D61	BSU_06800	yezA	BSU_06800	746,633  746,839
71F01F20CF4E6E816BE2567B4287F93A99C9FF7D	BSU_18780	yoaW	BSU_18780	2,046,980  2,047,411
71F490B2C3199734620724B51F8E3D7977C2D8D8	BSU_32010	besA	BSU_32010	3,292,490  3,293,359
71F5D1BC9678A2FBDC7268BB471EC67E58808C19	new_2282486_2282578	S815	new_2282486_2282578	2,282,486 → 2,282,578
71FC6E75694B7066D808BAD736140569875E5E5C	BSU_24310	folD	BSU_24310	2,528,404  2,529,255
720E08387CA2B2ED6F1CC35E1F8756EFEFC43385	BSU_08550	sspK	BSU_08550	928,112  928,264
720FF6C88C36379EAF2DBF551FC89E5B3A35A6AC	new_3625508_3625640_c	S1347	new_3625508_3625640_c	3,625,508 → 3,625,640
721E14F433EA8732CBB923CB54481429480494CA	BSU_21210	yomV	BSU_21210	2,239,586  2,240,296
7223A1D7D162FE904838F6BFE4F398DAACF6E14C	new_3951662_3951749_c	S1478	new_3951662_3951749_c	3,951,662 → 3,951,749
7229AD0B4D3394EA947334A074A74853FC85FDD4	BSU_14790	ylaI	BSU_14790	1,548,389  1,548,598
722FD63050EED803C859FFD61338C02D5BB4CC1C	BSU_25680	yqeG	BSU_25680	2,646,594  2,647,112
7230AC3FC87C24DB40A4868739047DF0E1476C6F	new_2978602_2978702_c	S1098	new_2978602_2978702_c	2,978,602 → 2,978,702
7235F9D0048961BBD93FA6A4322018029A607435	BSU_35190	yvkC	BSU_35190	3,615,793  3,618,288
72404FA6ECD62AEA3EFDB934DFB8DA581875605C	BSU_40060	gntK	BSU_40060	4,114,141  4,115,682
725094DC9353EBB5FD603AB389607D8C13DF5F51	BSU_16890	ymfK/1	BSU_16890	1,760,851  1,761,303
727024F7B1AC19676ED4B516CF46A47B1328310B	BSU_33500	copA	BSU_33500	3,441,121 → 3,443,529
72769EF3D2E6C9E6BE654372F4022CF1C175CF63	BSU_misc_RNA_21	BSU_misc_RNA_21	BSU_misc_RNA_21	1,426,876  1,426,976
7283CDE72293A68D0B35E0C028D22FABE7FB43C7	BSU_13480	ykrK	BSU_13480	1,414,125  1,414,826
729497AF2E254B6F68995F7C157742A5FA63A0C4	new_1914233_1914999_c	S652	new_1914233_1914999_c	1,914,233 → 1,914,999
72A4458679EA1451FA3B63D44C3BE93ACA8B397F	BSU_28970	ytxB	BSU_28970	2,962,510  2,963,151
72A88CB8FEAB634F0E284BE4CF9A31C894F25714	BSU_16880	ymfJ	BSU_16880	1,760,464  1,760,721
72A89412C53703F96F835D26307263F5D1A4AB4E	BSU_35750	tagA	BSU_35750	3,681,370  3,682,140
72BF9B934CB5800E156263FF377DED0AD2E920A9	BSU_06320	mneS	BSU_06320	686,962  687,834
72C8A4ADACE15534C03F762FE8D7BC1DF60A2A25	new_3055193_3055921	S1144	new_3055193_3055921	3,055,193 → 3,055,921
72D5442C0EF3B404F7B615366E357B68C863CEB6	BSU_14890	ctaC	BSU_14890	1,560,466  1,561,536
72E387D5D44FA20D6EEFF1B39B6C9F322F966FC5	BSU_34080	yvfS	BSU_34080	3,497,614  3,498,351
7306A55192AEB4032FD17A1BAAFF1127D511D70E	BSU_03190	ycgL	BSU_03190	343,578  344,360
73275060537497E6A9859856C9F040763E36316B	BSU_10110	pbpF	BSU_10110	1,083,851  1,085,995
7334017333600B876030056BE9247AD4E8996A1D	BSU_12870	mhqA	BSU_12870	1,353,080  1,354,030
73356B73D6C89D6569CECCC7295AF85CC7A1E6E3	BSU_07570	yflS	BSU_07570	829,382  830,818
73473E6556D374C8623A426E075038AD01AB7025	BSU_06300	cotA	BSU_06300	683,462  685,003
73548668C1D6CC4735F9B04B9F41B9FC190C6EAF	new_3745414_3746298	S1403	new_3745414_3746298	3,745,414 → 3,746,298
735BF44BDC6A7480EB5F041AECC9451B3A0413EE	BSU_40790	yyaO	BSU_40790	4,189,406  4,189,645
737B37DA0DA1642AD5C4A824228BFED55FF0652A	BSU_35540	tuaH	BSU_35540	3,649,875  3,651,068
7393DA173BEFE0CA2FB4D8E07D3B9D9A926C9697	BSU_20450	yorA	BSU_20450	2,188,204  2,189,964
739B228743BC1FE9E6888E999BC0E4F615E36F9E	BSU_10430	yhxD	BSU_10430	1,117,734  1,118,633
73AFDF65BE89C0E2CC59AF2AF64C29BD99D785DF	BSU_19540	yodB	BSU_19540	2,127,345  2,127,683
73CB11C654E7A92D6F59B00E0710D3AA1FD2F099	BSU_10340	yhfR	BSU_10340	1,108,736  1,109,317
73D063EDC412F7F28DA27C986ECCCD1C4A1F6618	BSU_00190	dnaX	BSU_00190	26,814  28,505
73DAA9C0B1CFABD5C7547E74EE2A0CE96F2F8772	new_2396720_2396797_c	S868	new_2396720_2396797_c	2,396,720 → 2,396,797
73E176945BC0CFDB4A0412434CFD3868696B0A7F	BSU_40260	yycQ	BSU_40260	4,137,362  4,137,610
73ED086EED7CECBE2FCADFBC964F1263CF825DB0	BSU_29900	trmB	BSU_29900	3,059,547  3,060,188
73EE042D5685FF228346C8D4552D9755A3C0DB1D	BSU_17266	ymzEn		
73F6CACC6B6672E751090B3D4943A2F9E57E4650	new_596003_596095_c	S189	new_596003_596095_c	596,003 → 596,095
740C4A1C90E6A0F2C98B42520691C7116B1118E6	new_2395813_2395952_c	S866	new_2395813_2395952_c	2,395,813 → 2,395,952
741156D495BE3857683C8A0390764EAD83845ABC	BSU_29400	ascR	BSU_29400	3,008,938  3,009,864
74137B4DA75E9AD374356DE0AE05F3E7BFC751FF	BSU_21260	yomQ	BSU_21260	2,243,642  2,243,992
741DCFFBB8FF6A4E357EE5110EBE24412DE34244	BSU_29590	nifZ	BSU_29590	3,026,957  3,028,102
741F90C14739AAD2946C2DA9B315E9979A9D26E4	BSU_05200	ydeH	BSU_05200	567,662  568,108
742211638683683D727B90993C4F5C5DAA211E9A	BSU_tRNA_60	trnB-Ala	BSU_tRNA_60	
7428E80AC67A659B8602AF887EA7DFFD4976B40C	BSU_04440	dctB	BSU_04440	496,646  497,698
743B34F857330DE3343E2AC7824F079B2012F277	new_3061289_3061624_c	S1148	new_3061289_3061624_c	3,061,289 → 3,061,624
743F123D3CD78DDDF06C107C7B62577448FE89DC	new_2098793_2098895_c	S739	new_2098793_2098895_c	2,098,793 → 2,098,895
744ED1F97D98D80E1F7EFC81B645EB19DE881690	new_945417_945519	S303	new_945417_945519	945,417 → 945,519
745167427618C4DA71848F9362043B66BC4E392E	BSU_01600	ybbA	BSU_01600	179,595  180,347
745215A0EE7CF294E724B5D53B512A962707EDF9	BSU_33650	yvzC	BSU_33650	3,456,282  3,456,515
74659B6794496912E139B3CF9EFF787B63729A3F	BSU_30810	ytxM	BSU_30810	3,149,751  3,150,575
74668FF19D097722D523CC54288B6409DE267631	BSU_17290	ebrB	BSU_17290	1,864,691  1,865,044
7480F814D8109D7F7CF5D90A2A21BB724077B5B9	BSU_40700	yybB	BSU_40700	4,182,636  4,183,298
74996507AAC144BD154F7EE06BEFB24C0D59A810	BSU_tRNA_29	trnD-Asn	BSU_tRNA_29	
749A941BB13DBFBDABD251D68265C3DC227C87CF	new_1356775_1357416_c	S461	new_1356775_1357416_c	1,356,775 → 1,357,416
74A2C17127DBD2993DBE942ACE1C0401B372F120	new_1575098_1575233	S553	new_1575098_1575233	1,575,098 → 1,575,233
74B0D594308D313A54C7163759628655382B1F94	BSU_09050	yhcE	BSU_09050	980,473  981,234
74B1AF103E6B236609CD184A1A409A9A04857181	BSU_25800	yqcK	BSU_25800	2,656,816  2,657,256
74B8BE0D872A23D34A4C1212A0888FEB60410555	new_3783802_3783877_c	S1424	new_3783802_3783877_c	3,783,802 → 3,783,877
74D4616D1A550D87182FAAC2A4AF6E04F81E1572	BSU_30560	pckA	BSU_30560	3,129,530  3,131,113
74DEE21BF65279A02A64EFCB60A06573F7C46B19	BSU_30739	ytzL	BSU_30739	3,141,900  3,142,058
74E2AB77354355549D14152D3566C9B953A4CB31	BSU_10660	hlpB	BSU_10660	1,148,155  1,148,457
74E4889419A396A6976D752CE5914A9A5ADCCCA4	BSU_18600	yozQ	BSU_18600	2,029,020  2,029,313
74FC67E48AF96156C6EB4511C2504093CE4E279D	new_559362_560150_c	S180	new_559362_560150_c	559,362 → 560,150
751CE09C110D9659C876C380E5FF950A87811F8F	new_1683508_1683660	S583	new_1683508_1683660	1,683,508 → 1,683,660
751D0B909922D4D931FF3B2285CF142D966FCD48	BSU_01150	rpsJ	BSU_01150	135,364  135,672
752860E73AD1A72D6598F995B80F5B21A77A5CBD	BSU_31322	yugO	BSU_31322	3,218,854  3,219,840
7541AD7D06BC4CE30AD576562E0053CC1E25B4D6	BSU_10140	hemY	BSU_10140	1,088,197  1,089,609
757C51296E198849EAC1FFA4D37121D9085930A8	BSU_25500	hemN	BSU_25500	2,629,718  2,630,857
759172C6D7F83486EA478ABC31FA808703EA167C	new_3971340_3971882_c	S1485	new_3971340_3971882_c	3,971,340 → 3,971,882
75A874F0C344E8404BE39C32EFF59CE562193640	BSU_29600	braB	BSU_29600	3,028,297  3,029,634
75B0239578C92D4F3B298CBB077635BF5567C590	BSU_39320	yxiB	BSU_39320	4,038,794  4,039,159
75B1FD4AA7612B3B600CB0CE35319A6960536095	BSU_34150	ganP	BSU_34150	3,505,957  3,507,213
75B8C37E589C855D2BAD7FB51B9600E161ACFBD3	BSU_40360	htrC	BSU_40360	4,147,567  4,148,769
75C568C8F6912AC064B8B435975D52510D25466A	BSU_27070	levD	BSU_27070	2,762,395  2,762,835
75D5B1D96D09825216DE38A0C5EA4DFDA55C2E5C	new_2591866_2591960_c	S942	new_2591866_2591960_c	2,591,866 → 2,591,960
75DB07A2704FEC2932BD0CDD24E2B3454E9551E1	BSU_03360	zagA	BSU_03360	366,063  367,256
75DB6231129C28C5D3791BA43A1261CD46A861E8	BSU_33830	opuCA	BSU_33830	3,469,860  3,471,002
75E331ABCDE1C60AAB4AC01229CED81B0AF50E1C	BSU_29750	aroA	BSU_29750	3,045,445 3,046,521
75E36083DE4EF7118C4B93DFECE745CDB127FF98	BSU_20970	yonX	BSU_20970	2,217,133  2,217,639
75F7AD40B7CD49B41063EE83D2C318B6B1CBD0E6	BSU_17099	BSU_17099		
75FBA935A39AF67DB4E69C8699D29D9F5C149143	BSU_10740	yisJ	BSU_10740	1,151,166  1,152,089
7601A53CE6A8AD417AADBED3199DB46B285D9059	BSU_04370	ydaS	BSU_04370	492,654  492,911
760376B66875F767FE43CA5B347277783B6D3B81	new_2041828_2041927_c	S701	new_2041828_2041927_c	2,041,828 → 2,041,927
762718A15E5256261D79DF60F9106AF0CE2D60C6	BSU_39760	iolA	BSU_39760	4,082,920  4,084,383
762E7731EFEAC9F38074D7A7E9A3E5759437CDCA	BSU_10120	hemE	BSU_10120	1,086,117  1,087,178
76324E0A6CAA8E1DD0B0C6FAE1CAB402231BF7CC	BSU_05830	gmuC	BSU_05830	627,284  628,612
7640C8D71D22F9F9BB0A9A314136E22EB9F2DD76	BSU_12050	yjdH	BSU_12050	1,277,062  1,277,457
7649B0E7562BFF6866B26EC781DF380F4DC7EF1B	new_2339954_2340289	S843	new_2339954_2340289	2,339,954 → 2,340,289
764E072E7EDA42314D17ECEA2AD983BA95E5ADF9	BSU_36460	ywoF	BSU_36460	3,750,768  3,752,174
767ADBEF1B40CB3C74116CEA8CFB2FAF19C1FE7B	BSU_35410	flgK	BSU_35410	3,638,245  3,639,768
76825D77907E8CE47B17ED56D7E2A348B1ADA5EC	BSU_23190	dacB	BSU_23190	2,423,383  2,424,531
768F0FA5202C4839CE28F14CD5116090BF32EF12	BSU_33860	yvbH	BSU_33860	3,472,626  3,473,240
76A404903D2CD64CBEE6B75A5621163D2C564446	new_3124023_3124157_c	S1164	new_3124023_3124157_c	3,124,023 → 3,124,157
76AA1BFA2810FCC44A340C7BBB1B8540F3D8349F	BSU_32220	nfu	BSU_32220	3,310,386  3,310,721
76C8D6BF2CA1FA5E7392C52FFD55FD01EF5AB9DC	BSU_33800	opuCD	BSU_33800	3,467,546  3,468,235
76FA52D5A5F9FCA14BA9B45872FE3D99D89B211B	BSU_12900	htrA	BSU_12900	1,357,936  1,359,285
770D9A5BEEEABE9C3FC772E74001329206ECFAB3	BSU_33960	araE	BSU_33960	3,484,072  3,485,466
771F205F818A755A661B8E1C95365A4F6AEB05C7	BSU_35000	hprK	BSU_35000	3,594,242  3,595,174
772A05040C46912B9FDEE4F4F817CE0C92EC7C1A	BSU_12180	yjhA	BSU_12180	1,289,298  1,289,939
7732A37D59E2643F232F2C0AFE51BCF7A79EDE29	BSU_22780	folE	BSU_22780	2,384,783  2,385,355
774C6603275AADE92A1A9AB956BD94C9C9683271	new_2329450_2329514_c	S837	new_2329450_2329514_c	2,329,450 → 2,329,514
776D79C45DADA631D4A75B0773CFF471A87D9EEC	BSU_25660	aroD	BSU_25660	2,644,630  2,645,472
7774FC36BAEAD33EDD48CB77DA0B5E7E0EA38CA2	BSU_25650	yqeI	BSU_25650	2,644,346  2,644,636
777CCA0036EC855DA0A86FF3BD4D86349474212B	new_2692852_2692932_c	S982	new_2692852_2692932_c	2,692,852 → 2,692,932
778B0E3A524EFE38DE3917FA69F21563D525D1DA	BSU_07170	yetI	BSU_07170	786,689 → 787,264
7794D5CD44E2F7BE5C176473F2B2CC862DD9F0F5	BSU_22036	fbpC	BSU_22036	2,316,286 → 2,316,375
7797B0B66922D51B9D142DD2E5857836E47F015B	BSU_09020	yhcB	BSU_09020	979,396  979,926
77A86837F8DB3BD71232F4118A68E586B4345BEE	BSU_12130	yjfC	BSU_12130	1,283,463  1,284,362
77AEAC0F06B4D5F062D4A2740794B7BFDDA31096	BSU_35910	rbsR	BSU_35910	3,701,411  3,702,391
77BEC74867422AA225A1F12AD63464656DBDCBE8	BSU_00160	yaaH	BSU_00160	23,868  25,151
77C3C4ADCBD38EEA99C44850CAEB310C59B6C938	BSU_16700	swsB	BSU_16700	1,741,618  1,742,577
77D16D47F01C4792D13601313725729050A79EE3	BSU_18978	bsrE	new_2069984_2070118_c	2,069,984 2,070,118
77D93CAEF46EBBB9BAF570714445E194D5F2884E	BSU_01960	skfF	BSU_01960	217,697 → 219,040
77EFC47449D8CC17651ED61C41AC605FCEF01270	BSU_12980	ykfB	BSU_12980	1,366,844  1,367,944
77F292F4C802568B2ACEEC987FD03311A9EAC93C	BSU_21130	yonD	BSU_21130	2,234,233  2,235,669
77F758CE9A59AC41F283CB1F5099097386133799	BSU_04050	pxpA	BSU_04050	457,023  457,796
7809B4F5B9172EBB6C91BDE7B673FB08E82763FF	BSU_41010	gidA	BSU_41010	4,209,603  4,211,489
780FDF3DD260287428B397FFE7F44DDF1917381C	BSU_05980	tatAY	BSU_05980	647,760  647,933
7821A09DADC6EAF589A882F05CC34BE900E06F2A	BSU_15650	yloB	BSU_15650	1,637,965  1,640,637
7821C82C6C30079F713B84F1E4D654E07CE5072E	BSU_30760	mntB	BSU_30760	3,144,267  3,145,019
7827DC3779F8FCC77F88A91D9698CD2DC66C4C50	BSU_19140	ctaM	BSU_19140	2,086,070  2,086,606
7832489F11F606BCF637EC23BAAB41AD10237EBB	BSU_31680	comA	BSU_31680	3,252,804  3,253,448
783DA7788EDDE4560E8DFA53F2C21D175682E839	new_1217180_1217287	S405	new_1217180_1217287	1,217,180 → 1,217,287
786FF5C1A9B191050B1FF77CD630DFE24071B4FF	new_2708700_2708787_c	S988	new_2708700_2708787_c	2,708,700 → 2,708,787
787561F433911D090F801AD493F688895498542F	BSU_12770	xkdX	BSU_12770	1,345,631  1,345,795
787BB72119DB1321A8281D7C46FED28CAEDBC97C	BSU_39890	yxbB	BSU_39890	4,097,416  4,098,150
788725411B2E741103603373E43441FD036E1BA0	BSU_25590	comEA	BSU_25590	2,640,513  2,641,130
788A78D20294F022B4DDAEBF801812420C1EA218	new_3105044_3105139_c	S1156	new_3105044_3105139_c	3,105,044 → 3,105,139
789D08564463542B8D96FC12F408549A669703CE	BSU_29660	rpsD	BSU_29660	3,035,730  3,036,332
78A2D4F19EEBBD05C38AF29651C1D4C3BF75F33A	BSU_30520	ytoA	BSU_30520	3,123,490  3,124,005
78B3F9580DED32469ACF537F4B40C7DBF0D4D995	BSU_03090	ycgF	BSU_03090	334,630  335,259
78B66D5B9848D8247D8B9A0DE8923F50F8FCDB46	BSU_18580	yoaF	BSU_18580	2,027,509  2,027,802
7909735559926769F1B55D00375B519E5E659691	BSU_31430	yugE	BSU_31430	3,228,431  3,228,691
7922A49FBC7CCDC8C585EF6E67D7CC9CC91059F7	BSU_19479	yoyC	BSU_19479	2,122,672  2,122,950
7940862217CCBCBCA019C7A88C0DED487980EE2C	BSU_20480	yoqX	BSU_20480	2,191,334  2,191,555
7950EED7E3EE62BDFB96A1A54478CC89B175ABD3	BSU_39580	yxeE	BSU_39580	4,065,597  4,065,962
795CD64B65D7CBF26E5F706C7617196CC6FCF864	BSU_38500	dltA	BSU_38500	3,952,275  3,953,786
795D70E8A4D750140D6B1AA4BFEBD25C2A389C85	BSU_32870	mdtR	BSU_32870	3,374,492  3,374,959
796216BE9CD6DADFEADC29497253C81BF496A2ED	BSU_33000	htrB	BSU_33000	3,384,070  3,385,446
79663F97C1418EA0AE1C766C4C156DD05B24A0AD	new_1233877_1235778	S416	new_1233877_1235778	1,233,877 → 1,235,778
796974405FA700A5A01472A177B76F016BE6CCCE	BSU_18680	yoaO	BSU_18680	2,038,902  2,039,390
796BD46066B1E6147048664FA78679B42FA9D628	BSU_36510	nrgA	BSU_36510	3,756,790  3,758,004
79712F4CF884A660C71B45B3397AEFA5C0AFA683	BSU_15150	ftsL	BSU_15150	1,581,597  1,581,950
79A816822F53B87A5AAD8F73940CEC829BB0DC2E	new_1731447_1731511	S591	new_1731447_1731511	1,731,447 → 1,731,511
79B586E8B623E7C6E5B9B5BADFB52E6440AE5B98	new_3546111_3546186	S1318	new_3546111_3546186	3,546,111 → 3,546,186
79BAF2329209C81E8D165F131F9DAADB4A81448A	BSU_08330	lnrN	BSU_08330	907,968  909,125
79DD9B2E2EBB4646327AFC2148CE040823DE89D3	BSU_40190	fbp	BSU_40190	4,128,029  4,130,044
79F356DA4FA0FC4D1E560491BAC634FD81767973	BSU_21640	yokC	BSU_21640	2,283,136  2,283,651
7A050B5965E95CBE22880AF10A6A0500B079C215	new_3095456_3095548_c	S1155	new_3095456_3095548_c	3,095,456 → 3,095,548
7A0CABE5644FB9BDA8E2684859D75DD3C3F5B8A0	BSU_26010	yqbQ	BSU_26010	2,671,061  2,672,041
7A1445B7AFD9C3AA45EF67E51F5D233FCC5F8884	BSU_26700	azlD	BSU_26700	2,728,647  2,728,979
7A2CD1CAFE8F873492D5A6442EBE2A36528940A3	BSU_09889	yhzD	BSU_09889	1,062,279  1,062,464
7A3A8AF7728474204396BB7A548F747D28E6FAC7	BSU_13150	ohrR	BSU_13150	1,381,434  1,381,877
7A5269AB2DCFD55050AA6BC8D93CCC41FDB789BC	new_2021145_2021230	S686	new_2021145_2021230	2,021,145 → 2,021,230
7A606B8E952AE8CA4F9A62008BA4B156725BB5B5	BSU_21920	ugtP	BSU_21920	2,306,514  2,307,662
7A62875A659B9F0967C392F38895D9E15A29D559	BSU_07760	yfkT	BSU_07760	846,182  847,258
7A6BD672C4B5278A4509617053E00CA724634672	new_2084124_2084188	S729	new_2084124_2084188	2,084,124 → 2,084,188
7A7F9786CC08B279E4C56BF1E0A1E21EF35CEAE9	new_282233_283231_c	S98	new_282233_283231_c	282,233 → 283,231
7A808943585A7A0A057865C62CE6E3A1858807B1	new_1731513_1731580	S592	new_1731513_1731580	1,731,513 → 1,731,580
7A80910F4E62BA15DE93FFC70E1908FB5CB9542D	BSU_31570	nupQ	BSU_31570	3,243,657  3,244,616
7AA9518681D37D083DC711EFA06D7E76E53D8B90	new_292874_293464	S100	new_292874_293464	292,874 → 293,464
7AC5217CA35F8E134ABB35D74F1BA5E684D2E058	BSU_28560	lcfA	BSU_28560	2,918,646  2,920,328
7AE04A946F7BC41D40AB0E6DFA1DCF9E01B6F646	BSU_tRNA_22	trnE-Asp	BSU_tRNA_22	
7AE9B923C89E8473CA730342DCC4AC385FD52845	BSU_tRNA_65	trnB-Asp	BSU_tRNA_65	
7B1B664A1AE1F641E8E7D9E2894D5C8FFFA92948	BSU_00850	mcsB	BSU_00850	102,484  103,575
7B27ADD1CC7A9BCE0F602FA080B5FD0DB66380A0	BSU_04520	ydbM	BSU_04520	505,152  506,297
7B30F27D6C459437967A64467E52961F4A9E0F2C	BSU_06510	purN	BSU_06510	708,010  708,597
7B5DD027B408DEC8FBAC0B683B7F1B341162E2BD	BSU_30930	ytaB	BSU_30930	3,163,237  3,163,704
7B726F0FCE01A1F486D83B10D3F41A87B65F2DB5	BSU_06540	yezC	BSU_06540	711,456  711,875
7B981C14F2975C9A1EA4E9A9058602B21568AC5A	new_3089150_3089225_c	S1154	new_3089150_3089225_c	3,089,150 → 3,089,225
7BA27FAE5AF59BAEF27E885B4710E090EC84E120	new_213878_213940	S77	new_213878_213940	213,878 → 213,940
7BAD355B34231755ABDA3815DA41596F448B80D2	BSU_27085	BSU_27085		
7BE038EEE1D8874083A992DDC9DEC7C8042D5307	new_2349529_2349600_c	S848	new_2349529_2349600_c	2,349,529 → 2,349,600
7BEAEDC0BE19F490B597BB0A6AEAE006FFBDC1D1	BSU_35660	mnaA	BSU_35660	3,664,241  3,665,383
7BF591DCDC9635C605D76135481A8A9DB63EE861	BSU_17860	yneA	BSU_17860	1,918,406  1,918,723
7BFA65857F69855DBB3BB64D93B4ED2F09DC705B	BSU_16620	rplGA	BSU_16620	1,733,687  1,733,989
7C0458DB0E3E3AC952FB9DDBC4AD220A3A456359	BSU_37620	rsfA	BSU_37620	3,861,437  3,862,213
7C05DA947A9FBF7A466950372D67C82E28DC9389	BSU_39140	yxiK	BSU_39140	4,019,148  4,019,609
7C248833EDE112703FB277761ED5E4ECF89C12C4	BSU_03385	BSU_03385		
7C25A830B6DFE893916E6DFF56A55E357FA5BDF5	new_1439136_1439227	S493	new_1439136_1439227	1,439,136 → 1,439,227
7C3081BC8D416127A881627EB56C0628359111CF	BSU_00100	dacA	BSU_00100	17,534  18,865
7C36409F155E4C91CEE902FE6937571BD0C50128	BSU_22880	rpsA	BSU_22880	2,394,664 2,395,812
7C3ACD65CD5161F9C059ECFAA43D9DB15799C396	new_1077024_1077320_c	S357	new_1077024_1077320_c	1,077,024 → 1,077,320
7C3D13569E62F64AC40B22A0D43047CCC2955572	new_1291003_1291419_c	S447	new_1291003_1291419_c	1,291,003 → 1,291,419
7C8DFE00A2B2B30CC8BEB35055D92CC2E4128F3A	BSU_00640	spoIIE	BSU_00640	70,538  73,021
7C906AE08767CD81305F9B0EB8491E1E4208262E	BSU_19380	yojO	BSU_19380	2,111,837  2,113,753
7C9F99FF1BCDB0E1CFB0AFE959C7F16A99562E18	BSU_17010	ymcB	BSU_17010	1,772,843  1,774,372
7CA7ADDBDDE46B0E6522704FD19C0BCF6FA9E058	BSU_31750	pncB	BSU_31750	3,259,403  3,260,875
7CBBC3649B7E37AC33A018C23085748AA6CA1121	BSU_37530	ywhC	BSU_37530	3,852,718  3,853,377
7CD46C64BE69EDADF58B634DC50C3F61BFFEC5B5	BSU_37080	rho	BSU_37080	3,803,400  3,804,683
7CE0CAF27B1C0F507E783B8B80622270B00634FD	BSU_07790	yfkQ	BSU_07790	848,633  850,174
7CE5A42042E5D52768735E795DB805530691D8A6	BSU_35830	ywtG	BSU_35830	3,692,533  3,693,906
7CF92AB56695063A3061E1380929A76E675243F7	BSU_10580	yhjO	BSU_10580	1,132,179  1,133,384
7CFDFB42AF816FF5766086E537472008E6CB7E85	BSU_11410	mdfA	BSU_11410	1,217,326  1,218,078
7D068B068026267769220D6DF192EF65ACEE6AB3	new_3602657_3602942	S1335	new_3602657_3602942	3,602,657 → 3,602,942
7D0813E85DC02B8271826C0A2D1C132F2017563F	new_1188125_1188650	S395	new_1188125_1188650	1,188,125 → 1,188,650
7D2EB5FBF960BAF3BF88A468B49B7EB46EA0F126	BSU_misc_RNA_46	L-box riboswitch	BSU_misc_RNA_46	2,910,872  2,911,051
7D2EC4A784BC6960622DE5C0C87D5354C5E9F76A	new_3602548_3602655	S1334	new_3602548_3602655	3,602,548 → 3,602,655
7D334BBF7628D1DA001727CF7BEDB4EFA7FF88BA	BSU_33280	yvrP	BSU_33280	3,414,023  3,415,216
7D4CF2FF4108D3AE170C1EE3C7D494EAD46699C6	BSU_32180	yutK	BSU_32180	3,307,017  3,308,231
7D4DDB65591E8849B80AF64F297CE1C46378716F	new_3957252_3958479_c	S1481	new_3957252_3958479_c	3,957,252 → 3,958,479
7D5327BD1DD5FD5F90B2C849589923AA3D8B20EF	BSU_04260	topB	BSU_04260	476,558  478,741
7D56F85FBD3AAC66607DD7465592EEAE09D61C98	BSU_22060	pbuX	BSU_22060	2,318,127  2,319,443
7D5A8084FDDA962CCF028FC3735E68C4F2E77084	BSU_07700	nagP	BSU_07700	840,656  842,014
7D5B8A1458A5B9634C62EDABE7F7C0734E17E486	new_2692608_2692913	S981	new_2692608_2692913	2,692,608 → 2,692,913
7D61DB3A298C253BBC1C7B3AE169F8AAAE4610BB	BSU_26950	yraG	BSU_26950	2,752,802  2,753,047
7D693A208A2DDA2CDC8C88BDFEDF1FDED21B12C3	BSU_40358	BSU_40358		
7D75FF0F77CB6C37A0F831810C80FE9B83248F79	BSU_32539	BSU_32539		
7D783DD180D950A4B030BF5EA78CCE930A466A07	BSU_29930	amyX	BSU_29930	3,061,651  3,063,807
7D84010B168A32EBE5BD7AC58A70ABFB5D85D093	new_2093816_2094009_c	S734	new_2093816_2094009_c	2,093,816 → 2,094,009
7D87D93F0AFF8A4F50F248DB0E3251FA1F5CB163	BSU_misc_RNA_22	qswA		
7D881A72C0DA181DEC8D8248127F44F81678F0FE	BSU_31030	bstB	BSU_31030	3,182,707  3,183,195
7D89BBB52403BF99416250688EFA90C2BE8EB591	BSU_37170	acdA	BSU_37170	3,813,246  3,814,385
7D90F7AF49BAD6A95731BF805991DEBBBCAFA46C	BSU_22050	bpsA	BSU_22050	2,316,956  2,318,053
7D927BE1796DBEF592F78D1C202FA56A6850EE32	new_220105_220278	S79	new_220105_220278	220,105 → 220,278
7D95859354267FEAE4F709423E3F1F10F6509E48	new_3035532_3035729	S1135	new_3035532_3035729	3,035,532 → 3,035,729
7DA08C189F5524D4874E2F4828264AB2671A5460	BSU_38320	ywbH	BSU_38320	3,933,209  3,933,595
7DA9A79876C546B78B716A64706A3A3716018C2E	BSU_04100	kipR	BSU_04100	461,615  462,367
7DAFB7B9B659E17C7E8ED969AFF0726C6A62B496	new_2745480_2745593_c	S1012	new_2745480_2745593_c	2,745,480 → 2,745,593
7DB04BB9749C89067048A5D04063BFADE0535233	new_239556_239643_c	S86	new_239556_239643_c	239,556 → 239,643
7DC7BD54ED425859FFD45B8B6F3522750A938835	BSU_01470	ecfT	BSU_01470	152,130  152,927
7DCC368C52FB0DA12D807919CFEB49E2625932D3	BSU_33380	yvgL	BSU_33380	3,425,272  3,426,054
7DD4BB8222B2EFE81C32C5521A29256095B9D6C1	BSU_21980	ypdP	BSU_21980	2,309,730  2,310,419
7DDB283173267AA106DC277787AAAB4F4F9975F4	BSU_39460	yxeQ	BSU_39460	4,055,536  4,056,873
7DFE74C751A67CCC84579D52005E1399B0A10166	BSU_33530	iolW	BSU_33530	3,444,329  3,445,405
7DFF452F9CA1B3F85AE02FACDF3F9162B44975A6	new_1764473_1764599	S604	new_1764473_1764599	1,764,473 → 1,764,599
7E085FC467026CCE280638F8BC29BC41442CCD68	BSU_21290	yomN	BSU_21290	2,244,714  2,245,133
7E180420EB053D9EF7993EF600A169C446F905F9	BSU_07340	mtrA	BSU_07340	805,456  806,841
7E28A7A192C6FE275D04B43F1659822D5308050C	BSU_tRNA_44	trnD-Leu2	BSU_tRNA_44	
7E4159B8999B33370B12C18AFE2455507DEF891C	BSU_01270	rplX	BSU_01270	140,857  141,168
7E43004F530F01417B29BF9988726A5A3835B8A7	BSU_12400	yjnA	BSU_12400	1,312,851  1,313,615
7E4742F30B4C43FBF9DAE0B02948022AE7912A33	BSU_02890	yceC	BSU_02890	312,159  312,758
7E4E1665C68528EAB3A108ADB54FFD5452B39A2D	new_1718700_1718774	S587	new_1718700_1718774	1,718,700 → 1,718,774
7E6386F1949A6F46E4332BAB8F803742EB076AF0	BSU_11240	carB	BSU_11240	1,200,381 1,203,473
7E7187AA2DC172018A63A7B9CE48124F30311639	BSU_40080	gntZ	BSU_40080	4,117,080  4,118,486
7E7F6BBA03C443A5AFA05A6D9352FEF1212A5AF6	BSU_16540	cdsA	BSU_16540	1,722,000  1,722,809
7E850BA7356F48CDD1998674227B63FFCF7C1157	new_2691497_2692644_c	S980	new_2691497_2692644_c	2,691,497 → 2,692,644
7E86EB6FF86F2C4AE3FD11DB8CE8E71696D94B1B	BSU_19580	yodF	BSU_19580	2,130,377  2,131,867
7E872B0E56DB8846F2FCB7FB42DB96B5C69A5852	new_200188_200276	S69	new_200188_200276	200,188 → 200,276
7E87C7802EE550322F633D5B8B1F8AE214460CF5	BSU_misc_RNA_90	apbT		
7E8F88F7A9CAD4ED0927CDC6AAFDEDC08197C709	BSU_16200	fliE	BSU_16200	1,692,130  1,692,450
7EBA1CC70E1E8A73D0E7B3969522633EC42C1C2E	BSU_38340	ywbF	BSU_38340	3,934,358  3,935,557
7EBB09F8FF4C2FBE35B4689B15D89FEF3D58A227	BSU_07580	citS	BSU_07580	830,945  832,573
7EBC90946E7167A3B0212193873855CAE0EFF7D4	BSU_27740	ruvA	BSU_27740	2,836,165  2,836,770
7ED407717C216FCB2B281A3ECFAA2ED594F021AF	BSU_36180	ywqK	BSU_36180	3,725,146  3,725,610
7EF9AA412B84564C2C658DD496DC265ADB98D111	new_1739238_1739323	S595	new_1739238_1739323	1,739,238 → 1,739,323
7EFF46298D9B2F7CE14075163BB790D8E2B3D1C0	new_19194_19923_c	S13	new_19194_19923_c	19,194 → 19,923
7F10DEEDEF8B679F4F2C5EAD5752F4E399DB0D57	BSU_35090	yvmA	BSU_35090	3,605,523  3,606,734
7F22743ED669DBCD4089EA2F86B8FFD924F8C2B9	BSU_28860	rpmI	BSU_28860	2,952,615  2,952,815
7F2B3BDF3E6D1763567DC1AA87843040650644A7	new_3266637_3269004	S1224	new_3266637_3269004	3,266,637 → 3,269,004
7F340423A34CE40D1F1AA8D373F7C4B859A6496D	BSU_40410	walR	BSU_40410	4,153,696  4,154,403
7F46EDA8F1EB8D9817C62D7D361FF32F9CD814AD	BSU_38980	scoB	BSU_38980	4,001,329  4,001,979
7F4C5AD47D167683F96CC2841039512E70CC4F1C	BSU_40250	yycR	BSU_40250	4,135,798  4,137,024
7F61D623BC4F3349B0A9F4E53836921AF302BB3D	BSU_21120	yonE	BSU_21120	2,232,682  2,234,202
7F63251ABC07F6C11C57B62CBB948240B08D0181	BSU_25610	yqeM	BSU_25610	2,642,101  2,642,844
7F690393007F0BE9BC375256ECC59228AE5174B5	BSU_27820	yrbC	BSU_27820	2,843,106  2,843,828
7F7BC285A1D02B031575BA7E980293CD2962C84A	BSU_36360	mscL	BSU_36360	3,743,267  3,743,659
7F82DED7C941BC501B6F810BF6541780AB87EDDD	BSU_20790	mrpR	BSU_20790	2,204,192  2,205,169
7F917F370928ABD0A9A2FB7EB4D308DE073FF434	new_1478987_1479136	S510	new_1478987_1479136	1,478,987 → 1,479,136
7F92290748FECF75117E2750A4D89A019866349D	new_3943322_3944525_c	S1477	new_3943322_3944525_c	3,943,322 → 3,944,525
7F936EAAEFFFCA58E4AAFC67F6D0A782840B47F9	new_2126442_2126548	S753	new_2126442_2126548	2,126,442 → 2,126,548
7FA5502FE82D55EC176F68B74B24293EC9B7D4D7	BSU_11220	argD	BSU_11220	1,198,099 → 1,199,256
7FA72D949B930A3C7FF0391CC6CCC58EEFCA839A	BSU_12950	dppD	BSU_12950	1,363,141  1,364,148
7FAFAAA82DACAC0875B984FB8CB2EDDE902ED171	new_53111_53182	S30	new_53111_53182	53,111 → 53,182
7FB5BCC16D688465A820F436F657C49625257884	BSU_26650	czcD	BSU_26650	2,723,892  2,724,827
7FCB9037FDDC176FCF76088ADE7387A6A37068A9	BSU_34390	pnbA	BSU_34390	3,530,635  3,532,104
7FD2294B0538EB6D83DC3E0752600D2464CDE4A3	BSU_14380	fruR	BSU_14380	1,507,578  1,508,333
7FD784C885605F7FD27898BC9E83C28F21BE0E9D	BSU_14110	ykuK	BSU_14110	1,484,466  1,484,984
7FEDCDC024D926D17027C3103E08BBC93D4A4A20	BSU_25970	yqcA	BSU_25970	2,668,762  2,669,340
80079829644E3F7130343CE017112B895ED619B3	new_3222123_3222194_c	S1196	new_3222123_3222194_c	3,222,123 → 3,222,194
800EAB1D8617589CCAC68FB874EFCDE4C77962E1	BSU_07500	fecE	BSU_07500	823,716  824,717
800EC1F1CA8C4F2A643EDECBB684347C29CAB0CA	BSU_37120	fbaA	BSU_37120	3,808,512 3,809,369
801E92306971E26AD4AB155172B7F4EFDE2F9170	BSU_38700	sigY	BSU_38700	3,970,312  3,970,848
80254C36F4FD6A5CE28A77A532542D96A3EB5FFC	new_3319608_3320300_c	S1248	new_3319608_3320300_c	3,319,608 → 3,320,300
8027AD5C3A92FB9B70E42C119FDEC697A64618C4	BSU_36880	atpI	BSU_36880	3,787,620  3,788,003
803313600B3CEEE742BD6E5D650B94FB2D32B9EF	BSU_28850	rplT	BSU_28850	2,952,224  2,952,583
803629B32D2D5D9A3A95549888940C2D823CD061	new_520162_520750_c	S165	new_520162_520750_c	520,162 → 520,750
803E567EFC66E6D5B39D6B6BD3934B8BA6377BAB	new_732824_732898_c	S238	new_732824_732898_c	732,824 → 732,898
803ED978141A0E09F1F9CAECAB4BA839D480241F	BSU_38030	ywdA	BSU_38030	3,901,868  3,902,116
8049CACE85B2627A08CB4D8A8587D52E2DB24C7F	BSU_01110	rpsG	BSU_01110	130,160  130,630
80502F76F076C08CCE702F25095C06D14CD8154A	BSU_28080	folC	BSU_28080	2,865,312  2,866,604
8058D073D7E4F49FEEB48EB6B8FBD15B2BF67A04	new_1528100_1528325	S531	new_1528100_1528325	1,528,100 → 1,528,325
805962C7EB15D06912789F05A9E583407FEEA548	new_1357486_1357852_c	S462	new_1357486_1357852_c	1,357,486 → 1,357,852
8063B80D486C8C180FE5D44F5215184BE96040FC	new_3388000_3388112	S1271	new_3388000_3388112	3,388,000 → 3,388,112
80822D452FE11FBEC7DDDA13EFC2BA05B2A92694	new_826093_826718	S258	new_826093_826718	826,093 → 826,718
8084B8B2A48B87B6C365456382FFA6BF49DBA573	new_2354673_2354880_c	S852	new_2354673_2354880_c	2,354,673 → 2,354,880
80865AF7FEE950B8C181FCA1E2CAFF1486B04285	BSU_misc_RNA_27	BSU_misc_RNA_27	BSU_misc_RNA_27	1,618,853  1,618,970
80B17C770B9659D4884262E2E781A4FC2836E8F1	BSU_26100	yqbI	BSU_26100	2,681,627  2,682,130
80B5DAED9B4BD015D877DB4819AB25FC5F165C6D	BSU_29570	sspA	BSU_29570	3,025,445  3,025,654
80C4F7E846F71E49E89B9E40DA48CD143229716F	new_3646537_3646664_c	S1356	new_3646537_3646664_c	3,646,537 → 3,646,664
80CF0CAA551E9740AEEEA5EE2E860BF4405520D2	BSU_39190	yxiG	BSU_39190	4,021,429  4,021,845
80D8589800BC9BA6743534311B6F227A37E7DB2D	BSU_19579	yoyD	BSU_19579	2,130,177  2,130,377
80DE967770A7AB3023A05B8C735F9CDFFB4F418B	new_1516508_1516573_c	S524	new_1516508_1516573_c	1,516,508 → 1,516,573
80E2517283CC18DCC04D1761672C7C9C54EF0530	BSU_02720	yccF	BSU_02720	293,499  294,575
80E461C8847BC43F7E018793E68E84C23EFBD2E9	BSU_08540	yfhI	BSU_08540	926,886  928,079
80E6F156764FF30300D034EE6FB44F2DB8338AF3	BSU_25280	recO	BSU_25280	2,608,946  2,609,713
80FE6BDB00D79C9D2C821CFCE3F9D32AEEA65D9D	new_1116857_1117712_c	as-comK	new_1116857_1117712_c	1,116,857 → 1,117,712
81029056315C85DCFD36282C6D0B9A840C25A060	new_3292297_3292406_c	S1228	new_3292297_3292406_c	3,292,297 → 3,292,406
8103B8539338B77CF51B16B7FA76783ED2319F13	BSU_15790	rpeA	BSU_15790	1,654,004  1,654,657
8106404D9D2CFA0825E1284D47CC7198D8A20E5D	BSU_19460	bshB2	BSU_19460	2,121,641  2,122,306
811D35FCC13CDADC6CE8EAEA8A87CBFCAA20BAC4	new_3669959_3672791	S1367	new_3669959_3672791	3,669,959 → 3,672,791
812069F79B12D09431274BFA0969AAC42A00867D	new_2018435_2018531_c	S685	new_2018435_2018531_c	2,018,435 → 2,018,531
8123A9C4FF0319AC1151A0EBBF65B22CEA5DDFE2	new_4213186_4215471	S1579	new_4213186_4215471	4,213,186 → 4,215,471
813E4BBEC8701114503ACD66DD6FE5A06B6B5E5F	BSU_30720	ythB	BSU_30720	3,140,806  3,141,846
81429F7802CD4B1F7DFDB6C900D7DA5ECA6B9F3F	BSU_28450	sdhC	BSU_28450	2,908,129  2,908,737
8145952307BC47805A7A9BD39418474358043BFE	BSU_29310	cmoJ	BSU_29310	3,001,724  3,003,052
8146A052E4E7844F781E7169C264EC927DEB7387	BSU_23240	ribT	BSU_23240	2,427,405  2,427,779
81494D4E7E52531802C3C0D0073739DA9375F5DF	BSU_08450	yfiZ	BSU_08450	920,474  921,475
815996BD31BB93863BA8ABF881B7662BDD66EA0F	BSU_02110	ybyB	BSU_02110	230,819  231,079
8163996FCB9D02F771E7A04A91D5720027260F12	BSU_38550	ilvK	BSU_38550	3,957,391 3,958,482
818373A61615A1C76D6E29D0D91922C89641EDBE	new_3628241_3628309_c	S1348	new_3628241_3628309_c	3,628,241 → 3,628,309
81845F44CE2C601555066E31E87384FF5D7B4139	BSU_03480	srfAA	BSU_03480	376,968 → 387,731
8185C55D6D04B43B08689C58F55A8836D62EFA87	BSU_26770	yrdB	BSU_26770	2,733,772  2,734,143
81898D2AD9A76784BE6742CBE7B4F22BBD20901A	BSU_18390	yoeC	BSU_18390	2,003,401  2,003,946
819D6C5489F1F3FF63B69162EFB6581A1366F45E	BSU_03670	dtpT	BSU_03670	416,235  417,713
819FAE47ADC9A4FE55C8F2105E19FA7EE286FC0C	BSU_16280	flgD	BSU_16280	1,699,738  1,700,160
81A1B3DFFE11DA28D6706BB8D95ABE1C85E8AA9A	BSU_tRNA_73	trnSL-Gln1	BSU_tRNA_73	
81BCF5C08EC1A580F5E05884BA830130FC7E46E9	BSU_11600	sasB	BSU_11600	1,237,006  1,237,641
81C6812565B3E8ADCB19F52BDFFA9E55B94A2E9D	BSU_12620	xkdH	BSU_12620	1,330,892  1,331,248
81CCDC33856F2F8BC59BCC7FED34015340D21C48	BSU_37020	ywkD	BSU_37020	3,798,281  3,798,667
81CD1F97E887549F7FB742FCEF38B86B84383F5D	BSU_39420	dra	BSU_39420	4,051,602  4,052,273
81E929FD7F66A996300C8412BE172883C262BD67	BSU_11055	yitO	BSU_11055	1,183,029  1,183,958
81ECBAACFD19EE1001991CF71C21696B39CCE9ED	new_1655788_1655880_c	S575	new_1655788_1655880_c	1,655,788 → 1,655,880
82052AADA06231F07F31ABCE1419C4432E6616D5	new_1676463_1676531	S581	new_1676463_1676531	1,676,463 → 1,676,531
820635420B3980B620F3E3D7ACF7EDE9DC6275AD	BSU_33770	sdpC	BSU_33770	3,465,776  3,466,387
8218CC94E372941A6AE12FCE72AC7D549094DDC6	new_3680971_3681105_c	S1374	new_3680971_3681105_c	3,680,971 → 3,681,105
822403AE80A4B82DF7EC1B6E5488D35AD7637125	new_510862_511036	S157	new_510862_511036	510,862 → 511,036
82289816A50CE982C08AF4F2A7B5C5D641AAD106	new_1925540_1925623_c	S666	new_1925540_1925623_c	1,925,540 → 1,925,623
82348F3DC90C9114ABF7006EED32C6059C237C89	new_3364544_3364617_c	S1262	new_3364544_3364617_c	3,364,544 → 3,364,617
8242948F9F7F7B0193C82AC2311141FF63038FF6	BSU_31820	yuzF	BSU_31820	3,264,265  3,264,501
824A7023E865534494744E4C29038963E2A15026	new_1094651_1095022	S360	new_1094651_1095022	1,094,651 → 1,095,022
824E6AE2FFA3CBC9F90648F15178A00A6CC49E4C	BSU_08600	csbB	BSU_08600	930,818  931,807
8256CAAEC591E40A8CB172FF053E03BFFD5A4B54	BSU_32590	frlN	BSU_32590	3,348,825  3,349,703
825AD8D4315A85CD384F9AF6AD894E38E57C88F7	BSU_17030	cotE	BSU_17030	1,775,067  1,775,612
8260EC3068B23637BC2092CC12416E3A75C95F72	BSU_18140	ynfE	BSU_18140	1,942,192  1,942,455
82674CA3DEC0A1DA56918A501CF316B66B1064C5	new_3031524_3031613	S1126	new_3031524_3031613	3,031,524 → 3,031,613
826BFCE6ED2113BB0510E798C6CDB05C4665E0E2	BSU_22100	kdgA	BSU_22100	2,323,009  2,323,599
826F81933BE84AEF0C71EE9B90390B14B4CB0E9F	BSU_26840	sigZ	BSU_26840	2,742,244  2,742,774
8279630BE1D1D214162BA8E06FC05146F9ED517D	BSU_12280	yjlC	BSU_12280	1,298,612  1,299,034
82869B27A687D1AB2286C2CAB80FBCA29DFD05EF	BSU_40850	maa	BSU_40850	4,195,778  4,196,332
828D1EC46DFFD4050D44186CFA9A1C0470F0C516	new_2470927_2471001_c	S901	new_2470927_2471001_c	2,470,927 → 2,471,001
82A83CD36AAE4124B82992E964586CBA39F29EC8	BSU_12040	yjdG	BSU_12040	1,276,337  1,276,843
82AB04023BCB57967C7501E6AEAC4BB593AA6480	BSU_35400	flgL	BSU_35400	3,637,338  3,638,234
82B92D2FB8DB88689D3A8B77FAD2F63FCCA04C7E	BSU_00130	serS	BSU_00130	20,880  22,157
82CDC97D16426016CA7E75240C1A6D0D600F4375	BSU_08010	yfjP	BSU_08010	872,425  873,288
82E580A5C70B318A44BCA954AFC11DAEA897A1ED	new_2158685_2158869	S767	new_2158685_2158869	2,158,685 → 2,158,869
8321DF6EE5B84CC9A4A5DF670E8611F4D61EBC7E	BSU_11210	argB	BSU_11210	1,197,326  1,198,102
8327DC68733F9A6C9B0ADDDC2DC843270E8D7093	new_1586241_1586329	S557	new_1586241_1586329	1,586,241 → 1,586,329
8333CD46F704F03A22482CAA98DEFCC945362A10	BSU_13950	mcpC	BSU_13950	1,463,628  1,465,595
833C00D080B432A29B2D06752F8457225F73862F	BSU_33410	yvgO	BSU_33410	3,427,802  3,428,287
833F4B9ECB609D5EBAD0CAA55E1F601A5C1C3787	BSU_05640	ydgG	BSU_05640	608,933  609,391
8353012634F0DD870A6D81C70723B3F225E73E0D	new_1780123_1780617_c	S611	new_1780123_1780617_c	1,780,123 → 1,780,617
835312DC96B88E4BD037209F278203DF2FA5B05A	new_2305261_2305347	S825	new_2305261_2305347	2,305,261 → 2,305,347
8361D87307D2E8350945F592ABD24E2109E2E81A	BSU_15860	sdaAA	BSU_15860	1,658,930  1,659,832
836F927574B472E453FE1C2DF1EE92737284C272	new_1926452_1926585	S667	new_1926452_1926585	1,926,452 → 1,926,585
83721D87607FE6448C2C0D17E401C87C57A05AF8	BSU_37330	argS	BSU_37330	3,833,650  3,835,320
838B6869C94A71280E92AF9D1523FE8B57B800C3	BSU_misc_RNA_70	srrA		
838DE6A0B1EB03E6C502874654C898C6CBD3D8E1	new_1905706_1905808	S647	new_1905706_1905808	1,905,706 → 1,905,808
839256B02058A0740EE532532685C8D3C5D73D79	new_368964_369186	S123	new_368964_369186	368,964 → 369,186
83979B868FBCFA4B2B72905B2F6BA7E589FA0B3B	new_1868375_1868451	S620	new_1868375_1868451	1,868,375 → 1,868,451
839E7E3B422A9AD75F52E89D8D4C88427F4880EE	new_796008_796313	S250	new_796008_796313	796,008 → 796,313
83A7C160B0301A2B51B65478D99ACB753D67AF74	BSU_38580	licC	BSU_38580	3,960,192  3,961,550
83AAFAA187B4FCEE24B4EA2DD4935425A3B48DAA	BSU_37360	sboX	BSU_37360	3,836,146  3,836,298
83C45215AC86FACB08CF36EB5F9E6B076D7D0F0F	BSU_33820	opuCB	BSU_33820	3,469,184  3,469,837
83CA2C79E13A01266D94D2BAD01CD03BACF5CBCD	BSU_18849	yozV	BSU_18849	2,055,868  2,056,107
83E05071DEC874248D3E96B8F3A093C65939B314	BSU_00020	dnaN	BSU_00020	1,939  3,075
83E24DDE861CDCCE9134DA2EFF90A0D8539A2965	new_3031525_3032084_c	S1127	new_3031525_3032084_c	3,031,525 → 3,032,084
83F1BE86A7AE1098C1319198A8DDA6B8C5F49236	BSU_08970	prkA	BSU_08970	973,156  975,051
83F5D5FCCAFADB7231ACD9BE7941820240954C70	BSU_14880	ctaB	BSU_14880	1,559,309  1,560,226
8417C205E756C27D25BCEA9394DEB0968B5F4F7B	BSU_34480	yvdT	BSU_34480	3,540,822  3,541,406
841CE7FCA4E84445830CA18F9856F6F30014E3BB	BSU_04680	rsbS	BSU_04680	520,237  520,602
842A33D86A42CE776596C5ABC0D58D75ABFA2BF2	new_2127740_2127812	S754	new_2127740_2127812	2,127,740 → 2,127,812
842CB54E57D2317C8DDBB49A353D8454D301B27C	new_909747_909826_c	S285	new_909747_909826_c	909,747 → 909,826
842CC1FA5050C1832AB82FE149FD8167D5BF294B	BSU_31040	yuaD	BSU_31040	3,183,201  3,183,779
8430E8A1BE42FC08553B54E359B2EB3411010953	new_3404438_3404707_c	S1276	new_3404438_3404707_c	3,404,438 → 3,404,707
84334531D66BE7524021C4B40C3FA05AAFE0D7A6	BSU_01480	truA	BSU_01480	152,937  153,680
8440C1DBE485BB9EF2904FAA5D709A574C3819A4	BSU_22830	gpsA	BSU_22830	2,389,151  2,390,188
84447F9A6644EA8A7593BB99B2B69D4377E670E2	BSU_15760	prpC	BSU_15760	1,650,384  1,651,148
845BCE4981873A1530857BDDA9D45C80D830FEEE	new_3227502_3227580	S1203	new_3227502_3227580	3,227,502 → 3,227,580
846161AE54F170075F2B2133A8D56FE39A5AF8D9	BSU_26350	sknR	BSU_26350	2,698,893  2,699,243
847AB9C236685FF7078EC58448C804A934616D4A	new_1612428_1612520	S567	new_1612428_1612520	1,612,428 → 1,612,520
848570563D3C92A8E1E6AB4DA530388D8AE94E75	BSU_16570	proS	BSU_16570	1,725,330  1,727,024
84A74D4CA5812B7E737F28362411EA55685671E9	BSU_00080	yaaC	BSU_00080	14,847  15,794
84ADE578A52F6BB0D19E9BDA3C65834A80074884	new_1334248_1334338	S457	new_1334248_1334338	1,334,248 → 1,334,338
84B83C5EC7B2AEC502ACAF971DE8F7BB0FB720DF	BSU_misc_RNA_30	BSU_misc_RNA_30		
84BD1259552AAC6FBDE42221B42F57DEFF3622E8	BSU_02160	ybfA	BSU_02160	235,965  236,882
84C12AED05E544D078A1C2CF67C89CFA0B7ACD32	BSU_20700	yoqA	BSU_20700	2,201,125  2,201,475
84C188ABDB4B92ABEFEB41B788A90786DF9A8820	new_3667017_3667208_c	S1365	new_3667017_3667208_c	3,667,017 → 3,667,208
84CC89907EF39770F5BFACA82A11B04CF76EC5AA	BSU_33320	fhuD	BSU_33320	3,418,474  3,419,421
84D391ED4E81BC17FC2A115985962445D7996DFA	BSU_03060	lctP	BSU_03060	330,771  332,396
84D439CAFAD750252AB0EFAD53D95A1AB2DD182E	new_2788570_2788634	S1034	new_2788570_2788634	2,788,570 → 2,788,634
84D8AA0AFBF46273F6B4198B49440D55470FEC0F	BSU_38560	licH	BSU_38560	3,958,516  3,959,844
84E299B86EE59C7B373E0BB11E7D9C80F03828B9	BSU_06870	yesE	BSU_06870	754,480  754,923
84E7D672DB40B114DC4D96A4D8834958B47401A7	BSU_27920	obg	BSU_27920	2,852,661  2,853,947
84FDF46592F31246F8D61CDCC96B94A2AB625750	new_303797_304377	S103	new_303797_304377	303,797 → 304,377
8514D4FC4A44C3B2C59837E4FAA9B89653389A56	new_3802167_3802257_c	S1434	new_3802167_3802257_c	3,802,167 → 3,802,257
85213235F7D3D8E711963E53F314ED758B5FA94B	BSU_17220	pksR	BSU_17220	1,850,890  1,858,521
852206C2134A78CD249E158D08C1F9AA0C932C6A	BSU_tRNA_42	trnD-Cys	BSU_tRNA_42	
85247AD09B7A472607B32D57E6318BA6C83EC6BA	BSU_35240	ctpB	BSU_35240	3,622,356  3,623,798
8526A1E8D54EE643CF646F7508D16E12377E2FEA	new_3146090_3146171_c	S1175	new_3146090_3146171_c	3,146,090 → 3,146,171
8529D83560E934709B20CCF0B72251A74EC272BB	BSU_14950	ylbB	BSU_14950	1,565,849  1,566,295
852ECFA6F254167090AA393E6E0D269F49A4CC6E	BSU_40800	yyaN	BSU_40800	4,189,796  4,190,212
8536803BDFB58D43C52961931F609933E49E989D	BSU_04740	rsbX	BSU_04740	523,650  524,249
853C570CFB9382449A20BE77B44B4FE44972AA59	BSU_12960	dppE	BSU_12960	1,364,151  1,365,800
85558F2AF3BE643B18B1075A835D5E62FB75C0F8	new_1385938_1386023_c	S471	new_1385938_1386023_c	1,385,938 → 1,386,023
8555CE46AFEB97387872E2E4EC5BEBD4CEA0F0BB	BSU_32210	yuzD	BSU_32210	3,309,960  3,310,286
855769BAEC94B5443F929D69BDBF29A38588BF24	new_2135388_2135469_c	S755	new_2135388_2135469_c	2,135,388 → 2,135,469
855E7F5F628E06D4B707412D9D6F5FE80092C68F	BSU_misc_RNA_85	srbL		
856247843F1073833D51F82AB2928CCDC0DA3E64	BSU_36480	ywoD	BSU_36480	3,753,933  3,755,291
857EF1AC54DEA0690C01B7F8CEFFD16312C58F20	BSU_13310	tnrA	BSU_13310	1,397,411  1,397,743
85855FB99D7DD40B7280B0B1079D27700626A41E	new_1071489_1071740	S347	new_1071489_1071740	1,071,489 → 1,071,740
85A653AF4752A61A39F9C42FC791B2D1444886B1	BSU_30510	ytpA	BSU_30510	3,122,662  3,123,441
85D6E439529E8B3F73244A0B004B394B4FE65509	BSU_17140	pksF	BSU_17140	1,788,695 → 1,789,942
85DE3CB6CDA61C141C6030367C0A13BB642160B9	BSU_04785	cmpA	G8J2-20	525,021 → 528,076
85E5D3211F27DA64C4E829385C6A08F4A4A2F874	BSU_32669	yuzN	BSU_32669	3,355,045  3,355,323
85E732993186528CF58FECFFE89C8F39D278F28D	BSU_16670	ribC	BSU_16670	1,737,834  1,738,784
85F99B41BC9CA7C59DC2013AB94E44FB9F635EC0	BSU_18979	yoyA	BSU_18979	2,069,262  2,069,561
86013B5EB6E66A6CBF202F3A63911FEE3C63B467	BSU_36739	BSU_36739		
860241CB234F14300E033A69BEC34054541FDA96	BSU_22205	BSU_22205		
860F8A7D054BF483D43B4659732F5A6D30DACBD9	BSU_27590	dtd	BSU_27590	2,820,077  2,820,475
861D2B2703AD991373EEE32003E57AA253263F66	BSU_misc_RNA_77	asrG		
8620DA76A1953D7ACDFA7E46ED81EF1A0D97999C	BSU_35740	tagD	BSU_35740	3,680,581  3,680,970
86274AAF9E0D0882F1AD9D4A528BECB013B71C38	BSU_30060	ytfP	BSU_30060	3,075,367  3,076,629
862D977CF1E185597329A1EF0915485F72482A03	BSU_38520	dltC	BSU_38520	3,954,987  3,955,223
863E26D497D29B820912A0C0F4A3AE4C6865EC2E	BSU_02910	yceE	BSU_02910	313,396  313,974
864AB26C1974C9D890BAB5367BD8D7D08C8964DA	new_1226858_1226937	S408	new_1226858_1226937	1,226,858 → 1,226,937
865678B10097C40337F5EEA77FF0F6E7BF5358DC	BSU_00760	pabC	BSU_00760	84,874  85,755
865CCBC40C9D128FAB6D74A159EFB16100EC6A9F	BSU_tRNA_75	trnSL-Glu2	BSU_tRNA_75	
868DC9DE1C9C26C780F4CEAA4185640B5B6B781B	BSU_03651	bsdD	BSU_03651	414,595  414,822
8696178049F605B35DE2591EC0AD1B1F5D444644	new_3761046_3761954_c	S1408	new_3761046_3761954_c	3,761,046 → 3,761,954
869E46AECF6249610F8541E403D834284B62171D	BSU_13140	ohrA	BSU_13140	1,380,978  1,381,403
86A0386653BD47E0BC77E9A59801E5DC97B88DEE	new_1767035_1767134	S606	new_1767035_1767134	1,767,035 → 1,767,134
86A2F2F65290F4471D6FD03B694821C66C180D8A	BSU_00860	clpC	BSU_00860	103,572  106,004
86ABC5A4C581037CEB8B873E3E8CD62273F3ACED	new_2966140_2966287_c	S1091	new_2966140_2966287_c	2,966,140 → 2,966,287
86B1182DA7283078B0D393DEB607664059AB910E	BSU_35860	pgdS	BSU_35860	3,696,257  3,697,498
86BEE9B4DEA83B3B8EFC52EFDDC1F62314FC4291	BSU_08760	spo0M	BSU_08760	953,373  954,149
86C05126ADBA22BB1771B1FA3D214B2E7A36311E	BSU_35900	capB	BSU_35900	3,699,446  3,700,627
86C729C7D5ABEE519ADC4A893940600BBB655EF1	BSU_13690	motA	BSU_13690	1,434,433  1,435,245
8701D6DED78E548A7310FE5A45D4B082E7E09345	BSU_20930	yopD	BSU_20930	2,213,083  2,213,478
8701DA278491B6831F936398FC80FC974F42DB5B	new_25655_25851	S16	new_25655_25851	25,655 → 25,851
8704C9C59D26806E7F1411E7CE76D66D961318BD	new_1073110_1073875	S352	new_1073110_1073875	1,073,110 → 1,073,875
87124945A1CBF7990856FBEB9EAD25096DAC0868	BSU_11550	spxH	BSU_11550	1,233,614  1,234,513
872CCB5A49C9000BD95E4B0472556D5F60F7D7A4	BSU_16960	rny	BSU_16960	1,767,310  1,768,872
87311FEA265AD3F5526C78D631E7E51BBF01F0D6	BSU_36850	atpF	BSU_36850	3,785,945  3,786,457
873EE7A8C9BBFC6E96B0957B450BA665E3C9222D	BSU_35590	tuaC	BSU_35590	3,655,586  3,656,755
8757CA1057FF5F2C1E7593FBB4C74B8ACB0A468B	new_3712484_3712616	S1385	new_3712484_3712616	3,712,484 → 3,712,616
8766A2EE18B75E50C5369AB8B72AD934F82D7545	BSU_12530	xkdC	BSU_12530	1,322,750  1,323,550
8766C707A28ED35E4EC031F58BA0358C4D087B89	BSU_misc_RNA_72	surA		
8772B20284E2B5A3A606BAF0B5F761DE896A91DF	new_529454_530352	S169	new_529454_530352	529,454 → 530,352
87741B91E3081B7CC1C8AF275B38A52C066F018C	BSU_01340	rpmD	BSU_01340	143,875  144,054
877C25D538BAF1132290BAF7FBB2E7921B51266A	BSU_32890	yusQ	BSU_32890	3,376,617  3,377,000
87834D5C47064BEFF26F086A8202C311F28F9D38	BSU_04359	ydzK	BSU_04359	490,777  491,043
87B11CE90671FD8ACFA10C8BDECB0849868A90AC	new_4005324_4006049_c	S1502	new_4005324_4006049_c	4,005,324 → 4,006,049
87B212C8C61483DF2874762A3B77111616C616A5	BSU_30170	ytcP	BSU_30170	3,087,321  3,088,181
87B5C84B7EE10F60B545CCFEF6A527A546B80432	BSU_11670	thiO	BSU_11670	1,243,735  1,244,844
87B93911B47DD7AE6B295E0C8324EA08383D8041	new_567551_567661	S182	new_567551_567661	567,551 → 567,661
87BCAE725B02860156D50E1783F6DB68510C811E	BSU_18460	gltC	BSU_18460	2,014,779  2,015,681
87CA4E3C16AB96FD17665CB85F4D8AED9275D9F4	new_4166589_4166725_c	S1560	new_4166589_4166725_c	4,166,589 → 4,166,725
8801B095C2CE36F3E0B9DBBF489FFB217087DC0A	BSU_27970	spoIVFB	BSU_27970	2,855,973  2,856,839
88028A5F3520CB6DAB014412974EB59CC5D226DD	BSU_35730	tagE	BSU_35730	3,678,399  3,680,420
8805F90FA735834FE3868BD9F515BEA01117FACA	new_1903165_1903471_c	S644	new_1903165_1903471_c	1,903,165 → 1,903,471
880C655DC7149F6EDC21BD2CF8F9F2C9FBEB2CDB	BSU_33360	yvgJ	BSU_33360	3,422,354  3,424,207
881C20A4F0C5E8048AAC9C2B30C8AED540D96446	BSU_rRNA_13	rrnE-5S	BSU_rRNA_13	
882FB98B963D49A8A4F6DE60C328BF8F6ECF158E	BSU_35140	yvkN	BSU_35140	3,608,991  3,609,221
8832F99BF927D5A4D6CB265DB24D3AE46434A5CD		SR6		
883DFF72888D280A102E53CC1D69A8B1C7BE2907	BSU_13980	pbpH	BSU_13980	1,467,805  1,469,862
8840F24C0E159CA1483D9A9164B31E09C8635610	BSU_33140	yvqJ	BSU_33140	3,399,092  3,400,360
8841E35B7A90F6716C0BCD98E8D0CC05FE1CA471	BSU_01540	salA	BSU_01540	157,421  158,479
8853C1792A12D9F146FFDC407B6DDD82740EDEA8	BSU_14800	ylaJ	BSU_14800	1,548,681  1,549,310
885ECD9FAAC8BC95D32F049825D6B6244C046112	BSU_16030	trmD	BSU_16030	1,675,171  1,675,902
88616BA1E853E11BE0CB18F06287CA4C68143148	BSU_28160	hemX	BSU_28160	2,876,928  2,877,758
88653A48CD7DD9C52CC6FA55FF69F6FDDBE2E205	BSU_02100	cypC	BSU_02100	229,525  230,778
886B2132717BA4C72433ABE351C5791C9DE1432A	new_535832_536095	S172	new_535832_536095	535,832 → 536,095
886C1BAE024A9D1A6C7C4F16E5251D5427B8D41E	BSU_18920	phrK	BSU_18920	2,063,262  2,063,384
886EF2F8A9E031FDF919E01A858C1DBC1AFF1188	BSU_29830	ytpQ	BSU_29830	3,053,364  3,054,173
887036DE96BD6174EAC2E7201BEEDE99E45EDDF0	BSU_09900	yhaP	BSU_09900	1,063,480  1,064,739
887D84520DF3D5F22DED525C1C17130EDE60DC36	BSU_16440	cheW	BSU_16440	1,714,855  1,715,325
8887ADC77C43F21CD375BDAA4D38E940786DAD4F	BSU_16600	nusA	BSU_16600	1,732,281  1,733,396
888BC7D4C610DEBA6D46638F5FA1E86C1D433F48	BSU_05080	yddR	BSU_05080	553,711  554,475
8891EA584248A13334675A30AB778B6106B77092	new_2306333_2306513	S826	new_2306333_2306513	2,306,333 → 2,306,513
88A5B7332C6D27857EAB1E40FADD2AE8A0CA8045	BSU_tRNA_84	trnSL-Arg2	BSU_tRNA_84	
88AAE47CC217E702AD702B67E7A285304B3AB449	BSU_tRNA_56	trnB-Gly1	BSU_tRNA_56	
88ACE6B79534338F7C72F107B35A0B2384007088	BSU_32690	sufS	BSU_32690	3,357,444  3,358,664
88AECCE90DC0D6C92C61AB8860A31A830A8DAC42	BSU_24000	bmrU	BSU_24000	2,493,662  2,494,555
88B01CC87394AEE693A98574F9343EBF99F0D60E	BSU_39900	yxbA	BSU_39900	4,098,150  4,098,419
88BA912FB884C03BE05BC93764B61775767BC0E8	new_3364292_3364396_c	S1261	new_3364292_3364396_c	3,364,292 → 3,364,396
88BD7AC055C9BDA6B244D3B6622A2A9D51EE03E6	new_2980988_2981070_c	S1099	new_2980988_2981070_c	2,980,988 → 2,981,070
88E167795BBCB8529E322E3A4DC9965EA6AAA617	BSU_07980	pdaA	BSU_07980	869,559  870,350
88E8654A3B5554323A0BD280DDD50C8D339BC955	BSU_misc_RNA_15	BSU_misc_RNA_15	BSU_misc_RNA_15	1,258,304  1,258,424
88ED20DFEBD5D7B985F99D4494142FBA699A1E91	BSU_34900	hisB	BSU_34900	3,585,690 3,586,274
8907351A05E7A2717AD6E743F0240FD94723425B	BSU_32760	yusD	BSU_32760	3,364,618  3,364,962
890A1723F595FCF252E5E9EA3EE3A73204ADD8C1	BSU_11990	yjdB	BSU_11990	1,269,733  1,270,080
8914DE1312FD3C28E7D451A034814D92D1312B10	BSU_11310	comZ	BSU_11310	1,207,597  1,207,788
891A32A19D1353BA566FF121BBCA7B986D31D129	BSU_22120	kdgR	BSU_22120	2,324,613  2,325,632
891DBC0CAB749A3ED4103CD603C61DED34B058B1	BSU_36560	ywnH	BSU_36560	3,760,694  3,761,185
893103B8E6163A4B403CA136A92BA3EA66DC3802	BSU_08570	yfhK	BSU_08570	928,803  929,321
893BB8D1B43F10B46BB7F2DBFE9BE63E9AEEE8EB	BSU_07480	yfmG	BSU_07480	820,867  822,330
8943203B3DE7B89915695A20CBB587946EE17DD6	new_1411773_1411859	S480	new_1411773_1411859	1,411,773 → 1,411,859
89442BFDFBFF264D0C7F12DEA6F8130C55D1F3F8	BSU_24670	comGG	BSU_24670	2,556,137  2,556,511
8950A485A0FEA4BA2FFC0C74A8D3D5D73D44B3FF	BSU_misc_RNA_74	SR5	new_2069824_2069977	2,069,824 → 2,069,977
8950AD10BE5B6EDA74C341D272201D1BA9DBAC85	BSU_40610	yybK	BSU_40610	4,175,117  4,175,872
8952E4BB9A0B1152381C001F0E89F6F8B3B1EA0D	new_3769957_3770070_c	S1417	new_3769957_3770070_c	3,769,957 → 3,770,070
89746E312F20C81BE3CFDFCE7D99B01C375C198B	BSU_16140	codV	BSU_16140	1,687,187  1,688,101
8987552EFDF673776741405F7F5FE004556484CA	BSU_17710	tatAC	BSU_17710	1,905,370  1,905,558
898BB83FC23755D1BF03E078B6B8C92F87A36DC1	new_3699152_3701361	S1382	new_3699152_3701361	3,699,152 → 3,701,361
899FF5BEE5D3F01778A0175E293EDBBDEB25717D	BSU_14120	abbA	BSU_14120	1,485,118  1,485,315
89A199F3D53F0CBAA7E5D5076CB703FA941352FA	BSU_26829	BSU_26829		
89AB146F447696EF1CBE219C9A2FB5CBB380F847	BSU_04760	ydcG	BSU_04760	524,782  525,222
89C51789FBB2EE86771ABD8629FD99748ED5D4EF	BSU_24870	yqgP	BSU_24870	2,571,907  2,573,430
89D40C4F7456FCF2E8D3C0D5E8D39EB9CD9075A5	new_3796158_3796216_c	S1432	new_3796158_3796216_c	3,796,158 → 3,796,216
89D5DDC387B27D543E0B0099EB6B80CBAD71AE71	new_3106996_3107052	S1160	new_3106996_3107052	3,106,996 → 3,107,052
89E2080669B62A6ED4BA58D67DF1AB22DCE7EC8C	new_2074222_2074617_c	S722	new_2074222_2074617_c	2,074,222 → 2,074,617
8A02D56A403BF2E34B84DF0F44347AA2D091D831	BSU_18160	xynD	BSU_18160	1,944,113  1,945,654
8A0BB2BE0AAAA7FF834A4549E8E2AF343FB10571	BSU_22110	kdgK	BSU_22110	2,323,601  2,324,575
8A17469E3C687623A0D47FEF2FA672EB78734660	new_2098897_2099422_c	S740	new_2098897_2099422_c	2,098,897 → 2,099,422
8A1EEBB7F3CA4ADE6C1D9ADACFC00DCEF29C3304	BSU_11139	yizC	BSU_11139	1,190,036  1,190,233
8A2898B80D0FFA56C5AA86C6F09D886A62AABBDA	BSU_28650	rlmP	BSU_28650	2,930,827  2,931,573
8A2C149E6A75A197369255AFB469C41942B2D714	new_2517585_2517755_c	S912	new_2517585_2517755_c	2,517,585 → 2,517,755
8A38FEFAA0FF91D989B77D40CBB3741902DC9D67	BSU_26420	yrkQ	BSU_26420	2,703,150  2,704,448
8A3F1BFDF85DD96B7FB4EBC807F71639AF69DE98	BSU_26550	yrkD	BSU_26550	2,713,949  2,714,140
8A5CD1AE536504B0087CEA91621EE76786D51D58	new_2106316_2107474_c	S746	new_2106316_2107474_c	2,106,316 → 2,107,474
8A6C9244F5AC5CAE0324141EE2FE7DA0FC20E96B	new_2716885_2718889_c	S997	new_2716885_2718889_c	2,716,885 → 2,718,889
8A80A058F270C134891CBCE7EBD8D7A23797F599	BSU_37840	spsI	BSU_37840	3,885,239  3,885,979
8A83E44AFE9A1A635C65E6B526690AF7DA201BE1	BSU_03630	bsdB	BSU_03630	412,540  413,154
8A8C67AB955660FA41039B45F60A5B9F7B57704E	BSU_24380	spoIIIAF	BSU_24380	2,533,692  2,534,312
8A8F93BAD0582F712C9EE1C3FE6C04292E91F390	BSU_28550	fadR	BSU_28550	2,917,957  2,918,541
8A9E0B304B142171D8ABE55C0BC3F2DA7C07C444	new_3577620_3577744_c	S1328	new_3577620_3577744_c	3,577,620 → 3,577,744
8A9E359FDBEA2B801684FD40741591E5225EBEA4	BSU_tRNA_20	trnJ-Ala	BSU_tRNA_20	
8A9E5A121CA2C5CE8A7A2DD2FDCE2AD5FCB356BF	new_820648_820823	yfmH	new_820648_820823	820,648 → 820,823
8AAC4AA3EB877CD8FAFF9B65F4BE072224D18CFD	new_2046920_2046979_c	S704	new_2046920_2046979_c	2,046,920 → 2,046,979
8AB50581EBB3C27BB9A96EA3382F8C90CE5B6EC5	BSU_15440	ylyA	BSU_15440	1,616,267  1,616,641
8AB7D225DBEE6BD695A4A8A2384D2C029B571C57	BSU_14850	ftsW	BSU_14850	1,552,899  1,554,110
8ABA3735067C7AA433E09F219EE7239196377A95	BSU_27050	levF	BSU_27050	2,761,081  2,761,890
8AD1C7C761FF8B407A973381CA135C264B995CB7	BSU_23070	serA	BSU_23070	2,411,086 2,412,663
8AD6223B2B6E5958C51D3C7521D21DED18B354B4	new_1454795_1455013_c	S503	new_1454795_1455013_c	1,454,795 → 1,455,013
8AD776B008EA63C1E50D196BE63894C122B4AA41	BSU_19090	yobU	BSU_19090	2,082,531  2,083,013
8AD77B7B3BA5BE73D178FB8A3E696B776D2ADB9D	new_591895_592302_c	S187	new_591895_592302_c	591,895 → 592,302
8AF39F30D16DFE91B802A6F97FBEC93DAF97A334	BSU_09490	yhdJ	BSU_09490	1,027,774  1,028,202
8AF43CA410F3381209196E1B9A4FE66D78020793	BSU_28740	araP	BSU_28740	2,940,697  2,941,638
8B0701B5694ABA8142476CB896E590FE1981D7DB	BSU_08260	yfiG	BSU_08260	900,080  901,528
8B134BDC82C92DB7747A3AF291C96BB0F223D0CF	BSU_23990	brxB	BSU_23990	2,493,064  2,493,501
8B15C7311E9791DC1FF29FF1A46ECC70E93FE2F4	BSU_20840	yopM	BSU_20840	2,208,328  2,208,528
8B1BA499456E27902B02ECF83C91E40C5D5AC4D6	BSU_18669	yozS	BSU_18669	2,037,063  2,037,368
8B28AA1A88FA56C9F4742F668B28F3323715D948	BSU_29410	ytkL	BSU_29410	3,009,915  3,010,598
8B3B4B181D949BD9B05AD6FCA5B6C773DBD84018	BSU_13920	splA	BSU_13920	1,461,453  1,461,692
8B4267532B9788AEB5EF39E2695C1FDA494C7055	BSU_39640	yxdL	BSU_39640	4,070,393  4,071,166
8B4E1D087B75B5E77BCB60FF3465270CEB72B028	BSU_29760	brxC	BSU_29760	3,046,757  3,047,083
8B4EEE11CC524F13BAB18A2C2BE3346752711F39	new_822331_822824	S256	new_822331_822824	822,331 → 822,824
8B515C789439354F870023E69077D2C1D709E046	BSU_21840	ypjP	BSU_21840	2,298,535  2,299,146
8B669D3F33C720638CC8B790EA21EDFC84327008	new_739577_739877	S241	new_739577_739877	739,577 → 739,877
8B6A3E86A88928526D94FDA94B9C81ABF6E9ACFB	BSU_30220	bioF	BSU_30220	3,092,184  3,093,353
8B6C65D6DD264C16FBA7D3A1A3592DB215750DDD	new_4173552_4173628	S1565	new_4173552_4173628	4,173,552 → 4,173,628
8B8646DF7F437D8DB299A77BA937DC6FC082102F	BSU_25830	rapE	BSU_25830	2,659,213  2,660,340
8B893230E0125CFB80452EC92DBA8B7228933919	new_4155210_4155306_c	S1555	new_4155210_4155306_c	4,155,210 → 4,155,306
8B932CD2006CC918AAE1DF3BA6D44B7C8ADFD388	new_3803282_3803359_c	S1435	new_3803282_3803359_c	3,803,282 → 3,803,359
8B9957188874E9A20D2490730BA216F813D48F36	new_148755_148930	S56	new_148755_148930	148,755 → 148,930
8B9986B1147FD56E131ECCD3D91BBE260884B921	new_3153718_3153830_c	S1176	new_3153718_3153830_c	3,153,718 → 3,153,830
8BA7714236EBFDBB9987F1DACC9775AD974C743E	BSU_36020	alsR	BSU_36020	3,711,498  3,712,406
8BA8DB1483190AB847F28F3E56C247FE85C3225E	BSU_21560	yokK	BSU_21560	2,274,558  2,275,136
8BAB9B12D9D58A45446DC6CB7F48869089800FD3	BSU_15630	ylnF	BSU_15630	1,635,603  1,636,091
8BB6064A72074C2BE88FBBC908CDA13B75FF51F5	BSU_tRNA_13	trnJ-Thr	BSU_tRNA_13	
8BB8BDA602CC26B0A9E8C22666F0EC539306CF39	BSU_26690	brnQ	BSU_26690	2,727,160  2,728,482
8BB8EECA8ECFA1CC6D46E81250905DBC6D2C503E	BSU_08710	gsaB	BSU_08710	942,449  943,738
8BBC9AFF4CD56A3A66E270A2BBA193D095EE01D1	BSU_02360	gamA	BSU_02360	256,823  257,572
8BC3483216B952835C7AB61F5B017788FEE47BAE	new_4212890_4213020_c	S1578	new_4212890_4213020_c	4,212,890 → 4,213,020
8BC7CCE9EBD899912ED7C72CA04FE82B21516F77	BSU_24980	pstC	BSU_24980	2,579,717  2,580,646
8BE55434677F4EC3D6766C7163496CB1B659F57F	BSU_22420	panC	BSU_22420	2,352,977  2,353,837
8BF7EB539B53D75BD30BD30ABF27106D6A0B030B	BSU_35260	ftsE	BSU_35260	3,624,821  3,625,507
8C13E1EF5437DD8F9906643DEDCBB18DABE3B9E3	BSU_24640	tapA	BSU_24640	2,554,486  2,555,247
8C16300FC29E7DB5070367C8A2568134AF528233	BSU_15080	rpmF	BSU_15080	1,575,804  1,575,983
8C16E115CB59A74C24954BFCDE112720BA09D5EA	BSU_14930	ctaG	BSU_14930	1,564,422  1,565,315
8C22AA591DB0E376BC2EFBF7AD665CD110B14C6C	BSU_rRNA_5	rrnA-23S	BSU_rRNA_5	
8C2A08A8395B72CCC9D03A8154602B8F3B77A1AA	BSU_17400	ymaB	BSU_17400	1,872,128  1,872,748
8C2DD87E0351BBEE0FD8C0462087CCAD7459AA88	BSU_38040	sacA	BSU_38040	3,902,210 → 3,903,649
8C35F10EC3423FD7A23144802FFB5439F96CBEF5	BSU_rRNA_3	rrnO-5S	BSU_rRNA_3	
8C382ECBEE4E2911E0233E0882BEA754156B9D40	BSU_21790	trhA	BSU_21790	2,295,302  2,295,943
8C3F29CD95F72D29A00240C305689117D94876E9	BSU_23329	ypuC/1	BSU_23329	2,433,631  2,433,885
8C4A8961B2514A8AD531AFB104B10C0797D02AC2	BSU_34010	yvbW	BSU_34010	3,489,910  3,491,253
8C536AB11CA6D564E2DF6CE69B49378A703B18B0	new_2300697_2300761_c	S822	new_2300697_2300761_c	2,300,697 → 2,300,761
8C53FEBB2BCCE45A686119B7ECE4C266D2C0822A	BSU_32410	pucH	BSU_32410	3,327,247  3,328,587
8C5B14FE5E03427F9A598C75D4081FA0D6696299	BSU_13700	clpE	BSU_13700	1,435,628  1,437,727
8C5C7F9A585AE89D53EAF1DB3A9AB525B9E30B4A	BSU_27410	alaS	BSU_27410	2,798,174  2,800,810
8C5ECDA04FA75F6FFA8625431AAC6855D8A1DB08	BSU_18520	yoxB	BSU_18520	2,019,797  2,020,567
8C8DFC3CE03F8F3EE38376D42DD0D29ACE105A06	BSU_38790	yxzE	BSU_38790	3,982,973  3,983,173
8C94C9598A823A8405B3E1FA0124E21D90845B8E	BSU_28000	minC	BSU_28000	2,858,584  2,859,264
8CA084B7BAA4969534DFEFBAFE31D25125354630	BSU_10160	yhgE	BSU_10160	1,090,401  1,092,728
8CA1D50E3A8544AD75DB987F621AD34C673F7C93	new_1227517_1227631	S409	new_1227517_1227631	1,227,517 → 1,227,631
8CA66DC93017E9C38E660A961F8AC2CB62B6E70A	BSU_26360	yqaD	BSU_26360	2,699,510  2,699,677
8CB1F079D686B779F3ED008098DD74442166F1A0	new_2092817_2093011	S732	new_2092817_2093011	2,092,817 → 2,093,011
8CB595F84D00D1262EB13E6CF47BE6F00EDE16A5	BSU_00960	yacO	BSU_00960	115,269  116,018
8CBBEC47A5CC3EAE73BE68E68417C5F2A4DA5C23	BSU_37350	sboA	BSU_37350	3,836,058  3,836,189
8CC9E83E9A56BDB00946C45F8401F49A14D9AE4D	new_2936210_2936381_c	S1084	new_2936210_2936381_c	2,936,210 → 2,936,381
8CD1383FF0DAF904F6705B47D6EACB361D3676CB	new_1157170_1157236	S387	new_1157170_1157236	1,157,170 → 1,157,236
8CDCA76E51D25037DE5A5AC0D6FBD14BA7C5641A	BSU_21280	yomO	BSU_21280	2,244,230  2,244,730
8CEA2BADA8BBF5DD548083B54F3BAECC620C1837	new_839062_840126	S265	new_839062_840126	839,062 → 840,126
8CF9A800BEEAE188D78B534F2444BD5F811457C2	new_2975948_2976067_c	phoS	new_2975948_2976067_c	2,975,948 → 2,976,067
8D0885839CD60C05FB806BBF08AFA05225E83B12	BSU_25330	pgpH	BSU_25330	2,612,282  2,614,417
8D08E5F1EC57A9B3EFFCD7D12D8F16B3B28AEFF0	BSU_21870	ilvD	BSU_21870	2,300,762 2,302,438
8D260693D0C69442BCB9F3D8480E8425ACFE34D2	BSU_15920	acpA	BSU_15920	1,665,337  1,665,570
8D570AEE5D78A9A3CDBB1F457630BAF5DB59BCFD	BSU_09320	yhcY	BSU_09320	1,008,668  1,009,807
8D58AF63781ACBD3D68A281423821DBDB80C4038	new_117712_117889	S48	new_117712_117889	117,712 → 117,889
8D66D58DE87FAEAD45A85DFF62F5DCE39F1D99DA	new_1124979_1125122_c	S371	new_1124979_1125122_c	1,124,979 → 1,125,122
8D86046324BE47959534AA8CF7BD8F9DE4030B90	new_3430344_3430495_c	S1281	new_3430344_3430495_c	3,430,344 → 3,430,495
8D9529D46E11D8B2826A98642706ADCBE1E3434A	BSU_23980	artP	BSU_23980	2,492,029  2,492,796
8D98212930CF6613D332BF99452B231CB6426E93	BSU_39260	bglH	BSU_39260	4,032,346  4,033,755
8D9D81E05BAA8697F002BB1B8DBC5ABBA557353F	BSU_04970	cwlT	BSU_04970	544,022  545,011
8DA8F976B846665FA9E6BD0FF86FE1F58CCFD260	BSU_08270	yfiH	BSU_08270	901,555  902,496
8DCA50478136628DD9E5D01E89609A686EED9F57	BSU_36260	tkmA	BSU_36260	3,732,525  3,733,271
8DCFDD11CC585F6F0AB9F3A42F1F15746F328048	new_1425281_1425598	S486	new_1425281_1425598	1,425,281 → 1,425,598
8DD19CB2290E96E083FA27E26544139410BFC298	new_861494_861585_c	S274	new_861494_861585_c	861,494 → 861,585
8DD968C97FDC0E81293887E2FCB7EE1A9416A333	BSU_23220	scpA	BSU_23220	2,425,831  2,426,586
8DDCC3D139ACCB635BF014946E1282A72D535390	BSU_16220	fliG	BSU_16220	1,694,119  1,695,135
8DE39680CA7663803A107066FBE9AFFCC77DB72A	BSU_40900	ssbA	BSU_40900	4,198,886  4,199,404
8DE3D48909BDBD2091432047E79063E9EEE63115	BSU_14780	ylaH	BSU_14780	1,548,016  1,548,333
8DEBE209D926FBD853B9493349D9C47138A929B6	new_2337997_2338147	S841	new_2337997_2338147	2,337,997 → 2,338,147
8DFD57B73FE5D49BB547E050182A96CE6E8BFF77	BSU_27730	ruvB	BSU_27730	2,835,150  2,836,154
8E08A0333E4EC89003DA3C1DD8DCD39CDDC8624C	BSU_24070	buk	BSU_24070	2,501,549  2,502,640
8E0DE8FE7E9C12495C4DCADA74D838FED088867D	BSU_30380	bceA	BSU_30380	3,111,327  3,112,088
8E10A8B566BC25CBDDEF1503656A4234FD29ACB8	BSU_24850	glcK	BSU_24850	2,570,606  2,571,571
8E179976C35FE09F92A191D00E497ED4BF28F571	BSU_04870	nicK	BSU_04870	534,773  535,831
8E1C1CDA86E3C9A497C31D4494F15F8E1F76A984	new_2504707_2504788_c	S910	new_2504707_2504788_c	2,504,707 → 2,504,788
8E2CBF0D23A8EFE4CD0CE0039F9CF43B7A54AE9B	new_2544841_2545385_c	S920	new_2544841_2545385_c	2,544,841 → 2,545,385
8E41FE06670A035E587CAE8416EDA735B0E3BBDF	BSU_misc_RNA_57	tboTB		
8E4BD15F5FF172E83D7CBCB4754C47794B2769AF	BSU_21230	yomT	BSU_21230	2,241,765  2,241,992
8E63C1B2FD9FD1167F867264A1C553F7CBA0A5A8	new_1599179_1599282	S561	new_1599179_1599282	1,599,179 → 1,599,282
8E64B62F15B92A2AACD68B913909100AE276D114	BSU_16990	tdh	BSU_16990	1,770,461  1,771,504
8E7A724E684A53A448F6610BED2A2DE6EE650B38	new_1922824_1923123	S662	new_1922824_1923123	1,922,824 → 1,923,123
8EC097B1E5F70F8254C3DECA74B93B21499DB563	BSU_20150	yosE	BSU_20150	2,168,114  2,168,461
8EDB1BCEEE64FDAF1C9054300751FCB420658865	BSU_00630	yabR	BSU_00630	69,626  70,012
8EDB427888F3584003EF234D69C7280640F60361	BSU_tRNA_15	trnJ-Leu1	BSU_tRNA_15	
8EE3F368AB1CD4BB14E42135D63D27138D3FED03	BSU_05660	ydgI	BSU_05660	612,191  612,820
8EED04FCE6E2900B729178209FB281F5463B2540	BSU_07000	rhiN	BSU_07000	764,781  765,815
8EFE091CFB89FC406CD60776977C9C302C7826E0	BSU_36400	flhO	BSU_36400	3,746,279  3,747,091
8EFE4D2B07E54A0EE7D6821C9FEBFC7DC22FDE03	BSU_30830	menF	BSU_30830	3,152,302  3,153,717
8F14736416DE31E7449E39D714E644CFDDC163DD	new_2851286_2851995	S1057	new_2851286_2851995	2,851,286 → 2,851,995
8F21A4C6228A772B38597991AF43E6B0708339BF	BSU_06910	cotJC	BSU_06910	756,417  756,986
8F23B575BC32EA63267C4321DD8E4BD546B11AF1	BSU_40100	ahpF	BSU_40100	4,119,527  4,121,056
8F3751A3D0910C9BED7FBCE90AFF7FDACFDCBC0B	BSU_24660	spoIIIL	BSU_24660	2,555,887  2,556,066
8F3DEE8828CA6BAAAF6DB2DA4349EF7AA9DF89F8	BSU_06030	groEL	BSU_06030	650,234 651,868
8F46DEAD6195B566E1A5FDC6E6ED9D29969F4AFA	BSU_35510	yvyE	BSU_35510	3,646,753  3,647,406
8F4D075C9B9EF995E361F9BA5E8B52F42059C422	BSU_35010	nagA	BSU_35010	3,595,356  3,596,546
8F4F478E65549D4E550B40F69BB80CDCC1053B3A	new_3669912_3670034_c	S1366	new_3669912_3670034_c	3,669,912 → 3,670,034
8F559BFC80FE56EA0389A2336F4E9E6908562BCB	BSU_15970	ylxM	BSU_15970	1,671,828  1,672,160
8F5612395EBF90BEF4C80056EECAFC572384E7F8	BSU_15890	plsX	BSU_15890	1,662,547  1,663,548
8F7432F7EF0F767C6000D553A3ACE29FBA2EDCEE	BSU_09570	yhdR	BSU_09570	1,034,046  1,035,227
8F83D1839E63016E2FA599A756A161DA5476D4D1	BSU_01420	rpsK	BSU_01420	148,359  148,754
8F85E6DE353F29759301A463335BFC15F829E2D0	BSU_05550	cotP	BSU_05550	601,741  602,172
8F8CFC1F80227BA791AAAB884E6485C27A78C31A	BSU_28240	ddcA	BSU_28240	2,887,817  2,888,821
8F8FAD2113987598B9099EB9A2C651350FABAD61	new_2968717_2968823	S1095	new_2968717_2968823	2,968,717 → 2,968,823
8F9DCD77660706E4D25CD7875C014F6A2B5D8123	BSU_20460	pghZ	BSU_20460	2,189,961  2,190,785
8FA225FA26DB0B89812A835EB928F2C8892EBC89	BSU_10240	yhfI	BSU_10240	1,098,412  1,099,146
8FA535B938F867C0AD8774688B350BC9B8114747	BSU_22990	ypbF	BSU_22990	2,405,114  2,405,557
8FA635D1915108BF29A864AF4DA28ECF633F735F	BSU_00460	ispE	BSU_00460	53,516  54,385
8FAC496D7A28DA74A7F866AF24C842F733EE20BE	BSU_21010	yonS	BSU_21010	2,220,335  2,220,946
8FAEB6342E087BEDC16FDF5585B03B90ACFF8D11	BSU_38290	thiE	BSU_38290	3,930,707  3,931,375
8FB9DCA8A69A878A0DA1B123304753AF4D89A415	new_877404_877496	S281	new_877404_877496	877,404 → 877,496
8FBC9A1AC108DC99E275D7A27C18C797D3CDB936	BSU_30190	bioI	BSU_30190	3,089,226  3,090,413
8FC1A0A6C9975F6C125490FBAAB2A4957210A9F1	BSU_15450	lspA	BSU_15450	1,616,744  1,617,208
8FCC3E128CEE59E7D3A9A4714C5E49015310B5BE	new_2760077_2760232_c	S1019	new_2760077_2760232_c	2,760,077 → 2,760,232
8FDB136793B51BB646755D507F6C2631D4769D1B	BSU_12500	xkdA	BSU_12500	1,320,570  1,321,166
8FDB9209CB172AB9C9EDB2279969CA8C880AD30B	BSU_27680	yrbG	BSU_27680	2,831,124  2,831,780
8FE909876A7A21B436CA0CFB90ED190BAD17C8E1	BSU_07040	yesV	BSU_07040	769,487  770,113
8FF25454DADEBDCE72173B82B7B0BEB88D818C0A	new_3421635_3422223_c	S1280	new_3421635_3422223_c	3,421,635 → 3,422,223
9009863C908488632F0F5C5BC09CCC1FB86B0DD0	BSU_20580	yoqM	BSU_20580	2,195,986  2,196,264
901F90AFC94CC7140709845333416106D043269D	BSU_28430	sdhB	BSU_28430	2,905,571  2,906,332
9024AB63030C1934A954EE6A378CADBDC977E863	BSU_30410	ytrF	BSU_30410	3,113,979  3,115,289
902777A4EBC30826190377CAAA2709B5BF0BDD69	new_1018650_1018937	S328	new_1018650_1018937	1,018,650 → 1,018,937
902BB6AD6ECF6F97DE8A1F9FC801958E8E551F93	BSU_21229	youA	BSU_21229	2,241,154  2,241,765
903E11BD2CFF3EE1A831F0F50F91741893C3DAB8	BSU_26280	yqaK	BSU_26280	2,695,173  2,696,027
9041AAFD27C7EC54D178F4D9C9F8C7AD7025F704	BSU_12150	yjgB	BSU_12150	1,284,870  1,285,445
905148CAF82018E7F8E800FDF3F41163AAA8E682	BSU_11760	cotX	BSU_11760	1,250,656  1,251,174
9075DD0CC0B8554F0379732453665F43C70EFC26	BSU_18100	parC	BSU_18100	1,935,448  1,937,868
9089737763A71305DAEF57B630CE743D5723D203	new_1932502_1932632	S671	new_1932502_1932632	1,932,502 → 1,932,632
908DB17A39D518E84977250C55825E77FA02E391	BSU_00830	ctsR	BSU_00830	101,449  101,913
90A7E283A3762C8C7B02690C75341E16D6992453	new_3385699_3386762_c	S1269	new_3385699_3386762_c	3,385,699 → 3,386,762
90ACE0DECA58D3C1A55E135120F7A0C1C920571C	BSU_16170	codY	BSU_16170	1,690,119  1,690,898
90AFF93D6E7BC993B2773C12EE400C80A87A4831	BSU_14130	darB	BSU_14130	1,485,453  1,485,896
90C747D6D6194608C2CF9566F1740A6B20966A11	BSU_21780	yplP	BSU_21780	2,294,286  2,295,281
90D505CAA4FAAEB6A6AF5C278E70DF714FACB4DA	BSU_37830	spsJ	BSU_37830	3,884,292  3,885,239
90DCE4F286D2C151D8BDBF0E024E6BBEC94E2397	BSU_36420	spoIIID	BSU_36420	3,748,421  3,748,702
90DE91A491CAE1B32462D1829CF063D1FB2A65F2	BSU_17266	ymzE/1	BSU_17266	
90E4C0FFA7678C7034657237464C2B34EE261B79	BSU_10610	yhjR	BSU_10610	1,135,699  1,136,136
910109496E4A41EC892996DEEB81971FCBD9CB05	BSU_22849	ypzH	BSU_22849	2,391,670  2,391,864
91085DA5E71B88E533D2E1D1BFB53E908116C6AA	BSU_40540	hypR	BSU_40540	4,167,622  4,167,999
910EAAF48C85D0364751EC9585121246AF677431	BSU_29280	ytnM	BSU_29280	2,998,796  2,999,698
91110611D775A1746766D43BDF50F2F6D345B625	BSU_34070	yvfT	BSU_34070	3,496,495  3,497,481
9118A36CD30E7C99697B3659BB04E03BB7EE71D7	BSU_10560	ntdR	BSU_10560	1,129,715  1,130,704
911A4D957A6C0DFC636A152395119DBFC777DDA2	BSU_35760	tagB	BSU_35760	3,682,173  3,683,318
9125F6EDA1CDB3D985C80D9F8F26CECE0481EC3A	new_3458782_3459775_c	S1289	new_3458782_3459775_c	3,458,782 → 3,459,775
9137D162E6331E2B127472BCF5F49A9AE46266F3	BSU_23210	scpB	BSU_23210	2,425,248  2,425,841
913D6DA06785C3AD0C89D77D48831518C6663387	BSU_25030	yqgC	BSU_25030	2,586,221  2,586,703
91633E6AF9A715166AE05BD7E540463DE352AA20	BSU_13600	mtnX	BSU_13600	1,428,275  1,428,982
916419C4ED113778488EBC558A35810498028B02	BSU_14340	yknW	BSU_14340	1,503,582  1,504,277
9165FEE62472543BF6EA65576AD44ECB7C42F691	new_1719657_1719801	S588	new_1719657_1719801	1,719,657 → 1,719,801
917472D24D5FDA9E67AC1C4D499F37224FE7F3D2	new_2309787_2310176_c	S831	new_2309787_2310176_c	2,309,787 → 2,310,176
91827FEC70F5EEB8B072D06ABA05C19FC54D5F71	BSU_36920	ywlF	BSU_36920	3,791,199  3,791,648
918E149F605D16502762657A6EF52092CC3794AC	BSU_25040	yqgB	BSU_25040	2,586,813  2,587,580
919EE930F0312736F8BA7037CA54BF9E9D328C39	BSU_33350	yvsG	BSU_33350	3,421,772  3,422,254
91A5C590513A407CD646AE6F55382FB03073D1F1	BSU_20220	yorX	BSU_20220	2,170,504  2,170,731
91AF3037284978F664448DFD1994238CA02D3D16	BSU_25950	yqcC	BSU_25950	2,667,390  2,668,490
91C31F8A42F0C70925B0DA9E7D830A5C5EA670BC	new_2202717_2202804_c	S780	new_2202717_2202804_c	2,202,717 → 2,202,804
91C5AF928EB8E00F12D1BC0E788E1CB116F87B04	BSU_25540	gpr	BSU_25540	2,634,505  2,635,611
91C89960ABE800BB25CA48A97A5D32CC308D3D31	BSU_32960	yusY/1	BSU_32960	3,380,704  3,382,212
91D9C76D6AD11DE029426F6F57857D5B36A24321	BSU_11730	cotO	BSU_11730	1,248,665  1,249,348
91E6B4971F22B5A5F964590F8B14D6C73A4C4840	BSU_17620	yncB	BSU_17620	1,895,378  1,896,013
91EAC386AD3A373E7CDE0265AA23786ADC55558A	BSU_08850	ssuC	BSU_08850	963,174  964,004
91F00ACA2003F1B90591E4C092513F7DDB9C99B5	BSU_misc_RNA_5	glmS ribozyme		
91F49B5BF60EB2712747935166F21E65E8B75534	BSU_29150	ytwI	BSU_29150	2,982,603  2,983,067
9202D58FAC1B7B9CF693D537A12C683A3573B17E	BSU_06811	yezG	BSU_06811	747,079  747,534
920C5750CB95102B073C32874D512E8D636D2C7D	BSU_31170	iolU	BSU_31170	3,196,906  3,197,892
920F91E748EE079FF864011D9052B073567C41E4	BSU_34380	slrR	BSU_34380	3,530,101  3,530,559
921933B6B893083F151AABDEDCBC65F2E55677BE	BSU_15690	yloH	BSU_15690	1,642,567  1,642,770
92237F79F473C2A27B261480F5E7052FABFBA66C	BSU_36980	ywlA	BSU_36980	3,795,491  3,795,853
923C4177500E9678A0B4855F8F481D4A36ECD863	BSU_24260	tlyA	BSU_24260	2,522,871  2,523,716
926BCA197F259558F72FDCC73998497B9B167D22	BSU_06140	gutR	BSU_06140	664,775  667,264
926D7F5F09EDD9B88C1B2E1CA6319AC955FFF4CA	BSU_misc_RNA_86	srlX		
92831D5A8E07A18BA6C6978123769D00D685BB45	BSU_15610	ylnD	BSU_15610	1,634,061  1,634,834
9284E58A2D5394A31658E70879874A1338CF531B	BSU_34110	rsbP	BSU_34110	3,500,386  3,501,597
928CD0278328BB8642F7D560E42C13D74B4F1341	BSU_18510	yoxC	BSU_18510	2,019,421  2,019,726
929490FFB6A6AF17478A3A11B6B6B6FBAF3D7005	BSU_tRNA_77	trnSL-Tyr1	BSU_tRNA_77	
92A5A999188919C78384EECA3007A5AA38FE5C7A	new_4091310_4091407_c	S1531	new_4091310_4091407_c	4,091,310 → 4,091,407
92CCC4FDDAB038278114228B0E3C42BED2DA70FB	new_2467979_2468158_c	S899	new_2467979_2468158_c	2,467,979 → 2,468,158
92CCFBD2D8B6A5F8FA0CA3D41275FBBF0C7C980B	new_3513628_3513886	S1311	new_3513628_3513886	3,513,628 → 3,513,886
92D0275E0768780F782F4B3724BC5181E436B6B1	BSU_31090	ktrA	BSU_31090	3,188,414  3,189,082
92D21DF7248C80E9B9B46B0A3C936A53728B723A	new_1281024_1281127	S445	new_1281024_1281127	1,281,024 → 1,281,127
92D27D00959FC10378AD8011CC8F424E8A266C80	BSU_rRNA_20	rrnB-23S	BSU_rRNA_20	
92D7A590BE3FB5472376330CEE71181433E8AD14	new_621713_621846	S202	new_621713_621846	621,713 → 621,846
92E4F908B7CDE64743796CCD3188FE6BB5288365	BSU_17840	fosB	BSU_17840	1,916,663  1,917,097
92E50EF57FFCB22563B3C3A73B0885CCED8E9692	BSU_22930	sleB	BSU_22930	2,399,152  2,400,069
92EF98B872C1AD729B0BFAD46D3FA572E9C2AA32	BSU_19430	cdaS	BSU_19430	2,118,504  2,119,127
92FADD9D5E5628EC34EF63615FBE60431060662A	BSU_13710	ykvI	BSU_13710	1,438,092  1,439,135
93000B579F630E9F0C6EED40D6661E5E15141FDE	BSU_23800	proI	BSU_23800	2,473,151  2,473,987
930C0B22C5EE5FE93A30421893827C7E9824C61F	new_1071973_1072041_c	S350	new_1071973_1072041_c	1,071,973 → 1,072,041
93159DC7D5C42CFA54F66F232D73F38957243AB7	BSU_09010	yhcA	BSU_09010	977,775  979,373
931EA1329B995B3910675CC2B12E4CDA9F652374	BSU_14660	ykzI	BSU_14660	1,537,113  1,537,301
93380E8EEB672C14C9BE2B5A6D8573FBCA149514	BSU_03340	folEB	BSU_03340	364,259 → 365,173
9349C4646A56F933041EBE750F1BE86BAE7A60D9	BSU_15620	sirB	BSU_15620	1,634,837  1,635,622
934DA689E28EA12B011BF64360483B0249C8103A	BSU_14640	yktA	BSU_14640	1,535,936  1,536,202
935D9130CBA8E83CAF426E407C441C6C63F9E0CF	BSU_20120	yosH	BSU_20120	2,167,039  2,167,509
936712B725349F7AD6B8B162AAABCCAEC8E287E4	new_1754642_1754742	S602	new_1754642_1754742	1,754,642 → 1,754,742
936762C4116EE9928281AD7E668A0116735E057C	new_1901738_1901854	S642	new_1901738_1901854	1,901,738 → 1,901,854
9367688949958E0AEF3C8C419644F1B2D7D1F7CD	new_3195466_3195557_c	S1189	new_3195466_3195557_c	3,195,466 → 3,195,557
9367B0AD603A2BFCDE57D80F827416D20AE6DB53	new_1171643_1171754_c	S394	new_1171643_1171754_c	1,171,643 → 1,171,754
93726C423313C653C4F71CB107FA12F686959E41	BSU_28600	yshB	BSU_28600	2,925,100  2,925,633
937343F6839D94FD8CF75A2B51ABE7604153C407	new_2664534_2664730	S974	new_2664534_2664730	2,664,534 → 2,664,730
938B55332DFB2B465D0D5AD530550CED5AC30A92	BSU_06200	ydjH	BSU_06200	673,019  673,783
938E08D2C50649A52EC06B9A08C6A73598E68CE1	BSU_13580	mtnE	BSU_13580	1,425,641  1,426,837
938EB17232441CE761FEDB39F8638D566C96F60F	new_1586172_1586239	S556	new_1586172_1586239	1,586,172 → 1,586,239
9394EA0675DFFCB5F0ECD494C104A66CE13A8EF6	BSU_16900	ymfK/2	BSU_16900	1,761,302  1,761,640
939C020BC1CF09471F2A8CF7008958AB2C5D7B2E	BSU_20330	yorM	BSU_20330	2,174,852  2,175,568
93A30FE79C3AC16EBE7CE0776EA142D973B4B63F	new_1129272_1129714	S374	new_1129272_1129714	1,129,272 → 1,129,714
93AEA7BB814CFCB47E659D88D5238348B3524CB1	new_1446841_1447052	S499	new_1446841_1447052	1,446,841 → 1,447,052
93AEC802E8B9A6F8DBA0D55AE234A47B9B3858B3	BSU_02170	ybfB	BSU_02170	236,879  238,129
93B88FC045122E12715EDEB055C00B2337D5BF70	new_3535821_3536011	sacB leader RNA	new_3535821_3536011	3,535,821 → 3,536,011
93C05EC689A9C7DD9D6623C7375AD95CE0C64308	new_1893246_1893320	S635	new_1893246_1893320	1,893,246 → 1,893,320
93C1DF93CAFC5AE726523A91A3BA7470017FF6DC	BSU_39700	iolG	BSU_39700	4,075,785  4,076,819
93D4D6864686E6E559E6CEFA69BAC77EEFAA1BE3	BSU_35820	gerBC	BSU_35820	3,691,372  3,692,496
93F328524989597C7D2329B25E665496C9631E87	BSU_35370	csrA	BSU_35370	3,636,046  3,636,270
93F7A5795A423CD8DD7B070F7F37731A5E8D6321	BSU_08870	ygaN	BSU_08870	965,261  965,797
93FA602438546FD6201FAB5BD19DB5DEB5965E48	BSU_17360	ymzA	BSU_17360	1,868,144  1,868,374
9400DF25487461E3738DDDC72BDDB1589281409D	BSU_03600	tcyB	BSU_03600	409,965  410,669
940D878161F4A5E1EA07BE93AD87225CF9FE6F20	new_1630017_1630089	S568	new_1630017_1630089	1,630,017 → 1,630,089
94175E95221B64F07ACA8AD165219930ED90E58B	BSU_05690	ydhB	BSU_05690	614,885  615,622
942BAE9FA023DFCA06B6D26A856A72F2979E23FA	BSU_27770	yrbE	BSU_27770	2,838,847  2,839,872
943294ACA74067A8549056699E08DF5B82337976	BSU_06720	dgkB	BSU_06720	736,436  737,347
943E3310539F19ADEC8BA9841A2F584BA481B6D5	new_490705_490776_c	S146	new_490705_490776_c	490,705 → 490,776
9442977B459C21C3E9F0F2CC43119397E64847A2	new_3132220_3132310_c	S1168	new_3132220_3132310_c	3,132,220 → 3,132,310
9445AC486A2B0A025030B275C789D227D5694145	BSU_01190	rplB	BSU_01190	137,311  138,144
9446D9C88CBBBC5A08495D8AA49A92A9F47F2C9B	BSU_39920	asnH	BSU_39920	4,098,926  4,101,169
9459834886B4943D514137F0E51536C771154183	BSU_20490	yoqW	BSU_20490	
945A1332A020CF842DA590589C88C758DE65C84E	BSU_17260	aprX	BSU_17260	1,861,384  1,862,712
946930975BB96CD7D9BF0D046040AC20B1A3A7B0	new_1937876_1938065_c	S673	new_1937876_1938065_c	1,937,876 → 1,938,065
9474CC62275917C110E814543428E98E76EFFB7F	BSU_tRNA_27	trnI-Pro	BSU_tRNA_27	
9485DAA3C5978B5E508E71A3CE76817447E7BF33	new_1204423_1204697_c	S399	new_1204423_1204697_c	1,204,423 → 1,204,697
948BD57CC45915C7CDDB8EF168287533FC514B7C	BSU_11560	yjbI	BSU_11560	1,234,510  1,234,908
9492D341F54BE019B21C0BAF7465AD8F84CC6F23	BSU_13540	ogt	BSU_13540	1,421,426  1,421,923
94946E4843B0ED949173D74D7214E10DC1B48CED	new_1670054_1671124_c	S578	new_1670054_1671124_c	1,670,054 → 1,671,124
94A05FFB2B27F1055DB563994EADAB42489E2E94	new_1485897_1486004	S517	new_1485897_1486004	1,485,897 → 1,486,004
94A3B5EF4ADCFA57A204B584B6D305A62E3E15AE	BSU_32160	sufA	BSU_32160	3,305,599  3,305,961
94AEB9D8C3CE77006C052663A230BA225E4F9139	new_2603868_2603981_c	S953	new_2603868_2603981_c	2,603,868 → 2,603,981
94AF7FE38C63E903B504F1B20AB27C3809990853	new_3036410_3036583	S1137	new_3036410_3036583	3,036,410 → 3,036,583
94E1130A787CBCCCDBDA93C8AFC24ECB82D5FE61	BSU_16500	tsf	BSU_16500	1,718,775 1,719,656
94E5DA4F460FBC02A186D1013C581179F13BCB3E	BSU_29450	argG	BSU_29450	3,013,133 3,014,344
94E7D444238F58552E1D9AA3BBABB5CBF64A8D65	new_508090_508247	S156	new_508090_508247	508,090 → 508,247
94EE92D99CA68856E6D19254B0768FFE92AF603D	BSU_11860	yjcH	BSU_11860	1,257,414  1,258,136
94F2146AC6998CC77CD2E86CE8BE8DC98AEBB9CD	BSU_18950	yozL	BSU_18950	2,064,540  2,064,833
95010FF5868F1FF84B96608BD04B33963E9C0793	BSU_32849	yuzL	BSU_32849	3,372,569  3,372,715
950D355D993DF79AD5288A00AA04A775637AC04D	BSU_34940	yvpB	BSU_34940	3,589,611  3,590,363
9531F0A0DC4AE5696FFBAC9C2A773F15840E3255	BSU_23410	spoVAD	BSU_23410	2,440,775  2,441,791
953DE0F0B81894ECFF4C0693511AC238BF3D0C0A	BSU_14580	pdhA	BSU_14580	1,528,326 1,529,441
954359717E15DFC106A9D8111C6637E46B16F8C9	BSU_25580	comEB	BSU_25580	2,639,877  2,640,446
9544A61A78C761EF067FE485FD0EBC8315657583	new_1395911_1396012	S474	new_1395911_1396012	1,395,911 → 1,396,012
955CEAE1FBBABFD683FABB60CF74554AF12019B2	BSU_03660	yclE	BSU_03660	415,350  416,195
956E33AAAADB302EB8663E4B75C917242D3AD2C0	BSU_00750	pabA	BSU_00750	84,290  84,874
957053D647F20544AA6CA8B9E1F4CC821F82509D	BSU_35280	yvjA	BSU_35280	3,626,128  3,626,973
958B606BFE4C3A3E1A48787A8F427CCCDCB65422	BSU_36670	csbD	BSU_36670	3,770,104  3,770,292
9592D944FE0863A3099E396D9A96F60E61D6C01C	BSU_11150	yitV	BSU_11150	1,191,423  1,192,190
959C0ED7B9DA50F0EADCF1565405B878D36DA206	BSU_25670	yqeH	BSU_25670	2,645,490  2,646,590
95A736A18940F84FC6B6C848E16EA3F814EA7577	new_1298224_1298337	S450	new_1298224_1298337	1,298,224 → 1,298,337
95AAF457B155A56DBD63D0AAB7C986AFBEC5ADEF	BSU_12060	yjdI	BSU_12060	1,277,686  1,278,165
95B5D1DC7D3DC89322A5A03C2383ECEF767FB2BF	new_873289_873401	S277	new_873289_873401	873,289 → 873,401
95B75CFF126AF0AD845E62B4036DD3B6DAC8C7FA	BSU_31960	dhbF	BSU_31960	3,280,519  3,287,655
95B85312D4647B94AF04B912F818AB8345CCDCFD	BSU_07930	yfkD	BSU_07930	866,331  867,125
95C78F511C49E04241D31593E6837BDFF48D6E14	BSU_00170	yaaI	BSU_00170	25,221  25,766
95D1162DD448DF2DFBE2EB10AE32CF52E8941857	BSU_28645	BSU_28645		
95D126672644ABAEA621EE6E2438133EA6876C28	new_1120829_1120947_c	S368	new_1120829_1120947_c	1,120,829 → 1,120,947
95D74D90B289DD9787DC6D59A5DCD50F701951EB	BSU_09390	ygxB	BSU_09390	1,013,958  1,015,616
95D7D0414972F4CFC490E1E2BCCC0B44809A11C3	new_3301384_3301448_c	S1239	new_3301384_3301448_c	3,301,384 → 3,301,448
95DA3F899037140F48B99E065C768356CE08FA94	BSU_11680	thiS	BSU_11680	1,244,844  1,245,044
95EC011DADEED39E81D523A8079415B2C6F50B78	BSU_17559	ynzI	BSU_17559	1,885,753  1,885,917
95EED3A91483502CA78067421F678B1EDB965B18	BSU_09030	yhcC	BSU_09030	979,939  980,313
95F0EC20F9FB63EE217889678B570E890FF4CB74	new_3923478_3923862	S1475	new_3923478_3923862	3,923,478 → 3,923,862
96136B1EDFAA1A34ED012CB5BA1DDFB8A95FB4A1	BSU_10390	yhfW	BSU_10390	1,114,057  1,115,586
961538BEDD27C24FC073AFB7AB3268E3D46783CC	BSU_04300	ydaM	BSU_04300	482,577  483,839
961DB64225CEF84D80982ADBDC9BBBCDF5049132	BSU_21000	yonT	BSU_21000	2,219,784  2,219,960
962A955DED82EC0197757206A706796EC8F768BD	BSU_39820	htpG	BSU_39820	4,089,429  4,091,309
9633C40190B7D0EA264270FD44567C61A012AD15	BSU_27670	spoVB	BSU_27670	2,829,564  2,831,120
963F684823CC1EEACBE5454F37E9B8829EA1EA23	BSU_17780	yndG	BSU_17780	1,911,528  1,912,334
9643E3B999C9E273B050302F1ADAF088ECAEB400	BSU_09350	yhdB	BSU_09350	1,010,984  1,011,226
964F04481DFA789CB0F7387B066BE2E2CF88D8E5	new_996597_997083_c	S319	new_996597_997083_c	996,597 → 997,083
96640078C33FF77F3F262C26DC6C3DC1EDED7110	new_4180378_4180481_c	S1568	new_4180378_4180481_c	4,180,378 → 4,180,481
967D4B6DB9DC25A4269FD3938E619B5AE11E0CEA	new_519561_520160_c	S164	new_519561_520160_c	519,561 → 520,160
9680326BAA94A503E2A5C6F0A2479AE0B0467B4C	BSU_14370	yknZ	BSU_14370	1,506,105  1,507,298
96805FCDBE6D3FF6ABD19B57E69FFDB8B73BFE52	new_2409636_2409728	S874	new_2409636_2409728	2,409,636 → 2,409,728
9685A380F95F1A73A693B53E4D35A1CB51043FEC	BSU_30990	thiT	BSU_30990	3,179,306  3,179,884
96B48D9B984010FECD2C194D7CF3CADFC22F2AA7	BSU_05800	pbuE	BSU_05800	625,125  626,291
96B91AC2BFA3DC75EA93724ACF7A5EB37BCA4410	new_4185682_4186509_c	S1570	new_4185682_4186509_c	4,185,682 → 4,186,509
96C83757A41B89AEC22ED6BA937347BF5628D3AC	new_1467701_1467804	S507	new_1467701_1467804	1,467,701 → 1,467,804
96CE303E9F757FBEBDEA5ADC8481697E2CD1361A	BSU_13430	ykoX	BSU_13430	1,409,912  1,410,577
96E4470EF4B558F4EC318FEBF58B779BA50DB7E2	BSU_33210	yvrG	BSU_33210	3,406,614  3,408,356
96E8845DF1E88263D124D1E4D36940A043DA9E74	BSU_32860	yusN	BSU_32860	3,374,001  3,374,333
970955A33F64D963EB8331DF9677DA89C3B64CD0	BSU_26930	yraI	BSU_26930	2,751,292  2,751,726
9712D0E655289C97315314BDEE1A0DF2ED2ADCA2	BSU_22710	aroF	BSU_22710	2,379,100  2,380,272
971546DCE7A05CE8BA05FF0AF1240FD2398F12AE	new_2720264_2720343_c	S998	new_2720264_2720343_c	2,720,264 → 2,720,343
97156E7227E298B0DECC9AAC1411D0DAF3420C29	BSU_10950	yitD	BSU_10950	1,173,333  1,174,091
972401B6AF56EC67FE6F1C3FEA9E2A9FC77C7672	BSU_33660	rghR	BSU_33660	3,456,667  3,457,074
9725F02E04B2239130C4F49B8C5F336AFE6B1A4E	BSU_rRNA_26	rrnA-5S	BSU_rRNA_26	
9730F7C18AC7CA68D144717851A0C261D9647E31	BSU_35850	ywtE	BSU_35850	3,695,363  3,696,223
973C3D3FBFDCA095A760C5F49A96D8BE48771014	BSU_14400	fruA	BSU_14400	1,509,256  1,511,163
9741F4E2348921A47C69F328B74880876EC9A0CE	BSU_misc_RNA_58	tboTA		
974FA844E263AA694477992FA50468CB8EFAB807	BSU_16390	flhA	BSU_16390	1,707,714  1,709,747
9756DD153F0FAACB5A64B363D580AA8A9AE7FD58	BSU_23328	ypzJ	BSU_23328	2,433,316  2,433,522
97573C2D4FD8BE6B4C749C0644D053C9A0CBFFF3	BSU_10010	trpP	BSU_10010	1,074,646  1,075,164
9769C46DFFB6BD88E2224403F4EBC43351561A26	BSU_22080	ypwA	BSU_22080	2,320,355  2,321,860
976E12C93EB813D05EB3B46DE8579B98687F83DA	BSU_06400	yebE	BSU_06400	697,538  698,092
977695DBD3FF4C823E1A46E06C46706254F80891	BSU_07920	chaA	BSU_07920	865,205  866,260
9793E952C985BA268AC28C907900A03F4E8A3253	BSU_33240	oxdC	BSU_33240	3,410,466  3,411,623
979D7A45EAD97C99015029400A85795061BAA367	BSU_24760	rsbRD	BSU_24760	2,562,966  2,563,802
97C12001422AECBD964AE849575BF43C371C0153	new_1605491_1605580	S564	new_1605491_1605580	1,605,491 → 1,605,580
97C34F6FA0B89D93369150E9A8AB3579332B07BC	BSU_04460	dctR	BSU_04460	499,365  500,045
97CE9735931D02E6E780C955C9BE3A67E5C4C59A	BSU_33580	yvaF	BSU_33580	3,449,049  3,449,621
97E26691EE4EED44DFD0AF16F4DB5A157692E6AD	new_3819213_3819619	S1446	new_3819213_3819619	3,819,213 → 3,819,619
97EDB4ACD64C5FA2E6014ED133DF18F602FF58BB	BSU_11710	thiD	BSU_11710	1,246,837  1,247,652
97FE84CF968596AC39D19EE2E43DA625147FD702	BSU_23130	resC	BSU_23130	2,417,984  2,419,159
98009A61B5A4C1F8A66E2509E56082852F38134F	BSU_tRNA_31	trnD-Glu	BSU_tRNA_31	
9804D3904F7EF6BB2F6617867653EAB28B510911	new_3298930_3299376	S1234	new_3298930_3299376	3,298,930 → 3,299,376
9824F9CF9C2028AF267AC43FE7FD8590E8231AB8	BSU_04010	sipU	BSU_04010	454,029  454,592
9836E90BD443F5269A43E5C69FCF2CCB22EDF65B	BSU_07280	yfnG	BSU_07280	799,303  800,208
9840EA950FD7F4D18FDD0AB9AC65491E9F8BCC1C	BSU_25600	comER	BSU_25600	2,641,214  2,642,035
9856F25F23264AD1402A85AE9E25F10B68CAD739	BSU_16370	fliR	BSU_16370	1,705,820  1,706,599
985E7F25C809AA5DF372101E64960DF704EED53F	BSU_34720	psdR	BSU_34720	3,567,422  3,568,135
9867BE152EE3AB16E1D6730906DDFD6FC33B837C	new_456926_457022	S134	new_456926_457022	456,926 → 457,022
98694013F49AE3BDE17081516F91E1841915FE60	new_3106142_3106209	S1159	new_3106142_3106209	3,106,142 → 3,106,209
98928E7D274D65FA587319BF0D5418947C1D310C	new_1253669_1254769	S425	new_1253669_1254769	1,253,669 → 1,254,769
9892E5BFE90EC934A4047795BC4B328656128C09	BSU_27300	yrrS	BSU_27300	2,788,920  2,789,621
9896B99346B0D3F6D57F57377DB253B46135A37A	BSU_37130	spo0F	BSU_37130	3,809,550  3,809,924
9899D0CC5FF530A48532A653075494686796564D	BSU_22020	ypbS	BSU_22020	2,312,207  2,312,464
98AD72BCBC1CD079AA25950F838A8860C8EE92EE	new_3060225_3060673_c	S1146	new_3060225_3060673_c	3,060,225 → 3,060,673
98B3098946CD7E68B8907DD1B33497475CF80D0E	new_3292408_3292489_c	S1229	new_3292408_3292489_c	3,292,408 → 3,292,489
98CA87B1A99D9353F80F10DDCE24654171066A23	new_194669_194786	S67	new_194669_194786	194,669 → 194,786
98D13FCE1FD5EB9C6581F5416F7B4FD40805E047	BSU_36080	ywrF	BSU_36080	3,717,999  3,718,616
98D807FBB847BF731B5C236557C8F70347279CE0	BSU_03960	ycnK	BSU_03960	448,461  449,033
98EA8B69A9899290DE88B66F5E47E646EFD8DB0B	new_2608912_2610324	S956	new_2608912_2610324	2,608,912 → 2,610,324
9929712AC9E5581DD0EF3213CC49A0E6C8D3087D	BSU_21900	bsaA	BSU_21900	2,304,553  2,305,035
992A24CF9492965BF0E9EEFBB6F0A06871275068	BSU_27280	yrrT	BSU_27280	2,787,846  2,788,487
993A863ED80BA5970C9145A35D407834B322C9DC	BSU_18360	galM	BSU_18360	1,999,849  2,000,826
993F19013151C92DC6A695EF3D585FD17CDAD963	new_967139_967321	S311	new_967139_967321	967,139 → 967,321
99428BD0B1A8E91F4B028ACF8AB51B235DDB4F11	BSU_32500	pucB	BSU_32500	3,339,331  3,339,948
99434727013FCCD6E570AE550560A8546F7F2A41	BSU_37690	bacF	BSU_37690	3,868,287  3,869,486
99453897329E1E822350BF4E37F388D6174E007F	new_2225094_2225336	S798	new_2225094_2225336	2,225,094 → 2,225,336
9949D9A6E04389D08AE8F874DA5019994C06AF88	BSU_13819	ykzS	BSU_13819	1,448,013  1,448,207
994D5A36AECC75F5D0B59F7755BC5DB935ED6CE8	BSU_33400	yvgN	BSU_33400	3,426,749  3,427,579
99581CC6AFFA2D1392748B4D9C99DEF8B7601F75	BSU_03430	nucA	BSU_03430	372,154  372,597
995C3D0916A6EDEA5A26227DE4F49747E95D6A40	BSU_11799	yjzK	BSU_11799	1,252,815  1,253,021
997434F9679B3A2F8D2453D0C3BAB24F5BB90922	BSU_25840	phrE	BSU_25840	2,660,330  2,660,464
9974CB636EE011E004CC19B749E338C4D712F8B0	new_1263613_1263701_c	S431	new_1263613_1263701_c	1,263,613 → 1,263,701
997B828A99D6D8460712C18ED0CE566B285C22DC	BSU_13670	mhqR	BSU_13670	1,433,199  1,433,636
9983F251C2AE77F0C2EAFF2DBE67B5882FB6F6EC	new_2002352_2002456_c	S681	new_2002352_2002456_c	2,002,352 → 2,002,456
99AE1E6D8186EC460FBD8BAA783389B7702C6FEA	new_3072287_3072400	S1151	new_3072287_3072400	3,072,287 → 3,072,400
99C4008F5D74132B4763415AE8B22C69598B41E1	BSU_26240	yqaO	BSU_26240	2,692,645  2,692,851
99C8AA68035A9580FA3145ABE66F4DD63CDD6AE8	BSU_03240	ycgQ	BSU_03240	349,996  350,853
99ECA1B305145A63BD3A72094EF24F56D875BCC1	BSU_34950	pelC	BSU_34950	3,590,603  3,591,268
99F1FAF28FB4817D94E84BD5288FA33124558933	BSU_37960	ywdH	BSU_37960	3,896,290 → 3,897,660
99F6BEE030EE49799ADB60114D3E37619EC6E55C	BSU_19130	yocA	BSU_19130	2,085,303  2,085,980
9A03964C94A9253B3D9AAA60ACA0651AED49A627	BSU_21550	yokL	BSU_21550	2,273,989  2,274,522
9A0BFC664D01CF6608E587DA22DEAABAE109EF16	BSU_11020	yitK	BSU_11020	1,180,909  1,181,400
9A1871BD853254EEA8B4E78CA187F9315CBDF43D	BSU_33090	liaS	BSU_33090	3,395,035  3,396,117
9A223AE85131511B7EA3A71EA57D87E8B167FA67	BSU_40030	yxaB	BSU_40030	4,110,949  4,111,980
9A22825FD67B6A205807433D0B4908F86E5AB343	BSU_19620	ldcB	BSU_19620	2,134,566  2,135,387
9A30DA670D03D63C59DEB54EA7BD6DCEDDBD561A	BSU_38610	yxzF	BSU_38610	3,964,091  3,964,249
9A399CAA672C3DF90531A7A7168916DE86EFA365	BSU_13110	ykkE	BSU_13110	1,377,243  1,378,145
9A3A17EF9E89C31BF81365674C8C751B39BA9322	BSU_rRNA_27	rrnG-23S	BSU_rRNA_27	
9A54C82323BA9220CAA6041E3745FAB9E222FE78	BSU_09850	khtU	BSU_09850	1,059,203  1,060,420
9A56CC9B3C33D74A7349112930ADF627099DA907	BSU_26660	yrdN	BSU_26660	2,725,114  2,725,503
9A5B121196A644213187907DE61EDE41F475E705	new_2212747_2212847	S789	new_2212747_2212847	2,212,747 → 2,212,847
9A5EB7CA38D948007AD788297128035AB4074490	BSU_16860	ymfH	BSU_16860	1,758,314  1,759,600
9A6B4413DA52310EED83A80F28C3C5AB494F8F33	new_527912_528128	S167	new_527912_528128	527,912 → 528,128
9A96572B101358768EB20EE9438BE0E1424A4130	BSU_04450	dctS	BSU_04450	497,768  499,375
9A9F44B4624A2D151B532F092294605F61BEB858	BSU_17730	yndB	BSU_17730	1,906,272  1,906,706
9AA8CAEB42B1ED4CC8D80D57B045A55307114D6A	BSU_07250	yetO	BSU_07250	792,682  795,867
9ABCDFB98D3382908CA3B427F7B759E9E1325B2B	new_2310988_2311968	S832	new_2310988_2311968	2,310,988 → 2,311,968
9ACA9CD0A4110109EB519D31C11097737E4782ED	new_507739_508088	S155	new_507739_508088	507,739 → 508,088
9ACD400C1068F78672FC7BD356DF85A0B735129E	BSU_20140	yosF	BSU_20140	2,167,975  2,168,100
9AD0E43119BDC65D5F67CE55CD9417E1E6BAE058	BSU_02060	aimB	BSU_02060	226,566  227,954
9AD419E3CB86C54A0F11E96C82E80A357C6B23D2	BSU_04060	ycsG	BSU_04060	457,811  459,025
9AE5F57ACFD8CBC585AD34D2BBF8F0BC39DEDEA7	BSU_14570	ykyA	BSU_14570	1,527,231  1,527,902
9AF27E4CE34B5C4036840A27D93B13213E3324DD	BSU_13230	thiV	BSU_13230	1,390,439  1,391,038
9AFCEFE83560B1E2B1FFD7CFD2E4F17FAE137889	BSU_00200	yaaK	BSU_00200	28,529  28,852
9AFE60AEA672A776B66B4E24C89F72F3B743E350	BSU_20000	yosU	BSU_20000	2,158,439  2,158,684
9B02D0FE8F9BC1EE74D0B03FD1EDCD51B242A461	new_1117924_1118790	S367	new_1117924_1118790	1,117,924 → 1,118,790
9B0ACF91EFB3A032A061AE420696BB357711A187	new_2778792_2778922_c	S1025	new_2778792_2778922_c	2,778,792 → 2,778,922
9B0E7D08ECDE99085FCB1E64E735A96025B93A29	new_951346_951431	S305	new_951346_951431	951,346 → 951,431
9B1220F26A8D5089E0CA9010436300D9922ED28C	BSU_36215	BSU_36215		
9B1EA9872500280D6360EECD3D7344A1974910CA	BSU_25150	yqfQ	BSU_25150	2,595,669  2,596,412
9B2766D2F8892AA17DB480216570C81C33355C3B	BSU_09720	bmrD	BSU_09720	1,047,072  1,049,093
9B2F45BC37D4F356B366447A33DC95639EF484EE	BSU_30780	menC	BSU_30780	3,146,238  3,147,353
9B34C9DBEC5B84A631CDFBEE8DF44384FF5C03B0	BSU_37850	spsG	BSU_37850	3,886,004  3,887,023
9B37B9D42EF9FEDF480728AA739694F9525EA147	new_2886044_2886133_c	S1067	new_2886044_2886133_c	2,886,044 → 2,886,133
9B3E9074975758BCB3D06820E4A35F8C2B78DCEB	BSU_32100	yumB	BSU_32100	3,300,034  3,301,254
9B5B0E6A9E783AEB3D7F98BFAC869A5CE14BB8D8	BSU_26569	BSU_26569		
9B624751E8BD3EA616B4B50633A558F4CE032E2C	BSU_40510	gdpP	BSU_40510	4,163,643  4,165,622
9B668909E1380B287ACE58561DCF45FC29184D8B	BSU_34360	epsB	BSU_34360	3,528,462  3,529,145
9B82059498F72A67282DD54892EF02A305E3C674	BSU_38300	thiM	BSU_38300	3,931,372  3,932,190
9B8857B4493AD36A2395372B00273244D291BBA7	BSU_07210	yetK	BSU_07210	788,636  789,628
9B8EAD4EDDA97526D4462F6F3205F81FECD039DE	BSU_00700	coaX	BSU_00700	79,092  79,868
9B914575A0788F5094564FB262FA381F307C7219	new_1269585_1269672	S436	new_1269585_1269672	1,269,585 → 1,269,672
9B92B353F91B9903EC1B3072CF2A8B75BCC6F4E4	new_3016405_3016534_c	S1120	new_3016405_3016534_c	3,016,405 → 3,016,534
9BBA22B09C6DD6C36E043D44B0F54BD0FFA5BA0E	BSU_06530	purD	BSU_06530	710,148 711,416
9BC2309D7FC93CD4195849BFCF195ED3EBC3CAF1	BSU_21570	yokJ	BSU_21570	2,275,200  2,275,697
9BC3DF46C944A0FD5CAAB4513C4AF00EFC5FC8D5	BSU_23700	yqjX	BSU_23700	2,464,227  2,464,565
9BED14543B511F5CD748676FF4DEBB95A4121D78	new_2625913_2626090_c	S959	new_2625913_2626090_c	2,625,913 → 2,626,090
9BF1545C645422F51257FD658C9B50ACEEDD2E45	BSU_32230	yuxL	BSU_32230	3,310,763  3,312,736
9BFB16C12B31ABD70BBB921BCB9E4201E3BDC92D	BSU_37760	rocC	BSU_37760	3,875,780  3,877,192
9BFC99C85F7BEA5FEA6B8E82D205EED02375240E	BSU_09110	yhcJ	BSU_09110	984,901  985,731
9C042206EECBB545B0DF2A78BE91A706875463EC	new_3335006_3335393_c	S1251	new_3335006_3335393_c	3,335,006 → 3,335,393
9C0B056ABBEA887E3192318E644768D574A0AA54	BSU_tRNA_41	trnD-Gly	BSU_tRNA_41	
9C0B8B5E7F63B9EF370B216077683D74F4A4E074	new_3045331_3045396_c	S1140	new_3045331_3045396_c	3,045,331 → 3,045,396
9C0C475AF0CD62A533B0413DF15ABD9F50BDCA59	new_1901856_1902166	S643	new_1901856_1902166	1,901,856 → 1,902,166
9C151A07F22920F58D635B82545DA76C7087AA8E	BSU_17910	yneF	BSU_17910	1,922,549  1,922,767
9C27193F757B580F5ACDA772DC60F019E90EDEF3	new_1721108_1721213	S589	new_1721108_1721213	1,721,108 → 1,721,213
9C29039BB3EE70FEC91C0F0919E579E76EEB193A	BSU_15430	ileS	BSU_15430	1,613,357  1,616,122
9C426F9036020827229B59FE9F3025857DC2F6B7	new_112499_112799	S46	new_112499_112799	112,499 → 112,799
9C4932DA4DEF99263E57871A99684E3DAD93E1EC	BSU_02480	ycbE	BSU_02480	270,396  271,763
9C59B51FC19FC83BD14272008BD441833DD1738E	BSU_17700	cotC	BSU_17700	1,904,995  1,905,195
9C728461E29CA93A5C5E069E79A461927B3F6EDC	BSU_misc_RNA_38	Gly-box	BSU_misc_RNA_38	2,549,505  2,549,606
9C8233C48733A1E9271EE7AA1283EA9F446CF9DA	BSU_30430	ytrD	BSU_30430	3,115,989  3,116,966
9C8CF0AC3581D5FAA43A44D8B893D46E1A67C219	BSU_13169	ykzN	BSU_13169	1,382,457  1,382,627
9C8FFBC92A69E969906ABE17FC5A448F95D55C90	BSU_misc_RNA_92	as-bsrH		
9C9F5F02DE6E08986072307EED78A931672AC642	BSU_02040	ybdN	BSU_02040	224,075  224,932
9CABEBCD5A2257EE2528FA86EF96D57F94CEB3BF	BSU_26449	BSU_26449		
9CC242C837A8C3F4D6842DD0843C561C34574856	BSU_32720	yurZ	BSU_32720	3,361,305  3,361,682
9CDE4E596FF563B682E839F82B7CD96CE58FCA8D	BSU_40750	yyaQ	BSU_40750	4,186,092  4,186,448
9D05B104000EED08FB62D6F362FC5E9C2A5354D9	BSU_23600	yqxK	BSU_23600	2,457,349  2,458,512
9D07E43BF1FFB13CCEAC2B7AAA4EBDFB1079DD74	BSU_23500	drm	BSU_23500	2,447,246  2,448,430
9D0914FC38FFF4028C2BA5970DC87B3A1027E253	BSU_03520	srfAD	BSU_03520	402,388 403,116
9D0A19A3CA6BF509C25AE0D100D6410345BFAB3B	new_3446078_3446175_c	S1284	new_3446078_3446175_c	3,446,078 → 3,446,175
9D159F0A02E91F5756D7A4C1F11D9D6B8D5A970D	new_1150647_1150849_c	S383	new_1150647_1150849_c	1,150,647 → 1,150,849
9D1DAA5E69DD12FDE0FB33EA0863E0CB214120EC	BSU_21800	ypkP	BSU_21800	2,295,982  2,296,602
9D25B8F4579C41E77AE9CDD18CAD6DA37F3DD0A2	BSU_40910	rpsF	BSU_40910	4,199,445 4,199,732
9D320646C56FA83962BFBE73E22F2BCF2F0788B1	BSU_15960	sivC	BSU_15960	1,671,166  1,671,651
9D3C94ED5DF019669EE9BB0F9A5D5976C42BFEB3	BSU_21590	yokH	BSU_21590	
9D3D72FDF028A8468A92C583138397A5BD2FED59	BSU_19780	cgeA	BSU_19780	2,148,676  2,149,077
9D436951B6E1F9D570D8F55B6AC2E6C1230EF805	BSU_33340	sspJ	BSU_33340	3,421,465  3,421,605
9D4918852A1856B1CDD72D49AEA75E51A8602BB6	BSU_04890	ydcT	BSU_04890	536,404  536,670
9D4AE9AE191BFA82791549852782DC1B959A6897	BSU_24390	spoIIIAE	BSU_24390	2,534,326  2,535,525
9D4B8B6EDF69794135C5937B424B923B32C60B56	BSU_07540	yfmA	BSU_07540	827,252  827,419
9D6F561A2D53B33EA5380FAC3A102BD0323514AE	new_1680259_1680378	S582	new_1680259_1680378	1,680,259 → 1,680,378
9D7790B5BE2DF6CC6BA0CA6DBA711FACFBFF5B9E	BSU_20380	yorH	BSU_20380	2,183,937  2,184,407
9D8AC0C23B0EA7C3F1BC08B200F6262C263A66FC	new_2908835_2909456_c	S1077	new_2908835_2909456_c	2,908,835 → 2,909,456
9D9C43D31DB672FC695F72F9F4DFC1905E6C3E97	BSU_26089	yqzN	BSU_26089	2,680,989  2,681,180
9DA4AF1DBA4EA40F4E23B716EA81AC5B275BD7F5	BSU_01060	ybxB	BSU_01060	121,068  121,673
9DA5DB1F98E7CC97F45F59EA8513BFA36EC36059	BSU_02150	ybeF	BSU_02150	235,625  235,873
9DAE954CAEA09E9F68E7528E87F12BE4209582C1	new_1150516_1150645_c	S382	new_1150516_1150645_c	1,150,516 → 1,150,645
9DB9ABC4FFA244EF9A7F3A929DD71BF7B7D253D8	new_2663336_2663531_c	S973	new_2663336_2663531_c	2,663,336 → 2,663,531
9DC6FD87D1AF7CD2F41738E04C4D6DCD6F6276E5	BSU_24210	yqiG	BSU_24210	2,516,440  2,517,558
9DD23F2BE91AE986E3004A70CD8DAB6EA310A890	new_1507447_1507538	S522	new_1507447_1507538	1,507,447 → 1,507,538
9DDEF5682B2D145830F33C7A1D5A6EC8527BB405	BSU_34120	ganB	BSU_34120	3,501,651  3,502,940
9DE87413FD4A79795A9D74712C8A34846E8049AB	new_599344_599505_c	S192	new_599344_599505_c	599,344 → 599,505
9DF4E223C4BAC30D70DC8146DEE20F0FD821611B	BSU_09165	yhcO	BSU_09165	989,712  990,680
9DF5999568760E016ECA988385A1FA61A257D486	BSU_07830	hypO	BSU_07830	854,412  855,077
9DF8423F1D63ED3928B2818F58BC3DECCDBB1DDB	BSU_14910	ctaE	BSU_14910	1,563,437  1,564,060
9E1B3A6289F2C94F9088FA14CE8939E208DE9FEA	BSU_19950	sspC	BSU_19950	2,156,239  2,156,457
9E3FF9D0B33D7EFEA3B61FF863BB46CC6DFD4F9B	BSU_32600	frlO	BSU_32600	3,349,761  3,351,029
9E577B935FAB9605DAF83353E907A6561F11CAC1	BSU_37900	spsB	BSU_37900	3,890,922  3,892,346
9E73D7170750017AB8884EE12DE2D70C4726752F	BSU_40576	BSU_40576		
9E845E515FAFEE4AE1A3A7BF00B6DCD3CDA1A762	new_911330_911718_c	S286	new_911330_911718_c	911,330 → 911,718
9E8A6AB3920BFBFDAAD1F2E4F333A32354ABB25B	BSU_13260	ykoH	BSU_13260	1,392,643  1,394,007
9E922F0006DF9E84A8D5B51E9FC35B669872FF90	BSU_12920	dppA	BSU_12920	1,360,401  1,361,225
9EA06D87F2CAF0477FAE91A7619A4E78F8DFBA14	new_343495_343573	S114	new_343495_343573	343,495 → 343,573
9EBBE14DD314EF266B8545025C4CB75B569C767A	new_3777872_3780532	S1420	new_3777872_3780532	3,777,872 → 3,780,532
9EBE2A4F83FBD5492D9BC930E2E2586236E86DA8	BSU_21080	yonI	BSU_21080	2,228,756  2,229,166
9EC2800AF5B2B65BE3DEB4ABCCE7E448A24440DF	BSU_40670	yybE	BSU_40670	4,180,564  4,181,442
9EC8C03848E777D3A4540912EDCD4C3E1891A8EF	new_3862327_3866553	S1458	new_3862327_3866553	3,862,327 → 3,866,553
9EC8FBB5A6D33ED1F32732854913BAB1473A69A1	new_3666577_3666932_c	S1364	new_3666577_3666932_c	3,666,577 → 3,666,932
9ECF6EC98C8A77C71508E67AB1495171F81BB513	BSU_09400	spoVR	BSU_09400	1,015,647  1,017,053
9EDE093896E8535962903D7A202D69C1BC402C09	BSU_19760	cgeD	BSU_19760	2,146,821  2,148,101
9EE25F97B2C6240E31BA1D5EEE9DA2D7940C9637	BSU_06060	bsuMA	BSU_06060	655,223  656,506
9EE268C3DC3C0F2F846DAEB2004222B6F841B9EA	BSU_38820	yxkF	BSU_38820	3,985,351  3,986,244
9EF846F52526DAB84BEF12AA52D260E1407C8EEC	BSU_tRNA_23	trnI-Asn	BSU_tRNA_23	
9F19EE134BEC2364A18525D5C3712BF819D9BABA	new_2995911_2996282	S1110	new_2995911_2996282	2,995,911 → 2,996,282
9F1EC331167AED680621A27ABC49DC411F01144F	BSU_32400	yunG	BSU_32400	3,326,803  3,327,150
9F27757B2D239CA269173C1CA695CF6D19481E73	new_2767968_2768041_c	S1020	new_2767968_2768041_c	2,767,968 → 2,768,041
9F298088C0A9EB7FE140C935AFC9243C6D4DE8AE	BSU_24050	bkdAA	BSU_24050	2,499,090  2,500,082
9F2C1C9A9DB7AA4CBE72D7C94932B69C8EF0565C	BSU_24020	bmrR	BSU_24020	2,495,898  2,496,734
9F32E96AC9C32832C2F10FB125DDDC50EC9B546B	BSU_33840	opcR	BSU_33840	3,471,266  3,471,823
9F338225E1286D530EAAAB504DEC8D5AFA06AC8D	BSU_36970	spoIIR	BSU_36970	3,794,676  3,795,350
9F359F7AF38952E8069C5F6AA86061D3ECF3910C	BSU_20520	yoqT	BSU_20520	2,193,827  2,193,976
9F628E6026186ECAE15A38B87957E2B9218ACEE8	new_2818161_2818445	S1044	new_2818161_2818445	2,818,161 → 2,818,445
9F69AEADF4ACEA82A0AF7E22BD22D9D0CDFED3C2	new_2723805_2723891_c	S1000	new_2723805_2723891_c	2,723,805 → 2,723,891
9F69C09E006EE5DD802BE31ECFA9E28E175AE9E6	BSU_26827	BSU_26827		
9F6B78C1932FB56F7F71430DB16BC862A312407B	BSU_17430	ynbA	BSU_17430	1,875,304  1,876,566
9F6C447900410BF64409E5C41A11C76968DADAFA	BSU_16590	ylxS	BSU_16590	1,731,776  1,732,246
9F7A754B2867CED5CDF3F06009DF5DBDD0877BAF	BSU_29510	ytfI	BSU_29510	3,018,778  3,019,458
9F88AC3A792F4EE8AA853849BBCF5065717B1D8B	BSU_23680	yqjZ	BSU_23680	2,463,217  2,463,561
9F8A63C585227D59C8A5CD4356E3F81EB5897131	BSU_07990	yfjR	BSU_07990	870,388  871,248
9F9643D51E9ABA537892B19312491697CECDDCCF	BSU_21820	thyB	BSU_21820	2,297,106  2,297,900
9F9DA457A2C2E2145DBA4075C552876EFB34386A	new_1907202_1907287	S649	new_1907202_1907287	1,907,202 → 1,907,287
9FAAA2E63B161862396C47CE5D1EA9191847FDAD	BSU_12750	xkdV	BSU_12750	1,343,230  1,345,293
9FD42FBCA6C1E63B0BCE4350EC834670D510F47E	new_129162_129283	S52	new_129162_129283	129,162 → 129,283
A0001681244113B808757281C1B70C0C94F28A27	BSU_22430	panB	BSU_22430	2,353,839  2,354,672
A00C81D1BFEEB3890D43F36498BF9AE3BF63BB00	BSU_30659	ytzI	BSU_30659	3,136,768  3,136,944
A01637E1BFABA20A2923BA85A25CCD8A0D665F78	BSU_33470	bdbC	BSU_33470	3,437,644  3,438,060
A01986F131F973AFE08CC28E89CB70FD2BED06EE	BSU_20999	yoyJ	BSU_20999	2,219,514  2,219,765
A024921961A786294199EA12E04456C890ED8D8C	BSU_24040	bkdAB	BSU_24040	2,498,093  2,499,076
A039228A3805F4E7C5C2AE31C7DB0808562E88E3	BSU_00330	yabA	BSU_00330	42,499  42,858
A0392469FB5B36C030C003ECC0EC39F71BBC5CD0	BSU_34510	yvdQ	BSU_34510	3,542,179  3,542,691
A045C46E8FC52CD2EC3CBBDBA83F7DBCF20F3450	BSU_01590	ybaS	BSU_01590	178,665  179,585
A04F698C8836E84991BC875BCB7B1460D8E74A8E	BSU_18940	yozK	BSU_18940	
A053FF439CDE9DB88DFE8C6FBE697CE2A22C0CD1	new_599509_599874_c	S193	new_599509_599874_c	599,509 → 599,874
A0842DD5F1B13AC15C95F18751E7836DF31B262A	BSU_05480	mhqN	BSU_05480	596,478  597,098
A0952B75E5BD0D09B0F4C257822428640998558B	BSU_13500	ktrD	BSU_13500	1,416,067  1,417,416
A0A6CB19191A251BB5600C18E039978A9A34933C	BSU_09650	srtN	BSU_09650	1,040,094  1,040,837
A0A6D36BEC397345A1D17E6A7C34E1F612FD46C7	BSU_12340	uxuA	BSU_12340	1,305,486  1,306,565
A0AA5289F5E92A4B2E18E4F3439F2D412208826E	BSU_27380	yrzB	BSU_27380	2,797,100  2,797,381
A0AD2302E7EA759A1BD71C7112DDD1C46C900A94	new_3923131_3923318	S1474	new_3923131_3923318	3,923,131 → 3,923,318
A0AFD543582D2FE8B1139CF69B7B1F7FF0F80265	BSU_04910	conB	BSU_04910	536,985  538,049
A0BEB92D54799956A4ADE106A1388E5710141069	BSU_03910	gabD	BSU_03910	442,950  444,338
A0CC440185318F7F8665AF7A8279C79A09E35518	BSU_21890	ypgQ	BSU_21890	2,303,920  2,304,537
A0CD8CCB54AE9F10DE3C876FB47B9877C303862D	BSU_25100	zur	BSU_25100	2,591,428  2,591,865
A0DA41BE806F2E0519FD12A4F43454D3EBC6E3C4	BSU_19749	yoyG	BSU_19749	2,145,820  2,145,933
A0DD68FE90FD13DF03496321AB2DAAADF9F4230D	BSU_03050	ldh	BSU_03050	329,774  330,739
A0E4AC7E74B5374198D047589629DA96A681CAF4	BSU_misc_RNA_41	bsrA	BSU_misc_RNA_41	
A0E5841BF63E02A59DEB11880C0D3D534FB649C4	new_3263403_3263797	S1220	new_3263403_3263797	3,263,403 → 3,263,797
A0FF4D22FFB3CF8D1DFC8E9F1E536DECDE452D26	BSU_40980	yyaB	BSU_40980	4,207,406  4,207,846
A10EA56A7EDA2DF712B5BB87D94A818E39940B44	BSU_27810	yrbD	BSU_27810	2,841,611  2,843,065
A110C7EAC401B7AEC8036769FBFB7C28681A5421	new_3105438_3105878	S1157	new_3105438_3105878	3,105,438 → 3,105,878
A1296B1EEBACCAEA5FA67BED1007592D636F3330	BSU_20950	yopB	BSU_20950	2,214,972  2,215,199
A15368CD02487EBC1AF999FED34672E38167BCB2	BSU_39910	yxnB	BSU_39910	4,098,423  4,098,905
A16C6515D185E3A268D57D77F28EF7EF9AF9FE05	BSU_16790	tepA	BSU_16790	1,751,201  1,751,938
A177DF098115F85F23A1D42EFB07D294B515830F	BSU_08170	yfjA	BSU_08170	889,372  889,686
A18474CD50C2A1A83CF04C74098659BF1649B4DC	BSU_28370	rph	BSU_28370	2,901,154  2,901,891
A1A06149942A47E4E1E36952346A62B5B9662576	BSU_40460	yyzB	BSU_40460	4,159,253  4,159,456
A1B9CF581D2D73AC3D2E290E6B86AD63BE0544DE	BSU_40290	yycN	BSU_40290	4,139,679  4,140,149
A1BFB759476C12A36BE681438B2F042919456ADB	BSU_20750	yopV	BSU_20750	2,202,805  2,202,999
A1C40F16DEB668FF3D7BF05E937FD4EEC3FE69C9	BSU_32370	yunD	BSU_32370	3,323,670  3,325,058
A1C64447E0074B06C9210CC51680273FAAE703FA	BSU_12380	uxaB	BSU_12380	1,309,880  1,311,322
A1CB3DCF2EC78B9B0585CA6AC6F5BB37B8AF0208	BSU_19570	mhqE	BSU_19570	2,129,082  2,129,993
A1D44EB4964904C74A05A20A3E37AF2DC8716A32	new_304308_304389_c	S104	new_304308_304389_c	304,308 → 304,389
A1DCFF8D225C87197104742E72A0D4F238BC30EB	BSU_38100	ywcH	BSU_38100	3,910,302  3,911,303
A1FBB09FDD78D541F799940CC37C27CB8EC51F27	BSU_21310	yozP	BSU_21310	2,246,151  2,246,480
A2009978AEFADFB58191D9E416A19FBBEF97858B	new_2388935_2389134_c	S863	new_2388935_2389134_c	2,388,935 → 2,389,134
A208B4564A50D7BE2630DE40E8FAAF3C16236EE4	BSU_05010	rapI	BSU_05010	547,306  548,481
A2250786C40A23A5EBD830B3853DE5187B3D24EC	BSU_17920	ynzD	BSU_17920	1,922,841  1,923,014
A2347009F3D4E0C146773F1BD084C2467BF44BBF	new_490527_490638_c	S144	new_490527_490638_c	490,527 → 490,638
A23D34C5D38A48144B062C3BAF9BDF38CEA1207F	BSU_18770	yoaV	BSU_18770	2,045,929  2,046,807
A24243129860F1B043EBE1358FAEA57BED111BBC	BSU_09200	yhcS	BSU_09200	994,998  995,594
A245594D3F37ACE6B99855DDDFEC27F7F21579E4	BSU_04550	ydbP	BSU_04550	507,753  508,073
A25A82B2311482B717D658D9D8D322AFB251AF89	new_1240279_1240355	S419	new_1240279_1240355	1,240,279 → 1,240,355
A25C1530DA7BB007A288E525404E9F775E219FE8	BSU_22800	spoIVA	BSU_22800	2,386,195  2,387,673
A26199CB85386E92A220B23CA3A7FB3C796B270F	new_2338392_2338537	S842	new_2338392_2338537	2,338,392 → 2,338,537
A26310839513EE348585D57E623CD5213B5C768B	BSU_05170	ydeE	BSU_05170	563,614  564,486
A26502ADAC214D45A8F7F394587B0BDFBE7AF28E	BSU_14100	ykuJ	BSU_14100	1,484,117  1,484,356
A2668555BA08F811F4406A21BC6C90F42F9CEF1E	new_3451133_3451197_c	S1286	new_3451133_3451197_c	3,451,133 → 3,451,197
A269774F2FDC94F93BA5F1360FFFE754B50383AD	BSU_34740	crh	BSU_34740	3,569,292  3,569,549
A283C34375EDF495940E2F03C4FB6A9FE841FA1E	BSU_14290	mobB	BSU_14290	1,498,445  1,498,966
A283DF56E47D601004F660809AB7BD32C644D422	BSU_08960	yhbF	BSU_08960	972,099  972,806
A287B9771A56D03ADCA603C1969CBF03DCB10E95	BSU_31100	ktrB	BSU_31100	3,189,089  3,190,426
A2C94BB9272407B305B90151F77835BB90414D0F	BSU_27750	bofC	BSU_27750	2,836,909  2,837,421
A2D4A1ED11B731DEECA13E145F9E581CCF4AF14D	BSU_32090	yuiA	BSU_32090	3,299,718  3,299,861
A2E6852A5739B3C04405B98AFFC301A98E1ADCD0	BSU_13420	dgcW	BSU_13420	1,407,329  1,409,578
A2F6EA94BE943D730D36AD150F65E2DAE8C36937	BSU_misc_RNA_13	BSU_misc_RNA_13	BSU_misc_RNA_13	1,219,164  1,219,378
A2F93FFE225DFDBCBB3EA079BEF84C79465F0E5C	BSU_32460	pucM	BSU_32460	3,334,646  3,334,990
A313B197D6D885EEE7F739E1F137794A8E3AD8F9	BSU_14680	ykzC	BSU_14680	1,538,264  1,538,692
A317478A3ADB74E7609AB0EF905ABBCE11AF62DB	new_2385822_2386047_c	S861	new_2385822_2386047_c	2,385,822 → 2,386,047
A34103CF2713BF433741565FDFD35691C461D294	new_60361_60429	S34	new_60361_60429	60,361 → 60,429
A34394CA4465D3C61F6A5D62DB6D4B8DC99330A2	new_2996284_2996678	S1111	new_2996284_2996678	2,996,284 → 2,996,678
A350DE517F0D637DC5CCB0EADDAD301C889062E9	BSU_37580	ywgB	BSU_37580	3,858,417  3,858,887
A36E7D50E2EBD0F0109491FF2CAD2CA84372B2CF	BSU_33980	yvbT	BSU_33980	3,486,807  3,487,817
A38D85EE1BCCA5E5E77CAF9583E7D052BB7F8188	BSU_07890	yfkI	BSU_07890	862,492  862,812
A39D349BBE13F4F3F6D33DA72CB8149A5170255C	BSU_02240	mpr	BSU_02240	245,190  246,131
A3A2EF3C95B833A11843553107D781EDEFF0BC41	BSU_33040	citG	BSU_33040	3,389,024 3,390,412
A3C07B70C87D671979D053A6272A0FCDED6F3BB7	BSU_16360	fliQ	BSU_16360	1,705,543  1,705,812
A3D05FE662CCCFE79B3CB38486206413B84E5D80	BSU_27480	recD2	BSU_27480	2,806,286  2,808,682
A3D19A75C5B9A744E6AED40931B5E71157AD48BC	BSU_01560	kbaA	BSU_01560	159,182  159,778
A3EC327DA14F188E88AF4221B51EE5950F882277	BSU_27350	yrrN	BSU_27350	2,794,147  2,795,076
A4010D0DF9CED7E4C7BAA2C8FE5702E819A6A238	BSU_20390	yorG	BSU_20390	2,184,450  2,185,421
A404BDF296F44CDEE6E0B6290369C6657A56D12A	new_3035475_3036308_c	S1134	new_3035475_3036308_c	3,035,475 → 3,036,308
A408883503931320B1BC04F38E6D475530518A25	BSU_08360	yfiQ	BSU_08360	910,840  911,928
A40CD2C23A19860342F440284302EFFDAC09E88A	BSU_33010	cssR	BSU_33010	3,385,724  3,386,401
A4213DE6C9BE29405B0A4C0A969A78EA4C5EB71F	BSU_40140	epeB	BSU_40140	4,124,220  4,124,942
A4304213CFC152B601B2EED2B9B3A0A3AB4E6A81	BSU_27220	forC2	BSU_27220	2,781,209  2,784,151
A44198B11130B97406FD360A287A945AF9200CE9	BSU_32290	yutF	BSU_32290	3,318,029  3,318,799
A44483D7C7DBF7841B4A7D10D299EECD74C8C849	BSU_25220	antE	BSU_25220	2,602,979  2,603,275
A44D4677FB70BE8F554BF1001A500F817C7DA95F	BSU_16940	recA	BSU_16940	1,764,645 1,765,691
A459410312A926365B45CEB4694DE399B38820A2	BSU_31300	yugS	BSU_31300	3,216,163  3,217,452
A4644CB18F7D0DF3E7E50ABB0C0F224D5744A1A5	BSU_02730	natK	BSU_02730	294,615  295,571
A46D07F8F56249A04C5F880120D19F00C9CAE112	BSU_00430	yabG	BSU_00430	51,680  52,552
A474F01AA4AD859963E39CD528BC42FF43A72433	BSU_37410	albE	BSU_37410	3,839,852  3,841,012
A47DBF8546E0F726A0FE58C21D3F28150290DF7F	BSU_04560	ddl	BSU_04560	508,248  509,312
A4804C4C95DE124EDFE66E8D736A450BA61D177F	BSU_11515	BSU_11515		
A482C4C416093F544945340296AC803E08090414	BSU_01510	ybaJ	BSU_01510	155,156  155,923
A4A099EE3368891C2AD6C2D1DCBE7B238227417F	BSU_19689	yokU	BSU_19689	2,139,179  2,139,457
A4AC51FBD9DB9C513D0FED8D9A68AA221B892842	BSU_21420	bhlA	BSU_21420	2,264,680  2,264,892
A4B5C9A4BA04B0501766DADF19A49B67F92857C3	BSU_21960	ypeQ	BSU_21960	2,308,792  2,308,974
A4B7CF7A1C704C750AFAD97A43AF975260935083	BSU_27910	thrR	BSU_27910	2,852,157  2,852,600
A4BF42889C55566ACE702561E34109F184413B85	BSU_31280	yugU	BSU_31280	3,213,854  3,214,252
A4C8719E06F774A6EB4D79757CC79CF89E453A54	BSU_28030	mreB	BSU_28030	2,860,735  2,861,748
A4C9E4D1163B703A917BFCF97A5F575B19EDDD8D	BSU_33430	cysI	BSU_33430	3,430,598  3,432,313
A4CB5606CBD194299F3B90C94FB41DDF74BA37F8	new_834310_834382	S262	new_834310_834382	834,310 → 834,382
A4CF68F602273CFDFD55EFD2C1164F0E2E8F6972	BSU_17160	pksH	BSU_17160	1,791,193  1,791,972
A4CF7E0BA2F1DD5E0BD7E6D750819812F6E0ECAC	BSU_36580	ywnF	BSU_36580	3,761,987  3,762,421
A4DA5C00BA37FF65E4190EC95B183ABAF1C9364D	BSU_07100	lplA	BSU_07100	779,529  781,037
A4DB115D36907DE3EE6F80738E4D777838A3FE7F	BSU_04780	ydcI	BSU_04780	525,743  527,902
A4DE6C394B64813A732255734758403241FFAC2F	BSU_10540	ntdB	BSU_10540	1,127,466  1,128,314
A4E1A1FA886980C863919DA011AC1EEDDBD74967	BSU_07150	hmoA	BSU_07150	785,113  785,490
A4EB284F6BCF0ECFEA9299390D09B10CA689FDDC	BSU_27468	yrzQ	BSU_27468	2,805,348  2,805,479
A5147F42D346C1E3C5B5BE4F421173F77CE830C0	BSU_rRNA_6	rrnJ-16S	BSU_rRNA_6	
A517155E0EE7A6BD30E8793C5AF6A23716464A50	new_2098330_2098837	S738	new_2098330_2098837	2,098,330 → 2,098,837
A51B5F9F86D2F7B690712B9EC181B1C07B312E02	BSU_30870	ytcB	BSU_30870	3,157,008  3,157,958
A5238B160277C6440977DE099D3414E2A83ACD81	BSU_18290	yngL	BSU_18290	1,959,695  1,960,087
A5251CC25E75AAE508EE06DC879BEA18B214B2A3	new_1748711_1749895_c	S601	new_1748711_1749895_c	1,748,711 → 1,749,895
A52E50104B18D0A8518218C52D9CC36FDDB29AAF	BSU_24080	bcd	BSU_24080	2,502,659  2,503,753
A54B2C86638D474F5F892003B42C535B5B39A42E	BSU_28120	hemL	BSU_28120	2,872,880 → 2,874,172
A54E8E38AEF596D09B4BEB64D9F539A8AD34E73D	BSU_09870	khtS	BSU_09870	1,060,988  1,061,326
A557DB7D96CB8798832CCA0D5E9F7A118E3EDF0C	new_1430539_1430623	S489	new_1430539_1430623	1,430,539 → 1,430,623
A567466894AE9DE7CDE7816615433A37532297B5	BSU_33970	araR	BSU_33970	3,485,604  3,486,758
A5739799E4136666BD550684511FC8E778FF0EDD	BSU_02585	BSU_02585		
A574974B6F4FF46DC69E03AE021651C67089866F	BSU_13640	spo0E	BSU_13640	1,430,684  1,430,941
A577441DE4ABAF624D507DB80FBED2A652BCF385	BSU_34620	yvdF	BSU_34620	3,555,902  3,557,671
A57D2C1536F3E93CD687C28C59FF297355CAB303	BSU_15660	yloC	BSU_15660	1,640,720  1,641,595
A58729F80A0BB6683648E472E385711A6DE4D373	BSU_36530	bcrC	BSU_36530	3,758,547  3,759,128
A58851E0B5C4DE4D6F3C16FF8C009001E393C3B8	BSU_15820	rpmB	BSU_15820	1,655,599  1,655,787
A58C9B9BB6574662A44AF0C7A94DFFE368B740E2	BSU_02640	tatCD	BSU_02640	286,048  286,776
A58CB284AC04FBFD1EEF6D8DC1BB37E095E2B4FC	BSU_35050	yvnA	BSU_35050	3,602,074  3,602,547
A5C26E10085868A0A193C450DF58D54C636B7C2D	BSU_15480	pyrP	BSU_15480	1,619,023  1,620,330
A5C7C2B7E14642CEB8F8FF723B0CAC255BC8E85B	new_3510491_3510596_c	S1308	new_3510491_3510596_c	3,510,491 → 3,510,596
A5D4BF262BD365DCEBA9358C8DB295E605DE4D84	BSU_01660	nagZ	BSU_01660	186,452  188,380
A5E4925583E6C6019724DC33032C15B68B191226	BSU_18819	yozU	BSU_18819	2,050,373  2,050,585
A5E65408D61B9478ADB45A4C5CA2A878CBFCEAB5	BSU_37990	ywdE	BSU_37990	3,899,272  3,899,805
A603F2D489A9420CDD91732C5475110543AE482F	new_1265432_1265529	S433	new_1265432_1265529	1,265,432 → 1,265,529
A61F33F7D027FB726C854FAE2E1497C98E291ED4	new_2845839_2845914_c	S1056	new_2845839_2845914_c	2,845,839 → 2,845,914
A62496E5478AD13CE9FD88F31EE6654048DA16ED	new_2100447_2100579	S744	new_2100447_2100579	2,100,447 → 2,100,579
A63CF8385A40A68ABF548A929C7F70533319EDB1	new_3766640_3766713_c	S1412	new_3766640_3766713_c	3,766,640 → 3,766,713
A63DF11087CEA2D8F5852E6540EFDF0EBCAB96B1	BSU_38350	ywbE	BSU_38350	3,935,591  3,935,788
A641BA91317CBCFE34A2BE69007247F209075095	BSU_02840	ycdG	BSU_02840	306,459  308,144
A647A29CAEA5D7188A08868A4397B4DF8A575710	BSU_39040	yxiS	BSU_39040	4,007,803  4,008,093
A64A59C2B15015F13911EC53763D370F780400FD	BSU_29580	thiI	BSU_29580	3,025,748  3,026,953
A65576E0261F1950A0DAD72B2432D97AB3EB2AA5	BSU_38740	cydC	BSU_38740	3,975,088  3,976,791
A656321846B2E0D1F39B528E2D8B8E620CCD1148	BSU_14490	kinC	BSU_14490	1,518,333  1,519,619
A657642FF74E8810AAF9E1859F02FF50076D4B66	BSU_11510	yjbE	BSU_11510	1,228,135  1,228,791
A659D9894E777D8A99707CB750DF2918AEE06CE9	BSU_27330	udk	BSU_27330	2,792,218  2,792,853
A666F376947A675E04550338C3177FF8AFF44DF4	BSU_10210	yhfF	BSU_10210	1,096,116  1,096,523
A66C34183025AFAD7D935C7B7E107BEE94F9B362	BSU_29850	ytoQ	BSU_29850	3,054,746  3,055,192
A6746AE1B92A0CDCCB22B57B6DF78094BB0223A8	BSU_27880	nifS	BSU_27880	2,849,569  2,850,756
A67A8E4E398E27107B3A355388BA1619EB90F0F9	BSU_20720	yopY	BSU_20720	2,201,705  2,201,983
A682A22196BC1FAF99D4083649163C4B416FCBA6	new_1781074_1781165_c	S613	new_1781074_1781165_c	1,781,074 → 1,781,165
A696434A086A428D411CAF45B37CD8F82AC2503F	BSU_35880	capA	BSU_35880	3,697,821  3,698,963
A69E7536DFE6353C4CD1B09D1258C88BF0FB8B4D	BSU_07750	yflA	BSU_07750	844,770  846,185
A6A13C54177381CE78ABA2CFC2A3F2CE12099F15	BSU_29380	tcyJ	BSU_29380	3,007,426  3,008,235
A6AA6EDE2C8A4C000B54E83B76614D29F3664751	BSU_06076	ydzW/3	BSU_06076	658,189  658,605
A6BAA02A79B7F6B7669ED15CB16FC21BEEB4F0E0	BSU_17715	BSU_17715		
A6BFE017256A5518685CFA37FB7FB6D8C772A70A	new_1916003_1916622	S657	new_1916003_1916622	1,916,003 → 1,916,622
A6C4ED7108433CACD9A025C71793442E30D233EC	new_2896973_2897093_c	S1071	new_2896973_2897093_c	2,896,973 → 2,897,093
A6E7212D159F076F5D26F9C02F340B40C3667623	BSU_35319	smiA	BSU_35319	3,631,763  3,632,140
A703CA58365926CFE6BFC1C4A0B1DA22C67C85AC	BSU_13340	ykoM	BSU_13340	1,398,496  1,398,960
A70EA4AEBF46ED2279E8BCE8A28439078484B6E3	BSU_07230	yetM	BSU_07230	790,318  791,427
A71160169CE449F76A355A6C806C4A7064D7852E	new_697399_697485	S230	new_697399_697485	697,399 → 697,485
A7131ACFA0CF5C222237C76E502D4AAD1F9BA3E4	BSU_15130	mraZ	BSU_15130	1,580,121  1,580,552
A71B0392FFF70EFFC096E7E9BD5FE30792821CDD	BSU_33110	liaG	BSU_33110	3,396,873  3,397,745
A72042CBF5800AB50EA31B5F207B60EF16EF3BFE	new_3882656_3882766_c	S1462	new_3882656_3882766_c	3,882,656 → 3,882,766
A731809F0EFB4AD3ADC14CF2D17524447AD88FA7	BSU_32950	yusW	BSU_32950	3,380,157  3,380,594
A7326377132C670B60695EFE0A652B1E4F623698	BSU_36600	mta	BSU_36600	3,764,133  3,764,906
A75A650861ACEF694E29475798DE31B88D98D794	BSU_07240	yetN	BSU_07240	791,462  792,532
A7824EACE0C109C676A374FD21F59D671B703305	BSU_08340	padR	BSU_08340	909,198  909,746
A78C961124C0E5906AF385494234BA4A4BB8CF05	new_3621540_3621617_c	S1344	new_3621540_3621617_c	3,621,540 → 3,621,617
A7C95C19ABD47456351C05A88B14F932BDEF1059	BSU_16799	ylzJ	BSU_16799	1,751,935  1,752,147
A7E31A5EBCF343B3A841E5F6E9CDE3CA5D1622EB	BSU_29190	pfkA	BSU_29190	2,986,588  2,987,547
A7E61C3D12BBDDD3EFD65B1EDBE280497D7B6CD0	BSU_38990	scoA	BSU_38990	4,001,976  4,002,692
A7F1B4C0D32E18773170BFBEEB94E5EF55C7DB97	BSU_09680	nhaC	BSU_09680	1,042,885  1,044,246
A7F68C78215C07E31258EA82222603CE230F5908	new_2098025_2098315_c	S737	new_2098025_2098315_c	2,098,025 → 2,098,315
A80317C3B8DF06E2187E02A05C13845508C18B40	BSU_25370	yqfB	BSU_25370	2,617,005  2,617,424
A80FDB5284B8A227D6B44F54D94D391E5C66AA64	new_2076113_2076205	S725	new_2076113_2076205	2,076,113 → 2,076,205
A828298EA2A002538876FBA6113648AAD9C4C317	BSU_22500	ypjD	BSU_22500	2,360,155  2,360,490
A84464F6B951CB38F570EBDB0ADB7B8012D1888B	new_646220_646409	S205	new_646220_646409	646,220 → 646,409
A84688E551F146A71452628CB5012F7ACD36F126	BSU_08980	yhbH	BSU_08980	975,231  976,409
A84AC4E40E7C722E27AE9C24ACECFEABD51B57BE	BSU_17630	yncC	BSU_17630	1,896,424  1,897,839
A85A493A833FE844C25DBC517AFD91E042200A3C	new_3882015_3882097_c	S1461	new_3882015_3882097_c	3,882,015 → 3,882,097
A85EB6E97AC9B2CA46BA6EF315BDA72A035DD3E7	BSU_14520	adeC	BSU_14520	1,521,351  1,523,084
A85FD588633533236222348B4B141321250A0969	BSU_tRNA_50	trnS-Leu1	BSU_tRNA_50	
A866ACE8431EC3FF98ADC734D9322AE699ECBFAD	BSU_38960	yxjG	BSU_38960	3,999,350  4,000,486
A86A013EDCE59D7EF84FB836A751E66C58CADF45	BSU_17050	mutL	BSU_17050	1,778,337  1,780,220
A87CEDDF1EACAE5C769833B0236D3F4EC3EF200E	new_3813064_3813166_c	S1442	new_3813064_3813166_c	3,813,064 → 3,813,166
A8998F46F68155A5C8AE2A2FBB95CA5A1635BB2B	BSU_03290	nasE	BSU_03290	355,412  355,732
A8AC3DA6CBF3F0465977019E3E27CD1874FE1F68	new_928080_928314	S290	new_928080_928314	928,080 → 928,314
A8ADA02BBB549866DE330040CF6D06ECC3B00099	BSU_02760	natB	BSU_02760	297,170  298,330
A8AF827637B7208DFA101C9A2911BF9AB1AED08F	BSU_12460	xlyB	BSU_12460	1,317,535  1,318,488
A8B8D5A05032E6C955EE6CCCA0B8A8FB0D717080	new_1738824_1738940	S594	new_1738824_1738940	1,738,824 → 1,738,940
A8BDF98B66A2DC044FD60ED9CA15AD70B0840B87	BSU_03110	ycgH	BSU_03110	336,092  337,432
A8C0085903FEC9D20D5CE514B0A416CB43905B0E	BSU_misc_RNA_80	sdaM		
A8C0C2B7BCA6FFFF3811402D683FB7B99F7120A4	BSU_15420	divIVA	BSU_15420	1,612,521  1,613,015
A8C606348C8C6FC3BB9786C06C9BFE9D3519A041	BSU_06100	bsuRB	BSU_06100	660,596  661,627
A8C82F5825DE0921DA6B4ACDE0CC31EC7749273C	BSU_00470	purR	BSU_00470	54,441  55,298
A8D37295A5E6857A978998211211AEA0204AB029	BSU_19670	yodN	BSU_19670	2,138,037  2,138,717
A8D69D7507B927D58646BE334BC7DFB81B7224EA	BSU_11079	yizB	BSU_11079	1,184,657  1,185,004
A8EEC896B279CFDDE9C3A6F146A04EC822E33A4F	BSU_22320	ponA	BSU_22320	2,341,444  2,344,188
A8F58C3283116F6E8B455EB7FE5A2607D896C94A	BSU_31480	yuxJ	BSU_31480	3,232,640  3,233,818
A8FA40EACDB15CF53DDDA725A3AA5A6EB654FA8B	BSU_29370	tcyK	BSU_29370	3,006,600  3,007,412
A922E599E67C4B93046E7F05F25CB32F9B14FAF0	BSU_14250	yknT	BSU_14250	1,494,403  1,495,368
A925DB3A311C913412A4DF981F8811A0FF40D55F	BSU_09630	yhdX	BSU_09630	1,038,653  1,038,760
A92A17CAE2EF33C320B958325F9728EA0FD98F85	BSU_36890	upp	BSU_36890	3,788,426  3,789,055
A930CE2EDD47299AE9D9F473BCE01FFBD408960C	new_4065982_4066068_c	S1522	new_4065982_4066068_c	4,065,982 → 4,066,068
A936E6339085F1B9494405243DD801DDB4D8A2CC	BSU_26800	yrpB	BSU_26800	2,736,915  2,737,958
A93F17D5A35D9842C74947F0BE4DF90DB86DCEE1	new_1533940_1534049	S533	new_1533940_1534049	1,533,940 → 1,534,049
A9500B1E45CCE51F4A699E4A7BC1F6B272A25A86	BSU_31290	yugT	BSU_31290	3,214,372  3,216,036
A9525886E911164BDFF0A55DA9F5FDD1C1B7A3B6	BSU_34710	psdS	BSU_34710	3,566,358  3,567,428
A9537602C11B92B766A719F0E3F4DC794A7731BA	BSU_26749	yrdD/2	BSU_26749	2,732,547  2,732,747
A95C28DEE73AD25E28C45B88A7C03C92835F9705	BSU_26740	cypA	BSU_26740	2,731,107  2,732,339
A95D91923799425E2719DBA9E6B79513BACD382D	new_2989566_2989649_c	S1106	new_2989566_2989649_c	2,989,566 → 2,989,649
A95EED2A6E39479BBF4077CCA9508F4932D5762A	new_1023253_1023349	S329	new_1023253_1023349	1,023,253 → 1,023,349
A96927857C207770A477C603E763DA82BF3B1267	new_1266349_1266589	S434	new_1266349_1266589	1,266,349 → 1,266,589
A96A83684E1E6E8705265D3932DA60FF47C23E3B	BSU_06970	rhiL	BSU_06970	761,662  762,945
A9815CF5DA9D8852F387DAF94CC26E95F1E4AC25	BSU_39880	yxbC	BSU_39880	4,095,915  4,096,907
A987E1510578E8DE822C2019488D457CB7CFBE73	BSU_31920	adeR	BSU_31920	3,276,955  3,278,223
A997B442D165494199EE95D3DBB7C5C163E09D41	BSU_12090	cotT	BSU_12090	1,280,626  1,280,949
A9AACF8F25A1A80B3AE2A94DFC3A0E09012B55E7	BSU_26259	yqzO	BSU_26259	2,693,457  2,693,606
A9BFAFF38CA6BF6815F6F54E87F1FDFDB69AFB85	new_4172910_4173113	S1564	new_4172910_4173113	4,172,910 → 4,173,113
A9C45C522EAF534C41CB75AA364A379E1D11055F	BSU_14090	ykuI	BSU_14090	1,482,248  1,483,471
A9D5625FF5F1A3845FF6F8A290F647CCA73D39EF	BSU_21510	yolD	BSU_21510	
A9DA64F8C7A60E8E2B1EDC99BEA1BD7DD0135AA6	BSU_36800	atpC	BSU_36800	3,781,069  3,781,467
A9F12082A3E61CD44A2C5BF812DB35A8351A1441	BSU_18640	yoaK	BSU_18640	2,033,895  2,034,572
A9F7BEC330EB17CA38C4D421E8BBF58CE380559C	BSU_08860	ssuD	BSU_08860	964,027  965,157
A9FA976AB3C8EE8B060BC674D13025ACF6E7DC0F	BSU_07970	yfjT	BSU_07970	869,273  869,458
AA07CC52B2DD48ACC9D3375E9D531CB1ACBE485A	BSU_18440	gltB	BSU_18440	2,008,572  2,010,053
AA0D233489BA25C36F8EEEFE7F408C99E225DC07	BSU_20870	yopJ	BSU_20870	2,210,331  2,210,747
AA14C45EC1AAC353817AE79647081F747F3F3BF4	BSU_05230	ydeK	BSU_05230	570,371  571,234
AA19541BCCAE08B48BD23F4E8337EBA220E5C4EF	BSU_07110	lplB	BSU_07110	781,092  782,048
AA2360658303BBC4B3D2DA4AB02CC39A335754EA	BSU_29249	ytzJ	BSU_29249	2,995,699  2,995,890
AA267D1BCD38B77CFD5114BBA9DBE016848015E7	BSU_27570	yrzK	BSU_27570	2,818,191  2,818,361
AA2A807BFAA13F79D09460C96439B093E62E100D	new_938656_938730	S299	new_938656_938730	938,656 → 938,730
AA39188F9E569918271BB7FA4EAB127278B6E09B	BSU_rRNA_7	rrnJ-23S	BSU_rRNA_7	
AA4153E820DA32FD0C966733A4F405E6F12AD77A	new_603941_604102	S196	new_603941_604102	603,941 → 604,102
AA425DD2DD7382192D57D1D643CE58FA63E18DF8	new_1925453_1925538_c	S664	new_1925453_1925538_c	1,925,453 → 1,925,538
AA42910B71348EFEA4165CFFCEF1E497897B9DDC	BSU_00060	gyrB	BSU_00060	4,867  6,783
AA4611A324CB81ED914B4E94AC3E0652E4EF4C6A	new_3609903_3610036_c	S1341	new_3609903_3610036_c	3,609,903 → 3,610,036
AA4BB1F5B58371D536A6BBA86F6ECB5E5BFB12A8	BSU_25640	nadD	BSU_25640	2,643,765  2,644,334
AA519F0D7DC94165C2CF5F7E230502D884898B71	BSU_28380	gerM	BSU_28380	2,902,002  2,903,102
AA75013C05E1A88FC51410F9F1B30EE7D15F34C2	BSU_08240	catE	BSU_08240	898,010  898,867
AA76BEF6A4CECB5D3910918E8D91D8B919EDEA7E	BSU_07770	yfkS	BSU_07770	847,282  847,482
AA79B6F039EC5B79F4419A5F358AE5AE8292E731	BSU_39730	iolD	BSU_39730	4,079,083  4,080,996
AA7DCEFB17FD6F9C4F65235E9A247A6EC2242B06	BSU_10850	iolX	BSU_10850	1,164,370  1,165,398
AAA10772CB24280AF0EF11C7A385850B81FD1FA4	new_3630836_3630916_c	S1349	new_3630836_3630916_c	3,630,836 → 3,630,916
AAA45830B9C5428CADFA5551D33B513E9B1B7C8E	BSU_36010	alsS	BSU_36010	3,709,628 → 3,711,340
AAA944BE7F01CE90F7730EECA16F3E4ED77D165A	BSU_34450	sacB	BSU_34450	3,536,012  3,537,433
AAB15E7E3E3701AA3159370B85C151994244BA5B	BSU_31610	mrpB	BSU_31610	3,248,996  3,249,427
AAC32230E3E585932A876737131C3E2C15168B2A	BSU_06710	swrC	BSU_06710	732,916  736,113
AAC4BF6FA80115AB90D2B161C1D5383625953616	BSU_36750	spoIID	BSU_36750	3,776,722  3,777,753
AAD6688089AFBBA0D9375E271C85E637209FB3F4	BSU_04849	BSU_04849		
AADD9E5090A0998731A18AEF41D14AC7912B24F7	new_1150428_1150514_c	S380	new_1150428_1150514_c	1,150,428 → 1,150,514
AADDC1FF2648CB46A0F140FC6D57E5B2753B72AF	BSU_24490	yqhQ	BSU_24490	2,541,051  2,542,007
AAE44B4F73C7C02F7DB3574B6169E0DE46F4B787	BSU_00780	folB	BSU_00780	86,587  86,949
AAE60753464EAA32379521531FDCAF64534D5F40	BSU_39740	iolC	BSU_39740	4,081,029  4,082,006
AB097928252EDA3DB6B3B23E3DE51D6E0176F4BF	new_3264537_3264677_c	S1222	new_3264537_3264677_c	3,264,537 → 3,264,677
AB0C1DD754CB0F94E849B6F78E924EFFB7239F70	new_2989651_2989803_c	S1107	new_2989651_2989803_c	2,989,651 → 2,989,803
AB1F50E0CAE250F264D294F2D5A9936B5710F518	BSU_26370	yqaC	BSU_26370	2,700,033  2,700,569
AB28D44B968E94E013156D6E74C14DCD3731C1F8	new_3465665_3466067_c	S1294	new_3465665_3466067_c	3,465,665 → 3,466,067
AB2A3422277040107AAF90358BBE58608F8E0738	BSU_27980	spoIVFA	BSU_27980	2,856,832  2,857,626
AB3537C77519FFF3F0E1A75BFEA31914024A86D0	new_2055241_2055358_c	S710	new_2055241_2055358_c	2,055,241 → 2,055,358
AB3D18228DB6819B0C81BC7A8BB3408A4F75DC0C	BSU_00090	guaB	BSU_00090	15,915 17,381
AB490CB02147916945213393C4675ACE09BCE876	new_2560260_2560488_c	S926	new_2560260_2560488_c	2,560,260 → 2,560,488
AB4A686F62550F90F5BD8D27DAADC9C33F1DA1DB	BSU_35940	rbsA	BSU_35940	3,703,682  3,705,163
AB4AF9BD3E16FD72370AFC82CDD1531518053E6F	BSU_26270	yqaL	BSU_26270	2,694,420  2,695,097
AB4B8B7325A1BF444D841EF1BBBCEC2D506AE600	BSU_40420	purA	BSU_40420	4,155,433 4,156,725
AB57414B12D74ACF34B6DE8BE37DD20D53B3BE01	BSU_tRNA_12	trnJ-Val	BSU_tRNA_12	
AB6AB3928C5DBB4E84455BA4194323D0B31BB9E9	new_2479090_2479155	S904	new_2479090_2479155	2,479,090 → 2,479,155
AB8C032D0DC4127BEC5BEA0F93A9976D58C42B33	new_512754_512813	S159	new_512754_512813	512,754 → 512,813
AB905AFBB810E97CF91E141E7B69352014A5488B	BSU_11950	yjcQ	BSU_11950	1,267,129  1,267,413
AB9762F1D388E27039FEFE946D8BE527CEF13F09	BSU_30480	mnmL	BSU_30480	3,119,999  3,120,967
ABAB8A6D4B2A310C5042D23E4B56DFD6E2370731	new_3072180_3072285	S1150	new_3072180_3072285	3,072,180 → 3,072,285
ABB1A005B407C38CC1237949AEB9769FB001169C	BSU_37300	ywiC	BSU_37300	3,830,761  3,831,480
ABC09B5CAEE5824A5F394844E73BCB35DDEC9B72	new_1164254_1164369	S390	new_1164254_1164369	1,164,254 → 1,164,369
ABDD979294479B98F5449370A11A6AFAC274127E	new_2983096_2984281_c	S1102	new_2983096_2984281_c	2,983,096 → 2,984,281
ABF2C42E757A4968F1B8205EC4BD3611AC2226F5	new_1351139_1351236_c	S459	new_1351139_1351236_c	1,351,139 → 1,351,236
ABF58610E568DA845F45A3481329B6B9BABF0A63	new_2190786_2190883_c	S774	new_2190786_2190883_c	2,190,786 → 2,190,883
AC1B507C6B1640E9BEA1F9F01628120F3680C976	BSU_28980	dnaI	BSU_28980	2,963,185  2,964,120
AC2618C53DA020F2CD5192AEE462D15E8EE0F57F	BSU_04250	lrpC	BSU_04250	476,059  476,493
AC26A07067A59222C1DEE068F6C7E48B08E4C4C9	new_3676061_3676158_c	S1372	new_3676061_3676158_c	3,676,061 → 3,676,158
AC2A9DC3DA569231442582A95EDB2A98BA335184	BSU_40230	rlmH	BSU_40230	4,134,436  4,134,915
AC3E831F9A5F56949B56C6A9C1F34D61CBE1431B	new_3364963_3365068_c	S1263	new_3364963_3365068_c	3,364,963 → 3,365,068
AC3F24049FED10946CE4B178CE6320358CE05C2B	new_3225687_3226671	S1202	new_3225687_3226671	3,225,687 → 3,226,671
AC459429A9C50463FD947C1CF9EA919B6FE3B335	BSU_28260	leuC	BSU_28260	2,889,552 2,890,970
AC541AB15B4A2BC345B471BD654299BAEC3E8635	BSU_16720	ymxH	BSU_16720	1,743,924  1,744,181
AC57E890F46EAC3D9950D7B91D3A8E5771D8A441	BSU_20180	yosB	BSU_20180	2,169,497  2,169,676
AC64DA463250A090A62E50901EFE653C8F963872	BSU_04710	rsbV	BSU_04710	522,088  522,417
AC67305E4C165CC1D785E49B7CD8335346134376	BSU_06360	guaA	BSU_06360	692,740 694,281
AC70393D0EE94D9A9AB19476802DA77B797F0007	new_2014633_2014704_c	S683	new_2014633_2014704_c	2,014,633 → 2,014,704
AC739B04E9336428431506A434C664149C46CBFC	new_153039_153507_c	S58	new_153039_153507_c	153,039 → 153,507
AC796CEA24580244BC7A12A69CC44A2FD180D13F	new_943787_944498_c	S301	new_943787_944498_c	943,787 → 944,498
AC79E2A80664B4D165A0AE46CEA124C57EB9770D	BSU_35790	pmi	BSU_35790	3,687,597  3,688,547
AC7F08DC1DF7DD2F9AFF84041D357B286B1244AC	BSU_34690	psdB	BSU_34690	3,563,581  3,565,521
AC7F5CB3071642859CACECA97EF6F522C8312EE8	new_3646613_3646699	S1357	new_3646613_3646699	3,646,613 → 3,646,699
AC8349820F6E2A0E02ADDA57C3DE18D51965C9B9	new_3794076_3794165_c	S1431	new_3794076_3794165_c	3,794,076 → 3,794,165
AC8C70F19D5D81ECF54FDAFC4EBA065046408150	new_3388289_3388830_c	S1273	new_3388289_3388830_c	3,388,289 → 3,388,830
ACA8FF923D72CC99F447E47F6A1381FEAD9DAB09	BSU_28520	etfA	BSU_28520	2,915,365  2,916,342
ACAFB2072E74CC059B492A31EF492028B96C569F	BSU_05490	mhqO	BSU_05490	597,114  598,052
ACB7F015027A83C5D3457818A71B6F47192CEFBE	BSU_29530	sppA	BSU_29530	3,020,040  3,021,047
ACB8B16FE7F13BD38AA1F0DF961B9ED37AC15F74	new_1252566_1252752	S423	new_1252566_1252752	1,252,566 → 1,252,752
ACDAE5B43B44A268D8F034174DF9E068DCAA4E71	new_280556_281740_c	S97	new_280556_281740_c	280,556 → 281,740
AD0DE9457D70DF02FA0F58867B24ABF236FAF65A	BSU_06500	purM	BSU_06500	706,973  708,013
AD0F95A25190DA7E253F4C93BC160B1EA91AAE04	BSU_40720	yyaT	BSU_40720	4,184,017  4,184,463
AD151804FC145854DB6BAA12CD52758FB1C3882F	BSU_14670	yktC	BSU_14670	1,537,441  1,538,238
AD1C6BA47924F07974680E1E5591DD96BA95A98A	BSU_26870	yraN	BSU_26870	2,745,594  2,746,463
AD1F39823ABCE2A222259B879513752942C59590	BSU_00550	mfd	BSU_00550	60,430  63,963
AD3EACF33330185814A977B6BB77920D8E72F752	new_3643957_3645689	S1354	new_3643957_3645689	3,643,957 → 3,645,689
AD4702CC69AC7D5FF391F14176881D582DD1C68A	BSU_33640	yvaM	BSU_33640	3,455,472  3,456,242
AD5F14BCCA1C7F65B9F03BC6CEEB9D6F2BFBCBA9	new_2071115_2071197_c	S720	new_2071115_2071197_c	2,071,115 → 2,071,197
AD6F7C4D13E4CE1F558DD767E4944A6D076D7D9D	new_3788276_3788397_c	S1427	new_3788276_3788397_c	3,788,276 → 3,788,397
AD72489DA260F07B97A213F1F0FBA7CED9471817	BSU_08190	glvR	BSU_08190	891,436  892,200
AD7CD451B4AE638A719C91780339784A7FF0F248	BSU_35300	secA	BSU_35300	3,628,310  3,630,835
AD84513449C4C00F6C1FB72F3612E8C31742C433	new_3966685_3966776_c	S1483	new_3966685_3966776_c	3,966,685 → 3,966,776
AD8E7C4E5CDE8D7FE628985E7BAE3E97F77305D6	new_728598_728731	S237	new_728598_728731	728,598 → 728,731
ADA6F2EDC7B18FDFFA47CC8C55BCDDE1B6821160	BSU_33950	cggR	BSU_33950	3,482,752  3,483,774
ADAE6B5C301959D90592A6F26DFE1690BF6F5552	BSU_06630	yerH	BSU_06630	723,635  724,825
ADB447B0F8EA4F341FA48344AA958E6B98B9EFE4	BSU_38240	ywcA	BSU_38240	3,924,225  3,925,766
ADB476B0B385D9B9CAF02902CE115C8309F67911	BSU_10520	glcP	BSU_10520	1,125,123  1,126,328
ADBC0F194B601F736492E54011E0A68351B5BD39	BSU_24010	bmr	BSU_24010	2,494,656  2,495,825
ADBDFD501A5ACDFED0EE95CBB8A3C57F5435E5ED	BSU_rRNA_28	rrnG-5S	BSU_rRNA_28	
ADC52A22950736A0435AEEEC43F7407878786A81	BSU_04690	rsbT	BSU_04690	520,606  521,007
ADD1CE87C1C5BA44FFF5499EA5E155C4C53A1C22	BSU_24350	accB	BSU_24350	2,531,718  2,532,197
ADDEE0B251CBE61892482F15F91543242EDBF2A0	BSU_18070	plsY	BSU_18070	1,931,920  1,932,501
ADE0122D8FFF2F78B6D21031B7D02A323A13ED63	BSU_04310	ydaN	BSU_04310	483,845  485,956
ADE7B8EC308F74E642E98AF911048AD03F869A3F	BSU_04130	yczJ	BSU_04130	463,496  463,783
ADEEA5E15C100C1DC6E129B9A3E6DECAFCA8C409	BSU_10490	sipV	BSU_10490	1,122,175  1,122,681
ADF4EDD1C84ABF374DD3DBBAA41539F5874F4926	BSU_33460	yvgT	BSU_33460	3,436,849  3,437,457
ADFAFAB949F0BED0681E35C3055DB0984DA7910E	BSU_19870	yotI	BSU_19870	2,153,718  2,154,080
ADFC62A55006AC0B3F19F558196714BB8A03A2FC	new_1277495_1278195_c	S442	new_1277495_1278195_c	1,277,495 → 1,278,195
AE02C38397AA790E4B216BB6DBABFE907B984D05	BSU_38050	sacP	BSU_38050	3,903,646  3,905,031
AE28299B0F274B189DD90554A5A4F7B9A9479B60	BSU_17750	yndD	BSU_17750	1,907,494  1,909,056
AE44787B3EB8EF5811B5C447BE2012EC36547B0A	BSU_40550	ppaC	BSU_40550	4,168,204 4,169,133
AE4BF12C368468C553EED7A696D5EFC63F56CA39	BSU_33120	liaH	BSU_33120	3,397,846  3,398,523
AE532A8931D516CC676E765D1D1293E73C335D23	BSU_28730	araQ	BSU_28730	2,939,851  2,940,696
AE57CF27D0F847A0E28EDC6712F76DE6A7664B43	BSU_20080	yosL	BSU_20080	2,165,972  2,166,325
AE61E6752DF0F681C6DEBB8CD0970C7CDDA6F78E	BSU_04500	ydbK	BSU_04500	503,854  504,594
AE7C817E6EF0BB01383D75E693918B956A5E82CB	new_3225621_3225771_c	S1201	new_3225621_3225771_c	3,225,621 → 3,225,771
AE802E1D4F827DED3A5D953C7D034E6A3554C45F	BSU_22370	aspB	BSU_22370	2,347,660 2,348,841
AE823A0A652509787EA032F122E59F3C3645385F	BSU_17940	yneI	BSU_17940	1,924,030  1,924,392
AE824A62089631F129C3AA469B6ACA71DC13D2F8	BSU_03010	amhX	BSU_03010	324,038  325,189
AE8D4F07EFB17DA727D80229C3E72075928AA352	BSU_33222	rsoA	BSU_33222	3,409,219  3,409,458
AE94ADDC9E1AB1777A78E0DDFCA924F92C5012ED	BSU_36610	ywnC	BSU_36610	3,765,051  3,765,434
AEA18C431FE13FC34671E673DC6733B200E342A8	BSU_24200	yqiH	BSU_24200	2,515,614 → 2,515,907
AEB1F4E28C5B2AFC7FCF65721D4D1A70D6FC38EE	BSU_22640	trpB	BSU_22640	2,372,304 → 2,373,506
AEB4E91F09B75198CB8B77AF4385045B9203C998	BSU_20430	yorC	BSU_20430	2,187,376 → 2,187,756
AEBC58FA77AE9CFBAEFFE7FA4982BBE6771725BA	new_1483539_1483640	S512	new_1483539_1483640	1,483,539 → 1,483,640
AEBEDF43C56A9A54716D781D062067B69818FAF4	BSU_37470	phrF	BSU_37470	3,847,130 → 3,847,249
AEC70413BDC29F435776D532E7049AA9A0BD893D	BSU_23430	spoVAB	BSU_23430	2,442,269 → 2,442,694
AEE0B768446F0380E93726AEC1CA220899DDD9BD	new_1888890_1889195_c	S632	new_1888890_1889195_c	1,888,890 → 1,889,195
AEE450C33EB9966BEC0050FC06B43645CB5FDEF5	BSU_12520	xkdB	BSU_12520	1,322,014 → 1,322,850
AEEC5CAC20D3A182074332087FD3CDCCF05F28CC	BSU_13170	guaD	BSU_13170	1,382,677 → 1,383,147
AEF2675431313A0BEE7C10200BA87281F91E2E19	BSU_03680	yclG	BSU_03680	417,993 → 419,747
AEF539042133F97D08502D5E5033C83AB1564194	new_4208749_4208869_c	S1577	new_4208749_4208869_c	4,208,749 → 4,208,869
AEFA4CE1588C7EC7FCB01312A172093D12B2B206	BSU_13470	sspD	BSU_13470	1,413,800 → 1,413,994
AF019A5EBB9A09326D3D19EB3AFB6D0B808950D2	BSU_08040	yfjM	BSU_08040	877,599 → 878,051
AF048B9A979D001E2E23495083D2F048EB8C4E2A	new_1417493_1417560	S483	new_1417493_1417560	1,417,493 → 1,417,560
AF0BC3D534BC2CCCAAB53B286CF4286E58A8A338	BSU_31120	lytG	BSU_31120	3,190,834 → 3,191,682
AF1F5FBBDD376B9BB5132571469EEA4A08107BAD	new_1445542_1445637	S497	new_1445542_1445637	1,445,542 → 1,445,637
AF264BC6D7B62DE7653C43B0F5316B0F88195D97	new_3691599_3692493_c	S1378	new_3691599_3692493_c	3,691,599 → 3,692,493
AF2BB967FE999A7DA968817341AC486EC9ED9EE0	new_1665639_1665709	S577	new_1665639_1665709	1,665,639 → 1,665,709
AF37A0E08AAAA9159DD1F0183A61713EF582E830	BSU_24180	yqiK	BSU_24180	2,514,169 → 2,514,900
AF3ED8916EA02A560EC8D47E4B1C911E871B9AB0	BSU_09230	yhcV	BSU_09230	997,175 → 997,597
AF4395D134485290F4AA307B48494FED39E52CD7	BSU_17590	xylR	BSU_17590	1,890,512 → 1,891,564
AF4BB5F08F805D3621597559B4C7F53A1A1CAD05	BSU_15070	ylbN	BSU_15070	1,575,264 → 1,575,782
AF5180DE23ADBBA4B58EC5D61A8C3EE08701E88B	BSU_03920	glcU	BSU_03920	444,461 → 445,324
AF5ADDA2A98EC18BB72A81AA0336E639C0D1F430	BSU_15710	priA	BSU_15710	1,644,068 → 1,646,485
AF5D6A9AEF5EA1EE9639DFCC9D161F0253834BB7	new_3373649_3374171_c	S1266	new_3373649_3374171_c	3,373,649 → 3,374,171
AF74795BF845D4D45F7EB3E450924B85ECEACD90	new_3615385_3615449_c	S1343	new_3615385_3615449_c	3,615,385 → 3,615,449
AF8923C4660A62BF685F9B27DD68C4F59FDDC2DB	BSU_20160	yosD	BSU_20160	2,168,476 → 2,168,871
AF9523D3AA3C032B70175BCFFED34E9A42ED01AF	BSU_36290	phoC	BSU_36290	3,738,343 → 3,739,200
AF9706F2EBF056A404B5D7640D78D1E833805225	BSU_12710	xkdR	BSU_12710	1,340,609 → 1,340,875
AFCA823BA7245A295B3282602A928D2CD0F8CD27	BSU_19970	yosX	BSU_19970	2,156,757 → 2,157,110
AFE2A9998219162FE32E95628B3CA9071099B61A	BSU_01750	cdaA	BSU_01750	196,213 → 197,034
AFED0CECAD2F9948049612CE8BC890938A0857FB	BSU_39240	yxxF	BSU_39240	4,030,710 → 4,031,645
AFF853D0868A5231233331BF9B03C77D6B1584FF	new_3293360_3293440_c	S1230	new_3293360_3293440_c	3,293,360 → 3,293,440
B004744E17773FDEAB28FEAE98BCA3C744E63A8E	BSU_20020	yosS	BSU_20020	2,159,268 → 2,159,696
B0145F4E13F004ECC773E8758B5844669F4C74D7	BSU_34680	yvcT	BSU_34680	3,562,566 → 3,563,543
B019FD0CB6F76C03DA5E76ABD1B324BA5E1A6936	BSU_02750	natA	BSU_02750	296,429 → 297,169
B01C362825EB84DAD70CAF2C2500DE7D3EE68E5C	BSU_18880	yobE	BSU_18880	
B033D272A316A68CC1FA087114C49C12AE5BCDD3	new_2395954_2396044_c	S867	new_2395954_2396044_c	2,395,954 → 2,396,044
B03B28D4215F202F843046FFEA28E4A579445A28	new_4174260_4176850_c	S1566	new_4174260_4176850_c	4,174,260 → 4,176,850
B0415A8CD040EC714B54F4038E065B3E1E20A271	BSU_16420	cheB	BSU_16420	1,711,736 → 1,712,809
B04B4859BDB5E0C5899B92160E6895680AF15C93	BSU_09040	yhcD	BSU_09040	980,313 → 980,468
B0528C4772B2357D10AEEA3C63080C5176B27E7B	BSU_18130	bglC	BSU_18130	1,940,625 → 1,942,124
B0618930B934C203FA384E7D7C0D3C1AC399062E	BSU_27469	yrzR	BSU_27469	2,805,501 → 2,805,692
B06A3BE3A71B9DD038D9D29BE83F1035DBC398C4	new_2435947_2436044	S887	new_2435947_2436044	2,435,947 → 2,436,044
B0789A727D9E3578FF1CB6162F365F45FADB0B3E	BSU_11820	yjcD	BSU_11820	1,253,713 → 1,255,866
B0820844B2099D4565EEE41C2D863F170FF405D5	new_70382_70493	S36	new_70382_70493	70,382 → 70,493
B0897643562CDB25547223CCB9CFD0F9E78710E2	BSU_23620	yqkF	BSU_23620	2,459,326 → 2,460,246
B0908BB4B8B569A7A78BB0B84784FD4C427C598B	BSU_31390	yugI	BSU_31390	3,225,178 3,225,570
B09FB626274B81F00A4FB42D188E089095343182	BSU_01530	cwlD	BSU_01530	156,612 → 157,325
B0A1AB6E920E6CBEE45115297599AF9A80972E38	BSU_08820	katA	BSU_08820	959,535 → 960,986
B0A333BDFAE816B48B856A1DD91B73C41584A8E4	BSU_08060	acoA	BSU_08060	879,002 → 880,003
B0A3C7B253FB1DA1D4BC9D1D564905ECE8A65BC1	BSU_11440	oppB	BSU_11440	1,221,594 → 1,222,529
B0A979AE3E963F590B098F14A0724A59B02ABF04	new_2991133_2991249_c	S1109	new_2991133_2991249_c	2,991,133 → 2,991,249
B0B9188D8A8C93E472001D2AF97BDC92CE242819	new_2603983_2604060_c	S954	new_2603983_2604060_c	2,603,983 → 2,604,060
B0C0D7863E552D770304EFB34B8911757A2340EA	new_2806566_2806915	S1042	new_2806566_2806915	2,806,566 → 2,806,915
B0CB19A3E3E84E12BF42BB050394C8A059A89359	BSU_00590	rqcP	BSU_00590	67,877 → 68,137
B0EED312A23857187B75A4189A6A6E760D1C27DE	new_2706711_2707758_c	S985	new_2706711_2707758_c	2,706,711 → 2,707,758
B12432503801FA766D6FC90359A22A53A8E92457	BSU_09280	glpF	BSU_09280	1,002,501 → 1,003,325
B134C16B43A13C7B068BC24171C2B9B7AEADC19D	BSU_36960	ywlB	BSU_36960	3,794,166 → 3,794,609
B13517A0770F7361EDAECD6A17976AEF52182D1C	new_1571851_1571980	S552	new_1571851_1571980	1,571,851 → 1,571,980
B13F7C35FBD55C674E5B19836D32279E7C1A5520	BSU_06160	gutP	BSU_06160	668,601 → 669,992
B1413EB525000744BE8E429E760220A13BC4530D	BSU_28170	hemA	BSU_28170	2,877,766 → 2,879,133
B14179D0EF5D3493E5CDB8E15378A5088B4FFD10	BSU_17760	yndE	BSU_17760	1,909,086 → 1,910,177
B1559A1482B1F5932E6F77B32BF87E7474E01C17	BSU_36650	ureB	BSU_36650	3,768,420 → 3,768,794
B15E224A9B87F21711A1BB3BD54648C77DB764AF	new_1441789_1442065	S495	new_1441789_1442065	1,441,789 → 1,442,065
B1642FB4DAFF02BF51D4DAD8FC03A9B56DFC05A8	new_3391778_3394421_c	S1275	new_3391778_3394421_c	3,391,778 → 3,394,421
B17670494CC6F7C1138F4B4ECC0FEE8FC15609A2	BSU_36340	ywpE	BSU_36340	3,741,732 → 3,742,040
B189AD3E3D18876E1956763182D835A151727392	BSU_00740	pabB	BSU_00740	82,864 → 84,276
B19D8B5F731A68045D14E436BA3C6789BFD1745E	new_3880559_3880739_c	S1460	new_3880559_3880739_c	3,880,559 → 3,880,739
B1A95EAE40AFA40BF12EE9B41287921417A39562	BSU_05370	ydfD	BSU_05370	583,589 → 585,037
B1AA111971FCE138D8FF9F576C1D14737D58EA28	BSU_06073	ydzW/1	BSU_06073	657,793 → 658,062
B1C2BD8CEEABF9BBAE2646E8E24457A485097CFC	BSU_08030	dusB2	BSU_08030	876,426 → 877,403
B1DB9EC0E97E37E3E6BE0452356255167ACC0E39	new_2126185_2126320_c	S752	new_2126185_2126320_c	2,126,185 → 2,126,320
B1DD32A3B3D1C0C5391A40834940257357A2F30F	BSU_29350	tcyM	BSU_29350	3,005,122 → 3,005,829
B1F5776C9882CDA4D97F2A2FBB01FAB34D21022B	BSU_19800	phy	BSU_19800	2,150,108 → 2,151,256
B207C7328177924B16F1C606F667BEADF12CA069	BSU_00070	gyrA	BSU_00070	6,994 → 9,459
B216EAA438377AB95D9BE2045335BDC6C47720A8	new_18866_18974	S11	new_18866_18974	18,866 → 18,974
B22075CDA06A94557DF83B3D29B7BF83E2A51EA5	BSU_12410	bstD	BSU_12410	1,313,840 → 1,314,304
B2270316642C66BC2DA86EBDCD1BF6A33CC6A1DC	BSU_22840	engA	BSU_22840	2,390,206 → 2,391,516
B228D966194BC9157A347E33D36874FA0C3C2243	new_3467393_3467541_c	S1298	new_3467393_3467541_c	3,467,393 → 3,467,541
B2299611AE2F07A0FA095986D4372D6A6B1A2301	new_3582781_3582910_c	S1331	new_3582781_3582910_c	3,582,781 → 3,582,910
B23CAC2563A36415C482AE2FA695E09228EF5B32	BSU_03730	yclH	BSU_03730	424,208 → 424,888
B24763A732111026D21C828FF9BE73FB22A123CF	BSU_29340	tcyN	BSU_29340	3,004,346 → 3,005,125
B24BA6ABCAF7325EC5F8B2655CA182FFC23395FD	BSU_27000	adhR	BSU_27000	2,755,382 → 2,755,804
B255B87EB7A850D1C6B7930A3731DAD6AE0A107D	BSU_28630	pheT	BSU_28630	2,927,008 2,929,422
B258CA26B0EC2310475FCCD67F1F196857FC0004	BSU_31840	yueD	BSU_31840	3,265,406 → 3,266,137
B25AE6979AF12628780C4489FFED966C6B31968A	BSU_07270	yfnH	BSU_07270	798,469 → 799,233
B2636947990A303C43CEA8BFBE38811DD233A0A6	BSU_11750	cotY	BSU_11750	1,250,016 → 1,250,504
B2736974ACCBFC3C984FC20A8E706A16CC6C8A90	new_4204818_4204899	S1576	new_4204818_4204899	4,204,818 → 4,204,899
B27548A4BBF396C9BA102A80ACB08B21262CEA30	BSU_27950	prp	BSU_27950	2,855,177 → 2,855,515
B280951A232E941FB0A6C8834049765BE1E16437	BSU_23420	spoVAC	BSU_23420	2,441,804 → 2,442,256
B283B702D917E310130BC33A40BF6A5853C3D4C1	BSU_14220	ahpA	BSU_14220	1,492,261 → 1,492,803
B28796716C7E6C924F55176453DDBF9ADD0EF755	BSU_31660	mrpG	BSU_31660	3,251,992 → 3,252,366
B28994C9E5F5497036F46C6742D4329DC40CDCBE	new_246583_246657	S87	new_246583_246657	246,583 → 246,657
B2924DAA879FBE56EB8DF9A7C60222AA1EE5526C	BSU_08510	yfhF	BSU_08510	924,633 → 925,544
B29C4A411886B4EA2E55C64B78A1AE404D6DD1F5	new_3853433_3853716_c	S1454	new_3853433_3853716_c	3,853,433 → 3,853,716
B29CAD04FB89ACC482EFCD29D50EDDA19145CAA2	BSU_13990	kinA	BSU_13990	1,470,026 → 1,471,846
B2B896890E5DC3FC3C96044A8469F516F0018A7F	new_2153170_2153718	S760	new_2153170_2153718	2,153,170 → 2,153,718
B2B97B5896C107F999292D0776C221656ABA60DA	new_474268_474634	S140	new_474268_474634	474,268 → 474,634
B2C089DCE51CA0CB11947FCD6F4EFAFF66269829	BSU_02280	petA	BSU_02280	248,268 → 248,756
B2C2A0CFE8CA41AF843A406D30DC6AC482399A5C	BSU_31790	yueG	BSU_31790	3,262,330 → 3,262,551
B2D9D4B7B8F46476279CA1ABC79B7F2FFBC8E0B0	BSU_27185	BSU_27185		
B2DC4E57065C76E3A67D05BDDF53B7067345B94B	BSU_23300	ypuD	BSU_23300	2,431,737 → 2,432,081
B2DFEA87EB20F9C7BE00B8847418C18DA088072E	new_1580047_1580120	S554	new_1580047_1580120	1,580,047 → 1,580,120
B2E9D026B668C8530C406353E3400059388566FB	BSU_09590	yhdT	BSU_09590	1,035,554 → 1,036,939
B2EEA70E07C0E116F2FF2C00F17B7149DD356122	BSU_38880	yxjO	BSU_38880	3,991,718 → 3,992,593
B30457707337C6C2858B2055E20BAD6531E8E3DE	new_1409579_1409781_c	S479	new_1409579_1409781_c	1,409,579 → 1,409,781
B308BDECB15D68DF0EC2E49341DB5E7F9B3E14D1	BSU_14870	ctaA	BSU_14870	1,558,034 → 1,558,954
B3119A40393A288EF34FC3E9839B6E40AC6A6EA0	BSU_16650	rbfA	BSU_16650	1,736,451 → 1,736,804
B317D7E51824DD70EF84E4D5D7290D601BF4FAB6	BSU_29610	ezrA	BSU_29610	3,029,729 → 3,031,417
B31884DC49684A276D65E21A5F59AFDADEB9749C	BSU_38270	efeO	BSU_38270	3,927,951 → 3,929,108
B3362449EF3C9D533090FBD7E7333A3CC5D902CB	BSU_23760	coaA	BSU_23760	2,468,549 → 2,469,508
B36B1142A539955A93216D4A632C38860A469AE1	BSU_02610	ycbR	BSU_02610	283,003 → 283,734
B36B4BE77A207C5B16876D8E656266C8BA650B76	BSU_03070	mdr	BSU_03070	332,441 → 333,979
B37938C639FC87DAA72AA82998DA8DF25E63CF37	BSU_05540	ydfS	BSU_05540	601,019 → 601,726
B379FE7A329CA95F4E4FCAA35A3C3F914D7E8C00	BSU_tRNA_49	trnS-Lys	BSU_tRNA_49	
B3869608E40FBFB023F0102AC004B578218389F2	new_3127676_3127799_c	S1166	new_3127676_3127799_c	3,127,676 → 3,127,799
B387EFFFC9DE93E6EB154159109F80891A2E7163	BSU_26910	yraK	BSU_26910	2,749,660 → 2,750,475
B39056862596254F3EC7AB2466B6FB3634621DF0	BSU_01320	rplR	BSU_01320	142,974 → 143,336
B3A07E2A61151C33B7C65D1BC58B97BFDB76852D	BSU_04950	yddF	BSU_04950	541,248 → 541,574
B3ABB15EE33B98F0E9D347A662DF5A33053F0E86	BSU_tRNA_36	trnD-Thr	BSU_tRNA_36	
B3BA3A44C3EE2747FB594BD7199864E9ECA953CB	BSU_11740	cotZ	BSU_11740	1,249,442 → 1,249,888
B3C0FE9DD3CB4AF34DD57CF4D03ABE8AFF1346C7	BSU_25240	yqfL	BSU_25240	2,604,121 → 2,604,933
B3C5E66433A5F12A514C64A0673BADE42D77106A	BSU_13630	ykvA	BSU_13630	1,430,161 → 1,430,481
B3D25405F1C8469F80981372AF124F4F3FF96556	new_3728120_3728202_c	S1391	new_3728120_3728202_c	3,728,120 → 3,728,202
B3D88B9C89154B77D77FB833CA16FD4F4E29FE96	BSU_25810	arsR	BSU_25810	2,657,317 → 2,657,634
B3DF99B747D0A7472E3878920BF3CE7CE954B0BE	BSU_03220	putP	BSU_03220	347,150 → 348,571
B3E1652E9F3BDC9520847C479A2C0BED25025B4C	BSU_13410	ykoV	BSU_13410	1,406,357 → 1,407,292
B3EBB417FB2DE3CE6BAFB910E1913785C162EABF	BSU_25190	cccA	BSU_25190	2,599,523 → 2,599,885
B405B3C21B464F904BBB2AFD5DA21ADE45B4DD96	BSU_38120	rodA	BSU_38120	3,912,332 → 3,913,513
B405C91C2724D7DC8DC3970F5D545915C460EFEF	BSU_29160	ytvI	BSU_29160	2,983,164 → 2,984,279
B40D01DDD9EF8B64E46CA7DBF4BAC3DBF8A73986	BSU_38670	yxlE	BSU_38670	3,969,611 → 3,969,799
B412E210FE99EB973818CDD86E56E6F367D7BEFC	BSU_19510	yojB	BSU_19510	2,124,529 → 2,124,765
B416BB368A96926526458B2258BF8AB928D7C15E	BSU_39000	hbuT	BSU_39000	4,002,716 → 4,004,134
B419E23AA236CF3650A45AE88E8DE0891221D96D	new_2599377_2599490_c	S947	new_2599377_2599490_c	2,599,377 → 2,599,490
B41C1C94945C11137CE1D3F4AEFF42E731AD83AA	new_2047441_2047674_c	S705	new_2047441_2047674_c	2,047,441 → 2,047,674
B42367583867799BD88D737C848E16B9143C5957	BSU_21880	ypgR	BSU_21880	2,302,727 → 2,303,860
B430E8DD73E0564244FB0B80CCA161E4B6C2DE42	new_158510_159181	S61	new_158510_159181	158,510 → 159,181
B4384C8C0874BAA7822E9B6DCAB57790018271D8	BSU_05500	mhqP	BSU_05500	598,154 → 598,543
B44529B69769D7AF1010E06C95E398EA91A3E798	BSU_23401	spoVAEA	BSU_23401	2,439,804 → 2,440,415
B453986691E1231A1C565D469A2A60EBFF2F6BD3	BSU_03590	tcyC	BSU_03590	409,208 → 409,951
B454D14B33E2C11F0BB0A1D1BB743FA64981A966	BSU_14740	ylaD	BSU_14740	1,544,603 → 1,544,896
B4568166F5A9D6B2BF0302DCB423386CAA91D0E5	BSU_26130	yqbF	BSU_26130	2,682,885 → 2,683,196
B45FBF192894652F653A083D182F39F3462A2FEE	new_724870_724986	S234	new_724870_724986	724,870 → 724,986
B469E43BB1DCF2D897E706E2FD1DBE5919C1667F	new_2707685_2707807	S986	new_2707685_2707807	2,707,685 → 2,707,807
B46A8BCEC56E6252712E30F8BF8DA6B836FDE2F6	BSU_40330	rocE	BSU_40330	4,142,675 → 4,144,078
B46A9E8D8C25C78FA0992182870BC97FA8895BB3	BSU_20550	yoqP	BSU_20550	2,194,718 → 2,195,059
B46AB216DE0828E4CD5714CADE5C25C1B5AF75DC	BSU_32650	yurS	BSU_32650	3,354,212 → 3,354,487
B46D407B116E358DFB6284466DE5926EB3719C53	BSU_14072	ykzU	BSU_14072	1,480,933 → 1,481,451
B47C64731FCAA086CA563EEE95D3205428E51EFC	BSU_08840	ssuA	BSU_08840	962,179 → 963,177
B4909B417F11C393A693488E07CC96B405FB1CE0	BSU_29270	ytoI	BSU_29270	2,997,301 → 2,998,620
B495FFC63413D518138F8C2F3FBC894038C97E0E	BSU_01490	rplM	BSU_01490	153,842 → 154,279
B498ED03F19B7A73878D5C947C28C2A87CAB934D	BSU_22730	ndk	BSU_22730	2,381,354 → 2,381,803
B4BC8E2C0F365DC10E3C0A15D688B1D2E790748A	new_1233399_1233524	S415	new_1233399_1233524	1,233,399 → 1,233,524
B4CED75536007603783643DA6505DC389D678A24	new_26383_26532	S17	new_26383_26532	26,383 → 26,532
B50A96DCD3E8FB26BBC2819DA11A6E0B040C1C8E	BSU_01300	rpsH	BSU_01300	141,974 → 142,372
B5153BCBEFFEA973B99F8B54047EF6FD830CAEE8	BSU_39540	yxeI	BSU_39540	4,062,543 → 4,063,529
B51ADFB53CA54309D866BB089502639E9571238B	BSU_07630	nos	BSU_07630	836,653 → 837,744
B522299A1691AF15775DBAD82C7A192126423263	BSU_18890	yobF	BSU_18890	2,058,715 → 2,059,638
B52A09BF195FE8E143FCB2EF5EBA53454A4ED3D5	BSU_10710	gerPB	BSU_10710	1,149,958 → 1,150,200
B5301B346FBAAE2D7C37D561FE1DCFDDFAC90D40	BSU_02690	ansZ	BSU_02690	290,915 → 292,042
B5325CBF1408E2CA227EB462092E209F4C87E797	BSU_32820	fadE	BSU_32820	3,367,040 → 3,368,824
B5371751DC5A945B853C99A922028D64B65EA491	BSU_misc_RNA_93	ldsD		
B539BA1179AB89AAB46D32233C4EECAF8AB05D7E	new_1872786_1873153	S623	new_1872786_1873153	1,872,786 → 1,873,153
B56B38A1CCC0A73FFD9F3F4C9942356E6D818D2D	BSU_07910	yfkF	BSU_07910	863,862 → 865,037
B585209B07593C1078ED6DA1741B808E13B0B625	BSU_05700	ydhC	BSU_05700	615,871 → 616,545
B58B8F260E446E28BC2E3A9AA84EA771EC0A8634	BSU_11690	thiG	BSU_11690	1,245,041 → 1,245,811
B59437F2228E49E74D4AACECDE223275A754F570	new_818976_820073	S253	new_818976_820073	818,976 → 820,073
B59F3C716053A0DB4876B08960FF02B1EFE3FB9C	BSU_02300	ybfN	BSU_02300	249,595 → 249,873
B5C733D5015C111B20F86AE8E496FF735069B324	new_3956402_3956491	S1480	new_3956402_3956491	3,956,402 → 3,956,491
B5DC3ECD047CCB48D3A40E23A4326BBAF088C1AA	BSU_21630	yokD	BSU_21630	2,281,667 → 2,282,485
B5E052A7BB746AEF241A9AB9FAF85951EFFDC290	new_2137815_2138036_c	S757	new_2137815_2138036_c	2,137,815 → 2,138,036
B5E7EB475434E96786C577AE709A21BD702733D8	BSU_13890	ptsG	BSU_13890	1,457,187 → 1,459,286
B5ED7E9131D5B83E6CA7082726F7CB27682FC316	new_2069562_2069699_c	S715	new_2069562_2069699_c	2,069,562 → 2,069,699
B5EF521437323EF43F08E5EFDB5C798616CA499A	BSU_05970	rex	BSU_05970	647,091 → 647,738
B604367A80B7D3DF4A940C12A35EDF37B0E415F2	BSU_19940	yotB	BSU_19940	2,155,293 → 2,156,120
B6062575849EA65BB7B44A9723676885799E2759	BSU_16130	trmFO	BSU_16130	1,685,812 → 1,687,119
B6110571D03B83F94B02C41E34092B2493B86DEE	BSU_21639	BSU_21639		
B61458337D96A0CF8D0778A03A0DB68B566913D8	BSU_07450	yfmJ	BSU_07450	817,810 → 818,829
B615CDA5419491AA497F0DF3CCCCACCED1D44EE1	BSU_20400	yorF	BSU_20400	2,185,504 → 2,186,418
B62083CF18FC4C796D95B960CF62FA963FC26CDE	BSU_08630	mutY	BSU_08630	935,656 → 936,765
B63498CF9E13DBA7049646DFA8921F181F9432A1	new_3769809_3769955_c	S1416	new_3769809_3769955_c	3,769,809 → 3,769,955
B63AAF0D3277FD776944A09D2546F3E48C8716AD	BSU_37190	ywjE	BSU_37190	3,816,654 → 3,817,850
B654AB82C785B772262A05B4F3C9E35AED569D1D	new_119017_119110	S50	new_119017_119110	119,017 → 119,110
B65E4B340961332ED0ACC7FD957351256F708F60	BSU_32480	pucD	BSU_32480	3,336,263 → 3,338,500
B65FCB9018100436FF7E62959DED56A2E949368E	new_2898227_2898291	S1074	new_2898227_2898291	2,898,227 → 2,898,291
B66132676788FBA47D375193A1C01FC6F93E110F	BSU_20500	ligB	BSU_20500	2,192,370 → 2,193,182
B665735B76462724A3C7A1E89D3E613C18F21399	BSU_30970	glgC	BSU_30970	3,168,624 → 3,169,766
B66AE23754A9CD4D5BCFC75CE6918522C7A22DA6	BSU_33049	yvzF	BSU_33049	3,390,479 → 3,390,664
B66FC02948DABBCE64DE2629D6E33E05647B4EEF	BSU_15240	divIB	BSU_15240	1,593,704 → 1,594,495
B6907E2370194881882A87169A916ED92038CD8F	new_2034573_2037062_c	S696	new_2034573_2037062_c	2,034,573 → 2,037,062
B6A05AD90A4AA553A8CCD8FFF504F5AD204ABAFB	BSU_23920	yqjD	BSU_23920	2,486,813 → 2,488,336
B6A920650919D5BBBD75CCA58C30A0D8ECE64DA3	BSU_02400	ybgF	BSU_02400	260,123 → 261,535
B6BBB827CB475423FC9A781058141B7D05C4D284	BSU_34090	yvfR	BSU_34090	3,498,352 → 3,499,257
B6BF089BDC615205C9E4032380B1F0D5568D7C00	BSU_28230	tig	BSU_28230	2,886,315 2,887,589
B6C59248D070CDCD58F58E63575972ABE97C2BD7	new_2981072_2981150_c	S1100	new_2981072_2981150_c	2,981,072 → 2,981,150
B6C6C999FF0CF308C97EA3E7C0AD184D6D382499	BSU_21370	yomG	BSU_21370	2,256,832 → 2,259,459
B6C931049CF7353042EB3714976735189ADAF0FD	BSU_29620	hisJ	BSU_29620	3,031,614 → 3,032,420
B6CC41A844FDF1DBCB899447F35E006BC94B064B	BSU_36160	ywqM	BSU_36160	3,723,454 → 3,724,335
B6CF82DC3A46291B69298577FA3395CA5379F60C	new_1741529_1741617	S596	new_1741529_1741617	1,741,529 → 1,741,617
B6D1159454969D1D578E05D5CE2259E079688510	BSU_33130	liaI	BSU_33130	3,398,550 → 3,398,930
B6EAAEFF8BBE8F8381F3999C6D1E5EFEBC90B0BA	BSU_13030	ykhA	BSU_13030	1,372,035 → 1,372,553
B6FF689E65906186F3576B378650D713DB84EDDA	BSU_02830	ycdF	BSU_02830	305,658 → 306,434
B71477EA0D1E277FB8D29256B47614ACFA4C154A	BSU_17350	ymzC	BSU_17350	1,867,790 → 1,868,062
B71A9B38FAAD7F96BB1D733ACB978B12B1EB9EF3	BSU_10230	yhfH	BSU_10230	1,098,120 → 1,098,260
B729EFC0BF0D75765C2D2B0B4F397E0AEE11F1E7	BSU_29540	ytdI	BSU_29540	3,021,233 → 3,022,036
B73044EF18EFA4A002BA292B7C957202AB4CE752	BSU_misc_RNA_14	BSU_misc_RNA_14	BSU_misc_RNA_14	1,242,262 → 1,242,370
B7348FDC2690B0A7E17A7ED10FB7CC5C55E15707	BSU_06410	yebG	BSU_06410	698,092 → 698,289
B7380C578E7215DA1CD2C85F54289DFDCF8A7117	new_3404709_3405636_c	S1277	new_3404709_3405636_c	3,404,709 → 3,405,636
B73CE26E7AEFACFA82C67F3E7DBBB3F766F739CA	BSU_16780	rnjB	BSU_16780	1,749,418 → 1,751,085
B73D729097C00BE6F3C7FF1708738783EE93C6FB	BSU_02770	yccK	BSU_02770	298,466 → 299,398
B740E971204AC14BA456B8C93A86D4BDC29524FF	BSU_21810	dfrA	BSU_21810	2,296,603 → 2,297,109
B749D54249A28A471EF796903A34622A16D5B0BB	BSU_25790	arsB	BSU_25790	2,655,753 → 2,656,793
B75C9D4A4769DC255A9FD9E26245300D637DCFB0	BSU_20929	yoyI	BSU_20929	2,212,848 → 2,213,078
B76F97C45CCCA0306D0ED0BF38156C2D6637C9E2	BSU_01710	ybbJ	BSU_01710	193,075 → 193,557
B77F24856B19A8101EDDB8A95D4E201F44C789DC	BSU_38920	pepT	BSU_38920	3,995,075 → 3,996,307
B791B0603042603CB5B5E03CA129B20D02BC02BC	BSU_07840	yfkN	BSU_07840	855,114 → 859,502
B79810AD650EC38CF2D04C92916312F3404A6C62	BSU_12200	yjiA	BSU_12200	1,290,675 → 1,290,953
B7A0D1B3CAA2733A33BCCDDB6774ABF1A0223473	BSU_08230	catD	BSU_08230	897,588 → 897,992
B7AB00EE6464F0E7B74283AC81077F0610482178	new_726024_726828	S235	new_726024_726828	726,024 → 726,828
B7ABA62B453B7240B02D9821F8D4F2CB9FDAA69B	new_3265241_3265327_c	S1223	new_3265241_3265327_c	3,265,241 → 3,265,327
B7B1D28E50244704324920E5A6F110DA8D63F6C0	BSU_38970	yxjF	BSU_38970	4,000,539 → 4,001,312
B7B3DF7FFA4144CBB12A72996C73CFBD7B6DD2D8	BSU_30490	mnmM	BSU_30490	3,120,964 → 3,121,548
B7B48B51B0F4E3AAB980C4B9F367522289E45ACD	BSU_18595	BSU_18595		
B7BDFEC2FED5434E18E8B1FF05FC8DD95D864942	new_1397771_1398159_c	S475	new_1397771_1398159_c	1,397,771 → 1,398,159
B7BFC170EEC88DEC6CF932F80805D3F2C0BD3738	BSU_00680	hprT	BSU_00680	76,344 → 76,886
B7C4BE1A252C6376B28C4FCC6EA9DCF3BC096405	BSU_26590	blt	BSU_26590	2,716,973 → 2,718,175
B7D963370862A83ABE47F7994DD272D749CCA492	new_211769_211858	S76	new_211769_211858	211,769 → 211,858
B7E69E6115DB35F516EB95287BD739500A792D6C	new_2157111_2157231_c	S763	new_2157111_2157231_c	2,157,111 → 2,157,231
B7EEC1910715507596734540D24B3C93B4B7065F	BSU_07780	yfkR	BSU_07780	847,498 → 848,652
B7F5FA5C656D39970959BC857E93B78B1A063098	BSU_04770	pamR	BSU_04770	525,206 → 525,649
B7FBC30B744D8B1F26AFC5DCB297FAFAB5C60FB7	BSU_33560	yvaD	BSU_33560	3,448,295 → 3,448,696
B7FCBB7F0F8A36A426D86DC24E9EB88CCC4A8A12	new_931808_931878	S295	new_931808_931878	931,808 → 931,878
B8170DC93A9CCE7A87179098DF0AD152860F39A3	new_2938273_2938329_c	S1085	new_2938273_2938329_c	2,938,273 → 2,938,329
B818CD783EDCA86E2E9E0504C02A1B74E3604AFC	BSU_24540	yqhL	BSU_24540	2,544,995 → 2,545,375
B81F1F1ED944D9F2A72BD736E145AD12BB54A7C3	BSU_13820	ykvT	BSU_13820	1,448,506 → 1,449,132
B828EEDC29A9F3EDA488347B3D76D600D1EC9CBF	BSU_23730	yqjV	BSU_23730	2,466,721 → 2,467,953
B83462A50FDDD20FE9BD4681824E30AAD10F506B	BSU_15490	pyrB	BSU_15490	1,620,476 → 1,621,390
B836B265FCC3FBD0BA5DCAC534A72E902C9D45EE	BSU_05329	ydzO	BSU_05329	579,047 → 579,232
B8372D53C59AD49EBE9168AF522D1B04B4C41869	BSU_misc_RNA_60	BSU_misc_RNA_60	BSU_misc_RNA_60	3,988,840 → 3,988,942
B83FEAA1EB9F1B2BD9AA27D0B86DFC4A4B952A40	BSU_30150	rmgR	BSU_30150	3,083,441 → 3,085,759
B84BE9F5BEFE3A295ED5580D66040CD28609A6A1	BSU_18120	alsT	BSU_18120	1,938,925 → 1,940,322
B84E300760E44CABB7CC0D150D8199D1B6045E49	new_129589_129701	S53	new_129589_129701	129,589 → 129,701
B864EC6D21AD5E524AC13AE1BE41F5CD7FC399C5	BSU_31980	dhbE	BSU_31980	3,288,641 → 3,290,260
B873AE29ACAA0714D5F2E8648449B3280353C8AA	BSU_13930	splB	BSU_13930	1,461,770 → 1,462,798
B886E504A767343042DE9BF4E23E6798D124A2CF	BSU_12350	yjmF	BSU_12350	1,306,562 → 1,307,398
B88A88B4792FFFF4E1609B1FC91AAE6DBA339044	BSU_11370	appF	BSU_11370	1,212,460 → 1,213,449
B89FA71C2924CC0690224AFBFA06DB0FF0D97C0A	BSU_35570	tuaE	BSU_35570	3,652,588 → 3,654,054
B8B0F6B129475FDEEA8D538A51C153BF9A35887D	BSU_28620	rnhC	BSU_28620	2,926,031 → 2,926,972
B8BECE19AFDDD6DE05BED291FE24E53283942D81	new_2448499_2448590_c	S890	new_2448499_2448590_c	2,448,499 → 2,448,590
B8BEE21D8E14F4B04B004573597EA26F5E6DAA39	BSU_00440	veg	BSU_00440	52,763 → 53,023
B8E5A1D80C8A34D28C5C9B5BA3E7595411765C30	new_3635902_3636010_c	S1352	new_3635902_3636010_c	3,635,902 → 3,636,010
B8E694FD61BAC3776E6CA1F38214CCD254D2F4B7	BSU_30680	ytjA	BSU_30680	3,138,097 → 3,138,324
B8FBBF85D86E72578CD7FF5D046547E396E8718B	new_2136172_2136261_c	S756	new_2136172_2136261_c	2,136,172 → 2,136,261
B90D4E798145F2AF3421DDC5AB6CD578E2E17900	BSU_31050	gbsB	BSU_31050	3,183,867 → 3,185,075
B92D0206C92CD435B338A69ED48BE05F9DDBA7E4	new_3250494_3252362_c	S1212	new_3250494_3252362_c	3,250,494 → 3,252,362
B940BDAFDAFF086F503613B90526230A7D383B3D	new_3032421_3032763	S1129	new_3032421_3032763	3,032,421 → 3,032,763
B948B9D96CDC43A07B3FF90212E52230A0EF1905	BSU_10380	hemAT	BSU_10380	1,112,620 → 1,113,918
B948BD67148DC53B371E6748347982067CE28C36	BSU_06580	yerC	BSU_06580	716,431 → 716,745
B949DBB16B0476F4073D77BE9F60D03E302FBBC1	BSU_17790	yndH	BSU_17790	1,912,339 → 1,912,956
B97A503AA247375DCA28009A7D3895F6327BE3F5	BSU_26559	yrzN	BSU_26559	2,714,590 → 2,714,805
B97ABE3233A27A7C8273ED9A1E688247DD37FD12	BSU_06730	rlmCD	BSU_06730	737,603 → 738,982
B983F44167BC8ADA9536D3C3FFF287E2C71EC1E1	BSU_20928	yoyH	BSU_20928	2,212,567 → 2,212,746
B98894C39F086D55F4E416900761CBCBBC7A6B9F	new_90318_90535	S43	new_90318_90535	90,318 → 90,535
B9911180282A2C3DEDEE74CB556F025AF0F26C4E	BSU_35100	yvlD	BSU_35100	3,606,762 → 3,607,121
B992698A12EE9D17DCEF075F82396D5456D35A20	BSU_37280	narG	BSU_37280	3,826,259 → 3,829,945
B999198DB1B3C3525D191B168DC1F11EF886B6E5	new_1050235_1050345_c	S342	new_1050235_1050345_c	1,050,235 → 1,050,345
B9A45E4D7FF460ECE23C605313536D5489B2D7AC	new_2953559_2953623_c	S1089	new_2953559_2953623_c	2,953,559 → 2,953,623
B9B52C3FE5F388386924320141C00714FE9EAED8	new_1262876_1263611_c	S429	new_1262876_1263611_c	1,262,876 → 1,263,611
B9B9327243834A7344568D93AE79E76549E16107	new_827843_827923	S261	new_827843_827923	827,843 → 827,923
B9D5E9B566D28423232C1A28C966CDEA0E5A6B78	BSU_25620	yqeL	BSU_25620	2,642,841 → 2,643,197
B9DA06BF3617B86AD12A703A36D8BA2E0091AC8B	BSU_34640	yvdD	BSU_34640	3,558,940 → 3,559,515
B9EB72114A8E4376B1359C334B3E008B909F9939	new_3299590_3299699	S1236	new_3299590_3299699	3,299,590 → 3,299,699
B9F5FBB9C6196D9B3DB3B4F564AE1102370864C3	new_1904268_1904392_c	S646	new_1904268_1904392_c	1,904,268 → 1,904,392
BA0E4135244D214B435836F07F608818A31B7E52	BSU_09150	yhcN	BSU_09150	989,022 → 989,591
BA1A7ECAE0B5690F6E6A67785BAB18628701E2A2	BSU_10980	yitG	BSU_10980	1,175,985 → 1,177,253
BA28DFBAF88A4994B0541D1FF2187312FDE1FA15	BSU_18260	yngJ	BSU_18260	1,956,218 → 1,957,360
BA2FA842DAB19E32F48380F56BB772D7E60F2D28	BSU_35040	shfP	BSU_35040	3,598,040 → 3,601,909
BA45631351E3C9C140D15F620D7B7AC143C04932	BSU_24990	pstS	BSU_24990	2,580,715 → 2,581,617
BA47918ABA8F2CE01C3AF3986817C9DE07D11E58	new_2800811_2800889_c	S1040	new_2800811_2800889_c	2,800,811 → 2,800,889
BA4CB875FD72C7E7767AFA44A5D8C32448F5E18C	BSU_40590	yybM	BSU_40590	4,173,665 → 4,174,420
BA4D8EF5B09345E94EEEEB936C803B71340DC5EE	BSU_37940	ywdJ	BSU_37940	3,894,463 → 3,895,785
BA556E144975921DFDD598B0A7480C65176F0F14	BSU_02510	ycbH	BSU_02510	274,029 → 275,561
BA60CF44ECA4937FA5C1720B10E7FDABA9AB4664	BSU_02310	ybfO	BSU_02310	249,979 → 251,319
BA6C61C488659D5F1B5237BA817A8A5AC6D0E988	BSU_03860	ycnD	BSU_03860	438,516 → 439,265
BA6DD5C9AB9BFF9759E9ECC46CE3DF4EB7E67F52	BSU_13730	queD	BSU_13730	1,440,100 → 1,440,549
BA755FA1CB1E0C006E9A23489A7C8997141AA498	BSU_27620	recJ	BSU_27620	2,823,419 → 2,825,779
BA7D1D112E934B68073DFC1F76248ED6157240E3	BSU_12480	pghB	BSU_12480	1,319,011 → 1,319,613
BA7D55B68EFA92FCBC91437F22E977B752BB73C4	new_1770236_1770410	S609	new_1770236_1770410	1,770,236 → 1,770,410
BA85E2C2E2A6B76FAFA31EBDBF466324C9B021C8	BSU_06830	rapH	BSU_06830	750,959 → 752,089
BA8DCED491A18B2500DCAD5B0CCA400AC975E964	new_2153357_2153439_c	S761	new_2153357_2153439_c	2,153,357 → 2,153,439
BAA22A95A8CF2F4DE1BD55F94DBE279184F0D4D1	BSU_26120	yqbG	BSU_26120	2,682,486 → 2,682,881
BAA74A6971CED9FB55540F1BC602CDA287D83E74	BSU_32110	yumC	BSU_32110	3,301,586 → 3,302,584
BAB297D18F94FFA67B8D12A684AB4D1BCDFB4981	BSU_15930	rnc	BSU_15930	1,665,710 → 1,666,459
BAB70547672C855AEB3A4D4624044340CF582848	BSU_27440	glnH	BSU_27440	2,803,108 → 2,803,929
BABBC5848F9BBF9E9318252F5AD7D1C4F55FCEAB	BSU_17190	pksL	BSU_17190	1,807,921 → 1,821,537
BABC4ADC68E854D97DAE3B7319D0DA0D25D64145	BSU_36450	ywoG	BSU_36450	3,749,487 → 3,750,677
BAD7DE1E8FB5E6B3D0C4AC14EDB383AC8E56E5A5	BSU_26880	yraM	BSU_26880	2,746,608 → 2,747,711
BAD93C5EAD25F1A257907F4C631C02FE97C7BC89	BSU_09090	yhcI	BSU_09090	983,229 → 984,170
BADE5937ECB41C96C82E6A3BDA8FDC9BFC21F219	BSU_29040	ytbD	BSU_29040	2,968,824 → 2,970,014
BAE5010EC763AD289CFD7983D1405EAE6463BC4D	new_1372636_1372742	S466	new_1372636_1372742	1,372,636 → 1,372,742
BAE8062DA8538C9C83FFBA9684BECE9613EEFD2F	BSU_36900	glyA	BSU_36900	3,789,190 3,790,437
BAF03C28C78848C8D0EDE5425E8686A5C8D169B6	new_3740106_3740205_c	S1399	new_3740106_3740205_c	3,740,106 → 3,740,205
BB0443D95581DCA66EDA390842945F105A71A371	BSU_29240	ytrI	BSU_29240	2,995,067 → 2,995,597
BB122C73972ACEA08DE97F95FC9AC249671C86A3	BSU_19070	yobS	BSU_19070	2,081,172 → 2,081,747
BB1B69393024F314ED726F3556619582E1473C12	new_860294_861944	S273	new_860294_861944	860,294 → 861,944
BB1CC179FFD00671BA43C979869B27C57E4EBA38	BSU_29845	BSU_29845		
BB22484B4773FF70B8AD253DF93F48A4F686C1D2	new_2044833_2045843	S703	new_2044833_2045843	2,044,833 → 2,045,843
BB2906E2FCC8100AC9A4ECAEABE549EE4906C95D		bsrD		
BB3716E24A7BE7C0108ABCFF9C9B67A0F15457AA	BSU_08700	ygaE	BSU_08700	941,168 → 942,229
BB3724A851E908ABC8DB0E635BB5FACB8BEFE616	BSU_38430	gspA	BSU_38430	3,944,560 → 3,945,420
BB4007ADF92649730C9F9A26FD082ABC8CFA1E48	BSU_08620	yfhP	BSU_08620	934,457 → 935,440
BB42AE1AAFA3229649A8E210C1F6D7B61AF38BA1	BSU_09300	glpD	BSU_09300	1,004,975 → 1,006,642
BB464E46CCA245A2BF878F0E37877A595E9A39D9	new_2781002_2781208	S1031	new_2781002_2781208	2,781,002 → 2,781,208
BB633452C204F0AD4C028B14C7AD26011739DD18	BSU_02785	BSU_02785		
BB6F5D7463EF96E2C6344D0BC30A227C5E3B5817	BSU_16400	flhF	BSU_16400	1,709,747 → 1,710,847
BB702B64BE1F5EF34D2639F133C82234D1BE79A8	BSU_rRNA_2	rrnO-23S	BSU_rRNA_2	
BB8542A6444564B21FF5DB6E2C75192C6DA2DFB8	BSU_15900	fabD	BSU_15900	1,663,567 → 1,664,520
BB85AB2A650C677556B8280ACB74833E9B7D1330	BSU_22510	ypjC	BSU_22510	2,360,630 → 2,361,502
BB946CE2F3813ED87CEB515BFF7DEEA0BDF9E0B0	new_3491558_3491654_c	S1305	new_3491558_3491654_c	3,491,558 → 3,491,654
BB94F5388A0D1FF025E5A88A7E10AE7E4C489E5F	BSU_13000	ykfD	BSU_13000	1,368,844 → 1,369,833
BBA4F097AFEABEE97D193E6C9D471D839CCA655B	BSU_26750	yrdD	BSU_26750	2,732,747 → 2,732,881
BBA93C5BAA044DA61A2D1E0EE850A12391E8A3E3	BSU_12850	ykaA	BSU_12850	1,350,482 → 1,351,099
BBAD1638F435791C1846EFFAD6B6F82CE491FDF1	BSU_28770	araL	BSU_28770	2,944,187 → 2,945,005
BBB0848B2516188E950763E1D0194860923CE895	BSU_18200	nrnB	BSU_18200	1,948,313 → 1,949,512
BBB1C34EAA27BDA499629C3C90FD9950B5963689	new_606414_606611_c	S198	new_606414_606611_c	606,414 → 606,611
BBB1CED8E2404C692C9BA73088605FCD71623187	new_3125642_3125776_c	S1165	new_3125642_3125776_c	3,125,642 → 3,125,776
BBBCD5F56779895189E21076AF165B901F654534	BSU_29880	malS	BSU_29880	3,056,849 → 3,058,549
BBC06DA57CAC2B2378763E0839C6C31AFBEA0417	BSU_39230	wapA	BSU_39230	4,023,544 → 4,030,548
BBC110A2F80C04907771DE34A6BCC07A04D0C495	new_1275740_1275808	S440	new_1275740_1275808	1,275,740 → 1,275,808
BBC3A6A6506B90E6C73244637ED4EE958FAD3402	new_1189532_1189645	S396	new_1189532_1189645	1,189,532 → 1,189,645
BBC6001BB36DF24DA401240387D75AF472F7FE20	BSU_06130	ydjC	BSU_06130	664,319 → 664,669
BBCCC320EB2B27F8F7A59711B13133BB843C43BF	BSU_11350	yjaZ	BSU_11350	1,210,500 → 1,211,285
BBD5FE93C8BB321D0545FAB1EA544589466A9A12	new_3193379_3193546_c	S1186	new_3193379_3193546_c	3,193,379 → 3,193,546
BBD82B93D5E880AB7093ED53DDB149B0E0B3BAE4	BSU_00990	rpmGB	BSU_00990	117,349 → 117,498
BBDA32A4EE3389D6F4404F7B3DA9E13AC7BF8055	BSU_15810	spoVM	BSU_15810	1,655,446 → 1,655,526
BBEE8CEC868D3B781BEA50C45935BC810EA7A4FB	BSU_26810	yrpC	BSU_26810	2,738,308 → 2,739,105
BBF22E368CB091678083934FD42BB11EA30B29DD	BSU_01570	pdaB	BSU_01570	159,779 → 160,543
BBF2D58DFC1E345BB841AFDFEF5E651715B1426B	BSU_26560	yrkC	BSU_26560	2,714,933 → 2,715,493
BBFA6A5EE16CE6203AF89573F87678395277C9E8	BSU_12840	pit	BSU_12840	1,349,468 → 1,350,469
BC0DF593AE969F1DBC5E9E2BACF1C00BE4FEE449	BSU_13880	glcT	BSU_13880	1,456,092 → 1,456,958
BC12B43FE42CDB31C9EE4396ED1B36AD2764B839	new_1011751_1013617	S325	new_1011751_1013617	1,011,751 → 1,013,617
BC19D5B3764503298ED7136FC9F63A68F6AC464F	BSU_15850	sdaAB	BSU_15850	1,658,242 → 1,658,904
BC28167FE175BFD7DBF1B07C54D3512184B95B8F	BSU_02820	rapJ	BSU_02820	304,430 → 305,551
BC434FE0E92376A618ED34ACBB07B8A2E7F31DE6	BSU_19550	nox	BSU_19550	2,127,813 → 2,128,421
BC46D5B7ADC6F0F509A78118BA27997BE5050F1E	BSU_27110	yrhO	BSU_27110	2,768,827 → 2,769,654
BC568649A341B2E6341993EDA4BF52BDE18A3294	BSU_07800	treP	BSU_07800	850,367 → 851,779
BC6FA7677AAE6BA24530D125007A18056D75DADF	BSU_23490	pupG	BSU_23490	2,446,418 → 2,447,233
BC768379A9CA9D67A030911442BAC64D3F5BF036	new_1759601_1759654	S603	new_1759601_1759654	1,759,601 → 1,759,654
BC8B37355E6FADBA5F4636C3879E99003B0F3E84	BSU_01080	rpoC	BSU_01080	125,562 → 129,161
BC8CBFF0C2F3C2BEE3275E2CB65D41F2AFC0A1CD	BSU_13790	ykvQ	BSU_13790	1,445,638 → 1,446,336
BC90785AD2C60DFF333A7083908738C3B2BB3A6C	BSU_05780	ydhJ	BSU_05780	623,373 → 624,350
BCA2700F27CA7A0C3FC08AAEBE615A783A42F408	BSU_39340	hutP	BSU_39340	4,041,483 → 4,041,938
BCB4240A9611A9FB1080A6E6F1A74440AE7AE001	new_576099_576163_c	S185	new_576099_576163_c	576,099 → 576,163
BCE1D8CDDF07396583FF50C4C192785545244BE2	BSU_35070	yvmC	BSU_35070	3,603,821 → 3,604,567
BCED6015E8CD17F94E9D0BC6CFEB15BF42F890A5	BSU_12860	steT	BSU_12860	1,351,375 → 1,352,691
BCF537824830CD97340D5CA48D24AC9A36E95A86	new_2591428_2592036	S941	new_2591428_2592036	2,591,428 → 2,592,036
BD162A17E5F3F9AB49E478CE72D0FE92D82E6673	BSU_40939	yyzM	BSU_40939	4,203,124 → 4,203,330
BD1C4D9E6E8960DF77EE1571A637929C2D8C4A28	BSU_09610	yhdV	BSU_09610	1,037,306 → 1,037,701
BD23EC2EAC16D3A4BCAE19222E29C2F8AEB30AA6	BSU_37590	ywgA	BSU_37590	3,858,999 → 3,859,499
BD3170E82C671DF97AE93045802D9AB152CF64D4	new_2724871_2724954_c	S1001	new_2724871_2724954_c	2,724,871 → 2,724,954
BD3382760B704972A0E67ECEDA4B29AA4ECD8164	BSU_39370	hutI	BSU_39370	4,045,245 → 4,046,510
BD3A3D84AD3A21B634B8EBAF684B690FE02BD857	BSU_40560	yybP	BSU_40560	4,169,166 → 4,169,612
BD3C36B63C5D88FDBACFB18849F3DA863F38383F	BSU_11570	cwlQ	BSU_11570	1,235,163 → 1,235,708
BD460D3899874585349ECC9070FC708EC4A60964	new_1385609_1385671_c	S470	new_1385609_1385671_c	1,385,609 → 1,385,671
BD57DC17917E229BD315C56A6726C8235E77311B	BSU_23340	ypuB	BSU_23340	2,434,143 → 2,434,346
BD5ACF930DD63E258D71569326752C9A1D7B9324	BSU_15410	ylmH	BSU_15410	1,611,654 → 1,612,427
BD6122145E50EAE22BDE8FBC0FAB335F6F392786	BSU_29479	BSU_29479		
BD63E58F9CF99F9A1888099F3393B30DE3F164F5	BSU_31340	yugM	BSU_31340	3,220,301 → 3,220,672
BD82663B1BF2763D2D2DE710C2896E4155419324	BSU_05720	ydhE	BSU_05720	618,095 → 619,282
BD829A2B16D7EDB941EA7A9CD9101E4AB163D87D	BSU_20090	yosK	BSU_20090	2,166,413 → 2,166,613
BD843389F95BFB905071547AB243413A617F12A8	BSU_34300	epsH	BSU_34300	3,521,111 → 3,522,145
BD8C0563C7123B6DEC1EEB602BDF2C9D92D34991	BSU_39300	yxiD	BSU_39300	4,036,784 → 4,038,493
BD8D1EBA85928C4ECA4FF50556FC7C59F9BC0E9D	BSU_22019	ypzF	BSU_22019	2,311,986 → 2,312,132
BD9D17F4C724D41D8D0630684268E6CDD0FFD149	BSU_05760	ydhH	BSU_05760	622,293 → 622,790
BDA23FA513C240B07DC109BB62A7A5EB96B20965	BSU_36370	ywpB	BSU_36370	3,743,732 → 3,744,157
BDA8B49AC4AE81383D84337C7FEE9D88EA92AED3	BSU_10760	yisL	BSU_10760	1,153,265 → 1,153,621
BDAA216E832B8EB267CED6456A0045254DD0E97D	BSU_09250	yhcX	BSU_09250	998,402 → 999,943
BDAA56484E05DA3C1CB0CA09873A365657999679	BSU_07510	fecD	BSU_07510	824,714 → 825,715
BDBBAE4995E77FD0978412985E4D49A3A39BC5F7	BSU_08900	yhzB	BSU_08900	967,229 → 967,852
BDC2D775CCE7C06F5619BAC214F29CFC637FE804	BSU_37510	pbpG	BSU_37510	3,849,818 → 3,851,893
BDCC4DC47089D134B506265C5CE88244A374EA5E	new_2714141_2714230_c	S994	new_2714141_2714230_c	2,714,141 → 2,714,230
BDCEF13950C4BFDB47627440098D4242CF4C4EB7	new_1874062_1874202	S624	new_1874062_1874202	1,874,062 → 1,874,202
BDDD52CE09533CFD6557B933F2AE1C9B94F9708B	BSU_05899	ydhU/2	BSU_05899	634,651 → 634,776
BDE032590D5F3504CDB4D6BD545153D681B65ADD	BSU_12740	xkdU	BSU_12740	1,342,380 → 1,342,958
BDE9DDD852666EF28CBBAA5077F52653C9D15351	BSU_33890	yvbK	BSU_33890	3,476,043 → 3,476,510
BDFB6CCB5AAD9747971DE6B78E07558706E04617	BSU_08610	yfhO	BSU_08610	931,879 → 934,464
BE00F8E4BA027DC946C7E2DF94CB7548C519C3C7	new_2119128_2119278_c	S749	new_2119128_2119278_c	2,119,128 → 2,119,278
BE0777DE7C40825D4DB7252EA84AAB3892578529	BSU_09550	mpfA	BSU_09550	1,032,063 → 1,033,397
BE0C84DABC90BF26311A3E2233F54DC510CB4208	new_659343_659558_c	S216	new_659343_659558_c	659,343 → 659,558
BE1F7BA77CE8B6A1A2D22F31421C27F2E954816A	BSU_06570	yerB	BSU_06570	715,433 → 716,428
BE34A9CE3AF99E8880FC24E34E5D79A1627260AE	BSU_27580	yrvJ	BSU_27580	2,818,494 → 2,820,050
BE4AE7892B544A974D6BA5BD5A5D5BE631699AAA	BSU_30020	ytzE	BSU_30020	3,072,401 → 3,072,622
BE4C3014543666CD42A489B30052979454F32694	BSU_rRNA_19	rrnB-16S	BSU_rRNA_19	
BE6FFE6B47C424DE0F4CB78BD994CE3CAD0DD5CB	new_2593286_2594087	S944	new_2593286_2594087	2,593,286 → 2,594,087
BE75EC39CE27D7711144BB47BF82864CD4CA34DC	new_1153150_1153230	S386	new_1153150_1153230	1,153,150 → 1,153,230
BE8D5E038C0FD748C0F9C3F18DCA601BFFE8EA52	BSU_21500	uvrX	BSU_21500	2,270,407 → 2,271,657
BE9373BEB682E5F8B0938AAA4ED9B723B357ABAE	BSU_16460	cheD	BSU_16460	1,715,970 → 1,716,470
BEACD74FE0AE56E8154F3EB8D4247488030BF0D3	BSU_01350	rplO	BSU_01350	144,085 → 144,525
BEB95A1F843F4D3B51B6E151137453F797342FE2	BSU_21250	yomR	BSU_21250	2,242,414 → 2,243,631
BEBA71A2EF56DAEAF80924856DA68124805BB158	BSU_19210	yocH	BSU_19210	2,092,899 → 2,093,762
BEBAF1EB53EBB3E7558BB5FE73C418B50000FA29	BSU_00210	recR	BSU_00210	28,867 → 29,463
BEC0958E1229D8429D19FDDC580F475877A21BF6	BSU_rRNA_1	rrnO-16S	BSU_rRNA_1	
BECA96CF7ABCBB3DB9AED0B2204BBE03EB4B2CD7	BSU_misc_RNA_82	rnaC	new_2773764_2773889	2,773,764 2,773,889
BEE6F16D6A5BBC7FED9E8EB5FA6A94BBF932BBDA	BSU_40350	rocR	BSU_40350	4,145,747 → 4,147,132
BEEA718099A1F0B32C72D01C4B9BF55AE7A55ABD	BSU_tRNA_57	trnB-Leu2	BSU_tRNA_57	
BEF882B7B846E3B8BF4C08FBF0DBB9F5A2CA2604	BSU_27009	yrzP	BSU_27009	2,755,987 → 2,756,181
BF0329D469211F579F5CF0CBB58A6D96DD8CB839	BSU_18830	pps	BSU_18830	2,051,329 → 2,053,929
BF0E188249161B3CC24D223FDD48B820EBED8F55	BSU_39930	yxaM	BSU_39930	4,101,166 → 4,102,365
BF0E202739BFD461E418655ECD9C3425AC556FA3	BSU_07010	rhgR	BSU_07010	765,838 → 768,123
BF17F59B71319DC6ACCB5A14665A3A66D853B2FE	new_2092326_2092824_c	S731	new_2092326_2092824_c	2,092,326 → 2,092,824
BF1B41B45CBB9562E0448223ECBEAC288CF4C9A4	new_2302439_2302629_c	S823	new_2302439_2302629_c	2,302,439 → 2,302,629
BF233467FAF95EEEE12A0D36C543DB357D8879EA	BSU_31640	mrpE	BSU_31640	3,251,248 → 3,251,724
BF2ED7E27055A9D24C3ED70AD8639510F8DBDEF1	new_3257607_3258036_c	S1217	new_3257607_3258036_c	3,257,607 → 3,258,036
BF399F90840196FB90D4CBC438DD1F6C066F035C	new_4084384_4084588_c	S1526	new_4084384_4084588_c	4,084,384 → 4,084,588
BF480721B89661BFFE6632BB10C5F4DC29951784	BSU_03460	hxlA	BSU_03460	375,166 → 375,798
BF6410A0459480944B74E581B3F68E1634D90B6A	new_1891803_1891907	S634	new_1891803_1891907	1,891,803 → 1,891,907
BF6DA9F822CB6AC907E53BC8745D411245827820	BSU_09958	sscA	BSU_09958	1,071,402 → 1,071,488
BF810B3EE188036648BC76248FDB7011D65CA642	BSU_tRNA_11	trnSL-Glu1	BSU_tRNA_11	
BF81AD95FE6CF7662D012EF293C769E80C093D34	BSU_30450	ytrB	BSU_30450	3,117,976 → 3,118,854
BF8A3C916C4B673D30AEF7C330C9BD5A487AB0EA	BSU_21680	msrB	BSU_21680	2,287,097 → 2,287,528
BF97457E986656E4A9FE7A858F5BDF1759850D5C	BSU_24620	tasA	BSU_24620	2,553,081 → 2,553,866
BFAF497FB8E871AA84A0864CB08D2059791C7E73	BSU_01390	infA	BSU_01390	147,585 → 147,803
BFAFC2CFA7F2FDA639B367C579E2A46242BA3DBD	BSU_07220	yetL	BSU_07220	789,652 → 790,155
BFC02BC02B2B93C40BFD77AD2773BBCA62A5FF34	new_3466069_3466155_c	S1295	new_3466069_3466155_c	3,466,069 → 3,466,155
BFDAB855DC76A78C100DC5E5FB81F73069F5F93F	BSU_04210	ydaF	BSU_04210	473,174 → 473,725
BFF9B4C3C5A7504E7A1281CB40E7DAFA8B3E6963	new_311859_312061	S105	new_311859_312061	311,859 → 312,061
C00E34EF63B5EAE33CAD5E469893C0A5112B9F35	BSU_02230	purT	BSU_02230	243,892 → 245,046
C01899D575A19EE0AE35791186772D1DB30069C7	new_2217691_2217966_c	S794	new_2217691_2217966_c	2,217,691 → 2,217,966
C0192CFF5259B6C9AEB995E5064C2AADF33ED4D3	BSU_24830	yqgT	BSU_24830	2,567,360 → 2,568,490
C022ED08B197F6BCF19D3A82571DDF95A79A5B4C	new_205212_205408	S73	new_205212_205408	205,212 → 205,408
C02D5EEAD8D7FBA9A2D217D997856D0271FCFDC5	new_24_297_c	S2	new_24_297_c	24 → 297
C036C00DA07E25F103E65D12C652C12A5DC0B68C	BSU_35130	yvlA	BSU_35130	3,608,447 → 3,608,773
C03C45F280398E2335FE8A4A0FA25C3C0980C80C	new_1071742_1072225	S349	new_1071742_1072225	1,071,742 → 1,072,225
C03EB884D0ED435A2730668ABEFA83DE73A86244	BSU_26630	yrdQ	BSU_26630	2,721,778 → 2,722,644
C040D37E65E04625F01A1A789E3C3591CDEC66F3	BSU_26190	yqaT	BSU_26190	2,688,306 → 2,689,601
C042792D9A643DCFF4A851EFECA3CF2C31E1EDAF	BSU_04850	ydcP	BSU_04850	532,922 → 533,302
C0459C0D45E31561D281E016D86CD80DCAF13357	BSU_38760	cydA	BSU_38760	3,977,791 → 3,979,197
C05F06D4856F91733C29A7ED61F5C7C4D2F80188	BSU_06083	ydzW/7	BSU_06083	659,129 → 659,221
C07156CBA0AA3BAB24D17D15708FC68E74A854A7	BSU_38690	yxlC	BSU_38690	3,969,999 → 3,970,319
C07A977504BA6F43C7E94355713E4F6AD3B81D96	BSU_17060	ymzD	BSU_17060	1,780,618 → 1,781,073
C080E8DB0D9520742B9E84D9C9CFAE36DE35BADF	BSU_tRNA_67	trnB-His	BSU_tRNA_67	
C090E4DDBFC43CCE6D2AF81FD2B6A92F4E222D61	new_692610_692739	S227	new_692610_692739	692,610 → 692,739
C09526985A4FFEE49DFBF754FAED845CA86CCC14	BSU_40840	yyaJ	BSU_40840	4,194,389 → 4,195,744
C0B6520E74CE9F7EE3DEC8C0D83E0770F241C4E8	BSU_33620	yvaK	BSU_33620	3,454,221 → 3,454,967
C0B7845F55A16300EB37F026C817AEC4F3BA3B6F	BSU_03780	phrC	BSU_03780	429,963 → 430,085
C0B926F1134A7A3FEEC886F9AF67F694C8E0C089	BSU_40890	rpsR	BSU_40890	4,198,603 → 4,198,842
C0BEEAD315077FE3D0D061D1D447D03E6CB48D6A	BSU_36110	chrS	BSU_36110	3,720,925 → 3,721,401
C0BF94132174391F55390062A4B8FEEC6A9352BF	new_2007582_2008540_c	S682	new_2007582_2008540_c	2,007,582 → 2,008,540
C0C0DDB14CF40C1E0F7AB94F80D27E87D32226EE	new_2457212_2457348_c	S895	new_2457212_2457348_c	2,457,212 → 2,457,348
C0C30D2A6D3DF7A66063010044D370BD36D27DBF	BSU_32680	sufU	BSU_32680	3,357,011 → 3,357,454
C0C65835A0E2680F52D391BF4EAB7F463FBB1DD3	BSU_14210	ykuT	BSU_14210	1,491,221 → 1,492,024
C0D6B99883E035AC65C2ACDFC0FA4B03A500A00B	BSU_21390	yomE	BSU_21390	2,260,333 → 2,262,267
C0DED68802EF78D2BC16507234AAC3B60D236E68	BSU_07610	citM	BSU_07610	834,383 → 835,684
C0E284679F737A94DE99C1DE8DB036368E02528E	new_3575785_3575982_c	S1327	new_3575785_3575982_c	3,575,785 → 3,575,982
C0E921ECAEE12DEC32A5DEE866762D6971360FA1	BSU_05340	aseA	BSU_05340	579,889 → 581,196
C0F5FAD6DF89DA9E0FFC8F888D7CED6AA42D9C73	BSU_40920	yyaF	BSU_40920	4,199,843 → 4,200,943
C107A958DFA2B0DA4837E2F9F648CD329A3116AC	BSU_33100	liaF	BSU_33100	3,396,114 → 3,396,839
C13F1870B014F8B2C16D9B169F40747DE5B51B85	BSU_11110	yitS	BSU_11110	1,187,700 → 1,188,551
C14B113B1A8BEA0547459AA7EC5755634D1A8A88	BSU_40870	ccpB	BSU_40870	4,196,786 → 4,197,721
C163CF34BAA3A37DCC67851DEE5889BB7AD208AB	BSU_14270	moeB	BSU_14270	1,496,155 → 1,497,174
C1686816CD8B57A64372EEF4A331D24F90022238	BSU_13370	ykoQ	BSU_13370	1,400,767 → 1,401,579
C16FFAFDDE9A790A34302F08D02F6409101AB640	BSU_39129	yxzI	BSU_39129	4,018,786 → 4,018,974
C178B637FF6FE4D8DB51B65110E62FA84B16553D	BSU_36499	BSU_36499		
C17C296F3EB2E106C380E3B5D784F3FA63F4C9B7	BSU_38229	slrA	BSU_38229	3,923,319 → 3,923,477
C18B886D06879C64B64606371E85A7D4D22DCFAC	BSU_02440	glnK	BSU_02440	265,476 → 266,708
C194336ED96FA844FFE9FB43BE59ADC5D6DDB3BE	BSU_22910	motI	BSU_22910	2,397,019 → 2,397,672
C195C6D60828D401277EC0AC9121AEFFB315B6C3	new_489666_490525_c	S143	new_489666_490525_c	489,666 → 490,525
C1A69DD034CAF5957F0DAA281AEBB4487D511980	new_1006655_1006728	S323	new_1006655_1006728	1,006,655 → 1,006,728
C1A6D056BCC1F20486D054E9291AF27BEBDB3666	new_1859884_1859964_c	S618	new_1859884_1859964_c	1,859,884 → 1,859,964
C1B89BD3DD27CD566018558D3A7845FB451056F0	BSU_29020	gapB	BSU_29020	2,967,032 → 2,968,054
C1C051209943E02369356075EAA733297E9478CB	BSU_18300	ppsE	BSU_18300	1,960,198 → 1,964,037
C1C11ED790D5552A275419DEE04250840CED6723	BSU_26230	yqaP	BSU_26230	2,691,642 → 2,692,571
C1C5420EF883B260EED12EC2E3A5421992983452	new_3054512_3054650_c	S1143	new_3054512_3054650_c	3,054,512 → 3,054,650
C1D6D188E5BD039F32427B2A58BBFC0CC173A476	BSU_03830	fpbQ	BSU_03830	435,036 → 435,989
C1E345F89AE1A7F42F5CACA98376E65B4FDB6E3C	new_3769109_3769193_c	S1413	new_3769109_3769193_c	3,769,109 → 3,769,193
C1EB8D05386C1B35B8002239F5247CC6AB25F786	BSU_21410	blyA	BSU_21410	2,263,489 → 2,264,592
C1EC5FB8254E9F8EF5EC02191A533FF9AB9F5D3C	new_2779165_2779384_c	S1027	new_2779165_2779384_c	2,779,165 → 2,779,384
C1F5D0EA21DCA5F8EC43720CDF67E859CA7B866E	BSU_28750	araN	BSU_28750	2,941,674 → 2,942,975
C1FE13182E3E62EBC9650B02DAA0D574332A5F4D	BSU_09890	yhaQ	BSU_09890	1,062,591 → 1,063,487
C1FE58B2BAB037DDB6E78E4740901BC9510A1FCB	new_1885918_1886056	S630	new_1885918_1886056	1,885,918 → 1,886,056
C20A05AE4CE8AEE0DA767334935CC64106A7FCCB	BSU_15530	pyrK	BSU_15530	1,626,948 1,627,718
C215EE1C48EE6CCA99E024E87A20F68A42E71B46	new_679052_679349	S225	new_679052_679349	679,052 → 679,349
C222F247C225FD6DEBB103DFB169AEF87DFC0C0D	BSU_12720	xkdS	BSU_12720	1,340,932 → 1,341,357
C2283BDD806221A285A27F24F52F92F4D47F0C55	BSU_05930	rimI	BSU_05930	642,810 → 643,265
C229BD2C00B169CF4A99482E65B3F749AD9D51D8	BSU_35920	rbsK	BSU_35920	3,702,393 → 3,703,274
C22C15754859B2510E52622E6A5DFAF97A7AD4E5	BSU_34870	hisF	BSU_34870	3,583,562 3,584,320
C22D51835C745F9AF28F1B37AF8D99DA6754C0D8	new_3780657_3781040_c	S1423	new_3780657_3781040_c	3,780,657 → 3,781,040
C22F7704DC9D36D96FE089ADCEA546D7A3FB3739	BSU_22180	gpsB	BSU_22180	2,331,779 → 2,332,075
C233098010A40D0C4EA09A1F7AF557F7B81B82A6	BSU_36269	ywzD	BSU_36269	3,733,505 → 3,733,648
C239C155F5452C86BF6C78190BABBBB07A63DF87	BSU_30400	bceR	BSU_30400	3,113,187 → 3,113,882
C23EE127990420733E6EEE4598B814026C270372	BSU_22270	yppE	BSU_22270	2,338,809 → 2,339,180
C245476CE35028167510F67153F392D91447553F	new_1395590_1395909	mgtE riboswitch	new_1395590_1395909	1,395,590 → 1,395,909
C2473921A4C0F695E0D8524F4050BCDF928D5626	BSU_05400	ydfG	BSU_05400	586,628 → 587,071
C248464E5B6463E253E389587995B9A7F17E1DCC	BSU_11090	yitR	BSU_11090	1,185,608 → 1,185,901
C2506D988C00CBA01C3073B3D67AD79FC81A26CA	BSU_13650	eag	BSU_13650	1,431,027 → 1,431,458
C26EAFC9DC4A930F1887E0B99770F5F386A407D3	BSU_01889	ybzH	BSU_01889	211,429 → 211,731
C277A10CD90F143CB93844B35DC3F10781769135	BSU_25720	yqeD	BSU_25720	2,649,842 → 2,650,468
C288704303F8CF488C6F01AE6526A79DFB5A8E62	new_2758015_2759120	S1018	new_2758015_2759120	2,758,015 → 2,759,120
C2B8C0A5337504CD37A991216E4A8ED4466EF945	new_1054654_1054745	S344	new_1054654_1054745	1,054,654 → 1,054,745
C2C4269181503D0BC6296BC1E4AAB049B4E9D532	new_3335546_3335614	S1252	new_3335546_3335614	3,335,546 → 3,335,614
C2C67880EDF09E1BA75A4791628EE1982F9B6B0B	BSU_16340	fliO	BSU_16340	1,704,211 → 1,704,870
C2CD5EEBD499E8667FEB0F0DAA3DC818E3FAC62D	new_1275640_1275738	S439	new_1275640_1275738	1,275,640 → 1,275,738
C2D59AF2B2D1B9E9FCB4826908A1311FEFC6D193	BSU_26210	yqaR	BSU_26210	2,690,381 → 2,690,845
C2DDBBD801BC61B89024198624360CC55D208247	BSU_10670	gerPF	BSU_10670	1,148,494 → 1,148,721
C2E28821689A07B9AA1B0BD5C84D856C04D83E95	BSU_07650	yflK	BSU_07650	838,077 → 838,742
C2EAE417DB9250B88BB0E25D4AE760BDE82EFD86	BSU_14410	sipT	BSU_14410	1,511,308 → 1,511,889
C2EB2BE786A5C155DE440E52CB430B25E70C8AA7	BSU_05180	ydeF	BSU_05180	564,704 → 566,101
C2FE7E51E59F49935B0CC9376C55C0957B373CF1	BSU_20910	yopF	BSU_20910	2,212,026 → 2,212,241
C30BB71F5DF257ED4A77DFD34EAEF2C05F0F9216	BSU_05380	ydfE	BSU_05380	585,155 → 585,778
C30D9F57EB1B53C398C3F303B77982F96B0BED4B	new_1552772_1552898	S541	new_1552772_1552898	1,552,772 → 1,552,898
C314CE9D194E8894430368C5F69C0778D45A651C	BSU_32530	pucF	BSU_32530	3,342,433 → 3,343,671
C3183F5ADCA6C85B9564E69761CD37ECBE636AD1	BSU_39800	yxcD	BSU_39800	4,087,456 → 4,087,764
C31AF6C8050D453D9011B0793403791F1851BA69	BSU_39720	iolE	BSU_39720	4,078,173 → 4,079,066
C31B62E54FB45C3210693AAE601F88907E87B9B5	BSU_19300	yozC	BSU_19300	2,100,147 → 2,100,350
C32617ED9CB3A39996235123A706A62A4DFB32BB	new_2308165_2308470	S829	new_2308165_2308470	2,308,165 → 2,308,470
C32AE30BF7931D6171E9DE75C67504F81DD0F227	BSU_31220	rhaEW	BSU_31220	3,201,860 → 3,203,929
C32EB71BE4F37F37154860E35A8D95DC71138A4F	BSU_07160	yetH	BSU_07160	785,543 → 785,905
C333F405F597FF260FFA0EC616B8CF6BF454815B	BSU_39020	nupG	BSU_39020	4,005,752 → 4,006,945
C3458424C46170C53E0B4D1483AF750F239076E1	new_1630221_1630381	S569	new_1630221_1630381	1,630,221 → 1,630,381
C3482F13AE7B7462D9A4C91C8B461B7987A2277D	BSU_35220	minJ	BSU_35220	3,620,346 → 3,621,539
C352560155F5B2E951B5059794D7B319C1A3AF2C	BSU_22340	nth	BSU_22340	2,344,755 → 2,345,414
C353164B0CA37F01DD70405020C7789EE1E96903	new_2349602_2349670_c	S850	new_2349602_2349670_c	2,349,602 → 2,349,670
C356D7839657D44F4E48021C59F0278C0A6DAB5F	BSU_tRNA_83	trnSL-Val2	BSU_tRNA_83	
C35A302F0B0BC724EC91B47AB4D38CF56CADD574	BSU_03270	ycgT	BSU_03270	352,858 → 353,868
C36C8C9EEDCAD392D9BEC9728A1E0CBFF2F4E790	BSU_22960	gudB	BSU_22960	2,402,067 → 2,403,350
C36DD4B670D803C5700428F62E6CA7ED127E4B41	BSU_13160	ohrB	BSU_13160	1,382,020 → 1,382,430
C37D1CCBDE6DCEAB0AFACF8CBB3F733FE08324EE	BSU_03230	putR	BSU_03230	348,724 → 349,959
C3823AFED3E5C3D1EA04C38D861239468C9E6349	BSU_32570	frlD	BSU_32570	3,347,051 → 3,347,905
C3966AC2F7160228C3B155132B40F0AF71D6FECA	BSU_10600	yhjQ	BSU_10600	1,135,255 → 1,135,581
C3BE9FD1560F1949A8096DDBA60632CF62F2D4F1	BSU_26730	yrdF	BSU_26730	2,730,560 → 2,730,835
C3D0E6EABC0D51554BB711A0A99BEE92F65AF34E	new_201802_202546_c	S70	new_201802_202546_c	201,802 → 202,546
C3D7C64AD0E58BF326257E23136466A237138B50	BSU_30270	melE	BSU_30270	3,097,850 → 3,099,130
C3D87DAA8DB124D50D2C2B2D424C9608C0DE067F	BSU_38220	ywcC	BSU_38220	3,922,292 → 3,922,963
C3E2EB2462FB4EA98552DBCDFB0F1E00BBC97F9E	BSU_20240	yorV	BSU_20240	2,171,139 → 2,171,357
C3E5D47D3524C62B0F26364549E585E0C040A297	new_3648747_3649980	S1359	new_3648747_3649980	3,648,747 → 3,649,980
C3FE8064F7DD5B5039EE3A0BA0C8A4FB63DC92EC	new_551074_551518	S176	new_551074_551518	551,074 → 551,518
C3FF164A1C863A37140A06E0832CA5A91406B184	new_3135504_3135638_c	S1170	new_3135504_3135638_c	3,135,504 → 3,135,638
C40116089BAD3F9831F8C837DC4F2E045753ABDE	BSU_30240	bioW	BSU_30240	3,094,679 → 3,095,455
C40C5D35ED53D343C8200248FCCB010BAB388054	BSU_23840	rnz	BSU_23840	2,478,006 → 2,478,929
C40FFDBBF9EDBBDDECE4609697538B37450D4858	new_2773647_2773762	S1021	new_2773647_2773762	2,773,647 → 2,773,762
C411DFF7D7FEFCC8A2B2F8E9BC7892B6AB7603AF	new_1512193_1512258_c	S523	new_1512193_1512258_c	1,512,193 → 1,512,258
C42EAAA815AA7604D33B1551C9A932939095380A	new_843997_844071_c	S270	new_843997_844071_c	843,997 → 844,071
C4325B0C93CEDFFDFBD7A695DF97A25EFE68DC92	new_738983_739575	S240	new_738983_739575	738,983 → 739,575
C43AE224400421CCDA7022C915ECC7525E30EB1D	BSU_09120	dgcK	BSU_09120	985,734 → 986,813
C43F34E0DB745095613EED2258AA572C94651F41	new_3301255_3301382_c	S1238	new_3301255_3301382_c	3,301,255 → 3,301,382
C44717EB77EBB904451F838B69050D08040B30E2	BSU_36440	ywoH	BSU_36440	3,749,052 → 3,749,465
C44F6723A2F1A627A0B9042871A07F5365D6121A	BSU_24880	yqgO	BSU_24880	2,573,520 → 2,573,693
C45A5935559F0DAAD70F808725AF730BC18A2B0A	BSU_22760	hepS	BSU_22760	2,383,615 → 2,384,370
C48798FE13B1521236F5BC5786B9A02D7BC9A336	BSU_33710	opuBC	BSU_33710	3,460,503 → 3,461,423
C4B6C3EE560C8BD353FEABB1A607C89C20DC8D34	BSU_08080	acoC	BSU_08080	881,049 → 882,245
C4C1F5035CECD7C909BD604DF775285A91B667EE	BSU_20610	yoqJ	BSU_20610	2,197,344 → 2,197,859
C4C5A7CCD4B02EC846A40C52574A1092D5A95F68	BSU_21620	yokE	BSU_21620	2,280,881 → 2,281,363
C4CC3772CA9FC46D90D2F15AE261106A0BC4453C	BSU_34520	cotQ	BSU_34520	3,542,943 → 3,544,286
C4D81976AAE888C4FE89A2EE5CF9A763CAD645FF	BSU_34310	epsG	BSU_34310	3,522,170 → 3,523,273
C4DA51243A4249B2489133C8EF0F8A30B05F4C86	BSU_10720	gerPA	BSU_10720	1,150,206 → 1,150,427
C4EDAD0D71ACC2FE11665834680CBA009A061826	new_3253449_3253528_c	S1213	new_3253449_3253528_c	3,253,449 → 3,253,528
C4EF534C1CA613038E1B7042A12EFAA6DA0B5B85	BSU_25180	trmK	BSU_25180	2,598,616 → 2,599,266
C4F85F85F0C99A59145961E34B19D3AD03D2BC22	BSU_12970	ykfA	BSU_12970	1,365,888 → 1,366,847
C507B3FAE6939AB1C1BEB1BEB640A142EDEE8B7B	new_1132073_1132144_c	S377	new_1132073_1132144_c	1,132,073 → 1,132,144
C50AE06E8C959EB7176504C8E2BAD1A08E47C51A	BSU_23880	mifM	BSU_23880	2,483,586 → 2,483,873
C5127208E7562F09249112240F0BE8C582B2E5AD	BSU_00220	yaaL	BSU_00220	29,481 → 29,705
C51B2074572559D9ED0B8030E65E903679EF949F	new_1769795_1769934	S608	new_1769795_1769934	1,769,795 → 1,769,934
C521BEE1EEEA7AD283A3C47C34301A8603CD9188	BSU_34730	yvcN	BSU_34730	3,568,527 → 3,569,291
C52461A2FE856C94E0D0701FB7412368404FC83B	BSU_27690	yrzE	BSU_27690	2,831,915 → 2,832,367
C5382E3BDF55137EB86BBE7218A711B86B7A742A	BSU_03160	ycgJ	BSU_03160	340,613 → 341,374
C5441E34B530A973780F6CD4171D8761C3F984F6	BSU_misc_RNA_42	BSU_misc_RNA_42	BSU_misc_RNA_42	2,817,899 → 2,818,131
C5457FEC46A1AFC6E5B1148B0E5F258B2C3197B2	BSU_27400	reoM	BSU_27400	2,797,823 → 2,798,089
C54F7A4ED0358EB85DC1DD7185A1056552DE4EEF	new_920382_920473	S287	new_920382_920473	920,382 → 920,473
C5508537A5CB1E2F71329CD822242EE988D395F3	BSU_19860	yotJ	BSU_19860	2,153,440 → 2,153,652
C56194753AF3CA8068B1FE15445EA32FAA2B8A62	BSU_32970	yusY	BSU_32970	3,382,209 → 3,382,499
C5725A879E82711DA42DA3AE505C39C815C4C845	new_4159220_4159541	S1556	new_4159220_4159541	4,159,220 → 4,159,541
C5776E5768CF1D456FF38864078EC093E47376BB	BSU_40660	yybF	BSU_40660	4,179,163 → 4,180,377
C57DDC9710CB557179B062F9C5D786DB02A3B5FC	BSU_13760	ykvN	BSU_13760	1,442,347 → 1,442,703
C593621E0BF81A1E30555E483C540A817B7D094C	BSU_19980	yosW	BSU_19980	2,157,341 → 2,157,682
C595D32D98723E93AF26B5C864FD61AF4739E069	BSU_00540	fin	BSU_00540	60,130 → 60,360
C59F1269409D9356EFE39A87D163B6C53B13DA44	BSU_19250	yocL	BSU_19250	2,097,692 → 2,098,024
C5A6D0D68DFF0459FBBF146854A9F6098E9A3BE8	BSU_32050	yuiE	BSU_32050	3,296,417 → 3,297,919
C5C72925567927CC177CCAC5369F80D57B9FAB5F	BSU_31321	mstX	BSU_31321	3,218,525 → 3,218,857
C5C7C89D7CC962E9E9376C1C0DFF7480EEE6D242	new_1658104_1658193	S576	new_1658104_1658193	1,658,104 → 1,658,193
C5CAED1256F082E722EBA0A72647AA043B5681DB	BSU_01230	rplP	BSU_01230	139,500 → 139,934
C5D3B9854FA787B8F3DDEF83BFF90C112A886D04	new_1233096_1233397	S414	new_1233096_1233397	1,233,096 → 1,233,397
C5D712B722239D1CCF5769894E283B950EFB40B3	BSU_tRNA_25	trnI-Gly	BSU_tRNA_25	
C5EAB70881746A227FFAD5A71AA17CA466ACC2AA	BSU_35679	yvzH	BSU_35679	3,666,933 → 3,667,016
C5F0825211484932B30C6B3D79FE2D72D226E1A8	new_3133391_3134939_c	S1169	new_3133391_3134939_c	3,133,391 → 3,134,939
C5F0BD1064C789F3A4AD93CB44883E3C2E4F7176	new_478812_478943	S141	new_478812_478943	478,812 → 478,943
C5F5598A67C528928B92815F6A75ECF8ADCE913D	new_3665533_3665628	S1362	new_3665533_3665628	3,665,533 → 3,665,628
C5F67C3ACB06A5029B4AE69A065BC55622372404	BSU_29630	refZ	BSU_29630	3,032,417 → 3,033,040
C5F9A1970393625B01C05C72C9A240C8EE8789D3	BSU_19190	desK	BSU_19190	2,090,574 → 2,091,686
C5FE4A0369162D49EEBCEA24E1EC25C20CAEF428	new_1262896_1264544	S430	new_1262896_1264544	1,262,896 → 1,264,544
C600DD31FFF1FED0C9533C1F00AC2F97B8724A6E	new_2755836_2755986	S1016	new_2755836_2755986	2,755,836 → 2,755,986
C6012DEA301DF5B2DDD7E673A736BD3E5163F209	BSU_35340	fliD	BSU_35340	3,632,911 → 3,634,407
C617393BDF4623951EF29EC0C1A18391BB2EED10	new_1041930_1041993	S338	new_1041930_1041993	1,041,930 → 1,041,993
C62164C159495FDE001F36AF5F6E35C10812ABE4	BSU_19520	yojA	BSU_19520	2,124,850 → 2,126,184
C623479DA2CCFB43600369B9A21831C47611ED39	new_1421204_1422144_c	S484	new_1421204_1422144_c	1,421,204 → 1,422,144
C6262FAB735105A97D1AB66F85DD275032F4B163	new_2822771_2822861_c	S1045	new_2822771_2822861_c	2,822,771 → 2,822,861
C650160C9E5B5F8587CA9E80A57BCCE97D701037	BSU_08180	malA	BSU_08180	890,022 → 891,371
C65FBDC48F7576A9720408105341B0B81E313DD9	new_3328673_3328761	S1250	new_3328673_3328761	3,328,673 → 3,328,761
C662129AEA8FDF00166537285631FF07CC246CC2	BSU_10800	bstH	BSU_10800	1,159,211 → 1,159,690
C66BA2EC608118B65D1DA8861D13BA9DE09A2654	new_1369868_1371036	S465	new_1369868_1371036	1,369,868 → 1,371,036
C6810A4ACD51EB8D14E5B30163348058196266A1	BSU_40070	gntP	BSU_40070	4,115,711 → 4,117,057
C6872585F9BD3717A4F49E96F7684C4A5AD1760D	BSU_22650	trpF	BSU_22650	2,373,487 → 2,374,134
C68BD010227B88A3DB296BE7C671F2A4A5DD69B8	BSU_19990	yosV	BSU_19990	2,157,829 → 2,158,119
C690DCDD98686DAF292B9D280B9948640ED75F24	BSU_22300	yppC	BSU_22300	2,339,799 → 2,340,761
C691DD957367F10E6C947AE69BB926462391FFDA	BSU_34000	yvbV	BSU_34000	3,488,952 → 3,489,869
C6976A38AC0631BD5DF1C294DA7497C76D63193C	BSU_35110	yvlC	BSU_35110	3,607,123 → 3,607,320
C6A61F9540F34A395BD07A37BECF5FA598F8203F	new_1565737_1565848	S545	new_1565737_1565848	1,565,737 → 1,565,848
C6B0ACB9D9703DD8141FD7D9D62DB22FB48F458B	BSU_14330	yknV	BSU_14330	1,501,658 → 1,503,472
C6B0EF2CD33D0F5455726167AE8F510619C3F6CA	BSU_34960	yvoF	BSU_34960	3,591,288 → 3,591,806
C6BF6DA14234D58DD0098345CA5D082DA3B985E9	new_71190_71799_c	S37	new_71190_71799_c	71,190 → 71,799
C6C6D7DF5CC8EBBC2EC51A0B31635EA5FAE64370	BSU_tRNA_28	trnI-Ala	BSU_tRNA_28	
C6CB4993032D8C2CC79A06C67925096F0AFE48CB	BSU_25730	yqeC	BSU_25730	2,650,487 → 2,651,380
C6D6B24637E5A2D5E1449DA4C0D7DD3D12236FE0	new_2647863_2648916	S969	new_2647863_2648916	2,647,863 → 2,648,916
C6DB8499752ED1DBF276C0E46CC561450BED6A40	BSU_14260	mobA	BSU_14260	1,495,505 → 1,496,104
C6EB94EACDA544700A468545BD1FDA91C5FD82FB	BSU_11390	appB	BSU_11390	1,215,243 → 1,216,193
C6EE08955E07C110C1B589E96E9D2EE583CEA521	new_3647109_3647701_c	S1358	new_3647109_3647701_c	3,647,109 → 3,647,701
C6FFF47DED967048CC23CF76C79A2F27DC705C85	new_372628_372770_c	S124	new_372628_372770_c	372,628 → 372,770
C700C68A72F64CAA426F1CC61DE3ADA32FA59E33	new_972833_973008_c	S313	new_972833_973008_c	972,833 → 973,008
C712F07095AAFF73B5D123ADE8B2BA47088DF215	new_1353008_1353079	S460	new_1353008_1353079	1,353,008 → 1,353,079
C72A3F6EB0163A711D62A23EA47ED237F5D91BB4	BSU_36630	ywnA	BSU_36630	3,766,178 → 3,766,579
C73E52D214E24F21696973B19B0A44CE785D6FBA	BSU_06610	pcrA	BSU_06610	719,370 → 721,589
C7400733DB8835A204A7FF26C87A92A15C5F318C	BSU_39220	wapI	BSU_39220	4,023,054 → 4,023,482
C74A724C4A6C137D3D05E8F92EDA06ECA2E5C3B5	BSU_10960	yitE	BSU_10960	1,174,136 → 1,174,765
C75A4465688BCE9902F9CDC6DE069E36667377E1	BSU_24280	yqiD	BSU_24280	2,525,789 → 2,526,679
C76265F521D9A153F28AC6BACD935CC20DEA5D9C	BSU_33180	yvrC	BSU_33180	3,403,493 → 3,404,437
C775E340B706B51D20CCA3AA98F3C1C68332F625	new_438353_438419_c	S131	new_438353_438419_c	438,353 → 438,419
C794BD31B4D7FF81B17607F0F88083A8D6DB87F3	new_1270127_1270583_c	S438	new_1270127_1270583_c	1,270,127 → 1,270,583
C7A734C0A899FCBF1B9E98F1BD41D7F09ED67414	new_278308_278376	S96	new_278308_278376	278,308 → 278,376
C7C36FAC0CE72226960FC7E8E016B8EC77AF1036	BSU_03890	gabR	BSU_03890	440,025 → 441,464
C7D8F35444E0FB83B931EAF56E62E9E5014F0501	BSU_09220	yhcU	BSU_09220	996,643 → 997,038
C7D9E701B2CA2C9E85D69CAD6E0A45BE590BAED9	BSU_13620	mtnD	BSU_13620	1,429,584 1,430,120
C7E9806AE8BFB4F75E433D53767BB4FC7B62E7C4	BSU_misc_RNA_76	srdFi		
C7F491A584E1CA0CA82DC15253BCC51AC5CADA4E	new_327480_327617	S108	new_327480_327617	327,480 → 327,617
C7FDE0BE621C48E2F8D7B00532403CA7D8B44660	BSU_14980	ylbE	BSU_14980	1,568,065 → 1,568,304
C7FEA1D9C7C96C39CEE83CE3F13D412DE6AFE10E	BSU_05620	ydgF	BSU_05620	606,699 → 608,075
C80697E8B2C45850A267F02DC26CF5B49EDA0EDF	BSU_06390	yebD	BSU_06390	697,157 → 697,324
C8070C5525BB0763161EDC2127757BAE6C937823	BSU_01890	ybcL	BSU_01890	211,859 → 213,031
C81F68521F17861D50926D7D8757DC1D2340BC0D	BSU_29100	phoR	BSU_29100	2,976,068 → 2,977,807
C82409A77378E0A5E4E91F68B75E0B74F963E160	BSU_ncRNA_2	auzJ		
C8261F84851193E3DE029A1B1EDBA7CDF6FA2D07	new_515108_515709	S161	new_515108_515709	515,108 → 515,709
C8282BE12DF0BF9BFACFEFCCA33A3C1BFF3926B7	new_3719173_3720884	S1390	new_3719173_3720884	3,719,173 → 3,720,884
C82E250EDFA44BB63C2C465C546A87BF40B76CC4	BSU_32080	yuiB	BSU_32080	3,299,344 → 3,299,664
C8312269EB9F915C2927D9E67C9CBEA46E8C74F7	new_681122_681254_c	S226	new_681122_681254_c	681,122 → 681,254
C832113D9C59F56C6CDA695B589B1E001C881ABE	BSU_08150	yfjC	BSU_08150	887,364 → 888,131
C835A7D3DA80B1431F9096098D5F65647E686588	BSU_misc_RNA_36	BSU_misc_RNA_36	BSU_misc_RNA_36	2,431,473 → 2,431,617
C83BD80DE0FD187D07B914F64696438ED5130107	BSU_25140	cshB	BSU_25140	2,594,184 → 2,595,500
C84D95CFF23CE8206182C4111ACDCE3E51A6B201	BSU_18720	yoaR	BSU_18720	2,041,928 → 2,042,839
C86BAEE3DC97A96EFB85A0E2DF44AD69ED04744C	BSU_05410	ydfH	BSU_05410	587,744 → 588,967
C86EC994CE5B53B6A0C13E5014897FE05FD02482	BSU_25700	yqeF	BSU_25700	2,647,920 → 2,648,651
C86FB523451AC172A20801829B717E5A5F914211	BSU_33910	pgm	BSU_33910	3,477,877 3,479,412
C874AD399BD54FFAD222C20EC3FD6CBC69AB222D	BSU_35980	ywsA	BSU_35980	3,707,836 → 3,708,132
C87D33852F263A553CA747608E6200E4AD8344B5	BSU_23870	polY1	BSU_23870	2,482,269 → 2,483,513
C87E74FB67B53DD1C68916AA121388C60CE66E92	BSU_32610	frlB	BSU_32610	3,351,110 3,352,096
C8884F86462683F6129191AF8322FC1B54C537D1	BSU_30310	ytwF	BSU_30310	3,102,201 → 3,102,512
C8905D74DBAEFA6A77193E2033482B5E5C1BA0E3	new_353869_356316	S120	new_353869_356316	353,869 → 356,316
C8AA53889FC8B389E1D921B762BD78990C7A8E57	BSU_00650	yabS	BSU_00650	73,106 → 73,843
C8B2EC9E35BDE4FC9B5642B8169F4BD13ACD30AC	BSU_01410	rpsM	BSU_01410	147,973 → 148,338
C8B3C93479DC1EF6DAD6FCBEEBAD57817BBAFDDA	BSU_03870	ycnE	BSU_03870	439,282 → 439,569
C8B867758330355F44C63CC284DC7AA3061FB9F1	BSU_23460	spoIIAB	BSU_23460	2,444,208 → 2,444,648
C8BF3815578293542D14811C60F4CA78AACF73EB	BSU_18910	rapK	BSU_18910	2,062,150 → 2,063,265
C8C2E2F1B739F3D9A2FA6B460998708AAB2DA495	BSU_15460	rluD	BSU_15460	1,617,210 → 1,618,121
C8DECE66496334A21E7EDA0D10BD17ECA81473E2	new_3762583_3762663	S1410	new_3762583_3762663	3,762,583 → 3,762,663
C8E45EDBCD0CFF353D1D66E6D77FD81E976BC0BC	BSU_01500	rpsI	BSU_01500	154,300 → 154,692
C8EFD001C76F3C35EFCDF30F50E94769696900D9	BSU_22280	yppD	BSU_22280	2,339,226 → 2,339,471
C8F0A75DC493CF3A3EE3A1D8402A2F8B5DD9EE1F	new_2589046_2589122	S940	new_2589046_2589122	2,589,046 → 2,589,122
C906459A1E09AE506DA3AB06EC7AA31DDCBCFCF0	BSU_misc_RNA_56	BSU_misc_RNA_56	BSU_misc_RNA_56	3,491,322 → 3,491,557
C90D642197EE589F9D33CD5AA0B1069E3BC124A8	BSU_26710	azlC	BSU_26710	2,728,976 → 2,729,740
C90E529B881205C8BBB03C960873A91989C21C3A	new_2549607_2549677_c	S922	new_2549607_2549677_c	2,549,607 → 2,549,677
C90E79426E17DDAFB12062C506FE7D80DF374DD6	new_3804684_3804986_c	S1436	new_3804684_3804986_c	3,804,684 → 3,804,986
C90F4078AC566F8E7C3BF245D9EFEF90A53E41DA	BSU_27470	yrrD	BSU_27470	2,805,704 → 2,806,228
C9370B221117B89A1134B413748D39505C2E1DA8	BSU_32510	pucA	BSU_32510	3,339,945 → 3,340,937
C95574E2B46A5667C50ACAEABC40355204142D4D	BSU_misc_RNA_47	BSU_misc_RNA_47	BSU_misc_RNA_47	2,953,408 → 2,953,538
C95EEAC79B9E823BBBCF6B1960DABCCBB2AC03A4	BSU_13860	papB	BSU_13860	1,453,691 → 1,454,782
C9817A54C8E72193280E393D7BD3375BD1751738	BSU_25530	spoIIP	BSU_25530	2,633,237 → 2,634,442
C986170546BD161CBBF6274F3F530A7EAF128B8B	new_1125843_1126369	S372	new_1125843_1126369	1,125,843 → 1,126,369
C987040D5E30D90D9924BF117249059CA402AB0F	BSU_tRNA_4	trnY-Lys	BSU_tRNA_4	
C993D176CE1B93A74D34B45DFFE30295245E2BD2	BSU_03850	ycnC	BSU_03850	437,474 → 438,352
C99AA3FDBB561BCED60915078DC746690C071753	BSU_39470	sndB	BSU_39470	4,056,870 → 4,058,012
C99CB28AA6EEA89649A59B329B66EDBEA1EFF3D0	new_505044_505113	S152	new_505044_505113	505,044 → 505,113
C9C395A5F6A2C06EAC97F228C5C66D1628C937CF	BSU_25900	cwlA	BSU_25900	2,664,573 → 2,665,391
C9E47F807248375982D85839EC72921034F061FD	BSU_40280	yycO	BSU_40280	4,138,800 → 4,139,537
C9E726B44BFC86D42A0FF2BB611A9E7B027BA39F	new_3450605_3450670_c	S1285	new_3450605_3450670_c	3,450,605 → 3,450,670
C9F900E0DBC720A6CFAD6DE36DEB22A18535D751	BSU_tRNA_53	trnB-Thr	BSU_tRNA_53	
C9FE434F5678A791F5CF3A81D56AE647BB07BA0F	BSU_17560	ynaI	BSU_17560	1,886,057 → 1,886,527
C9FEE07601AD28B2651EB881A1D9B34D5082237C	BSU_22350	dnaD	BSU_22350	2,345,433 → 2,346,131
CA00DFB480CBDC8AC31559958EF8E97E1E9BD4E1	BSU_22600	aroE	BSU_22600	2,367,954 → 2,369,240
CA0939064E70A97434FA450A69E779FD89880613	BSU_00840	mcsA	BSU_00840	101,927 → 102,484
CA0E2F13C9EB2B0643113322911DF51EA27C163A	BSU_20420	yorD	BSU_20420	2,186,985 → 2,187,299
CA16FD3507DCCADB1E01DF25B42C3405C9205B05	BSU_15500	pyrC	BSU_15500	1,621,374 → 1,622,660
CA24A70169D3A89B7EBA406C4EB015BC9828E6B2	new_1298339_1298611	S451	new_1298339_1298611	1,298,339 → 1,298,611
CA4597C6253CCF7D7954686A30AF041808BDF8E5	BSU_03930	gdh	BSU_03930	445,344 → 446,129
CA47B1C22C4FCFB93CD32FE3EC3F6F13DFEFC611	new_844073_844595_c	S271	new_844073_844595_c	844,073 → 844,595
CA4EF8385EAA4BBC47FF0D998C820D9F36F5F94D	BSU_06210	ydjI	BSU_06210	673,814 → 674,785
CA5187E3E30EE26C73A92FE84B461500BCB67136	BSU_18898	yozW	BSU_18898	2,059,691 → 2,059,864
CA6AAE8AC5B5EF01A911B035F8782579CD876C08	BSU_11660	tenI	BSU_11660	1,243,134 → 1,243,751
CA714C3EFA78810C512F88581AB13EB3AFDEAD7F	new_1221487_1221593	S407	new_1221487_1221593	1,221,487 → 1,221,593
CA71F577FDBB8C6E647AA56E16E4111651F47E17	BSU_04630	ssdC	BSU_04630	516,241 → 517,257
CA74CB721842927F67FBC3B5C27D2EE46B30CE1C	BSU_37560	thrZ	BSU_37560	3,854,256 → 3,856,172
CA7C472698CB9B9D75573377F42CCEE055D73EDD	BSU_40430	yycE	BSU_40430	4,156,931 → 4,157,350
CA7C4E9F9760F006E8E0DBC7E9D990D3EA4BC229	new_2931889_2933301_c	S1083	new_2931889_2933301_c	2,931,889 → 2,933,301
CA85B14720E86D2E609388D561B56ADA880B2190	BSU_21710	ypnP	BSU_21710	2,288,669 → 2,290,006
CA8A60F0C3B114EA9A718EA1BC218A9268F0F273	new_846186_849552	S272	new_846186_849552	846,186 → 849,552
CA90AAE5320C20F93F5ED0F167294C28495756FF	BSU_28210	lonB	BSU_28210	2,882,971 → 2,884,629
CAADFAFD4C39362D0D0F242C926AE101C683EB5D	BSU_38680	yxlD	BSU_38680	3,969,796 → 3,970,002
CAB8FD0F8B56A25318EA5C0B8A183F7351A2FA43	BSU_misc_RNA_8	BSU_misc_RNA_8	BSU_misc_RNA_8	626,346 → 626,446
CABDEA213ECD7308A7F37D16F493313801A33180	BSU_32469	yuzJ	BSU_32469	3,335,414 → 3,335,545
CAC7501084503E1008F0DFB3EAE916084C98E7B6	new_1517792_1517864	S525	new_1517792_1517864	1,517,792 → 1,517,864
CADB90013B8CF7C229ED68240BBF9D2B9168920B	BSU_26900	yraL	BSU_26900	2,749,260 → 2,749,523
CAE38D8F25A5EC6AC8045E40072E6FEC632045FA	BSU_27060	levE	BSU_27060	2,761,907 → 2,762,395
CAE7D8E45DA7CDE99D3EA114DF7E368A0A126389	BSU_20860	aimR	BSU_20860	2,208,994 → 2,210,154
CAF58B4BAEB03353CF80A2862590888D07B48E2C	BSU_18240	yngH	BSU_18240	1,953,181 → 1,954,515
CAFAE305B1771DD89E81F75A6713161393BE99A0	BSU_34550	pgcM	BSU_34550	3,546,873 → 3,547,553
CAFB8D05ADBE1527B9928FB13D36AAB0F6593466	new_1437728_1437978_c	S492	new_1437728_1437978_c	1,437,728 → 1,437,978
CB06A70DE7462CEB7AF5D8C28943C878DD56DE1A	BSU_34540	clpP	BSU_34540	3,546,234 3,546,827
CB09E2D2B3D1C22BA0A4B9045F1B8EFBC1BE6F77	BSU_misc_RNA_89	surX		
CB0B6C69CB5CFF6FE30C3F95991F309C8DE1E344	BSU_04640	alr	BSU_04640	517,372 → 518,541
CB0B856B22984DD5B10F01DD07C3961FAA742923	BSU_17120	pksE	BSU_17120	1,786,104 → 1,788,407
CB12BCCF6CEADC0C64DD918E0BAE4748E358A67B	BSU_13570	mtnU	BSU_13570	1,424,767 → 1,425,546
CB17B0F6ABA3ED9C06B070FE81B7C119C30F7E49	new_3807376_3807735_c	S1437	new_3807376_3807735_c	3,807,376 → 3,807,735
CB17C6A0CE311232432722D23332EBD918F419D9	new_2587581_2588011	S939	new_2587581_2588011	2,587,581 → 2,588,011
CB29071693157C2613E35705D9E93A52DF070091	new_2641195_2642042_c	S963	new_2641195_2642042_c	2,641,195 → 2,642,042
CB50289535EA537F63BADD459BD11AA7759A6658	BSU_16560	rasP	BSU_16560	1,724,029 → 1,725,297
CB5D3A2E5BEE336539BEB2D7C5D9C3A63C78FD01	BSU_00230	bofA	BSU_00230	29,772 → 30,035
CB6300378FE7F14A9C7C664A533D73D513857FD7	BSU_26820	yrpD	BSU_26820	2,739,486 → 2,740,193
CB68B3393CA7862C45C624AF7B1ADD188243A01F	BSU_25290	era	BSU_25290	2,610,041 → 2,610,946
CB78B27BAC5A8F4BC5186F402015BEA211BD0A18	new_108559_108673	S45	new_108559_108673	108,559 → 108,673
CB7D0E32C044D541CD966DC1F9DA489D518A7703	BSU_29130	icd	BSU_29130	2,979,716 2,980,987
CB969A2D60F106466605052299F2A5FF5A20E9ED	BSU_38710	yxlA	BSU_38710	3,971,060 → 3,972,433
CB9728D2A23C8F03104FF781D514CB3E6169835E	BSU_24890	yqgN	BSU_24890	2,573,760 → 2,574,323
CBA6108A10AD8B932BC5B19A0E7982D0F56F1E08	BSU_33810	opuCC	BSU_33810	3,468,253 → 3,469,164
CBBD26F8D09F57D924BC89926621D440FFDD9D9B	BSU_18810	yobA	BSU_18810	2,049,950 → 2,050,312
CBC0529080CABFBBAFF83C9FE46948C3F501FA57	new_2647355_2647455	S966	new_2647355_2647455	2,647,355 → 2,647,455
CBC76FB453569550F14FE5015C05D45985C04979	BSU_00050	remB	BSU_00050	4,567 → 4,812
CBCBF948979D9D63CBA86A9ED865E43B1F85A0AD	BSU_18170	yngA	BSU_18170	1,946,249 → 1,946,695
CBE5093DFBBCE25071CCE12408BC9AFF7A158C03	BSU_23390	spoVAF	BSU_23390	2,438,372 → 2,439,853
CBE6B495E934C5043C35DDA6E667ACFE1090B20E	BSU_25050	yqgA	BSU_25050	2,587,996 → 2,588,424
CBEB1C62D727CF320E82C3ED636894B50F11E0AE	BSU_05140	ydzE	BSU_05140	561,180 → 561,416
CBEC4D299232FC5FCB57211525404CBD42D5AF68	BSU_03100	ycgG	BSU_03100	335,329 → 336,090
CBF2DCFFD8195304F942ECBA8596444F0AC47CC6	BSU_38160	qoxB	BSU_38160	3,915,319 → 3,917,268
CC0467F20FD53BD5291387CFAA8D79171C246D1F	BSU_24860	yqgQ	BSU_24860	2,571,582 → 2,571,797
CC0B2F230BD9F0F05B1DAF5BB2C92A9E30CDB5B7	BSU_08950	yhbE	BSU_08950	971,374 → 972,087
CC0C50A2E0A9DD1555E29D4591C5217CC25B320D	new_4199733_4199799_c	S1575	new_4199733_4199799_c	4,199,733 → 4,199,799
CC1894D90AC17487A286B2909964916825055F93	BSU_36870	atpB	BSU_36870	3,786,878 → 3,787,612
CC423DE6481353699B0CD3A2B8BBC36967A832CC	BSU_16190	flgC	BSU_16190	1,691,667 → 1,692,119
CC55120C2AF455FA2AEAE39E21F57897B2B5BC39	BSU_38310	ywbI	BSU_38310	3,932,198 → 3,933,103
CC55984E31C5698668CCCD4AC6E2210B2B41ACAB	BSU_12330	yjmD	BSU_12330	1,304,442 → 1,305,461
CC5ED09FC661476160443898A083FF41A1F70DCE	BSU_08250	yfiF	BSU_08250	898,961 → 899,905
CC70757318DC352B003E97D3A795BED5223F23BF	new_1053254_1053359_c	S343	new_1053254_1053359_c	1,053,254 → 1,053,359
CC72B68B43EE24DE56508115316617C10613E1C6	BSU_tRNA_43	trnD-Leu1	BSU_tRNA_43	
CC7C286F254E8A1D89E490EA7AB876DB23723452	new_2586107_2586175_c	S936	new_2586107_2586175_c	2,586,107 → 2,586,175
CC806E37A25043B83D151B6F711AC48A91EA7C3E	new_2537614_2537688_c	S919	new_2537614_2537688_c	2,537,614 → 2,537,688
CC964EA677DD75F956842A625D26EADA43375920	BSU_tRNA_55	trnB-Leu1	BSU_tRNA_55	
CC97EF8E813BB19D9192E077AA4499EAB2CD3BA4	new_2989805_2989899_c	S1108	new_2989805_2989899_c	2,989,805 → 2,989,899
CC9FD5D0543E506758F11F9048F6A8ECD737D1A9	BSU_05099	ydzM	BSU_05099	
CCA7C0029A9A5B90821BF3B5F390D9FD7E3CCCE5	new_2099791_2099863_c	S741	new_2099791_2099863_c	2,099,791 → 2,099,863
CCB3631C985BBD8ADA0A47E7284E3B178F7FE635	BSU_26220	yqaQ	BSU_26220	2,690,989 → 2,691,444
CCB7EE1D049585979303148FBDE0D42549E648DE	BSU_41000	gidB	BSU_41000	4,208,870 → 4,209,589
CCC73F02F2D8014E1A7753782659DE7EDA7F0CDB	new_3926400_3926681_c	S1476	new_3926400_3926681_c	3,926,400 → 3,926,681
CCD06F344E3C87E77C3D13883CE2B927F372A84E	BSU_07260	yfnI	BSU_07260	796,314 → 798,233
CCD3DDE9E52FCD4906735059CF30593BEB56FD1B	BSU_11700	thiF	BSU_11700	1,245,808 → 1,246,818
CCD4DA969086181CFA33D6D241F2CAAE02E0C758	BSU_06460	purS	BSU_06460	702,319 702,573
CCDDC414E266D86B9027EA67EA565D87357023B3	BSU_01830	ndhF	BSU_01830	205,409 → 206,926
CCE4BB68B459F9D0DF61556A3352E3F81EC342FC	new_2570490_2570556_c	S932	new_2570490_2570556_c	2,570,490 → 2,570,556
CD06EE2EA77FD970CD8F23B8ACE262DA7FDDEE2A	new_1926587_1926679	S668	new_1926587_1926679	1,926,587 → 1,926,679
CD121BBF1DC206D1189ECF8B32456641A55C41D4	BSU_40320	rocF	BSU_40320	4,141,711 → 4,142,601
CD14C88E9976964A0D25BAA22C395A5A6951654D	BSU_12830	spoIISA	BSU_12830	1,348,612 → 1,349,358
CD2D14FE9C10544E7C350167EBDBD941B898051D	BSU_17390	nrdF	BSU_17390	1,871,089 → 1,872,078
CD32011A08697B2C121996A02F1BD7BE4F932778	BSU_27460	glnP	BSU_27460	2,804,657 → 2,805,313
CD36EC4BDD87522D699B16945B75962643804B02	BSU_40950	yyaC	BSU_40950	4,204,900 → 4,205,517
CD3DD65D6EFF11564088CA8D56640F772DEAC2D9	BSU_36640	ureC	BSU_36640	3,766,714 → 3,768,423
CD4520EF427AEFDCF028AE063BC373FA6DCE379E	BSU_38150	qoxC	BSU_38150	3,914,691 → 3,915,305
CD7243CC1AB60C36E8D8AB8C92679DBA991237F1	BSU_12140	yjgA	BSU_12140	1,284,371 → 1,284,769
CD7B58748B598A7DA5134BCD5A0B7F99635F7F08	new_51558_51679	S28	new_51558_51679	51,558 → 51,679
CD897005BD4E84FFC2CBEB4E8074949AEC1B9CD7	BSU_35698	yvzI	BSU_35698	3,671,416 → 3,671,622
CD91B207D88B20306AE07CBA570C71C0BB1372F3	BSU_18870	yozI	BSU_18870	2,057,214 → 2,057,579
CD97483876F4FCCE451AD4F2A8AFD6F560074769	BSU_12680	xkdO	BSU_12680	1,334,966 → 1,338,964
CDBBCB467FE9442B3CE45CF9401C609295E1B99F	BSU_22580	reoY	BSU_22580	2,365,736 → 2,366,275
CDC6971F39F3EEAAE912CB1402EE1BD64D5A12A0	BSU_23310	sipS	BSU_23310	2,432,316 → 2,432,870
CDD43B0BE83CD5C43D804620A3CF76BCDC8077DE	BSU_10440	yhjA	BSU_10440	1,118,850 → 1,119,119
CDD5C7B1CE58352D29BB86BCC2C3685D1D8898ED	BSU_29010	speD	BSU_29010	2,966,413 → 2,966,793
CDE9EF9CFB799794D525F12DEC8C4190C6298575	BSU_30300	melA	BSU_30300	3,100,881 → 3,102,179
CDFA18E1C0445302ED4D8F93F88822EC6BD646BB	BSU_20350	yorK	BSU_20350	2,179,526 → 2,181,256
CE176CE32089F79C9BAC36641DDBBA8C9C38C957	BSU_19890	yotG	BSU_19890	2,154,266 → 2,154,583
CE1C46944E242006383BA77B2C4E09045CB3B93F	BSU_22970	ypbH	BSU_22970	2,403,506 → 2,404,090
CE32049ED6668BC6B04E4674EC1057DA7F7360E6	BSU_rRNA_10	rrnW-23S	BSU_rRNA_10	
CE3BF30D74098FC067B848B08BAD1975C01517C8	new_3966778_3967943_c	S1484	new_3966778_3967943_c	3,966,778 → 3,967,943
CE45D56BC413555AF4E7914B5307AD967A358452	BSU_00810	dusB1	BSU_00810	87,634 → 88,635
CE46818887687789C6EC3545E6D936C7A3A60936	BSU_tRNA_1	trnY-Phe	BSU_tRNA_1	
CE4A49F5CCC2D36C5CE5AD7AE7F0A70F2D4F425C	BSU_27090	aapA	BSU_27090	2,766,558 → 2,767,946
CE4F2965077F2A5882432D683520E09B70B9369A	BSU_27360	trmR	BSU_27360	2,795,082 → 2,795,735
CE542AE1A32CCD1ABB259E6159F7A37A8078E189	BSU_misc_RNA_69	fsrA	G8J2-10	
CE55DA4927B4426B007A362EE6860DAE77C3DF33	new_4084424_4084730	S1527	new_4084424_4084730	4,084,424 → 4,084,730
CE5C1631A4D29FC195829FCC7961A687581698D6	BSU_17080	pksA	BSU_17080	1,781,906 → 1,782,523
CE6264A4F61572043469490D789EFC174E68D1A3	BSU_tRNA_72	trnB-Glu	BSU_tRNA_72	
CE6E14A2F4D29BE09947197438952EE742FF5E69	new_2347517_2347578_c	S847	new_2347517_2347578_c	2,347,517 → 2,347,578
CE70B471811371D454A74F67279974BF264205C2	BSU_25560	holA	BSU_25560	2,636,096 → 2,637,139
CE9058C4FA696472DDF74E7DE91BC008E8DEFBEA	new_2362965_2363044_c	S854	new_2362965_2363044_c	2,362,965 → 2,363,044
CE93C18381FB485B40BEDD0D209AF4064088A7A0	new_2445036_2445093_c	S889	new_2445036_2445093_c	2,445,036 → 2,445,093
CE98D731B8D9BDBF4EB119346BB59F5E5C48C827	BSU_40600	yybL	BSU_40600	4,174,410 → 4,175,120
CE990D33A12C50D22506A52E0099F7D97A762D4E	BSU_14060	fadH	BSU_14060	1,478,072 → 1,478,836
CEA09B42EA89E512DA80033260E3EA70A52A883F	BSU_23837	rpmGCn		
CEA0A2CE520B8A6E8E9D7C079B954B24137DF686	BSU_02190	ybfF	BSU_02190	238,644 → 239,555
CEA3119463DAA65A18F891479B955235154AE402	BSU_27210	yrhF	BSU_27210	2,780,525 → 2,780,893
CEA337DD4C7DFC22247FDA7FA1E71356FB819C77	BSU_06070	bsuMB	BSU_06070	656,528 → 657,697
CEAFF2E801C7B9535762F59093B490D0769DA840	BSU_tRNA_86	trnSL-Ala1	BSU_tRNA_86	
CEB1A0835C26E14E04BA99F933787C4550A96388	BSU_08530	yfhH	BSU_08530	926,429 → 926,743
CEBEC9CECCF445C40D793E61A2CD23175631A473	BSU_27840	safA	BSU_27840	2,844,675 → 2,845,838
CEC012D01ECE6E79E5BF669FCCC80CE6C06B4AFF	BSU_misc_RNA_59	BSU_misc_RNA_59	BSU_misc_RNA_59	3,946,910 → 3,947,116
CEC1B5DF1E548597FE333895ECA476AB9DFFFDD7	BSU_14160	ykuO	BSU_14160	1,487,504 → 1,488,397
CEC3473213C589E2FCA71243A0ABBBB32C373623	new_2316111_2316182_c	S833	new_2316111_2316182_c	2,316,111 → 2,316,182
CECB202A6904D9A9D1A0B3B091BD4726DF213F00	BSU_40579	yyzL	BSU_40579	4,172,387 → 4,172,536
CED818CEF5B573A40F382157375E60C0B331F098	BSU_33480	bdbD	BSU_33480	3,438,065 → 3,438,733
CEE04B9FED63AFEAB912791402F7578E852005D1	BSU_37150	pyrG	BSU_37150	3,810,693 → 3,812,300
CEE73284EFC0DBE8870CE0B474922DED79475A57	BSU_27600	rel	BSU_27600	2,820,529 → 2,822,733
CEEE938C6568DC3A000CA9CAE36E05D34BDB6011	new_465941_466041	S137	new_465941_466041	465,941 → 466,041
CEF2AA772D85DEFB4F43394C75E49E90A462097E	BSU_31380	yuzA	BSU_31380	3,224,864 → 3,225,100
CEFB7288ED90FC561EC108CBE53E9D5C54AE5ED3	BSU_21409	BSU_21409		
CEFD073287825D1F4ED60A2453FBA508EEA0FC72	new_864500_865153	S276	new_864500_865153	864,500 → 865,153
CEFD10FAFA0DBC83CD2B61DAC9339FEE025B1611	BSU_25690	sda	BSU_25690	2,647,456 → 2,647,614
CEFF0B250C3EC9634F06309DB6D9B11D0C81D80F	BSU_misc_RNA_50	BSU_misc_RNA_50	BSU_misc_RNA_50	3,129,195 → 3,129,333
CF04D99614A51CB2DD182131AA4DA09A3D2502CA	BSU_20230	yorW	BSU_20230	2,170,771 → 2,171,136
CF0A34A6DE53E7EBED67CF70945EC6C1F019E4BA	BSU_tRNA_47	trnS-Glu	BSU_tRNA_47	
CF34042A3538F0EBB732DFCD44E3789BFA7BCC5F	new_1260806_1262335	S428	new_1260806_1262335	1,260,806 → 1,262,335
CF34154433238B5C9C9A7A9A458EA4CF0A2D296E	BSU_27290	yrzA	BSU_27290	2,788,680 → 2,788,883
CF38BE04F04919BB304789E9B3FE489385E468E6	BSU_23610	nudF	BSU_23610	2,458,509 → 2,459,066
CF5A4A2907C3BD7D60FEB9CCC52E029C6F4FF0FE	new_368894_371728_c	S122	new_368894_371728_c	368,894 → 371,728
CF5A9AF793F8E69B2221377430F257B2D34B9CE9	BSU_18596	BSU_18596		
CF663A76026F915FFE38EE924C7E354A49607F90	BSU_26760	yrdC	BSU_26760	2,732,980 → 2,733,543
CF6B727592B4788F47DBD354DD6ECF227433C08F	new_953026_953194	S307	new_953026_953194	953,026 → 953,194
CF6B79564DBED3C6CAF64D01BD01D2A03675F16F	BSU_10350	yhfS	BSU_10350	1,109,388 → 1,110,482
CF73D86DB024575BE8F043A4C3996458F4262E46	BSU_36240	ptpZ	BSU_36240	3,731,005 → 3,731,769
CF81E3A0CD4A65B29583E7F7D85C9B59D8C7791C	BSU_23000	ypbE	BSU_23000	2,405,620 → 2,406,342
CF873F0D28B5A3D8DE714FBB83A3186971DC7FF6	new_1190234_1190430_c	S397	new_1190234_1190430_c	1,190,234 → 1,190,430
CF8F38491E7DBDE77899D47E133B84DBB37C262C	BSU_19160	yocC	BSU_19160	2,087,696 → 2,088,193
CF959D90A9B8F83E40E7B81CBFB00B5EC09EC0DD	BSU_37000	prmC	BSU_37000	3,796,217 → 3,797,083
CF9633F769263C6D16EE778F6BD2ECF1995F512A	BSU_00900	ispD	BSU_00900	109,789 → 110,487
CF98E3C66EC30CD0E4344C6AEAF2FE883253FBB4	new_1745919_1745990	S599	new_1745919_1745990	1,745,919 → 1,745,990
CF9E876001DF75D78B4E69C3BAEC1651A22E1274	new_30076_30278	S19	new_30076_30278	30,076 → 30,278
CFAEF60AD73F18C8DB5EF042210602B149D51152	BSU_22130	kduI	BSU_22130	2,325,854 → 2,326,681
CFC062D1677B18E10BB5BFE59071D14BC1A3FA44	BSU_09259	yhzG	BSU_09259	1,000,027 → 1,000,218
CFC6B026B015B646EDF55ECC01633E7BA42FE946	new_3182591_3182678_c	S1183	new_3182591_3182678_c	3,182,591 → 3,182,678
CFCCFD8C6420CC1DD076B091AD3D914FC8AB22D5	BSU_26290	yqaJ	BSU_26290	2,696,030 → 2,696,989
CFEA05E10517C00222126F959A1D2DCE7604E478	BSU_40490	yycA	BSU_40490	4,161,103 → 4,163,160
CFEF17706FFA4F68DDAC54F5D2FE13710498F7B9	new_3308369_3308785	S1244	new_3308369_3308785	3,308,369 → 3,308,785
CFF318EE6CACDEE763FBF96A2ABB46E944679AAA	BSU_23450	sigF	BSU_23450	2,443,429 → 2,444,196
CFFFFE96FB7AEEF7190F81332369F0A6834C34A4	BSU_19230	azoR1	BSU_19230	2,096,350 2,096,976
D0192E161441772021692F27EA543493770A9173	new_3032370_3032416_c	S1128	new_3032370_3032416_c	3,032,370 → 3,032,416
D0243FE8D9B17F3698C8094186D4007817CB1FC4	new_2647615_2647861	S967	new_2647615_2647861	2,647,615 → 2,647,861
D02C4D6BC2020E976F91EF7D7597E50A6B354F56	BSU_17679	BSU_17679		
D0341F324A486E5038B2459E9C8499222215A663	new_1881406_1881535	S627	new_1881406_1881535	1,881,406 → 1,881,535
D0375D676E084AAFC51765ACB993B2A1C1DC53CB	BSU_18820	yobB	BSU_18820	2,050,689 → 2,050,952
D03FB4EAEFBC25A5B0459CF464BFADF1FC7620B2	BSU_37420	albF	BSU_37420	3,841,017 → 3,842,297
D04629D798E458AD538809BB2B150B7FA81D2C7E	BSU_27120	sigV	BSU_27120	2,769,850 → 2,770,350
D0498CC264FFC4B4C0DECAEBBBB884DB1122A4B2	BSU_09480	yhdI	BSU_09480	1,026,255 → 1,027,664
D04CF5261C840E9A1BC7FFE5B6F492A46EC0971C	BSU_05100	yddT	BSU_05100	556,762 → 557,449
D061FACEDB4AAA3340C22B9710CD6C9AD3A40446	new_2210204_2210330_c	S787	new_2210204_2210330_c	2,210,204 → 2,210,330
D07BD51E1DDEDA3CE292570AAEAE14C27C064A67	BSU_10500	yhjG	BSU_10500	1,122,862 → 1,124,361
D0830FF8AAAD0D9DA512A759E6E2FB4C67FFF6F8	BSU_11800	yjcB		
D08B0A131374D2949ABC3EF8D6117C6BC6D94FE5	BSU_11290	yjaV	BSU_11290	1,205,981 → 1,206,538
D08B74233D477F556153709A55956CC8AAAC7080	new_2099865_2099968_c	S742	new_2099865_2099968_c	2,099,865 → 2,099,968
D0960B570E591777F3FD3DEB6B11CABA6BD484C2	new_3512501_3513571	S1310	new_3512501_3513571	3,512,501 → 3,513,571
D0982500E52577D52FADF775C0E512A4B9657B79	BSU_40090	ahpC	BSU_40090	4,118,950 4,119,513
D09E0307CD931FBAE32B6FF5E19D71A612F0F790	BSU_36570	ywnG	BSU_36570	3,761,182 → 3,761,700
D0A2506FDCEA41D2A8910AC2837B46E0B311D63B	BSU_04150	ycsN	BSU_04150	466,042 → 466,944
D0B900D6EE1B9B7D1ACD03669F30BDDD782C1C78	new_4004135_4004219_c	S1500	new_4004135_4004219_c	4,004,135 → 4,004,219
D0BBFE1706429A98B7E93998794061A112FE8ECA	BSU_09690	nhaX	BSU_09690	1,044,373 → 1,044,873
D0BC5DB8CD3EB51B18C16090EBC9F9F19EF9F1F7	new_2100391_2100457_c	S743	new_2100391_2100457_c	2,100,391 → 2,100,457
D0C58761DC75320FC017B1C59FB5244718EFAF31	new_653813_654070	S211	new_653813_654070	653,813 → 654,070
D0CF32BF81AA1DC7BBBC3E9B667A54F97260DF3F	BSU_21770	ilvA	BSU_21770	2,292,769 → 2,294,037
D0E0D9728C0FB169A7B7B30BDAA217C278B8BA1F	BSU_rRNA_11	rrnW-5S	BSU_rRNA_11	
D0F00ACF5AAD9E9418033F5B47527C4D50007F18	BSU_32490	pucC	BSU_32490	3,338,501 → 3,339,334
D0F553E661A35C69380ACB01D9A96FC6C5088470	BSU_03950	ycnJ	BSU_03950	446,801 → 448,426
D0F858AAFECFA1D52C610D3416706ADC674BF31F	BSU_23060	ypzE	BSU_23060	2,410,695 → 2,410,859
D0F98493600C1BED7118C83E6079AEF0B0D460FB	BSU_08130	yfjE	BSU_08130	886,223 → 886,681
D0FF1FBEF5CBD37DB39CF3B63C722D80ADCD6D1C	BSU_tRNA_10	trnSL-Met1	BSU_tRNA_10	
D105FCA5F5249A96CC35581D258F78AF82CFEA3B	BSU_22000	sspL	BSU_22000	2,310,859 → 2,310,987
D106BA1B2E7BF89B89FE0F19A3DF7ED8668A51C3	BSU_misc_RNA_23	BSU_misc_RNA_23	BSU_misc_RNA_23	1,569,199 → 1,569,319
D11CE89E2AC2ADE3FEFEC261E295EC5906CE6407	BSU_18320	ppsC	BSU_18320	1,974,881 → 1,982,548
D13BF7752424DC8410B66217E8AD4834C09CD81E	new_22531_23167	S15	new_22531_23167	22,531 → 23,167
D1597B17244343FC70C83EA96596479DA925C033	BSU_24790	yqgX	BSU_24790	2,564,923 → 2,565,558
D15B74263167DAD3FA9B7384B5AA4897EAD498F2	BSU_27700	yrbF	BSU_27700	2,832,424 → 2,832,690
D1661093571DA4DEC5FBD8EDD3910879DAFDEE23	BSU_11630	prpE	BSU_11630	1,239,387 → 1,240,121
D169C58739F17EE0D341D015592FF07CBBE1B6E1	BSU_05330	aseR	BSU_05330	579,541 → 579,876
D178EC8A1FF22C99C437E01FC4843C5176564992	BSU_38530	dltD	BSU_38530	3,955,223 → 3,956,401
D17C19D70571E757FBDAD2E0629495388EFCBBF3	new_1097952_1098088_c	S362	new_1097952_1098088_c	1,097,952 → 1,098,088
D187A9934B51613EA53CF693269C4852D1F53DC6	new_4169613_4169943_c	S1563	new_4169613_4169943_c	4,169,613 → 4,169,943
D190D8410A2E1C7203D692C315AC23B45628847E	BSU_20560	yoqO	BSU_20560	2,195,173 → 2,195,547
D19519B5A776D6E8EC2BFE7A7D67469CA0A6459A	BSU_33600	smpB	BSU_33600	3,451,248 → 3,451,718
D19DAB7C352D254F344C6253215197E02A02F954	new_1278946_1279513_c	S443	new_1278946_1279513_c	1,278,946 → 1,279,513
D1A8D231369F0BF48639B61094B3222EC4605B79	BSU_10070	sndC	BSU_10070	1,080,150 → 1,081,340
D1AE2EAF131CC966D388CA158B6DE1E03658150F	new_56193_56304	S33	new_56193_56304	56,193 → 56,304
D1AF9DA2594D2E2A94DC207A870C8495954A7A17	BSU_06590	yerD	BSU_06590	716,780 → 718,357
D1AFCB1BE693AB6B8461B7764B6641E6EB1404FA	BSU_03720	gerKB	BSU_03720	422,982 → 424,103
D1E48A99994781F0513750E4DB91D1989711F404	new_559146_559263	S179	new_559146_559263	559,146 → 559,263
D1EAEC9C88EDDD8FB2E7E315DE28A7A54AAAB4D2	BSU_28100	ysxE	BSU_28100	2,869,964 → 2,870,989
D1FC976597E5583E40A4ED7234FBCA743AB01354	BSU_00730	cysK	BSU_00730	81,771 82,697
D1FD189BE46CBC411699DB4819B300AC59445F8F	BSU_06220	ydjJ	BSU_06220	674,832 → 675,857
D20198968665D3726839B2DC7F0638614319B853	BSU_24420	spoIIIAB	BSU_24420	2,536,181 → 2,536,696
D2029DC18EDCF6342986A63A37AEADDA54C5755F	BSU_21600	yokG	BSU_21600	2,278,602 → 2,279,675
D20F724D8C3E8C758A9FADF133CD43F066BD8D48	BSU_04940	conE	BSU_04940	538,836 → 541,229
D214F22842922F0E4C6DD65CFCC9346887A9D99C	new_3464210_3464288	S1293	new_3464210_3464288	3,464,210 → 3,464,288
D21D2E9C8215FD59B377FB3F7B4569C9E82EE726	new_3748336_3748420_c	S1405	new_3748336_3748420_c	3,748,336 → 3,748,420
D23694DF5B8FE84613B6006A88F58B4D1ED35214	new_1205658_1206260_c	S400	new_1205658_1206260_c	1,205,658 → 1,206,260
D23C02CB1B5ECEF3F1FC926F1468A34C86699EEA	BSU_39830	yxcA	BSU_39830	4,091,477 → 4,091,728
D246F61BEAE0D3D6707B4C43A634C02876CC5395	BSU_38660	yxlF	BSU_38660	3,968,717 → 3,969,604
D24BE565D04D2FFD0B84CF52FE3770B7146132CE	new_975132_975230	S314	new_975132_975230	975,132 → 975,230
D24F5B473B9CFAD960D877A8BA593939012177E2	BSU_19000	yobL	BSU_19000	2,071,754 → 2,073,556
D2588A01D46535293CFA7FF1A66E9C132FF5F69E	BSU_22530	ypjA	BSU_22530	2,362,407 → 2,362,964
D266577C86573146C88E412C1F1E05628D38D69B	new_1919693_1919828	S660	new_1919693_1919828	1,919,693 → 1,919,828
D266E22E07B849E2AEB0EF232C49A2FE1EA4E02B	BSU_28150	hemC	BSU_28150	2,875,951 → 2,876,895
D267AF38B0CF107042326E9B8F3DD3C9C85840E4	BSU_17850	lexA	BSU_17850	1,917,639 → 1,918,256
D2790591E8C3B86BF91F6E1B6DADBA306D5EF758	BSU_39120	yxiM	BSU_39120	4,017,508 → 4,018,656
D28190620D5B834DD7F42822B835C6FE932FD8A5	BSU_03170	ycgK	BSU_03170	341,492 → 342,466
D281B88EC444F8175AB50FB2CD24B51F4E2C96F8	BSU_08000	yfjQ	BSU_08000	871,347 → 872,306
D28540A7469B9D1BEA2BF7844B767253F8B1CCA4	BSU_rRNA_17	rrnD-23S	BSU_rRNA_17	
D290247A43280532947B707F3AF388D7A7F404D3	BSU_35460	comFB	BSU_35460	3,641,811 → 3,642,107
D29C8EF4F415C68A90DF693AB1AC12537CE87298	BSU_40139	yyzN	BSU_40139	4,123,931 → 4,124,089
D2A0A4793350632217F4425EB6F459B538067CD7	BSU_06850	yeeK	BSU_06850	753,265 → 753,702
D2ACFC07B73701323CF163DA1E5AD93263165BA3	new_3542144_3542334	S1315	new_3542144_3542334	3,542,144 → 3,542,334
D2AE5BD8CDEAE18E58B485552B477321378AAA4E	BSU_26380	yqaB	BSU_26380	2,700,838 → 2,701,356
D2B189C6292ACE1B25658B407C284E9A683EAE5B	BSU_00790	folK	BSU_00790	86,946 → 87,449
D2B8AD67EE5BA898802B4792EB2A120B99456AD1	BSU_01990	ybdG	BSU_01990	220,279 → 221,256
D2B8BAEFCC32C1B6A764A5559362FA7F2F799F8B	BSU_20890	yopH	BSU_20890	2,211,309 → 2,211,845
D2C6A5023A0BE8C617DAFB81339B4D3735FCC96B	BSU_tRNA_61	trnB-Met1	BSU_tRNA_61	
D2CEFBAFBAA77269A4D3DBF02D23FD9D3DE7B466	new_1160756_1162206	S389	new_1160756_1162206	1,160,756 → 1,162,206
D2EB7BBAC8817912DAC4E215879F5A4E2C47ECAF	BSU_39400	pdp	BSU_39400	4,049,009 → 4,050,310
D2F0A8E2FD4E796BF128045D0F21CF7612D97B8C	BSU_20370	yorI	BSU_20370	2,182,408 → 2,183,922
D30ADD18D86E153482FE2BFC621230FEE5912BF9	BSU_06290	yeaA	BSU_06290	682,375 → 683,364
D30D059185DFB828AB0FD07D600DBC3FD0973198	BSU_27870	nadB	BSU_27870	2,847,871 → 2,849,466
D31B325366D3F0169E4ECA8871645C7826019C10	BSU_12440	phrA	BSU_12440	1,316,995 → 1,317,129
D323AEF5AFB4FD2A074ABAB76A39BE26A4C6436F	BSU_24700	comGD	BSU_24700	2,557,252 → 2,557,683
D32532095602BE877FE843085043AC1BC6E8BDC2	new_3769454_3769625_c	S1415	new_3769454_3769625_c	3,769,454 → 3,769,625
D33A144568CAF32FFE4A2A46BE67573DB66FC1A1	BSU_02850	znuA	BSU_02850	308,332 → 309,291
D34203FAA84C19B34B3CB5F00AC2E2663FFA344D	BSU_06480	purL	BSU_06480	703,237 705,465
D343D2096664A972026D911E7A17A35C7B1CD1C9	BSU_35490	degU	BSU_35490	3,644,607 → 3,645,296
D3629004F3B54D11566AE15227174F9EB7784201	BSU_22380	tseB	BSU_22380	2,348,864 → 2,349,349
D368988F85D8436DD424B0B4A1591BDF092A8EA7	BSU_35670	gtaB	BSU_35670	3,665,629 → 3,666,507
D36B91B3C8EAFEB80A7395C62A50A5F80B8CC5C5	BSU_06110	bsuRC	BSU_06110	661,630 → 663,027
D37F91F6DAF95B506B7942AA1FAB25759FDEE83C	new_2138041_2139052	S758	new_2138041_2139052	2,138,041 → 2,139,052
D3954F2BCF6CE66505E4F48FCB4A61EE8D24F6D3	BSU_28590	polX	BSU_28590	2,923,314 → 2,925,026
D399B25AE22ECB6C7ACDCFF4DCE4D9D908184E75	BSU_37380	albB	BSU_37380	3,837,682 → 3,837,843
D3BD8BA066AD3C221822632A596C20AEEF0279EC	new_1130705_1131082	S375	new_1130705_1131082	1,130,705 → 1,131,082
D3E5E7BC7C3FA0860A7C82F1D9FE498DC3580485	BSU_22169	ypzG	BSU_22169	2,329,870 → 2,330,022
D3F00747006D974A8635D4391E0C261A3276E6AB	BSU_06760	dnmA	BSU_06760	740,288 → 742,927
D3F6337B94A633730E514B05CA852BE9AA3741B3	BSU_02740	natR	BSU_02740	295,584 → 296,285
D3FB624458FB18A8DE795DCABC366077AE430F8C	new_2203000_2203110_c	S781	new_2203000_2203110_c	2,203,000 → 2,203,110
D3FC0D1A6506763CBC048CF2439943F12223F7B6	new_2421344_2421437_c	S880	new_2421344_2421437_c	2,421,344 → 2,421,437
D4046AA4C4ACB6A0A2F2020CA1E659F65CAFE68D	BSU_27340	yrrO	BSU_27340	2,792,860 → 2,794,128
D40C202E67A5319A91811DB11356F47A56C97DD2	BSU_41040	yidC1	BSU_41040	4,213,823 → 4,214,608
D40ECAE51D9E4791C6FAAA25E2E0D0591D9FAA55	BSU_12990	ykfC	BSU_12990	1,367,941 → 1,368,831
D4199FDEFB5623CC3B9D993DFA810CAB5B49D3C2	new_1279022_1279523	S444	new_1279022_1279523	1,279,022 → 1,279,523
D453E1E7D4256B56AFB2149731E08B104D59431B	BSU_05120	cspC	BSU_05120	559,264 → 559,464
D45E06B22749CD1127C07152515F5EF795B420FF	BSU_33390	yvgM	BSU_33390	3,426,035 → 3,426,718
D47DD451B140132087AC7A68207C202A37A1F291	BSU_08480	yfhC	BSU_08480	923,587 → 924,171
D47FA3C26CD79387FA773A70AAC04FB40EE9A35D	new_176926_177082	S66	new_176926_177082	176,926 → 177,082
D48B7591467C493D2214D37AEA83643FE8C27BC6	BSU_15180	murE	BSU_15180	1,586,330 → 1,587,814
D493348C6370F3D4C2B2DF222AE091299F209C32	BSU_misc_RNA_49	BSU_misc_RNA_49	BSU_misc_RNA_49	3,105,153 → 3,105,367
D4A5A878F87EBC14C02824233155CEBACEB41343	BSU_34160	ganS	BSU_34160	3,507,253 → 3,508,518
D4AF96C936093BA44E46FF92A3EDE437495B0923	BSU_22560	qcrA	BSU_22560	2,364,589 → 2,365,092
D4C75B39B2DAECB9D85DAD66AAD4F923C9AEBEA7	BSU_25460	dnaJ	BSU_25460	2,624,785 → 2,625,912
D4CBF24F4A338C4FC29A2F013A009CA3A9B97925	new_3481624_3481697_c	S1301	new_3481624_3481697_c	3,481,624 → 3,481,697
D4CCF6727AAC048792E59717E588C36EB617249D	BSU_27900	pheA	BSU_27900	2,851,283 → 2,852,140
D4E5DFA0AF5C63CDA2DADA41F2FB6894840D2C38	new_2802122_2802357	S1041	new_2802122_2802357	2,802,122 → 2,802,357
D4EB44390FE31C074DAEC14D01B9F02B611A1DD1	new_1633963_1634060	S570	new_1633963_1634060	1,633,963 → 1,634,060
D4F2335792BA64527333ABA477511658D3EF6A5C	new_3297920_3297994_c	S1232	new_3297920_3297994_c	3,297,920 → 3,297,994
D50593AB6035B7DFEC76867B4692B069D91DEC10	BSU_29679	ytzK	BSU_29679	3,038,060 → 3,038,203
D50B8F4F9B25236A13F1ECE2966F00FC069E9F6D	new_1774965_1775066	S610	new_1774965_1775066	1,774,965 → 1,775,066
D519765BF5261E48512CE86245BD7B733F188D4A	BSU_15950	ftsY	BSU_15950	1,670,140 → 1,671,129
D52111E81E9233DABAEFCAF6217145CF6A7F3961	BSU_04540	ydbO	BSU_04540	506,866 → 507,738
D5275ECDC2A70FBAC2CA5980F04B272C3328FC90	BSU_16060	rnhB	BSU_16060	1,677,451 → 1,678,218
D52FDB5015B10E9B26D7FED5708457890C6EA43D	BSU_15220	murG	BSU_15220	1,591,540 → 1,592,631
D53067098F693669F61E5CCF6C06664580C40C79	BSU_36060	cotH	BSU_36060	3,716,009 → 3,717,097
D5321F707E183E72B225F1CED2F2FDCB1183B88A	BSU_40370	walJ	BSU_40370	4,148,851 → 4,149,645
D55168C206F2B6B79F9F8FCA90A757F6CCE39849	BSU_25920	yqxG	BSU_25920	2,665,903 → 2,666,796
D5536B27AFF8ADE7FAEA9B815F2607FC33B66404	BSU_11130	ipi	BSU_11130	1,189,646 → 1,190,005
D5612882F1887BE342EF7072E71502382AB7289F	BSU_25710	cwlH	BSU_25710	2,648,903 → 2,649,655
D57116C65FD11EF92FB5D2945B10A1D024AEFF22	BSU_30920	cotI	BSU_30920	3,162,084 → 3,163,157
D575F083A91B7C974F5AED45E84BA5C456B0E51A	new_2844574_2844638_c	S1055	new_2844574_2844638_c	2,844,574 → 2,844,638
D579A7E4D8C3DEE4F85586C5F721CAD5FE2BCA75	BSU_00710	yacC	BSU_00710	79,880 → 80,755
D57DC8A53E52BC4A2EA894E3C9FD983592882918	BSU_15520	pyrAB	BSU_15520	1,623,736 → 1,626,951
D58CCAE53896A5F105422F1727DFDF33CE56775A	new_48474_48554	S26	new_48474_48554	48,474 → 48,554
D5A30C841A142B49C50A38936802D0F60485DD7C	BSU_19340	yocR	BSU_19340	2,104,934 → 2,106,271
D5A3C316BD4567A0155F70330E32ACDE18F063FE	BSU_37230	ywjA	BSU_37230	3,819,754 → 3,821,481
D5B30341A44AE6454E2B61CA904665FA8CE3E270	new_2879205_2879294_c	S1063	new_2879205_2879294_c	2,879,205 → 2,879,294
D5B9ACB1E447A893C99A4ACE1DA95EB38BCF971B	BSU_29239	ytrH	BSU_29239	2,994,756 → 2,995,097
D5CCFDE9312909B7E5B98876794569357791C76B	BSU_18220	yngF	BSU_18220	1,951,228 → 1,952,010
D5D4E1E182F972BEF6BB432A7FF25EF45F1F0D95	BSU_03710	gerKC	BSU_03710	421,734 → 422,957
D5EBF5881EB3F89C9098DDE6EF18C8EBB02A278C	BSU_15300	bpr	BSU_15300	1,599,283 → 1,603,584
D5EE976FCEC803BA42564E1513C44C4DE1FD51CC	new_713536_713956_c	S233	new_713536_713956_c	713,536 → 713,956
D5FDCC792D0E6B8D35BCDDC0D7B76025ACC900FF	BSU_12700	xkdQ	BSU_12700	1,339,632 → 1,340,609
D5FE7BD56C10CD05B90DB3EDA0622D1982B38F68	BSU_17800	yndJ	BSU_17800	1,912,953 → 1,914,593
D600D3F369E9EB8BF49D17BFD0D813BFD114F6B0	BSU_18850	yobD	BSU_18850	2,056,278 → 2,056,616
D60275112153F7EC501B41A686B2CD876793C3D2	BSU_18270	ynzE	BSU_18270	1,957,451 → 1,957,756
D6108A4E23E964A9827E60C54079775717BE8F8E	new_2295944_2297045	S820	new_2295944_2297045	2,295,944 → 2,297,045
D6271A533AC769749B13731DE6D0D3E998B68E28	new_3798209_3798320_c	S1433	new_3798209_3798320_c	3,798,209 → 3,798,320
D63EDBB6AA33708E8352F6208A9BA18CAEE0DC53	BSU_35060	cypX	BSU_35060	3,602,588 → 3,603,805
D644390502EE39A5C9168D128BA51F319A9C49AC	new_3812301_3812488_c	S1441	new_3812301_3812488_c	3,812,301 → 3,812,488
D650AD3C4665A293D4AB3AA6CF39CC7AE5233F3A	new_945324_945415	S302	new_945324_945415	945,324 → 945,415
D66994D077D1382B88FF65075E44C2A31089548F	BSU_35890	capC	BSU_35890	3,698,982 → 3,699,431
D66B22645CC26E6BD0853DF4240531616C70318A	new_3574247_3574338_c	S1325	new_3574247_3574338_c	3,574,247 → 3,574,338
D66B9BFF79ADD8B0F9BFA3892FCF4597264CE9EE	BSU_40180	epeX	BSU_40180	4,127,498 → 4,127,647
D67665412B78B56752B460219445E4BEF52C3A1A	BSU_34250	epsL	BSU_34250	3,516,880 → 3,517,488
D6797E1B54F91A3DBD1E9CB2312CAD2405E8CEA4	BSU_38440	ywaF	BSU_38440	3,945,530 → 3,946,243
D68158820A6D9D7504491BD6B4644B96F67D29D1	new_3487818_3487895_c	S1304	new_3487818_3487895_c	3,487,818 → 3,487,895
D68A0EE33D25FDD7D130CFA21312EBD635B0B4D7	BSU_03140	tmrB	BSU_03140	339,156 → 339,749
D6AC23EBAA03F4B905B0525F44E8F0DD6F82E9C7	BSU_tRNA_81	trnQ-Arg	BSU_tRNA_81	
D6AD12B0DF9629B380C5789D7A1BBD58417B675E	new_3481382_3481622_c	S1300	new_3481382_3481622_c	3,481,382 → 3,481,622
D6B1837075ECBEE1FEAC704DDB6795336092897F	BSU_00570	yabM	BSU_00570	64,817 → 66,415
D6C2B8ABBBD1F9F2D36C34098D5B811A15C60D3B	BSU_13460	rsgI	BSU_13460	1,412,644 → 1,413,789
D6D34E68FB3BAAACB533F98290FD363A5B00B2C6	BSU_16410	flhG	BSU_16410	1,710,838 → 1,711,734
D6DC6F9911186B7AA1CCC086D284D0A4DD48EEBC	new_2840432_2840765_c	S1051	new_2840432_2840765_c	2,840,432 → 2,840,765
D6EE5C35F9E81B382F93E4ECF4E122A153A4DA0E	new_1435383_1435605_c	S491	new_1435383_1435605_c	1,435,383 → 1,435,605
D6F1906CE8386F78F451D6B794F74DE4AD25AC9C	BSU_14190	ykuR	BSU_14190	1,489,753 → 1,490,877
D6F5F7C1C699C674FA7AC09A020E8E2F571E1AA9	BSU_28820	ysdC	BSU_28820	2,950,221 2,951,306
D6F608241F16564A4C3C0EFBB373CB2454035327	new_2522774_2522859_c	S915	new_2522774_2522859_c	2,522,774 → 2,522,859
D6F8C44B869E589F45D5A5BBB7477A503AC48120	new_3693907_3693970_c	S1379	new_3693907_3693970_c	3,693,907 → 3,693,970
D70EC7C02BC79BED724489ABCB6356447F215B87	BSU_35810	gerBB	BSU_35810	3,690,269 → 3,691,375
D71BF3EA6463574830A7584AC6DFD3936CCBFEA6	new_4109676_4109842	S1538	new_4109676_4109842	4,109,676 → 4,109,842
D71F54220FCC2B687857F53F53584D6CB90650CD	BSU_37340	ywiB	BSU_37340	3,835,317 → 3,835,745
D72175937B3956C2BC500FC00CEC8EC57A0A76A8	BSU_16090	sucC	BSU_16090	1,680,431 1,681,588
D7254B7F31D3F4CD18172AFB0F526CAE5195BDB6	BSU_32750	metN	BSU_32750	3,363,266 → 3,364,291
D72CFFE8ED3EC0280AE92C05A136D66ED1F62251	BSU_34590	mdxG	BSU_34590	3,552,369 → 3,553,205
D7397591C2157EBB1951ED3DC1E315F9AE7A4BB3	BSU_26720	azlB	BSU_26720	2,729,753 → 2,730,226
D73D1379552DC93F40A00084C634D2753C17D433	new_1765748_1765813	S605	new_1765748_1765813	1,765,748 → 1,765,813
D73FC9CAD929919050837824B4794F9FC9E83052	BSU_24900	rpmGA	BSU_24900	2,574,408 → 2,574,557
D74288E84E55EE177420AB2C9266A1FEF8998227	new_1107562_1107672	S364	new_1107562_1107672	1,107,562 → 1,107,672
D749382783437F40AE1C66755F57D44E3FCA193F	BSU_00140	dck	BSU_00140	22,496 → 23,149
D74DCFAE414EEBBB79D200EC85905E76C51792F1	BSU_01140	ybaC	BSU_01140	134,171 → 135,127
D7503C73C0BC2E411C651E409E91C2E22E8842E5	BSU_24470	yqhS	BSU_24470	2,539,755 → 2,540,201
D7688F131852ED6F9EF7D848F183F41974DB6E51	new_2869631_2869739_c	S1062	new_2869631_2869739_c	2,869,631 → 2,869,739
D768900C31C24E2604BBA31D1C2A21F12A076AF7	new_3546861_3547259	S1319	new_3546861_3547259	3,546,861 → 3,547,259
D7788FB13793CF13A3EB5538245F84B45972872D	new_3136712_3136937_c	S1172	new_3136712_3136937_c	3,136,712 → 3,136,937
D7A087A5297D087C6FCED9A327821E284DC480C3	new_3861223_3861307_c	S1457	new_3861223_3861307_c	3,861,223 → 3,861,307
D7A9142A3AE5169559E31ADC4BCE27446722110E	new_2191556_2193247_c	S775	new_2191556_2193247_c	2,191,556 → 2,193,247
D7C46835B9984E2C5E375816F2BB16566202CF27	BSU_07640	yflL	BSU_07640	837,735 → 838,010
D7C7840B3ED780666AB05ED163DA371DFB78E15B	BSU_23830	yqjL	BSU_23830	2,476,969 → 2,477,730
D7C9518E998BF9C224A8D1367847514157999FAA	BSU_21170	yomZ	BSU_21170	2,237,806 → 2,238,201
D7DD685750AB2C3CCDE0A2EBBEE1C1B9F97F2BB7	BSU_09830	yhaX	BSU_09830	1,056,702 → 1,057,568
D7E4E4A95CFDB3CFCC7432B08653644AF6876CA1	BSU_01820	adaB	BSU_01820	204,351 → 204,890
D7E5259B805BE15FA83A44B30A8B54D44BE6B1E5	new_2915149_2915261_c	S1079	new_2915149_2915261_c	2,915,149 → 2,915,261
D81610C7CA2A92FCB1195591ACB613E7C1288F6B	BSU_31360	yugK	BSU_31360	3,222,195 → 3,223,367
D81E040AD335DA85AE95A9CD2A90FD6366025127	new_22452_22529	S14	new_22452_22529	22,452 → 22,529
D828A8E03C894D1082EFCB11BEF1384F04D17ECA	BSU_25860	yqcG	BSU_25860	2,661,102 → 2,662,697
D84482C0742A93E797B8DA81CAABB80A31F4B8C2	BSU_25930	yqcE	BSU_25930	2,666,884 → 2,667,048
D85DA45241C084CCA762318F13E9A69F493B2C2B	BSU_26040	yqbN/2	BSU_26040	2,677,657 → 2,678,094
D8607250EEE380DA8E1CC291B21D5626FA33313E	BSU_23810	yqjN	BSU_23810	2,474,028 → 2,475,671
D8637043C7E2291589C966E95F94DC61B1A8AB75	BSU_01450	ecfA1	BSU_01450	150,443 → 151,288
D869177D5B1CE8B72AF89A18F03D8176ADA42664	BSU_17950	yneJ	BSU_17950	1,924,471 → 1,924,962
D8851F453E5EF18D36F25834A8CB9C61EAF15E44	BSU_33630	secG	BSU_33630	3,455,093 → 3,455,323
D888CCCCA4D98FF483674671B00926F3CEB10545	new_4144079_4144300_c	S1551	new_4144079_4144300_c	4,144,079 → 4,144,300
D8A050BF150C6E5B910C24C0E023F0829EC95BAD	BSU_19730	yodS	BSU_19730	2,143,660 → 2,144,349
D8A8FBC05B9665F72A88685D2B33822C2BB84C62	BSU_09860	khtT	BSU_09860	1,060,427 → 1,060,924
D8A9FB28570ECD941CD79265888342DC3B623CC3	BSU_36730	ywmD	BSU_36730	3,774,655 → 3,775,329
D8AC0ECC57C6113D0CCA36FC38395EECBD00FF50	BSU_04040	ycsE	BSU_04040	456,068 → 456,817
D8B01145303B24BF5647DCFD67E7793102775DFD	BSU_14420	ykoA	BSU_14420	1,511,923 → 1,512,192
D8C81A8768E9C6B47B5E196B54DC2A3A8256E7E6	BSU_05840	gmuD	BSU_05840	628,630 → 630,027
D8D21C02D27F83D16997EA83C1E6C6DF8E12C48A	new_1483671_1483955	S513	new_1483671_1483955	1,483,671 → 1,483,955
D8D79BC7E98754963CA9DC577B90929A5A9CE051	BSU_37770	rocB	BSU_37770	3,877,192 → 3,878,892
D8DA3483E98C11665D09F67BB156A58F71B3B0B9	new_3136119_3136205_c	S1171	new_3136119_3136205_c	3,136,119 → 3,136,205
D8E72C2523D5E6214C9CBAC2C1B27EA45378E162	BSU_12210	yjiB	BSU_12210	1,291,344 → 1,292,534
D8F93490DE615BC2A1FC46747708DC1B89A6CCC2	new_1447893_1448237_c	S501	new_1447893_1448237_c	1,447,893 → 1,448,237
D8FF2FF15C3848546B2D2CAA047BC74C54E72215	new_449651_449723	S132	new_449651_449723	449,651 → 449,723
D91356CF66ADE0CFA9E95A686DC7355B348C8B5C	BSU_07400	yfmO	BSU_07400	812,628 → 813,818
D915BCF13B85EFBB4C1DB55DD1D057EAD5192550	BSU_20410	yorE	BSU_20410	2,186,440 → 2,186,811
D921139B18A665E9BB177C973FCF050A4BFFF97F	BSU_31620	mrpC	BSU_31620	3,249,427 → 3,249,768
D923E249C7906A029BCE111B31C7409D87A106A8	new_936766_937078	S298	new_936766_937078	936,766 → 937,078
D9257531C2E24426781342314953B89A8272C5E5	BSU_35530	tagO	BSU_35530	3,648,654 → 3,649,730
D92B49C2A627C496F8A669F5C71FECE642C34C2B	BSU_05030	yddM	BSU_05030	548,710 → 549,651
D937E26DF69D49B1341B37596AC6A8FBEEF8BA2E	BSU_33070	gerAC	BSU_33070	3,393,293 → 3,394,414
D941248711FEB7F3698AF7B02EED95722605CF72	BSU_04610	ydcA	BSU_04610	515,016 → 515,615
D945CAD7209CB94A7B9E23263476124B7E8853DD	BSU_32980	yusZ	BSU_32980	3,382,633 → 3,383,475
D94782A0FA868C4F9C438A01A86E2D56D0EF5876	BSU_07660	yflJ	BSU_07660	838,783 → 838,920
D948867BAEF91943250714453A474B90AB64E523	BSU_03080	ycgE	BSU_03080	334,092 → 334,556
D95E94C53B3096C68D7EFBB69F1615E853CD9D24	new_1429967_1430160_c	S487	new_1429967_1430160_c	1,429,967 → 1,430,160
D96EEDABB73AC66E6AB772431819E7C767DC8B9A	BSU_39500	yxeM	BSU_39500	4,059,488 → 4,060,282
D97126757CFEA6068705D35CC041094876ADA553	BSU_33550	yvaC	BSU_33550	3,446,237 → 3,448,132
D97AFB2DB78403A26A3D0158DE4DFF9502549715	BSU_39170	yxzG	BSU_39170	4,020,455 → 4,020,907
D97D4CFDF7A9A48A8764738ECFD42F1D3A900BE7	BSU_37060	tdk	BSU_37060	3,802,405 → 3,802,992
D9865D2A827100EB086B0E9AF16FB391B4DF32DA	new_2432172_2432238_c	S883	new_2432172_2432238_c	2,432,172 → 2,432,238
D98D61CA651AAA415386B1B2B41562E5CF77DEF1	BSU_28060	spoIIB	BSU_28060	2,863,294 → 2,864,292
D996F581E21395C3F9CC064800C49A765EFC17A7	BSU_26500	yrkI	BSU_26500	2,710,848 → 2,711,075
D99DC487D4A53EB89AEB79BED8AE6FB1BDC25FDD	BSU_20640	yoqG	BSU_20640	2,198,848 → 2,199,105
D9A187961CFB9496A6712E9E48AAD384357A3E1C	BSU_03470	hxlR	BSU_03470	376,032 → 376,394
D9A71DAF949FB6C9C22C8361D83C5A0741184977	BSU_30210	bioD	BSU_30210	3,091,492 → 3,092,187
D9C06D872E2531B6A72C0AA18B42CEAE09698041	BSU_11970	yjcS	BSU_11970	1,268,275 → 1,268,592
D9D1FCBFC62F93CAA34DF61A784406F4E9EE6768	BSU_11980	yjdA	BSU_11980	1,268,829 → 1,269,584
D9D2C08F2DAD92AD661FCFFB45A20F5A75E76AEE	new_4093838_4093937_c	S1532	new_4093838_4093937_c	4,093,838 → 4,093,937
D9D4F756999CEC5A116FEE69779F11010D5B5BC4	BSU_04410	ydbB	BSU_04410	495,009 → 495,350
D9D672A76DB6B179AFEB1B3661A5C2FDA9311188	BSU_17960	yneK	BSU_17960	1,924,993 → 1,925,421
D9D907A6004AFE7A4D7BB92A8955593F00DC7A2C	BSU_40810	yyaM	BSU_40810	4,190,209 → 4,191,126
D9DCD38A0BCDEE2EF6A19A2CC13A3A0ACB216C37	BSU_24300	xseA	BSU_24300	2,526,920 → 2,528,266
D9F2049EC60BDB29EC358B867D05AE1E805B123E	BSU_25010	yqgE	BSU_25010	2,584,035 → 2,585,327
DA07722C01A96CCB5A2A6DC6899D0D86C791A3E7	BSU_14940	ylbA	BSU_14940	1,565,347 → 1,565,709
DA1DBF482EC589C2471FBA6C098CC86BCBAE4BB0	new_502632_502875	S151	new_502632_502875	502,632 → 502,875
DA2021808575E4CE9D04BECD17B7A929B50ADC1A	BSU_08780	ygaJ	BSU_08780	954,893 → 955,585
DA4A64BDF322EDE9EECE83AC9D4AAA01D3F16720	BSU_19040	csaA	BSU_19040	2,079,214 → 2,079,546
DA52C4CD130F32734E01A52F2F395127D2260F61	BSU_31850	yueC	BSU_31850	3,266,200 → 3,266,655
DA5EB526EE8AF41BE9B837F2C276432BC4183AA1	BSU_38630	katX	BSU_38630	3,964,997 → 3,966,640
DA6886B596E32CDFF382C452F3BF00A25C3816E9	new_4040876_4040985_c	S1516	new_4040876_4040985_c	4,040,876 → 4,040,985
DA6A456F5F8058CDAC2E33333A0804373E6ECE8F	new_1643910_1644485_c	S572	new_1643910_1644485_c	1,643,910 → 1,644,485
DA763F7C2192655C590752C2A285ADF902B11BCA	BSU_36760	murAA	BSU_36760	3,777,949 → 3,779,259
DA8EEEA05BB8594C6B0DCC98F6FDE55EEE6755E5	new_2712243_2712576_c	S991	new_2712243_2712576_c	2,712,243 → 2,712,576
DAA285C86692E8B47D48652E0973AE3FF091CBC3	BSU_29470	ackA	BSU_29470	3,015,111 3,016,298
DAB047D274936832345F3DCB675768E30B5077CF	BSU_34020	yvbX	BSU_34020	3,491,655 → 3,492,689
DAB25691F56435409D90332506B318179811E79D	new_838921_839051_c	S264	new_838921_839051_c	838,921 → 839,051
DAB54DCDE7FFB762EF421FF5FC4804EC0C3B6FD3	BSU_05460	ydfL	BSU_05460	594,186 → 594,998
DAB8C8C1FC80AA01294304E98CA6FF5A71B02715	BSU_36150	ywqN	BSU_36150	3,722,786 → 3,723,331
DAD5981B13756C3A9C2A9FCE2AD6134866733636	new_3791649_3791748_c	S1429	new_3791649_3791748_c	3,791,649 → 3,791,748
DAD6E37A0A954249A54EB93D95B796F169FD85B0	new_2600156_2602305	S951	new_2600156_2602305	2,600,156 → 2,602,305
DAD8308DF72E648610D1A12BC92063E1550CB1B4	BSU_37400	albD	BSU_37400	3,838,552 → 3,839,862
DAE0C61FD9902AD3092A779105B4A0E656069266	BSU_20250	mtbP	BSU_20250	2,171,401 → 2,172,732
DAE7AB27A4C42BF50556BB76F33BEFA8DF35EA3A	BSU_30700	rpmEB	BSU_30700	3,138,978 → 3,139,226
DAFBC470DA0FA437B117716DE899A8D3EC454672	BSU_09190	yhcR	BSU_09190	991,348 → 995,001
DAFDBAEFA32B69A45C75E1B6520644D468ED0B28	new_2780894_2780990_c	S1030	new_2780894_2780990_c	2,780,894 → 2,780,990
DAFFC37EBCA81FBC77118D0F16EC96F16295ACD7	BSU_40830	yyaK	BSU_40830	4,193,264 → 4,194,163
DB0618EBA12013842ED3972165D0276F438D8EC1	BSU_24560	gcvPA	BSU_24560	2,546,869 → 2,548,215
DB09F1C36257F511A84A083967A25A9D46744D14	BSU_15390	sepF	BSU_15390	1,610,865 → 1,611,314
DB0FDF43A6829692D3E6B9CDE9D0F4AA1E3EB888	BSU_39350	hutH	BSU_39350	4,042,051 → 4,043,577
DB1491F13F8B55A360413E815E47A2B51D24395C	BSU_29950	ytlQ	BSU_29950	3,064,811 → 3,065,725
DB1AAC91947A6008F631266E5CC85B58703AFD9D	BSU_06780	yeeC	BSU_06780	744,851 → 745,999
DB3527FB78D0B7C144D1699D665788184F19AFE0	BSU_25780	arsC	BSU_25780	2,655,322 → 2,655,741
DB374B763EE496FA5F0904686384D94170CE47E3	BSU_11160	yitW	BSU_11160	1,192,254 → 1,192,562
DB3A93634AA8EC779232569A222D78DE2DA582C6	BSU_10280	yhfM	BSU_10280	1,102,560 → 1,102,955
DB42FE6D6183BE4F6ABB1B82CBB3B477F2F131C1	new_2213079_2214861	S790	new_2213079_2214861	2,213,079 → 2,214,861
DB47BA2A5E3BED51DD8630E7D321C099D74B46CF	BSU_34320	epsF	BSU_34320	3,523,270 → 3,524,424
DB52F9DB4212FABC87E41F374DCD2DEBCEEE4DF8	BSU_01720	ybbK	BSU_01720	193,570 → 194,025
DB5F719C0A2F610301E174F6890DA9E826C76932	BSU_21460	bdbA	BSU_21460	2,266,936 → 2,267,349
DB6054A37D2EC1C1961C49825AF74171FADF1A3B	BSU_05360	ydfC	BSU_05360	582,536 → 583,456
DB78A34EA7EEC2E2C55E296BA64BB37204CE4AF2	BSU_21400	yomD	BSU_21400	2,262,437 → 2,263,261
DB8DC5B305DB5F301B047A2CA2089EC6485E7109	BSU_17970	cotM	BSU_17970	1,925,655 → 1,926,047
DB945469398DF1C8064B364B5AD71D8F00B50C46	new_1894896_1895211	S636	new_1894896_1895211	1,894,896 → 1,895,211
DBB3ED60A7D162B9F2830F81041BC661AA5EC1E7	BSU_24230	spoIVB	BSU_24230	2,519,102 → 2,520,382
DBBA549C2D71CF628E92AC7B659EA276E227D742	BSU_34130	ganA	BSU_34130	3,503,020 → 3,505,083
DBC4A2711F5079AF1C1B743DA8D7A813DAA0827F	BSU_03690	gerKD	BSU_03690	419,763 → 419,984
DBEB1E43E1121D3D8AB6A0CA3BAF4072715F6577	BSU_40680	yybD	BSU_40680	4,181,456 → 4,181,899
DC05E3C8C7F6874C5C5D7442CF9F45B24EBD33F1	new_3299701_3300252	S1237	new_3299701_3300252	3,299,701 → 3,300,252
DC0FDCA3FA6742B023E6877CE9554AA1D47012BB	BSU_10770	wprA	BSU_10770	1,153,789 → 1,156,473
DC1C1D4BE1A7F4E28792A2B8273AFE2C7F90E58C	BSU_23660	yqkB	BSU_23660	2,461,873 → 2,462,196
DC1CD6533A013F8A9D47FDE5D03F2D30C722B34E	new_2157233_2157340_c	S764	new_2157233_2157340_c	2,157,233 → 2,157,340
DC3449D5F195E5C2E9E14FEC95396C8F1FDF73B4	BSU_00980	sigH	BSU_00980	116,600 → 117,256
DC3574D78C8099CBC97A46C018A25393EF876655	new_2352467_2352591_c	S851	new_2352467_2352591_c	2,352,467 → 2,352,591
DC374E280C5A67C138D7EAC43AA66DA63CEF82B6	BSU_07820	treR	BSU_07820	853,556 → 854,272
DC60F31B3236C26C919AB7C574F13ABE98E976AF	BSU_25170	yqfO	BSU_25170	2,597,502 → 2,598,623
DC6BA360289AFEC4E098AFDEE9C4E7FA02EA40F8	BSU_26830	zinT	BSU_26830	2,741,357 → 2,742,112
DC6F09558843102A47BFD0C2794D0F226F788284	new_3747092_3747171_c	S1404	new_3747092_3747171_c	3,747,092 → 3,747,171
DC73C11C3C54D35B2D9A0A28666A29E36451E7F8	BSU_37970	ung	BSU_37970	3,897,685 → 3,898,362
DC867376EF4F9CC7663A9B76AA260AC3CA11595A	BSU_00310	holB	BSU_00310	40,665 → 41,654
DC906ED8D787602B5796BAD8FD81F02C4BAC8D13	BSU_16290	flgE	BSU_16290	1,700,182 → 1,700,976
DC99E507696A1CB23140A1CBA45DA07D1F7C7D53	BSU_30900	cotS	BSU_30900	3,159,691 → 3,160,746
DC9B5446484E42F46EB2B0541192D7D8B4B3AC8F	BSU_16450	cheC	BSU_16450	1,715,344 → 1,715,973
DCA3A7605CA19FAF61BDB75421BD41F11CB638E5	BSU_10310	yhfO	BSU_10310	1,106,003 → 1,106,452
DCA56BBD34F988F16FBF9E67C0C85975E052D96C	BSU_18709	yozT	BSU_18709	2,040,988 → 2,041,227
DCBDD135F295B04FE7C7EB92E94638701CB320DD	BSU_00380	metS	BSU_00380	45,633 → 47,627
DCC03844AC58A198B851B564D0A6459C39EBDA2F	BSU_38650	yxlG	BSU_38650	3,967,944 → 3,968,720
DCCB4A1674485644D30D140823C27FAD9D86C1BE	new_886682_886774_c	S282	new_886682_886774_c	886,682 → 886,774
DCFA6025F7B4D7C5F6FB8107DDA6538CED33084D	BSU_30466	ytrG	BSU_CDS_3119273	
DD1C8F3A4809785BD6A6047D39B42AB2C605E161	BSU_04820	immR	BSU_04820	531,130 → 531,513
DD266DC0D78B5C5E82EED7CC7F55D0CF8FB4BF7A	BSU_24680	comGF	BSU_24680	2,556,512 → 2,556,895
DD2B97F84EA4DB277A15A84A7DDAC35E56D9C815	new_3355486_3355592_c	S1257	new_3355486_3355592_c	3,355,486 → 3,355,592
DD2C5F549759447FF1C30E5B43BCB74CE4320EF3	BSU_11381	appA/1	BSU_11381	1,213,537 → 1,214,001
DD3A39A84E53A9B2ACBDD89DFAE3560E45C08DC1	BSU_01370	adk	BSU_01370	145,877 → 146,530
DD433A9AED3F09AE9EF44F04A2F0C45DE16A8DC6	BSU_misc_RNA_6	BSU_misc_RNA_6	BSU_misc_RNA_6	276,815 → 277,062
DD441801394C75BA597D8029BED4CAD54ACCAD1C	BSU_17310	ymaG	BSU_17310	1,865,512 → 1,865,787
DD4F52FE386EF75009ECF594ED4E2D1593220E4F	BSU_12570	xtmA	BSU_12570	1,325,096 → 1,325,893
DD647083C2E6968AD26A41C9F4EFBA942D75207C	BSU_31959	ybdZ	BSU_31959	3,280,294 → 3,280,503
DD799ED3EB79457C27ED30C7B4DBBC2C8F962191	BSU_09330	yhcZ	BSU_09330	1,009,804 → 1,010,448
DD8E722E042033B04904FBACD541A01BF3988F0C	BSU_20920	yopE	BSU_20920	2,212,245 → 2,212,496
DD985676E6D6A79858450430C1EEC5F1046D98E6	new_1038761_1038814	S335	new_1038761_1038814	1,038,761 → 1,038,814
DDAE68CD8D7F0D9C46E62D0EDBF4631C9EC4C236	BSU_14030	ykuC	BSU_14030	1,475,150 → 1,476,442
DDB0022F50999AC52809D651C9CC5A5FDC71302C	BSU_01910	skfA	BSU_01910	213,941 → 214,108
DDB1C25F708B1B761C2580D3A99453E88912C630	BSU_misc_RNA_19	BSU_misc_RNA_19	BSU_misc_RNA_19	1,391,739 → 1,391,851
DDBCE73B6AF39E5D669475479186C93F287DA9FC	BSU_11450	oppC	BSU_11450	1,222,533 → 1,223,450
DDBD74D8F633D65F0F67D3C8B92DC3BC2E9EDB73	BSU_23720	yqzH	BSU_23720	2,465,966 → 2,466,172
DDC4FA47586A50BE66D1271A841CEABD94702F0C	new_1527018_1527086_c	S530	new_1527018_1527086_c	1,527,018 → 1,527,086
DDD01D9C50BC11A50D263946ECA15CB58570ACAA	BSU_28690	glcF	BSU_28690	2,934,594 → 2,935,928
DDD40AEBBCBD3C19661A72B85912E266DBF267B3	BSU_22750	menH	BSU_22750	2,382,907 → 2,383,608
DDE2A40EA0AAC738300C2056AE050950E9397AE8	BSU_misc_RNA_44	BSU_misc_RNA_44	BSU_misc_RNA_44	2,869,366 → 2,869,588
DDE33287BF9752489B40BA8EF5138D6CC4B0415E	BSU_27785	yrzF	BSU_27785	2,840,110 → 2,840,757
DDE975DA2E13759B0DB8B6D219760C2E2C6032FB	BSU_04200	ydaE	BSU_04200	472,585 → 473,088
DE00A01D814FD688A4EA176248C0CC5C664F71EE	new_432271_432371	S130	new_432271_432371	432,271 → 432,371
DE113BB32600349C472D3417B760D640B65B01AB	BSU_21760	ypmP	BSU_21760	2,292,432 → 2,292,683
DE12190315DADF13DA1BA272924729BBF909B1D9	BSU_29050	ytbE	BSU_29050	2,970,038 → 2,970,880
DE32F1DA1EA1164411E0605262381BD38A49656C	BSU_05900	thiL	BSU_05900	640,662 → 641,639
DE36AACD99650590F3354C2620C16E34EF539931	new_2262268_2262436	S805	new_2262268_2262436	2,262,268 → 2,262,436
DE3BAB43FB394DF767E62C435DA115EB41BE4A03	BSU_02619	yczK	BSU_02619	283,816 → 283,992
DE3BCF20DE5BB438ACBB36B412817F6124CFDFFC	BSU_15040	ylbK	BSU_15040	1,571,981 → 1,572,763
DE4857E8A228F145EFB9B7AD817585258344ED1F	BSU_03040	amyE	BSU_03040	327,618 → 329,597
DE49797486CEC172F912D26A6BF2223190BF5DAD	BSU_02270	pssA	BSU_02270	247,744 → 248,277
DE52E15D900F9665E35D2C8138DA3ABFC2B7B723	BSU_18030	tlp	BSU_18030	1,930,447 → 1,930,698
DE880F5577B6D86B2E62437E392D48AFA9BCE48B	BSU_08410	yfiV	BSU_08410	916,124 → 916,606
DEACFD435DB01C4B3ADEF397BEE08E2E7C7FCC36	BSU_01670	amiE	BSU_01670	188,408 → 189,733
DEB3122A3EA36545759FAA6F86F71F971CA5F011	BSU_34890	hisH	BSU_34890	3,585,051 → 3,585,689
DEB7605B4F6F5F365A49C1C15647F9767B01BF66	BSU_05630	bstG	BSU_05630	608,246 → 608,764
DEB8358CE34F80560BE91F036659EF2C67A19623	BSU_22610	tyrA	BSU_22610	2,369,251 → 2,370,366
DECC64D90C741CC383297478091401D1D66588C0	new_352793_352857	S119	new_352793_352857	352,793 → 352,857
DEDA6F03386F360F6C0B2CC5F09DF3C9D85173F1	BSU_37370	albA	BSU_37370	3,836,323 → 3,837,669
DEDE8D1A1315595FBDD79BA0D1F5C113A38350FA	BSU_rRNA_15	rrnI-5S	BSU_rRNA_15	
DEE0DA15EE9EA27BA8C332204E40D336324A111C	BSU_37180	fadF	BSU_37180	3,814,382 → 3,816,499
DEE856E83E790EB57F103F7A9156408AF090995D	BSU_06470	purQ	BSU_06470	702,570 → 703,253
DEF387EDAF124C601CF89E0755ACE295E02D5C02	new_2843111_2843532	S1054	new_2843111_2843532	2,843,111 → 2,843,532
DEFBDC2AB8E43FB06C65389160E8EACFE5FB9705	BSU_35170	uvrB	BSU_35170	3,612,945 → 3,614,930
DF186DC49C5C2BF11483C1701AAD9D876C902D1C	new_511038_511105	S158	new_511038_511105	511,038 → 511,105
DF1A043F3D9817D9479B8C707F4ACEEF2BF2862C	BSU_28190	ysxC	BSU_28190	2,879,882 → 2,880,469
DF2052C51C41646D8DE507B323844A07E601026C	new_2454265_2454346_c	S892	new_2454265_2454346_c	2,454,265 → 2,454,346
DF2481EE6BDCDB19E57443051864035BB15FC16D	new_1151121_1151285	S385	new_1151121_1151285	1,151,121 → 1,151,285
DF30A8B195B8D830E131B23C768F07BE61F51150	BSU_02900	yceD	BSU_02900	312,780 → 313,361
DF3A372FD7ED711CE12BFB8B88C1C874E766581A	new_655138_655222	S213	new_655138_655222	655,138 → 655,222
DF51B9E50BD6C87C5FD1A48E15F281FC3A096D0A	BSU_29550	ytcJ	BSU_29550	3,022,068 → 3,023,657
DF77B46666595E86081C5345C91E08F86DF9FAEE	BSU_29805	sftA	BSU_29805	3,049,725 → 3,052,583
DF8CD0B3997A7A4CF4821A7D64E9898422FD17E0	BSU_35580	tuaD	BSU_35580	3,654,139 → 3,655,524
DF95DED9A6E2160C151D7664C951B198EEA225E8	BSU_17270	pghC	BSU_17270	1,863,448 → 1,864,155
DFA0BFED9FC2C47ABAA2284514CE2F81BD9EDFEF	BSU_05710	ydhD	BSU_05710	616,672 → 617,934
DFF5867A62AD5A3B4E88F135D41A9BF6FF49EBDB	BSU_40650	yybG	BSU_40650	4,178,291 → 4,179,130
E00889289B07BE78CC0C8E0962A55C3B14871E00	BSU_34670	yvdA	BSU_34670	3,561,590 → 3,562,183
E0097A00C82136BB0B1FB89FBA177E28A4EC3D54	BSU_02030	prkD	BSU_02030	223,219 → 223,989
E0098DF936E31A0CF295664E35EAD96E2154BD93	new_1912142_1913240_c	S651	new_1912142_1913240_c	1,912,142 → 1,913,240
E01DE74E67FE1C574D8E92FA45B7657CB830E87B	new_4198071_4198574	S1574	new_4198071_4198574	4,198,071 → 4,198,574
E029C1E62EA8142799EC32DD86420349C757DC49	BSU_20780	yopS	BSU_20780	2,203,779 → 2,204,003
E02D111784AED66B147096A586A72FE971AFE396	new_2779386_2779461_c	S1028	new_2779386_2779461_c	2,779,386 → 2,779,461
E02EB2B08203501E6DD2D1FB24BDA59058F87FB9	BSU_26780	bstE	BSU_26780	2,734,953 → 2,735,456
E030E80134E9DED6ADBC73C7C7435024CDFD38B9	BSU_22770	mtrB	BSU_22770	2,384,534 → 2,384,761
E03A63EB432544A9B8B10EF404FBF5252CFB02FC	BSU_05520	ydzH	BSU_05520	599,107 → 599,343
E0430C16C41440633647976A0F9183E24268E198	BSU_09410	phoA	BSU_09410	1,017,083 → 1,018,468
E0437C86E5F3707FF1DA13C8B98F73130DED8FB4	BSU_25320	yqfG	BSU_25320	2,611,808 → 2,612,281
E04C67FB0EA3FFEC8FB68440F4661505C3DFDA29	BSU_01845	ybcC	BSU_01845	206,941 → 209,556
E0525A4187D9C8A23F23BC8F883973896C8D295D	BSU_28790	araB	BSU_28790	2,945,689 → 2,947,371
E060F5ACE2DFC6CE62DF24A45BC70B42A2C1DDEB	BSU_tRNA_76	trnSL-Thr1	BSU_tRNA_76	
E0645DD4A7A871457300139A7E5986EF11C07387	BSU_19330	sodF	BSU_19330	2,104,056 → 2,104,901
E06787B6AAD11070751938822F75359CE6EF299C	BSU_02330	ybfQ	BSU_02330	252,514 → 253,482
E06A3392E644FEDC6F46ED41BBE89168F59B76B3	BSU_31080	bslA	BSU_31080	3,187,503 → 3,188,048
E07E123CC9FB3B29DDA8EC58A33FEEE1DDFC4834	BSU_36690	rapB	BSU_36690	3,771,000 → 3,772,133
E087ABA705CE94E2CAD44A0F2FB265B0F7B04399	BSU_38600	licR	BSU_38600	3,962,003 → 3,963,928
E08DD422DE18325EA9DF131B6069EB9E31B02CB1	BSU_misc_RNA_43	ldlU		
E098B9ADBFCB2C6D7C5EFFA24B407D3DE676D099	BSU_20010	yosT	BSU_20010	2,158,724 → 2,159,173
E0A55DFD88259873C80D6688D5BD0B34F40165D5	new_3830002_3830131_c	S1448	new_3830002_3830131_c	3,830,002 → 3,830,131
E0A83F20B479AFEBB1C1EB3A872536E8B6BA8B83	BSU_11809	yjcZ	BSU_11809	1,253,103 → 1,253,252
E0BB77C8F1220E931D16A1FA6B75AE8907C76FDB	BSU_35360	hag	BSU_35360	3,634,987 3,635,901
E0C883E066E2E04C0464A15A0F3037F7AE102345	BSU_05250	ydeM	BSU_05250	572,974 → 573,399
E0CB00B4082E99F609B692AEFD0AE813C28F5239	new_3154077_3154734_c	S1178	new_3154077_3154734_c	3,154,077 → 3,154,734
E0D94E0028EC327C4E1015BA38D9D57E1FFE730A	BSU_tRNA_51	trnS-Leu2	BSU_tRNA_51	
E0DCE433B801FCEFF394ABAFE8CA73A0A0133257	BSU_06920	yesJ	BSU_06920	757,111 → 757,653
E0DF6DE230AD0B632EEC0A1FB11EB32E59BD573E	BSU_26410	yrkR	BSU_26410	2,702,688 → 2,703,104
E0E28146D7E35699C93A2D8DEA056A98CB587909	new_1655375_1655445	S573	new_1655375_1655445	1,655,375 → 1,655,445
E12006960D9C75EBD4CD79A84B80BE51A9CC79D2	BSU_15340	ylmA	BSU_15340	1,606,560 1,607,354
E13CAA38828DA2EF84E7AF08E8476E9081FD95E4	new_2752064_2752166_c	S1015	new_2752064_2752166_c	2,752,064 → 2,752,166
E13D0275BAFF70EDA3A3FF2EDC57E29A740AD5E0	new_2930473_2930793_c	S1081	new_2930473_2930793_c	2,930,473 → 2,930,793
E1527FDFDC014D814C06F8FE224A55595E8B129B	BSU_misc_RNA_63	BSU_misc_RNA_63	BSU_misc_RNA_63	4,005,523 → 4,005,625
E1549CE5B1648EBD1E23890D97F0B545A9EC10F6	BSU_31110	yubF	BSU_31110	3,190,462 → 3,190,725
E157EEF087996853484BD250A2EAA6030B750417	new_3410379_3410465	S1278	new_3410379_3410465	3,410,379 → 3,410,465
E15BB518649B2B9CD44CEBBB4FA481E55BCE823C	BSU_05910	tsaE	BSU_05910	641,654 → 642,130
E15E9F88B0E03FE8834C646369D2F4B4E713EF41	BSU_18000	citB	BSU_18000	1,926,680 1,929,409
E163A282560DB882B81E783E7E95E1960F4AE4D2	BSU_29060	coaE	BSU_29060	2,970,922 → 2,971,515
E169F9711635457EA65FA71CCE9D7FF29DD8DF02	BSU_04580	cshA	BSU_04580	511,106 → 512,641
E1744329B6489F989F93F3E71E51E772E3926ABF	BSU_40300	rapG	BSU_40300	4,140,260 → 4,141,357
E17BB82EB15EFB221C6672A44E71DBEFC5D19B3E	BSU_03540	ycxB	BSU_03540	404,458 → 405,015
E195900D971AEE4A790D4579BE5E5A15B81010B8	BSU_misc_RNA_11	Thi-box	BSU_misc_RNA_11	955,655 → 955,762
E1ACF6488ED2B3EBBA5AE3E9ACC70BD3CC45FEEB	BSU_20540	yoqR	BSU_20540	2,194,402 → 2,194,758
E1B8B29FDF0E61378C5C3C8C21FC1088CF9799F7	new_2735457_2735681_c	S1004	new_2735457_2735681_c	2,735,457 → 2,735,681
E1B90896149DBA399174478D412DCDC242AB1834	BSU_20820	yopO	BSU_20820	2,207,748 → 2,207,960
E1BA75A5AC9455FC3E8C0C2C4F46EAD8CB12ADCC	BSU_misc_RNA_10	BSU_misc_RNA_10	BSU_misc_RNA_10	698,369 → 698,471
E1BB5F90FA09ACAECAD4F4B3154A4CB57B0E21DA	new_1940412_1941158_c	S675	new_1940412_1941158_c	1,940,412 → 1,941,158
E1CBB22683967FA47CB5886755BC3C3BFE6CC499	BSU_02090	ybxI	BSU_02090	228,549 → 229,352
E1F32D55281FF41F84855A480A3787DEB4B58CE7	new_2450326_2450402_c	S891	new_2450326_2450402_c	2,450,326 → 2,450,402
E1F9922DF7273040F84E5AC207A9F4CAFB85DC75	BSU_35630	lytB	BSU_35630	3,660,648 → 3,662,765
E20A5429BCD8719A403229AFB200225EA14EE2DB	BSU_06560	yerA	BSU_06560	713,664 → 715,406
E20F2EA47BC610E74F802593F022669B9F35F7D6	BSU_36079	BSU_36079		
E21C7E98F93FC4E8EEB8AFFB2C8513718D7AB098	new_4121082_4121165_c	S1541	new_4121082_4121165_c	4,121,082 → 4,121,165
E22D0F0AC56DC95AFC02E7F55FCD5FAA44B6B490	BSU_35250	ftsX	BSU_35250	3,623,938 → 3,624,828
E244A5ABB2FBD4FC3880F0DB700BD935991AE6DD	BSU_35520	tagV	BSU_35520	3,647,406 → 3,648,581
E2475C56019C8EA3E05DC8FF89D8FC2751FA2544	BSU_13560	mtnK	BSU_13560	1,423,241 1,424,440
E24B8DAFF563A7238C4DC4BEC575DA8056C3A79E	new_1884169_1884237	S628	new_1884169_1884237	1,884,169 → 1,884,237
E25AEB23191C4C165111D17DC198F1C63156F49D	BSU_17470	ynxB	BSU_17470	1,880,087 → 1,880,377
E26709980D72351772B1D7F1E806820CDCF01626	new_1929410_1929480	S669	new_1929410_1929480	1,929,410 → 1,929,480
E267F2B6448E380B354AE091734E4AC4DB5825EF	BSU_17640	yncD	BSU_17640	1,897,941 → 1,899,125
E26C70893C5D677C816C814558CC42F90B920087	BSU_12020	manA	BSU_12020	1,274,692 → 1,275,639
E27012060B8220E55277A23C20B1BA6DDBBA4AD1	BSU_28870	infC	BSU_28870	2,952,828 → 2,953,349
E272A68088B689873CE3269CFDD2DD830F3AB3E4	BSU_13040	hmp	BSU_13040	1,372,792 → 1,373,991
E278CCD5CFD618A0D4ACB92E1E06DCC1B4570ED0	BSU_12420	yjoB	BSU_12420	1,314,453 → 1,315,724
E280A5994F4D9D93DA4B698E79C86360DBEE5396	BSU_40160	epeP	BSU_40160	4,125,742 → 4,126,500
E29B4702C23AFC774752502FD6C98E43C37BC788	BSU_35690	ggaA	BSU_35690	3,670,035 → 3,671,375
E2A6CEA1DDD04E73495C97C5A88B1739D61C4125	new_1121267_1121506	S369	new_1121267_1121506	1,121,267 → 1,121,506
E2A8B04CD729332F9E6A13195181983F751F2F25	BSU_17040	mutS	BSU_17040	1,775,745 → 1,778,321
E2B72882B05419FA9E8002EA59001D45609587EB	new_4104900_4105513	S1535	new_4104900_4105513	4,104,900 → 4,105,513
E2CABD337831904871E0F0260DAA992E41A4F9E0	BSU_40760	yyaP	BSU_40760	4,186,608 → 4,187,174
E2DCC9920A77BAA36A09CC657829771A2E8129E2	new_226436_226565	S80	new_226436_226565	226,436 → 226,565
E2F68B264B8B1D956F743EEC884A69D86A24B799	BSU_23370	ypuA	BSU_23370	2,436,045 → 2,436,917
E2F9D7C9BC9166AD462E0017F50BDD9ECF9C6835	BSU_18730	yoaS	BSU_18730	2,043,186 → 2,043,668
E30C92E8D0CC56F7406B87B7EA25B7C41086DD73	BSU_04380	ydaT	BSU_04380	492,989 → 493,441
E30EA72A22EE52EBE5D65E6ADF2F6A8A1C2476BA	BSU_26000	yqbR	BSU_26000	2,670,801 → 2,671,064
E31915763A86FCEF15EA3731C04569CD4748C1B4	BSU_14568	BSU_14568		
E3283812B7EB374EAC8722ECCE28432DE24B7B4C	BSU_30820	menD	BSU_30820	3,150,563 → 3,152,305
E32A2B695591C80F5A855F0D728CA75D613F8DB4	BSU_ncRNA_1	aimX		
E33571466904A7C95BE337C32E2D14067746D95C	new_2417904_2417983_c	S879	new_2417904_2417983_c	2,417,904 → 2,417,983
E338967EA41E8BA63E471FCE8393EAF33555767A	BSU_26150	yqbD	BSU_26150	2,684,161 → 2,685,129
E34594EF457DD650FBC5D620803D8E5C8364FD13	new_3918519_3918628_c	S1473	new_3918519_3918628_c	3,918,519 → 3,918,628
E3481379D3FEC02C35CB4BE17A5246A208C5C86D	BSU_07300	yfnE	BSU_07300	801,172 → 802,350
E355AC3C67C0AD9B8ABEB2DAD4C966663CFF97EA	new_4062713_4063346	S1520	new_4062713_4063346	4,062,713 → 4,063,346
E357F777C208CEB0484BF9FD03214C6C297D1671	new_3681497_3681845_c	S1376	new_3681497_3681845_c	3,681,497 → 3,681,845
E3603BC23B04BA806F008EF13C6CDA23ADDAC7D8	BSU_11910	yjcM	BSU_11910	1,263,702 → 1,264,931
E3613A6C8B5F0EC76510ACE3E478967E73E2B241	BSU_30370	bceB	BSU_30370	3,109,397 → 3,111,337
E36971D56FA8FEE89B75628D082663A6A0756BFE	new_2892550_2894991	S1070	new_2892550_2894991	2,892,550 → 2,894,991
E371BC4F613C40CB0E8C8CAA97387F3E6735D813	BSU_02420	glnT	BSU_02420	262,732 → 264,168
E376BFB0243D329113A3B152E60D88FE5BFBE515	new_2841021_2841168	S1053	new_2841021_2841168	2,841,021 → 2,841,168
E3941334B5BB4FCA265F85B26DA02057C7A54706	new_3183217_3183608	S1184	new_3183217_3183608	3,183,217 → 3,183,608
E39AFEB7B7F28969A35C4B51CC6E7819F71C79D9	BSU_29740	ccpA	BSU_29740	3,044,165 → 3,045,169
E3A4FD020A382E54BDB63F79C94A6E28FC5E52A3	new_600145_600228_c	S194	new_600145_600228_c	600,145 → 600,228
E3A57FEE8BB77BEF313C37D9687639C14E5A3200	new_3852070_3852185_c	S1453	new_3852070_3852185_c	3,852,070 → 3,852,185
E3C5BE58D6CF7B51D82E6398D4ED89BB633F968B	new_275603_275837	S95	new_275603_275837	275,603 → 275,837
E3D7EF8F165CAC2682B0D620081C5C6E555E43C4	BSU_18340	ppsA	BSU_18340	1,990,272 → 1,997,957
E3DAC5DE86EE0E34C6ECB6DE1E41309742465CF9	BSU_31350	pgi	BSU_31350	3,220,731 3,222,083
E3E0B71330867F97495608CAF9DD090B601D3DA2	BSU_39030	yxiT	BSU_39030	4,007,416 → 4,007,658
E3F1B3A4086DBC40FD9AE9CD6981270FBDFA6CAF	BSU_29390	snaA	BSU_29390	3,008,249 → 3,008,785
E3FADE979CE6AB6315F67812608FCE00CF4E2453	BSU_36830	atpA	BSU_36830	3,783,878 3,785,386
E400E1C15B05AA9643996067B5CFD03B375C78D1	new_2525615_2525743_c	S916	new_2525615_2525743_c	2,525,615 → 2,525,743
E401D1C3906172F710EEC3BDABF4824B3851665D	BSU_13050	ykzH	BSU_13050	1,374,068 → 1,374,292
E404D34A983A398B7C7B7E527FE9508043889D85	BSU_17490	ynzG	BSU_17490	1,881,098 → 1,881,349
E4139214AB491712309F84A0792BCD8939F634D7	BSU_04590	ydbS	BSU_04590	512,814 → 513,293
E4395255CD43ACB611E0BA872182DF801662C366	BSU_02630	tatAD	BSU_02630	285,775 → 285,987
E44811DF107D3761550E68F270E29B9E465D434D	BSU_36540	ywnJ	BSU_36540	3,759,169 → 3,759,591
E452887964A38214F284E9377FBBD0FF321F1A26	BSU_20050	yosQ	BSU_20050	2,160,565 → 2,161,086
E46273C89C0AE1C705A0B44A117DCFE40A22BC84	BSU_36330	ywpF	BSU_36330	3,741,182 → 3,741,592
E473A50FE5501D1E6CF278376430201B11B59260	new_3224752_3224810	S1199	new_3224752_3224810	3,224,752 → 3,224,810
E4750B7ABCE1E7709F3F5CF9362BEF6415803959	BSU_18109	ynfCc		
E48DE0C73CB859E2B367B6800E85BD94836390A5	BSU_03030	ycgB	BSU_03030	326,888 → 327,469
E4997526CC534E38413030E90F7A135ECF65DF40	BSU_29210	accD	BSU_29210	2,988,693 → 2,989,565
E4B1B2DBC4B69AAEB8EDFC38EE3B5A1B4DBE70FB	new_2599926_2600047_c	S948	new_2599926_2600047_c	2,599,926 → 2,600,047
E4C4AEBA8DAEF7DA1B49432213B2B3EA2AF6B34B	BSU_07030	yesU	BSU_07030	768,828 → 769,490
E4C588EC93132CCBE4F40559F8A480A66A2D82D7	BSU_10130	hemH	BSU_10130	1,087,250 → 1,088,182
E4D89640D0F0A31A2814D20FB5425FDB0B46A43D	BSU_misc_RNA_3	BSU_misc_RNA_3	BSU_misc_RNA_3	119,855 → 119,995
E4E1020B799A1B403BDB4847B91B02D64D161AF3	BSU_31260	mcpB	BSU_31260	3,210,445 → 3,212,433
E4EBA8BC76984F3C98269FBEBE935F77DADB6FF2	BSU_11270	yjzD	BSU_11270	1,204,731 → 1,204,916
E4F1B49C26BCB4E3E596406A83CCDCC20AD4A3DB	BSU_07600	yflP	BSU_07600	833,228 → 834,187
E4F28955473A098D2E0960E7C57454C3A19F5884	BSU_39139	yxzJ	BSU_39139	4,019,005 → 4,019,136
E5090587E23B284EF3B3D8F3EA5C44CB86EEB82E	BSU_10930	yitB	BSU_10930	1,171,755 → 1,172,465
E50D4B30C2A0987A356C988AF8A4951C0CDF6C06	BSU_31490	pbpD	BSU_31490	3,233,911 → 3,235,785
E5110D9C36E8C55AFD1419987B14A53232165F20	BSU_00370	abrB	BSU_00370	44,848 → 45,138
E5182C55B4C0875AB7047090F8E47A2475A1CD35	new_1075165_1075252_c	S355	new_1075165_1075252_c	1,075,165 → 1,075,252
E532C37E8BA4088CF81A39B18DB3DCFE87E5C791	new_2600049_2600188_c	S949	new_2600049_2600188_c	2,600,049 → 2,600,188
E533BEF28579CD04B24E2C728737269E35224450	BSU_15540	pyrD	BSU_15540	1,627,718 → 1,628,653
E53B8D437B848B637AEC8C1BB9428EC8B6EB280E	BSU_24750	yqhB	BSU_24750	2,561,585 → 2,562,913
E54F39E72DC4881E886159607C2B424A41DE0D01	BSU_12160	forC1	BSU_12160	1,285,591 → 1,288,548
E5505742434E0192E8E443FF8B114202DE3FFADE	new_347027_347149	S116	new_347027_347149	347,027 → 347,149
E55F08FB4534940EB8EBC68F5BCD4EA4BBF7084A	new_2409565_2409634	S873	new_2409565_2409634	2,409,565 → 2,409,634
E562F0C7A5CB9B9AEA3EFDF15138EC7D3497B89A	BSU_06559	yezF	BSU_06559	713,308 → 713,535
E563C1E436E27CEF597F6F4FB1DC278457409AB4	new_3649731_3649813_c	S1360	new_3649731_3649813_c	3,649,731 → 3,649,813
E564BCA72C4C00100DD38006E8B36D6B00BFB4E8	new_1398413_1398495	S476	new_1398413_1398495	1,398,413 → 1,398,495
E56D6F0F132422708E557EADA35312975323AF22	new_2075780_2076111	S724	new_2075780_2076111	2,075,780 → 2,076,111
E5826A99769E2FE45959A9D623D6467A8DDDEB81	BSU_00940	cysS	BSU_00940	113,450 → 114,850
E585AF0E27A5EA44974D119CE716194B645CA15B	BSU_40530	cotF	BSU_40530	4,167,110 → 4,167,592
E59BBBAC34D0EEC1A9FFF4D08E925548D20D59E6	BSU_21160	yonA	BSU_21160	2,237,321 → 2,237,791
E59FFA07883B562899047FC3DDFCF99E2178196B	BSU_20280	yorR	BSU_20280	2,173,459 → 2,173,956
E5A57660B69F9E9BC52FD9C8A5E3C8786CE96728	BSU_11590	yjbL	BSU_11590	1,236,609 → 1,236,977
E5A59D2AF53FA220BA98D9653589A8F0D24F75B8	BSU_35390	yviE	BSU_35390	3,636,716 → 3,637,291
E5A59EE56092F8042128B19D5E8DEFAE41C78000	BSU_05440	nap	BSU_05440	592,303 → 593,205
E5ABBF06E5F78A2B40C7E530A907EC685428970B	new_2049454_2050111	S706	new_2049454_2050111	2,049,454 → 2,050,111
E5C8CE3B481FD08F91E7606D390BB6947F899D5F	new_2228723_2229384	S802	new_2228723_2229384	2,228,723 → 2,229,384
E5E2994D96FCECEE75E15136A08308C7B6C1C183	BSU_37800	sivA	BSU_37800	3,882,191 → 3,882,655
E5E431AC5A7D03EEFF6D694CB25EED1570D739A2	BSU_40021	yxaK	BSU_40021	4,109,843 → 4,110,247
E5F32D960F6FF50A7B0E4B268D2296FE1A291512	BSU_10810	yisP	BSU_10810	1,159,922 → 1,160,746
E5F5528DA775DE3EE2DD1EC931CDC7E3781E018C	BSU_25350	yqfD	BSU_25350	2,615,452 → 2,616,648
E5F6DF14A4C01B2C90F70E37908D3697BC1B5FEF	BSU_09260	yhxA	BSU_09260	1,000,364 → 1,001,716
E607AC217EAA2F431E90EAB17E622D5D2F19988C	BSU_18970	yobI	BSU_18970	2,065,424 → 2,069,029
E607B0D57398BCCF64CF3CE2110E632B0C3A109E	BSU_34190	lutP	BSU_34190	3,510,780 → 3,512,471
E60BF3D3A6E04353E3D6A13B4A97C1AFF0D2F60C	new_2961505_2961585_c	S1090	new_2961505_2961585_c	2,961,505 → 2,961,585
E60FC9C9B273DD6B07B7B95819525DE5F35113CE	BSU_05990	tatCY	BSU_05990	647,940 → 648,704
E635BA05792D1FEEC9710F197F7231E5CAC71737	BSU_23330	ypuC/2	BSU_23330	2,433,878 → 2,434,165
E63704C51B53F05BAD9B35D3B6874DB9231B6D24	BSU_36120	ywrB	BSU_36120	3,721,415 → 3,722,008
E63CD340EE688179C2E3EFA3617E0D85A6C53E76	BSU_tRNA_7	trnSL-Ser1	BSU_tRNA_7	
E65F0647F4EE3DEAF9F28C485C65C999215541CF	new_3236475_3237156	S1207	new_3236475_3237156	3,236,475 → 3,237,156
E6617ED50F7029A6668AD7C15790F4F836A86FB9	new_654693_655136	S212	new_654693_655136	654,693 → 655,136
E66EAB3C172ED8D1D26C675A7338B8153FB66987	BSU_38750	cydB	BSU_38750	3,976,791 → 3,977,807
E680F16E8560CBDE806837D09F20F7F7A83F17ED	new_4122850_4123061_c	S1542	new_4122850_4123061_c	4,122,850 → 4,123,061
E6A3987180F234472110FDA29B7545307F897FD0	BSU_37480	ywhH	BSU_37480	3,847,348 → 3,847,821
E6BD1DCC68E08DC8D6E684576A6638872A9FE432	BSU_05109	ydzN	BSU_05109	557,873 → 558,058
E6C213ABCE165A54897A7DB5EE24481B94A4CDD0	BSU_07860	yfkL	BSU_07860	860,303 → 861,493
E6C7733A12AF9A5322EED444E4A4FF1605A8B20F	BSU_08200	malP	BSU_08200	892,215 → 893,798
E6CAE3B7759E3849FB3E05E53ED01B0E48127745	new_2193662_2194052_c	S776	new_2193662_2194052_c	2,193,662 → 2,194,052
E6D521A3825D0A9FA7EE454BF10A23C0F8DC82D2	new_2516201_2516406	S911	new_2516201_2516406	2,516,201 → 2,516,406
E6DBEC1534E376C4F6D02D1E5EE36C4B8C6ADB05	new_3634793_3634897_c	S1351	new_3634793_3634897_c	3,634,793 → 3,634,897
E6EA8098E37A4A2F7370920AC1A500EE4319AAA2	BSU_19220	recQ	BSU_19220	2,094,010 → 2,095,785
E6EDDB6D1EDA85D73A0B78A656511D38346A625B	BSU_28310	ilvB	BSU_28310	2,895,248 → 2,896,972
E6EF230343307F817CF81E6936B310A43ADC1EFF	BSU_misc_RNA_73	ncrF		
E6F3BAC5875A16D8D75B2AD21447C14DD17B3DA6	BSU_34180	lutR	BSU_34180	3,509,831 → 3,510,490
E70BE74D5AB4B06CDFF902E58A0B9EBF477E21EC	BSU_33290	fhuC	BSU_33290	3,415,387 → 3,416,196
E718DF138154359A22F4D893586A9AC4D36D4C81	BSU_28460	yslB	BSU_28460	2,909,030 → 2,909,476
E71E305A0DE5AB6BE24CE47DC1ECCD99670C24D8	BSU_09070	yhcG	BSU_09070	981,604 → 982,302
E72910604D3DC2A62AE8A951F55570EA2838B250	BSU_01050	rplL	BSU_01050	120,607 120,978
E730E41546298960A4B907FCB7F36C495AA9602B	BSU_35720	tagF	BSU_35720	3,676,159 → 3,678,399
E736E164B37576B5880336A3F4E6E7C129686D1C	new_344370_344497	S115	new_344370_344497	344,370 → 344,497
E73D9F1A8F54DAD4B2056CABBE580D7AD36CB042	BSU_18310	ppsD	BSU_18310	1,964,045 → 1,974,856
E74E5A64CD40B0AF0686E8E4AC27B473E6DAE1F8	new_2028811_2029019	S692	new_2028811_2029019	2,028,811 → 2,029,019
E757C4B329A99E3D0C70C77437DF4DDA300CA5E7	BSU_05270	ydzF	BSU_05270	574,106 → 574,435
E76640F895261DA34AD2342B54B43D11857AEA9A	BSU_07490	fecF	BSU_07490	822,903 → 823,703
E771685D6D41D48E0C0AF77F15B4F380820FCDC2	BSU_01130	tufA	BSU_01130	132,882 134,072
E77364F274A520FCCA9F5C9504E317B047BA29E6	BSU_23100	sigX	BSU_23100	2,414,627 → 2,415,211
E7741ED6F15044900BDC5F0584246469D2D4D586	BSU_15510	pyrAA	BSU_15510	1,622,657 → 1,623,751
E77DD93E3CDCA9B81106E6AB0F18513360AAE9DB	BSU_12590	xkdE	BSU_12590	1,327,195 → 1,328,682
E7820706AF1FBCCCD17B065754D03FCBE8BB91B3	BSU_17510	ynaC	BSU_17510	1,882,040 → 1,882,831
E7A2F93B33B1899313893D362D92405232BC9097	BSU_18330	ppsB	BSU_18330	1,982,565 → 1,990,247
E7D735A16C35FBC635CFDB92ECB1C84F442D0DF0	BSU_16260	ylxF	BSU_16260	1,697,651 → 1,698,265
E7DA5020C05DA6CBEC5A91AF7A543E42643ACF48	BSU_rRNA_16	rrnH-16S	BSU_rRNA_16	
E7E0B170D1EEECE4E4EDC29B0399CB48253E9A17	BSU_09430	citR	BSU_09430	1,020,073 → 1,020,948
E7E2CBCA9D4109FA3CFFE0CAD54021CD952BB23F	new_2869307_2869365_c	S1061	new_2869307_2869365_c	2,869,307 → 2,869,365
E7ED2FB756B47A0F2C73E42E4168D16F20BD7B1B	BSU_10020	serC	BSU_10020	1,075,289 1,076,368
E7F4E01A6005C8469EAC64E8DFED96D0F29791A9	BSU_01220	rpsC	BSU_01220	138,842 → 139,498
E8048E181756BCE307CF28CF31664421404748A4	BSU_35990	ywrO	BSU_35990	3,708,172 → 3,708,699
E8311435A86835799E9093DD9CF3733CFFF18DCC	BSU_13789	ykzQ	BSU_13789	1,445,314 → 1,445,541
E85341621B3835F63F07C506E08B73A92E588B1F	BSU_misc_RNA_32	bsrB	BSU_misc_RNA_32	
E85814EDF232D21A42380D559EAD2CDFB41F19DB	BSU_08220	yfiC	BSU_08220	895,619 → 897,433
E85E138C947C791AF5EE23BE0CDC29429701C185	BSU_21180	yomY	BSU_21180	2,238,198 → 2,238,452
E85E45602D64E4556C3D2D0EE45F8BD7CFE9AB49	new_3321221_3321355_c	S1249	new_3321221_3321355_c	3,321,221 → 3,321,355
E86A96B832351FF513DD9853EAD8998CC44C9951	BSU_00660	yabT	BSU_00660	73,809 → 74,825
E86C2D0695C1707E612AD126AFB38D9F02FD1094	new_4159718_4159789	S1558	new_4159718_4159789	4,159,718 → 4,159,789
E8728725267F316B0DECC2AF316C3A35BC7A2F99	BSU_26075	yqbK	BSU_26075	2,679,588 → 2,680,988
E87AD8AD1C4FD5285F0B7B3C2CAC6CB5E2F859D0	new_837745_838076	S263	new_837745_838076	837,745 → 838,076
E87DFC182D54EE96D4CA57607E734CDFB18E74EF	BSU_14840	fpa	BSU_14840	1,552,412 → 1,552,693
E88978809272FAC2520DB4ABCA0554F8028F3451	BSU_40400	walK	BSU_40400	4,151,853 → 4,153,688
E89791467EA56BE115003AE4DC2E7A21F9221CB7	new_2056617_2057213	S711	new_2056617_2057213	2,056,617 → 2,057,213
E899848607915ACEB25E09A40A4541EE126F4797	new_1917098_1917430	S658	new_1917098_1917430	1,917,098 → 1,917,430
E89A93C59339AB8814B92A2DF8C3FF95C5C940D3	BSU_29460	moaB	BSU_29460	3,014,514 → 3,015,026
E89D39D7C0F023BABDB6DFD6A0171105A83A7ECF	BSU_09959	sscB		
E8A0FF4E8424E03EB66A28A6167054B31EAEDA51	new_4084590_4084742_c	S1528	new_4084590_4084742_c	4,084,590 → 4,084,742
E8A7B23A337573941C62DB1E0D08DA00B3E106ED	new_47673_50019_c	S25	new_47673_50019_c	47,673 → 50,019
E8ABDF09D775A50E9635CDA2B67DEA762469B336	BSU_misc_RNA_52	c-di-AMP riboswitch, ktrA	BSU_misc_RNA_52	3,188,193 → 3,188,341
E8B1846CEF630C3CD89B3A92E9D8BE9DBC84FD68	BSU_07870	yfkK	BSU_07870	861,586 → 861,801
E8B6C8E722BEE866878CDD816B7828C132F94FCD	BSU_38570	licA	BSU_38570	3,959,841 → 3,960,173
E8B88CBE4F9121DFEEF099D7947CD1E1AE656160	BSU_09370	lytF	BSU_09370	1,011,792 → 1,013,258
E8BD5B1F5B3EEB374E5C8F492379FAE3BCF5B386	new_2203985_2204049_c	S783	new_2203985_2204049_c	2,203,985 → 2,204,049
E8D13401B55A07EDB8E446175BA040AEB00ACB48	BSU_tRNA_52	trnB-Val	BSU_tRNA_52	
E8D1416DB588A4D72E84341F5EAB845E77A84792	BSU_05670	ydgJ	BSU_05670	612,836 → 613,330
E8D231572D8E9AF5C847BE7FC35B34A03365E80D	BSU_37089	BSU_37089		
E8D897A7E1CCA07875377B9DF34D41E985B0CAC7	new_2996886_2997300_c	S1113	new_2996886_2997300_c	2,996,886 → 2,997,300
E8ECEFF86ABD1A2BE439F3CAD5A7C5BB58C4BF8E	BSU_13020	ykgA	BSU_13020	1,371,015 → 1,371,875
E8FD92F48BE16F87D7481262F4E49003A78DE78F	BSU_34930	hisZ	BSU_34930	3,588,185 → 3,589,360
E91624382EC3DAABFB3123CDA818B4BEF745ACE6	BSU_22870	fni	BSU_22870	2,393,602 → 2,394,651
E932A00BB15D57CCC6F86B389E5618948F5E5A41	new_2041228_2041329_c	S700	new_2041228_2041329_c	2,041,228 → 2,041,329
E93AE502A575BFB185A5D782B2F40AD53B27093E	BSU_12250	yjkB	BSU_12250	1,295,748 → 1,296,500
E9402C106CFCB0E1EDA480897237FC0411511C52	new_1522479_1523083_c	S528	new_1522479_1523083_c	1,522,479 → 1,523,083
E956A30D97B2941108880F3AD48620C4DB6E0EBD	BSU_36840	atpH	BSU_36840	3,785,403 → 3,785,948
E966F3808222820C0644DC98F95765B89E6A2551	BSU_32710	sufC	BSU_32710	3,359,995 3,360,780
E968DECF869CAF7E247A518494AD70B554A7A25F	BSU_31600	mrpA	BSU_31600	3,246,679 → 3,249,003
E96F9A9FE1DA03E93917D4EA4CFCEFBF53D6E316	new_1674154_1674258	S580	new_1674154_1674258	1,674,154 → 1,674,258
E975EDD0B1C6EA94ACC7945404947F0BFF3B2902	new_3951938_3952042	S1479	new_3951938_3952042	3,951,938 → 3,952,042
E97B1FCA800523166C5A61B507EABF5E5CFF803B	BSU_12875	BSU_12875		
E97C7A219DB059BB634E893CC355A28324C87ADB	BSU_27140	oatA	BSU_27140	2,771,318 → 2,773,222
E98074149254BF56648F6CBE56E74B3D7DCD5DB3	new_1045199_1045317	bmrX	new_1045199_1045317	1,045,199 → 1,045,317
E98078C3CB9F19949009A8E50340E4C9E67663E6	BSU_32030	yuiG	BSU_32030	3,294,270 → 3,294,872
E9866855F0156859C45E98F3B385FE1263BB7EBC	BSU_misc_RNA_16	YkkC riboswitch	BSU_misc_RNA_16	1,376,328 → 1,376,439
E993FA7270DB71B055A36E305D8759BFD4C21ACF	BSU_23930	yqjC	BSU_23930	2,488,329 → 2,488,751
E9956A958C66C4114EB974EA6F9BF30CD951034A	BSU_09700	bmrB	BSU_09700	1,045,037 → 1,045,198
E99C4B7C8FB227082FA236B74B62B03DEBE2F0D4	BSU_35270	cccB	BSU_35270	3,625,741 → 3,626,079
E9ADA4957F3DCF471851B742309258569007BC6C	BSU_22250	yppG	BSU_22250	2,338,017 → 2,338,394
E9B2B4E505209AC9A6EA9EF5F7707E7405DC5335	BSU_37440	ywhL	BSU_37440	3,843,001 → 3,844,377
E9B61C2AA044B6C79B0D9CBAF430572A780A8E85	new_2592930_2593257_c	S943	new_2592930_2593257_c	2,592,930 → 2,593,257
E9BBAE86DF3E536A987179CC394B472F6F710498	BSU_14610	pdhD	BSU_14610	1,531,870 1,533,282
E9BEF368F8E55888AD4849E8906E517831A882DF	BSU_02130	glpQ	BSU_02130	233,014 → 233,895
E9C0F9B177258D407768A0A00960DB7E6391A3AE	BSU_06078	ydzW/5	BSU_06078	658,813 → 659,010
E9C4C569F18B3335DA9C7FB5B17C87D661E62669	BSU_39430	deoR	BSU_39430	4,052,379 → 4,053,320
E9D1B04FCB24402B56DC6A6F7AD696209E4BD0FA	BSU_04000	ycsA	BSU_04000	452,830 → 453,894
E9FE0BA3CB7ABF98762F65B619ADC6BE0EC54B4E	BSU_18990	yobK	BSU_18990	2,071,286 → 2,071,744
E9FF83FA90DCD7ECABFD67E95ECFAD3518DDC775	BSU_00490	spoVG	BSU_00490	55,866 → 56,159
EA0AA0ECBC4A36A3F01F5876900FE51243D9AD07	BSU_37490	speB	BSU_37490	3,847,853 → 3,848,725
EA155B3BEB9EAC97114058E23B6D8CDF8823A602	BSU_36950	tsaC	BSU_36950	3,792,969 → 3,794,009
EA17F9BBA4473C714711EB7577044402CD38B59C	BSU_06940	yesL	BSU_06940	758,093 → 758,722
EA1BEC9FCFD2A32142A8A8E6D7362DB37E02052A	BSU_34630	mdxR	BSU_34630	3,557,784 → 3,558,734
EA1C841FC77A1994A85E2E0C0A554482C3EC9323	BSU_24720	comGB	BSU_24720	2,557,983 → 2,558,954
EA2DD9892C1128ADCD6C8BC61248EBE45339E6D6	BSU_34600	mdxF	BSU_34600	3,553,206 → 3,554,513
EA36C28A990EFFAEBFE279467A0B56B6B5F5255D	BSU_02010	ybdK	BSU_02010	221,950 → 222,912
EA38E95F956A9EFA7FCEAC1755FE73795AB45C48	new_4167085_4167598_c	S1561	new_4167085_4167598_c	4,167,085 → 4,167,598
EA488E8ED48B91B5408C50A8CB955748400174E5	BSU_18790	yoaZ	BSU_18790	2,047,675 → 2,048,307
EA4CC0D36C39957DBBF9B1B11F65F33E8CD81FFE	BSU_26970	adhB	BSU_26970	2,753,452 → 2,754,588
EA61A6F10F4DEC146714BF6C5F173471B61FA3D3	new_299_1067_c	S4	new_299_1067_c	299 → 1,067
EA62F1DF6BB9204BB7A6B0CC6A05F63D711A451F	BSU_07720	yflD	BSU_07720	844,097 → 844,234
EA6790EF30D3DDB9670FE52DFD2C5083AB6A48E1	BSU_23110	resE	BSU_23110	2,415,415 → 2,417,184
EA97FCFD6A16FA423BD90250EA079CFA35408A03	new_2367761_2367905_c	S856	new_2367761_2367905_c	2,367,761 → 2,367,905
EA9A262EEC24BB159F0A6D207D0D88417B31027D	BSU_37750	ywfA	BSU_37750	3,874,332 → 3,875,570
EA9FCF84AE4FA80993566B62A9200D4B32AF5670	BSU_24270	dxs	BSU_24270	2,523,713 → 2,525,614
EAAC292B68219363C68A7703F436B25BED1CED29	BSU_38890	yxjN	BSU_38890	3,992,671 → 3,993,144
EACD0C84AA3CE41EF05EAA3D25AA1153293EB562	BSU_39110	deaD	BSU_39110	4,015,987 → 4,017,426
EAD44AA7D72510B70308FD0C9F159DBEDAEBBB74	BSU_28610	zapA	BSU_28610	2,925,640 → 2,925,897
EAE919A6088F1A455B6FCE62BA8CCBD05C1F98D5	BSU_02540	ycbK	BSU_02540	277,342 → 278,280
EAE93C12FF9A0908171F977773671FD7722FC5E7	BSU_23740	yqjU	BSU_23740	2,467,971 → 2,468,162
EAEEA4DD9641919830A81185333A2610B964D37C	BSU_09450	yhdF	BSU_09450	1,022,231 → 1,023,100
EB07AECD3849CC0B65126DE27E71B28B3AD106B0	BSU_41060	rpmH	BSU_41060	4,215,255 → 4,215,389
EB12C6B4F36B57BF0C59CE048CBAE18734C78D35	BSU_34770	yvcJ	BSU_34770	3,571,501 → 3,572,388
EB17629B7598C62741072E1AF0AB715C02041B70	BSU_23820	yqjM	BSU_23820	2,475,843 → 2,476,859
EB1C3DD517FA7990BACDDF7C2EED9054A7FBC771	BSU_39590	yxeD	BSU_39590	4,066,210 → 4,066,563
EB28A65CECE994DF2DF486DEACF40F2533703DB0	BSU_01640	btr	BSU_01640	183,414 → 185,003
EB330AB3DC6C8C3EC72C4CAFA2BC59CC485EE344	BSU_38420	sacY	BSU_38420	3,943,667 → 3,944,509
EB52009B0D8EE1B3B90842C8DE6E46C008C801CE	BSU_18080	yneT	BSU_18080	1,932,671 → 1,933,078
EB57A20DD3F163DCC9411173D67887FC824D7FBC	new_1313663_1313744_c	S453	new_1313663_1313744_c	1,313,663 → 1,313,744
EB6512177418B1601C6641FB2DEE99C2CD10E671	BSU_33940	gapA	BSU_33940	3,481,698 3,482,705
EB685771F9D6396A153CED0800709CB0988C83E5	BSU_23320	ypzC	BSU_23320	2,433,137 → 2,433,373
EB690FA075EAC3E298C47AED082B5FC21E8F8F46	BSU_17670	cotU	BSU_17670	1,901,117 → 1,901,377
EB6C28F40EEB46428E07BA25A773CB555C9D7F7E	new_496980_497767	S149	new_496980_497767	496,980 → 497,767
EB6DE119E6FB18413DB2C2B62B114FB787164F74	BSU_05860	gmuE	BSU_05860	630,912 → 631,811
EB6F40F8651654E0AB09447C5AD670C35A59F261	BSU_22090	kdgT	BSU_22090	2,321,972 → 2,322,964
EB815705133E3318F655F6024B7D9BA587FD1DDA	BSU_16210	fliF	BSU_16210	1,692,496 → 1,694,106
EB8AF295A11F28BDFAE39038FA89890824FC7791	BSU_30710	ythA	BSU_30710	3,139,431 → 3,140,762
EB8E3F88BC1ED2BAD5A98D609EDAA002261150A5	BSU_36030	ywrK	BSU_36030	3,712,617 → 3,713,945
EBAC06AE1C91A51BD9F88386BA9633C4B51D073F	BSU_18760	yoaU	BSU_18760	2,044,956 → 2,045,828
EBB374F45D96071823AA7E353BC81846044E8033	new_2037498_2037600_c	S698	new_2037498_2037600_c	2,037,498 → 2,037,600
EBBA4432FF83B6F203C694E04111D45290BE157A	BSU_10920	yitA	BSU_10920	1,170,473 → 1,171,642
EBC2B9107AD50DD8F8174FC0BE4AD90DEE6A7CCA	BSU_39510	snaB	BSU_39510	4,060,307 → 4,060,804
EBC543FAB148C4FD0B50F6523E5CDFFCC24C53D6	new_2836807_2836908_c	S1050	new_2836807_2836908_c	2,836,807 → 2,836,908
EBCD86D91C1D0EF6EDC599D0DCCDC97EB1744E9B	new_4109864_4110916_c	S1539	new_4109864_4110916_c	4,109,864 → 4,110,916
EBCDD00317852DEE0C5070AEA16A3A07093D7661	BSU_12470	yjqA	BSU_12470	1,318,528 → 1,318,905
EBD0F966FD7B3662814D530064BD307561A5CB15	BSU_07140	yetF	BSU_07140	784,381 → 785,076
EBD15C174A03B7FCDFFE4C5DB5D86E93F1B9CAC4	BSU_00320	ricT	BSU_00320	41,657 → 42,484
EBE0360D89E50EEBB84CC853C6E4B4053DBF8925	BSU_01870	ybcH	BSU_01870	210,224 → 210,514
EBE03AEC7EC594A3115A7A72194BDFF300AA0BFA	BSU_00040	recF	BSU_00040	3,437 → 4,549
EBEA85AD543B79C321CB5F28D1B7E1248640DC1D	BSU_30950	glgA	BSU_30950	3,166,118 → 3,167,572
EBEFF9E0A524DCDA19382E5401B923B805E4C559	BSU_15160	pbpB	BSU_15160	1,581,947 → 1,584,097
EC025F78D0BCBD91162BAAB9EAB7D3837E0A3208	BSU_15980	ffh	BSU_15980	1,672,174 → 1,673,514
EC098261CA462610C864958EFEEFA830D6CDA96F	BSU_36090	ywrE	BSU_36090	3,718,794 → 3,719,129
EC1CB2FD563EFDA391D13EB8ADFDC8C9734E9D57	BSU_28290	ilvC	BSU_28290	2,893,681 2,894,709
EC287BBD7AB1EB44A33BF29144448F53D06AC6D9	BSU_09130	tcyP	BSU_09130	986,986 → 988,377
EC32328548BFB59D9026ACE351C946DBBC0932BC	BSU_01070	rpoB	BSU_01070	121,919 → 125,500
EC3362AC3EE2595938A429D2839C5E362F514233	BSU_02590	ycbP	BSU_02590	281,769 → 282,155
EC3B2357DDFA5589B00EFD1312E4A4E9B1E5C3C1	new_2152853_2153170_c	S759	new_2152853_2153170_c	2,152,853 → 2,153,170
EC3E350118EF2B2F2B8B7763A62253CAB2B72BC9	BSU_11080	yitQ	BSU_11080	1,185,001 → 1,185,588
EC41ADA813BBA7F1144D1CA7DF8D5C6BB60E085D	new_1717808_1717932	S586	new_1717808_1717932	1,717,808 → 1,717,932
EC58295010605725E9A2505E11075B95B2A12F44	new_339807_339955_c	S111	new_339807_339955_c	339,807 → 339,955
EC5D3ECF361C7CDEB606284F5E17243CD926989E	BSU_16680	rpsO	BSU_16680	1,738,941 → 1,739,210
EC63B5CDFDB4DF3A967ECEC40F2C44849311148B	BSU_03810	fpbO	BSU_03810	433,315 → 434,262
EC6697D5D945B7E5083AFED9218748763C443278	BSU_09380	nsrR	BSU_09380	1,013,411 → 1,013,851
EC7C2A0B5A9A30B2FAA0CF9EEB9830CE0E6F2219	BSU_36520	nrgB	BSU_36520	3,758,016 → 3,758,366
EC84396F67F290D99959F19060AA038DC6D1DBBB	new_4154972_4155052_c	S1554	new_4154972_4155052_c	4,154,972 → 4,155,052
EC8AFB7FDDB223086937FED285510284D8405ED8	BSU_11960	yjcR	BSU_11960	1,267,574 → 1,268,101
EC8BF9A3BA88FE2A78C6F78A888E0D1E25C47BC5	BSU_03310	nasC	BSU_03310	358,303 → 360,435
EC9662C7BD4A1AAC3ED695724380D7797F8D2F3F	new_2488815_2488968	S907	new_2488815_2488968	2,488,815 → 2,488,968
EC96EDED2472607DFA4C5EBA054157F7832EE41C	BSU_29080	mutM	BSU_29080	2,972,329 → 2,973,159
EC98685EE0E3CE6CE8DC33409481AE96315279AC	BSU_33300	fhuG	BSU_33300	3,416,212 → 3,417,222
EC9F1D4F1863E53A818A51B0E16B201A251F077E	BSU_04570	murF	BSU_04570	509,384 → 510,757
ECA64CB1E4BF8B6B0854B1B63C9E85A519059C6C	BSU_34400	padC	BSU_34400	3,532,325 → 3,532,810
ECA8EBD553936CDD371B947D48B3C7D049B755BD	BSU_09290	glpK	BSU_09290	1,003,344 → 1,004,834
ECAB685E9038DC03FA2CC659112BB07D30DE5C8C	BSU_25480	grpE	BSU_25480	2,627,971 → 2,628,534
ECAF6D0CEE0EA00B8E1FBCDE4CAA2E807599EEAA	new_2404091_2404172_c	S870	new_2404091_2404172_c	2,404,091 → 2,404,172
ECAFD2873ADE6B65C7B3C27FF26E0FAAA74839CC	BSU_14170	ykuP	BSU_14170	1,488,413 → 1,488,868
ECB23B27C364EEB0BFB4C95BA62E9FF34AC852CF	BSU_13940	ykwB	BSU_13940	1,462,813 → 1,463,493
ECB534B5763B945EF86B8039F320BBA024E6E652	new_159779_160673	S63	new_159779_160673	159,779 → 160,673
ECBA7A0C8E705A464ACF627EBAFF7482EAEE34F2	BSU_36490	ywoC	BSU_36490	3,755,291 → 3,755,860
ECCBD8EF461C24D693450E10EC268DBC7A440618	BSU_02140	glpT	BSU_02140	233,994 → 235,328
ECCE99438DBFC52DA7236CB4F6486DD004CADF73	BSU_15370	ylmD	BSU_15370	1,609,327 → 1,610,163
ECD40F139D57B159A54E660ABD0D92629490AE8D	BSU_14970	ylbD	BSU_14970	1,567,651 → 1,568,049
ECDF691974AEDC0427AE86D1C5A90E5676D16137	BSU_rRNA_25	rrnG-16S	BSU_rRNA_25	
ECEE5EA702DE98F31AD12A3C89757C87C32DC2DD	new_1530423_1530536	S532	new_1530423_1530536	1,530,423 → 1,530,536
ECF0F2E906BF94F509817752827CA189AFBE53FE	BSU_33930	pgk	BSU_33930	3,480,197 3,481,381
ED016475DF70DC63EE97B9FFD0CAC026E13A10E3	BSU_25400	yqeY	BSU_25400	2,619,910 → 2,620,356
ED02B21A2296C6A5A19007810D0416FCBAF5B9ED	BSU_20980	yonV	BSU_20980	2,217,967 → 2,219,199
ED0A85A8A5FCD12C99507EB033F88586521A7C47	BSU_18930	yobH	BSU_18930	
ED137C732F79F23E1FF0C3C20DB2E0214E34C0A4	BSU_39450	yxeR	BSU_39450	4,054,354 → 4,055,466
ED1BC99ABB8389335E332ECC8BD511FB3E0E377E	BSU_25960	yqcB	BSU_25960	2,668,493 → 2,668,765
ED1DDA187692683D9862EC0E858B80CD56C48045	BSU_27130	rsiV	BSU_27130	2,770,350 → 2,771,207
ED1E2011C7E43A8B7E9FD9A471BC11B9DEA73177	BSU_22310	recU	BSU_22310	2,340,802 → 2,341,422
ED1F82463BAA28B67184BFAB5CB23CF26A62999D	BSU_34820	bmrA	BSU_34820	3,577,745 → 3,579,514
ED29D2DE48AADEA09C90F08B6021555C357946B4	BSU_12390	uxaA	BSU_12390	1,311,319 → 1,312,812
ED35852FAAD386CFB43F8D3DDEF28F7B05EC8B43	BSU_12690	xkdP	BSU_12690	1,338,957 → 1,339,616
ED38E683814BA5A90E1F84EA162227C89ABE82CC	new_2393238_2393421	S865	new_2393238_2393421	2,393,238 → 2,393,421
ED3CB96E88865BF2A0D4D666999979F65FEB96AE	new_2709471_2710001_c	S990	new_2709471_2710001_c	2,709,471 → 2,710,001
ED4153F9648545C0F33D7FB1C4C01DC5A4B6985D	new_967323_967934	S312	new_967323_967934	967,323 → 967,934
ED478E2C37F2AD8BF06251B52511287EDB91C9EE	BSU_08590	yfhM	BSU_08590	929,725 → 930,585
ED4C1EA16FF96DA20F12B972CD2458FA3B49DDA5	BSU_29940	ytlR	BSU_29940	3,063,833 → 3,064,762
ED51B0DA6313348D0E0979F9574465195C8864C4	new_3170472_3171891	S1180	new_3170472_3171891	3,170,472 → 3,171,891
ED573E8F989BB2EEBA824B042E577EFB5544040B	new_2362339_2362406_c	S853	new_2362339_2362406_c	2,362,339 → 2,362,406
ED6002BB56B96F9A2B4F80CA050518B266000E55	BSU_39360	hutU	BSU_39360	4,043,574 → 4,045,232
ED6697E2E4DD4E83A48ECB1AD7EA22E17B18593B	new_3566276_3566357_c	S1321	new_3566276_3566357_c	3,566,276 → 3,566,357
ED68507C19B7B04894C912E55F9A7DDF49A50A59	new_2564914_2565669	S929	new_2564914_2565669	2,564,914 → 2,565,669
ED7CD19A568B82BE112765C7AAA2601FA40378C4	new_4134175_4134435_c	S1547	new_4134175_4134435_c	4,134,175 → 4,134,435
ED825D5B3290BA8F9C92477B1FCC433ADB3C8449	BSU_10650	sbcC	BSU_10650	1,144,749 → 1,148,141
EDA465AA8394F5BBDD3421E1E5FE764A0D5DB53E	BSU_35678	BSU_35678		
EDB2F4C132211F01654F2A2ED3D220EC15CE6F22	BSU_03700	gerKA	BSU_03700	420,110 → 421,744
EDB880BBAA5F04DDBAC8D7276B94593B6C23F872	BSU_06033	ydzT/1	BSU_06033	651,977 → 652,084
EDC3565D90D7059A4A4C66A13EB568420F6CECD4	BSU_29330	cmoO	BSU_29330	3,003,345 → 3,004,349
EDCFF55FF3ED2A40B009738F98B497A45E062E08	new_728319_728449_c	S236	new_728319_728449_c	728,319 → 728,449
EDD0C5732E487A7F94684289F59B9130773316C1	BSU_19080	yobT	BSU_19080	2,081,753 → 2,082,454
EDD120C4A382C5FF16C3F918AC94D793984C409F	new_4176526_4176840	S1567	new_4176526_4176840	4,176,526 → 4,176,840
EDD5ACB89661D3B6D77057863EF345EBF84F49B2	BSU_10200	yhfE	BSU_10200	1,095,063 → 1,096,103
EDD5CEDAE74D57627C32EB7C66966CE03B692274	BSU_04420	ydbC	BSU_04420	495,344 → 495,703
EDD8154C6FECA70EF73795F4ADB2F4F136456415	new_1784630_1785132	S617	new_1784630_1785132	1,784,630 → 1,785,132
EDDD61CF725449E57C72F63D378F6CD1FAC49ADA	BSU_08990	yhbI	BSU_08990	976,569 → 977,033
EDE47BF726A4D2F0A4E1D9481C97576650339F84	BSU_26890	csn	BSU_26890	2,747,984 → 2,748,817
EDF8D2C49FA5552B24135E12524F9035E1E01473	BSU_12940	dppC	BSU_12940	1,362,174 → 1,363,136
EDFAF3AF6F2E7578733D5BF0295AD614070453F4	BSU_09560	yhdQ	BSU_09560	1,033,458 → 1,033,889
EE026AF484B0FF8030BF5E7CEFF50EBCC092E7FF	new_101212_101289	S44	new_101212_101289	101,212 → 101,289
EE0BD0C0FC982E5A42C0190AE711EE0F134F6D50	new_2273801_2274302	S811	new_2273801_2274302	2,273,801 → 2,274,302
EE0C9305F1F940843FE57194446999EF60EDD6C8	new_3246432_3246527	S1210	new_3246432_3246527	3,246,432 → 3,246,527
EE212953BC83BD6D69BF769D6E917F4F954BE1E2	BSU_02870	znuB	BSU_02870	310,000 → 310,842
EE22F419335E0358B154176F3D1E3E380E5E2139	BSU_rRNA_9	rrnW-16S	BSU_rRNA_9	
EE2A4068CBD7A2F852E582E2EDA4148381F1CD61	BSU_04830	xis	BSU_04830	531,787 → 531,981
EE319E1B612ABF873583DAD4696EE8A25BA7E373	new_3605398_3606736_c	S1338	new_3605398_3606736_c	3,605,398 → 3,606,736
EE3B6B52EA19958E2E46A1545747F5209A6AA036	BSU_22940	prsW	BSU_22940	2,400,208 → 2,400,864
EE3C6237D942AC23B566745ED278F0DE1A331BB6	BSU_26920	yraJ	BSU_26920	2,750,883 → 2,751,239
EE3EE3287832EA0D05D6DC3C867AF8F4A8EEE13F	BSU_04120	yczI	BSU_04120	463,245 → 463,490
EE4A4336E25F5DCAC89214F55CDE203AB47AA249	BSU_03982	mtlF	BSU_03982	451,185 → 451,616
EE52DFA35B935E551871D079A9BE877DB2001A3B	BSU_17020	ricA	BSU_17020	1,774,374 → 1,774,805
EE559CD606562097F09DC627F431CA31129D7BC6	BSU_29820	ytpR	BSU_29820	3,052,743 → 3,053,348
EE681C9A42FCC29CBB55CC9566EE4CFF986D0F1D	BSU_40380	walI	BSU_40380	4,149,667 → 4,150,509
EE712C1EC9E9C371847C83F7D75C189B276CD4B6	BSU_22410	panD	BSU_22410	2,352,592 → 2,352,975
EE8065E719D0359B5892C8DCBCEC0B246ABE7D5B	BSU_08500	yfhE	BSU_08500	924,468 → 924,578
EEB0CF0AF0707AC1161F150708F7EDDB749B3C42	BSU_29670	tyrS	BSU_29670	3,036,603 3,037,871
EEBAA8A29E6A4EDA1DA4B32605459B9272A4762D	BSU_23350	ypzD	BSU_23350	2,435,012 → 2,435,224
EEDE6A22E91992ABCA677CAB7917B7168C5CB868	BSU_33050	gerAA	BSU_33050	3,390,782 → 3,392,230
EEEE69A98DFAA3327FBC04F1422E959D8B44AF20	BSU_18230	yngG	BSU_18230	1,952,031 → 1,952,930
EEF3E572ED2F23581EB9B48D16B3112B886F7975	BSU_00270	yaaO	BSU_00270	37,720 → 39,162
EF049D9B657CB73FC595F47207B972544B80EC6F	new_2791968_2792100_c	S1035	new_2791968_2792100_c	2,791,968 → 2,792,100
EF08529BD2D576B2BCCE464157F5CF77970D9CA3	new_1446289_1447115_c	S498	new_1446289_1447115_c	1,446,289 → 1,447,115
EF0AAAF5BAE8E1F54FCA296643F7B9E3CE257B1D	BSU_07350	yfmT	BSU_07350	807,091 → 808,548
EF0F13BB682791E167EFC350BF029B08E8A1F410	BSU_17230	pksS	BSU_17230	1,858,566 → 1,859,783
EF18470AD2B07755431534B52A8FCE6754FDBA9D	BSU_13390	ykoT	BSU_13390	1,403,479 → 1,404,492
EF191BCF0D5374F1FF5883478F7BB2C1A423A2EA	new_3108426_3108524_c	S1161	new_3108426_3108524_c	3,108,426 → 3,108,524
EF26A6E38171D492A8B0B091D629409430C6356E	BSU_10009	yhzF	BSU_10009	1,074,381 → 1,074,572
EF487D263F89F53D6A21F9B65B9D3ACAF046D474	BSU_27190	yrzI	BSU_27190	2,778,923 → 2,779,072
EF4BD49FCD49EE97908973581478951C8FA196C0	BSU_40960	parB	BSU_40960	4,205,556 → 4,206,404
EF5F0F1FCD2514240EDFDB2A2357D1580602DA27	new_1938860_1938924	S674	new_1938860_1938924	1,938,860 → 1,938,924
EF5F2B667BB09665238B637B3B0EE86226992086	new_744739_744850	S243	new_744739_744850	744,739 → 744,850
EF69891D9CF0CE57367B38FB3C69DDE1B689FCB7	BSU_13220	thiW	BSU_13220	1,388,809 → 1,390,452
EF79E525504B99CE40B2BD0EE0BB8F8A2E9C7F7B	BSU_misc_RNA_81	ratA	new_2678362_2678577_c	2,678,362 → 2,678,577
EF7E4067479CFABAEEBE77C72D60C6C27580AC87	new_3788004_3788274_c	S1426	new_3788004_3788274_c	3,788,004 → 3,788,274
EF88D8038D43AD4DB8893F8333C738F1265A0E95	BSU_27100	yrhP	BSU_27100	2,768,042 → 2,768,674
EFA18ACD034D48868CD97470F81F23976DA300DF	BSU_10450	yhjB	BSU_10450	1,119,162 → 1,120,631
EFCC684A9B764A2079A65524E505EAC7FEE55CDA	new_2329736_2330041_c	S838	new_2329736_2330041_c	2,329,736 → 2,330,041
EFD8FC875B6787B1512C5FC4C81E7E4C9BD93028	BSU_22790	hbs	BSU_22790	2,385,543 → 2,385,821
EFEAF09E4449A022A7323450FDED9458426A0080	BSU_05420	ydfI	BSU_05420	588,960 → 589,601
EFF0635A4BBB62558A04BA49195D76234776F943	BSU_34810	yvcD	BSU_34810	3,576,165 → 3,577,619
EFFD47F919CF7F8FD2A833F11568B9FF86F9FAF7	BSU_05408	ydzP	BSU_05408	587,157 → 587,336
EFFF6528EB4283FF36E47764B6FA9E8CFD3ABDE1	BSU_20130	yosG	BSU_20130	2,167,570 → 2,167,932
F001D5A254F0E175B4B3A0B54FC4B40AA230997E	BSU_31945	yukJ	BSU_31945	3,279,573 → 3,280,250
F00DAFFBB136F9331C47D45BF44DC59E3EBB75FA	BSU_23180	spmA	BSU_23180	2,422,805 → 2,423,395
F00F784AA4BA1734FB5BF4A343B3878694A13454	BSU_misc_RNA_53	BSU_misc_RNA_53	BSU_misc_RNA_53	3,364,397 → 3,364,503
F022ACB2CBB8DA46B392CE1D26474093645F26DA	BSU_01770	glmM	BSU_01770	198,497 → 199,843
F023E7BA5E862B8EDA5F7625EFE4E20734168155	new_1751_1938	S5	new_1751_1938	1,751 → 1,938
F02D4AFF60ADDDC5F5B85A3ACCA3AF803560B91E	BSU_26940	yraH	BSU_26940	2,752,167 → 2,752,553
F02E3080214A327E131ECDE0DBC52C57EFDFE2CE	BSU_31240	mcpA	BSU_31240	3,206,169 → 3,208,154
F03144BF8A187C8931938A21433431B8961E8EE7	BSU_35430	flgM	BSU_35430	3,640,285 → 3,640,551
F03F3053FAB1CDC55642B111F38C2305B40EDC51	new_2381192_2381353_c	S858	new_2381192_2381353_c	2,381,192 → 2,381,353
F04645954B4A9657E44C9FFF841BED2E5561E474	new_2415264_2415371	S877	new_2415264_2415371	2,415,264 → 2,415,371
F059DD167AEAC17B58E3A1202F445531132D3D2E	BSU_tRNA_82	trnSL-Gly1	BSU_tRNA_82	
F07B7062C850106A95C15978E36DA500F8B089D6	BSU_23260	ribA	BSU_23260	2,428,389 → 2,429,585
F08BE4ACC0ECE1416B012CA72B027423D4D9B00A	BSU_19200	desR	BSU_19200	2,091,705 → 2,092,304
F093B021240236AA938C6336AA0B8DC37839F569	BSU_10460	yhjC	BSU_10460	1,120,628 → 1,120,828
F09661C8A483D0FC796204102021104A4373F895	BSU_06960	rhgL	BSU_06960	760,452 → 761,558
F0A217DB65ED7A7539F775FEBC5D88718B4958BD	BSU_07200	yetJ	BSU_07200	787,992 → 788,636
F0BC150F59730E64BA9AB3F979544EF6B5CC4E9E	BSU_23710	polY2	BSU_23710	2,464,562 → 2,465,800
F0C1FD1038E218AE73405F510F3AB4BF13D0A6BB	BSU_19390	yojN	BSU_19390	2,113,764 → 2,114,678
F0CACEFB53F4BC38DF77A38C4D78BA3DBE96E21A	BSU_24740	corA	BSU_24740	2,560,489 → 2,561,442
F0E6F191FAF8F279462B09BF1FE4C6C752A57803	BSU_35930	rbsD	BSU_35930	3,703,271 → 3,703,666
F0E7B6E000A5B06C9023C76F21551E754C8C45BA	BSU_27650	secDF	BSU_27650	2,826,900 → 2,829,113
F0EDEDDC16C51EC3AE0CB89B5466705493C079A6	BSU_18590	yoaG	BSU_18590	2,028,175 → 2,028,579
F0EF8EA85D0C239858AE9AFD5E847B415C9D42CA	new_2997283_2999078	S1114	new_2997283_2999078	2,997,283 → 2,999,078
F1114D7182D6D03E75DF962245ABBA373BA56C3D	BSU_11930	yjcO	BSU_11930	1,265,887 → 1,266,348
F1258E31151E137A850811B0C851D473CEFFD43B	BSU_35950	rbsC	BSU_35950	3,705,165 → 3,706,133
F130D13E1F9C03157ECF37C91F90F2487CF22B09	BSU_08160	yfjB	BSU_08160	888,143 → 889,366
F13887D2BFB86F64A14AD49723A6917AA9E5C141	BSU_03120	ycgI	BSU_03120	337,562 → 338,158
F13916B101E66E426D74272BF22CAFBFE0A162D0	new_2812134_2812231_c	S1043	new_2812134_2812231_c	2,812,134 → 2,812,231
F14481DAA196868ACC1DE9EC8CBE593A2CBB6BE4	BSU_37320	narK	BSU_37320	3,832,327 → 3,833,514
F15922F906E841435A6DDF62560D27145ECA261C	new_1276876_1277061_c	S441	new_1276876_1277061_c	1,276,876 → 1,277,061
F168470BC8C1E6F5E986A2F8E02279CC17515FAC	new_942230_942320_c	S300	new_942230_942320_c	942,230 → 942,320
F16A11027D8D320D3D64E44038E29921A946955B	BSU_02920	meeF	BSU_02920	314,025 → 314,798
F17F7F4330F1B3C609B8E32581DA6EAC6C69752B	BSU_22920	ypeB	BSU_22920	2,397,765 → 2,399,117
F18E6AE974C42BE64D6334521444FAB94F83BF41	BSU_09360	yhdC	BSU_09360	1,011,427 → 1,011,750
F18F68234236D28894084695429DBF47AA061BE1	BSU_08140	yfjD	BSU_08140	886,775 → 887,332
F195C47849F4F6B4C56E3A386F5D8C84326B01C4	BSU_27260	mccA	BSU_27260	2,786,142 → 2,787,065
F1969E4C7BAAF70BCBE570F58350C12A3E417539	BSU_16490	rpsB	BSU_16490	1,717,933 1,718,673
F19CE51348837CC2DCAD758E1AF46A60FE201415	new_3579515_3579589_c	S1329	new_3579515_3579589_c	3,579,515 → 3,579,589
F1A84EC28BE0E306356A331FD362E3CDAE49A3AB	BSU_10970	yitF	BSU_10970	1,174,861 → 1,175,976
F1AD676F7C8FD2AFE8A6AAB842AFBA264E00E98F	new_875144_875427	S278	new_875144_875427	875,144 → 875,427
F1AFFACD36C75702B0BB8F0B4241A9688FB6253C	BSU_39780	iolS	BSU_39780	4,085,608 → 4,086,540
F1D7A6070371117FEBA27676B2A99D2E77D42B13	BSU_26039	yqbN/1	BSU_26039	2,677,466 → 2,677,657
F1DF59528E340A65A982BD7E6621DDA82C10B2B5	BSU_36100	ywrD	BSU_36100	3,719,134 → 3,720,711
F1E3F6932F65F55D47C6CF5A7F5465FF654ED0BD	new_678952_679246_c	S224	new_678952_679246_c	678,952 → 679,246
F1F898D7A9FDF78D2E5E8F3BF605E0F735D0542A	BSU_04930	conD	BSU_04930	538,322 → 538,846
F2037CBE540F5D57FA93E3504960C771A55DC29C	BSU_19290	yozO	BSU_19290	2,099,446 → 2,099,790
F2053AC3C18177817BABDA1B633C9B5FCC31E4AB	new_2325774_2325853	S836	new_2325774_2325853	2,325,774 → 2,325,853
F217A2138F980F27C4FCA4DD020F976E4C570C73	new_3568195_3568456_c	S1322	new_3568195_3568456_c	3,568,195 → 3,568,456
F21A75744FA0B25D5A251CB57E7A7DC6ABFF1DC7	BSU_27660	comN	BSU_27660	2,829,152 → 2,829,448
F21C31F8DEE0C663215EEA47CBC9992E874B34D5	new_2412975_2413587	S876	new_2412975_2413587	2,412,975 → 2,413,587
F222E0D443F8A6C3B12664D1A4276411281D9BAE	BSU_09740	yheF	BSU_09740	1,049,801 → 1,049,926
F23693A6D24682249851A5CAB63FD219AF962301	new_528616_528703	S168	new_528616_528703	528,616 → 528,703
F23B951F60A6A669D5BD86836906E0F4AD7A0C1B	BSU_27040	levG	BSU_27040	2,760,233 → 2,761,060
F24B3A03CA4B7BDDD94AF879ED3DDECDA0781EA4	new_988013_988416_c	S318	new_988013_988416_c	988,013 → 988,416
F25833DC3F7F8E68F329DE057CCBB9CF1FD7B3DE	new_2119268_2119353	S750	new_2119268_2119353	2,119,268 → 2,119,353
F25C8A47AEC1A2D2A7A2B8456C0B2E4D48CAD3E4	BSU_23836	rpmGCc		
F25CDDEBAFC72036664323619F5197D45E86BE9A	BSU_24150	mmgC	BSU_24150	2,510,806 → 2,511,945
F267C75289D19D039F6E97F5DABCDFF0B4E4B8FA	BSU_37950	ywdI	BSU_37950	3,895,805 → 3,896,161
F272CEAC965AD0C99C8555FC351BFC5BA95C1DF2	new_613552_613640	S199	new_613552_613640	613,552 → 613,640
F273002AF97D87BB025B4F014C328C5592EAD621	BSU_12000	manR	BSU_12000	1,270,631 → 1,272,577
F273A8817E66B44D58FC2BCB6576A30D8616B750	BSU_04920	conC	BSU_04920	538,061 → 538,309
F27921CD9B89EB16AA57ACECEDBF21ED383629F0	BSU_37870	spsE	BSU_37870	3,887,741 → 3,888,862
F28F51CB9CE2399066825E5E27EFAA5EE204E361	new_532412_532652_c	S170	new_532412_532652_c	532,412 → 532,652
F294E790037420B95B4E06D830208CE031B9FED8	BSU_13810	ykvS	BSU_13810	1,447,662 → 1,447,847
F2973C512AFB4B9F8FE0CCAF09646E60F886C013	BSU_22540	qcrC	BSU_22540	2,363,111 → 2,363,878
F29B0A4E813FF1BFA914DAF1E526FE2DECDFDED8	BSU_23349	BSU_23349		
F2B25938E665BD4FB06DD3A09EDA0FA1AB101B24	BSU_25110	yqfU	BSU_25110	2,592,003 → 2,592,884
F2B9F0CE024251B80CAB6D44F17BD8E03C5B98C9	new_1596301_1596473	S560	new_1596301_1596473	1,596,301 → 1,596,473
F2C4E30AB008E65F3B1D564D0DBDA95377909164	new_55707_55815	S32	new_55707_55815	55,707 → 55,815
F2C6956D69FBE57933E46136436E8E80B63DF8BB	BSU_36170	ywqL	BSU_36170	3,724,420 → 3,725,136
F2DE9BFE16D7B0DAE92DB58F9B1EDFBB7557ED16	BSU_07690	yflG	BSU_07690	839,735 → 840,484
F2E3FF41357C672F80012CFE3076F890407B8B4A	BSU_38400	epr	BSU_38400	3,939,869 → 3,941,806
F2E881F4BE0968C75BD75A5EFF4C7CA642034796	BSU_37640	lipL	BSU_37640	3,863,415 → 3,864,260
F2F0B16E5F55C8C91C20E4FFC7A63E3CD09D4EFD	BSU_38360	rlmQ	BSU_38360	3,935,824 → 3,937,014
F301EA8201BF27BAFAD4F95EC3A580A91B970B06	BSU_26260	yqaM	BSU_26260	2,693,597 → 2,694,457
F30AA652362B7459D479345AB373D19FA1EAFBBF	BSU_40220	yydB	BSU_40220	4,132,729 → 4,134,174
F31946A3DF41D212ED552555C39C5FD6F6646C65	BSU_06040	ydiM	BSU_06040	653,432 → 653,812
F31B12F80AFC3580FD33811A1C22E74F75DC1A85	BSU_01980	skfH	BSU_01980	219,607 → 220,032
F31DD310F0D80ECC7C6D1E5DDB8EAF32565A3D51	BSU_14830	ylaM	BSU_14830	1,551,385 → 1,552,314
F31F8857CE1BB7F56FAD0B87528F22EDE5BC2B92	BSU_26200	yqaS	BSU_26200	2,689,594 → 2,690,313
F32542256C5A768A0FE12028669D538A53B033F4	BSU_17830	yndM	BSU_17830	1,916,006 → 1,916,545
F332904BA2E07B408D2AF8BFD0434A1F500A2567	new_2401843_2402036	S869	new_2401843_2402036	2,401,843 → 2,402,036
F3341F205CB939498109D2A54DE842065C488DD5	BSU_39860	aldX	BSU_39860	4,093,980 → 4,095,317
F34915697F3EF05E6A683055F46346C73F25CAFC	BSU_02290	psd	BSU_02290	248,749 → 249,540
F34BBDB58EDE46ABF4709758D2783BFE1D40EDB4	new_3440953_3441054_c	S1282	new_3440953_3441054_c	3,440,953 → 3,441,054
F34C72BF4C3A8FF710D3B65F87324400ECDE3610	BSU_01280	rplE	BSU_01280	141,195 → 141,734
F35655BB9858B1C0F2C59A92964273C75180E95C	new_1499752_1499838	S521	new_1499752_1499838	1,499,752 → 1,499,838
F36E880F643563503B188A5B350E8B168A3514AE	BSU_misc_RNA_25	BSU_misc_RNA_25	BSU_misc_RNA_25	1,613,078 → 1,613,304
F373EBC35805DC551E8AFF6FDC7E43D5587C4700	BSU_00800	yazB	BSU_00800	87,401 → 87,610
F37866F632F02E09058EE0DDE0A30EC5AA6F5902	new_3985282_3985350_c	S1490	new_3985282_3985350_c	3,985,282 → 3,985,350
F37EC764FD35BFA14E9288F29B44CB2EB2A31F49	new_2226061_2227296	S801	new_2226061_2227296	2,226,061 → 2,227,296
F38F6D4841B3044EA0496B3A1C1D484018BDFEA4	BSU_01610	feuC	BSU_01610	180,344 → 181,354
F3970DC380899E0505E80EB327AE27AFDE0F166F	BSU_34970	yvoE	BSU_34970	3,591,810 → 3,592,460
F39BC9CA68DD8E80D3ED021272A6F54EA9C57C7B	BSU_13440	meeY	BSU_13440	1,410,654 → 1,411,628
F3B6FC111389E69CEC73A925CA8935628A3F471E	new_2549645_2549774	S923	new_2549645_2549774	2,549,645 → 2,549,774
F3BE39EE646950D6269D63B66F28DFE36DE14D72	BSU_06049	ydzV	BSU_06049	654,333 → 654,692
F3C5505E311E6DDABAFA87899F28CF6596CDBA63	BSU_39660	yxdJ	BSU_39660	4,072,284 → 4,072,973
F3D11E8F63865F20DADC78820311253B36FB6623	BSU_misc_RNA_75	bsrF		
F3D941715B8FD0E44A023298A7D2B361F6519695	new_659222_659341_c	S215	new_659222_659341_c	659,222 → 659,341
F3DE42C41EF57DC5DFFF0D28129F2CE5DB781D99	BSU_01210	rplV	BSU_01210	138,497 → 138,838
F3E14B772A5DA9073ED806A9ADDD9B64F0DFDD5B	BSU_05020	phrI	BSU_05020	548,438 → 548,557
F3E842844B315FE438F66995CDFB8BA1C32BDF23	BSU_26490	yrkJ	BSU_26490	2,710,002 → 2,710,787
F3E9CA9330394FD829D59B0C2D4D1EEDD2C22D3B	BSU_17110	pksD	BSU_17110	1,785,133 → 1,786,107
F3ED6AEEB452AEDF21526AE5D8B5AADBC987CF17	new_2599267_2599375_c	S946	new_2599267_2599375_c	2,599,267 → 2,599,375
F3F402C024EF963F174909116FCADD8F1D06DCCA	new_3983174_3984118	S1489	new_3983174_3984118	3,983,174 → 3,984,118
F4028F82CCF1A0335D1ABF823645A36D9072F17F	BSU_35210	yvkA	BSU_35210	3,618,964 → 3,620,298
F4097349A563503468A2A14F062AEAC532C7917A	BSU_16610	rnpM	BSU_16610	1,733,410 → 1,733,685
F417A5B46CC7FC69DC8606A46D1AD5E41FA35B13	BSU_17610	xylB	BSU_17610	1,893,396 → 1,894,895
F42B27D5D7F3F39828940E377ABCC0730B25EA88	BSU_19810	yodU	BSU_19810	2,151,626 → 2,152,045
F42E9E145944CB5CAFC5F4DB94B0E33BD7AE7991	new_2722645_2722745	S999	new_2722645_2722745	2,722,645 → 2,722,745
F4350B1936F5892C4024E9737F0D2DB16A420B48	new_3980704_3983186_c	S1488	new_3980704_3983186_c	3,980,704 → 3,983,186
F437A90A97CF8ED4BA1E5CCA8A33D9E93612902B	BSU_17170	pksI	BSU_17170	1,792,012 → 1,792,761
F43DC974DC71CB5F82DBD9B9D5ACEB49131772DB	BSU_21350	cwlP	BSU_21350	2,249,154 → 2,256,011
F44437883F39E5240D36340A7DD07803C5090ABB	BSU_39310	yxiC	BSU_39310	4,038,513 → 4,038,782
F44579853ADCAC1802712F6CDCDD7076C6200CF8	BSU_37540	ywhB	BSU_37540	3,853,486 → 3,853,674
F44B5112B7A34F03859163310AAABCF41DB7A922	new_1518175_1519804_c	S526	new_1518175_1519804_c	1,518,175 → 1,519,804
F45056AA11E482243B229CD1A586C08A03C284C1	new_4154502_4154694_c	S1553	new_4154502_4154694_c	4,154,502 → 4,154,694
F45DDEAE1A65DFAA7BA17373294DFEAE9BA6BAEC	new_1899126_1899205_c	S638	new_1899126_1899205_c	1,899,126 → 1,899,205
F4602F5D61A66716CCB01EC1A6BC0F2B31CAFA25	new_2854627_2854844_c	S1059	new_2854627_2854844_c	2,854,627 → 2,854,844
F47A2C0A7478485BDAF90FA873F4B1D1F7C74004	BSU_26620	yrdR	BSU_26620	2,720,687 → 2,721,652
F47C60D995C87E15E397CF38E4246E4DB97A3747	new_3718617_3718717	S1389	new_3718617_3718717	3,718,617 → 3,718,717
F48C4A28891EF35459643398CFD90613E8228F61	new_3021166_3021232	S1122	new_3021166_3021232	3,021,166 → 3,021,232
F4A393D023BE0C549B17855BB1D3C096645BDC31	new_798340_798468	S251	new_798340_798468	798,340 → 798,468
F4C0A4050414B2FC9D6E571419D9537707DA4C05	BSU_38930	yxjJ	BSU_38930	3,996,829 → 3,997,092
F4C3F9C671B523AF11E8412A196162FEBE6BE923	BSU_07550	yflT	BSU_07550	827,455 → 827,802
F4C6C530D2F0067F3AF71D1C592939C400D05112	BSU_21060	yonK	BSU_21060	2,227,297 → 2,227,488
F4C96980640CB04D3017B8EBB02918006CBCF7BB	BSU_17150	pksG	BSU_17150	1,789,943 → 1,791,205
F4D5BD29C034D22F6F44DA0A0C0A778441F8BDD2	BSU_06380	yebC	BSU_06380	696,195 → 696,998
F4DDF27FA8CF150E18C24F9CA10D4EAFC1FDB48E	new_1518186_1518290	S527	new_1518186_1518290	1,518,186 → 1,518,290
F4E0C72D8A0D8B81A79FC60B9FB2646167600694	new_3239640_3239929	S1208	new_3239640_3239929	3,239,640 → 3,239,929
F4EDBD3711F42DBD7BAA883B3215254D89726A49	new_4012758_4012865_c	S1507	new_4012758_4012865_c	4,012,758 → 4,012,865
F4EFFEA5B4622C3016121EF07114EEC5ED6C81D8	BSU_19350	yocS	BSU_19350	2,106,490 → 2,107,455
F4F28A32BFA59D9095234060AF4D538C413B6C36	new_2648688_2648796_c	S970	new_2648688_2648796_c	2,648,688 → 2,648,796
F5189CAA5EF43FCF95E593E095F84B3BE486B347	BSU_13740	queE	BSU_13740	1,440,542 → 1,441,273
F51EA1E3AF23A89349CD6D1CE4DB5951E0550158	new_1485356_1485452	S516	new_1485356_1485452	1,485,356 → 1,485,452
F53C527995909A1CFA72C7BF919DD10EE175C6D7	BSU_13200	rsbRB	BSU_13200	1,387,206 → 1,388,039
F54B94C92AD96F736FAE7B1EC8B13D0B11126CE2	BSU_17480	ynzF	BSU_17480	1,880,623 → 1,880,967
F574142C1E61788FF8F4B61280AD4F87292D08DF	BSU_31210	rhaR	BSU_31210	3,201,027 → 3,201,803
F582CCFA9AD0DB562E5D5D0406D5B5DC998D4C04	BSU_31725	BSU_31725		
F588108F12C5CA855A24159F28223EF67145D28F	BSU_02930	yceG	BSU_02930	314,883 → 316,496
F5A59CE7727E0851652BB4C0144009154AB4978B	BSU_10510	yhjH	BSU_10510	1,124,438 → 1,124,965
F5BB96607452AC38ECF66923DB8758C364FE2F46	BSU_39650	yxdK	BSU_39650	4,071,310 → 4,072,287
F5CA843AD704165EA1EAA490603001FD5C0F0119	BSU_32300	yutE	BSU_32300	3,318,828 → 3,319,262
F5D2EB5AD9678ABEAD60C6142F76178C45371759	new_3483888_3483998_c	S1303	new_3483888_3483998_c	3,483,888 → 3,483,998
F5E57D2FB348DAD9A65A1B1686742D1BA0E02C8F	BSU_32360	yunC	BSU_32360	3,323,300 → 3,323,605
F6036239CB316DA85735C0D8148B80EEC6C8E0D1	new_3545605_3545858	S1317	new_3545605_3545858	3,545,605 → 3,545,858
F625350CB2E904B1536AFD7C74E430C404C5F889	new_984790_984900	S317	new_984790_984900	984,790 → 984,900
F6396CB8C2A5FA5AC189D77AB0BA46CDD92AFC93	new_2740413_2740741	S1008	new_2740413_2740741	2,740,413 → 2,740,741
F63CE7A18775554DE1BAFEEB791D8199A5BD5D2B	BSU_30330	ytvB	BSU_30330	3,105,470 → 3,105,799
F652BA6D159B67DDA3ED383EC125065DAD70F714	BSU_31810	yuzE	BSU_31810	3,263,835 → 3,264,224
F66D9DFE457E2ADADD72DE7B99CD2FEE35C6462F	BSU_38800	yxkH	BSU_38800	3,983,187 → 3,984,026
F672036CCFF794D80715F1628A0E1A8A75F9CE43	new_2569624_2570653	S931	new_2569624_2570653	2,569,624 → 2,570,653
F68611DF326880FCCB4EE3C2B364ECCC3DEAD78D	BSU_10250	lplJ	BSU_10250	1,099,159 → 1,100,154
F69B475C014087C6DEBE2F50F91862A623D21D1E	BSU_01400	rpmJ	BSU_01400	147,837 → 147,950
F69F15198ACF8A8347C450EEC09F000EECEDEC41	BSU_07370	yfmR	BSU_07370	809,557 → 811,446
F6AB74740776179E77218DB831FEE03773B7353F	BSU_26310	yqaH	BSU_26310	2,697,419 → 2,697,676
F6B0D27B434D81B7A680555E4457F266B6206B7D	BSU_25390	yqeZ	BSU_25390	2,618,466 → 2,619,779
F6B748621B312E0B5A0A0782F3944C3E8112D7A8	BSU_16150	clpQ	BSU_16150	1,688,114 → 1,688,659
F6C3B267106E7510FABECF0B13ABF222901689A9	BSU_28900	pftB	BSU_28900	2,954,492 → 2,955,187
F6C4634BF871D9A01E27014FFED7527C54BF560D	BSU_34370	epsA	BSU_34370	3,529,151 → 3,529,855
F6CA367C1E4366CEE0FBB0FD95BB63C183E7EEB3	new_2601330_2601527_c	S952	new_2601330_2601527_c	2,601,330 → 2,601,527
F6D526476122AB2E810EE50095711DE231BE5837	new_1228926_1229067	S411	new_1228926_1229067	1,228,926 → 1,229,067
F6F449170276055E6D60D89E9E17A152A82CA166	BSU_24570	gcvT	BSU_24570	2,548,245 → 2,549,333
F70319694F6D1CF8F9205819551E08C7073B9EDD	new_342467_342537	S113	new_342467_342537	342,467 → 342,537
F71511877535489EC4EE193588BA9DB591A741D3	new_1868453_1868560	S621	new_1868453_1868560	1,868,453 → 1,868,560
F71FBBE4436FBC4221C3631794C73D306CD3FC7E	BSU_03020	ycgA	BSU_03020	325,339 → 326,772
F72E469456D9BEC2B440E02AD0B4FB6D5E8F2D26	new_3606777_3607493	S1339	new_3606777_3607493	3,606,777 → 3,607,493
F735802BB483C2C5437240AB2E9FC340EAA5B353	BSU_03359	yczL	BSU_03359	365,850 → 366,035
F761DBCE3429C99159F8F7CD8596FD9CF2D0589D	BSU_22440	birA	BSU_22440	2,354,918 → 2,355,895
F76A03A71DADC32C7166E37B994EFED019FDF8A4	BSU_29180	pyk	BSU_29180	2,984,788 → 2,986,545
F775A9E74554ECBB7DD6F905FB95D67B848CBF21	BSU_36680	ywmF	BSU_36680	3,770,365 → 3,770,865
F7A3C6033FFD95B4AE7FBA90BD22A7EB69057EA7	new_2435792_2435878_c	S886	new_2435792_2435878_c	2,435,792 → 2,435,878
F7AD78F9AB98A150E8CDFC1D01A9F938FF9F8BD1	BSU_23480	dacF	BSU_23480	2,445,094 → 2,446,263
F7B53E8AC92DAD15544C6208C2A5B41BABA73D6D	BSU_25210	dnaG	BSU_25210	2,601,528 → 2,603,339
F7B947938FB40E54D89A719E9610C5A4AA400674	BSU_28470	lysC	BSU_28470	2,909,520 2,910,746
F7C5C38298E1F1EF13A11332C92EA624D9381A3E	BSU_05890	ydhU/1	BSU_05890	633,923 → 634,651
F7C6B6628C7C1E2696F4A0384F6CC82851D9D1D1	BSU_04039	yczO	BSU_04039	455,771 → 455,935
F7CD6B4939BE690DC523C7B22903CEA25289BAF6	new_1291189_1291343	S448	new_1291189_1291343	1,291,189 → 1,291,343
F7D30768A9A6962093C201A87E899C8F399E4858	BSU_21300	yomM	BSU_21300	2,245,147 → 2,246,148
F7D869F77E2275110737EF658C58FA1BF742D73F	BSU_23150	resA	BSU_23150	2,420,804 → 2,421,343
F7DA077FE47DBB409BE2B1D9F12A9D719C246166	BSU_30740	mntD	BSU_30740	3,142,077 → 3,142,964
F7F780D11A6B11EB62CFA5202D1243A381AB40E1	BSU_23540	brfA	BSU_23540	2,451,148 → 2,451,363
F7FD94CE7AB290FBFD3A9B88F204961668F9B42C	BSU_09990	scoC	BSU_09990	1,073,106 → 1,073,717
F802500099D27794E836C84242BD6CEFB3E06EB7	BSU_25910	yqxH	BSU_25910	2,665,436 → 2,665,858
F83570E87B0B3C09A17ECC60365EDF9B448C490F	BSU_34830	yvzA	BSU_34830	3,579,679 → 3,580,038
F83EA9CAB8C3AD306F8E70E0DF8C798DC9F6F13B	BSU_23950	yqjA	BSU_23950	2,489,535 → 2,490,503
F8401768BBDD5EAA68D52119B07AD32FF5B084EE	BSU_12539	ykzK	BSU_12539	1,323,550 → 1,323,717
F844FFF8DB635B36EB3D83F43603FA9005050B15	new_1534271_1535874	S534	new_1534271_1535874	1,534,271 → 1,535,874
F8658BB6D52793F8EC289FEC652241D729D72BF6	BSU_10690	gerPD	BSU_10690	1,149,145 → 1,149,321
F86C3CB8387BB4C3FF9F776EA96E6B5AA2503E2C	BSU_15100	ylbP	BSU_15100	1,576,767 → 1,577,249
F87238E9B22F967370971ABA4F911EFAC4F559B5	BSU_37810	spsL	BSU_37810	3,882,979 → 3,883,434
F873C90133850824A902F564253FC944B751FC13	BSU_rRNA_23	rrnI-16S	BSU_rRNA_23	
F87CD9798DC80AA513EB03CFF3514D8D5AFD5C47	new_4140150_4140220_c	S1549	new_4140150_4140220_c	4,140,150 → 4,140,220
F88F0153CAFC1E51F2586F733AFDF22320642151	BSU_07850	yfkM	BSU_07850	859,745 → 860,263
F899F1EE27E6D503BCC06BC52E3C7FD80B8EF725	BSU_23520	fur	BSU_23520	2,449,841 → 2,450,290
F89D8B08D472481A60CE1BFF1CF441700FA98AC2	new_2879714_2879844_c	S1065	new_2879714_2879844_c	2,879,714 → 2,879,844
F8A50D08EC0FD82B5AAAAAC7106632E76E5E412E	new_3187402_3187502	S1185	new_3187402_3187502	3,187,402 → 3,187,502
F8A63B87868790C40840550D8C7CF428717FE973	new_3228712_3228777	S1204	new_3228712_3228777	3,228,712 → 3,228,777
F8B077A0C3F565748E72DC695C7A8789B3F9DCA3	new_615623_615761_c	S200	new_615623_615761_c	615,623 → 615,761
F8C51A86268DC6B2152B139D2D0B25CC3D69A5D5	BSU_32850	fadM	BSU_32850	3,372,740 → 3,373,648
F8C800CF71D21A1F3265977C4F0EE191D0FFE36A	BSU_39480	yxeO	BSU_39480	4,058,029 → 4,058,778
F8DC1D98E95881991180F744ED79042EA992BB53	new_2169927_2169994	S771	new_2169927_2169994	2,169,927 → 2,169,994
F8DC71B29D9C9BF4CF5124D0F01A71548306B9F9	BSU_25440	yqeU	BSU_25440	2,623,032 → 2,623,802
F8E5A679BB15E5714A5EBE5FF001429D6FFA8B66	BSU_10030	hit	BSU_10030	1,076,515 → 1,076,952
F8E82D9AE514B31892FE4530532691274ADA682B	BSU_28580	rqcU	BSU_28580	2,920,936 → 2,923,293
F8F62635AA87E4E3A255D6F8FC621EF40954B520	BSU_31580	maeN	BSU_31580	3,244,770 → 3,246,116
F8F8C84BD4723580B63D5361F70483B9CD4D9042	BSU_11525	BSU_11525		
F8FA64D687DC3C5462F3BF59492DD8B031ED56DF	BSU_37569	BSU_37569		
F8FDCE60F815597F228D8D1E6E05149EDF69835D	BSU_35180	csbA	BSU_35180	3,615,116 → 3,615,346
F8FF994BF2FDFB27DE63C1F8FB75DAB7E90FC78C	BSU_37680	bacG	BSU_37680	3,867,493 → 3,868,272
F905EBD871ECEA5CBF1D828F4ED49841A777CB62	BSU_26748	yrdD/1	BSU_26748	2,732,389 → 2,732,547
F92925E2FDCFE6DDA3E87C7B541FE6A6CE5AABB8	BSU_17570	xynP	BSU_17570	1,887,352 → 1,888,743
F92B7EC7A00BF295666D68613932D239F92C7347	BSU_13080	ykkB	BSU_13080	1,375,777 → 1,376,295
F92F17578F06EF2292D0923662933463D7C86498	BSU_27850	nadA	BSU_27850	2,845,955 → 2,847,061
F93381205C61665820D034A384BD60410AAE84C1	BSU_06190	ydjG	BSU_06190	671,994 → 673,019
F93E473C06669DE604EC027236C79E5450F53720	BSU_28710	cstA	BSU_28710	2,936,382 → 2,938,178
F93F0436A40C20E29FFB247A82811C87016FB7D7	new_2879296_2879712_c	S1064	new_2879296_2879712_c	2,879,296 → 2,879,712
F94070DD039A422055FFC35087FB87765F22E156	BSU_32740	metP	BSU_32740	3,362,605 → 3,363,273
F942C0F4618FACEF35ACA629355BAC288556E7B6	BSU_30690	ytiB	BSU_30690	3,138,321 → 3,138,884
F949BD16543FC8CE1846637E7E47B8475AA414B9	new_18976_19061	S12	new_18976_19061	18,976 → 19,061
F94A1C14912F35ADB4C611AA17D55268CC26160D	BSU_01020	rplK	BSU_01020	118,591 → 119,016
F9631BF2986CF204B8734C6F4F4804F362E0D9F3	new_3991968_3992056_c	S1494	new_3991968_3992056_c	3,991,968 → 3,992,056
F96ACFCE81904098C7004FB0A76EEF1F77D787D8	new_2221793_2222297	S797	new_2221793_2222297	2,221,793 → 2,222,297
F97B0839946A7B457A203769D1C87A3E58A7BE33	BSU_18840	xynA	BSU_18840	2,054,599 → 2,055,240
F981C605C652D1A4429579A5F24608CE7F570834	BSU_01920	skfB	BSU_01920	214,175 → 215,407
F992A3430FC14119D01F83A5286FBF29E0CA1E45	BSU_32780	yusF	BSU_32780	3,365,391 → 3,365,831
F9A0F20814712FC2E2B08F3D68FF0547DFA22C13	new_2002172_2002505	S680	new_2002172_2002505	2,002,172 → 2,002,505
F9C088D2DB3E99FDF961DE1B78A9B81279F204C9	BSU_06690	gatB	BSU_06690	730,509 → 731,939
F9CA86E25E389C796FBEE596C6C0D43A717D7E95	BSU_20200	yorZ	BSU_20200	2,170,030 → 2,170,242
F9CF067A2A8E3B2BACC6A51A0E87E84640349980	BSU_38830	aldY	BSU_38830	3,986,428 → 3,987,885
F9DC5EEF3E9BA8F04F401A183340C475B9058B38	BSU_18430	yogA	BSU_18430	2,007,526 → 2,008,515
F9E0C645BCCD9A299E951D0574321C1FACA8DE4C	BSU_16810	ymfC	BSU_16810	1,754,785 → 1,755,510
FA04F512253DB11F0DA86E42C6D890ACF648D487	BSU_06740	yefB	BSU_06740	738,995 → 739,897
FA18A10769974D392247FB32A0891AE74DF248A0	BSU_27200	yrhG	BSU_27200	2,779,462 → 2,780,262
FA1AD242E0F9A14C1F237CBADA892FE0D0AF0720	new_88636_88726	S42	new_88636_88726	88,636 → 88,726
FA32AD908196BDA5C2C7C26EA08FB8416182CC3D	BSU_34980	yvoD	BSU_34980	3,592,457 → 3,593,395
FA36B522D8A1F40E1B4A79A489238EEA8C59AF0E	BSU_21100	yonG	BSU_21100	2,229,988 → 2,230,908
FA7147930DA90604BE2B4837A8A4393F72498AB1	BSU_10940	yitC	BSU_10940	1,172,650 → 1,173,336
FA77B30AAA320A653334AA22849FB0E65BC49B7F	new_3816500_3816558_c	S1444	new_3816500_3816558_c	3,816,500 → 3,816,558
FA88576A405F8C92C83BE74985039DC02E1F6C94	BSU_06680	gatA	BSU_06680	729,038 → 730,495
FA8D9AA0968365522DEFC05B277123FC96482044	BSU_22200	cotD	BSU_22200	2,332,784 → 2,333,011
FA92FED577234371287E100B6B2767D1274B97AB	new_1491217_1492167	S518	new_1491217_1492167	1,491,217 → 1,492,167
FA9539CB701BC47FD4E849FBA6D7B201B27C6104	BSU_00770	sul	BSU_00770	85,737 → 86,594
FAA0C41AA7E0BB4A5C3E98FC24558BD7C0E2C9C9	BSU_rRNA_4	rrnA-16S	BSU_rRNA_4	
FAAC0F819AEC8E055CCEE86D93C8DE5584DC4B23	BSU_03300	nasD	BSU_03300	355,764 → 358,181
FAB2967A3C00D2E81A795118738B87B8B71F143A	new_2433788_2434859	S885	new_2433788_2434859	2,433,788 → 2,434,859
FAB944142FCDF7FF16BA7CBC09BDBCA2063C708E	new_2966289_2966367_c	S1092	new_2966289_2966367_c	2,966,289 → 2,966,367
FABF56076523DFCCA044374FC16D7B3416B90DD2	BSU_26170	yqbB	BSU_26170	2,685,856 → 2,686,773
FAC682CCD66056A8CBB9AE5F4BF51C1AADEBBD2C	BSU_39080	licT	BSU_39080	4,012,866 → 4,013,699
FACE7176B1A1F354CF27FB30E46A1140FAFB02F0	BSU_24330	rfaA	BSU_24330	2,529,926 → 2,530,333
FAD5275A85C81CF388AEC6AE88C320C14D775785	new_3996629_3996729	S1496	new_3996629_3996729	3,996,629 → 3,996,729
FB074E8CFCA1C0198457170A7AFD85C875B34DF2	BSU_02370	gamR	BSU_02370	257,791 → 258,498
FB0CEA291CA4EC5FB8410050E61B89EDBA1771F9	BSU_03450	hxlB	BSU_03450	374,603 → 375,160
FB1C21A94697E5B9D29C0F3B9C9F36E57BCBD237	BSU_00030	yaaA	BSU_00030	3,206 → 3,421
FB2220730013A98D7C979062A4A451518B92DF09	BSU_02980	opuAA	BSU_02980	321,013 → 322,269
FB23F2AB0E2A82658009D115E5876E7AF1BDE5FD	BSU_01760	cdaR	BSU_01760	197,027 → 198,478
FB37E9B7F7727915ADB18E52FD07A8773C7B30FC	BSU_37650	cysL	BSU_37650	3,864,309 → 3,865,208
FB3A0E7A2428AA374C844C26464FAF8D40ADF142	BSU_07680	yflH	BSU_07680	839,339 → 839,653
FB3DA9FBDE088A95E76E0FB83B1B1E8B53EC2FC1	BSU_21329	youB	BSU_21329	
FB4788CD26D8639DE91A27E1065B0D7C7D729C57	BSU_29870	ytzB	BSU_29870	3,056,479 → 3,056,796
FB624CEA005B888F646A6F08F8E6853E3F92131C	new_697093_697156	S229	new_697093_697156	697,093 → 697,156
FB71FFDEABF17228CA2BD5F3DE0C8A9A2C22485D	BSU_00360	yabC	BSU_00360	43,921 → 44,799
FB8990F3E0ED45D7EB97F3862644142B49D184D8	new_2220947_2221060_c	S795	new_2220947_2221060_c	2,220,947 → 2,221,060
FB95ABDC8557F26525E8B211595C130A7203ABC0	BSU_24160	mmgB	BSU_24160	2,511,973 → 2,512,836
FB97DF0C147FB29944F60214CB9BC1803861DAA0	BSU_16580	polC	BSU_16580	1,727,133 → 1,731,446
FB9ABF1FE4EC062C039A62B28A192BAA9B565EEF	BSU_35480	degV	BSU_35480	3,643,664 → 3,644,509
FBA412B070CE4FFE554F2657E0F745EF5C853B8A	BSU_11070	yitP	BSU_11070	1,183,943 → 1,184,479
FBA7EAA70F5C9E76463B0C5F85D65D4314FFD40D	BSU_22360	asnS	BSU_22360	2,346,224 → 2,347,516
FBB15E07B7134C57208EA82D5339708385DBC5FB	BSU_39380	hutG	BSU_39380	4,046,503 → 4,047,462
FBBDE1E058223D5E8CEB07CAA50940A329C809E4	BSU_22140	kduD	BSU_22140	2,326,683 → 2,327,447
FBC2C990CA15FCE75326F17D0BD64FAC772AC3B9	BSU_13509	ykzP	BSU_13509	1,417,561 → 1,417,716
FBD63332ABDEA7D4837396A0617DA51153781CFE	BSU_28400	ysmB	BSU_28400	2,904,043 → 2,904,483
FBD7C4EEBB6AF838174B146AD2B294E5D6609913	new_3979198_3979406_c	S1486	new_3979198_3979406_c	3,979,198 → 3,979,406
FBD8F0EB241A35747E6398C9AA30D71D6D17CE99	BSU_15000	ylbG	BSU_15000	1,568,924 → 1,569,196
FBE3C55526FE0CBBDA71AE0B0D7C6AD074E8A63E	BSU_21860	brxA	BSU_21860	2,300,221 → 2,300,655
FBE48A473E50486F3FF221DCB590CD9F62DBCDFD	new_204977_205210	S72	new_204977_205210	204,977 → 205,210
FBE6C05AB3F3127F24C184B0E7F0165F372014D8	BSU_06930	yesK	BSU_06930	757,676 → 757,978
FBF1A8C92149A216D8A46F9E02898D7C5C448E2A	BSU_19480	yojE	BSU_19480	2,123,026 → 2,123,922
FBF6EC99F561DBAD0EF698198235C6A975FBEB5B	new_3672498_3672737_c	S1369	new_3672498_3672737_c	3,672,498 → 3,672,737
FC035CF10A80F8DEB4FBF2252FE21FCFAB65F6AB	new_312063_312158	S106	new_312063_312158	312,063 → 312,158
FC05D5FC95CEDC4B4A04040C86170D185528B9FF	BSU_09540	plsC	BSU_09540	1,031,395 → 1,031,994
FC07D304A5FAF568C7C3DC13D478E4EE921F1F68	BSU_tRNA_32	trnD-Val	BSU_tRNA_32	
FC098246084DB463AAB91E51B029E9EB4056F434	BSU_40860	yyaH	BSU_40860	4,196,350 → 4,196,730
FC26724A2F5A21FF55F2D05215F49286A43CB39C	new_3902136_3902209_c	S1464	new_3902136_3902209_c	3,902,136 → 3,902,209
FC268E360AC286F1458AB965FE544E0E2DD7A990	BSU_22160	yptA	BSU_22160	2,329,515 → 2,329,706
FC37C7A0C0D9F50CA1D44B8D939CF06E210D4B38	BSU_27150	yrhK	BSU_27150	2,773,356 → 2,773,646
FC455B727F66632D94D93E103B30748944ED04A0	BSU_30850	ytdA	BSU_30850	3,154,735 → 3,155,553
FC47FFC0597F40C586A393DCCD4B1BA37039914D	BSU_40259	yyzG	BSU_40259	4,137,087 → 4,137,257
FC4C5377EF1D794DCB19D0A8AFE958B84BD9C8BE	BSU_13780	ykvP	BSU_13780	1,444,099 → 1,445,298
FC53216F600994C862F0C0D017C3FA28EB75DCB6	BSU_16110	dprA	BSU_16110	1,682,580 → 1,683,473
FC6D2E2688D0E00145086B323F68F08CB3895DBE	BSU_40529	yyzH	BSU_40529	4,166,815 → 4,166,964
FC818B3A8A3080231C1F8DE95377325C8E754DCE	BSU_10170	fabHB	BSU_10170	1,092,770 → 1,093,747
FC83449EE8D5DA7230171EDB54D1796F008E8D93	new_1168838_1168972_c	S392	new_1168838_1168972_c	1,168,838 → 1,168,972
FC93BA60BD185DE5EF31D5605F0B8294EC2E8E5A	BSU_14629	sr1		1,534,120 → 1,534,239
FC9981CFB9D7EB8ACDA3032EC2F0538988F277AA	BSU_29700	acuB	BSU_29700	3,040,751 → 3,041,395
FCA17A66EFD82BC999E3F062FB6ECCA0B413E3FB	BSU_32930	yusU	BSU_32930	3,378,800 → 3,379,087
FCA8F57256D7048C67D899815975D02FF46BB8BA	BSU_12540	xkdD	BSU_12540	1,323,802 → 1,324,152
FCAE9513D764B7A9AAB9C59E6CE1D65C400D4B44	BSU_30080	yteV	BSU_30080	3,078,393 → 3,078,575
FCC5BE17B00B4FDBFE247A3E84DAD43A5C998CD6	new_1207812_1208152	S401	new_1207812_1208152	1,207,812 → 1,208,152
FCD25CA4414D689B217F54B0C44EB805F9590454	BSU_29320	cmoI	BSU_29320	3,003,049 → 3,003,330
FCD8CB6391D6918D1682BEF67C2CDC3DBED0CD65	new_3510674_3510779	S1309	new_3510674_3510779	3,510,674 → 3,510,779
FCDE5EA6E50A8C72A499E2F1FFB808DC86466A29	BSU_22010	fenA	BSU_22010	2,310,995 → 2,311,885
FCDE900167AE36377979E0CF7BC33C7F351B95D3	BSU_15880	fapR	BSU_15880	1,661,967 → 1,662,533
FCE39A4F2BFF36D57CE9AFD680835249329B51CF	new_1_148	S1	new_1_148	1 → 148
FCE68CB323C7FDFE09B1F88EAEB95D045A189AEB	BSU_02810	cwlK	BSU_02810	303,804 → 304,307
FCEF81653132C8EA4967023CE6DEACC0383A145C	new_267772_267889	S94	new_267772_267889	267,772 → 267,889
FCFB40707FD33B09C800FE8C3E864764FD3B83F4	new_3589361_3589438_c	S1332	new_3589361_3589438_c	3,589,361 → 3,589,438
FCFC26903EAEAC7264D1DA035CB407B221F3E735	BSU_02970	yceK	BSU_02970	320,421 → 320,723
FD1D117F9BBFB35FDB850067D652CD31164AF382	new_1044247_1044317_c	S339	new_1044247_1044317_c	1,044,247 → 1,044,317
FD1F564FB664E9CBDB0789CAEB24CD8B42A1D23A	new_1569226_1569349_c	csfG	new_1569226_1569349_c	1,569,226 → 1,569,349
FD23F4C2AFCBFE35A79116C5A707FACD454E4180	BSU_03640	bsdC	BSU_03640	413,157 → 414,578
FD270195901B89DAAAD134DB9DE729670A9BDECF	BSU_14350	yknX	BSU_14350	1,504,282 → 1,505,415
FD30C4E458E63E8D6A932B351D4224F1AACD4B1B	BSU_38210	gtcA	BSU_38210	3,921,891 → 3,922,274
FD4CD7DB35AA20DBBEC0A4DA5D88282D89CCDA6D	BSU_20060	nrdEB	BSU_20060	2,162,108 → 2,165,614
FD4E988BB73F6476CCEA4C521F343D6F8CBA457F	BSU_29000	nrdR	BSU_29000	2,965,681 → 2,966,139
FD624B7B2CA1BAD88531CCFA8F06A08DDBFCEBA2	new_1004835_1004923	S322	new_1004835_1004923	1,004,835 → 1,004,923
FD64E9D00BB03B510C7F7CA3935558A2195532A9	BSU_39690	iolH	BSU_39690	4,074,896 → 4,075,765
FD76A781162795EAF174B59C0A90D2ED3ACC0AB7	BSU_12890	ykcC	BSU_12890	1,356,447 → 1,357,418
FD8146562AEA606A1935EED6537DAD3977D6965C	new_3694080_3694200	S1380	new_3694080_3694200	3,694,080 → 3,694,200
FD84CF3E05B81BD38D8C8FF5B04728FB3912D9B5	BSU_25270	glyQ	BSU_25270	2,607,762 2,608,649
FD862CE6C4A37B17714F8F8687B3266D43EF5F63	BSU_17820	pghL	BSU_17820	1,915,221 → 1,915,979
FD89568EBD19CD09B1A514B750A2AA95567D241E	new_1168046_1168198_c	S391	new_1168046_1168198_c	1,168,046 → 1,168,198
FDA5363A4DB711CD799BEFF395D58072CD8FFC44	BSU_08940	yhbD	BSU_08940	970,667 → 971,383
FDACCCA28DECF62A523D9247F71F1070676B212C	new_3680421_3680580_c	S1373	new_3680421_3680580_c	3,680,421 → 3,680,580
FDACEF9DDC3BEA4EB013AE67BC47ADA532F00205	BSU_31710	comQ	BSU_31710	3,256,008 → 3,256,907
FDC4AF318660B139E9BCD2BAFCDEF7C680C0D488	BSU_tRNA_21	trnE-Met	BSU_tRNA_21	
FDDC16D57752D81299CDD426257C1CD49890C89C	BSU_31180	rhaA	BSU_31180	3,197,933 → 3,199,207
FDE2AE06BA35DA5C6828F2A737CDB3E64D8753CA	new_2069030_2069174_c	S713	new_2069030_2069174_c	2,069,030 → 2,069,174
FDE35C476EB81F6D88A0C2FE935022F95B6AA6E7	BSU_14760	ylaF	BSU_14760	1,545,820 → 1,546,008
FDE9E1E86BA06B4CE782CBA32F113D302A0B2231	BSU_34490	yvdS	BSU_34490	3,541,488 → 3,541,823
FDEF6D06508C7D7B29FC459935C1B25D755144B8	new_752253_752357	S245	new_752253_752357	752,253 → 752,357
FDF96CFE8A56FC0A56C8E150405633D86D5815B5	new_3105800_3106064_c	S1158	new_3105800_3106064_c	3,105,800 → 3,106,064
FE034FDCEAD4F4E91FD0147E16685632069E3316	BSU_10320	yhfP	BSU_10320	1,106,524 → 1,107,516
FE0E60B875E72AEF5174A89C7AE5556FF59B19D5	BSU_00620	divIC	BSU_00620	69,168 → 69,545
FE1372F14C9E6BBF62DB24E6C27A74B4AE6FDA59	BSU_12550	xtrA	BSU_12550	1,324,149 → 1,324,355
FE15A41A58A8177280817CA3825764C39185021A	BSU_14140	ccpC	BSU_14140	1,486,045 → 1,486,926
FE2B31E5EBE6C4BA4FC4AAC485A00C97315E6AAB	BSU_10910	yisZ	BSU_10910	1,169,877 → 1,170,476
FE357AC79B3E34402220926A67EAD6FB8A52DA9F	new_2029314_2029407	S693	new_2029314_2029407	2,029,314 → 2,029,407
FE3692DEA7F7E24EEB049F23201C913A75C4DCFD	new_1117688_1117833	S366	new_1117688_1117833	1,117,688 → 1,117,833
FE3A01BEA974C5E32C68DC600C800E5EF101B34F	BSU_14360	yknY	BSU_14360	1,505,416 → 1,506,108
FE3E73365FF565F1B459BBAB277F6ACDBC4B1E37	new_3257233_3257319_c	S1216	new_3257233_3257319_c	3,257,233 → 3,257,319
FE44F375D9923CFA7C0064AFA0474845B29339BF	new_1559111_1559216	S542	new_1559111_1559216	1,559,111 → 1,559,216
FE56282883B3229D3D6836A1BE7EA4292D3CC799	BSU_04400	gsiB	BSU_04400	494,506 → 494,877
FE56753D061344B0F10A6523F49C5C7356AA40B6	BSU_13680	motB	BSU_13680	1,433,676 → 1,434,461
FE672C27CF019E18A526DE8E6779788DDE54056E	BSU_34440	pbpE	BSU_34440	3,534,118 3,535,473
FE7859E98F26E532AE02CD71B42B845BADBCF06E	BSU_00530	pth	BSU_00530	59,504 → 60,070
FE7AC936BE959D745FBB6A88EAD64408C7177125	BSU_02570	ycbN	BSU_02570	280,086 → 281,009
FE8369419BA2FECB02A3A2B5607942BB6C6199A1	new_3671623_3672496_c	S1368	new_3671623_3672496_c	3,671,623 → 3,672,496
FE96CD17AF9A851C1E82E34425AF386711B30718	BSU_32190	yuzB	BSU_32190	3,308,368 → 3,308,604
FEA0C7FC53293F26B78BEA1538588FFD7108D38D	new_2469509_2469579_c	S900	new_2469509_2469579_c	2,469,509 → 2,469,579
FEC0EDE9663FE62B2A1A4FA5B16B41048DDD723B	BSU_38770	cimH	BSU_38770	3,979,753 → 3,981,105
FEC200568646319DBFAD3A7E20AFA1CF5185EFB2	BSU_00400	yabE	BSU_00400	48,629 → 49,942
FEC80D16C97EF0B7578A52B4665AFE48DA976CFB	BSU_20770	yopT	BSU_20770	2,203,378 → 2,203,596
FEC83B66CEA311EA1650D61A215F82E9DF4E9F03	BSU_34050	lutA	BSU_34050	3,494,985 → 3,495,701
FEC89C6F5A825D925D730965ACBAA06EC5CC4E44	BSU_30320	leuS	BSU_30320	3,102,629 → 3,105,043
FED8E46AA1C4EFD27796D5DFBBB1663EBF336BFD	BSU_23580	ansA	BSU_23580	2,455,819 → 2,456,808
FEDD2DA461BCB73E7CC49E6DAC3428FE45AB9768	new_2649776_2649841	S971	new_2649776_2649841	2,649,776 → 2,649,841
FEDD589EA9982856730E809F21B7930F688FDC42	BSU_38020	pdxK	BSU_38020	3,900,963 → 3,901,778
FEE1952DFA3D6A5E2DC108B3B203B526642E2C68	BSU_40930	yyaE	BSU_40930	4,201,070 → 4,203,073
FEF94BD8482A41C493A8BEC3278B518E8BB4EDFE	BSU_01160	rplC	BSU_01160	135,712 → 136,341
FEFC1A66CA7EEF99FBD3CD8632F08AEDAA675C74	new_1044967_1045036	S340	new_1044967_1045036	1,044,967 → 1,045,036
FF15BE26BCC78EC1301C58A51AF0A519D7BE9ADC	BSU_28200	lonA	BSU_28200	2,880,466 → 2,882,790
FF16BA2B744E89AADB00F936B9A50A82726312A7	BSU_09470	yhdH	BSU_09470	1,024,865 → 1,026,220
FF1C3081FECA61FAB029E86B27B3474D19F3430C	BSU_20630	yoqH	BSU_20630	2,198,313 → 2,198,765
FF20ADE4A168429A0389C7B7A459EBF9EA0C3397	BSU_36790	ywmA	BSU_36790	3,780,562 → 3,781,035
FF2A882207C5CAA5F6226E22FEFAEF5BB74C8FC6	new_740214_740287	S242	new_740214_740287	740,214 → 740,287
FF329359CBE52C75A39237E8A6BB56F6AB321AFB	BSU_00420	ksgA	BSU_00420	50,640 → 51,518
FF34DC303E8A7C9FAA205A6C2924961963B14EB1	BSU_24520	mntR	BSU_24520	2,543,440 → 2,543,868
FF3997A9B3E704F3FC49A9F38E16EF57F4340101	new_2214865_2214961_c	S791	new_2214865_2214961_c	2,214,865 → 2,214,961
FF3AEB17C5398AA93D87F7AA6ABA1A339433BACB	BSU_05210	ydeI	BSU_05210	568,345 → 568,938
FF3C9A092A3CAE0EB808F9C615BF5FC433C17E81	BSU_40120	yyzE	BSU_40120	4,122,619 → 4,122,849
FF4DB7FDCEB440064E11E65CB0DBFB93FC785CF0	BSU_24690	comGE	BSU_24690	2,556,921 → 2,557,268
FF539B97FAC453D5EBB23A4C7A9EE5627AF42AE1	new_3244617_3244738	S1209	new_3244617_3244738	3,244,617 → 3,244,738
FF60633F2902E4CA58B34FF3DAFF85B0D4007622	BSU_18540	yoaB	BSU_18540	2,021,223 → 2,022,467
FF617FD8785038D9CA8BB4834FD88EB40FF7813C	new_3276604_3276710	S1227	new_3276604_3276710	3,276,604 → 3,276,710
FF61DC6CA162EEC191CDFC802E721FCBD32EC098	BSU_30670	luxS	BSU_30670	3,137,495 → 3,137,968
FF6A150806407E7D10C090FA2CDB521DDC7811F9	BSU_12190	yjhB	BSU_12190	1,290,018 → 1,290,644
FF7440B70CCB5A9C443944E0259D845A958EA279	BSU_22950	bdr	BSU_22950	2,400,984 → 2,401,958
FFB6A7E003DD86CCC98204DD1FC13C97CD4AC549	BSU_39200	yxzC	BSU_39200	4,021,896 → 4,022,264
FFB74B42B082DC2DABCAF30266F33E9B29CC20EC	new_3728379_3728510_c	S1392	new_3728379_3728510_c	3,728,379 → 3,728,510
FFB83CA40DA9A334A6B268573AA5EA51A6627947	BSU_14750	ylaE	BSU_14750	1,544,936 → 1,545,547
FFBB9B236B7D532D45FE0593B793E28E051BE7A2	BSU_31020	yuaF	BSU_31020	3,182,015 → 3,182,539
FFC5766E471A155D3C5C0DB3A9DA46BE24781965	BSU_08890	ygaO	BSU_08890	966,196 → 966,669
FFC7595CD0930089B768BB36816A3FE470501236	BSU_08680	ygaC	BSU_08680	938,731 → 939,261
FFCC02FA996D570C69F79AAC22C2C4FCAD9E89D9	BSU_03740	yclI	BSU_03740	424,904 → 426,364
FFCC5111A1C2DF073116DB2FC8BAEF2FCEA5AEE6	new_3654055_3654138_c	S1361	new_3654055_3654138_c	3,654,055 → 3,654,138
FFD5F07480A0E5A74852C69C436EE289BA72FC7F	BSU_39490	yxeN	BSU_39490	4,058,791 → 4,059,465
FFED8CD37ED883F72462031D535E84E0C22843AC	new_678515_679050	S223	new_678515_679050	678,515 → 679,050
