,gene_name,baseMean,log2FoldChange,lfcSE,stat,pvalue,padj
BSU_00010,dnaA,5393.09353499519,-0.406414191147996,0.20245357508435,-2.00744388425182,0.0447024200748287,0.215108247902545
BSU_00020,dnaN,3447.46807222612,-0.0546519506639803,0.238643752954959,-0.22901060676118,0.818860672183925,0.939600052959626
BSU_00030,rlbA,235.778353526681,-0.139043618237707,0.25676434769475,-0.541522292662715,0.588147636390485,0.824241140062643
BSU_00040,recF,2252.26399037463,-0.323289542912407,0.204146531849986,-1.58361516104506,0.113281321671269,0.37312584169087
BSU_00050,remB,162.778914293475,-0.272726066410135,0.263937497672323,-1.03329791642081,0.30146450203927,0.618514194531836
BSU_00060,gyrB,4906.5618287957,-0.058218475494086,0.183581548434082,-0.317125963860089,0.75114802458336,0.910852727298715
BSU_00070,gyrA,9398.25667576178,-0.432242863274591,0.185760401641489,-2.32688376777309,0.0199714523679614,0.124426247964029
BSU_rRNA_1,rrnO-16S,1228.73481152919,0.224949690503927,0.781992192775538,0.287662322695971,0.773605233569019,0.92157084692455
BSU_tRNA_5,trnO-Ile,2.69672768912624,-0.137291119063056,2.34960386548518,-0.0584316024840663,0.953404842625291,0.984212141961822
BSU_tRNA_6,trnO-Ala,110.135677139216,-0.44991257402032,0.47727916464733,-0.942661250156957,0.345854199728355,0.653760943255378
BSU_rRNA_2,rrnO-23S,2042.39441208593,0.112662949389105,0.755736027717731,0.149077118540106,0.881492780877395,0.961052864465164
BSU_rRNA_3,rrnO-5S,1.40519125394654,1.97489877746902,2.86194693436831,0.690054296169166,0.490160043119353,
BSU_00080,yaaC,8.71278649581915,1.70212883298754,1.02227306094298,1.66504322379134,0.095904132666698,0.337999938005672
BSU_00090,guaB,13796.1828220496,0.236619687542503,0.223131970677794,1.06044726277341,0.28894117016379,0.607704866832074
BSU_00100,dacA,6863.47922336888,-0.319453405189837,0.189423427589,-1.68645140284849,0.0917088878663173,0.32854368012919
BSU_00110,pdxS,11114.3303394608,-0.163039712549297,0.169397629296294,-0.962467498669203,0.33581482174049,0.649466170949178
BSU_00120,pdxT,10252.474149485,-0.168021656352609,0.173236627682424,-0.969896831867594,0.332097919403069,0.648069537768091
BSU_misc_RNA_1,tboS,4130.93576935789,-0.321687646302082,0.194615448083324,-1.65293993601347,0.0983430883384265,0.342879315632974
BSU_00130,serS,4152.29473907281,-0.0133302998461654,0.182005446786569,-0.0732412138291518,0.941614170543062,0.980016995776273
BSU_tRNA_7,trnSL-Ser1,236.443137144245,-0.164542033598408,0.374947373530051,-0.438840341910596,0.660777226741657,0.863237528551292
BSU_00140,dck,583.41914809247,0.0635767603449915,0.22114261877562,0.287492120229883,0.773735534551271,0.92157084692455
BSU_00150,dgk,439.906171919166,-0.199996988903958,0.214677065113594,-0.931617864247079,0.351534047560715,0.65684616010795
BSU_00160,sleL,26.3499148610206,0.254386939797567,0.591068960255031,0.430384535313452,0.666915942875877,0.86737858625026
BSU_00170,yaaI,23.5924741790985,-0.0629107357718233,0.823079794551137,-0.0764333375552384,0.939074347637476,0.978451913465335
BSU_00180,tadA,215.038704843086,-0.431492009826228,0.276287061745021,-1.56175250155015,0.118346305311567,0.381817351001403
BSU_misc_RNA_2,scr,11439.3130628306,0.265240431419916,0.362109452784705,0.732486902454922,0.463871434071853,0.744207042387229
BSU_00190,dnaX,2959.70634569138,-0.0879309899869092,0.172205333644873,-0.510617111129921,0.609619191815496,0.837235881426309
BSU_00200,ebfC,3378.03886406604,-0.0457588836320226,0.203301219012718,-0.225079238846866,0.821917631618695,0.941074647466407
BSU_00210,recR,1175.59887460715,-0.254571929816805,0.194387267828891,-1.30961216061173,0.190327072475652,0.494013274861969
BSU_00220,yaaL,477.064997267864,-0.525095465166975,0.252595687953905,-2.07879821472961,0.0376359010621704,0.193009776960686
BSU_00230,bofA,115.033912411411,-0.346266336437461,0.341875951386191,-1.01284204119497,0.311135616077679,0.628334236080826
BSU_rRNA_4,rrnA-16S,1247.0463378203,0.171121114078748,0.78664744227021,0.217532155936215,0.827793650100578,0.943296847420234
BSU_tRNA_8,trnA-Ile,2.71293409249233,-2.36578869910835,2.79644450863564,-0.845998800191675,0.39755341359573,0.696866524079314
BSU_tRNA_9,trnA-Ala,113.646976128471,-0.400846135818481,0.426418433683092,-0.940030036591672,0.347202153847661,0.653760943255378
BSU_rRNA_5,rrnA-23S,2043.04297890902,0.198378725391218,0.745087549864717,0.266248879648085,0.790047540588273,0.929484198500001
BSU_rRNA_26,rrnA-5S,5.63991293140671,0.18222551093075,1.74284614151255,0.104556281010901,0.916727907184855,0.973756996068242
BSU_00240,csfB,173.093939913016,0.0363906195289076,0.357184228247585,0.101881932770232,0.918850390891802,0.973756996068242
BSU_00250,xpaC,677.993686727368,-0.0419439530725808,0.248474019706454,-0.168806191979883,0.865949087729163,0.953217013927775
BSU_00260,yaaN,1340.77394349448,0.0236056223868827,0.207595625156205,0.11370963318288,0.909467975880589,0.971907547785905
BSU_00270,yaaO,1552.50042354964,-0.374794040268339,0.213788614927145,-1.75310570394996,0.0795838646443622,0.30138310238315
BSU_00280,tmk,590.247358618895,-0.340572391182461,0.259504924934097,-1.31239278510399,0.189387639988434,0.492603836475411
BSU_00290,darA,844.320713738021,-0.168269946668555,0.206061323314764,-0.816601310530838,0.414156305917606,0.710747059918578
BSU_00300,yaaR,866.114469170409,-0.184948801849223,0.208446047523064,-0.887274208587518,0.374931287833536,0.674749276579709
BSU_00310,holB,2095.89603992229,-0.317483138437951,0.171736743869227,-1.84866168581667,0.0645066794050837,0.266617320494059
BSU_00320,ricT,3158.31860169843,-0.420756302251617,0.190936149130705,-2.20364925220938,0.0275490206663903,0.157544803245615
BSU_00330,dnaH,1683.55539054568,-0.310552242687952,0.195098284511405,-1.5917733129519,0.111435648578528,0.371073723205458
BSU_00340,trmNF,464.707955809931,-0.220718772675617,0.219488426430759,-1.00560551763419,0.314605368659115,0.629952031777842
BSU_00350,yazA,115.225534734046,0.292964818665159,0.311664257089604,0.940001337981247,0.347216874370116,0.653760943255378
BSU_00360,rsmI,839.263974581365,-0.0919329582777129,0.202077540867476,-0.454939019363876,0.649153110401105,0.858346352617757
BSU_00370,abrB,1920.28205817395,-0.0481389184545531,0.227928438479729,-0.211201896418179,0.83272973100364,0.943296847420234
BSU_00380,metS,5465.95402822886,-0.177166776132848,0.186687042665363,-0.949004138709403,0.342618507130926,0.653760943255378
BSU_00390,dayD,524.322673907773,-0.29324001634843,0.257704221344969,-1.13789372489903,0.255164861856933,0.571531627849293
BSU_00400,yabE,4009.85874740414,0.277315565184664,0.190571625503677,1.45517762390767,0.145620093874267,0.434203353594217
BSU_00410,rnmV,314.062017706419,-0.260574792622391,0.291442190469494,-0.894087407875375,0.371275126068772,0.671943372192777
BSU_00420,rsmA,634.953578272836,-0.0959862865200932,0.242189182923688,-0.396327719352924,0.691863280828853,0.883002491058603
BSU_00430,prtG,8.88089912231829,-0.711605372145003,0.862432033621683,-0.825114727193862,0.409306459350801,0.70837744809593
BSU_00440,veg,905.855484497051,0.176139165474964,0.281690535796323,0.625293160726997,0.53177866790986,0.790034754652159
BSU_00450,sspF,15.0220071030702,-1.9376590874578,1.01080222588087,-1.91695174174078,0.0552440627688964,0.246629940668761
BSU_00460,ispE,1439.76366899968,-0.112647355505191,0.207322171970586,-0.543344469308246,0.586892651781323,0.824241140062643
BSU_00470,purR,3505.9757584692,-0.0294479295110908,0.231274917001941,-0.12732867832288,0.898680263013375,0.966951744123532
BSU_00480,ridA,3780.612448899,0.193783214025033,0.183162444042138,1.05798552229654,0.290062042894521,0.608929654278073
BSU_00490,spoVG,13390.0657950752,-0.243699984086602,0.355496565573907,-0.685519939392882,0.49301588270184,0.766492676765503
BSU_00500,glmU,7410.1303937211,-0.0274112028061369,0.189961271544389,-0.144298901472302,0.885264445728066,0.961688479756606
BSU_00510,prs,5286.46518796747,-0.153097647047417,0.187487141626973,-0.816576783446956,0.414170327220146,0.710747059918578
BSU_00520,ctc,6131.48304541967,0.130555085405273,0.199083502460393,0.655780533252607,0.511965343428222,0.781372393759524
BSU_00530,pth,838.276399010076,-0.0022348093449111,0.201628353905143,-0.0110838049392722,0.991156584234391,0.995373274973276
BSU_00540,fin,496.240393358357,0.220355824290863,0.219275800237969,1.00492541380181,0.3149327660843,0.630310561984076
BSU_00550,mfd,3041.58625412117,-0.283973339093924,0.218313276718999,-1.30076073870413,0.193340364640088,0.49788073294287
BSU_00560,spoVT,770.204491245138,-0.37051208151852,0.22197720246957,-1.66914474728238,0.0950886970389543,0.336693228098764
BSU_00570,yabM,372.09148556606,-0.082271221540599,0.229916458825876,-0.35783093546559,0.7204698382309,0.897249648210059
BSU_00580,yabN,1544.74702693019,-0.139628311053707,0.184439352826454,-0.757041861804236,0.44902478317437,0.733647166960365
BSU_00590,hslR,541.26728384034,0.0776044491266008,0.272232798639169,0.285066492775771,0.775593200319929,0.92195770359679
BSU_00600,spcP,714.773900792902,-0.0109438774947328,0.214661830870454,-0.0509819442532255,0.9593399082346,0.984360123180105
BSU_00610,spcQ,649.349925999032,0.117792947822749,0.202130831999726,0.582755963834892,0.560057593271013,0.808208222921033
BSU_00620,divIC,2260.72641182698,-0.15010648914013,0.225018235803734,-0.667085885745973,0.504717275128196,0.776310238427758
BSU_00630,yabR,8905.37306518463,0.0118522886094626,0.244125650871447,0.0485499519085927,0.96127795548283,0.984609569977209
BSU_tRNA_10,trnSL-Met1,10.1068314131277,0.689282122647468,0.820644948703485,0.839927332443155,0.400949131564025,0.699356674883228
BSU_tRNA_11,trnSL-Glu1,85.8671663001134,0.194717094019069,0.3876645872541,0.502282386426592,0.615468897256003,0.83952723738066
BSU_00640,spoIIE,187.956627694538,0.102575889948267,0.348502066535956,0.29433366340651,0.768502951624463,0.920340767038429
BSU_00650,yabS,114.229977936851,0.548051653222535,0.411999039459362,1.33022556057826,0.183443964876623,0.486550191486125
BSU_00660,prkT,57.6122273535495,0.115588584288287,0.415338523879731,0.278299694448178,0.78078231065124,0.924364457497107
BSU_00670,tilS,3747.54529706486,-0.175697033828637,0.188351058219386,-0.932816812868606,0.350914558923298,0.656844035623389
BSU_00680,hprT,2187.2108573428,-0.232462642190825,0.182386596689274,-1.27455989864685,0.202465058913189,0.507237049128621
BSU_00690,ftsH,17264.5260924438,-0.205148040773103,0.17825370688499,-1.15087671587927,0.24978295809784,0.566948605212458
BSU_00700,coaX,1313.25448407433,0.245586938757441,0.1797792874584,1.36604690245125,0.171924242485611,0.469175405472935
BSU_00710,hslO,1391.52755701229,0.377483695616395,0.214444085361817,1.76028961106338,0.0783587147438511,0.298071780614703
BSU_00720,yacD,1747.67492881424,0.204997777996824,0.230201631470396,0.890514010206686,0.373189948958083,0.673088955074656
BSU_00730,cysK,13870.7462544417,-0.232394190132405,0.387229038843925,-0.600146597543973,0.548408539980387,0.799213259198857
BSU_00740,pabB,1667.91615932781,-0.342663660419909,0.187718555114348,-1.82541177248662,0.0679389140989835,0.275713893033984
BSU_00750,pabA,1377.38813973945,-0.55362175701742,0.185689690918539,-2.9814350720218,0.0028690087671871,0.0343392063430367
BSU_00760,pabC,1070.19331659256,-0.494042278935703,0.194474116460652,-2.54040120056626,0.0110725372481233,0.0850662870519674
BSU_00770,folP,1436.42378156217,-0.560846119589678,0.177277912355125,-3.16365480695748,0.0015580146739874,0.0215635320839501
BSU_00780,folB,562.851891951743,-0.335856876622195,0.218521895124529,-1.53694839792049,0.124305946331203,0.394411218954033
BSU_00790,folK,742.200363212265,-0.45475065259815,0.234087807078723,-1.94264988968528,0.0520584746252958,0.236984547955321
BSU_00800,yazB,480.379681260136,-0.411630711360334,0.231060356712547,-1.78148565689452,0.0748331459868074,0.290781211449523
BSU_00810,dusB,3553.0268180741,-0.282299064184519,0.176531231389241,-1.59914515954441,0.109788352357877,0.367315519030409
BSU_00820,lysS,4845.70908263321,-0.360013747949848,0.177278117501238,-2.03078503440975,0.0422768058198079,0.206713633979705
BSU_rRNA_6,rrnJ-16S,1226.79084000501,0.218255098141324,0.7920762641819,0.275548085469711,0.782895188144507,0.925339847231411
BSU_rRNA_7,rrnJ-23S,2053.78742682748,0.137127597648355,0.736204506853527,0.186262915225046,0.85223858787401,0.950391765469007
BSU_rRNA_8,rrnJ-5S,1.32625756332987,-1.65821467231522,2.30675849362566,-0.718850576207875,0.472232991452104,
BSU_tRNA_12,trnJ-Val,1.41603951757855,1.40359082525535,1.97854819244801,0.709404416133389,0.478073548064873,
BSU_tRNA_13,trnJ-Thr,35.786745443481,0.0237719469720682,0.491700293836444,0.0483464160384975,0.961440163130069,0.984609569977209
BSU_tRNA_14,trnJ-Lys,133.429214938992,0.156586505608329,0.339849848225794,0.460752024536123,0.644976525296413,0.856469364394456
BSU_tRNA_15,trnJ-Leu1,285.424697415111,-0.521825201148273,0.313885681512599,-1.66246895568356,0.0964187829020083,0.338581329380689
BSU_tRNA_16,trnJ-Gly,321.959389311978,-0.459204410052646,0.2570180811574,-1.78666188769585,0.0739921525148498,0.288963838268012
BSU_tRNA_17,trnJ-Leu2,300.492363742967,-0.346833984451549,0.276480416795823,-1.25446130496715,0.209674381874385,0.516707929337098
BSU_tRNA_18,trnJ-Arg,83.371113324692,-0.836018610585171,0.410699255334212,-2.03559806775118,0.0417907319892072,0.205422636163691
BSU_tRNA_19,trnJ-Pro,21.8753317544301,-0.797046190058929,0.712419665991235,-1.11878746209223,0.263230821808748,0.580184009441054
BSU_tRNA_20,trnJ-Ala,106.558680070771,-0.273321509293639,0.398189336597231,-0.686410921069201,0.492454019612991,0.766363120984844
BSU_rRNA_9,rrnW-16S,1233.84688128136,0.120119048710414,0.759815363500712,0.158089786651571,0.874386048479573,0.958878009875813
BSU_rRNA_10,rrnW-23S,2058.61862216317,0.121446544265969,0.775460947847974,0.156612070024935,0.87555058943287,0.959312649432765
BSU_rRNA_11,rrnW-5S,1.51614370448936,-0.719887345683618,2.37345209411467,-0.303308142375692,0.761655041569564,
BSU_00830,ctsR,1100.53561940392,1.12428147799662,0.365500686661913,3.07600373685913,0.0020979521577251,0.0270948289306205
BSU_00840,mcsA,982.947656867926,1.40785475431146,0.285585257872408,4.9297178881007,8.23484455191084e-07,4.66531393347589e-05
BSU_00850,mcsB,3760.91284390623,0.739396532458613,0.199325197559732,3.70949855568079,0.0002076701419672,0.0049852566848517
BSU_00860,clpC,11396.2332073647,0.803791976345492,0.212905437691516,3.77534733288554,0.000159784862383,0.004083205805594
BSU_00870,radA,1102.56500053523,-0.131766224445622,0.207462380947271,-0.635133096631682,0.525341613029273,0.78798884791929
BSU_00880,disA,1265.29518801409,-0.200516959537876,0.210727769354074,-0.951545020158015,0.34132777605812,0.653760943255378
BSU_00890,yacL,1527.63609257798,-0.222428912730885,0.174572263959095,-1.27413661074478,0.202615005550863,0.507313587852454
BSU_00900,ispD,1133.04337453163,-0.0893704793701335,0.188720666749406,-0.473559578341277,0.635814006023265,0.850878199435021
BSU_00910,ispF,358.571265058562,-0.645299631126163,0.234122881181774,-2.75624333627241,0.005846948071964,0.0564629144494888
BSU_00920,gltX,7267.92313478852,-0.361573913379391,0.176794584983507,-2.04516395914005,0.0408386963807755,0.202241982426474
BSU_00930,cysE,484.124348396601,-0.533430240790721,0.213730688431622,-2.4958055612186,0.012567146637905,0.0919750777577606
BSU_00940,cysS,1577.24793032292,-0.320154504510619,0.188019809965543,-1.70277006752263,0.0886111064974361,0.321883360086384
BSU_00950,mrnC,354.640276817774,-0.306809189642583,0.231764419007833,-1.32379763449459,0.185570261976515,0.488880312465713
BSU_00960,rlmB,1009.24819778652,-0.270725627687739,0.19353890523743,-1.39881760391079,0.16186768594562,0.458211723906021
BSU_00970,raeA,790.446782688287,-0.511892415405168,0.186634914992517,-2.74274733334699,0.006092754653488,0.0580450998266162
BSU_00980,sigH,4451.18131023214,-0.132821188219134,0.194687097152512,-0.682229023709189,0.495094144983962,0.7680376130109
BSU_00990,rpmGB,736.574561284348,0.077044403389462,0.213842785628341,0.360285258925524,0.718633821844869,0.896411522768506
BSU_01000,secE,1525.03055966033,0.322736613573439,0.223483463106997,1.44411854499911,0.14870563234621,0.438176305020143
BSU_01010,nusG,2463.21321333415,-0.396268347973395,0.205164474453712,-1.93146668802448,0.0534253650299526,0.241751199161095
BSU_01020,rplK,41519.9415507554,-0.187294038484166,0.21824934838489,-0.858165396003231,0.390801140825599,0.691069451543594
BSU_01030,rplA,24390.820943311,-0.0960088269979624,0.233072297562592,-0.411927234604872,0.680392758195823,0.876588486832641
BSU_misc_RNA_3,ldlJ,13700.5809866059,-0.249836962330332,0.324845736909886,-0.769094169764766,0.441837409039331,0.729055114494999
BSU_01040,rplJ,25719.8003167157,-0.636957237140942,0.374111033760041,-1.70258874949273,0.0886450569650169,0.321883360086384
BSU_01050,rplL,24092.3996112397,-0.428877701098286,0.320239697267884,-1.33923965316369,0.180492667321654,0.482638982661867
BSU_01060,rlmG,852.275570234512,-0.723185199276719,0.473622938786966,-1.52692181913513,0.126780453237023,0.399325534324766
BSU_01070,rpoB,33265.8914704888,-0.339697255521834,0.31859114227422,-1.06624827387526,0.286311425323212,0.605296831524631
BSU_01080,rpoC,39284.0862756343,-0.356668809796471,0.334646664584379,-1.0658071558533,0.286510825464713,0.605296831524631
BSU_01090,rulS,6115.7487508008,-0.361588813916105,0.285257799444019,-1.26758607344254,0.204945807864239,0.511642031501265
BSU_01100,rpsL,37589.512203619,-0.526548001076674,0.349308672264272,-1.50740031062931,0.131708079219322,0.408304439321807
BSU_01110,rpsG,26376.4009594863,-0.342412233450208,0.32047010824091,-1.06846855492932,0.285309207394878,0.604326431814974
BSU_01120,fusA,94019.4795353161,-0.371110143068745,0.293993343461144,-1.26230797847228,0.206837986885374,0.51467029050898
BSU_01130,tufA,155574.023061754,0.361159422133918,0.179182863675882,2.01559130557935,0.0438427296872617,0.212900295361343
BSU_01140,ybaC,232.906548287136,-0.230876848453164,0.31752304416819,-0.727118401935167,0.467153426767931,0.747621435155156
BSU_01150,rpsJ,15498.5203756059,-0.574662351331642,0.3866234861301,-1.48636172386658,0.137183468387008,0.419366656282717
BSU_01160,rplC,30453.180769631,-0.633093905599643,0.399176337946509,-1.58600058524631,0.112739176798842,0.372272561969347
BSU_01170,rplD,21970.5059681806,-0.504315833750578,0.370620201819469,-1.36073487433972,0.173597489408636,0.471923053421174
BSU_01180,rplW,7835.93769109737,-0.737681065756367,0.38817770687092,-1.90036947691503,0.0573846495905901,0.251368428979812
BSU_01190,rplB,35403.470354537,-0.599069784074905,0.348823211144476,-1.71740229702427,0.085905692269036,0.315755438106517
BSU_01200,rpsS,13177.8605469956,-0.556500209221525,0.366635190169151,-1.51785814385351,0.129050163595025,0.403186871408281
BSU_01210,rplV,19193.2585276871,-0.515401663290031,0.307970583900787,-1.67354185832264,0.0942206734446136,0.334735486175722
BSU_01220,rpsC,22954.7133005036,-0.514580806725525,0.317352325710054,-1.62148112692789,0.104914494364875,0.357770213929658
BSU_01230,rplP,10633.1279321798,-0.484521411634312,0.330560144403616,-1.46575871240759,0.142714032742276,0.42838976301377
BSU_01240,rpmC,6160.01599919919,-0.438408891208439,0.296021272502153,-1.48100468423347,0.138605325259529,0.422119234278345
BSU_01250,rpsQ,7624.11642055859,-0.582046059938796,0.325970827288352,-1.78557714744185,0.074167749783956,0.289383626108383
BSU_01260,rplNA,17013.89390578,-0.301457213082724,0.277060830596509,-1.08805424582641,0.276571160770178,0.595918287075297
BSU_01270,rplX,16095.3272346059,-0.391296581917849,0.295339562180557,-1.32490404952462,0.185202977578535,0.488779847062472
BSU_01280,rplE,25565.3051393934,-0.186830363209213,0.268097247473334,-0.696875350157394,0.485880805299904,0.762655168717876
BSU_01290,rpsNA,11202.622516962,-0.544692286577196,0.309638119218534,-1.75912542019017,0.078556208128978,0.298288944003599
BSU_01300,rpsH,17469.631308347,-0.183992092188825,0.27330844100212,-0.673203108964344,0.500818083582015,0.772124832053694
BSU_01310,rplF,22477.0335410245,-0.374694013598906,0.291862622791144,-1.2838026672125,0.199211010118183,0.503751853933211
BSU_01320,rplR,19723.6204436458,-0.560223857612386,0.314983079949508,-1.77858397251748,0.0753079936788942,0.291158930975088
BSU_01330,rpsE,15231.5511964407,-0.266558736907005,0.292741808379197,-0.910559166054353,0.362527694008336,0.666542696599489
BSU_01340,rpmD,4707.45914046037,-0.562050137854292,0.348777729263141,-1.6114851686251,0.1070740172717,0.360791038372287
BSU_01350,rplO,23586.4970780757,-0.154873032491695,0.275582474658941,-0.56198433040187,0.574126695272253,0.816132786996299
BSU_01360,secY,70757.7304423785,0.0510455106375684,0.237949413064195,0.214522532248471,0.830139597740533,0.943296847420234
BSU_01370,adk,31078.1133292164,-0.143039188746199,0.251277466462149,-0.569247974202039,0.569187867844578,0.812661038464923
BSU_01380,mapA,31399.1655069193,-0.136063184172678,0.255944046696337,-0.531613006549472,0.594994054565218,0.828175977681679
BSU_01389,ybzG,11537.3160932271,-0.0294631208867476,0.244190685831869,-0.120656202698221,0.903963350654568,0.969444794783256
BSU_01390,infA,6852.38303497381,-0.0242263397038331,0.251118532980812,-0.096473722653056,0.92314434284843,0.973756996068242
BSU_01400,rpmJ,5263.22844509163,-0.261922628156634,0.279927305678212,-0.935680881584753,0.349437516993709,0.655523183093277
BSU_01410,rpsM,8059.3138987665,-0.429896327560794,0.311120977156977,-1.38176580534423,0.16704362158871,0.464455520643631
BSU_01420,rpsK,6729.83983272219,-0.133388481213606,0.274306348244905,-0.486275589562787,0.626771783996906,0.847226694177138
BSU_01430,rpoA,34754.9665645632,-0.0001478120207436,0.27115710156473,-0.0005451158014694,0.999565060539698,0.999565060539698
BSU_01440,rplQ,9324.87117331924,0.0815035571311832,0.269760613817913,0.302132902122612,0.762550751492798,0.917089765947608
BSU_01450,ecfA,1145.99063655061,-0.196245472251357,0.27192591619498,-0.721687270552917,0.470486770082236,0.749875595943526
BSU_01460,ecfAB,946.623697528469,-0.128749178099291,0.283387893088542,-0.454321378009838,0.649597531387915,0.858346352617757
BSU_01470,ecfT,666.275093342157,-0.0143149610948293,0.324779232170903,-0.0440759743138273,0.964843843888702,0.986037678995262
BSU_01480,truA,1432.55886335964,-0.353375920325172,0.313849854152208,-1.12593941227003,0.260191165569178,0.577059228688295
BSU_misc_RNA_4,ldlM,233.741247568706,-0.772190566329946,0.422919993878184,-1.82585495485552,0.0678721128731981,0.275713893033984
BSU_01490,rplM,10082.1893321999,-0.295891988844308,0.226213360659152,-1.30802171888576,0.190865942771433,0.494667989517494
BSU_01500,rpsI,8805.72126337251,-0.245653699874088,0.218212873209636,-1.12575255648685,0.260270270971029,0.577059228688295
BSU_01510,ybaJ,1687.93459815045,-0.223409388750106,0.287064255171723,-0.778255685705147,0.436418294368534,0.726053771641307
BSU_01520,ybaK,5.62004765577201,-0.815667006025619,1.26725930886575,-0.643646489963979,0.519804696195091,0.78549540842811
BSU_01530,cwlD,20.5707177171524,-0.300133059341076,0.973394271667189,-0.308336578586003,0.757826235293092,0.915033723717064
BSU_01540,salA,9752.03877087718,-0.006234498003526,0.195926314450619,-0.0318206261420659,0.97461509768176,0.988810780814183
BSU_01550,gerD,9.30212148395883,-1.00168667765146,1.05942299611218,-0.945502109476004,0.344402594373545,0.653760943255378
BSU_01560,kbaA,272.191620433735,-0.176235513138152,0.276099335407218,-0.638304735062918,0.523275330281566,0.787321840781294
BSU_01570,pdaB,5.08741198442251,0.55105626514715,1.5147353409221,0.363797060951712,0.716009557509406,0.896411522768506
BSU_rRNA_23,rrnI-16S,914.082112871286,0.144144972292403,0.784743794130389,0.183684118779348,0.854261268299117,0.950918454494557
BSU_rRNA_14,rrnI-23S,1885.34421529707,0.188975815401338,0.751718361280143,0.251391778005157,0.801511223847785,0.934734312122633
BSU_rRNA_15,rrnI-5S,1.03283838474289,0.534720556689449,3.27511331392888,0.163267803411659,0.870307582878294,
BSU_tRNA_23,trnI-Asn,0.721660467534471,-0.0973634943180126,3.44294947335559,-0.0282790947330167,0.977439553917638,
BSU_tRNA_24,trnI-Thr,88.5888789428554,0.600694665150586,0.56143767542796,1.06992225751986,0.284654303602436,0.604146744546417
BSU_tRNA_25,trnI-Gly,39.9012012581191,0.372340942332706,0.525368016271005,0.70872403877102,0.478495744287015,0.756869235341919
BSU_tRNA_26,trnI-Arg,89.3990884890602,-1.05321890817833,0.495240327041063,-2.12668244218125,0.0334464773270772,0.178759851777045
BSU_tRNA_27,trnI-Pro,18.9721708908965,-0.775838962365336,0.747952929809302,-1.03728313834287,0.299603921686115,0.617070801378722
BSU_tRNA_28,trnI-Ala,25.2052806792718,-0.314055007485569,0.61772621444644,-0.508404856619209,0.61116944755595,0.837235881426309
BSU_rRNA_16,rrnH-16S,1093.01948324872,0.183930289603819,0.785306010104558,0.23421479937398,0.814818226283348,0.937937304949673
BSU_rRNA_29,rrnH-23S,1494.85373462521,0.293394138855346,0.487290008794235,0.602093483470613,0.547111912003917,0.798676788926909
BSU_rRNA_24,rrnH-5S,0.774726987436234,-0.879776526861144,3.44790934396784,-0.255162314055711,0.798597736858901,
BSU_rRNA_25,rrnG-16S,1143.09507961886,0.179446247207415,0.7628790401219,0.235222411116108,0.814036112374419,0.937937304949673
BSU_rRNA_27,rrnG-23S,2039.07735164861,0.158094336099957,0.74489066686094,0.212238309772609,0.8319211205885,0.943296847420234
BSU_rRNA_28,rrnG-5S,1.35698924261717,0.502637862874359,2.27201858309121,0.221229644253389,0.824913628277986,
BSU_01580,ybaR,755.55351040036,0.214740225489884,0.222804466135199,0.963805749565081,0.335143323562705,0.648825722650264
BSU_01590,ybaS,388.654793455783,0.0463356980086291,0.256685943940767,0.180515135722904,0.856748172986392,0.950918454494557
BSU_01600,eesA,230.866111299495,-2.40303429558754,0.360763137439818,-6.66097515572365,2.7201662733683002e-11,5.253630225246311e-09
BSU_01610,feuC,322.449782575991,-1.78887453061202,0.235799638265062,-7.58641762037458,3.28871275814826e-14,1.07490311610554e-11
BSU_01620,feuB,394.20126989109,-2.22220779402682,0.267931065158619,-8.2939534940125,1.09545296459435e-16,4.2314360423285504e-14
BSU_01630,feuA,1362.33760579096,-2.35013245160104,0.256820776976002,-9.1508657487655,5.64790805037494e-20,3.42828018657759e-17
BSU_01640,btr,441.856368506786,-0.416322365756324,0.35012286790969,-1.18907504740224,0.234410136435071,0.551342580120445
BSU_01650,ybbC,445.841141496653,-0.265250053374952,0.249050274976672,-1.06504621767552,0.2868550154386,0.605296831524631
BSU_01660,nagZ,572.708154437401,-0.0795529442060889,0.323640048116769,-0.245806860643484,0.805831745955358,0.936113218638999
BSU_01670,amiE,371.152249681531,-0.100651310557841,0.270966890376513,-0.371452432501936,0.710300578939886,0.892919278081531
BSU_01680,murP,325.840179342822,-0.24950531168551,0.454595430444354,-0.548851341162022,0.583107473303071,0.822038372284256
BSU_01690,murR,266.702123357385,-0.486664797537902,0.354962245864742,-1.37103256249778,0.17036480549462,0.467622776838915
BSU_01700,murQ,601.161647349935,-0.414040397456318,0.274218516621568,-1.50989219312169,0.131070935056197,0.408206709165564
BSU_01710,ybbJ,60.2600226653195,-0.768014692720859,0.550004941639526,-1.39637780422747,0.162600755384983,0.459368756403451
BSU_01720,ybbK,135.87162073138,-0.616505420948825,0.508438326751291,-1.21254710455846,0.225303022781244,0.537242967284544
BSU_tRNA_75,trnSL-Glu2,63.1040480813588,0.421018501530585,0.402745280889209,1.04537165674799,0.295851231078249,0.614748964849636
BSU_tRNA_78,trnSL-Val1,2.89473245485663,0.960217865889732,1.6002716247565,0.600034301074258,0.548483375811689,0.799213259198857
BSU_tRNA_76,trnSL-Thr1,80.0077137649458,-0.400343375656662,0.521563556650788,-0.767583107660858,0.442734901337713,0.72913976580773
BSU_tRNA_77,trnSL-Tyr1,115.573817848051,0.248910842280071,0.405048323051246,0.614521349958976,0.538870869237069,0.793093981083584
BSU_tRNA_74,trnSL-Gln2,35.0986281164631,-0.281220015777402,0.545657115430331,-0.515378628492031,0.606288463694397,0.83521893181941
BSU_01730,sigW,1861.2622836735,0.316414018355219,0.245013098209295,1.29141674738112,0.196559206432684,0.502357856815303
BSU_01740,rsiW,2464.79734389676,0.589531718228838,0.250405905205433,2.3543043753109,0.0185574086763055,0.119505276736164
BSU_01750,cdaA,1299.6886875849,-0.0566339929308265,0.19735589233787,-0.286963780305429,0.774140053492568,0.92157084692455
BSU_01760,cdaR,2757.89354399759,-0.146857179339366,0.173447269970845,-0.846696401529129,0.397164364984397,0.69684971880139
BSU_01770,glmM,3474.31629912968,-0.0991525207130088,0.196892805496626,-0.503586306584006,0.614552117167161,0.838815273319392
BSU_misc_RNA_5,glmSA,624.737907994857,-0.103847563461351,0.384729456581753,-0.269923609135668,0.787219023636289,0.927566599619965
BSU_01780,glmS,18332.1902715666,-0.21182546125483,0.293525103193276,-0.721660460895402,0.470503256951151,0.749875595943526
BSU_01790,ybbU,11.9903939831193,0.356986060730718,1.04858967813964,0.340443996515458,0.733522190799543,0.902355468647151
BSU_01800,alkA,182.147148295091,0.0965018702404549,0.280807823066026,0.343658054774936,0.731103459348006,0.901987694051853
BSU_01810,adaA,12.0676995056642,1.92569895741944,1.08253646849779,1.77887675238479,0.0752599702581308,0.291158930975088
BSU_01820,adaB,39.3485625422204,-0.106390923563272,0.510784992290581,-0.208289055412863,0.835003276765502,0.944100298822943
BSU_01830,ndhF,100.164711437304,0.867393779305493,0.392948763645626,2.20739663679852,0.0272863611413653,0.156463898096709
BSU_01845,ybcC,259.816011547139,0.43472088267307,0.288141953767489,1.50870387664498,0.131374474420266,0.408304439321807
BSU_01860,ybcF,75.4831473291695,0.413367739505059,0.365169382979252,1.13198904062706,0.257639041973292,0.574861483737273
BSU_01870,ybcH,51.4516822267528,0.364200722172185,0.426911310472081,0.853106285165997,0.393600366292114,0.693369799492203
BSU_01880,ybcI,136.707841120565,1.14450451346207,0.532406022634118,2.14968363392952,0.0315802478768816,0.172719187264085
BSU_01889,ybzH,311.792395003626,0.481562807913645,0.256284548600164,1.87901615818808,0.0602422869596189,0.258816458333084
BSU_01890,ybcL,47.3687170589527,-0.447627356600368,0.547489477661074,-0.817599926326756,0.413585669626034,0.710747059918578
BSU_01900,ybcM,5.26759413354821,-0.745653896734664,1.20104629718723,-0.620836930666983,0.534706921632129,0.790240783978417
BSU_01910,skfA,84.5790339361934,0.145368251904564,0.417898965498704,0.347855017375043,0.727949068875327,0.90005972125804
BSU_01920,skfB,126.627955132795,0.370735576158314,0.339779214927811,1.09110728340779,0.275225678354554,0.594291584619355
BSU_01935,skfC,176.927575504476,0.0407158888276798,0.291997947955579,0.139438955351405,0.889103291104735,0.962984110483264
BSU_01950,skfE,216.968134878121,-0.145258589495823,0.286018493327075,-0.507864326554974,0.61154849391435,0.837259745451773
BSU_01960,skfF,196.029786905369,-0.287975738151292,0.302254735618592,-0.952758399506704,0.340712496458301,0.653760943255378
BSU_01970,skfG,96.7520676211935,-0.229242191852044,0.383143437858689,-0.598319504395618,0.549626764752147,0.800056225910199
BSU_01980,skfH,166.919859127429,0.448449333653524,0.325135819880002,1.37926769747804,0.167812232214734,0.465121124213843
BSU_01990,ybdG,181.045307661806,-0.0207388614589064,0.252865242112504,-0.0820154691314965,0.934634412309871,0.976459704427008
BSU_02000,ybdJ,133.286339220969,-0.242049193171832,0.298501980447053,-0.810879689338494,0.417434765184717,0.713414615685913
BSU_02010,ybdK,225.464651216577,0.202190673108601,0.286175464419613,0.706526932763644,0.479860509864916,0.757683874550735
BSU_02019,ybzI,446.894250129601,0.547846418694451,0.279385232970939,1.96089969705534,0.049890724683469,0.232440448662346
BSU_02030,ybdM,147.495493866597,-0.106369047290315,0.26537578414265,-0.400824241118916,0.688549530129241,0.880734184179937
BSU_02040,ybdN,147.132073016758,-0.34504474929578,0.324187726563633,-1.06433625033628,0.287176401764246,0.60556453156143
BSU_02050,ybdO,642.307497130123,0.316177511209048,0.302989626950966,1.04352586057415,0.296704810036807,0.614945453605658
BSU_02060,ybxG,642.777978930687,-0.549967308675593,0.191839605863858,-2.86680795761166,0.0041463453339653,0.0450636736980367
BSU_02070,csgA,2.08746997763031,0.963668206829531,3.0603669463758,0.314886490318014,0.752847839383205,
BSU_02080,ybxH,0.24865318733876,1.32115696312394,3.51397688697071,0.375972012799114,0.706937702680532,
BSU_02090,ybxI,303.418469350508,0.411652119787617,0.361301731614044,1.13935828081599,0.254553749132535,0.571523907106224
BSU_02100,cypC,57.2782783658223,0.41862396112428,0.531106116115993,0.788211523877186,0.43057298956582,0.722370570162217
BSU_02110,ybyB,290.931078132505,0.55884338356333,0.535580700398593,1.04343450603695,0.296747099212132,0.614945453605658
BSU_02120,ybeC,3263.76701228262,-0.273149285166523,0.225280359563004,-1.21248601385569,0.225326393178213,0.537242967284544
BSU_02130,glpQA,9394.88984314491,0.429676901096659,0.279959013270981,1.53478502469489,0.12483664246035,0.395254019235489
BSU_02140,glpT,8626.10531984397,0.269103699631315,0.235727282948402,1.1415891120682,0.253624851875565,0.570790251916988
BSU_02150,ybeF,6.00545788426385,-0.151286850886304,1.61062728849497,-0.0939303909520074,0.925164452068524,0.97433381789569
BSU_02160,ybfA,75.0752439996414,-0.337687385037256,0.381746913920248,-0.884584453007007,0.376380794864734,0.676212261048733
BSU_02170,ybfB,168.172888793945,-0.684770612303127,0.293425342982571,-2.3337132551083,0.0196107415532569,0.122718764152855
BSU_02190,ybfF,440.054190626132,0.234284132769479,0.25796395020381,0.908204935551568,0.363769956955631,0.66767107866284
BSU_02200,ybfG,1267.30322432664,-0.689344489873073,0.256974365260936,-2.68254185265951,0.0073065008790344,0.0654885539574098
BSU_02210,ybfH,95.0602198653887,-0.303694692026742,0.437189495330748,-0.694652308141548,0.487273222769773,0.762880728097674
BSU_02220,ybfI,103.180066406127,0.165801185704654,0.349242881932253,0.474744638422771,0.634968997051292,0.850294128103039
BSU_02230,purT,4668.36108158904,0.562680899967384,0.237287023956834,2.37130918743262,0.0177251963832071,0.115802417607405
BSU_02240,mpr,725.343153675638,-0.047870307998953,0.271578589347957,-0.176266870351918,0.860084288118528,0.952188155345395
BSU_02250,ybfJ,321.063220546826,-0.0554148673876027,0.258876413277151,-0.214059159295736,0.830500923740861,0.943296847420234
BSU_02260,cesB,838.657208890754,-0.343588390288914,0.219792561159718,-1.56323939480025,0.117996297266118,0.381430678737161
BSU_02270,pssA,644.155944606354,-0.475202174236379,0.208576057543419,-2.27831602453918,0.0227077555953471,0.135512996523357
BSU_02280,ybfM,320.280267569737,-0.859427857135895,0.241280734937272,-3.5619414760127,0.0003681224549799,0.0075929723845134
BSU_02290,psd,941.006217950904,-0.313981168565629,0.23130364438311,-1.35744151114878,0.17464096594471,0.473837644307596
BSU_02300,ybfN,55.2334171999937,-0.207781213929217,0.398846477374702,-0.520955369336293,0.602397862448048,0.832375280765305
BSU_02310,ybfO,124.375154878166,0.0935926374253758,0.437891678912947,0.213734678991199,0.830753966260561,0.943296847420234
BSU_02320,ybfP,144.033941293577,0.191896926851042,0.297123741437048,0.645848513898376,0.518377465819001,0.785235597955414
BSU_02330,ybfQ,1547.41051427266,0.0422726926611422,0.233889377501362,0.180737975844568,0.856573249223192,0.950918454494557
BSU_02340,gltP,169.804624588387,-0.0977479842370867,0.433273541776543,-0.225603400189849,0.821509896059627,0.940861333789045
BSU_02350,gamP,1834.30544370623,-0.471390591344553,0.210476557855133,-2.23963464695675,0.0251146514933594,0.146732293962248
BSU_02360,gamA,954.185537309987,-0.135634504065573,0.232959943651667,-0.58222242819727,0.560416868114369,0.808208222921033
BSU_02370,gamR,274.811314396239,0.127738118677277,0.278951880123419,0.457921698254053,0.647008697367751,0.857525960521608
BSU_02380,ybgB,98.5019265442325,-0.441001194984722,0.35730436887511,-1.23424517974161,0.21711155674023,0.525645016859964
BSU_02390,ilvE,301.222546575432,-0.48909282985051,0.315568923533423,-1.5498764085327,0.121171183022531,0.388864317721097
BSU_02400,ybgF,650.961627864754,-0.606272090139382,0.357169903506523,-1.69743330607448,0.0896147702090021,0.323786699505144
BSU_02410,ybgG,524.815280915327,0.742244022637223,0.327085804232608,2.2692639455223,0.0232522796792825,0.137794890316975
BSU_02420,glnT,24.2099241158084,1.91544058381619,0.878508600268132,2.1803321939382,0.0292328463182389,0.163865915575458
BSU_02430,glsA,4.50909954768876,-0.256417208210542,1.49311777294309,-0.17173274128612,0.863647644371302,0.952905437791136
BSU_02440,glnJ,177.631206946554,-0.233131921011309,0.361301653891934,-0.645255615356356,0.518761550555567,0.78549540842811
BSU_02450,glnL,234.645452257763,-0.076608825135467,0.247962061644207,-0.308953815867972,0.757356658791634,0.915033723717064
BSU_02460,kdgD,60.6405202550134,-0.186909699081271,0.403149349767,-0.463623962656261,0.642917183096392,0.855277116774129
BSU_02470,gucD,82.2878004570758,-0.269182166309096,0.329503089110766,-0.816933665282292,0.413966337657127,0.710747059918578
BSU_02480,gudP,81.621334855709,0.13914081989723,0.334428789278745,0.416055149430501,0.677369648203898,0.87446020227865
BSU_02490,gudD,111.197461873379,0.273342371586176,0.436625707674218,0.62603361822691,0.531292890976695,0.790034754652159
BSU_02500,garR,482.919389727765,0.77575877749281,0.291963800657813,2.65703753597184,0.007883066528662,0.068778541437957
BSU_02510,garD,318.052325142326,0.172731630600232,0.298170938700207,0.579304044026582,0.562384037286541,0.808788193427055
BSU_02520,ycbJ,789.382454435492,-0.181730563513113,0.208191066427555,-0.872902793724585,0.382716063408738,0.681828324286679
BSU_misc_RNA_6,tboW,662.41449135881,0.494263595692691,0.31241293915111,1.58208426653424,0.11363033484804,0.373696047035078
BSU_02530,rtpA,12.5167035801611,-0.0183477580199693,0.744019392447726,-0.0246603223063953,0.980325903660453,0.99028281937627
BSU_02540,ycbK,61.0206071177631,0.344758426256229,0.378335039675108,0.911251642333438,0.362162799497755,0.666448564342122
BSU_02550,ycbL,155.70066171129,-0.300280492349017,0.29834610102389,-1.00648371578676,0.314182941082079,0.629952031777842
BSU_02560,ycbM,271.844062354609,-0.285935109644879,0.322012879941294,-0.88796171661521,0.374561344690808,0.674627378419349
BSU_02570,ycbN,375.687082136754,-0.0671838480650585,0.242467835793054,-0.277083547371618,0.781715954716032,0.924899608554102
BSU_02580,ycbO,258.189061438193,0.267739688019973,0.351892624025637,0.760856209365918,0.446742956712808,0.731819084939409
BSU_02585,BSU_02585,0.564370120544038,-0.237575743217647,3.47837058334076,-0.0683008717804502,0.945546130171018,
BSU_02590,ycbP,53.4210743416314,0.0169935634807826,0.776610921971205,0.0218816951964174,0.982542326397032,0.99164426243729
BSU_02600,cwlJ,23.9926755630115,-0.555615666213822,0.701099912382295,-0.792491421551992,0.428074191763302,0.721208263601217
BSU_02610,ycbR,208.176655868762,0.12208262906395,0.284159498354258,0.429627127620246,0.667466900441682,0.867687992677256
BSU_02619,yczK,0.673529675896138,0.451417609720939,3.1459830276117,0.143490160550433,0.885903081582133,
BSU_02620,phoD,22.8925447040491,0.259083763527831,0.687562138606618,0.376815052749819,0.706311053461894,0.890274596902874
BSU_02630,tatAD,2.5576930529453,-0.033415381665725,2.15564037193,-0.0155013712402349,0.987632190533457,
BSU_02640,tatCD,5.82699822566554,-0.196283851088479,1.22695459338263,-0.15997645890655,0.87289961843587,0.958494071384282
BSU_02650,pcp,178.2379363491,-0.125326597411453,0.25865653338076,-0.484529022999638,0.628010471987765,0.847226694177138
BSU_02660,ycbU,181.569238298291,0.277043479066662,0.385738851942224,0.718215128374358,0.472624651370942,0.751003045503041
BSU_02670,lmrB,270.50831478881,0.383042143755601,0.280082438080836,1.36760500365628,0.171435749396205,0.468473512126552
BSU_02680,lmrA,180.786860285521,0.14172578934306,0.26944525613461,0.525991035716198,0.59889443538476,0.830575604098904
BSU_02690,ansZ,47.4341323391599,0.0691075480583998,0.447954222191203,0.154273683860719,0.877393946125415,0.960341802443814
BSU_02700,estA,314.21338478518,1.36147367464552,0.362942323762506,3.75121220510071,0.000175981674045,0.0043985066648088
BSU_02710,yczC,18.8238659060276,0.479977901083365,0.934814092704142,0.513447438190549,0.607638369340155,0.83609308009272
BSU_02720,yccF,1507.91058494522,0.0140786350607198,0.178643055008089,0.0788087455181635,0.937184747768317,0.977441824562488
BSU_02730,natK,190.744342622197,-0.127158439782223,0.255057357001596,-0.498548409961873,0.61809755714561,0.841062459010091
BSU_02740,natR,171.939248313114,0.15152381167044,0.435483388234535,0.34794395323487,0.727882275289528,0.90005972125804
BSU_02750,natA,105.582964190194,-0.655957013228626,0.413530919532912,-1.58623450447076,0.112686123339137,0.372272561969347
BSU_02760,natB,136.238091212671,-0.390126012372701,0.350001255874198,-1.11464175006539,0.265003971802023,0.582515197199584
BSU_02770,yccK,626.599451359345,-0.621543782519066,0.286007422212465,-2.17317361105874,0.029767253119232,0.165551123695834
BSU_02780,ycdA,240.113602642506,-0.583539213085591,0.304427519667708,-1.91684120319524,0.0552581086177126,0.246629940668761
BSU_02785,BSU_02785,2.99269120685255,-1.93814443571654,1.77888010059608,-1.089530674421,0.275919935582809,0.595118683396628
BSU_02790,ycdB,329.58123394158,-0.297121398727526,0.270795355221648,-1.09721748544885,0.272546331289836,0.592904023442941
BSU_02800,ycdC,151.578724961193,0.284645407018282,0.294077142558778,0.967927682313457,0.333080488026084,0.648069537768091
BSU_02810,cwlK,78.5285516817062,0.272292724464534,0.384631915187312,0.707930657111306,0.478988320507042,0.756869235341919
BSU_02820,rapJ,1252.21992218755,0.162886555315237,0.236149230642401,0.689761109414306,0.490344429254791,0.765419526306501
BSU_02830,ycdF,62.0182181149736,1.11123228650878,0.752124409012159,1.47745808166002,0.13955288684298,0.422336336321809
BSU_02840,ycdG,155.731913232361,0.292518589844784,0.511208178340563,0.572210309299688,0.567179504034244,0.811702833493265
BSU_02850,znuA,1109.25402569282,0.254534542256921,0.226332343542197,1.12460525205257,0.260756347159691,0.577059228688295
BSU_02860,znuC,391.467814910666,0.153054600458898,0.222325432928974,0.68842596387879,0.491184578238346,0.765606483101516
BSU_02870,znuB,484.037963953309,0.226850432476102,0.240272274341098,0.944139031847088,0.345098605793513,0.653760943255378
BSU_02880,yceB,110.373538442277,0.466651593669566,0.326757808602845,1.42812683089313,0.153255356021762,0.446933430155435
BSU_02890,yceC,2478.56290521618,-0.117302680306299,0.222489500290834,-0.527227937286762,0.598035310217792,0.830575604098904
BSU_02900,yceD,2609.85106016722,-0.0556818499090169,0.195598153337282,-0.284674721918265,0.775893358658817,0.92195770359679
BSU_02910,yceE,2849.67341188571,-0.109375331369301,0.19091521747305,-0.572900017175115,0.566712392964755,0.811702833493265
BSU_02920,yceF,4246.258858152,-0.0626347087721604,0.175520625264279,-0.356850989323061,0.721203361957601,0.89733326060259
BSU_02930,yceG,2892.10776533262,0.834160404023413,0.224268037366351,3.71947966290345,0.0001996336199584,0.0049031401803664
BSU_02940,yceH,1906.16717996284,0.749383801951295,0.213816378993141,3.50480073360205,0.0004569491576026,0.0088576390966954
BSU_02950,niaP,193.495472396111,0.194875541785236,0.300069715095088,0.649434221389128,0.516057750506856,0.783677405969847
BSU_02960,yceJ,2.49778428564193,-1.2845947060677,1.98578409875637,-0.646895453978202,0.517699608224113,
BSU_02970,yceK,425.719740319707,0.294793345306034,0.252337577961002,1.16824988052946,0.242705985523841,0.559701741307485
BSU_02980,opuAA,729.537613479841,-0.261402795940413,0.287703628462962,-0.90858359116616,0.363569971288261,0.6675923975816
BSU_02990,opuAB,490.370071775953,-0.40567660916135,0.266747257505227,-1.52082766644152,0.128303089649315,0.402883487018923
BSU_03000,opuAC,790.505222588229,-0.305204622077187,0.268947518203766,-1.13481107435225,0.256454485167827,0.573504277201405
BSU_03010,amhX,414.583104434509,-0.097572683474323,0.337950551132866,-0.288718817434217,0.772796561437189,0.92157084692455
BSU_03020,ycgA,418.773324200089,0.219174147846455,0.287366075489187,0.762700146401596,0.445642243251451,0.731501540498905
BSU_03030,ycgB,353.484326269856,-0.131417021395361,0.279424742473431,-0.470312758390952,0.638131583555309,0.851160261060188
BSU_03040,amyE,4097.30653758803,0.132146259248259,0.257983335050909,0.512227889534734,0.608491526250698,0.836725079300717
BSU_03050,lctE,41.3225400711059,1.26372103138798,0.703187049316464,1.79713354023853,0.072314422180482,0.286345575596804
BSU_03060,lctP,57.9683408315576,0.100206088654883,0.451847462727286,0.221769727443093,0.824493146660302,0.942499698724676
BSU_03070,mdr,930.740072598881,0.095421155293082,0.195892012851992,0.487111005210704,0.626179667840823,0.847226694177138
BSU_03080,ycgE,140.03097797859,0.272988940350503,0.291743716536756,0.935714892478619,0.349420000827103,0.655523183093277
BSU_03090,ycgF,251.75217394444,0.318048205944501,0.271972811799241,1.16941176524391,0.242237771905538,0.559589904917029
BSU_03100,ycgG,285.868651784589,-0.0390929193717513,0.228820396251607,-0.170845431666701,0.864345304892369,0.953014354810325
BSU_03110,ycgH,7.59517873692927,0.360256605046161,1.05556421309225,0.341292931853759,0.732883068398413,0.902233558835482
BSU_03120,ycgI,2.58650133034936,-1.06160079385848,1.94947633118184,-0.544556903245343,0.586058302125456,
BSU_03130,nadE,5619.47336228231,0.0719048848555193,0.242712239170148,0.296255702231447,0.767034812726842,0.919267174118402
BSU_03140,tmrB,213.58498171057,-0.0349981311201789,0.291420831484132,-0.120094815946898,0.90440803894558,0.969504846867611
BSU_03150,aroK,348.297093801907,0.126494494583475,0.30659009425056,0.412585067018171,0.679910643871509,0.876588486832641
BSU_03160,ycgJ,22.5395961316116,0.45106589440828,0.583893192380532,0.772514391834721,0.439809826306361,0.728541045178567
BSU_03170,ycgK,173.339202501472,0.286870120194573,0.304247116886457,0.942885254362594,0.345739598013113,0.653760943255378
BSU_03180,cah,481.714445409496,-0.232449396892012,0.368544237716529,-0.630723188977938,0.528221534117138,0.788324209908911
BSU_03190,ycgL,304.143626715589,-0.244748132347579,0.336745686380899,-0.726804060886292,0.467345995062699,0.747648016950831
BSU_03200,putB,12101.3748050616,-1.19125125335722,0.409543522571147,-2.9087293235123,0.0036290091127969,0.0415624251220334
BSU_03210,putC,25735.5151881178,-1.25607015453037,0.411542177654676,-3.05210552582618,0.0022724219720072,0.0284823627110874
BSU_03220,putP,12874.9893909592,-0.88458992186465,0.351139391106089,-2.51919876912183,0.0117622236133628,0.0877860647571847
BSU_03230,putR,903.61795916784,-0.222315698594065,0.255403293088432,-0.870449616783485,0.384054741702058,0.683080440345675
BSU_03240,ycgQ,231.928665960174,0.382872230597532,0.267197947922585,1.43291605932715,0.151881827262669,0.444246236438535
BSU_03250,ycgR,114.844534194466,-0.283182463347941,0.366344378812296,-0.772995246347252,0.439525193943165,0.728541045178567
BSU_03260,ycgS,64.3307446594248,-0.548982314407687,0.58290858396776,-0.941798301666544,0.346295914857991,0.653760943255378
BSU_03270,ffoR,974.458536757066,-1.40214715654674,0.257305031521813,-5.44935770689689,5.05520492008142e-08,3.98577559939349e-06
BSU_03280,nasF,820.433181613416,0.237109739181172,0.200212178360306,1.18429228992487,0.236297379805068,0.55377295463678
BSU_03290,nasE,131.155288658818,0.606258124641222,0.291870683501117,2.07714634909163,0.0377880538562614,0.193009776960686
BSU_03300,nasD,249.541918309025,0.665789308260566,0.231258400384497,2.87898431863926,0.0039895817122517,0.0439164059465221
BSU_03310,nasC,22.5699249704267,-0.0858327518234899,0.653162537339801,-0.131411014742317,0.895450175721159,0.965486481599579
BSU_03320,nasB,11.1148919970729,-0.215781884599077,1.04546145448099,-0.20639869951609,0.836479486598892,0.944977178059926
BSU_03330,nasA,63.4793679868633,0.854334047830957,0.373481833586024,2.28748488146794,0.0221675368914123,0.133036531428829
BSU_03340,folEB,6.64710642068202,1.34054585442672,1.15514031626261,1.16050477639286,0.245843350206525,0.56290922852685
BSU_03350,yciB,4.56099195369213,0.242874853335915,1.60926035472408,0.150923281383861,0.880036234956575,0.960546209177221
BSU_03359,yczL,3.10303248535524,-1.21666769829107,2.05015452536353,-0.593451704853969,0.552878894794163,0.802590510413528
BSU_03360,zinU,7.38809575555819,0.275734835315549,1.458177068761,0.189095577774953,0.850017907386714,0.949954257886941
BSU_03370,yckA,488.639891804296,0.598005287405003,0.293884288128627,2.03483245468117,0.0418677342710652,0.205422636163691
BSU_03380,yckB,876.870824151787,0.208987166350954,0.223857849499956,0.933570865697944,0.350525299622552,0.656645548906573
BSU_03385,BSU_03385,2.24216729391843,2.25652173094961,1.90585119425623,1.18399680822417,0.236414326285813,
BSU_03390,yckC,455.313907705225,0.272798683576057,0.283025940710916,0.963864594499114,0.335113816629041,0.648825722650264
BSU_03400,yckD,4.43524904780628,1.27209430669268,1.65841207396956,0.767055623062251,0.443048445057163,0.729373437833354
BSU_03410,bglC,74.6693929272245,0.0358618277921976,0.349093044564718,0.102728565780832,0.918178401365137,0.973756996068242
BSU_03420,nin,542.660604735424,1.4938712019818,0.206526082703539,7.23332947793426,4.71294121225452e-13,1.32151352772564e-10
BSU_03430,nucA,736.037004663261,1.42596212910408,0.239008449248836,5.96615782239352,2.4290534741067e-09,2.64642261832804e-07
BSU_03440,tlpC,562.635428640131,0.323122180951983,0.295316169776028,1.09415675137952,0.273886235831732,0.593746232678075
BSU_03450,hxlB,15.4379869508973,-0.654068431223685,0.845592007802899,-0.773503563406601,0.439224420678481,0.728541045178567
BSU_03460,hxlA,43.9857238078528,-0.124584712524388,0.476224616037993,-0.261609140579261,0.793622796227877,0.931262982925228
BSU_03470,hxlR,100.036998458026,0.148711997568306,0.365462900357007,0.406914073694033,0.684071098978313,0.877982636867642
BSU_03480,srfAA,75130.7866506336,0.323897701358605,0.288290884612719,1.12351003325589,0.261220941809757,0.577786455882174
BSU_03490,srfAB,78209.4205471018,0.601225889788584,0.255384836552039,2.3541957224468,0.0185628342306115,0.119505276736164
BSU_03500,comS,0.0,,,,,
BSU_03510,srfAC,24817.4014064647,0.752295894691327,0.211072161667644,3.56416444853538,0.0003650170678011,0.0075656464443279
BSU_03520,srfAD,3529.24960256922,1.03244715221605,0.242723478173514,4.25359408980617,2.1036648581339e-05,0.0007511320993454
BSU_03530,srfT,255.434391600315,0.288270454789564,0.269773549871598,1.06856456063528,0.285265924719116,0.604326431814974
BSU_03540,ycxB,149.254243202172,0.212329603795897,0.284250828861492,0.746979717337464,0.455075804126723,0.739998887001319
BSU_03550,ycxC,46.6532599286739,-0.539965136838644,0.442172952158627,-1.22116274684512,0.222024406064432,0.532593437140863
BSU_03560,ycxD,85.2507725259927,0.454034913975753,0.363682477012345,1.24843769682184,0.211870811217677,0.518272352828963
BSU_03580,yczE,341.960210980969,0.260784899811523,0.241717552001193,1.07888276069516,0.280639994830109,0.600725107321477
BSU_03590,tcyC,937.839638402333,0.16802489080762,0.261152045933783,0.643398715130969,0.519965416943677,0.78549540842811
BSU_03600,tcyB,908.398159576759,0.248846327986366,0.263743459219228,0.943516585105232,0.345416736157683,0.653760943255378
BSU_03610,tcyA,3165.72315224668,0.26845534187288,0.244115461806274,1.09970642533869,0.271460054304737,0.591201317652909
BSU_03620,bsdA,54.9193337585269,0.238886685824374,0.520603166427265,0.458865218711168,0.646330956927335,0.85740250889299
BSU_03630,ubiX,19.3032536899099,1.34050147293069,0.780507717912963,1.71747369329687,0.0858926570131525,0.315755438106517
BSU_03640,bsdC,53.519545072091,1.17733908301475,0.847475394629769,1.38923099180843,0.164762520441645,0.462096336208945
BSU_03651,bsdD,7.03072771048749,-0.808604749467856,1.22433723759976,-0.660442829504295,0.508969694957261,0.779354818445824
BSU_03652,yclD,20.914632767384,0.550151009506793,0.985049611199002,0.558500813819062,0.576502448953211,0.816132786996299
BSU_03660,yclE,210.652964565179,0.350672200727204,0.297799614446236,1.17754417304833,0.23897837735657,0.555939792517741
BSU_03670,dtpT,744.12226258052,-0.799361400500984,0.261884171101129,-3.05234713934774,0.0022705934549151,0.0284823627110874
BSU_03680,yclG,36.2167305671117,0.166966457594971,0.638173553227484,0.261631740692729,0.793605370618163,0.931262982925228
BSU_03690,yczF,4.21859891586084,-1.12333418768228,1.53666509542909,-0.731020826218878,0.464766432203404,0.744642749031774
BSU_03700,gerKA,21.3451455734623,-0.0318999107078749,0.597158340206944,-0.0534195180072676,0.957397654293881,0.984268723226397
BSU_03710,gerKC,35.4692094334793,0.510027603157154,0.526039652546199,0.969561136101543,0.332265292726563,0.648069537768091
BSU_03720,gerKB,38.7963194891673,0.161056225188723,0.479505329910329,0.335879947817976,0.736961398828758,0.902678712164002
BSU_03730,yclH,11.4424898252619,0.573661370945275,0.910159182165414,0.630286857712563,0.528506919956836,0.788324209908911
BSU_03740,yclI,9.17595048858907,1.14063925857675,1.26846210842616,0.899230060558916,0.368530131706405,0.671189254016508
BSU_03750,yclJ,253.644265813275,0.0443607327968625,0.280333082659783,0.158242945769977,0.874265364219136,0.958878009875813
BSU_03760,yclK,656.138178853802,0.184274762417901,0.282329935536772,0.65269296388126,0.513954239463632,0.78191669587819
BSU_03770,rapC,2116.0067582234,-0.0343946657818671,0.279051881211363,-0.123255452113636,0.901904815839147,0.968688189031833
BSU_03780,phrC,661.52887268779,-0.191097879726146,0.353003035900992,-0.541349111172357,0.588266975900779,0.824241140062643
BSU_03788,yczM,52.8261388061875,1.6707800084205,0.734518528926258,2.27466012445309,0.0229263263109377,0.136447315571432
BSU_03789,yczN,15.4882143948076,-0.15647770831954,0.687383232299299,-0.227642603087831,0.819924096893896,0.939686609127246
BSU_03790,thrD,1237.3092294646,-0.198366647099226,0.253549810721695,-0.782357701370796,0.434004384985635,0.723826766374823
BSU_03800,pbtN,2271.26584462666,-1.2834940934175,0.29785248069524,-4.30916032803084,1.63875539324436e-05,0.0006042867403197
BSU_03810,pbtO,1705.06490649304,-1.35140438806906,0.305218221364836,-4.427666153174,9.525818800161e-06,0.0003818415479423
BSU_03820,pbtP,2184.12591947327,-1.23052461703092,0.288108735593722,-4.27104237049636,1.94561435253937e-05,0.0007020505571786
BSU_03830,pbtQ,4677.94906182393,-1.09900933498475,0.261955150063748,-4.19541030102785,2.72378066041092e-05,0.0009486347562365
BSU_03840,ycnB,224.10344891107,0.245756361135322,0.297035288852035,0.827364189908569,0.408030671189624,0.707641764034576
BSU_03850,ycnC,223.85156739502,0.196716156658606,0.34044882674926,0.577814171183756,0.563389586668893,0.809551015812014
BSU_03860,nfrAB,523.03289172583,0.0784915927362708,0.204994380143918,0.382896314919292,0.701796643805849,0.888802962602401
BSU_03870,ycnE,138.060138872712,0.0815115924579368,0.318421450014725,0.255986499823324,0.797961261672501,0.932576862965142
BSU_03880,yczG,848.658165125863,0.221498148879556,0.297802650347255,0.743774941630898,0.457012642387519,0.740445065066274
BSU_03890,gabR,145.374895646514,-0.829332063247094,0.43389106235936,-1.91138314474019,0.0559553611496264,0.247660759921628
BSU_03900,gabT,39.7994909224239,0.128771050496762,0.696113433589561,0.184985728306872,0.85324022954662,0.950737803667164
BSU_03910,gabD,1380.39332893012,-0.110133007607574,0.280342523197723,-0.39285159579554,0.694429094055918,0.884481181248081
BSU_03920,glcU,0.105420635081923,-0.656391194610377,3.52836793483088,-0.186032524593226,0.852419255572851,
BSU_03930,gdh,4.26610062134245,0.782796925962119,1.4537426392602,0.538470087360497,0.590252550806887,0.824501521724817
BSU_03940,cutI,839.356762087374,-0.0253077892617861,0.23045881052695,-0.109814804666913,0.912556249631176,0.972315111463014
BSU_03950,cutJ,1876.44627306888,-0.156165272636662,0.271207302927071,-0.575815145651353,0.564740135145881,0.810121821146133
BSU_03960,cutR,980.280184183574,-0.11586757862902,0.264788785805995,-0.43758491612977,0.661687207542941,0.863237528551292
BSU_03970,ycnL,157.031263643577,-0.535587644207261,0.289039255499295,-1.85299274758396,0.0638833981604794,0.265857550229066
BSU_03981,mtlA,1236.36446431822,-0.170894585517223,0.359643395799423,-0.475177877623346,0.634660193738907,0.850294128103039
BSU_03982,mtlF,457.873044646793,-0.620825411401425,0.48012435276257,-1.29305128521243,0.195993322089377,0.502357856815303
BSU_03990,mtlD,1396.57197616479,-0.270177207133401,0.277136813613968,-0.974887470236051,0.329616081999818,0.645466919088622
BSU_04000,ycsA,3086.06891760396,0.209664553080303,0.282305651626111,0.742686346775604,0.457671597719057,0.740445065066274
BSU_04010,sipU,755.496749414655,0.0947301450868122,0.254976092152329,0.371525597898872,0.710246093735116,0.892919278081531
BSU_04020,yczH,410.863890270509,0.600024618421912,0.235936569194555,2.54316073371029,0.0109854681590123,0.084713709995723
BSU_04030,ycsD,430.279146898599,-0.323352505981909,0.219236786883572,-1.47490077088946,0.140239223063102,0.42335216485448
BSU_04039,yczO,12.0003162289144,0.536341282137579,1.11570468794446,0.480719753114706,0.630715690184109,0.849147961847997
BSU_04040,ribZ,1796.75937997381,0.143201358888939,0.224747202928362,0.637166367470141,0.524016482389187,0.78798884791929
BSU_04050,pxpA,497.801743473566,0.0021089623226115,0.201590937068578,0.0104615929330896,0.991653008773535,0.995401283788979
BSU_04060,pxpG,655.465489810503,0.0313944621850665,0.201819050802631,0.155557476165958,0.876381845904986,0.959728469909868
BSU_04070,pxpI,429.630683698596,-0.144419099075513,0.285274057225506,-0.506246871797918,0.612683354319304,0.837340486491709
BSU_04080,pxpB,465.539793278033,-0.143168598996471,0.248329030216655,-0.576527838374608,0.564258458898007,0.80997776751947
BSU_04090,pxpC,603.949876845916,-0.0508888674829945,0.202698279447545,-0.251057224667582,0.801769866681466,0.934734312122633
BSU_04100,pxpR,607.298608777536,0.125576087072838,0.198463096366939,0.632742758586512,0.526901642409189,0.78798884791929
BSU_04110,lipC,198.230779831246,-0.0890181350210108,0.299200287792624,-0.297520218572481,0.766069374282104,0.91913500436332
BSU_04120,yczI,560.879798655153,0.256226732475393,0.203208750322371,1.26090403129252,0.207343425604462,0.514899443658123
BSU_04130,yczJ,210.478572463249,0.161012293874212,0.342108619000166,0.470646703800625,0.637893049857589,0.851160261060188
BSU_04140,pbpC,4959.66039278097,-0.123702975186398,0.192634861645742,-0.642162971590727,0.520767372450456,0.78549540842811
BSU_04150,ycsN,3065.02878317688,-0.26442245114613,0.205956857400163,-1.28387301342617,0.199186391135279,0.503751853933211
BSU_04160,mtlR,2009.16265758742,0.787046806589832,0.229131301804052,3.43491613931866,0.000592737225542,0.011046230137404
BSU_04170,ydaB,248.670536181922,0.0541970372969152,0.281441684749878,0.192569332240464,0.847296264671279,0.949779828294263
BSU_04180,ydaC,10.7029753711639,3.06849666414524,1.18535413423419,2.58867504277756,0.0096345966059982,0.0792828087354976
BSU_04190,ydaD,29.0297278792516,0.400833808570466,1.03063067240159,0.388920899895631,0.697334661069187,0.886057109713809
BSU_04200,lyxE,21.6513987060865,0.119453096770892,1.13681788411498,0.105076721997461,0.916314930189553,0.973756996068242
BSU_04210,ydaF,145.381784262645,-0.145395569159267,0.287048476241068,-0.506519216068444,0.612492203314281,0.837340486491709
BSU_04220,ydaG,266.110036801976,-0.0184885337320706,0.309602189343038,-0.0597170639242005,0.952380980943015,0.983534038243775
BSU_misc_RNA_64,bsrC,0.705015035429393,-1.13290793835783,3.47702827150729,-0.325826496045922,0.744555630779042,
BSU_04230,amj,141.166251610792,-1.14968034700346,0.35042702965706,-3.28079813971136,0.0010351379903402,0.016052194602028
BSU_04240,ydzA,26.0396519791152,-0.29673644348337,0.700649089968977,-0.423516490254071,0.671918469821086,0.871483998250853
BSU_04250,lrpC,316.610968974142,-0.0349328452815015,0.302854052885452,-0.115345477297324,0.908171293216883,0.97175014476921
BSU_04260,topB,1895.73347485646,-0.0215228580604459,0.209193384530834,-0.102884984191618,0.918054255331032,0.973756996068242
BSU_04270,epsJ,213.117015291428,0.853199174273658,0.261416565446174,3.26375328517325,0.00109946860498,0.0165745010185176
BSU_04280,epsK,52.66750354197,1.16217838395035,0.416224594879516,2.79219055828923,0.0052352514845886,0.0524636404670211
BSU_04290,ydaL,134.36453236491,0.805444981055173,0.285918212175166,2.81704678735793,0.0048467464609149,0.0495518851888862
BSU_04300,ydaM,80.3684029068916,0.419363512386166,0.433777948276871,0.966770012288626,0.333659018609771,0.648069537768091
BSU_04310,ydaN,306.777724950036,0.81370462735148,0.249326571196475,3.26360974462791,0.0011000257206923,0.0165745010185176
BSU_misc_RNA_7,swaO,225.803681226176,0.0837567250488355,0.45421189451467,0.184400113824255,0.853699580530951,0.950817697949151
BSU_04320,kimA,870.008584216199,-0.118351835177052,0.26387748928854,-0.448510539857526,0.653784781262415,0.858728030696754
BSU_04330,nudT,21.9199237408868,0.303285027129838,0.650046230779324,0.4665591657477,0.640815307826807,0.853121267401795
BSU_04340,poxB,259.912200115829,0.232819000070418,0.48631197710562,0.478744121121764,0.632120673601292,0.849962260168319
BSU_04345,BSU_04345,44.1394634319551,0.237324539537429,0.528841444854981,0.448763125217063,0.653602542011249,0.858728030696754
BSU_04359,ydzK,379.139268692259,-0.456186406858312,0.220836689698305,-2.06571837080844,0.038855079630378,0.196120742445954
BSU_04360,mntH,403.437519294705,0.0568193577139696,0.231123488358274,0.245839824059299,0.805806227742567,0.936113218638999
BSU_04370,ydaS,73.1409309109785,-0.211099548245234,0.889994154287815,-0.237192061575009,0.812507794563657,0.937320973983234
BSU_04380,ydaT,17.872718726315,-0.433743707324296,0.972871310643351,-0.445838727670431,0.655713744733039,0.859120475291607
BSU_04390,ydbA,466.687580028076,0.0791309409036619,0.272245227304674,0.290660525758658,0.771310964579712,0.921366401039976
BSU_04400,gsiB,515.037378394837,-0.5181664459775,1.18304202977887,-0.437994959548779,0.661389937286031,0.863237528551292
BSU_04410,ydbB,82.0178437828803,0.0471288113751924,0.429072770274869,0.109838737482691,0.912537268825332,0.972315111463014
BSU_04420,ydbC,174.30348795022,-0.583709273446344,0.329655904040899,-1.77066227630471,0.0766168791653969,0.294610967940065
BSU_04430,ydbD,360.01918543103,-0.214503572162027,0.336004589022798,-0.638394769505583,0.52321673490839,0.787321840781294
BSU_04440,dctB,375.291517106154,-0.023666731294692,0.237774959169093,-0.0995341619546301,0.920714165244414,0.973756996068242
BSU_04450,dctS,386.153080649573,-0.111516840875548,0.211907548920407,-0.526252327695195,0.598712900995394,0.830575604098904
BSU_04460,dctR,180.417061373216,0.0147411789317431,0.265867415109475,0.0554456021836042,0.955783466400143,0.984233451503636
BSU_04470,dctP,12672.4989512874,0.135823843777454,0.200636132447761,0.676966018634842,0.498427514974396,0.771237622405756
BSU_04480,ydbI,681.413282530904,-0.448954495275667,0.202351374475354,-2.21868764884693,0.0265079818845155,0.153033172591449
BSU_04490,ydbJ,547.182974055952,-0.150431350219963,0.220624621360216,-0.681842984216855,0.495338241026465,0.768135834350894
BSU_04500,ydbK,495.779473590423,-0.118881826507838,0.204857659978234,-0.580314285150329,0.56170269581768,0.808494158038389
BSU_04510,ydbL,363.364529434118,-0.0715985401615933,0.249276007039149,-0.287225958936147,0.773939310994878,0.92157084692455
BSU_04520,ydbM,811.765423926699,0.0551296513906344,0.332454605969519,0.165826101972216,0.8682938041027,0.954808585308585
BSU_04530,fbpB,231.35682760989,-2.32110859651802,0.590574290233038,-3.9302567600803,8.48551983782638e-05,0.0024361468777651
BSU_04536,fbpA,1.68591268348484,2.2406659120707,3.24759785478662,0.689945618965167,0.490228386228006,
BSU_04540,ydbO,288.561239252838,-1.71122755918784,0.252753096607383,-6.77035249877075,1.2846900093324399e-11,2.59935611888263e-09
BSU_04550,ydbP,749.349790122141,0.306598747292274,0.206171398809051,1.48710611201816,0.136986787527655,0.419366656282717
BSU_04560,ddlA,3535.67301947073,-0.394562423512992,0.210657151448498,-1.87300749487945,0.0610673500382268,0.260172289181612
BSU_04570,murF,1351.47260981626,-0.971339736960058,0.215882264546699,-4.49939571923447,6.8146898711902e-06,0.0002866892798285
BSU_04580,cshA,8452.11934277353,-0.313207608863588,0.211907350199675,-1.47804032549348,0.13939698499532,0.422165209725668
BSU_04590,ydbS,329.633445548033,-0.112489759918332,0.27003453507346,-0.416575457238203,0.676988964066162,0.87446020227865
BSU_04600,ydbT,1533.95002577712,0.0935968203962205,0.210840604919711,0.443922177285835,0.657098849958054,0.860404626647696
BSU_04610,ydcA,189.784625093483,0.368354812369141,0.365752613383892,1.00711464221998,0.313879685600945,0.629952031777842
BSU_04620,acpS,124.807673071153,0.597948588551252,0.424635380433565,1.40814594379943,0.159087858974748,0.453500793839123
BSU_04630,ydcC,508.857460592671,-0.0598433756887402,0.250992277670191,-0.238427158971701,0.811549804896857,0.936779950872458
BSU_04640,alrA,1136.33500589784,-0.107518681346905,0.214535981467176,-0.501168524792917,0.616252523830067,0.840116012720319
BSU_04650,ndoAI,2371.55791716498,-0.403881266188174,0.228730104578887,-1.76575473933244,0.0774370048297596,0.296722331421746
BSU_04660,ndoA,4280.44406782335,-0.212717710346146,0.214186376140068,-0.993143047562644,0.3206402482025,0.63633835339207
BSU_04670,rsbRA,1200.63914640764,-0.464092339948286,0.191556515747903,-2.42274369073956,0.0154037905162895,0.105395661680699
BSU_04680,rsbS,720.61651815254,-0.56269188118577,0.20006997084136,-2.8124754495613,0.0049161776220003,0.0499732983633484
BSU_04690,rsbT,748.133318254895,-0.556990811549827,0.201876486273838,-2.75906729818098,0.0057966596169737,0.0561881882503825
BSU_04700,rsbU,1733.0517437126,-0.204407050317631,0.220311136365713,-0.927810793814426,0.353505724022526,0.658214645649305
BSU_04710,rsbV,632.584981367579,-0.571889065316627,0.248972724759398,-2.29699484499472,0.0216190638087997,0.132171801616676
BSU_04720,rsbW,1029.23850948096,-0.611370738553825,0.228372917048734,-2.67707198583167,0.0074268676300372,0.065880502213003
BSU_04730,sigB,1190.02615605057,-0.48263089955376,0.238295493019654,-2.02534631871512,0.0428318154783311,0.208946479870756
BSU_04740,rsbX,894.826718137469,-0.218704365204756,0.27885430809441,-0.784296167770557,0.432866347598526,0.723046682128537
BSU_04745,BSU_04745,1.03247926498869,-1.09964900192577,3.434046109195,-0.320219637989529,0.748801837400214,
BSU_04750,ydcF,19.1309276784958,0.381836660382161,0.702509641467668,0.543532270367757,0.586763378422382,0.824241140062643
BSU_04760,ydcG,127.908763685238,0.0092534840891511,0.308168212770327,0.0300273801959179,0.976045216773745,0.98909703747512
BSU_04770,ydcH,145.918478436189,-0.0570448062684015,0.29165329510517,-0.195591159866139,0.84493018004479,0.948509467638127
BSU_04780,tex,1365.43337496656,-0.263195010922164,0.20166277571131,-1.30512440877508,0.191850488501081,0.495545729873006
BSU_04785,cmpA,2.60433704561477,2.31206415450971,3.12705095480897,0.739375273355901,0.459679152678381,0.740681349916739
BSU_04790,ydcK,299.395473393431,0.239944578323052,0.305830154504322,0.784568083915549,0.432706848942753,0.723046682128537
BSU_tRNA_45,trnS-Asn,35.3977014996894,0.292624132614409,0.520001221790368,0.562737394360156,0.573613716777575,0.816112908708471
BSU_tRNA_46,trnS-Ser,532.542446114901,0.0180095715396524,0.258829559149061,0.0695808144898963,0.944527307742852,0.980526882628727
BSU_tRNA_47,trnS-Glu,871.670704980628,0.178927759729614,0.2363892320958,0.756920093793025,0.449097736235328,0.733647166960365
BSU_tRNA_48,trnS-Gln,210.942943205725,-0.317365998615271,0.281707498806571,-1.12657987437241,0.259920152184226,0.577059228688295
BSU_tRNA_49,trnS-Lys,61.4524257542673,-0.95038745034732,0.457398230566101,-2.07781182094008,0.0377266946408828,0.193009776960686
BSU_tRNA_50,trnS-Leu1,2571.579579316,0.361608499740241,0.184268414932957,1.96240088064906,0.0497158303250746,0.232134684671695
BSU_tRNA_51,trnS-Leu2,1129.12239113212,0.0752279957856588,0.198971621594846,0.378084046270885,0.705368159460331,0.890164118498039
BSU_04800,ydcL,647.314345237765,0.471658894031984,0.283510505835495,1.66363815211018,0.0961847627659154,0.338038922243486
BSU_04810,immA,410.693431251291,0.200573388035712,0.299547674010972,0.669587532929283,0.503120763665908,0.774947618448785
BSU_04820,immR,343.921226392263,0.350612344091675,0.278278729273846,1.25993224493507,0.207693805405693,0.515172784103205
BSU_04830,xis,17.4362595998151,2.18382115371972,1.21933046236333,1.79100024245026,0.0732932560940591,0.28702584805867
BSU_04839,ydzL,36.2181092861677,2.1952903969374,0.725926592017841,3.02412175153303,0.0024935606600136,0.0305335424910601
BSU_04840,ydcO,38.3591761474112,2.43706415455583,0.908715769067951,2.68187725745694,0.0073210315673734,0.0654885539574098
BSU_misc_RNA_65,sncO,0.145473399974141,0.715770211585285,3.53022012196584,0.202755122019615,0.839326436721422,
BSU_04849,BSU_04849,21.1496012367465,2.00506445234261,0.95437268549128,2.10092397113237,0.0356476407948006,0.185871612474992
BSU_04850,helP,28.0019393157891,2.47392825132995,2.12312666157746,1.16522876194859,0.243926406201073,0.560560819591432
BSU_04860,conQ,65.5261255212773,2.62955608321763,0.723901480460125,3.63247783599812,0.0002807126936803,0.0062447551594135
BSU_04870,nicK,40.0050979164448,3.44073657999605,0.787318753272842,4.37019512833029,1.24135558743275e-05,0.0004771090366272
BSU_04880,ydcS,13.2611701863604,4.57247858980493,1.273808110989,3.58961334156899,0.000331168816912,0.0070356815152957
BSU_04890,ydcT,16.050344449426,3.11839624510933,1.194163592233,2.61136436028681,0.0090181754217846,0.0755783577261595
BSU_04900,yddA,13.9586606378467,1.99768370376465,1.33001502363061,1.50200085583355,0.133096887802361,0.410398960193871
BSU_04910,conB,57.0731083196755,4.09771125180064,1.65700674483578,2.47295991073757,0.0133999173572968,0.0960988915884894
BSU_04920,conC,14.090280488133,3.53291430635719,1.20198816178378,2.93922554205047,0.0032903354052092,0.038514146382188
BSU_04930,conD,14.6331099850982,4.72250580233506,1.16624213106609,4.04933561954079,5.136324042559e-05,0.001652339883818
BSU_04940,conE,40.3398540472185,1.31717091320115,0.924123498953643,1.42531914261734,0.154064969132999,0.447451848151821
BSU_04950,yddF,3.91416397516234,0.185993474222551,2.88788105580978,0.0644048250700539,0.948647888155292,0.981925670346367
BSU_04960,conG,49.3867423581774,1.85843257700145,0.688948165789508,2.69749259709801,0.006986383811582,0.0640091421382031
BSU_04970,cwlT,9.57358369299099,2.75061608538026,1.24437784014053,2.21043480255934,0.0270750006733299,0.155881934413545
BSU_04980,yddI,6.63013213300503,4.52943881470529,1.4513289973733,3.12089045481964,0.0018030509275841,0.0240917087776888
BSU_04990,yddJ,258.657857568374,0.183270909855993,0.355727796429772,0.515199857012509,0.606413368948665,0.83521893181941
BSU_05000,yddK,1230.55731455747,-0.119411657321342,0.250091509588267,-0.477471856273463,0.633026156967297,0.850294128103039
BSU_05010,rapI,200.840767193745,-0.0420094668242714,0.303277654311757,-0.13851817378239,0.889830907465948,0.963039104896285
BSU_05020,phrI,56.9009680265115,-0.246682704712305,0.409586044489596,-0.60227321714466,0.546992285739519,0.798676788926909
BSU_05030,yddM,327.937093446297,0.465824508557181,0.282229430896249,1.65051712388005,0.0988372139132021,0.344228952391144
BSU_05040,yddN,198.108582889575,0.454644448618866,0.32047872023889,1.41864161302182,0.156003527422059,0.450311812511093
BSU_05050,lrpA,443.93742600083,-0.0196731334927717,0.277549861470639,-0.0708814387026919,0.943492115983221,0.98043987522032
BSU_05060,lrpB,41.5976546736658,0.726712448128352,0.462564138977524,1.57105228635906,0.116170504215585,0.378681582347236
BSU_05070,yddQ,163.41115646976,0.669932631401836,0.318747297245434,2.10176725321687,0.0355736690214305,0.185871612474992
BSU_05080,yddR,115.192058261053,0.737707475174991,0.326440164629867,2.25985511314589,0.0238302445475229,0.140521136522215
BSU_05090,yddS,180.035600876355,0.30336773291933,0.272111691347124,1.11486475063776,0.264908383965264,0.582515197199584
BSU_05099,ydzM,48.8927298433203,1.35054553301501,0.6300274157779,2.14362978370946,0.0320625623778875,0.173801579955518
BSU_05100,yddT,679.520817909581,0.824564707218413,0.315756974515973,2.61139032156739,0.0090174907604337,0.0755783577261595
BSU_05109,ydzN,78.2866529720187,0.577509486037262,0.457835828265002,1.26138989214927,0.207168408255915,0.514899443658123
BSU_05110,sufLC,83.9427340289665,-0.466620824760574,0.372514863537736,-1.25262337274041,0.210342804708832,0.517214454402679
BSU_05120,cspC,5275.02437149091,-0.396165928006778,0.28228052156754,-1.40344762651995,0.160483399290865,0.455202912941846
BSU_misc_RNA_66,sncZ,1.60483727959101,0.346719023076596,2.7795082831123,0.124741136834593,0.900728489246423,
BSU_05130,cdnL,139.683193689666,0.55011302484459,0.296724354463824,1.85395305969622,0.0637458758465273,0.265857550229066
BSU_05140,ydzE,39.9178195461635,-0.460060528396489,0.695041649360128,-0.661917927968823,0.508023821426339,0.778713281832798
BSU_05150,ydeC,103.330567559738,0.943810323996917,0.44829081554761,2.10535280060111,0.0352606091304057,0.185653442620934
BSU_05160,ydeD,134.079399443356,0.0095898151688144,0.297037990364464,0.032284810293282,0.974244922520981,0.988671286312789
BSU_05170,ydeE,169.148041158427,0.50117348619353,0.267639809221239,1.87256704319067,0.0611281958723605,0.260172289181612
BSU_05180,ydeF,288.841035900452,0.317018268069398,0.302487844432219,1.04803638858432,0.294621841893352,0.613952038354514
BSU_05190,ydeG,71.2963421884813,0.690163721451802,0.396845682172226,1.73912367566665,0.0820130109787869,0.307838589795818
BSU_05200,ydeH,74.4796533894394,0.0945694604610012,0.402967779519985,0.234682436828206,0.814455220456257,0.937937304949673
BSU_05210,ydeI,184.697645141603,0.155768818062548,0.302016333763962,0.515762893090038,0.606020022087654,0.835218642183083
BSU_05220,ydeJ,178.143974371243,-0.0504778813427645,0.295622039287608,-0.170751414422302,0.864419233570014,0.953014354810325
BSU_05230,ydeK,50.3183295238831,-0.336844541248744,0.43706757841198,-0.770692126084068,0.440889440167815,0.728925770923363
BSU_05240,ydeL,194.250645530649,-0.163830034717574,0.304135759865185,-0.538674027645402,0.590111797896361,0.824501521724817
BSU_05250,ydeM,314.217843617614,-0.0811787332880014,0.339334355719624,-0.239229338025165,0.810927754572021,0.936779950872458
BSU_05260,ydeN,283.438405036678,0.558493351346065,0.270520213336306,2.06451615743684,0.0389688035552691,0.196415713293403
BSU_05270,ydzF,85.0308049968227,0.44708546941508,0.42952759726925,1.04087716891174,0.297932559120572,0.615044533015695
BSU_05280,ydeO,1008.48373404462,-0.0413253973817761,0.185746273088912,-0.222483050101332,0.823937866702489,0.942499698724676
BSU_05290,ydeP,58.3549458559104,-0.474552252953187,0.448685294960657,-1.05765055882832,0.290214783427704,0.608949439399661
BSU_05300,ydeQ,32.690998962273,-0.13775249088756,0.521851897949322,-0.263968553968808,0.791804149866852,0.930671046413349
BSU_05310,ydeR,7.05063171614099,0.541323273631028,1.15338427190913,0.469334710742161,0.638830408193159,0.851439901007758
BSU_05320,ydeS,289.04908443302,0.118592277266254,0.244975357135862,0.484098803458356,0.628315750433721,0.847226694177138
BSU_05329,ydzO,214.19805880405,0.0887691671186239,0.342303079928281,0.259329151047144,0.795381289257793,0.931782491882096
BSU_05330,aseR,57.1898448898041,0.0667830685286721,0.385765633437358,0.173118242632457,0.862558485901873,0.952905437791136
BSU_05340,arsF,358.299495807078,0.185213984826039,0.229157501588314,0.808238803191262,0.418953123937029,0.714704230647242
BSU_05350,ydfB,181.465165723289,-0.552631194336279,0.488430906211504,-1.13144190367219,0.257869142857906,0.574861483737273
BSU_05360,ydfC,1.70474807399027,-1.26938833460475,2.37388253797959,-0.534730895187897,0.592835954474195,
BSU_05370,ydfD,73.6338084813953,0.956683470124156,0.435804075142842,2.19521460374272,0.0281482071882879,0.160109414113836
BSU_05380,ydfE,51.2529704569531,-0.22523148882512,0.508573312526955,-0.442869264425239,0.657860299937152,0.861116436266671
BSU_05390,ydfF,775.827191464383,0.0990236512448728,0.311381626134277,0.318013790583041,0.750474476156528,0.910295760544987
BSU_05400,ydfG,914.002182650062,0.188579729471444,0.231604810370895,0.814230624871091,0.41551284435701,0.711953214066954
BSU_05408,ydzP,2.52732433199733,0.906104141839008,2.21782782240861,0.408554772685175,0.682866427088737,
BSU_05409,ydzQ,0.235005011809798,-0.948814082257048,3.51307031919733,-0.270081152965317,0.787097821256757,
BSU_05410,ydfH,178.111109000662,0.416184882273866,0.287681900254136,1.44668427838599,0.147985369677453,0.43726692333762
BSU_05420,ydfI,160.763633449046,0.743668647934074,0.292804762264689,2.53981063074996,0.0110912504181666,0.0850662870519674
BSU_05430,ydfJ,42.9784857032273,-0.0622104936114914,0.424012574621275,-0.146718511041936,0.88335420702615,0.961663342468386
BSU_05440,cesA,670.552926554207,0.536689874687736,0.263962776701858,2.03320286819804,0.0420320314149326,0.205762690288458
BSU_05450,ydfK,27.9273170180411,0.507584959032496,0.869363099849971,0.583858412118126,0.559315575143291,0.808208222921033
BSU_05460,ydfL,297.123494887805,0.233827365465961,0.272770576584475,0.857230894892898,0.391317291330148,0.691069451543594
BSU_05470,mneP,591.996146033141,-0.802897457366904,0.243393227392041,-3.29876663360749,0.0009711060598924,0.0153391436746582
BSU_05480,ydfN,5.66805752356985,-2.94146700453661,1.50140937788884,-1.95913722656553,0.0500967181847289,0.233144529646126
BSU_05490,ydfO,7.93442999923147,0.197791563123913,1.10569194274137,0.178884873334179,0.858028100531467,0.951399112515189
BSU_05500,ydfP,30.1224171999143,-0.760870064216448,0.574786470984039,-1.3237438642455,0.185588125207624,0.488880312465713
BSU_05510,ydfQ,11.4571330458217,-1.13569071450647,1.19942629662058,-0.946861610176729,0.343709302306994,0.653760943255378
BSU_05520,ydzH,6.62858501032017,1.33893264804851,1.28125951807811,1.04501284022218,0.296017035086457,0.614748964849636
BSU_05529,ydzR,1.68846386820952,1.02099263145012,3.09328541247165,0.330067386389125,0.741349045438063,
BSU_05530,ydfR,1.84008708814392,1.24392775366977,2.97738538700152,0.417791985915036,0.67609921079327,
BSU_05540,ydfS,47.829791451887,2.16513681665555,0.750349714947121,2.88550361721419,0.0039078797098297,0.043353997094169
BSU_05550,cotP,0.453919637438714,-0.0222513622822429,3.486005371527,-0.0063830545024364,0.994907093945471,
BSU_05560,ydgA,0.0998458150180301,-0.643959633811044,3.52660734467629,-0.182600321179264,0.855111632315571,
BSU_05570,ydgB,0.0,,,,,
BSU_05580,ydgC,622.063540558519,0.255553726935426,0.281617414602842,0.90745001439569,0.364168871251109,0.667694484871481
BSU_05590,ydgD,370.538436888495,-0.0703177731323885,0.336617355651709,-0.208895269218219,0.834529997311639,0.944067614104673
BSU_05600,ydgE,297.591469472219,0.0021236278500242,0.245481706377537,0.0086508599005673,0.993097698539466,0.995675347119913
BSU_05610,vmlR,358.227725665208,1.03178096380466,0.261359856980568,3.94774077291207,7.88921604273806e-05,0.0023278665948329
BSU_05620,ydgF,1540.01118000819,-0.179208825071383,0.216999083021974,-0.825850609945826,0.408888840730777,0.707990313211352
BSU_05630,dinB,51.8104989251004,-0.135675663896829,0.567197583571722,-0.239203529469327,0.810947765978898,0.936779950872458
BSU_05640,ydgG,41.3028950686789,0.39039630130567,0.443504237182176,0.880253825275875,0.378721820665928,0.678696337414393
BSU_05650,ydgH,586.012883233863,0.0196342755447107,0.259975798861738,0.0755234742259712,0.939798221138367,0.978966080317951
BSU_05660,ydgI,149.444203924568,0.259918902594356,0.316717486188727,0.82066483199944,0.411837207905458,0.710551529448
BSU_05670,ydgJ,103.09979942257,-0.172957279909711,0.326534941833467,-0.529674646574022,0.59633752929764,0.829114273366699
BSU_05680,ydgK,382.41270694434,0.128478087567375,0.229078496797541,0.560847435981403,0.574901545956246,0.816132786996299
BSU_05690,ydhB,6.74502448545724,0.203194166238884,1.29657496466108,0.156716095696016,0.875468601298377,0.959312649432765
BSU_05700,ydhC,709.422850673014,0.259422251953265,0.219182888702559,1.18358806879908,0.236576165644783,0.553835883098999
BSU_05710,spoL,35.9182489860889,0.867133405330301,0.853299206680522,1.01621259991978,0.309528157604757,0.626577008891193
BSU_05720,ydhE,375.902198256793,-0.254606919002096,0.245805078899985,-1.03580821088604,0.300291626208271,0.617888193587865
BSU_05730,ydhF,21.4146284775667,0.320704330976081,0.615263791067639,0.521246879195633,0.602194800868225,0.832375280765305
BSU_05740,phoB,60.7322484426663,0.825242605207376,0.521596283336388,1.58214817009185,0.113615749203155,0.373696047035078
BSU_05750,fra,551.501903742167,0.438838137435605,0.267917318531383,1.63796106888925,0.101429815261195,0.350957072512067
BSU_05760,ydhH,419.39296909749,0.980456420530233,0.371244308311407,2.64100054486979,0.0082661586422511,0.0708123146591232
BSU_05770,ydhI,217.319217301075,0.63983124224882,0.308423626078169,2.07452084778569,0.0380309646237852,0.193989878375106
BSU_05780,ydhJ,290.1290538467,0.628409879795303,0.292618382252276,2.14754068065871,0.031750262155918,0.173402138689583
BSU_05790,ydhK,195.309523240306,0.64842328700617,0.313490950096002,2.06839555275072,0.0386028430673626,0.195732076602892
BSU_05800,pbuE,456.761647139356,-0.22125714916663,0.225469666094515,-0.981316702149552,0.326436588826021,0.641845935178975
BSU_misc_RNA_8,aswA,1.05041918465767,2.20626840305549,3.07267648532403,0.718028212079353,0.472739891747334,
BSU_05810,gmuB,82.7784043804506,-2.08524946361226,0.454129622493916,-4.59174949249253,4.39545772346989e-06,0.0001986840411385
BSU_05820,gmuA,93.8260393956445,-1.48471800338696,0.385143308202683,-3.85497546436825,0.0001157412363597,0.00309298436033
BSU_05830,gmuC,291.239575495845,-1.21318601722152,0.294801704609272,-4.11526120186269,3.86741207178736e-05,0.0012939081805531
BSU_05840,gmuD,331.563225628214,-1.3396288831369,0.292884977238118,-4.57390780424962,4.78710554995393e-06,0.0002096949637294
BSU_05850,gmuR,276.654949099653,-0.63611182392139,0.295748645019346,-2.15085287670474,0.0314878139868661,0.172719187264085
BSU_05860,gmuE,282.491017005345,-0.562643924975846,0.352478907391694,-1.59624849367399,0.110433324593293,0.368602667868738
BSU_05870,gmuF,272.167860041573,-1.32065001700722,0.290679535294651,-4.54331955522265,5.53752085014554e-06,0.0002376659201239
BSU_05880,gmuG,294.725771959299,-0.635260755122973,0.360200903609399,-1.76362898803788,0.0777944639218228,0.296722331421746
BSU_tRNA_79,trnE-Arg,433.529695257911,-0.171203948950439,0.229074473174446,-0.74737244433195,0.454838773988965,0.739896612051728
BSU_tRNA_80,trnE-Gly,532.419210587608,0.119961622821311,0.259396041925091,0.462465124490811,0.643747806642748,0.85611406273084
BSU_rRNA_30,rrnE-16S,1277.98925173197,0.203620706768933,0.787376317387725,0.258606592898914,0.795938795860359,0.932085783208139
BSU_rRNA_12,rrnE-23S,2051.46223860827,0.16660744052289,0.763753498191175,0.218142949155026,0.827317734511785,0.943296847420234
BSU_rRNA_13,rrnE-5S,1.39591847753274,-0.785949937092082,2.93490733531773,-0.267793782663668,0.788858056713162,
BSU_tRNA_21,trnE-Met,10.9816575914651,-0.136470125445529,0.922245670605363,-0.147975891668811,0.882361794421836,0.961321862691893
BSU_tRNA_22,trnE-Asp,42.5147386809088,0.297565524632924,0.477869278269807,0.622692309726002,0.533486737277629,0.790240783978417
BSU_05900,thiL,1152.21171758241,-0.244145043519632,0.189864739036537,-1.2858893376334,0.198481685361639,0.503751853933211
BSU_05910,tsaE,477.16392942864,-0.387744599616789,0.210762586699944,-1.83972215224711,0.0658090395826318,0.26931157674301
BSU_05920,tsaB,766.953193264787,-0.209208933024073,0.268629353417591,-0.77880146142798,0.436096676724254,0.726053771641307
BSU_05930,rimI,425.510390785802,-0.371541127953435,0.289511689199752,-1.28333722545167,0.199373956259939,0.503751853933211
BSU_05940,tsaD,1293.37207894577,0.028881716632745,0.234087285451495,0.123380116852735,0.901806101219692,0.968688189031833
BSU_05950,ydiF,1084.40005520284,-0.305121774726719,0.208649739259687,-1.4623635563089,0.143641610578969,0.430722091284433
BSU_05960,moaC,574.985438128827,-0.0764253032913909,0.248482951825521,-0.307567592585003,0.758411382906915,0.915220098259438
BSU_05970,rex,920.65636990994,-0.368280074998719,0.190993139273836,-1.92823719427272,0.0538256297965436,0.243044740707241
BSU_05980,tatAY,1326.08014128977,-0.317137798584286,0.196575885548513,-1.61330977957629,0.106677222925074,0.359739301752889
BSU_05990,tatCY,2945.64173690457,-0.142200223732097,0.187252767495929,-0.759402521168016,0.447611805823783,0.732628105911115
BSU_06000,ydiK,164.23226414291,-0.441183309613325,0.299861777121308,-1.47128891800987,0.141212999022132,0.425541867265984
BSU_06010,ydiL,660.206115042692,-0.663238783300284,0.210502388385902,-3.15074231882065,0.0016285610112193,0.0221823243716203
BSU_06020,groES,13076.594672596,1.30158810864057,0.25496032378788,5.10506140446955,3.30687118234775e-07,2.09714860504412e-05
BSU_06030,groEL,73629.7007758834,1.28986946083587,0.3050563194281,4.22829942764021,2.35464292839113e-05,0.0008268494051846
BSU_06040,ydiM,134.948882747299,1.07646565831178,0.352676865146391,3.05227182357129,0.0022711632956848,0.0284823627110874
BSU_06048,ydzU,68.6515451310711,1.11095986476319,0.402655982083211,2.75907949762834,0.0057964432206474,0.0561881882503825
BSU_06060,bsuMA,1016.56938411577,0.255527214164678,0.217074813480133,1.17713893227905,0.239140058066928,0.555939792517741
BSU_06070,bsuMB,1535.9216022894,0.153999151232026,0.213506999245901,0.721283853812499,0.470734888980275,0.749963458296659
BSU_06090,bsuRA,1947.90850682731,-0.0949039020853746,0.235004693201142,-0.403838326769694,0.686331610579978,0.879175567983385
BSU_06100,bsuRB,1544.88115680622,-0.0239058358706186,0.234609740444918,-0.101896177990237,0.918839083695434,0.973756996068242
BSU_06110,bsuRC,2202.9749140878,0.0354044799371527,0.230934314963199,0.153309740662814,0.87815401954529,0.960546209177221
BSU_06120,ydjB,83.369867864055,0.732120471724477,0.380238458201098,1.92542457485265,0.0541762636122267,0.243539454336393
BSU_06130,ydjC,25.4523873120354,0.561947056271491,0.546344689617677,1.0285577346139,0.303687547547495,0.621265474015073
BSU_06140,gutR,1293.17510442788,-0.186153811068041,0.233302582595018,-0.797907202729854,0.424924343261834,0.7192327631705
BSU_06150,gutB,198.893958005515,0.369658114873086,0.281698229766734,1.31224862569846,0.189436260014314,0.492603836475411
BSU_06160,gutP,114.849894159679,0.0379901290781149,0.376646298052392,0.100864204094289,0.919658259143298,0.973756996068242
BSU_06170,ydjE,8510.88905732292,0.423549609295479,0.268985001834642,1.5746216569943,0.115343800863875,0.377279289411461
BSU_06180,pspA,989.220476200792,0.536328283603135,0.342932776486445,1.56394582372133,0.117830291861879,0.381430678737161
BSU_06190,ydjG,997.290355427129,0.396898690217405,0.330344328662415,1.20146966598299,0.22956906638528,0.543149574776197
BSU_06200,ydjH,787.224299826996,0.416947203652755,0.33321987762696,1.25126750127292,0.210836898163219,0.517658112599488
BSU_06210,ydjI,1036.90652594297,0.542433596493706,0.312453005887653,1.73604857777795,0.0825552455426693,0.308835131201903
BSU_06220,ydjJ,102.924415848294,1.27207196535452,0.456262813858976,2.78802463561647,0.0053030510925305,0.0527697051338695
BSU_06230,iolT,10102.1062351083,0.0344907242138383,0.324654613278664,0.106238207630931,0.915393357159706,0.973756996068242
BSU_06240,bdhA,8064.57372657931,-0.442789537260478,0.227045243293179,-1.9502260027034,0.0511491878489424,0.234954485589358
BSU_06250,walM,3231.8196041048,0.330602850089216,0.178386826636419,1.85329183955404,0.0638405401917978,0.265857550229066
BSU_06260,ydjN,779.118834707527,0.443970569052659,0.23184066343769,1.91498144660884,0.0554948697661406,0.246988593192062
BSU_06269,ydzJ,9.3418380022334,0.446255762532004,1.11909153125017,0.398766097383899,0.690065559843481,0.88209643916214
BSU_06270,ydjO,1322.54025584584,0.108583886493534,0.211826930969281,0.512606617093843,0.608226523547311,0.836631433652485
BSU_06280,ydjP,182.782084544486,0.111660446939103,0.367234830899438,0.304057342996637,0.761084204503006,0.916103905080247
BSU_06290,yeaA,251.838437641993,-0.0005621540496791,0.311961231224956,-0.0018019997147459,0.998562213027164,0.998797279461493
BSU_06300,cotA,12.294561118282,-0.336951064141686,0.736136564565458,-0.457729014371931,0.647147140209747,0.857525960521608
BSU_06310,gabP,568.514948204058,0.0659115293996194,0.341695160890276,0.192895706301163,0.847040647760831,0.949779828294263
BSU_06319,ydzX,0.105420635081923,-0.656391194610377,3.52836793483088,-0.186032524593226,0.852419255572851,
BSU_06320,mneS,739.11841975203,0.234133176632834,0.296256906483619,0.790304534708898,0.429349939150176,0.721845890855468
BSU_06330,yeaC,520.554939015394,-0.0848693416603483,0.223317856104671,-0.380038314627959,0.70391697411312,0.88983277072369
BSU_06340,yeaD,476.244935897449,0.0613642734649605,0.235255187724569,0.260841318988486,0.794214879162069,0.931443285001278
BSU_06350,yebA,1235.10241093918,-0.168829432639002,0.181142557820043,-0.932025221851658,0.351323490984549,0.65684616010795
BSU_06360,guaA,7248.21897811134,-0.0317439470246355,0.177945006803,-0.178391895310548,0.85841521382472,0.951580027013106
BSU_misc_RNA_9,gswC,55.743642944385,0.225751565199538,0.588557607943323,0.383567491359788,0.701299038432691,0.888513358133001
BSU_06370,pbuG,271.755783256343,-0.216758145069505,0.34910473375371,-0.620897181023119,0.534667276063483,0.790240783978417
BSU_06380,yebC,437.80080046681,0.320337921556657,0.236663497513562,1.35355863883614,0.175877230173174,0.474645732062815
BSU_06390,yebD,59.955405058263,0.652365835225692,0.412534687749895,1.58135995492626,0.113795758200425,0.37395063928353
BSU_06400,yebE,193.224970834681,0.600304177509738,0.332313454381672,1.80643958164953,0.0708497035672396,0.283732696001132
BSU_06410,yebG,136.563737511783,0.171843977039822,0.365806949551724,0.469766846284378,0.638521603514648,0.851295354042592
BSU_misc_RNA_10,gswD,186.88405046022,0.900173018285348,0.322726907621513,2.78927166290408,0.0052826732601032,0.0527102313329031
BSU_06420,purE,751.903143898179,0.858595756783215,0.267264573432114,3.2125311101185,0.0013157089810881,0.0190800254629474
BSU_06430,purK,1716.91944633951,0.73806822173759,0.274016584264533,2.69351661221011,0.0070702622009802,0.0646054711655161
BSU_06440,purB,2101.13788781968,0.880424533484903,0.269962295070194,3.26128703734712,0.001109077078486,0.016593198966504
BSU_06450,purC,1046.93064957521,0.947836966230631,0.290279700750364,3.26525404215486,0.0010936594077973,0.0165745010185176
BSU_06460,purS,280.676446218464,0.738244394213977,0.326389020952955,2.26185425005575,0.0237064097737283,0.140101894940735
BSU_06470,purQ,901.110812193111,0.844038284292423,0.328613081984132,2.56848655931836,0.0102143673166515,0.0816603230764984
BSU_06480,purL,3192.54676829035,0.951905555878475,0.270209231835444,3.52284616410952,0.0004269390946406,0.0085569066656996
BSU_06490,purF,2570.18588159226,0.93489148111894,0.255747028849342,3.65553213003181,0.0002566490602623,0.0057698510955277
BSU_06500,purM,944.032269587912,0.782828647136207,0.286255720832509,2.734717911871,0.0062433754926437,0.0586904921863786
BSU_06510,purN,621.906512825932,0.813748215032206,0.29744186852932,2.73582269724072,0.0062224542818041,0.0586235216039597
BSU_06520,purH,1916.37352138381,0.758539347839327,0.29493203591411,2.5719123576668,0.0101138491394901,0.0816442174592162
BSU_06530,purD,1549.39724524546,0.711574352193159,0.284200353445943,2.50377715426911,0.0122875399969201,0.0905708633202429
BSU_06540,yezC,216.353457457072,0.397623300124566,0.280001379923905,1.42007621616946,0.155585493572973,0.4499609502299
BSU_06550,yecA,55.7267958285463,0.17928416706902,0.398149740285926,0.450293316630746,0.652498957428428,0.858728030696754
BSU_06559,yezF,5.25034659637178,2.93558501658256,1.63407573301099,1.79648039394929,0.0724181481153419,0.286345575596804
BSU_06560,yerA,4592.22391150009,-0.355853859189588,0.236093937076889,-1.50725538993276,0.131745207415909,0.408304439321807
BSU_06570,yerB,4414.03537231093,-0.451124327514609,0.227823112374011,-1.9801517186457,0.0476864831830685,0.224633998941084
BSU_06580,yerC,2469.66076163609,-0.49396908982103,0.210012797354298,-2.3520904251739,0.0186682360903794,0.119820747957737
BSU_06590,yerD,46.5217517902264,0.70662611756079,0.520732015593839,1.35698612030789,0.174785620717315,0.473837644307596
BSU_06600,pcrB,432.122728139122,-0.47398694184027,0.235483850658465,-2.01282143346517,0.0441334182331754,0.214067230676669
BSU_06610,pcrA,1875.37548964316,-0.393785175082734,0.202735044998134,-1.94236361595184,0.0520930966792822,0.236984547955321
BSU_06620,ligA,2687.07846275435,-0.416641163910223,0.202733484795619,-2.05511765523218,0.0398676420373597,0.199057122228838
BSU_06630,yerH,2115.17687172155,-0.326506783782187,0.194019079557462,-1.68285915244478,0.0924023607039278,0.329828706278887
BSU_06640,yerI,980.481539896553,-0.382024351280774,0.191686677098618,-1.99296245864929,0.0462655580755411,0.220383807469702
BSU_06650,sapB,601.623342086661,0.451576648042532,0.25869221766308,1.7456135794184,0.0808781210088989,0.3043854173311
BSU_06660,opuE,67.3329285590698,-0.0064605516343794,0.407039577687518,-0.0158720478020425,0.987336469816091,0.993989082472006
BSU_06670,gatC,2540.7306080529,-0.231197009755643,0.180315154765945,-1.28218290944954,0.199778490034249,0.503751853933211
BSU_06680,gatA,5884.3910804269,-0.268108484711887,0.17759852163155,-1.50963241275235,0.131137245942809,0.408206709165564
BSU_06690,gatB,6996.74787077505,-0.222745710407656,0.173801990655132,-1.28160620927318,0.199980820905129,0.503751853933211
BSU_06700,yerO,183.239174023459,0.275680522824525,0.36221109825023,0.761104571771221,0.446594610019001,0.731819084939409
BSU_06710,srfP,5684.06395306413,-0.0451238369298742,0.218628208367366,-0.206395310407757,0.836482133727858,0.944977178059926
BSU_06720,dagK,1549.32246046378,0.0034110527039607,0.198883207543507,0.0171510342481507,0.986316125445028,0.993565011146497
BSU_06730,rlmCD,992.453245033909,0.181857482133644,0.225912821130589,0.804989646995383,0.420825654147809,0.716094595303981
BSU_06740,yefB,19.3013014057612,0.356995631828456,0.686336714922846,0.520146487964857,0.602961479064941,0.832375280765305
BSU_06750,yefC,89.3233419760902,0.678104013229486,0.395259428889266,1.71559225072771,0.0862366978279655,0.315930782683244
BSU_06760,yeeA,1053.48669077527,0.612159333298684,0.199950405650613,3.06155584584485,0.0022018991297627,0.028217939222778
BSU_06770,yeeB,1084.99226366154,0.403607803858084,0.210444017825725,1.91788679967289,0.0551253663772918,0.246555454460119
BSU_06780,yeeC,851.31876595094,0.418622724912654,0.247807899683497,1.68930338963093,0.0911613041433591,0.327425512514905
BSU_06790,yeeD,18.5878486031568,0.0882539140602163,0.672419822403961,0.131248233796411,0.895578940886027,0.965486481599579
BSU_06800,yezA,16.0988135589546,1.26827889371463,0.914936054645186,1.38619402664864,0.165687664988381,0.462553803242857
BSU_06811,yezG,260.859082627807,0.0279639003607746,0.287854919361557,0.0971458136716813,0.922610598840116,0.973756996068242
BSU_06812,yeeF,471.84928092242,-0.589306825271301,0.213870987628648,-2.75543135516135,0.0058614802616629,0.056473963404141
BSU_06820,yeeG,11.7107400748763,-1.11106850693468,1.07553719109299,-1.03303587838333,0.301587108706387,0.618514194531836
BSU_06830,rapH,326.430663425913,0.23212084196207,0.248261192241854,0.934986414372569,0.349795300860029,0.655704076353016
BSU_06839,phrH,37.824707059439,-0.0800716950764826,0.485173952460204,-0.165037085503988,0.868914792258477,0.954997142345129
BSU_06840,yeeI,2737.29827023605,-0.434820133104366,0.182028159210512,-2.38875202051296,0.0169057089424436,0.112589901718563
BSU_06850,cotK,65.6813771782855,-0.0650629382294396,0.358817703419265,-0.181325886681283,0.856111788173268,0.950918454494557
BSU_06860,yezE,476.116108697246,-0.17573853000133,0.207537453815209,-0.846779830679657,0.397117852363,0.69684971880139
BSU_06870,yesE,44.4241025183226,-0.397607131967111,0.491594207802571,-0.80881166957686,0.418623482793385,0.714636873599475
BSU_06880,yesF,89.4126015602494,0.843188698714832,0.344017735128756,2.4510035751478,0.0142458538350435,0.100431832894438
BSU_06890,cotJA,1.74676075916907,1.0625807353449,2.30122841401998,0.46174500926168,0.644264189945037,
BSU_06900,cotJB,0.746518591291402,1.50431601333479,3.45525002030549,0.43537110324705,0.663293081726263,
BSU_06910,cotJC,6.48193954512433,0.0676605991769778,1.36356258007205,0.0496204575908811,0.960424843911961,0.984609569977209
BSU_06920,yesJ,935.253134107765,-0.127927571185093,0.208978044006791,-0.612157950817722,0.54043325913633,0.793469563949643
BSU_06930,yesK,35.4824062127854,-0.696570642341448,0.489652206916406,-1.42258246261794,0.15485723086709,0.448832451537699
BSU_06940,yesL,363.626032617856,-0.285591674167692,0.30050734160659,-0.950365048124433,0.341926797216392,0.653760943255378
BSU_06950,yesM,511.252674590469,-0.593887719123032,0.253249320384097,-2.34507132426771,0.019023440088756,0.121367262668355
BSU_06960,yesN,177.871930206814,-0.730232469612624,0.286827575896604,-2.54589352969277,0.0108998427800499,0.0843596210791108
BSU_06970,yesO,63.0981856030291,-0.456528046084207,0.402152792431045,-1.13521043413489,0.25628715872286,0.573440830654784
BSU_06980,rhgP,44.3949842963171,-1.11002876586903,0.639372988068024,-1.73612083491855,0.0825424711224895,0.308835131201903
BSU_06990,rhgQ,33.9920762668982,-0.293989431586341,0.54124352127366,-0.543174042794123,0.587009976743401,0.824241140062643
BSU_07000,rhgH,55.9780919348515,-0.235307395136159,0.409236519122367,-0.574991194922659,0.565297251970591,0.810647324881216
BSU_07010,rhgR,122.75356468648,0.166186943104919,0.379175527725669,0.438284991918451,0.661179703987036,0.863237528551292
BSU_07020,rhgT,28.9184190915912,-0.471883502230153,0.517273813395638,-0.912250900799481,0.361636654455906,0.665768693580218
BSU_07030,yesU,28.6813268638048,-0.360741609712564,0.622865284725414,-0.579164738441948,0.562478021081889,0.808788193427055
BSU_07040,yesV,26.8923466518645,0.356852054680138,0.567039529074576,0.629324829015942,0.52913641954818,0.788324209908911
BSU_07050,rhgW,119.924203603807,-0.0326266998031261,0.321886298348632,-0.101360946304674,0.919263937093419,0.973756996068242
BSU_07060,rhgX,110.103600862318,0.0382176754530493,0.334602298168249,0.114218209684359,0.909064817133166,0.971907547785905
BSU_07070,yesY,37.6670925806756,0.431171271486995,0.454961249755392,0.947709880168503,0.343277169711823,0.653760943255378
BSU_07080,rhgZ,114.356946168002,0.23271646520793,0.333399017608547,0.698011850416336,0.485169783064271,0.762655168717876
BSU_07090,yetA,82.9553569902311,0.274280857053031,0.358993448322673,0.764027472742341,0.444850871058633,0.731501540498905
BSU_07100,lplA,219.019922953624,-0.0071126709215588,0.239358906053169,-0.0297155056347849,0.97629394567443,0.98909703747512
BSU_07110,lplB,97.8786696092896,0.227989093933473,0.306546127338855,0.743735032351116,0.457036791117256,0.740445065066274
BSU_07120,lplC,72.3243984736395,0.850356629977449,0.414602376791106,2.05101725793023,0.0402652661267581,0.20033620113887
BSU_07130,lplD,205.081809932142,0.261465837074076,0.277882274115998,0.940923050618663,0.346744294119208,0.653760943255378
BSU_07140,yetF,143.096731559819,0.251800732903803,0.275553964287861,0.913798259279464,0.360822861289397,0.665423757646982
BSU_07150,hmoA,1909.80449435839,-0.189967172385391,0.373713349306951,-0.508323218150176,0.611226689804399,0.837235881426309
BSU_07160,yetH,637.891764577397,0.391015041411027,0.237222090716857,1.64830787988347,0.0992895085639202,0.345520984347336
BSU_07190,yezD,100.010166757482,0.464758159152182,0.799376733594483,0.581400658313317,0.560970453885837,0.808208222921033
BSU_07200,calJ,1603.04850092736,0.134120654094857,0.215431450958414,0.622567658984698,0.533568669336648,0.790240783978417
BSU_07210,yetK,318.315738870226,-0.343312559786299,0.257642379957674,-1.33251586886715,0.182690730423815,0.485461484409499
BSU_07220,flvL,124.154264863316,0.779579400413236,0.356941890386273,2.18405130193488,0.0289584785199602,0.162757374644591
BSU_07230,flvM,27.4370035272359,-0.053198172988046,0.893382357029302,-0.0595469258705107,0.952516490320813,0.983534038243775
BSU_07240,yetN,358.165394283627,0.202248372578267,0.256980870964042,0.787017227467358,0.43127178142955,0.722370570162217
BSU_07250,cypD,27.9515746669566,0.645193156009781,0.718842709277988,0.897544271761229,0.369428560755172,0.67167392154417
BSU_07260,ltaSA,5139.09725307173,-0.337159447378141,0.177606336714605,-1.89835257916457,0.0576496519620109,0.252009641138461
BSU_07270,spmH,6.48181952482819,1.31534092928707,1.32770850344951,0.990685023007453,0.32183940653078,0.637230027189788
BSU_07280,spmG,8.03197529595926,0.726300871125329,1.0669375422424,0.68073419705417,0.496039693816544,0.768662530644236
BSU_07290,yfnF,9.01198797290874,0.160606275506744,0.953297961091949,0.168474372191858,0.866210103514292,0.953232595711808
BSU_07300,yfnE,40.8945691731879,1.39017801732943,0.726938422813939,1.91237383208901,0.0558282619256369,0.247660759921628
BSU_07310,yfnD,101.278439181782,1.44900159707451,0.310594183028564,4.66525671197536,3.08231987092612e-06,0.0001423562731691
BSU_07320,yfnC,811.395077481528,0.458459508296217,0.189821301698897,2.41521633343051,0.0157258664239388,0.106338064614257
BSU_07330,pynN,643.02424169524,0.190047437430056,0.324342358518488,0.585947016905667,0.557911120304574,0.806863291413933
BSU_07340,mtrA,395.245722875135,-0.129961142270882,0.209976996029739,-0.618930381557013,0.535962222827063,0.791279876578246
BSU_07350,vdhT,6200.05438612204,0.360457705029296,0.232771974463002,1.54854426036837,0.121491314090739,0.3893036150615
BSU_07360,yfmS,2997.78075320458,0.282139541931619,0.250212830671872,1.12759821778131,0.259489639719631,0.577059228688295
BSU_07370,ettA,1730.5022245881,-0.123711844064774,0.201902970216624,-0.612729193295384,0.540055416105018,0.793330188743733
BSU_07380,yfmQ,1350.4661084817,-0.0876015665028646,0.224957918430537,-0.389413127193007,0.696970562817687,0.886042672674578
BSU_07390,copP,206.333281854417,-0.333435949202927,0.327872940118451,-1.01696696617435,0.309169144369978,0.626320030947148
BSU_07400,copO,72.8023000301826,0.193883669597326,0.553095765471491,0.350542675791502,0.725931468639273,0.898695372192604
BSU_07410,yfmN,0.502563047436739,-0.195755269665565,3.47237529231592,-0.0563750324162123,0.955043046561396,
BSU_07420,ettM,1206.97182432214,-0.399057402313074,0.217542214110429,-1.83439064433951,0.0665960273786713,0.27178573650515
BSU_07430,yfmL,854.208273747598,-0.0605479858085515,0.245552904502171,-0.246578169911308,0.805234700849048,0.936113218638999
BSU_07440,yfmK,206.979448002277,-0.14386869924354,0.283353780710488,-0.507735237845777,0.61163903268588,0.837259745451773
BSU_07450,yfmJ,1444.69603408956,0.504648189189149,0.232143263897423,2.17386531367173,0.0297152516793528,0.16547851164557
BSU_07460,yfmI,231.035197074079,0.403958912640846,0.312725687390051,1.29173562943361,0.196448714178794,0.502357856815303
BSU_07480,yfmG,325.96875022951,0.17552736622042,0.246392096469394,0.71239040835964,0.476223053392269,0.755026773829758
BSU_07490,fecF,633.842101763711,-0.390745353469411,0.217877107494586,-1.79342087823118,0.0729056516501496,0.286345575596804
BSU_07500,fecE,495.987036974158,-0.571271005165244,0.214350828795252,-2.66512151306362,0.0076960508730405,0.0675630581808866
BSU_07510,fecD,316.375052456097,-0.424938578837186,0.28496346486583,-1.49120371987778,0.135908017345698,0.417551095952185
BSU_07520,fecC,5267.16012867949,-0.618009818610738,0.239072672160172,-2.58502911699037,0.0097370774157067,0.0796271193030345
BSU_07530,yfmB,52.7421797423898,0.65354141634485,0.506341455600767,1.29071283639897,0.196803271879759,0.502357856815303
BSU_07550,yflT,116.893960994673,0.935694253156174,0.696289154559934,1.34382999796621,0.179003366672178,0.480470818060696
BSU_07560,pelA,6179.07348953575,0.0016384223491899,0.245279567341866,0.0066798158808978,0.994670317674673,0.996546611600963
BSU_07570,maeS,127.695015292324,0.0890810262202838,0.35077683538728,0.253953560308316,0.799531435624762,0.934069032161016
BSU_07580,citS,861.67778391239,-0.194575124966358,0.212521130685881,-0.915556605305061,0.35989950043919,0.664865539166428
BSU_07590,citT,328.027338825198,-0.327809857968453,0.238095432403407,-1.37680027986863,0.168574004306571,0.465413219167395
BSU_07600,yflP,696.449898016587,0.0770942225985951,0.229115613308288,0.336486114959178,0.736504320452849,0.902678712164002
BSU_07610,citM,201.97673158069,0.298078690451018,0.367396662778969,0.81132661411883,0.417178130198834,0.713414615685913
BSU_07620,yflN,153.004784782942,-0.234426134569248,0.305806300463527,-0.766583730334905,0.44332905177895,0.72955272695924
BSU_07630,nosA,638.471896041448,-0.0582982262188532,0.237265669258563,-0.245708645507084,0.805907779190741,0.936113218638999
BSU_07640,acyP,50.5132209681096,0.0157739398514915,0.437189175323573,0.0360803531784997,0.971218288019186,0.987486601051333
BSU_07650,yflK,419.597698771648,-0.117361728459192,0.26027933667296,-0.450906821722295,0.65205670669697,0.858728030696754
BSU_07660,yflJ,239.243011521746,0.404633775078779,0.300952288549664,1.34451137430711,0.178783080820331,0.48018287636257
BSU_07670,yflI,122.743674889999,0.546293665912147,0.317808935875991,1.71893739993929,0.0856257711828765,0.315755438106517
BSU_07680,yflH,1049.12722637905,0.162457643552303,0.298374994727245,0.544474726177412,0.586114835784446,0.824241140062643
BSU_07690,mapB,1110.37184360681,0.114241419025781,0.212477731389,0.537663021338598,0.59080971294875,0.824688065150867
BSU_07700,nagP,3042.37794977601,0.0411947841233576,0.294958559660892,0.139662955266389,0.888926296883604,0.962984110483264
BSU_07710,ltaSB,7166.50983591895,-0.347004947351039,0.19686253162696,-1.76267644474159,0.0779550757643074,0.297068266298244
BSU_07720,yflD,0.434738381480241,1.88606352220714,3.48820216261918,0.540697882255469,0.588715838417539,
BSU_07735,yflB,47.7973235598545,0.220691815910141,0.515401972485849,0.428193580334427,0.668510189755405,0.868123409618189
BSU_07750,yflA,42.3563286753353,-0.0278925079949333,0.696101396639724,-0.0400696049879777,0.968037634038001,0.986521610731621
BSU_07760,yfkT,6.7714088571848,0.176509114687353,1.47541100974236,0.119633860342533,0.904773195670334,0.969579144616204
BSU_07770,yfkS,3.91049891847406,-1.88158122229236,2.4119795980015,-0.780098315861124,0.435333007685538,0.725284202015505
BSU_07780,yfkR,11.5366515524865,0.637051814450697,0.835398378966294,0.762572480974853,0.445718401589001,0.731501540498905
BSU_07790,yfkQ,6.29169255611811,1.08081638599079,1.45523533010528,0.742709006324495,0.457657875860512,0.740445065066274
BSU_07800,treP,206.735745099085,-0.709262785101813,0.32254138804792,-2.19898224347084,0.0278791849121529,0.159004908311057
BSU_07810,treA,212.82569892965,-0.28175906187565,0.308588932825852,-0.913056276177789,0.361212944636076,0.665565395385381
BSU_07820,treR,978.392792511014,-0.365721857877605,0.196514220021667,-1.86104526093471,0.0627377853129855,0.263828050594523
BSU_07830,hypO,721.751117990188,0.107554349165529,0.294344079746043,0.365403473575301,0.714810248715843,0.896411522768506
BSU_07840,yfkN,1139.13679378337,-0.340843416110843,0.222429629236381,-1.53236516772062,0.125432347953064,0.396549141705782
BSU_07850,sufLB,191.496696762623,0.147911690411189,0.485557026522295,0.304622695856297,0.760653532288255,0.916103905080247
BSU_07860,yfkL,627.934360960679,0.294784659632359,0.256722415060646,1.1482622565806,0.250860315339709,0.567348166286762
BSU_07870,yfkK,497.338484673497,-0.0050034754216347,0.277888898213762,-0.0180053087899392,0.985634618296469,0.993349500270801
BSU_07880,yfkJ,211.460978674786,0.179037418403487,0.270715830720556,0.661348166920821,0.508389058461395,0.778992105806875
BSU_07890,yfkI,221.169904818502,0.0993455489523112,0.280273480854203,0.354459325404354,0.722994681401287,0.89779801910062
BSU_07900,rbn,345.271888313052,-0.0739993219838913,0.222250786151087,-0.332954151773332,0.739168891965972,0.902887828715049
BSU_07910,yfkF,160.088396776307,0.15328814387457,0.376031454850497,0.407647131369673,0.683532756859175,0.877886277435916
BSU_07920,chaA,42.7283292153656,-0.0841439982955414,0.481868343420193,-0.174620307485456,0.861377990687123,0.952707569553608
BSU_07930,yfkD,61.6436491014255,0.294781858715254,0.398367140799403,0.739975335625612,0.459314960279915,0.740681349916739
BSU_07940,mscC,810.516903495003,0.155418340571154,0.194438581221018,0.799318425361735,0.424105797645916,0.718797580453728
BSU_07955,yfkA,572.6018028535,-0.0282184615795604,0.199327866132281,-0.141568071374595,0.887421188225403,0.962392197235767
BSU_07970,yfjT,194.624666844247,-0.0472817776607043,0.380606735419289,-0.124227380286944,0.901135243816553,0.968688189031833
BSU_07980,pdaA,118.287270877046,-0.144088185714428,0.297272619736244,-0.484700494254299,0.627888815845951,0.847226694177138
BSU_07990,yfjR,276.967217510237,-0.177820624533846,0.282354189897934,-0.629778593326789,0.528839453181824,0.788324209908911
BSU_08000,yfjQ,469.137081480872,-0.365405199808093,0.277186179102487,-1.31826630386571,0.187414516737106,0.49038502233593
BSU_08010,yfjP,553.771148808452,-0.0583241985864829,0.241298954937531,-0.2417092879726,0.80900543217252,0.936779950872458
BSU_08020,yfjO,1268.1306064624,0.248898637903293,0.252099837179612,0.987301859008983,0.323494679596464,0.639018546538994
BSU_08029,yfzA,166.952125438654,0.696774882938716,0.342374082516051,2.03512741916161,0.041838053721612,0.205422636163691
BSU_08030,dusC,1076.46455460422,0.213018887627659,0.192856425017892,1.10454649155659,0.269356147722696,0.58850685530519
BSU_08040,yfjM,228.847745894241,-0.135361649619474,0.271767648025743,-0.498078599873123,0.618428643427711,0.841062459010091
BSU_08050,yfjL,460.501425489031,0.368692797659698,0.275739936919005,1.33710336550921,0.181188898782841,0.483431600797739
BSU_08060,acoA,487.093594035086,-0.142434713552509,0.320779760059128,-0.444026498200058,0.657023426080563,0.860404626647696
BSU_08070,acoB,465.405867505962,0.0117327442067863,0.374453422811435,0.0313329869405269,0.975003983541705,0.988969187411961
BSU_08080,acoC,629.794200330623,-0.0127699021942334,0.385982157804303,-0.0330841774316105,0.973607460423584,0.988496558982033
BSU_08090,acoL,768.604504909673,-0.0690908983195655,0.299991585274941,-0.230309454367675,0.817851314541681,0.93869536344884
BSU_08100,acoR,2969.32679476914,-0.329534181280047,0.270423797183124,-1.2185842544652,0.223002028230393,0.532722033933822
BSU_08110,sspH,527.379633842975,-0.501025737259782,0.243302302024834,-2.05927248977957,0.0394681423129792,0.197988644207493
BSU_08120,yfjF,77.7746563490511,-0.252142381436214,0.450153131143151,-0.560125797183517,0.575393635521224,0.816132786996299
BSU_08130,yfjE,62.0966777199339,-0.631952565214013,0.373722171806701,-1.69096888782097,0.0908427449369559,0.326606905018556
BSU_08140,yfjD,41.8769492971262,-1.23127080121998,0.518494475918022,-2.37470379802976,0.0175630377135569,0.115428320865309
BSU_08150,yfjC,37.5434783585384,-0.851884711928435,0.501122502243764,-1.69995302169458,0.0891397624025124,0.322344553573
BSU_08160,yfjB,97.2259878680447,-1.22883766158822,0.32984213636842,-3.72553269002498,0.0001949031907749,0.0048414015513407
BSU_08170,yfjA,9.86286700266074,-0.783222658679692,0.977135873575253,-0.801549385157615,0.422813666057088,0.717752803466466
BSU_08180,malA,2428.98329565494,0.618249313251537,0.218343134437344,2.83154913409448,0.0046323115904908,0.0482432927881363
BSU_08190,malR,655.995807787091,0.426235126457577,0.201325912843896,2.11713991724488,0.0342479747901535,0.1816724655223
BSU_08200,malP,901.733261987798,0.305347879682606,0.193170101666785,1.58072018934548,0.113942030016876,0.374141951732387
BSU_08210,yfiB,466.192460056037,-0.159143747916789,0.250670996125719,-0.634871007721109,0.525512547221565,0.78798884791929
BSU_08220,yfiC,548.553611725524,-0.0550781708177634,0.250887244198284,-0.219533563747997,0.826234437388956,0.94271485619379
BSU_08230,catD,6.46138711761255,-0.406469313030752,1.21098177624729,-0.33565270840851,0.737132771964718,0.902678712164002
BSU_08240,catE,77.1620260350426,-0.544845079792586,0.392667290695192,-1.38754893189085,0.165274441216445,0.462553803242857
BSU_08250,yfiF,69.6634834154233,0.349146918343884,0.387297936087839,0.901494394394855,0.367325512940457,0.670144312788322
BSU_08260,yfiG,388.368074182731,-0.0227433894412384,0.272066614908343,-0.0835949293113397,0.933378498649492,0.976368326528551
BSU_08270,yfiH,232.661026227438,0.0165263225983068,0.248850376455375,0.0664106795163734,0.947050867950064,0.981925670346367
BSU_08280,yfiI,482.851702908078,-0.0415311425402258,0.217643172242664,-0.190822170584428,0.848664918232659,0.949779828294263
BSU_08290,linJ,291.974201088088,0.265259159547783,0.229460843183032,1.15601056750321,0.247676834555,0.564278214490185
BSU_08300,linK,315.681658368609,0.290957698106255,0.232757743293426,1.25004519286587,0.211283038928776,0.517658112599488
BSU_08310,bifL,6.70681045516626,-0.0541354552017938,1.34437106541435,-0.0402682388772691,0.967879274935848,0.986521610731621
BSU_08320,bifM,7.33143920290964,-2.17064798347919,1.49588676065654,-1.45107774235966,0.146758213531007,0.435457855651711
BSU_08330,bifN,11.8473468751025,1.20573987682292,1.06721180167295,1.12980373242951,0.258558935133801,0.575795029027003
BSU_08340,padR,412.367074821336,-0.142005954365859,0.249228397603926,-0.569782399321668,0.568825294605853,0.8126502428162
BSU_08350,estB,696.160344595314,0.182019663910766,0.229964627997021,0.791511570697401,0.428645526815158,0.721312809282221
BSU_08360,icaC,53.057831700379,0.466386960214793,0.461793055007369,1.00994797378958,0.312520216569026,0.628965764948323
BSU_08370,yfiR,321.07264578051,-0.251181106063477,0.242742891037801,-1.03476194499291,0.300780099046033,0.618004170529095
BSU_08380,yfiS,86.6443819238948,-0.0543049255001475,0.374090270033303,-0.145165297924784,0.884580363910002,0.961688479756606
BSU_08390,bstA,706.719951964728,0.0655390892992185,0.204374019306667,0.320682098055115,0.748451315050913,0.908813085191193
BSU_08400,yfiU,12.9398730611234,-0.644343147808163,0.799068058977861,-0.806368294375805,0.420030522690546,0.715601319531729
BSU_08410,yfiV,312.050888901921,-0.360935732921899,0.241587864609197,-1.49401433513957,0.13517187250798,0.416008614116861
BSU_08425,mprF,1992.96836779625,-0.0891588136060627,0.188747348452585,-0.472371211235638,0.636661849409771,0.850951933986196
BSU_08440,sxzY,14837.7693466463,-0.542631978784933,0.30425016785346,-1.78350593070597,0.0745039834302558,0.289896909885675
BSU_08450,sxzZ,1062.41955317499,-0.919427610850377,0.254647128593526,-3.61059484914904,0.0003054955561449,0.0066566698362046
BSU_08460,sxzA,1362.75039787441,-0.767393366135934,0.230290209235686,-3.33228828391293,0.0008613498024279,0.0140764435019856
BSU_08470,yfhB,1327.57319357855,0.128762030188144,0.202705886833018,0.635216037382347,0.525287525059692,0.78798884791929
BSU_08480,yfhC,3681.77896330372,-0.434044453769455,0.241811397909726,-1.79497102916338,0.0726583158593759,0.286345575596804
BSU_08490,yfhD,39.1228674918435,-0.146861399760194,0.473489894370982,-0.310167970860911,0.756433225785821,0.915033723717064
BSU_08500,yfhE,11.0437984373821,-1.15167278734935,0.961311206235414,-1.19802284617009,0.230908122987664,0.545137710243249
BSU_08510,yfhF,88.0532645347708,-0.0139431963423937,0.340179803652903,-0.0409877252931229,0.967305681436855,0.986521610731621
BSU_08520,recX,820.381007075237,-0.45859866546097,0.212519689102679,-2.15791142645328,0.0309347189351711,0.171046680882434
BSU_08530,yfhH,571.583484582037,-0.173016958607859,0.208222371785075,-0.830923964243598,0.406016584804106,0.705588739808853
BSU_08540,yfhI,229.749528049954,0.911142658147856,0.282405237044686,3.22636601106545,0.001253729179734,0.0183692940851375
BSU_08550,sspK,2.78911512812113,2.12681790299972,2.29211032010327,0.927886360593627,0.353466520213376,0.658214645649305
BSU_08560,yfhJ,230.132570756967,0.501155152583474,0.28917432632198,1.73305548579532,0.0830858072452989,0.309948722550724
BSU_08570,yfhK,34.5576346389528,0.479490424730406,0.69596148821522,0.68896114634166,0.490847718385981,0.765525480074556
BSU_08580,spdL,70.7921702962537,0.178417477968269,0.404985226748873,0.440553052763338,0.659536596679517,0.862002768160956
BSU_08590,ephM,311.223686203268,0.236582422531367,0.280211277655392,0.844300145629111,0.39850170475026,0.697377983312955
BSU_08600,csbB,1072.11182347707,-0.201607808246961,0.197822429668652,-1.01913523448604,0.30813876869475,0.625552617383657
BSU_08610,yfhO,1950.77933195636,-0.393625364442074,0.219595162489105,-1.7925047163168,0.0730521543767795,0.286345575596804
BSU_08620,yfhP,474.353098376219,0.142636322468288,0.255284152922832,0.558735514269875,0.576342237977821,0.816132786996299
BSU_08630,mutY,855.898190972732,-0.0310820540919292,0.277063447544325,-0.112183885559125,0.910677605969692,0.972161704409675
BSU_08640,yfhS,4.63067680915475,1.8294777693211,1.59825341947405,1.14467314571624,0.252344579631284,0.5694169510639
BSU_08650,fabL,2656.21300180019,0.423727789213055,0.201255639262786,2.10542070157736,0.0352547033454329,0.185653442620934
BSU_08660,sspE,1249.21504261351,0.782361779353588,0.280501932126585,2.78914934176112,0.0052846689921903,0.0527102313329031
BSU_08670,ygaB,39.3735344896767,-0.555566000092675,0.66350023928758,-0.83732599808736,0.402409349577684,0.700753002604745
BSU_08680,ygaC,769.591879732941,-0.397112511303109,0.240264687039967,-1.65281263840928,0.0983690011194624,0.342879315632974
BSU_08690,ygaD,738.268899330506,-0.71075328314897,0.225586216078995,-3.15069464572286,0.0016288268307709,0.0221823243716203
BSU_08700,ygaE,1670.71921165769,0.395292443335662,0.237878689505378,1.66173962097065,0.0965649932201309,0.3388147449978
BSU_08710,gsaB,1541.18400644109,-0.257389027442474,0.174272500255037,-1.47693426711501,0.139693258288579,0.422460252290515
BSU_08720,bcp,902.720936723799,0.17807786447847,0.228331191809703,0.779910370839238,0.435443633641222,0.725284202015505
BSU_08730,perR,2196.85748002573,0.14419214100325,0.201048948442845,0.71719918019985,0.473251205058029,0.75143661072181
BSU_08740,ygzB,539.508063700589,0.121706207201441,0.271412917159525,0.448417151531175,0.653852165766955,0.858728030696754
BSU_08750,ygxA,1138.57810946854,0.0192324605072973,0.224309554517093,0.0857407101926712,0.931672539215416,0.975979053690928
BSU_rRNA_22,rrnD-16S,1252.81062546437,0.116069297865075,0.76627186694819,0.151472738164512,0.879602814479894,0.960546209177221
BSU_rRNA_17,rrnD-23S,2022.49380888943,0.127265050796911,0.743675466411265,0.17112982281243,0.864121686537912,0.953014354810325
BSU_rRNA_18,rrnD-5S,1.03712247006393,1.4850266650396,3.4431613352372,0.431297438735119,0.666252112449619,
BSU_tRNA_29,asnTA,1.55183645818391,-1.56133403738906,1.90611392771051,-0.819118949130405,0.412718551646253,
BSU_tRNA_30,trnD-Ser,157.372599429289,0.0967267450660241,0.268060701001279,0.360838961864695,0.718219834895293,0.896411522768506
BSU_tRNA_31,trnD-Glu,382.318691647059,-0.079899055327596,0.224132334355762,-0.356481609658218,0.721479922079089,0.897366695820796
BSU_tRNA_32,trnD-Val,13.5942512172661,0.362137931710498,0.747379299820845,0.484543700631402,0.628000058044669,0.847226694177138
BSU_tRNA_33,trnD-Met,19.802306023298,-0.644760332768562,0.730792917172732,-0.88227501610578,0.377628103676417,0.677661961697447
BSU_tRNA_34,trnD-Asp,107.553032819654,0.0356344177338107,0.342347831557489,0.104088340713871,0.917099243359483,0.973756996068242
BSU_tRNA_35,trnD-Phe,42.457753091564,0.841037351216506,0.445941034091658,1.88598331824212,0.0592972026613217,0.256572112126228
BSU_tRNA_36,trnD-Thr,72.1603528012932,-0.377693764103244,0.406453955909866,-0.929241205828,0.352764097207034,0.657698397995914
BSU_tRNA_37,trnD-Tyr,273.292272744824,0.0800299994850632,0.241492345137443,0.331397665791497,0.7403441278091,0.90316457050269
BSU_tRNA_38,trnD-Trp,133.794670898373,-0.345903104521077,0.336746536045817,-1.02719127740044,0.304330404573887,0.62134320390841
BSU_tRNA_39,trnD-His,107.207611314595,-0.164608708871115,0.334369779889545,-0.492295412957149,0.622510522380855,0.844440035631905
BSU_tRNA_40,trnD-Gln,357.083077813864,-0.298642340166987,0.248217531484708,-1.20314765190301,0.228919188068764,0.542183740303333
BSU_tRNA_41,glyTB,115.677095005811,-0.124343864323997,0.320877485777787,-0.387511962774813,0.698377230406859,0.886586451149909
BSU_tRNA_42,cysTA,13.4784818511895,0.0708825003393126,0.859270807736474,0.0824914563617424,0.934255912016272,0.976368326528551
BSU_tRNA_43,leuTA,88.4570073314619,0.149218208599076,0.393578211406035,0.379132290037101,0.704589629111047,0.889952834153639
BSU_tRNA_44,leuTB,17.9183301700181,-0.714372011356078,0.952874349913352,-0.74970221563949,0.453434072815536,0.738176772181308
BSU_08760,spo0M,1893.46766378019,-0.0424167781636594,0.288242654376745,-0.147156493043597,0.883008500182852,0.961533346303674
BSU_08770,ygzA,17.5183653358821,1.73244553829861,0.829859166955878,2.08763800808953,0.0368305007376808,0.189918443731075
BSU_08779,ygzC,13.1534494840999,4.23337612148091,1.17828972540851,3.59281425458686,0.0003271257771691,0.0069847106894065
BSU_08780,ygaJ,222.999101184587,0.547253610679032,0.260004821133942,2.10478255092476,0.0353102407452973,0.185684669463822
BSU_misc_RNA_11,tswD,150.18354405343,0.35341111370603,0.394581386322027,0.895660885071763,0.370433907109528,0.671919559244726
BSU_08790,thiC,3696.7075262927,0.731711669699493,0.262695963780235,2.78539365116255,0.0053462774331509,0.053075543956678
BSU_08800,ygaK,7.07126211536253,1.8054296425612,1.25140331992241,1.44272403134837,0.149098226826971,0.439028666519612
BSU_08810,senS,0.978261034926771,0.12457183335577,3.46065725270725,0.0359965822267774,0.97128508417764,
BSU_08820,katA,686.964997129649,1.44259120250684,0.277991169419218,5.18934182521235,2.11038681316063e-07,1.44629573695476e-05
BSU_08830,ssuB,2.56130108750607,2.46620976964155,2.86861214320863,0.85972227910986,0.389942150674972,
BSU_08840,ssuA,1.51767218238959,2.23655544736391,3.3549487992373,0.666643690023633,0.504999754891857,
BSU_08850,ssuC,1.71218283568411,-0.0492411063959383,2.26220224371714,-0.0217668895575966,0.982633906231367,
BSU_08860,ssuD,10.4336356946281,-0.852315149653613,1.02868607590626,-0.828547376713285,0.407360575851086,0.7067681040389
BSU_08870,ygaN,269.932953286987,0.183159282557297,0.258474782694332,0.708615674798334,0.478563006448538,0.756869235341919
BSU_08880,rpsNB,5.45654884189247,-0.27865692814797,1.78493452397837,-0.156116050423454,0.875941547075305,0.959493589461967
BSU_08890,ygaO,179.313362245628,0.464339087411535,0.294959389155266,1.57424752180751,0.115430236816874,0.377279289411461
BSU_08899,ygzD,46.5154000358654,-0.469233372116813,0.460115854110892,-1.01981570059901,0.307815875514491,0.625494813515577
BSU_tRNA_82,trnSL-Gly1,4.67324354236986,1.36995972346628,1.35349739341284,1.01216280883403,0.311460215328487,0.628392428742041
BSU_08900,yhzB,207.547515807905,0.45467183764079,0.300080684912651,1.51516528887268,0.129730551026502,0.40442047785151
BSU_08910,queG,129.503761921016,-0.274273059779944,0.370686719223927,-0.739905277303067,0.459357472046272,0.740681349916739
BSU_08920,yhbB,13.7552627236883,0.0099459584892192,0.803125137631639,0.0123840707047835,0.990119193747391,0.995268404908002
BSU_08930,trmL,1190.02352467452,0.0355897256418871,0.244437242684203,0.145598621761033,0.884238256065976,0.961688479756606
BSU_08940,yhbD,120.386150219998,-0.816915731731137,0.327430105471695,-2.49493164519582,0.012598139622268,0.0919750777577606
BSU_08950,yhbE,225.277829616162,-0.644074863723798,0.305215141336186,-2.11023234595812,0.0348383476994524,0.183885887422327
BSU_08960,yhbF,340.433027371487,-0.485982730751074,0.255306711084035,-1.9035250921826,0.0569720627252689,0.250594507784335
BSU_08970,prkA,40.2516927467695,1.50666597506711,0.609626995464947,2.47145547404445,0.0134564307420907,0.0960988915884894
BSU_08980,yhbH,120.173329912679,0.440342823512731,0.324608205479307,1.3565363292728,0.174928584488861,0.473837644307596
BSU_08990,yhbI,125.315294251265,0.915715451765055,0.35711055007512,2.56423522512127,0.0103403440055399,0.08187628545414
BSU_09000,yhbJ,245.882431736208,1.04808396435394,0.307188474949887,3.41185965562321,0.0006452132305589,0.0117158590454907
BSU_09010,yhcA,440.640571048754,0.820206157397133,0.264685663019397,3.09879329329986,0.0019431053743526,0.0253259347718535
BSU_09020,yhcB,159.370878012429,1.0742677420394,0.469402710030658,2.28858444803021,0.0221035083531711,0.132874516768598
BSU_09030,yhcC,139.925786372921,0.776788729959202,0.293227021236349,2.64910350582285,0.0080705609876289,0.0695734754580393
BSU_09040,yhcD,0.0,,,,,
BSU_09050,yhcE,121.24867430242,-0.0880670264755987,0.286133297409955,-0.307783215979304,0.758247293751705,0.915220098259438
BSU_09060,yhcF,179.074184396467,-0.463547285261017,0.26269131695624,-1.7646083267314,0.0776296150782531,0.296722331421746
BSU_09070,yhcG,185.663446620211,-0.411105017511035,0.366642811634483,-1.12126845110734,0.262173610418225,0.579290520367674
BSU_09080,yhcH,345.441896539168,-0.449207638179389,0.224114014903922,-2.00437102682742,0.0450303305539778,0.216196468388533
BSU_09090,yhcI,424.76339488663,-0.141746940835971,0.253281239819193,-0.559642478602673,0.575723324440376,0.816132786996299
BSU_09100,cspB,43051.2368781274,0.462199317627331,0.337115454347385,1.37104161695017,0.17036198307677,0.467622776838915
BSU_09110,yhcJ,768.549891596021,-0.0327833050042905,0.335105196434446,-0.0978298914881304,0.922067371250838,0.973756996068242
BSU_09120,dgcK,1010.79125592169,-0.044519762326634,0.232808860554046,-0.191228814146868,0.848346329731475,0.949779828294263
BSU_09130,tcyP,3927.83991400989,0.460332006566815,0.853733105884807,0.539198964399685,0.589749574856923,0.824501521724817
BSU_09140,yhcM,43.3927199880849,0.891216945923336,0.676888811063685,1.31663713649343,0.187960284509481,0.49038502233593
BSU_09150,yhcN,118.51648827906,1.30032093949689,0.56137225501536,2.31632562507264,0.0205404962286059,0.126999402485479
BSU_09165,yhcO,11.1971338678351,1.13709540212025,0.882851015021678,1.28798107808975,0.19775254999345,0.5034455272152
BSU_09180,yhcQ,42.7874818155351,1.0404758775554,0.771955154365604,1.34784497735553,0.177708248252634,0.478321458917909
BSU_09190,mncR,1145.86519437947,-0.148182825140897,0.236702732279396,-0.626029212734169,0.531295780533378,0.790034754652159
BSU_09200,srtA,275.378090662205,-0.0072454261683497,0.38503626944473,-0.018817516019461,0.984986680533981,0.993163241491302
BSU_09210,yhcT,244.093596399132,-0.0927708119429265,0.257789928191072,-0.359869807924247,0.718944496241097,0.896411522768506
BSU_09220,yhcU,72.2457650628601,0.39721023176833,0.503888878248313,0.788289340993527,0.430527480994608,0.722370570162217
BSU_09230,yhcV,54.197125317847,0.283065611979566,0.447742037231556,0.632206914789141,0.527251679501339,0.788002949771786
BSU_09240,glpW,767.689693719192,-0.109553984698691,0.319830505921912,-0.342537633747291,0.731946327335294,0.902161359894989
BSU_09250,yhcX,2419.91075673624,-0.353276661679704,0.280250667018363,-1.26057384782801,0.20746242587496,0.514899443658123
BSU_09260,yhxA,3803.83470541581,0.159737124337491,0.201759366422753,0.79172098510058,0.4285233834401,0.721312809282221
BSU_09270,glpP,2469.68112885488,0.218742948006482,0.193516407578521,1.13035866438212,0.258325124298628,0.575576011088029
BSU_09280,glpF,6077.56175592269,0.0448376173038157,0.298869412893927,0.150024108755917,0.880745594482103,0.960546209177221
BSU_09290,glpK,15953.9077050001,0.315303186926,0.298710729368715,1.05554690851698,0.291175267678339,0.609664362238815
BSU_09300,glpD,1372.09386713818,0.0098295860534069,0.355093971558728,0.0276816472277994,0.97791606148518,0.989560691891053
BSU_09310,pgcA,7579.17066073528,-0.278970753500894,0.19189304203023,-1.45378253713309,0.146006606479705,0.434745669889464
BSU_09320,yhcY,333.323006323275,-0.330167859615239,0.263782831437715,-1.25166546213679,0.210691790185076,0.517658112599488
BSU_09330,yhcZ,208.879065442491,-0.6071561179555,0.251426129522398,-2.4148489224602,0.0157417375011456,0.106338064614257
BSU_09340,azr,215.548016532796,-0.298242680327176,0.273497230868863,-1.09047787935439,0.275502692299419,0.594520538131148
BSU_09350,yhdB,8.4346302242912,1.88739172297607,1.42748823353592,1.32217672877131,0.186109308320454,0.489145123492161
BSU_09360,yhdC,18.988838068253,-0.336132088402126,0.743775758672357,-0.451926651928162,0.651321823548212,0.858728030696754
BSU_09370,lytF,2211.96430776468,0.251709866768935,0.287415166318602,0.875770997031912,0.381154540026688,0.681411316152837
BSU_09380,nsrR,566.387414168246,-0.642174035779889,0.203057043525758,-3.1625302162859,0.0015640450321412,0.0215767121479485
BSU_09390,ygxB,51.4390485253131,-1.0614589839406,0.811954609226571,-1.30728857485235,0.191114722990609,0.494848542344361
BSU_09400,spoVR,44.805238153936,0.129654163527284,0.503770320535561,0.257367610282098,0.796895004151304,0.932270614713351
BSU_09410,phoA,142.510554070694,1.08499399578961,0.295116865108861,3.67648929650085,0.0002364657720569,0.0053443780078188
BSU_09420,lytE,6979.40120286036,-1.59463357777223,0.261434820961789,-6.0995454695199,1.06370499674453e-09,1.25546736976875e-07
BSU_09430,citR,145.349903853837,-0.0325565188693533,0.357535540448551,-0.0910581332096638,0.927446399243501,0.97433381789569
BSU_09440,citA,334.957627744446,1.07145751047984,0.225644154959454,4.74843902192979,2.04992673604706e-06,0.0001002380836202
BSU_09450,yhdF,321.670399948333,1.2880422239328,0.251522295720871,5.12098627376642,3.03941772380535e-07,1.95674028915893e-05
BSU_09460,bcaP,831.399115830013,-0.437176896528175,0.35600183187589,-1.22801867120893,0.219439959028043,0.529772946539862
BSU_09470,yhdH,719.146581021306,-0.240236417480137,0.202904930454597,-1.1839851153045,0.236418954980259,0.55377295463678
BSU_09480,yhdI,379.360174682854,0.298541807489553,0.251988671658225,1.1847429708843,0.236119086972642,0.55377295463678
BSU_09490,yhdJ,132.147808120088,-0.0277883878154238,0.30562979179278,-0.0909217247848161,0.927554787806087,0.97433381789569
BSU_09500,asiMB,67.7240611213976,0.201562260046422,0.595989397294463,0.338197727948564,0.735214187925137,0.902678712164002
BSU_09510,asiMA,706.739507861185,-0.316663062847533,0.200858538506284,-1.57654767978722,0.114899639566216,0.37641369970459
BSU_09520,sigM,339.928256154419,-0.183591917020069,0.224146151319646,-0.819072359436839,0.412745130851448,0.71067403096493
BSU_09530,akrN,290.184786742244,0.221980438558582,1.00487289983929,0.220903995514343,0.82516718630154,0.94271485619379
BSU_09540,plsC,744.664537703935,-0.601333671212923,0.216755771341783,-2.77424525995543,0.0055329947620037,0.0545468555539533
BSU_09550,yhdP,1806.99979861956,-0.0094981672224462,0.176750743603421,-0.0537376365655209,0.957144196466145,0.984268723226397
BSU_09560,cueR,957.234779505303,0.0866185057607131,0.213217989106541,0.406243892101578,0.684563406766305,0.877982636867642
BSU_09570,yhdR,2432.46843252038,0.0398087152266692,0.169512789518396,0.234841956997876,0.814331401264359,0.937937304949673
BSU_09590,yhdT,4693.4027349046,-0.0029799553680712,0.192091886399699,-0.0155131766568767,0.98762277230628,0.993989082472006
BSU_09600,crcBA,101.109682101384,0.622638950298659,0.319526490443835,1.94863014153784,0.0513396098801048,0.235320390917546
BSU_09610,crcBB,113.917478946378,0.549841605244474,0.362168928848993,1.51819099167872,0.128966257793145,0.403186871408281
BSU_09620,yhdW,588.673609484159,0.62762748364799,0.237619339353328,2.64131482461004,0.008258493866958,0.0708123146591232
BSU_09630,yhdX,31.9980147305757,-0.0493004945347329,0.624338121754787,-0.0789644149810478,0.937060927380303,0.977441824562488
BSU_09640,mscY,116.672279473663,-0.433434005991039,0.315757807111233,-1.37267866773078,0.169852263758345,0.467423749163994
BSU_09650,srtN,192.098332160436,-0.150399362793629,0.383798152579778,-0.391870992037581,0.695153537272362,0.884619841457882
BSU_09660,yheN,1864.95449837945,-0.0347477928929023,0.188052772131772,-0.184776818225014,0.853404091124161,0.950737803667164
BSU_09670,dat,3102.08936034875,-0.465323762654998,0.186464837830596,-2.49550407502429,0.0125778310557791,0.0919750777577606
BSU_09680,nhaC,181.871055795464,-0.40029534955672,0.351598411567763,-1.1385015870004,0.254911096575942,0.571531627849293
BSU_09690,nhaX,43.4474056519827,-0.285196963966217,0.725214104304923,-0.393258986929884,0.69412820664265,0.884481181248081
BSU_09700,bmrB,65.6029155517139,0.792393621435418,0.436164381419077,1.81673161585853,0.0692582182438575,0.278985558861377
BSU_09710,bmrC,1426.52333502458,2.56324810351176,0.215376239053838,11.9012576074886,1.16576969553822e-32,1.2383388590854799e-29
BSU_09720,bmrD,1646.72562254769,2.35867946599109,0.229946636254345,10.257508021914,1.09495933582691e-24,9.30496443585709e-22
BSU_09730,yheG,511.040137456456,-0.0089038622373835,0.235033577512041,-0.0378833625885962,0.969780678257797,0.987304505211135
BSU_09740,yheF,0.114189403375502,0.708855282401159,3.52929955165502,0.200848715737022,0.840816869356885,
BSU_09750,sspB,7.17868298821094,1.22235397897146,1.16962108543849,1.04508545048434,0.295983477899623,0.614748964849636
BSU_09760,yheE,93.6740920162565,0.28320244775728,0.43044900251167,0.657923345401647,0.510587388645719,0.780937822783021
BSU_09770,spaD,17.6747304318284,0.168182577789672,0.953542016044384,0.176376682893691,0.859998021845684,0.952188155345395
BSU_09780,spaC,5.58024922509711,-0.0660151735505659,1.20168714886419,-0.0549354077831005,0.956189923127343,0.984233451503636
BSU_09790,yheB,614.095267781331,-0.201324642331934,0.202171778408964,-0.995809820323606,0.319342557901374,0.635351730894103
BSU_09800,yheA,3565.13108493936,0.833857498280357,0.231444440182938,3.60284091344454,0.0003147581823746,0.0067925374132883
BSU_09810,yhaZ,281.518534224886,-0.0961047013786613,0.269064341598351,-0.357181114404683,0.720956223180215,0.89733326060259
BSU_09830,yhaX,571.830670597848,-0.998787403524611,0.278506550205848,-3.58622589948564,0.0003354983560005,0.0070392481859849
BSU_09840,hemZ,1075.09195439633,0.145787146927656,0.215964714570727,0.675050770295677,0.499643509382479,0.771994644133147
BSU_09850,khtU,93.5995789948156,0.332770014812216,0.346379302417268,0.960709870624264,0.336698066820381,0.64990215274533
BSU_09860,khtT,100.659353410879,0.0632116396888295,0.37260641973502,0.169647210409801,0.865287592114234,0.953085293195527
BSU_09870,khtS,156.168911091345,0.468904897437908,0.356268201309078,1.3161570292127,0.188121343000133,0.49038502233593
BSU_09880,yhaR,604.772690009485,-0.910793670590654,0.206292991347667,-4.41504902634179,1.00987100614799e-05,0.0004010226079554
BSU_09889,yhzD,14.9445409620801,-0.626699637518864,0.68676597735056,-0.912537397290088,0.36148589231153,0.665768693580218
BSU_09890,yhaQ,677.759054785924,0.375352347687433,0.270057837517527,1.38989614646186,0.164560415963275,0.461880259332112
BSU_09900,yhaP,1246.50096506232,0.366100267037433,0.228802193463389,1.6000732401021,0.109582336644566,0.366915168166084
BSU_09910,yhaO,768.347360250276,-0.253231156907961,0.218793522929631,-1.15739786771204,0.24710984482394,0.563590837711713
BSU_09920,sbcE,2081.03789803413,-0.0159320840656808,0.193316678125998,-0.0824144311816528,0.934317160664883,0.976368326528551
BSU_09930,yhaM,2273.79668452238,-0.0188808291263977,0.220872254758416,-0.0854830279477563,0.931877387814567,0.975979053690928
BSU_09940,yhaL,22.2875704650476,1.40138337363296,0.73211349292637,1.9141613795853,0.0555995387616476,0.247115523219917
BSU_09950,prsA,5866.32311250934,-0.0758623059573074,0.167283054994685,-0.453496655472472,0.650191151123474,0.858728030696754
BSU_09958,sscA,0.114189403375502,0.708855282401159,3.52929955165502,0.200848715737022,0.840816869356885,
BSU_09959,sscB,0.0,,,,,
BSU_09965,yhaJ,412.539502638095,0.120278783987439,0.235638272188323,0.510438235989576,0.609744475095853,0.837235881426309
BSU_09980,yhaI,565.091828711841,-0.132840517333724,0.25227024740375,-0.526580200007169,0.598485144776281,0.830575604098904
BSU_09990,scoC,3600.61666739147,0.372246539531703,0.274802352968766,1.35459735155184,0.175545877751045,0.474560370991484
BSU_10000,yhaH,1470.26783167831,-0.145189067861984,0.208495163751314,-0.696366597909005,0.486199275659203,0.76279895613112
BSU_10009,yhzF,2.00611364630576,-0.434285416162619,2.54584648745445,-0.170585861442437,0.864549415901525,
BSU_10010,trpP,5276.38157476464,0.0598733991812157,0.238047675054441,0.251518521100963,0.801413244573379,0.934734312122633
BSU_10020,serC,5113.90691633128,0.106475492657985,0.176140996286196,0.604490123837966,0.545517833379038,0.797901987617051
BSU_10030,hinT,1934.56093827376,-0.234804617844935,0.284324161213467,-0.82583420572776,0.408898147474855,0.707990313211352
BSU_10040,ecsA,1270.04805598998,-0.165270820178635,0.199239450157182,-0.829508513741885,0.406816721237482,0.706457025801577
BSU_10050,ecsB,1427.60993462161,-0.243317596897016,0.172980527042125,-1.40661842727397,0.159540565896493,0.45366109100085
BSU_10060,ecsC,925.537375325158,-0.04616018496614,0.183949383884258,-0.250939600837066,0.801860806704401,0.934734312122633
BSU_10070,sndC,1521.00321328064,0.059475445034289,0.363166997242078,0.163768859742077,0.869913106979442,0.955847114444182
BSU_10080,yhfA,18.7240211999276,0.247491938412423,0.706491895287864,0.350311079381288,0.726105251291412,0.898695372192604
BSU_10090,yhgB,11.8644747941836,0.803903490473386,0.851592685968055,0.94399999403417,0.345169651324723,0.653760943255378
BSU_10100,hmoB,993.170603978075,-0.140390229413819,0.29015131516022,-0.483851776912664,0.628491066144113,0.847226694177138
BSU_10110,pbpF,540.949711095008,0.198137051309465,0.206710166949416,0.958525912070648,0.337797631618397,0.651226014857789
BSU_10120,hemE,1152.14337443352,-0.0891825486108139,0.184133001054626,-0.484337669510728,0.628146246193976,0.847226694177138
BSU_10130,hemH,1515.51714891417,-0.0116822749334707,0.22198432899031,-0.052626574977645,0.958029442535309,0.984360123180105
BSU_10140,hemY,1470.93046638309,-0.0448388650547538,0.213043061745459,-0.210468553574988,0.833301992585892,0.943296847420234
BSU_10150,yhgD,320.965136414267,-0.34989687311407,0.272389255884906,-1.28454726298718,0.198950537568886,0.503751853933211
BSU_10160,yhgE,1126.74740358765,0.0235064109121474,0.229211326881766,0.102553443723454,0.918317394460701,0.973756996068242
BSU_10170,fabHB,122.163470847951,0.764070238256518,0.32651552201955,2.34007324837307,0.0192799581705218,0.122269466069474
BSU_10180,yhfC,99.8146684534261,-0.849645836901211,0.35835654808141,-2.370951058241,0.017742380292403,0.115802417607405
BSU_10200,yhfE,1456.98829673836,0.17962776617595,0.248598166646346,0.722562714758419,0.469948582158101,0.749875595943526
BSU_10210,yhfF,799.983231022825,0.0661616960919592,0.231199236433178,0.28616745069174,0.774749872305334,0.92157084692455
BSU_10220,gltT,6590.4679835372,-0.613192919650135,0.241522811715835,-2.53886129965889,0.0111213904093833,0.0851227047950954
BSU_10230,yhfH,22.3941626464675,0.967649020841789,0.821879764056613,1.17736080526632,0.239051526860036,0.555939792517741
BSU_10240,yhfI,1443.97611837263,-0.0260464005087934,0.242560009619626,-0.107381264329757,0.914486517456513,0.973725694787628
BSU_10250,lplJ,2287.19729577093,-0.29402007115937,0.226760528587123,-1.29661045064289,0.194765254824802,0.500685430503786
BSU_10260,yhfK,2263.96300816896,-0.077817784008064,0.255124755689104,-0.305018553757649,0.760352021394713,0.916103905080247
BSU_10270,lcfB,428.817310238272,-0.333959108687961,0.217913266042802,-1.53253225355434,0.125391144717834,0.396549141705782
BSU_10280,yhfM,7.07176875880453,1.25289134374242,1.16802665799832,1.07265646307212,0.28342528106826,0.604146744546417
BSU_10290,yhfN,155.207950885717,0.029853996339961,0.328261626039676,0.0909457395314084,0.927535705867604,0.97433381789569
BSU_10300,aprE,453.586712587458,0.962086475245528,0.260096637034477,3.69895776514019,0.0002164866178526,0.0050820532555571
BSU_10310,yhfO,279.8247263204,-0.39090382895419,0.291268707404062,-1.34207286611091,0.179572370753781,0.481086382933679
BSU_10320,yhfP,1378.57159843702,0.0140787801546604,0.26964015048324,0.052213218726621,0.958358800280656,0.984360123180105
BSU_10330,yhfQ,5775.27443954342,-1.13436226175931,0.350731345738965,-3.23427682053707,0.0012195119122012,0.0179297789444402
BSU_10340,phoE,713.053472027408,-0.14056827458253,0.219052486019683,-0.641710473762437,0.521061187424181,0.785659682528511
BSU_10350,yhfS,342.798906412783,-0.245813771413343,0.359224937896253,-0.684289272490141,0.493792519618954,0.767367868182409
BSU_10360,yhfT,535.151769270643,-0.431558392080467,0.32764770183549,-1.31714152018423,0.187791191794594,0.49038502233593
BSU_10370,bioY,63.0010685653121,-1.09496817182346,0.536683208437145,-2.04025047664912,0.0413253845868578,0.204413922129871
BSU_10380,hemAT,3728.61721878509,0.398713890134603,0.227755204182286,1.75062471817544,0.0800105746202337,0.302191050276776
BSU_10390,yhfW,5.66322940023146,1.73746887526561,1.20604965276509,1.44062798018485,0.149689811277771,0.440160559252076
BSU_10400,yhxC,6.77779769541224,-0.739782776110802,1.09837905648529,-0.673522288815336,0.500615073686744,0.772124832053694
BSU_10410,yhzC,575.441271169934,0.0099783049150994,0.379072233255564,0.0263229644371559,0.978999738283854,0.990064714289951
BSU_10420,comK,232.841376827971,0.781833077299192,0.279776029985928,2.79449628811488,0.0051980637516641,0.0522141202856292
BSU_10430,yhxD,39.5781704223337,-0.168515290865151,0.792440020904467,-0.212653685351244,0.831597094151136,0.943296847420234
BSU_10440,yhjA,5610.87135722776,0.581080223771379,0.262943086237423,2.20990873761441,0.0271114967125465,0.155881934413545
BSU_10450,yhjB,67.1103096834741,0.350908705995289,0.534535987561399,0.656473491328742,0.511519518289724,0.780972487679855
BSU_10460,yhjC,11.0181080331815,0.482461376008274,1.04841928468907,0.46017979929791,0.645387169393514,0.856685436661369
BSU_10470,yhjD,20.8486389779874,-0.320587946254682,0.605394285312242,-0.529552316618473,0.596422362361825,0.829114273366699
BSU_10480,yhjE,284.204778172192,-0.623995789538052,0.225821202391443,-2.76322941747695,0.0057232523474005,0.0557754569360201
BSU_10490,sipV,320.366731854872,-0.164591647682553,0.240867177471397,-0.683329498898195,0.494398658055947,0.767519144347724
BSU_10500,yhjG,85.4682140580529,-0.191184047481065,0.398741947659924,-0.479468108642838,0.631605650656832,0.849538591212687
BSU_10510,yhjH,160.831306434069,-0.355183221439437,0.287394517511111,-1.23587333716519,0.216505649285853,0.52507563003173
BSU_10520,glcP,106.711444285241,0.341760408551646,0.315679243073496,1.08261919670175,0.278977482976035,0.598372198468032
BSU_10530,ntdC,179.749431888462,0.481545133435139,0.328569862833968,1.4655791291439,0.142762980566603,0.42838976301377
BSU_10540,ntdB,78.0487429080443,0.838946094276504,0.346750016301312,2.41945509686002,0.0155437796860791,0.106012070443258
BSU_10550,ntdA,54.0391167852943,1.56152051133026,0.472767980106897,3.30293204496883,0.0009567957115348,0.0152263107801932
BSU_10560,ntdR,513.759720718265,0.631166264430522,0.205874609518063,3.0657800197316,0.0021710297955149,0.0279536533367967
BSU_10570,yhjN,514.023702271537,-0.519385931170811,0.320827494945205,-1.61889469996803,0.105469921434644,0.358392144677389
BSU_10580,yhjO,1.35096958266766,0.634055066083108,2.1829219651198,0.29046162722006,0.771463102976941,
BSU_10590,yhjP,241.105984784243,0.217957413622397,0.243578534543387,0.894813715958104,0.370886677017018,0.671919559244726
BSU_10600,yhjQ,5.7317848990863,-0.05790872604738,1.32546314652725,-0.0436894275024565,0.965151966801906,0.986037678995262
BSU_10610,yhjR,1.47146662025703,1.2914909110946,2.45350523819807,0.52638604189128,0.598620011797553,
BSU_10620,addB,1672.76332038468,-0.415808693006179,0.188528260382914,-2.20555099888813,0.0274154532396239,0.156992265249544
BSU_10630,addA,2817.64735663407,-0.381463414628303,0.201712028709342,-1.89112873966467,0.0586071609164821,0.255145314276775
BSU_10640,sbcD,628.374500524198,-0.332952925644752,0.254582875021063,-1.30783708691013,0.190928572089595,0.494667989517494
BSU_10650,sbcC,2300.89912217881,-0.312022589175943,0.20983389127924,-1.48699805962572,0.137015323426971,0.419366656282717
BSU_10660,hlpB,317.123012885594,-0.199334798984682,0.234628039077889,-0.849577909648339,0.395559797817118,0.695429909541
BSU_10670,gerPF,9.84659881268561,-0.227817831464834,0.874957419282325,-0.260375906808927,0.794573825763538,0.931595247702091
BSU_10680,gerPE,1.80303712177651,-0.206582886966036,2.06490288050223,-0.10004484419906,0.920308723487668,
BSU_10690,gerPD,0.203025602382649,0.0301246022916791,3.5318040040321,0.0085295226624374,0.99319450807644,
BSU_10700,gerPC,7.63490645950823,1.22418637371989,1.22129654336552,1.00236619875006,0.316166760978881,0.631887378833144
BSU_10710,gerPB,1.99605323802845,-0.0290714618586327,2.23915042839993,-0.0129832553855735,0.989641152002772,
BSU_10720,gerPA,0.935967422317248,0.993233841041232,3.43599654774966,0.289067182471918,0.77252996662486,
BSU_10730,pchI,16.0687649190901,0.182709893823681,0.696632624871826,0.262275821287149,0.793108801539795,0.931262982925228
BSU_10740,yisJ,0.56217824858393,0.148127816154414,3.4684476831917,0.0427072366904221,0.965934910789954,
BSU_10750,mblK,1904.59761714138,-0.651295670442914,0.227187920768828,-2.86677068146432,0.0041468337057972,0.0450636736980367
BSU_10760,yisL,731.025552457152,-0.027130986841178,0.311401421530211,-0.0871254431269378,0.93057180159016,0.97533290206132
BSU_10770,wprA,22176.3530920714,0.473007322155722,0.170492339490205,2.77436114472988,0.0055310239889169,0.0545468555539533
BSU_10780,yisN,6.59548811972801,4.42311041844182,1.45026472379594,3.04986417022178,0.0022894488347352,0.0286113767611473
BSU_10790,asnO,11.8496286900331,1.08747439027912,0.80690652656338,1.34770801137361,0.177752314340169,0.478321458917909
BSU_10800,yizA,91.9475579320166,0.692654075935334,0.488949312685225,1.41661734246316,0.156594835313324,0.450732011036801
BSU_10810,farP,277.458298299607,-0.159524363113073,0.250633192239087,-0.636485382035503,0.524460105767851,0.78798884791929
BSU_10820,yisQ,30.0327559847932,0.297907418240817,0.511771639324582,0.582110057200483,0.560492551279649,0.808208222921033
BSU_10830,yisR,234.763507206967,-0.31082345865964,0.289911187507377,-1.07213337067832,0.283660132082192,0.604146744546417
BSU_10840,iolQ,472.78532275863,0.103244915202499,0.210622275466419,0.490189914499144,0.623999516890082,0.845463631143482
BSU_10850,iolX,492.313956780259,-0.527922722521501,0.292851102048584,-1.80270013951977,0.0714353202715278,0.284825597872556
BSU_10860,yisT,631.49059077136,-0.788116061994073,0.307755004821541,-2.560855387067,0.010441480916039,0.0820071209098887
BSU_10870,yisU,12.0907099769549,3.56686475992536,1.25358617981118,2.84532871961193,0.00443656123114,0.0471273716777853
BSU_10880,yisV,147.962936521467,-0.0340472873937835,0.326316566633466,-0.104338212874209,0.91690095390199,0.973756996068242
BSU_10890,yisX,536.015158787095,0.848200769693235,0.220543847984623,3.84595071431044,0.0001200859013522,0.0031890312177846
BSU_10900,yisY,71.692927931211,0.360415031042154,0.378983281458589,0.951005093562516,0.341601790202083,0.653760943255378
BSU_10910,yisZ,1.77354219051591,-0.0927489352593166,2.28134516733252,-0.0406553714832043,0.96757064055352,
BSU_10920,yitA,4.64395552726766,0.498074688110512,1.22609345060901,0.406228976969996,0.684574364778183,0.877982636867642
BSU_10930,yitB,3.15508407766472,0.185992246642547,2.02108849645251,0.0920257806469175,0.926677556505265,0.97433381789569
BSU_10940,slpH,11.519794568906,1.38937513868294,1.00580806312556,1.38135215814978,0.167170708280613,0.464455520643631
BSU_10950,slpS,6.75685828319117,1.23881784560881,1.18531391080845,1.0451390423351,0.295958711797656,0.614748964849636
BSU_10960,yitE,2.25602985036986,1.77350916613627,2.05344880156106,0.863673428228657,0.387767314505946,
BSU_10970,yitF,45.1548548804548,-0.0473750276486255,0.543017698057062,-0.0872439845296666,0.930477578021415,0.97533290206132
BSU_10980,yitG,75.6900926515167,-0.780941298563873,0.364141786348317,-2.1446077540161,0.0319842218198511,0.173801579955518
BSU_10990,yitH,766.164443927514,-0.0464127222970549,0.188399297893485,-0.24635294725618,0.805409026568615,0.936113218638999
BSU_11000,yitI,596.505830979217,-0.0746772590101238,0.197532969341293,-0.378049594754473,0.705393751833939,0.890164118498039
BSU_11010,samT,328.900495240346,-0.236606766401196,0.275976700447886,-0.857343268533916,0.391255202414786,0.691069451543594
BSU_misc_RNA_12,mswK,646.859636192789,0.767658368248534,0.283447234741052,2.70829372863644,0.0067630137749082,0.0623554866768588
BSU_11020,yitK,1169.74057881539,0.432646043370596,0.248448056254209,1.74139435781263,0.0816144765339819,0.306613537394243
BSU_11030,yitL,1058.98391930312,-0.299886406461267,0.197285554390015,-1.52006266950706,0.12849522570636,0.402883487018923
BSU_11040,yitM,70.5331458691179,1.09781475832137,0.377156980382243,2.91076346302472,0.0036054685252154,0.0414044209828123
BSU_11055,yitO,2.14650007070462,0.202856815301383,2.15834033853002,0.0939874086028261,0.925119158937264,
BSU_11070,yitP,0.539599987287043,1.74570513547767,3.48774064069685,0.500526075565321,0.616704700251179,
BSU_11079,yizB,69.0874463583595,-0.749746928486372,0.449677074364873,-1.66730076143046,0.0954546153272606,0.337426506260841
BSU_11080,yitQ,168.231637906855,-0.0551778141114531,0.304580021880455,-0.181160319612525,0.856241739565814,0.950918454494557
BSU_11090,yitR,86.9039224118224,-0.092869110422231,0.357714613644552,-0.259617882188374,0.79515854120177,0.931778444998985
BSU_11100,nprB,97.0995803977891,0.582446594978163,0.329036009127771,1.77016064752958,0.0767003828411471,0.29466539483909
BSU_11110,fakBB,706.163483697363,0.416580335621221,0.256074273961474,1.6267949496711,0.103780654615551,0.355329574102721
BSU_11120,yitT,1506.2631679358,0.653528939777111,0.193643787933782,3.3749026847202,0.0007384179741362,0.0128587621807584
BSU_11130,ipi,581.419906903605,0.612887847736227,0.243882601225815,2.51304457413403,0.0119694210557862,0.0889127099056568
BSU_11139,yizC,349.746304093106,-0.140148355484419,0.221411765010827,-0.632976099881439,0.526749250540874,0.78798884791929
BSU_11140,ribZC,1704.74949686221,0.0767158429716984,0.236241523513108,0.324734796114036,0.745381797161255,0.907081653666843
BSU_11150,yitV,485.265208089164,0.0640220449442717,0.214364117530697,0.2986602687136,0.765199275084664,0.918543401513606
BSU_11160,yitW,2040.73360113943,0.260740303895077,0.247216143925517,1.05470581230988,0.291559892696934,0.609664362238815
BSU_11170,yitY,1538.76269407263,0.394010975700762,0.179092518606416,2.20004151355235,0.0278039498087586,0.158788955292225
BSU_11180,yitZ,344.66315957857,0.478936576118364,0.269854202674806,1.7747975439001,0.0759313220416899,0.292901110351842
BSU_11190,argC,63.6578807618988,-0.108324151490655,0.433875644798255,-0.249666356683891,0.802845377855879,0.935112393231806
BSU_11200,argJ,86.8769537194976,-0.0240808531861643,0.349051647945882,-0.0689893697046743,0.944998081085727,0.980775976192783
BSU_11210,argB,47.6351655319954,-0.314364920774849,0.465251567338751,-0.675688042434811,0.499238729465331,0.77164982229836
BSU_11220,argD,51.3427696232767,0.0901483122500114,0.446738752081097,0.201792013408424,0.840079325491986,0.947147741559123
BSU_11230,carA,81.0681904676407,-0.022139550501653,0.460666442687847,-0.0480598290869105,0.961668560933259,0.984609569977209
BSU_11240,carB,196.515149932428,0.07388072700132,0.265809798322031,0.277945837466129,0.781053936437183,0.924428461259496
BSU_11250,argF,99.7558979015208,-0.663407893068344,0.366195542174243,-1.8116219796927,0.0700446263630733,0.281570120545599
BSU_11260,yjzC,0.235005011809798,-0.948814082257048,3.51307031919733,-0.270081152965317,0.787097821256757,
BSU_11270,yjzD,1709.50114545886,0.681588735525096,0.368423247421819,1.85001554677879,0.0643113088701308,0.266593903794328
BSU_11280,yjaU,76.6207244381256,0.181759854472113,0.381713025009444,0.476168856086628,0.63395408528614,0.850294128103039
BSU_11290,yjaV,9.85654508619849,1.4051259879138,1.05339772815408,1.33389882127055,0.182237017935202,0.484862297562101
BSU_11300,med,2326.35549386391,0.444060290380181,0.212385806497422,2.0908190509688,0.036544287673464,0.188901068521349
BSU_11310,comZ,756.718558567624,0.537345844260712,0.189951313392116,2.82886090474917,0.0046713997092231,0.0485300180060859
BSU_11320,yjzB,15.0999727352523,1.43350693578361,0.885967533679833,1.61801294211041,0.105659808555501,0.358392144677389
BSU_11330,fabHA,1590.38110802334,-0.537207756439605,0.196573720456219,-2.73285643265451,0.0062787694163509,0.0588523984657985
BSU_11340,fabF,4042.84758253788,-0.189316738869505,0.175740928641431,-1.07724899562681,0.281369041781133,0.601376790004042
BSU_11350,yjaZ,38.337730749469,0.752135297650525,0.614492870561495,1.22399352975936,0.22095466836047,0.531617432538867
BSU_11360,appD,385.158126054029,0.117679787913739,0.255443845705494,0.460687504875005,0.645022820913688,0.856469364394456
BSU_11370,appF,494.477937592459,0.283948702030553,0.235329703682212,1.20659949673839,0.227586420672439,0.541138613003467
BSU_11390,appB,938.355936515524,0.708801178797208,0.182200990693445,3.8902158330729,0.0001001551005954,0.0027455420801936
BSU_11400,appC,933.758716566551,0.69267870640289,0.187456868785452,3.69513643800204,0.0002197687418702,0.0051307548582778
BSU_11410,yjbA,187.511588296069,0.757874349710109,0.346658102447985,2.1862300184483,0.0287987811209073,0.162421328984382
BSU_11420,trpS,2484.67458913337,-0.352536679199587,0.207350014104287,-1.70020089326966,0.0890931443158717,0.322344553573
BSU_misc_RNA_13,tboWA,893.534533181947,-0.584730181246894,0.25524335654036,-2.29087326374519,0.0219707447317431,0.132874516768598
BSU_11430,oppA,61478.7085623514,-0.339658162525223,0.200874571565078,-1.6908967614907,0.0908565219420883,0.326606905018556
BSU_11440,oppB,1884.92640086319,-0.619284438004917,0.26740566826402,-2.31589869438921,0.0205638006377993,0.126999402485479
BSU_11450,oppC,3041.74158409237,-0.60158297148695,0.226023808422917,-2.66159116459678,0.0077772277287889,0.0679947337852351
BSU_11460,oppD,4175.25411800939,-0.577006813894988,0.238840251936933,-2.41586922311299,0.0156976982304236,0.106338064614257
BSU_11470,oppF,2029.38021694941,-0.612479068818258,0.291604441085822,-2.10037634042068,0.0356957485948678,0.185871612474992
BSU_11480,yjbB,59.4415386379866,-0.135379110855142,0.376481413473416,-0.359590423352205,0.71915344624208,0.896411522768506
BSU_11490,yjbC,1151.21797841204,-0.617474175615847,0.254168513989099,-2.42938893541444,0.0151242979905536,0.10398566692858
BSU_11500,spxA,4589.31598702385,-0.143223277220194,0.254708912294114,-0.562301789639828,0.57391041920944,0.816112908708471
BSU_11510,yjbE,10.7996440439429,0.036167411864136,0.935630335076804,0.0386556640034198,0.969164921967725,0.987052194017465
BSU_11515,BSU_11515,9.89753055609633,-1.07944612535481,1.16627107819579,-0.925553368797156,0.354678136495071,0.659574405309418
BSU_11520,mecA,2865.31515478083,-0.112832746167468,0.237318984679197,-0.475447618824059,0.634467960287889,0.850294128103039
BSU_11525,BSU_11525,0.625661243222723,0.0238651323794968,3.42901124092803,0.0069597708210014,0.994446951145376,
BSU_11530,coiA,17.6280506477028,0.250074840092996,0.638159573775615,0.391868821482141,0.695155141128368,0.884619841457882
BSU_11540,pepF,5473.40192681936,0.132314866301287,0.206612127167167,0.640402226701012,0.521911135603674,0.786383125950359
BSU_11549,yizD,0.645020622368966,0.954769440325006,3.44994791534538,0.276748943390765,0.781972887632499,
BSU_misc_RNA_67,roxS,4.33097549305963,3.40797521800511,1.65532497063343,2.05879526888367,0.0395138550924815,0.197988644207493
BSU_11550,spxH,1483.30382599041,0.0992341273539443,0.186619443878128,0.531745917208656,0.594901985013462,0.828175977681679
BSU_11560,yjbI,718.326546513567,0.0382628508954799,0.22129448395649,0.172904675305884,0.862726356644299,0.952905437791136
BSU_11570,cwlQ,2501.42200033391,0.355957425910032,0.188462088281789,1.88874817824263,0.0589255796204268,0.255745442091107
BSU_11580,yjbK,591.491089952471,0.0772851378742773,0.219783637834723,0.351641908540961,0.725106831532213,0.898695372192604
BSU_11590,yjbL,523.127256199381,-0.463329563568193,0.250876607674728,-1.84684242928268,0.0647699805318769,0.267191890563053
BSU_11600,relP,1293.41208705926,-0.574270250295045,0.190248507035342,-3.01852697423988,0.0025400678819536,0.0309247806029259
BSU_11610,ppnKA,1124.90142659606,-0.297924573975278,0.215060253486185,-1.38530746219183,0.165958472951594,0.463005614951624
BSU_11620,yjbO,2339.88352489756,-0.233663248044511,0.190755647134053,-1.22493489212566,0.220599752582667,0.531064220240085
BSU_11630,prpE,82.3858714369997,0.0884743134638739,0.369146006346086,0.239672953094138,0.810583804179667,0.936779950872458
BSU_11640,kefQ,198.485375894051,0.545291805482589,0.344241402962163,1.58403899353886,0.113184845806731,0.373097292345075
BSU_misc_RNA_14,tswA,205.084999427395,-0.294809415701103,0.450827738887134,-0.653929184634554,0.513157430340402,0.78191669587819
BSU_11650,tenA,2233.04754018595,0.422357787926381,0.234221640289706,1.80323981765294,0.0713505596373861,0.284825597872556
BSU_11660,tenI,1832.5865411142,0.248286887851975,0.269568839127403,0.92105188661895,0.357023338092188,0.66222038005496
BSU_11670,thiO,2804.78141737978,0.29653117320819,0.241760223781088,1.22655070619349,0.219991506116021,0.530802901469038
BSU_11680,thiS,562.627234400299,-0.330279780738918,0.350731548890839,-0.941688256398383,0.346352269254301,0.653760943255378
BSU_11690,thiG,2494.96804449673,0.503386957750779,0.219324760506344,2.2951670234981,0.0217235542412206,0.132619801682394
BSU_11700,thiF,2903.05999542683,0.403282415063265,0.234791090914708,1.71762230624741,0.0858655289600534,0.315755438106517
BSU_11710,thiD,3132.12408522341,0.33332424736437,0.256039340109635,1.30184778331971,0.192968425506089,0.497224281367722
BSU_11720,fabI,3149.00977452576,-0.0648051349122066,0.265400752354902,-0.24417841448146,0.807092643913834,0.936779950872458
BSU_11730,cotO,11.2601274515546,0.330636469244625,0.782783708187406,0.422385476072616,0.672743677305861,0.872021929491337
BSU_11740,cotZ,3.48555901385748,0.886470530382245,1.42661304974483,0.621381201118836,0.534348837959556,0.790240783978417
BSU_11750,cotY,0.962235628127117,1.26495661140875,2.79223258948918,0.453026949176952,0.650529336131092,
BSU_11760,cotX,11.9482557962187,0.0350042624157541,0.78777392583582,0.044434400870294,0.964558140789525,0.986037678995262
BSU_11770,cotW,4.20928461868632,2.04430229074573,1.38192071314669,1.47931952339781,0.1390549373326,0.422119234278345
BSU_11780,cotV,2.17966557520978,1.37048346162895,2.79554580672765,0.490238241967203,0.623965322765895,
BSU_11790,yjcA,18.0246185668474,1.50579857497736,0.876283863784587,1.7183913081247,0.0857252646724816,0.315755438106517
BSU_11799,yjzK,0.0,,,,,
BSU_11800,yjcB,0.0,,,,,
BSU_11809,yjcZ,0.818509025976385,-0.547633411706479,3.42863866436052,-0.159723279504176,0.873099061936656,
BSU_11810,spoVIF,1.54479018234484,0.73397393444211,3.17416297289068,0.231233853053767,0.817133131626873,
BSU_11820,yjcD,611.133231434401,0.542508181530103,0.210175904696456,2.58121016447444,0.0098454624488433,0.0799873230308512
BSU_11839,yjzE,157.101973088191,0.267943479845639,0.322220158028482,0.831554057589268,0.40566070342458,0.705258727025794
BSU_11840,yjcF,2673.82069143724,-0.206373067316858,0.210740683337723,-0.979274927120424,0.327444155550411,0.64263751359524
BSU_11850,yjcG,2869.09622789477,-0.436549862923033,0.174216482189288,-2.50578967866379,0.0122178271452357,0.0902844305045333
BSU_11860,yjcH,3714.70597530041,-0.3311335550839,0.203824442728375,-1.62460179285358,0.104247434885787,0.356067002274687
BSU_misc_RNA_15,mswA,10.8676594028813,-0.0107607745998337,0.899954132732927,-0.0119570255954668,0.990459901210181,0.995268404908002
BSU_11870,metI,843.052766134082,0.133131653505353,0.226776578294542,0.587060861869249,0.557162831939973,0.806329997586153
BSU_11880,metC,869.317320626951,-0.106035523486033,0.203352755211756,-0.521436374813884,0.602062817488721,0.832375280765305
BSU_11890,yjcK,379.839082865451,-0.0387868628221334,0.284050354912115,-0.136549249636157,0.891387093539052,0.963875143032505
BSU_11900,yjcL,189.7815887708,0.871431790729679,0.373554194898845,2.33281222010009,0.0196580030247802,0.122833610076899
BSU_tRNA_83,trnSL-Val2,1.55710389125886,2.90996614195546,3.16594243426639,0.919146889867489,0.35801874615287,
BSU_11910,yjcM,5306.98116592737,-0.11386731396132,0.212894471200022,-0.534853316384798,0.592751291795003,0.82631241431659
BSU_11920,yjcN,3108.19920451341,0.183579651266792,0.214177113836354,0.857139439310305,0.391367826971676,0.691069451543594
BSU_11928,yjzF,36.6700581190817,0.775611558847009,0.451967266659003,1.71607905276067,0.0861475745807536,0.315930782683244
BSU_11929,yjzG,38.6766427035535,0.361783603138087,0.595029050602144,0.608009983331028,0.543180852603962,0.79612812787659
BSU_11930,yjcO,132.91547912676,0.830380346980634,0.291378803612423,2.84983099898084,0.0043742464784975,0.0465818879376847
BSU_11940,yjcP,437.595467306448,-0.0649158652286754,0.261043580217522,-0.248678267339815,0.80360966098743,0.935746080990845
BSU_11950,yjcQ,675.332526084602,0.163251849079774,0.21726266149264,0.751403153943711,0.452410065192616,0.737074527225239
BSU_11960,yjcR,1.66959558615062,-0.7772651490579,2.29686519031846,-0.338402598608816,0.735059816121808,
BSU_11970,yjcS,436.270236825387,1.36572866757172,0.254973629385656,5.35635261914091,8.49187062492661e-08,6.11558615005308e-06
BSU_11980,yjdA,1291.11602855306,1.30471533096242,0.285189842689018,4.57490112081282,4.76444951953648e-06,0.0002096949637294
BSU_11990,yjdB,289.336479974289,0.288118170678736,0.290598741853485,0.99146393009506,0.321459096760623,0.637070756593231
BSU_12000,manR,2132.71683574134,-0.475925149216335,0.33074615525767,-1.43894385966652,0.150166429494166,0.441239321677897
BSU_12010,manP,3330.34281306296,-0.610614517879962,0.431716689270835,-1.41438710398545,0.157248274442461,0.450732011036801
BSU_12020,manA,2459.81232302316,-0.680876260342331,0.362676891483613,-1.87736322972509,0.0604683275285397,0.259265908476693
BSU_12030,yjdF,2618.72035323272,0.133634832237184,0.325697843211656,0.410303092336848,0.681583623939813,0.877324694977359
BSU_12040,yjdG,282.932189049398,0.542568681435746,0.277223364610983,1.95715351120246,0.0503294226550065,0.23397124383055
BSU_12050,yjdH,2.51298199227986,-0.510684195123046,2.13242690353099,-0.239484970986544,0.810729548869674,
BSU_12060,trnE,455.288454079779,0.441502429040581,0.212079663008639,2.08177636071873,0.0373629019584958,0.192197300752601
BSU_12069,yjzH,58.9787413754807,0.287916980151454,0.531370821908219,0.541838144438395,0.587930011487115,0.824241140062643
BSU_12070,yjdJ,47.1509267773154,1.18920628559327,0.464205637120631,2.5618092295683,0.0104128497505722,0.0819337010929279
BSU_12080,ctaO,48.0399830774962,-0.756897596622206,0.677558973690111,-1.11709478586049,0.263953799686119,0.581409898842052
BSU_12090,cotT,2.60824832168879,1.13017596627271,2.13476251098668,0.529415314563655,0.596517376719699,0.829114273366699
BSU_12100,pdaC,805.821328258563,-0.246164934450943,0.212098710484809,-1.16061495087955,0.245798522589514,0.56290922852685
BSU_12110,yjfA,123.330096795541,2.23467804969535,0.413307786089657,5.40681333598345,6.41559438376097e-08,4.95633827938188e-06
BSU_12120,yjfB,488.589410018224,1.83501052590138,0.24258105710411,7.56452522636108,3.89283789282079e-14,1.18147630047111e-11
BSU_12130,yjfC,3.0219078208075,3.15011860528989,2.15754653848394,1.46004665442971,0.14427725218793,0.431714115877827
BSU_12140,yjgA,238.638084347759,-0.0575670010592599,0.291384954203829,-0.197563395874554,0.843386676120834,0.948509467638127
BSU_12150,yjgB,12.3817292143392,1.62052862135725,1.30205092785051,1.2445969559981,0.213279939869687,0.520221851036912
BSU_12160,yjgC,171.35116959467,-0.320383597109997,0.591965154341801,-0.54122036535449,0.588355702002824,0.824241140062643
BSU_12170,yjgD,43.2216360298559,-0.42604934592382,0.836742184819047,-0.509176367169724,0.610628606719732,0.837235881426309
BSU_12180,yjhA,486.163611092907,-0.966430331869606,0.304750873860096,-3.17121430901384,0.0015180310521348,0.0211479145590853
BSU_12190,yjhB,45.0078701546236,-0.240920303728193,0.506130023136164,-0.476004766987273,0.634070981781647,0.850294128103039
BSU_12200,yjiA,48.7387645821155,1.26544179476133,0.752072575071852,1.68260595679936,0.0924513977825733,0.329828706278887
BSU_12210,cypE,137.891207713705,-0.0836023080396398,0.324694543948655,-0.257479867148184,0.7968083552056,0.932270614713351
BSU_12220,ppuG,133.954068981112,0.30722874567275,0.283700700216849,1.08293263089558,0.278838326888043,0.598372198468032
BSU_12229,yjzI,192.658251433344,0.673078238113164,0.331893904593427,2.02799216495913,0.0425610476639908,0.207864243131376
BSU_12230,yjjA,1380.20630442449,0.0342267122069507,0.182182647029309,0.187870320060968,0.85097830958726,0.950082430691064
BSU_12240,yjkA,156.795522583429,-0.148171921360085,0.296520917158547,-0.499701413242489,0.617285337232357,0.840395599263199
BSU_12250,yjkB,131.470080814523,0.0970152092437038,0.289907727332315,0.334641681118411,0.737895398925299,0.902769234101236
BSU_12260,yjlA,438.673357674226,0.0177173292607714,0.272749958934684,0.0649581372256567,0.94820733147638,0.981925670346367
BSU_12270,yjlB,68.3451153216689,0.221419390350712,0.442108559896557,0.500825838799681,0.616493699143788,0.840116012720319
BSU_12280,yjlC,4792.74515303888,-0.258112848138961,0.210690606650729,-1.22507999878156,0.220545080344202,0.531064220240085
BSU_12290,ndh,13274.8059566125,-0.219813578391105,0.226433559007222,-0.970764136530196,0.331665745381468,0.647930000977405
BSU_12300,uxaC,337.250758997408,-0.662314039364803,0.262946978791171,-2.51881212862615,0.0117751466275129,0.0877860647571847
BSU_12310,exuM,54.3308333886026,-0.69553534381589,0.402654823281763,-1.72737367988556,0.0841005744201134,0.311857579087225
BSU_12320,yjmC,39.9365908584321,-0.445325825166543,0.533359224068986,-0.834945389655328,0.403748456914937,0.702320553609862
BSU_12330,yjmD,37.7918215778494,-0.988037217282749,0.505509627795934,-1.95453689297804,0.0506377562307595,0.234855960868047
BSU_12340,uxuA,54.8452964736645,-0.283340385019741,0.44043581071201,-0.643318227375045,0.520017631361406,0.78549540842811
BSU_12350,uxuB,46.5603144549957,-0.505336530839436,0.431709795627877,-1.17054682556942,0.241780981812643,0.559215006588117
BSU_12360,exuT,50.2304717153815,-1.06008384534387,0.422297745772062,-2.5102758798908,0.0120636872742399,0.0894565571173563
BSU_12370,exuR,560.456700147601,-0.18272100469175,0.208882132022907,-0.874756509435245,0.381706405468429,0.681744647681947
BSU_12380,uxaB,55.0817313512123,0.502342279217705,0.782027209569058,0.642359080439828,0.520640061962322,0.78549540842811
BSU_12390,uxaA,78.2546954778501,0.010830515445558,0.384702178171182,0.0281529870640314,0.977540133233825,0.989560691891053
BSU_12400,yjnA,10.4741696980841,0.336042320127533,1.47890631242622,0.22722353492172,0.820249928054284,0.939686609127246
BSU_12410,yjoA,2346.28076790124,0.588373057687943,0.217500371101249,2.70515886804647,0.0068271729812778,0.0627893030247828
BSU_12420,yjoB,542.728428590854,0.169940506094163,0.346024393294582,0.49112290748094,0.623339520449716,0.845001604336222
BSU_12430,rapA,1479.19644224158,-0.718750713179001,0.229521288090065,-3.13152091102313,0.001739034011823,0.0234576365594795
BSU_12440,phrA,20.60949275201,-1.21400739357629,0.82039746191749,-1.47977955799477,0.138932085755858,0.422119234278345
BSU_12450,yjpA,99.1390161220805,-0.258071867485785,0.493430721878849,-0.523015402249617,0.600963534935158,0.831215514303218
BSU_12460,xlyB,431.965985485994,-1.40114951687087,0.260344581084275,-5.38190390226448,7.37021104526624e-08,5.56679722900368e-06
BSU_12470,yjqA,997.408389686548,0.782248166187439,0.264935430304489,2.9525993004726,0.003151107024582,0.0369863363189197
BSU_12480,pghB,313.104054363491,0.546039833852992,0.350710013052209,1.55695535779215,0.119481084825752,0.384602370776227
BSU_12490,xpdC,489.154917714208,0.364899574351864,0.237526514977671,1.53624775064024,0.124477628763793,0.394411218954033
BSU_12500,xkdA,75.1633980785205,-0.559105844797743,0.358589671324131,-1.55918000296323,0.118953782423847,0.383486055780671
BSU_12510,xre,738.598633742397,0.120261366762266,0.277116649141972,0.433973805379891,0.664307462941885,0.864797663421667
BSU_12519,yjzJ,0.309539362093857,1.05575514489065,3.49467134854898,0.302104272359978,0.762572575653719,
BSU_12520,xkdB,15.0694805932278,-1.31287098920043,1.00576972695398,-1.30533953649263,0.191777257028314,0.495545729873006
BSU_12530,xkdC,25.2966155962443,-0.849431377106349,0.584532671130132,-1.45318032517167,0.146173693374889,0.434870729062381
BSU_12539,ykzK,9.15742629738634,0.50969637241047,1.09251099138829,0.466536608261289,0.640831450111127,0.853121267401795
BSU_12540,xkdD,19.815219667717,-0.749628180643575,0.742462794460008,-1.00965083535099,0.312662605089646,0.628965764948323
BSU_12550,xtrA,15.3928769116541,0.57545810089893,0.897610569122383,0.641099961046103,0.521457739525083,0.785978692884739
BSU_12560,xpf,34.5502311942632,0.165794582713743,0.52124328531831,0.318075239304994,0.750427865204848,0.910295760544987
BSU_12570,xtmA,357.409135253202,-1.26357145436927,0.288616855868679,-4.37802376637419,1.1976029348227e-05,0.000466845400923
BSU_12580,xtmB,451.532869757009,-1.50209563071149,0.242712052515077,-6.18879703395933,6.062508231359301e-10,8.04987421095177e-08
BSU_12590,xkdE,548.994052667318,-1.24572336833669,0.280347139256806,-4.44350304996539,8.8505901144228e-06,0.0003615976672709
BSU_12600,xkdF,928.09512810851,-1.27221920615015,0.25026725357912,-5.08344255173579,3.70654720655709e-07,2.27653173264567e-05
BSU_12610,xkdG,954.44997847115,-0.925407301809041,0.27681691355464,-3.34303019972939,0.0008286888083416,0.0137542919790763
BSU_12619,ykzL,368.947716077273,-1.33735121536059,0.284453910506891,-4.70146890572696,2.58296601788867e-06,0.0001208275221911
BSU_12620,xkdH,278.003641470389,-1.46609904068437,0.360146728717355,-4.07083814395818,4.68442897974939e-05,0.0015429564910817
BSU_12630,xkdI,475.882137585097,-1.24827778655491,0.345412569365148,-3.6138748188845,0.0003016547461736,0.0066068609097527
BSU_12640,xkdJ,330.673023253944,-0.801814080863269,0.336065902174542,-2.38588347010234,0.0170381488941138,0.113237373058376
BSU_12649,ykzM,181.173610970605,-0.955247478111448,0.284784265653774,-3.35428460529062,0.0007957047525914,0.0135491240175974
BSU_12650,xkdK,1705.54564220332,-0.910676310696791,0.253854294747016,-3.58739769049149,0.0003339947164572,0.0070392481859849
BSU_12660,xkdM,829.14447185847,-0.817204208594671,0.253902906288325,-3.21856973022072,0.0012883164225455,0.0187467687650556
BSU_12671,xkdN,380.510416757735,-1.66914838609356,0.325938761880802,-5.12104904756304,3.0384059795587e-07,1.95674028915893e-05
BSU_12672,xkzB,85.9692391705293,-1.61295708822542,0.542714819243588,-2.97201592997495,0.0029585133329133,0.0351137518199688
BSU_12680,xkdO,1818.88697591784,-1.02574048085096,0.26060325419561,-3.93602330107911,8.28429329928288e-05,0.002397116065987
BSU_12690,xkdP,319.958355587378,-0.854497968352994,0.300896472898257,-2.83984042791332,0.0045136105964273,0.0478262629032912
BSU_12700,xkdQ,323.942152868319,-0.894836165169069,0.344502165011396,-2.59747617301467,0.0093911635463594,0.0781156560960336
BSU_12710,xkdR,82.4316940042311,-1.17164399087145,0.510619391742072,-2.29455443686573,0.0217586719736952,0.132643611501049
BSU_12720,xkdS,168.007793825582,-1.08337857874598,0.344382680844552,-3.14585674311247,0.0016560109778372,0.0224088874039181
BSU_12730,xkdT,308.461205917648,-1.06178241413685,0.30007585674592,-3.53838001381059,0.0004025902037882,0.0081847166310829
BSU_12740,xkdU,211.142176266595,-0.94757783627154,0.345873902411846,-2.73966272003726,0.0061502262190723,0.0583285235278498
BSU_12749,xkzA,88.5187250048794,0.105718501244459,0.582196532941794,0.181585590539798,0.855907957925584,0.950918454494557
BSU_12750,xkdV,1046.79340049556,-0.638037405905252,0.335412508935988,-1.90224690167121,0.0571388838219606,0.250793570630022
BSU_12760,xkdW,180.239990002772,-0.485424433163747,0.350856885492813,-1.38353970873885,0.166499440459928,0.46394545698422
BSU_12770,xkdX,74.6034320836039,-0.766682923552345,0.470994068590405,-1.62779740697559,0.103567850550577,0.354886933055968
BSU_12780,xepA,278.697213721756,-0.731385841976379,0.283544103189424,-2.57944296407311,0.0098959798913931,0.0802443102262012
BSU_12790,xhlA,142.604378093237,-0.556135465986598,0.401128669892285,-1.38642662000683,0.165616672634587,0.462553803242857
BSU_12800,xhlB,112.082333860891,-1.28270692853149,0.401996111877869,-3.19084411672418,0.0014185779583967,0.0199985897944859
BSU_12810,xlyA,700.937586499838,-0.631620063200894,0.231962509384136,-2.72294029271306,0.0064703750570896,0.0600719087637821
BSU_12815,spoIISC,52.6007993810873,-0.233002398879166,0.432729446783312,-0.538448216573163,0.590267646226378,0.824501521724817
BSU_12820,spoIISB,513.182956875061,0.643014060487461,0.295672887247014,2.1747481362749,0.0296489955367378,0.165332642006492
BSU_12830,spoIISA,568.450923422718,0.196604266782725,0.206882098784476,0.950320341575531,0.341949506028036,0.653760943255378
BSU_12840,pitB,3400.66811272666,-0.153943074424652,0.199683138397065,-0.770936773432216,0.44074440895694,0.728925770923363
BSU_12850,ykaA,2826.12683317126,0.0937033134991489,0.186429175126272,0.50262150994168,0.615230403279092,0.839471414108176
BSU_12860,steT,803.108725159987,-0.0121122681834882,0.352045577259186,-0.0344053979538304,0.972553879077051,0.987830338738562
BSU_12870,mhqA,211.538524393067,-0.235812644524237,0.267450029727636,-0.881707303470416,0.377935110449175,0.677661961697447
BSU_12875,BSU_12875,0.0,,,,,
BSU_12880,ykcB,24.2925254503933,0.633712847722074,0.574774638481871,1.10254142283639,0.270226360422824,0.58972357752264
BSU_12890,ykcC,27.4887990840306,1.00545793634254,0.56372230596975,1.78360502271219,0.0744878688840799,0.289896909885675
BSU_12900,htrA,862.150194021942,-0.16482132526759,0.221956909316872,-0.742582538993126,0.457734463163065,0.740445065066274
BSU_12910,proCC,399.39269006274,0.121342631056901,0.245910289661316,0.493442674660024,0.621699835481095,0.843962492319225
BSU_12920,dppA,213.699183592856,-0.370100454567244,0.315568340839851,-1.17280603492182,0.240873597494373,0.558834010943928
BSU_12930,dppB,99.4234834348094,-0.619903667839925,0.312740241785406,-1.98216789851204,0.0474604522427793,0.224066068421744
BSU_12940,dppC,101.674119976714,-0.451879780654914,0.319040174134548,-1.41637266178379,0.156666423753817,0.450732011036801
BSU_12950,dppD,96.5660063103475,-0.325560864347759,0.362333429828869,-0.898511805829019,0.368912754047873,0.671489880817556
BSU_12960,dppE,370.768672706775,0.0709036737951358,0.249904810453376,0.283722724930756,0.776622878106005,0.92200911122448
BSU_12970,ldcA,113.8215379839,-0.236640122130047,0.308001586754949,-0.768308126666638,0.442304147720742,0.729055114494999
BSU_12980,aeeB,159.368193103748,-0.447084176170604,0.302388725152661,-1.47850808903306,0.139271833589215,0.422165209725668
BSU_12990,eepC,189.278992426514,-0.146279364685001,0.255950396607154,-0.571514506810935,0.567650929573473,0.811992237375325
BSU_13000,ykfD,210.360812595346,-0.124944950450329,0.259497009862559,-0.48148897945493,0.630169010426031,0.848680863803551
BSU_13010,pgl,3660.91415302078,-0.0358483934564952,0.182272700296086,-0.19667450692431,0.844082260960455,0.948509467638127
BSU_13020,ddaH,51.8006683757511,0.401331232312444,0.715579243821278,0.560848062290471,0.57490111895902,0.816132786996299
BSU_13030,ykhA,892.218083985553,0.955385600892124,0.229531075438249,4.16233662072982,3.15007515646809e-05,0.0010792979192931
BSU_13040,hmpA,105.070979762054,-0.452379864973585,0.330790872728542,-1.36757057787632,0.171446531267778,0.468473512126552
BSU_13050,ykzH,0.887208922123277,0.0109497842217855,3.41533520787322,0.0032060642822243,0.997441935190599,
BSU_13060,ykjA,1.83482650061203,-0.217562176628025,1.93617658393162,-0.112366908283872,0.910532492485243,
BSU_13070,ykkA,83.9172314092919,0.313187132721721,0.407644908292304,0.768284176622533,0.442318373266202,0.729055114494999
BSU_13080,ykkB,121.918869462708,0.639147538157281,0.451415345148374,1.4158746374632,0.156812211894199,0.450732011036801
BSU_misc_RNA_16,gdwA,33.5274631138795,1.1521605309071,0.737253441422517,1.56277402881161,0.118105754929437,0.381430678737161
BSU_13090,gdnC,45.456019893539,-0.77523328451145,0.544272297999532,-1.42434823040014,0.154345692361049,0.447960960957718
BSU_13100,gdnD,36.0036311801732,-0.387458759038955,0.638358482002031,-0.606961088421352,0.543876735714935,0.796402998084814
BSU_13110,purU,2373.00070415502,0.0209475961134593,0.218381281471249,0.0959221228684708,0.923582424087285,0.973772138944634
BSU_misc_RNA_17,pswB,1340.11740552807,0.578529580529954,0.333281087138979,1.73586081795486,0.082588447303218,0.308835131201903
BSU_13120,proB,857.611086044282,-0.323307049661371,0.280219744531001,-1.1537625594602,0.248597527897392,0.564861441730492
BSU_13130,proA,1542.23733778904,0.0270260381211545,0.23051023836617,0.117244415314096,0.906666371271628,0.970873339600087
BSU_13140,ohrA,290.149407339925,-0.607134611370428,0.376246016990049,-1.61366388999272,0.106600350475598,0.359739301752889
BSU_13150,ohrR,238.591519773227,-0.0014443026360767,0.267893883360764,-0.0053913236762174,0.995698366915276,0.996871432851792
BSU_13160,ohrB,220.497199341068,0.561056054615089,0.538283028528069,1.0423067882138,0.29726946615816,0.614945453605658
BSU_13169,ykzN,3.36180343644882,-0.56682298201393,1.81297720205139,-0.312647606033086,0.754548405547593,0.913932775134471
BSU_13170,guaN,40.0826332295816,1.24513602378548,0.464178273575976,2.68245218414274,0.007308459877286,0.0654885539574098
BSU_13180,metE,1586.37066154678,0.554212252495303,0.245956166479596,2.25329683913934,0.0242404389302039,0.142065689675085
BSU_misc_RNA_18,mswB,1131.80497246381,0.108562009082249,0.337693892200839,0.321480523010713,0.747846269950696,0.908664226771663
BSU_13190,ispA,42.2340704664303,0.490703905220135,0.739278387242644,0.663760653209895,0.506843512518412,0.777745678398784
BSU_13200,rsbRB,1887.67807297935,0.0138153327919539,0.173705036642333,0.0795332884929543,0.936608455076508,0.977441824562488
BSU_13210,thiX,597.854484937404,0.372386340259153,0.348121973454205,1.06970076196049,0.284754023263101,0.604146744546417
BSU_13220,thiW,1284.16891366802,0.441612188927968,0.294016131546473,1.50199986172583,0.133097144539222,0.410398960193871
BSU_13230,thiV,418.671167619308,0.387891566567293,0.311089938575993,1.24687917694432,0.212441802972419,0.51877311541943
BSU_13240,thiU,774.302327607693,0.747649704802875,0.272894354327146,2.73970381925377,0.006149457273049,0.0583285235278498
BSU_misc_RNA_19,tswB,34.4719636680138,0.313115411206759,0.631316936539651,0.495971821891861,0.619914291716768,0.842345962745298
BSU_13250,ykoG,104.227067601158,-0.245082813722281,0.319122049077698,-0.767990849991723,0.442492620956638,0.729055114494999
BSU_13260,ykoH,202.254567990295,0.201843703413526,0.273683281697072,0.737508342350769,0.460813271905653,0.741167664895401
BSU_13270,ykoI,163.317242839387,0.180601007777686,0.261939778365214,0.689475301937074,0.490524210433656,0.765419526306501
BSU_13280,ykoJ,521.144155831872,0.0466995059384559,0.25019090749682,0.186655488025877,0.851930758045924,0.950342292186173
BSU_13290,ykzD,4.42994541326522,-0.453388522119871,1.32435727457521,-0.342346080490476,0.732090461030342,0.902161359894989
BSU_misc_RNA_68,swmG,485.034685277607,0.78536810342877,0.276880226794774,2.83649039341077,0.0045612350529292,0.0480910365754251
BSU_13300,mgtE,2360.63107951765,0.292519198064053,0.252217421466988,1.15978982087223,0.246134389448237,0.56290922852685
BSU_13310,tnrA,180.051320330475,0.300082150252867,0.333635834014798,0.899430215998794,0.368423550674126,0.671189254016508
BSU_13320,ykzB,4.05204389037898,1.7796340650904,1.4396909506923,1.23612228321268,0.216413113119883,0.52507563003173
BSU_13330,ykoL,6.927605575426,1.0355770566647,1.292912259282,0.800964682042531,0.423152092392537,0.718040431539893
BSU_13340,ykoM,4233.61173343171,-0.53338207256431,0.308188932075679,-1.73069833810039,0.0835055818259186,0.310696337284
BSU_13350,ykoN,15.0451296282082,0.845258975793768,0.81153093456765,1.04156100499618,0.297615255756175,0.614972479148359
BSU_13360,ykoP,2.29272623897405,0.019238636820095,1.93747007706569,0.0099297723602689,0.992077318138241,
BSU_13370,ykoQ,76.8469951982597,0.46056498792936,0.350366672338479,1.31452282506032,0.18867032210175,0.491213356991627
BSU_13380,ykoS,14.3746374775145,0.327971092835543,0.677345059556652,0.484200907954082,0.628243292594668,0.847226694177138
BSU_13390,ykoT,26.82144816276,-0.0446389360259549,0.583762467910496,-0.0764676362043869,0.939047061131899,0.978451913465335
BSU_13400,ligD,150.006635641188,0.402935165353698,0.376021821196832,1.07157388917272,0.283911466405769,0.604146744546417
BSU_13410,ligV,55.8988111625413,0.69364717701793,0.50835962146248,1.36448126037706,0.17241614817972,0.469914184487255
BSU_13420,dgcW,1307.88834120041,0.539630866274683,0.256849015471531,2.10096528999347,0.0356440132953359,0.185871612474992
BSU_13430,ykoX,574.520158077697,-0.0894164375598388,0.218463495571044,-0.409296927736656,0.682321769871082,0.877743021550781
BSU_misc_RNA_87,mnrW,0.328343776068745,-1.5511581244881,3.49717960750482,-0.443545456218313,0.657371247849121,
BSU_13440,ykoY,312.456072977586,0.0640742205918556,0.227659375005374,0.281447757599893,0.778366992527307,0.923305793201711
BSU_13450,sigI,560.642221259988,-0.243471271710578,0.242086008164052,-1.00572219583045,0.314549223052355,0.629952031777842
BSU_13460,rsgI,1063.78411814638,-0.256376795236175,0.188238772034118,-1.3619765602259,0.173205282578513,0.471166187591693
BSU_13470,sspD,14.3916060257138,0.948046730485191,0.876676568640136,1.08140991147483,0.279514814707162,0.598920044221246
BSU_13480,htpK,1551.79926006581,0.715707098257797,0.229791807866737,3.11458926626687,0.0018420121053586,0.0244584669864656
BSU_13490,htpX,1232.22534269025,-0.0518039183717825,0.188406581699051,-0.27495811401393,0.783348418567048,0.925339847231411
BSU_13500,ktrD,665.705986905806,0.357661804657185,0.222236270077413,1.6093763836686,0.107534066044109,0.362054078146923
BSU_13509,ykzP,0.668769422960466,-2.15566938683112,3.47805075418668,-0.619792389238786,0.53539447999962,
BSU_13510,ykzE,1.26495243629602,1.00468834299952,3.40346670416416,0.295195584481635,0.767844474860915,
BSU_13520,ykrP,11.4920969567843,2.95636851469684,1.15229763495649,2.56562924804447,0.0102988844061113,0.0817943174608729
BSU_13530,kinE,574.578529665925,-0.594523839753731,0.259268409031194,-2.29308245449294,0.0218432583168742,0.132874516768598
BSU_13540,ogt,245.85800745229,0.0839259546077991,0.280723623667624,0.298962921293604,0.764968336916077,0.918543401513606
BSU_13545,BSU_13545,74.5025623658066,0.389369649075517,0.398554636388204,0.976954258026142,0.328591798358088,0.643997486726715
BSU_13550,mtnA,26394.6663863988,-0.197963393376162,0.173786613115466,-1.13911762147429,0.254654098674114,0.571523907106224
BSU_13560,mtnK,24927.5976270189,-0.0903875136822437,0.174125975214881,-0.51909264870276,0.603696134490405,0.8328262582629
BSU_misc_RNA_20,mswC,3551.20378409902,0.096436760282847,0.243343172299887,0.396299429202813,0.691884148270204,0.883002491058603
BSU_13570,mtnU,1204.09046537098,0.233048458261951,0.203998082695519,1.14240514019826,0.253285655653787,0.570790251916988
BSU_13580,mtnE,1990.13401980207,0.0157650653117066,0.18711461861599,0.0842535202664244,0.932854866397923,0.976368326528551
BSU_misc_RNA_21,mswD,171.836062811893,0.105443764730459,0.31640920526832,0.333251254940705,0.738944631228393,0.902887828715049
BSU_13590,mtnW,827.139105067785,-0.0595673556407966,0.184181402281605,-0.323416777714184,0.746379624945098,0.907500331736092
BSU_13600,mtnX,494.020701216839,-0.29545923990951,0.2607385173028,-1.13316299780285,0.257145809817975,0.574454545697464
BSU_13610,mtnB,516.405229502812,-0.107788408738323,0.228520273189273,-0.471679852443754,0.63715532011963,0.850958608428021
BSU_13620,mtnD,764.862959418389,-0.0768125496432876,0.211217525657118,-0.363665606839756,0.716107729037689,0.896411522768506
BSU_13630,ykvA,351.749997747847,-0.0626843567864482,0.285407995680166,-0.219630696179561,0.82615878297298,0.94271485619379
BSU_13640,spo0E,990.312253648258,0.947153795990227,0.234455440036307,4.03980302544293,5.34961103573947e-05,0.0016837405400634
BSU_13650,eag,162.574337468522,0.809847608672537,0.280443121194035,2.88774281652718,0.0038801698856855,0.0433380130029962
BSU_13660,kinD,1460.64019808467,-0.0507536133532639,0.218598275251803,-0.23217755627212,0.816400108996655,0.93865365738648
BSU_13670,mhqR,1672.15666452462,0.695162932622612,0.203430868647588,3.41719492840034,0.0006326996028446,0.0115876750538226
BSU_13680,motB,2744.74930584236,0.501219140340533,0.233583315441649,2.14578314120104,0.031890284289382,0.173801579955518
BSU_13690,motA,2210.07915915849,0.202392455111165,0.272840624198781,0.741797361391867,0.458210119499202,0.740445065066274
BSU_13700,clpE,574.797787013651,2.2032167171819,0.358967570888889,6.13764834446246,8.37520001781939e-10,1.04665367281513e-07
BSU_13710,ykvI,19.8496229066156,0.852932415932365,0.659763891714525,1.29278432276106,0.196085664030869,0.502357856815303
BSU_misc_RNA_22,qswA,5.59154709338652,1.69283690477782,1.93711616564631,0.87389539915022,0.382175220493862,0.681828324286679
BSU_13720,queC,399.738526477224,0.0640168170990201,0.324037659054791,0.197559806121781,0.843389484975166,0.948509467638127
BSU_13730,queD,197.912272929578,-0.0180994825605199,0.351305656453725,-0.0515206124012523,0.95891067734043,0.984360123180105
BSU_13740,queE,365.521290060339,-0.222623183733748,0.261271184199584,-0.852077064739318,0.394171320654422,0.694087833178881
BSU_13750,queF,692.609665697363,0.157103826964569,0.242593392688792,0.647601425674884,0.517242774943869,0.784832807922975
BSU_13760,ykvN,94.7210666230763,0.588897047365663,0.336266378362229,1.75128138065382,0.0798974533366945,0.302032276892896
BSU_13770,ykvO,70.8041594401267,0.286206771130417,0.342826535465875,0.834844276979563,0.40380539243796,0.702320553609862
BSU_13780,ykvP,29.3287577424519,1.3647867323733,0.699728203310912,1.95045265563904,0.051122191089625,0.234954485589358
BSU_13789,ykzQ,14.8671523028702,-0.783023194068437,0.81274393007615,-0.963431611227256,0.335330968919741,0.648825722650264
BSU_13800,ykvR,55.0247059858352,1.68484392472211,0.692646469904526,2.43247312724245,0.014996104253876,0.10377597227153
BSU_13810,ykvS,1454.27284744871,1.23043286714871,0.427595702642623,2.87756134952808,0.0040076197529365,0.0439769376397298
BSU_13819,ykzS,66.7887129723412,0.947355770658634,0.439350499053198,2.15626424164804,0.0310630377655879,0.171189166622546
BSU_13820,ykvT,55.1940423693026,1.26363370507125,0.535200689492894,2.36104648196278,0.0182234463194276,0.118215913604959
BSU_13830,ykvU,11.6930196533533,0.197838912538577,0.757524472904617,0.261165044318624,0.793965233459585,0.93140758613191
BSU_13840,stoA,121.953070177307,0.590438124966474,0.308348467825486,1.91484046971377,0.055512851611772,0.246988593192062
BSU_13850,pfeT,449.921804586532,0.816182505961001,0.421311505388906,1.93724238602882,0.0527157212573652,0.239223788125015
BSU_13860,papB,2320.90365186719,-0.21172442710975,0.169407919644366,-1.24979060928331,0.211376047390001,0.517658112599488
BSU_13870,ykvZ,625.851359555557,-0.453392388289435,0.242656245534024,-1.86845546584484,0.0616986120594171,0.261069422522682
BSU_13880,glcT,1197.97456231853,0.107137413017405,0.191080229051287,0.560693346189412,0.575006603940454,0.816132786996299
BSU_misc_RNA_88,gswA,165.407116163123,0.255435675635747,0.314405151490321,0.812441127077433,0.416538555322389,0.712795941024902
BSU_13890,ptsG,1253.1233813556,0.241523043400155,0.239013177286031,1.0105009528873,0.312255343131599,0.62880234737733
BSU_13900,ptsH,2350.65903460987,0.354040483750894,0.19488620508061,1.81665235671479,0.0692703611670399,0.278985558861377
BSU_13910,ptsI,23804.4336270986,0.0800736842737574,0.216426747579664,0.369980536921774,0.711396992325287,0.893448287441303
BSU_13920,splA,32.9732198103137,0.97647583752136,0.518785183522337,1.88223540019299,0.059804061164854,0.257454362603308
BSU_13930,splB,131.436068642914,0.0035878647525459,0.387109532010313,0.0092683451474667,0.992605036376763,0.995416285004689
BSU_13940,ykwB,145.406973478877,0.046008754967808,0.397827691239259,0.115649955950748,0.907929969377525,0.971736634731764
BSU_13950,mcpC,7369.21028557097,0.475767263741856,0.207808153383177,2.28945426825766,0.0220529721221397,0.132874516768598
BSU_13960,ohaC,2257.91864565801,1.3687684979129,0.269521612171452,5.07851109558582,3.8040421985842e-07,2.27653173264567e-05
BSU_13970,ykwD,130.55415510478,0.663636844408832,0.389859471059595,1.70224630584231,0.088709205615711,0.321883360086384
BSU_13980,pbpH,2228.55822436207,-0.322576873846408,0.215933997776487,-1.49386792801524,0.135210142644242,0.416008614116861
BSU_13990,kinA,920.178288946206,0.0740006250906093,0.218801518151958,0.338208919735263,0.735205754541415,0.902678712164002
BSU_14000,dapX,4007.41262676419,0.209078755615131,0.201520051091162,1.03750844882701,0.299498960249567,0.617070801378722
BSU_14009,ykzT,1241.04315665222,1.09803531271217,0.225494903928481,4.8694462428314,1.11911422667991e-06,6.01913461919362e-05
BSU_14010,cheV,2886.93240065444,0.6078010005256,0.222821373022266,2.72775000118532,0.006376791610954,0.0594940325107342
BSU_14020,kre,504.612763873144,-0.080897076422248,0.259985356132907,-0.311160126960737,0.75567889348495,0.914780518067678
BSU_14030,ykuC,633.971111156753,-0.18173469010469,0.202923255285572,-0.895583356618918,0.37047532795045,0.671919559244726
BSU_14040,ltdD,43.6973689744587,-0.174389200595141,0.478775432615931,-0.364240077320413,0.715678742081593,0.896411522768506
BSU_14050,ppeE,86.1840898019733,-0.0507116434516192,0.359415131136149,-0.141094904077395,0.887794969337133,0.962551881784506
BSU_14060,fadH,148.882933862185,0.249035779163458,0.28939874877942,0.860528182011158,0.389497955433161,0.690148795928066
BSU_14071,ykuG,2140.74122680837,-0.265211770153357,0.232062080624359,-1.14284836815997,0.253101552738378,0.570790251916988
BSU_14072,ykzU,619.747190792832,-0.231899973846518,0.256770184013464,-0.903142141434764,0.36645046060063,0.669698067566485
BSU_14080,ykuH,345.386846040824,-0.0208875271069799,0.230608463640783,-0.0905757177217758,0.927829727056443,0.974381737583496
BSU_14090,ykuI,1524.25823101305,0.251343916869473,0.204425619632353,1.22951280432218,0.218879600091839,0.52872053484379
BSU_misc_RNA_69,fsrA,6.61779864014332,-1.17581529826766,1.36242091819222,-0.863033797093955,0.388118885115217,0.688279274981034
BSU_14100,ykuJ,2118.08206709273,0.407910535889179,0.204895227607,1.9908249726127,0.0465001328942477,0.221005665176352
BSU_14110,ykuK,3886.10764405416,0.152092007913625,0.186132240109654,0.817118022240668,0.413860984627073,0.710747059918578
BSU_14120,abbA,3019.42231258399,0.175334932607688,0.188039341235937,0.932437496617747,0.351110474186239,0.65684616010795
BSU_14130,ykuL,704.184566568261,-0.267262528709313,0.187410342604683,-1.4260820667356,0.153844654617833,0.447451848151821
BSU_14140,ccpC,3258.20188458549,0.0194503600375684,0.211697961700709,0.0918778805488293,0.926795065879344,0.97433381789569
BSU_14150,fldN,529.338881835263,-2.55735946566318,0.882564909523797,-2.89764462428384,0.0037597634616949,0.0424873269913345
BSU_14160,ykuO,1537.09670924982,-3.05398717144437,0.82875910095417,-3.68501192678094,0.0002286919310465,0.0052709880724827
BSU_14170,fldP,966.066149180687,-2.48461255754667,0.433538020011125,-5.7310142198899,9.983189607807071e-09,9.22142883555918e-07
BSU_14180,dapH,5494.13201569706,0.373797720269034,0.175594498514214,2.12875530515995,0.0332745105178941,0.178740069773112
BSU_14190,dapI,1405.50997284199,-0.107682221729387,0.176381079409539,-0.61050891677196,0.541524738491264,0.794523002019815
BSU_14200,ykuS,338.086356268005,-0.113785229262327,0.216336334915815,-0.525964486301412,0.598912882168832,0.830575604098904
BSU_14210,mscT,102.766670968767,-0.690577534470002,0.389343043319637,-1.77369943118019,0.0761128805903085,0.293203653334743
BSU_14220,ahpA,401.288085940434,0.22547498223632,0.229178768028937,0.983838879035473,0.325194739757544,0.640805288718594
BSU_14230,ykuV,269.799575583949,0.266753382738835,0.250446812616367,1.06510991276797,0.286826193970692,0.605296831524631
BSU_14240,rok,3556.28829199621,0.291136538521276,0.283277981231565,1.02774150414214,0.304071438903313,0.62134320390841
BSU_14250,sppO,6.83410176207329,2.29730476795207,1.31395296857643,1.74839193098443,0.0803961841713804,0.30310859498154
BSU_14260,mobA,456.967544659801,0.156216169708079,0.230991787798387,0.676284517285205,0.49886002088472,0.771625856839889
BSU_14270,moeB,927.488215392816,0.0323163585472963,0.190045372623181,0.170045490196558,0.864974361567734,0.953085293195527
BSU_14280,moeA,994.048176827476,0.0709751857374556,0.230118379279343,0.308429017967739,0.757755904356382,0.915033723717064
BSU_14290,mobB,542.963637167416,0.231163324638904,0.211133513423824,1.09486798609216,0.273574476199797,0.593373123722785
BSU_14300,moaE,668.730492267087,0.235193544053129,0.195845865438952,1.20091145925387,0.229785548654191,0.543327098626409
BSU_14310,moaD,212.123709053564,0.263973707418884,0.280200399890609,0.942088974612242,0.346147088763173,0.653760943255378
BSU_14320,yknU,82.0904246154799,0.124575740572455,0.370967176517403,0.335813377727802,0.737011601464841,0.902678712164002
BSU_14330,yknV,82.549559594702,0.270430913590257,0.340915981479645,0.793247979799984,0.427633358381804,0.721037357049319
BSU_14340,skiW,802.736847371518,0.473307557005537,0.25656619387875,1.84477755954557,0.0650699030682828,0.267867213330226
BSU_14350,skiX,1430.47804823602,0.538792346717802,0.287654488736068,1.873053846944,0.0610609496891368,0.260172289181612
BSU_14360,skiY,836.373156365547,0.466289526086933,0.246042120962567,1.89516138237921,0.0580710245800894,0.253330373142505
BSU_14370,skiZ,1431.11698215628,0.601040920895889,0.235199537624049,2.55545111596526,0.0106050255967791,0.0828322679424895
BSU_14380,fruR,626.078554688699,-0.351904093818895,0.254660852954319,-1.38185390387434,0.167016564060901,0.464455520643631
BSU_14390,fruK,752.746019425563,-0.361142973591572,0.19113827025513,-1.88943309526408,0.058833819785397,0.255608282482773
BSU_14400,fruA,1357.95757402284,-0.0796516549265772,0.195485087315027,-0.407456425554432,0.68367279172404,0.877886277435916
BSU_14410,sipT,867.486534292273,-0.0064341771037705,0.256307095266109,-0.0251033905132056,0.979972495797282,0.99028281937627
BSU_14420,ykoA,25.0044838859701,-0.481114022379381,0.714255299009121,-0.673588313655951,0.500573084953781,0.772124832053694
BSU_14430,ykpA,4600.3117741142,-0.419687156063811,0.191507047673863,-2.19149718593406,0.0284158331578362,0.160973490733422
BSU_14440,panE,580.053114403923,-0.708450133749194,0.206420654076675,-3.43206999763716,0.0005989929347701,0.011046582038922
BSU_14450,ampS,2960.4374207219,0.296174511115889,0.204446719873926,1.44866355057458,0.147431564245347,0.436852446473775
BSU_14460,ykpC,128.552690789273,-0.0635140082518359,0.300819993705264,-0.21113625949366,0.832780946946563,0.943296847420234
BSU_14470,mreBH,334.660100131275,0.0306835768087813,0.258334115313777,0.118774776500241,0.905453792636201,0.970063833815234
BSU_14480,abhA,1208.89502095416,-0.267313890234538,0.267564282940359,-0.999064177389187,0.317763603122442,0.633571157042395
BSU_14490,kinC,1368.59522795842,-0.150447014852173,0.186800221706238,-0.80538991591116,0.420594709060821,0.715988348877976
BSU_14500,ykqA,1004.07384369854,-0.197667402713083,0.186393814794957,-1.06048262883898,0.288925088681245,0.607704866832074
BSU_14510,ktrC,2001.78015614756,-0.0266856771450649,0.185093355162501,-0.144174149966845,0.885362952998936,0.961688479756606
BSU_14520,adeC,2790.94113894155,0.831602003385968,0.235620294983707,3.52941584867922,0.0004164781331878,0.0084267408948351
BSU_14530,rnjA,10180.8517203681,-0.590595158323076,0.184606984394282,-3.19920267513654,0.001378082515168,0.0195835204245793
BSU_14540,rnpZA,1205.04066310162,-0.531079322549275,0.185013889865712,-2.87048352388433,0.0040984455491851,0.0447668255488111
BSU_14550,ykrA,2509.06201304489,0.588468127912734,0.208958738294845,2.81619296093946,0.0048596469215168,0.0495518851888862
BSU_14560,defB,559.225513639195,-0.349061393311666,0.252381484082367,-1.38307053142514,0.166643240380467,0.4640020500502
BSU_14569,ykzV,0.526908552833977,1.86088658728598,3.48583622111754,0.53384223160358,0.593450692560694,
BSU_14568,BSU_14568,0.105420635081923,-0.656391194610377,3.52836793483088,-0.186032524593226,0.852419255572851,
BSU_14570,ykyA,505.409829453968,0.202773458757128,0.290825452736682,0.69723422365209,0.485656224421928,0.762655168717876
BSU_14580,pdhA,17090.3805558134,-0.54190464596525,0.232049556119342,-2.33529705907539,0.0195279077065289,0.122561417791789
BSU_14590,pdhB,14018.1789058845,-0.402606151225101,0.253431293061056,-1.58862051470536,0.112146093794212,0.372272561969347
BSU_14600,pdhC,32583.4332504784,-0.211492089476979,0.222910317114866,-0.948776585195007,0.342734253072051,0.653760943255378
BSU_14610,pdhD,36011.5068370788,-0.111767690352009,0.210017451263121,-0.532182871850875,0.594599344711135,0.828175977681679
BSU_14620,slp,13.822373516142,2.21008080204977,0.905971018306825,2.43946081871383,0.0147091976738262,0.102188057976224
BSU_misc_RNA_70,srrA,2.26014304778185,2.77722573591025,2.33984047996697,1.18692951920784,0.235255422458382,
BSU_14629,rgpA,0.0,,,,,
BSU_14630,speA,1669.89107769167,0.809471917340784,0.223393757088115,3.6235207639285,0.0002906198615123,0.0063981543604455
BSU_14640,yktA,974.011944386854,0.648391930606562,0.22537715662684,2.8769194727224,0.0040157806081937,0.0439769376397298
BSU_14650,yktB,1271.29164377808,0.286022946278566,0.247359672016122,1.15630387098801,0.247556885543538,0.564278214490185
BSU_14660,ykzI,42.5552108717415,-0.626721994979335,0.763271620524127,-0.821099564200977,0.411589558250425,0.710551529448
BSU_14670,suhB,873.973920706964,0.0116308526509982,0.201289424323765,0.0577817373668398,0.953922485341208,0.984233451503636
BSU_14680,ykzC,455.912116483907,-0.0716805291871666,0.228745603726118,-0.313363527077842,0.75400449093416,0.913534383227614
BSU_14690,yktD,164.84718464764,0.787945821386577,0.356792868457924,2.20841247413974,0.0272155330233462,0.156268648400268
BSU_14700,nprE,1160.67146209198,0.458975218955598,0.285720304148049,1.60637942873593,0.108190567945323,0.362804781561185
BSU_14710,ylaA,132.569407299253,0.055172778095322,0.29050147676409,0.18992253915503,0.849369830220207,0.949779828294263
BSU_14720,ylaB,12.3515852918731,-0.0472518281954647,0.860433677319065,-0.054916293307686,0.956205151284305,0.984233451503636
BSU_14730,sigP,82.8202680811504,0.92229715246365,0.377403087058964,2.44379864417896,0.0145335354231229,0.101234413135819
BSU_14740,sigQ,69.2603082212855,0.553708984834996,0.39193362656077,1.41276212937841,0.157725676787939,0.451297239509733
BSU_14750,ylaE,55.1871201326733,-0.11488816411339,0.399062719122219,-0.287895006494466,0.773427109413642,0.92157084692455
BSU_14760,ylaF,318.002758891143,0.381119182989621,0.365390721888528,1.04304559519136,0.296927176092875,0.614945453605658
BSU_14770,bipA,7120.91048961309,0.0005389849555771,0.227886188878619,0.0023651497189426,0.998112885314668,0.998582917283264
BSU_14780,ylaH,1033.04852490375,-0.151938207304172,0.252783486056974,-0.601060653423883,0.547799588876701,0.799143182802834
BSU_14790,ylaI,618.085702561902,0.787046998002241,0.284067485291535,2.77063387664556,0.005594729566686,0.0550277915019656
BSU_14800,ylaJ,42.2623709905689,0.0106237785578773,0.573329373645752,0.0185299742978832,0.985216065635641,0.993163241491302
BSU_14810,ylaK,81.9401041313381,0.502744195434533,0.365094072553139,1.37702645216558,0.168504069706178,0.465413219167395
BSU_14820,ylaL,1311.83363353114,0.251994207138517,0.228158562897158,1.10446964575291,0.26938946381308,0.58850685530519
BSU_14830,glsB,131.808339311808,0.323711753251132,0.396106419468764,0.817234302047606,0.413794543275815,0.710747059918578
BSU_14840,ylaN,4333.6004253874,0.23223412766919,0.222081088923451,1.04571770966613,0.295691383853862,0.614748964849636
BSU_14850,ftsW,1726.3980026919,-0.494065665286997,0.205863682125191,-2.39996516231816,0.0163966322614672,0.109715418077124
BSU_14860,pycA,20706.4430832157,-0.637841043545648,0.183680205623835,-3.47256276951206,0.0005155144463396,0.0098072398530512
BSU_14870,ctaA,1161.57565520092,-0.11919735791968,0.240491437432733,-0.495640756245302,0.620147892449923,0.842393988177661
BSU_14880,ctaB,4434.55010991219,0.132792150686107,0.213663449365785,0.621501483198331,0.534269718914089,0.790240783978417
BSU_14890,ctaC,1626.62254143663,0.648593222854553,0.216106978590402,3.00125996432472,0.002688649204667,0.0324547456552002
BSU_14900,ctaD,2086.48095707211,0.538481157454013,0.217056290026625,2.4808364566996,0.0131074496166741,0.0952026554209371
BSU_14910,ctaE,488.274103578813,0.515606212437262,0.22881582214946,2.25336782917256,0.0242359662186601,0.142065689675085
BSU_14920,ctaF,175.507135181554,0.534647279577534,0.379359664563545,1.40934139688427,0.15873424357377,0.453267339344723
BSU_14930,ctaG,718.74573560414,0.600190952903,0.275976921543488,2.17478675226262,0.0296461002958674,0.165332642006492
BSU_14940,ylbA,1441.71014186393,0.916993343445061,0.261711839283417,3.50382827905625,0.0004586209934744,0.0088576390966954
BSU_14950,ylbB,175.922028185137,0.125731557677437,0.330704196778687,0.38019341424197,0.703801847536097,0.88983277072369
BSU_14960,ylbC,931.853726694309,0.07240482594188,0.210338238983267,0.344230446598157,0.730672986791437,0.901987694051853
BSU_14970,ylbD,6.89053757957498,1.06228877320877,1.19254692599131,0.890773142805887,0.373050886168701,0.673088955074656
BSU_14980,ylbE,4.26921601003001,1.38897610635266,1.2815217579045,1.08384902385416,0.278431744706252,0.598372198468032
BSU_14990,ricF,1136.82585934619,0.0311524566246023,0.21701327632424,0.143550925327063,0.885855095075314,0.961921364419885
BSU_15000,ylbG,383.67858415404,-0.28873932282256,0.218844814598299,-1.31937932069606,0.187042331621465,0.489977106695194
BSU_misc_RNA_23,csfG,80.9016583113396,-1.10761399782718,0.455895603975127,-2.42953427971112,0.0151182351878346,0.10398566692858
BSU_15010,rsmD,812.545234629798,-0.197534119453248,0.198570106721079,-0.994782763201684,0.319841931305764,0.635351730894103
BSU_15020,coaD,745.290071912042,-0.0108256303104309,0.198954691604179,-0.0544125409817853,0.956606487399203,0.984268723226397
BSU_15030,spoVV,10.8994948414542,1.42888966390975,0.961349333429122,1.48633760301566,0.137189845194864,0.419366656282717
BSU_15040,ylbK,628.810085523061,0.118291507971873,0.204855802231316,0.577437918201129,0.563643665470881,0.809560623783411
BSU_15050,ylbL,822.980092355906,0.274217985657269,0.204318877472839,1.34210792976641,0.17956100311668,0.481086382933679
BSU_15060,ylbM,443.033189430272,0.243199854733742,0.249479652567025,0.974828416792043,0.329645378776726,0.645466919088622
BSU_15069,ylzH,0.0,,,,,
BSU_15070,ylbN,10342.628030033,-0.21716562805515,0.202648789810764,-1.0716354549067,0.283883802021762,0.604146744546417
BSU_15080,rpmF,14327.158987722,0.25045796451618,0.188985978768565,1.32527273265544,0.185080709428901,0.488779847062472
BSU_15090,gerR,34.0934255045082,0.211656609951097,0.619287225241265,0.341774545516644,0.732520567027956,0.902233558835482
BSU_15100,ylbP,2551.04664386716,0.530727450153106,0.253243022668363,2.09572388040923,0.0361066921936839,0.187322753517659
BSU_15110,panE,538.688919140644,-0.0303864140463684,0.233727615687982,-0.13000780398553,0.89656025240821,0.965486481599579
BSU_15120,bshC,2723.75627874404,0.127254530331984,0.174305273190627,0.730067014053059,0.465349222940817,0.7452954573221
BSU_15130,mraZ,3673.19474882381,-0.643301738467181,0.166523923334325,-3.86311903771114,0.0001119484211606,0.00302067129167
BSU_15140,rsmH,7230.31057291281,-0.438857227374947,0.204036868237873,-2.15087219856419,0.0314862884583948,0.172719187264085
BSU_15150,ftsL,2105.68730934086,-0.234558733888753,0.175445261753492,-1.33693399037654,0.181244184530666,0.483431600797739
BSU_15160,pbpB,4259.22488986942,-0.338724100284621,0.229686627340403,-1.47472277427201,0.140287090636646,0.42335216485448
BSU_15170,spoVD,91.2525720562869,-0.296459325067239,0.420435240106995,-0.705124824911904,0.48073255877539,0.758727682553345
BSU_15180,murE,2578.16212009632,-0.101105457183879,0.207609049168294,-0.486999278638958,0.626258842148964,0.847226694177138
BSU_15190,mraY,2004.50238102439,-0.264795494328138,0.235390028072963,-1.12492231083834,0.260621956750254,0.577059228688295
BSU_15200,murD,3716.36251976167,-0.148235010650145,0.2144340812837,-0.691284751764937,0.489386612320117,0.765049196375342
BSU_15210,spoVE,2543.77612399517,-0.176232278246647,0.239516397693353,-0.735783770730693,0.461862299430108,0.741948170237628
BSU_15220,murG,1594.54049299992,-0.143939358454891,0.25907134673588,-0.555597368325087,0.578486130912623,0.817401482909681
BSU_15230,murB,1760.54237956147,-0.256868100247003,0.270940316988446,-0.948061562421354,0.34309811470601,0.653760943255378
BSU_15240,divIB,809.261393340819,0.167959849099263,0.189562782252088,0.886038108872572,0.375596991996513,0.675375209053399
BSU_15250,ylxW,886.167745887967,-0.117698844025181,0.213469257882859,-0.551362033074419,0.581385521945367,0.820427460227786
BSU_15260,ylxX,1407.33403308542,0.24893594584418,0.236008889207784,1.05477360060372,0.291528881130486,0.609664362238815
BSU_15270,sbp,605.737636403986,-0.0341098406700287,0.225628363182235,-0.151177095773544,0.879836017548683,0.960546209177221
BSU_15280,ftsA,8447.53610490349,-0.200168617939151,0.194703770106866,-1.02806749879207,0.303918077724464,0.62134320390841
BSU_15290,ftsZ,12957.1761663179,0.0662762166911845,0.196031092893659,0.338090329002744,0.735295118227654,0.902678712164002
BSU_15300,bpr,236.284872835663,0.34048143648677,0.3600796070864,0.945572672781419,0.344366587911472,0.653760943255378
BSU_15310,spoIIGA,22.0700461401742,0.205442972034975,0.612194122510875,0.335584685446445,0.737184074184299,0.902678712164002
BSU_15320,sigE,17.2873400530155,1.12041680926268,0.993215704683851,1.12806996907013,0.259290370714798,0.577059228688295
BSU_15330,sigG,158.338168002339,0.206180135767953,0.381366851556935,0.540634653814878,0.588759427331446,0.824501521724817
BSU_15340,ylmA,381.050687202857,0.312288378403366,0.261137049821619,1.19587924661279,0.231743684992026,0.546740098573636
BSU_misc_RNA_24,tswE,123.558425919038,0.349841978758654,0.331453087490502,1.0554796197778,0.291206025595258,0.609664362238815
BSU_15350,thiQ,429.900552356701,0.170214481304401,0.261208957085766,0.651641058574082,0.514632754128466,0.78191669587819
BSU_15360,ylmC,132.484452328137,0.0332787617155287,0.29964853417918,0.111059317565789,0.911569308989149,0.972161704409675
BSU_15370,ylmD,2936.99476838435,-0.0821252864398583,0.180738087229714,-0.454388378778619,0.64954931526029,0.858346352617757
BSU_15380,ylmE,2973.09876619995,0.0347744841555584,0.185224568603309,0.187742287201835,0.851078679248811,0.950082430691064
BSU_15390,sepF,2017.54245057688,0.110942128949802,0.180100697866329,0.61600055004864,0.53789415676391,0.792479983387606
BSU_15400,ylmG,2445.58388694386,0.150925673612172,0.175463585464136,0.860153821734258,0.3897042559586,0.690226504196787
BSU_15410,ylmH,2272.40744114307,0.594172172839815,0.194468358478386,3.0553668344244,0.0022478539958585,0.0284823627110874
BSU_15420,divIVA,4585.90717187159,0.492327225825685,0.204895348193741,2.40282285647675,0.0162690662438924,0.109033537019399
BSU_misc_RNA_25,iswA,3851.9946044382,0.268733326632784,0.245342732227172,1.09533844427865,0.273368390890071,0.593250410050628
BSU_15430,ileS,9857.38688628371,-0.0738665678704275,0.181065889980998,-0.407954076155259,0.683307390834276,0.877886277435916
BSU_15440,ylyA,5.83800257119104,1.42411212222298,1.22970091918139,1.15809633058663,0.246824727286144,0.563242892716878
BSU_15450,lspA,731.646982801671,-0.125113711516275,0.198696588599275,-0.629672166987227,0.528909096357725,0.788324209908911
BSU_15460,rluD,1167.09124246054,-0.342955711513098,0.196144306499141,-1.74848670162445,0.0803797863532769,0.30310859498154
BSU_misc_RNA_26,pyaA,47.2896850698757,-0.292967465395744,0.452676928215945,-0.647188860608302,0.51750971986202,0.784832807922975
BSU_15470,pyrR,5515.45658134706,-0.0414975768518674,0.173083033217555,-0.239755313276186,0.81051995145166,0.936779950872458
BSU_misc_RNA_27,pyaB,396.845204510296,0.0288738449934847,0.348703018911001,0.0828035417750545,0.934007752872347,0.976368326528551
BSU_15480,pyrP,3760.19791316404,0.0102141031853891,0.241755031658206,0.0422498059929932,0.966299558539723,0.986521610731621
BSU_misc_RNA_28,pyaC,59.8135614969241,-1.36429896180672,0.566534157370238,-2.40814952471636,0.0160336127006773,0.107800330683694
BSU_15490,pyrB,1317.93173199573,-0.621735603386181,0.293307726709424,-2.11973823656588,0.0340281265112285,0.180962653149364
BSU_15500,pyrC,2421.80775112352,-0.256563675823031,0.266146070007409,-0.963995732929247,0.335048065197001,0.648825722650264
BSU_15510,pyrAA,2011.0846717003,-0.447172385520788,0.237330514439713,-1.88417568881299,0.0595412148520085,0.256843270970745
BSU_15520,pyrAB,7263.19576148129,-0.213636195627139,0.301307859403042,-0.709029615259292,0.478306098968013,0.756869235341919
BSU_15530,pyrK,1941.78950562883,-0.125906962324423,0.359185395080848,-0.350534749042574,0.725937416388895,0.898695372192604
BSU_15540,pyrD,1815.13479126936,-0.157225675909114,0.374493734395473,-0.419835264167811,0.674605801559968,0.873538998595358
BSU_15550,pyrF,1355.74415708397,-0.54278881999862,0.346440690579844,-1.56675827856752,0.117171202850974,0.380591960438995
BSU_15560,pyrE,1883.40330908683,-0.282068389953671,0.334941875429008,-0.842141310615122,0.399708860199874,0.698311399313045
BSU_misc_RNA_29,mswE,84.7008713688063,-0.488435522353784,0.344885708701987,-1.41622430280472,0.156709842566709,0.450732011036801
BSU_15570,cysH,2695.16772070353,-0.213168600476043,0.303394381967437,-0.70261222074614,0.482297444493025,0.760401425473418
BSU_15580,cysP,2635.21046526443,-0.377762340064812,0.38175207843689,-0.989548875834771,0.322394669046847,0.637735078575444
BSU_15590,sat,4287.60658293921,-0.499756435906264,0.731198616107714,-0.683475631513837,0.49430634333218,0.767519144347724
BSU_15600,cysC,2492.28561277341,-0.43736980738478,0.755681009081336,-0.578775703145538,0.562740527481356,0.808891915178715
BSU_15610,sumT,3068.6526326549,-0.543906417272816,0.459165639671212,-1.18455383042661,0.236193900793057,0.55377295463678
BSU_15620,sirB,2907.84546147905,-0.0454260319833434,0.378520575124893,-0.120009412878957,0.904475691452862,0.969504846867611
BSU_15630,sirC,3097.79699959308,-0.0366957758626711,0.37140132209485,-0.0988035682148154,0.921294235333333,0.973756996068242
BSU_15640,fbnA,741.182247075603,-0.0042011799582859,0.216220685434691,-0.0194300556851898,0.984498033961338,0.993146283547418
BSU_15650,tcaB,103.753764850608,0.857807774443876,0.355170989757267,2.41519662129535,0.0157267175729428,0.106338064614257
BSU_15660,yloC,3634.62501830042,-0.276788580610832,0.169628433055443,-1.63173458379094,0.102735411240569,0.353515422947302
BSU_15670,remA,1594.61218804022,-0.203583315679962,0.181955219573836,-1.118864939169,0.263197762449101,0.580184009441054
BSU_15680,gmk,3641.06315416952,-0.34566377805858,0.18854249903996,-1.83334675109679,0.0667510210149324,0.271932011785664
BSU_15690,rpoZ,1173.5778879668,-5.10813538274175,0.388304845101086,-13.1549617450999,1.59364146582869e-39,3.38569129415305e-36
BSU_15700,coaBC,2456.15361243027,1.99841775943165,0.245887292333615,8.12737307595479,4.386935861082e-16,1.5533408728114499e-13
BSU_15710,priA,3007.96720248833,1.60644623925191,0.257568958266891,6.23695592070268,4.46167641533393e-10,6.11537518992061e-08
BSU_15720,defA,772.040348914665,0.575265140133332,0.257650242146922,2.23273665625082,0.0255663156514845,0.149014094928886
BSU_15730,fmt,2086.74458386374,0.598426731341673,0.255948766611509,2.33807233871141,0.0193834958721658,0.12237811881253
BSU_15740,rsmB,3492.36897485523,0.564143222206078,0.24335012339487,2.31823684465808,0.0204364526334624,0.126765674802309
BSU_15750,rlmN,3647.02098187811,0.584449374999457,0.221720924858658,2.63596850577829,0.0083897518028983,0.0712961108210298
BSU_15760,prpC,2127.4532206323,0.375256187863314,0.236420479635326,1.58724061655801,0.112458158949357,0.372272561969347
BSU_15770,prkC,6294.99396421198,0.605836771464776,0.238338253943857,2.54191998741204,0.0110245407641793,0.084861003092387
BSU_15780,rsgA,3580.92097591061,0.556240731513877,0.239570810393841,2.32182180541715,0.020242532621071,0.125746375887326
BSU_15790,rpe,2235.95070683346,0.746129094077854,0.201107866759771,3.71009402118082,0.0002071822893644,0.0049852566848517
BSU_15800,thiN,745.156626575463,0.501303033607601,0.242636213022927,2.06606848731286,0.0388220132587585,0.196120742445954
BSU_15810,spoVM,157.57537681863,0.584130418431597,0.317563248358248,1.83941442043895,0.0658542547036921,0.26931157674301
BSU_15820,rpmB,9373.00084257962,-0.145194078135881,0.178323330876558,-0.814218069066856,0.415520035938118,0.711953214066954
BSU_15830,yloU,2052.3806952569,0.209375635117916,0.178829409079469,1.17081209514523,0.241674315005393,0.559215006588117
BSU_15840,yloV,9546.05734080358,0.338000253783939,0.175392083850324,1.92711236655573,0.0539656279066768,0.243418209103471
BSU_15850,sdaAB,994.10935051944,0.06485944186718,0.186682356730468,0.347432092690067,0.728266726685135,0.90005972125804
BSU_15860,sdaAA,1427.72039989958,0.252794516124525,0.206987627893307,1.22130254207672,0.221971491279809,0.532593437140863
BSU_15870,recG,1745.39486587588,0.206691549730873,0.241192157307783,0.856958004099263,0.391468094411795,0.691069451543594
BSU_15880,fapR,1804.03162974148,-0.330099870015848,0.248782709613171,-1.32686017661403,0.184554939860217,0.488581893748325
BSU_15890,plsX,2679.78427758041,-0.223307320492642,0.19834047651869,-1.12587871327212,0.260216860667005,0.577059228688295
BSU_15900,fabD,2696.81714043629,-0.178472750592098,0.203191116331128,-0.878349180882751,0.379754253887469,0.679972956075792
BSU_15910,fabG,3199.67630864795,-0.143567305175417,0.206228791595956,-0.696155488592955,0.486331459675031,0.76279895613112
BSU_15920,acpA,15956.4457513758,0.6421744089621,0.21892788161621,2.93326918536516,0.0033541294537037,0.0390457425994171
BSU_15930,rnc,3126.94532289966,-0.212182922059594,0.230816162962001,-0.919272373895783,0.35795312395903,0.663009077463783
BSU_15940,smc,4514.32293009428,-0.441036060131289,0.235260146109924,-1.87467391916529,0.0608375970186668,0.260059305565709
BSU_15950,ftsY,1481.63025898595,-0.229872290026788,0.232444961132185,-0.988932127877216,0.322696350209099,0.638034803182159
BSU_15960,ylqB,403.978239568936,0.976220975182302,0.29875159456052,3.26766783159225,0.0010843755177877,0.0165737826441735
BSU_15970,ylxM,1289.97459781315,-0.943076885583279,0.403610713948399,-2.3366002263851,0.0194599806857982,0.122428143237226
BSU_15980,ffh,5245.63539155985,-0.895560035121934,0.357201881131744,-2.50715374813951,0.0121707759342379,0.0900934267327123
BSU_15990,rpsP,1602.53556431188,-0.260245323968533,0.283699518387241,-0.917327337910056,0.358971136043174,0.663737318123344
BSU_16000,ylqC,1364.11539092539,0.047107521274032,0.278115256330901,0.169381291395189,0.865496738184772,0.953085293195527
BSU_16010,ylqD,383.431558321607,0.150492561570649,0.252035334315384,0.597108980688917,0.550434622356417,0.80068357082931
BSU_16020,rimM,757.219277398621,-0.0472336767243688,0.245250494522879,-0.192593604413558,0.847277254096525,0.949779828294263
BSU_16030,trmD,760.19913837849,0.0078376277240985,0.313765635549152,0.0249792419440108,0.980071520971222,0.99028281937627
BSU_misc_RNA_30,BSU_misc_RNA_30,99.1538289124017,0.305520357873929,0.473962578844423,0.644608607326814,0.519180855576176,0.78549540842811
BSU_16040,rplS,38742.1448202802,0.133607871479387,0.282300201040817,0.473282948388937,0.636011325771316,0.850878199435021
BSU_16050,rbgA,1441.05022878903,0.200685525011034,0.193369065190729,1.03783676470219,0.299346057421744,0.617070801378722
BSU_16060,rnhB,347.738172943614,0.0471673911858252,0.31685312727919,0.148862003007041,0.881662524284587,0.961052864465164
BSU_16070,ylqG,1134.95185603133,0.432431688350626,0.240773659809918,1.79600911782466,0.0724930669430747,0.286345575596804
BSU_16080,ylqH,111.803106809722,0.358077835171008,0.378848368336996,0.945174547650388,0.34456977138283,0.653760943255378
BSU_16090,sucC,55608.3955746989,0.137650780133908,0.186503073857059,0.738061723526374,0.460476942075777,0.741123684424234
BSU_16100,sucD,56268.5236413404,0.259713461768845,0.186276074779092,1.39423950218429,0.163245292922932,0.460475456190463
BSU_16110,dprA,812.27602285797,-0.0493848232503675,0.234254139855995,-0.210817291343181,0.833029845226693,0.943296847420234
BSU_16120,topA,5106.42520062892,0.0452698980077094,0.186956984587036,0.242140715457648,0.808671130355056,0.936779950872458
BSU_16130,trmFO,1935.70655526991,0.467447332500406,0.270579372516309,1.72757933523639,0.0840636703139792,0.311857579087225
BSU_16140,codV,3508.85732765752,0.24318225538545,0.19957901809726,1.21847605877558,0.223043117306778,0.532722033933822
BSU_16150,clpQ,2175.52333976284,0.304963832726647,0.227654624763399,1.33958988552767,0.180378713929899,0.482638007234347
BSU_16160,clpY,5990.03782970591,0.351395847634029,0.241184685030882,1.45695754931138,0.145128098595124,0.433649290387258
BSU_16170,codY,4709.56958131395,0.418044345193759,0.239656470935722,1.74434824797985,0.0810983832767201,0.304944274816623
BSU_16180,flgB,1827.7704923227,0.594210344935407,0.183224625839172,3.24307031445098,0.0011824902435547,0.017567835821203
BSU_16190,flgC,2813.411139767,0.430306256942612,0.184039170936125,2.33812320906379,0.019380857562765,0.12237811881253
BSU_16200,fliE,2397.8445598875,0.451568117047101,0.20764303570848,2.17473278362718,0.0296501466719103,0.165332642006492
BSU_16210,fliF,9085.67728607047,0.46983686898797,0.194390030761016,2.41698026976285,0.0156498653921648,0.106338064614257
BSU_16220,fliG,5367.39178752096,0.332424109732701,0.215016580040193,1.54603942482278,0.122095046669582,0.390648985917963
BSU_16230,fliH,3109.51940969602,0.50962228490134,0.220832950646003,2.30772755338612,0.0210142945706714,0.129218144183477
BSU_16240,fliI,7912.87052300128,0.447230817339622,0.241976881811085,1.84823779028933,0.0645679507621528,0.266617320494059
BSU_16250,fliJ,1676.95111649412,0.510971218322008,0.20241415201046,2.52438484783219,0.0115900969132586,0.0874712642707563
BSU_16260,ylxF,3133.5627374036,0.663838970721221,0.195864951372812,3.38926881031237,0.0007007927480206,0.0123554704827373
BSU_16270,fliK,9762.43749948897,0.515252363454037,0.210429782073729,2.44857148249817,0.0143423967621835,0.100562448585012
BSU_16280,flgD,2143.83322949607,0.533972644202099,0.231080102966823,2.31076859213086,0.0208456402105149,0.128366848194895
BSU_16290,flgE,6711.86865188192,0.642878903611611,0.208171545192603,3.08821699438706,0.0020136138113177,0.0260848935496615
BSU_16299,swrD,596.684123261425,0.401182303687515,0.260301979714325,1.54121879567648,0.12326354450095,0.392777803269197
BSU_16300,fliL,1378.92785758089,0.314944049666603,0.267080166091725,1.17921167369066,0.238313898811548,0.555939792517741
BSU_16310,fliM,5646.7767022651,0.615889974129438,0.241798161387825,2.54712430646485,0.0108614735464675,0.0842160603995261
BSU_16320,fliY,7472.28971059631,0.594039812778137,0.266536983742294,2.2287331552926,0.0258316648502475,0.150354443765344
BSU_16330,cheY,3088.20150631166,0.695297288123635,0.231247840033829,3.00671905961119,0.0026408370220483,0.0319684230959646
BSU_16340,fliZ,3124.59493498768,0.667556147968349,0.24649620889159,2.7081801824463,0.0067653281614572,0.0623554866768588
BSU_16350,fliP,2146.18715687278,0.587332264613181,0.291217622243591,2.0168156723768,0.0437147528007328,0.212521721567865
BSU_16360,fliQ,791.723488207317,0.527539830665879,0.30913971619359,1.7064770491525,0.0879192958769653,0.320660161528949
BSU_16370,fliR,1972.34231821398,0.780151794452405,0.277997236627015,2.80632931434179,0.005010945202034,0.0505087179528582
BSU_16380,flhB,4043.52047075047,0.785355584166161,0.274963197383104,2.85622072932157,0.0042871697341343,0.046072022427498
BSU_16390,flhA,7448.60103776087,0.759805456685011,0.269374550611147,2.82062821065016,0.0047929716314086,0.0493107420383902
BSU_16400,flhF,3053.89781964999,0.810533136817145,0.278034488306736,2.91522516416359,0.0035543200688039,0.0409276584616479
BSU_16410,flhG,2743.92905520567,0.657799612889775,0.318353722502398,2.06625387546653,0.0388045141597687,0.196120742445954
BSU_16420,cheB,3584.22177923796,0.937886471703795,0.279924100626838,3.35050275986802,0.0008066500556939,0.0136010162168401
BSU_16430,cheA,7490.85441075149,0.923619131377945,0.295664180418625,3.12387902406781,0.0017848382356079,0.0239235888425807
BSU_16440,cheW,2342.774828297,1.11937237288483,0.28647369867982,3.907417602535,9.32878394604129e-05,0.0026081179760291
BSU_16450,cheC,1853.63355466641,0.969061939086748,0.318476544722664,3.04280473756907,0.0023438436588728,0.0289505572864845
BSU_16460,cheD,1566.26370618251,0.80704208630224,0.33408184866962,2.415701689619,0.015704922038605,0.106338064614257
BSU_16470,sigD,2282.1698470047,0.886827817803844,0.31492828615611,2.81596749732491,0.0048630586311521,0.0495518851888862
BSU_16480,swrB,1700.22137227348,0.772894251717757,0.322423916919796,2.39713684735744,0.0165237511988765,0.110273492039618
BSU_16490,rpsB,23017.3919299848,0.0752710465555051,0.195042404025216,0.385921445809156,0.699554847226701,0.887769392464279
BSU_16500,tsf,23062.1276796925,0.260709141291639,0.201965858300367,1.29085749188315,0.196753097706265,0.502357856815303
BSU_16510,pyrH,6771.1609094017,-0.0427630750610397,0.212792343695593,-0.200961530468473,0.840728654610544,0.947548024785199
BSU_16520,frr,7510.94120559308,0.12307555833631,0.215412688889955,0.571347764936839,0.567763929687477,0.811992237375325
BSU_16530,uppS,2045.54500989865,-0.48339695227558,0.20637967673914,-2.34227013005057,0.0191668367993083,0.12191600233572
BSU_16540,cdsA,1531.82979411488,-0.419889340905498,0.212764170470104,-1.97349647723933,0.0484390255234098,0.227422562927037
BSU_16550,dxr,4000.69237291146,-0.375745167483475,0.230737428765037,-1.62845347412665,0.103428766893718,0.35476777946734
BSU_16560,rasP,6599.4626391667,-0.163526462128524,0.190443590122354,-0.858660887580746,0.39052763513196,0.691069451543594
BSU_16570,proS,8878.66731952316,-0.12917419693343,0.203173061012477,-0.635784076342172,0.524917167659523,0.78798884791929
BSU_16580,polC,4234.3374655202,-0.0903244539263857,0.247968902931242,-0.364257182488045,0.715665970139592,0.896411522768506
BSU_misc_RNA_71,surG,264.575852502162,0.0482569915176158,0.264072316731854,0.18274157668188,0.855000791549154,0.950918454494557
BSU_16590,rimP,2758.3061718566,-0.843565928584722,0.248791138705246,-3.39065906034593,0.0006972478101245,0.0123505890042416
BSU_16600,nusA,7264.01205155059,-0.685874190807953,0.240174967685023,-2.85572721178604,0.004293838757658,0.046072022427498
BSU_16610,rulR,938.014328294298,-0.852598052951141,0.278521545288878,-3.06115655098367,0.0022048378022975,0.028217939222778
BSU_16620,rulQ,1328.70008893385,-0.656025278353265,0.278846002898329,-2.35264365109964,0.0186404881996418,0.119820747957737
BSU_16630,infB,14058.3309393329,-0.48834341803369,0.251086172446765,-1.94492358250922,0.0517841762728685,0.236084726377058
BSU_16650,rbfA,2426.29654227265,-0.510603043172927,0.238132079228904,-2.14420100318408,0.0320167847456015,0.173801579955518
BSU_16660,truB,359.031935483703,-0.190281233596355,0.259105924518383,-0.734376236089714,0.462719466009838,0.74304422187294
BSU_16670,ribC,1553.38329202064,-0.0098719055955368,0.174810775758562,-0.0564719511866441,0.95496583956721,0.984233451503636
BSU_16680,rpsO,18494.6290761796,0.215261958248277,0.212082877267219,1.01498980503293,0.310110687296203,0.627158643656149
BSU_16690,pnpA,13777.441582201,-0.148835390829555,0.186386102631803,-0.798532662725245,0.424561446466817,0.7192327631705
BSU_16700,ylxY,739.431578662389,-0.366193986522407,0.312118067216642,-1.17325469104687,0.240693685958972,0.558834010943928
BSU_16710,mlpA,908.529669902432,-0.366438221677422,0.31341166651443,-1.16919138892538,0.242326529782851,0.559589904917029
BSU_16720,ymxH,26.189015272304,2.02351253446912,0.82606979242141,2.44956606939677,0.0143028466950218,0.100542985681139
BSU_16730,spoVFA,10.9442027991676,-0.700501320890166,0.918287416288821,-0.762834498725009,0.44556210387844,0.731501540498905
BSU_16740,spoVFB,14.4353781074894,-0.420477187184361,0.967407338453161,-0.43464337148474,0.663821308402756,0.864797663421667
BSU_16750,asd,9871.62377852349,-0.0348986615937613,0.188586734428988,-0.185053639639231,0.853186963696035,0.950737803667164
BSU_16760,dapG,5330.18415721685,-0.220020710970471,0.220290662124986,-0.998774568327539,0.317903908405363,0.633571157042395
BSU_16770,dapA,7450.85107817053,0.0478226036415307,0.177132615227318,0.26998192049589,0.787174162658201,0.927566599619965
BSU_16780,rnjB,10745.95219914,-0.129594846878368,0.20810898445576,-0.622725862688154,0.533464684236887,0.790240783978417
BSU_16790,tepA,42.6325486834584,0.0030937289860388,0.440543437973799,0.0070225288118418,0.994396878737114,0.996507626828773
BSU_16799,tepJ,28.2109058602425,-0.144580746661998,0.578684553326136,-0.249843798026029,0.802708147638509,0.935112393231806
BSU_16800,spoIIIE,1636.5801731294,-0.0452900095814143,0.211092076998612,-0.214550968588518,0.830117425001895,0.943296847420234
BSU_16810,ymfC,1979.73194732224,0.0490018872806085,0.20344857514222,0.240856379782233,0.809666430841424,0.936779950872458
BSU_16825,bcbE,102.076199510959,0.298285357791346,0.329411537303809,0.905509746965068,0.36519539854537,0.668842779491068
BSU_16845,ymfF,1159.1590464619,-0.313737243228056,0.207970231488001,-1.5085680339119,0.13140920828944,0.408304439321807
BSU_16860,ymfH,2140.32664538915,-0.0502891852559832,0.196378329183051,-0.256083171015815,0.797886616400934,0.932576862965142
BSU_16870,efpI,174.554435116533,-0.372620686966109,0.299565416199918,-1.24387084361379,0.213547101668479,0.520423336949834
BSU_16880,ymfJ,118.152774265326,-0.620296075337412,0.407412168858313,-1.52252711811643,0.127877055844809,0.402481192803404
BSU_16910,rodZ,3464.43664395151,-0.306479889295214,0.168340212237056,-1.82059821133901,0.0686679549318546,0.277348042305561
BSU_16920,pgsA,544.78640005135,-0.458755732898853,0.260104354891339,-1.76373722420181,0.0777762308853059,0.296722331421746
BSU_16930,cinA,2248.96868453017,-0.214045757253645,0.226880580365721,-0.943429168369607,0.345461429513906,0.653760943255378
BSU_16940,recA,4884.30467040563,-0.154614197205129,0.198069638419771,-0.780605237827786,0.435034710196118,0.725171629510909
BSU_16950,pbpX,1799.27243533158,-0.0500493779517563,0.176027065890957,-0.28432774072801,0.776159228996907,0.92195770359679
BSU_16960,rny,35951.6198995484,-0.195669315385205,0.177681802971617,-1.10123440956113,0.27079464939506,0.59066040312095
BSU_16970,pdeB,985.212570642909,0.0649467829301411,0.242559816321568,0.267755739244292,0.788887341996322,0.928784238332605
BSU_16980,spoVS,4542.8425032853,0.154002926019102,0.347942653737961,0.442610080611397,0.658047792082345,0.861116436266671
BSU_16990,tdh,2790.93700508809,-0.836903476328542,0.174045530219857,-4.80853185526428,1.52042803063314e-06,7.78349241224122e-05
BSU_17000,kbl,2570.49756489576,-0.690231046446905,0.199570462093031,-3.45858319516818,0.0005430245355869,0.0102093418217207
BSU_17010,miaB,3481.42665237582,-0.0256638435286764,0.244545394450503,-0.104945110850865,0.91641936329386,0.973756996068242
BSU_17020,ricA,2802.93740586658,0.0705664056205304,0.271299923161291,0.260104775549744,0.794782954323389,0.931595247702091
BSU_17030,cotE,22.0918872033382,1.97803300260598,0.821841022305298,2.40683167294024,0.0160915847942937,0.108014445167384
BSU_17040,mutS,1319.37114710304,-0.241797803305366,0.231849604306023,-1.04290798351423,0.296990911747973,0.614945453605658
BSU_17050,mutL,799.541832038115,-0.262400194736141,0.263398206703209,-0.996211014571591,0.319147628784274,0.635351730894103
BSU_misc_RNA_89,surX,57.0289574451227,0.477673712613027,0.377699104850538,1.26469379058246,0.205981116727846,0.513321856291271
BSU_17060,ymzD,414.703931891131,0.560193435681699,0.226067759499094,2.47798906364595,0.0132125195022059,0.0954414346778975
BSU_17070,ymcC,165.014516673636,0.281855765857156,0.334911259620287,0.841583427731621,0.400021168728631,0.698311399313045
BSU_17080,pksA,490.049555089529,0.241033645979691,0.269258011383361,0.895177249290884,0.370692344405842,0.671919559244726
BSU_17090,pksB,194.307069412267,0.380605820063945,0.250853091290638,1.51724588326072,0.129204615786457,0.403357321556261
BSU_17099,BSU_17099,32.0375139954011,-0.558433736641072,0.702588990938555,-0.79482278237108,0.426716596554982,0.720291131986096
BSU_17100,pksC,715.499507551159,0.246668745851659,0.254567676557727,0.96897119535018,0.332559561135644,0.648069537768091
BSU_17110,pksD,294.409894723822,-0.389115347486616,0.35507089267386,-1.09588072555422,0.27313097502842,0.593250410050628
BSU_17120,pksE,793.8394987405,-0.126833307663219,0.326980940617867,-0.387892050905333,0.698095920940409,0.886494192491272
BSU_17130,acpK,41.3348168310432,-0.586408519975804,0.479738273549072,-1.22235091988303,0.221574950973257,0.532506768487199
BSU_17140,pksF,204.673248665244,-0.345307339563955,0.379970161651644,-0.908774883961895,0.363468966806985,0.6675923975816
BSU_17150,pksG,207.970611608509,0.306142821553512,0.494480953593261,0.619119542075086,0.535837610360834,0.791279876578246
BSU_17160,pksH,138.457478049829,-0.501923208807264,0.392728356750739,-1.27804167990301,0.201234730506881,0.505230434504838
BSU_17170,pksI,155.058824700384,0.0348407461547385,0.393305562281402,0.0885844226373046,0.929412188344561,0.974838901080237
BSU_17180,pksJ,2409.60062318245,0.0802290669680928,0.283134801634553,0.283359963186885,0.776900915901986,0.922081561918306
BSU_17190,pksL,2232.06414054009,0.59392857019343,0.2992984934096,1.98440213790391,0.047211027893964,0.223633954873415
BSU_17200,pksM,1780.49212529544,0.811385671928701,0.302478222949649,2.68245979501065,0.007308293583491,0.0654885539574098
BSU_17210,pksN,4642.748287278,0.934578331352562,0.204915192816329,4.56080546546028,5.09577738689654e-06,0.0002209383481318
BSU_17220,pksR,2621.94649055092,1.03188406069893,0.186789962265012,5.52430145702865,3.30799069381609e-08,2.75601028588717e-06
BSU_17230,pksS,1189.63675272788,0.607310228896764,0.216087119890004,2.81048786806871,0.0049466453819335,0.0501629981571257
BSU_17240,ymzB,85.2768866023563,0.949308662849648,0.371922617445793,2.55243595931083,0.0106972573078008,0.0832466049466039
BSU_17250,ymaE,179.013208927005,0.630843307819359,0.289984421873223,2.17543861061321,0.0295972637750894,0.165332642006492
BSU_17260,aprX,23.3839411910901,0.325680942075185,0.894032136625229,0.364283260895472,0.715646498287887,0.896411522768506
BSU_17270,pghC,91.786466644968,0.110851694897214,0.381021198524314,0.290933143159856,0.771102452579102,0.921366401039976
BSU_17280,ymaD,183.845163948874,1.14246546303586,0.522649967412229,2.18590937390179,0.0288222363036536,0.162421328984382
BSU_17290,ebrB,106.37828629763,0.29532081376367,0.321419877402586,0.918800716838599,0.358199817467022,0.663166006535053
BSU_17300,ebrA,63.1759338530829,0.275971624539258,0.453266491433199,0.608850708700424,0.542623398631104,0.795860138344342
BSU_17310,ymaG,2.98158162535192,1.11682528752028,1.57412392206885,0.709490067371857,0.478020413129046,0.756869235341919
BSU_17320,ymaF,12.4162378319715,0.828083055045297,0.865404030870971,0.956874506595361,0.338630600096458,0.651880090563086
BSU_17330,miaA,709.589273751393,-0.102424060840991,0.203147325873624,-0.504186114193343,0.614130597290898,0.838677221701372
BSU_17340,hfq,695.254071291577,-0.162354688880361,0.318257607898362,-0.51013608112146,0.609956128880135,0.837235881426309
BSU_17350,ymzC,95.7036962092805,-0.12621832942991,0.337615709769239,-0.373852062500823,0.708514383062369,0.891465091392362
BSU_17360,ymzA,450.44930969633,0.0313531816919643,0.256735204082783,0.122122643071009,0.902801889518959,0.968688189031833
BSU_17370,nrdI,786.107491857422,-0.19280932135652,0.214037090343836,-0.900822007282871,0.367682964489755,0.670429910658557
BSU_17380,nrdE,4153.8563470116,-0.255410485209211,0.23841402288673,-1.07128969226175,0.284039193122142,0.604146744546417
BSU_17390,nrdF,2580.98512362498,-0.129635220107694,0.247671446870777,-0.523416089119597,0.600684730236016,0.831100429427819
BSU_17400,ymaB,461.324765226413,-0.57558541630845,0.363025063087316,-1.58552528415926,0.112847036906688,0.372272561969347
BSU_17410,cwlC,90.9110254742836,0.294557571972998,0.325707606764113,0.904361967162545,0.365803498296914,0.669362245023753
BSU_17420,spoVK,27.0825220452656,0.0524108876749336,0.622286875086932,0.0842230324520535,0.932879105998389,0.976368326528551
BSU_17430,hflX,1044.44612544043,0.0199246903369918,0.215919371207121,0.0922783825536384,0.926476863300026,0.97433381789569
BSU_17440,ynbB,923.893742396105,-0.092223013815204,0.242804309098327,-0.379824452694771,0.704075729624158,0.88983277072369
BSU_17450,glnR,1221.05819665794,0.168377439441218,0.179449396067977,0.938300396271241,0.34809005616983,0.654200337133205
BSU_17460,glnA,13627.2770150509,0.203302512009112,0.206141274875294,0.986229041865101,0.324020730998964,0.639463114730423
BSU_17470,ynxB,20.8082061657817,0.0478145812746155,0.680480342681898,0.0702659258108315,0.943982002712716,0.98043987522032
BSU_17480,ynzF,94.0018734128073,0.543422626052246,0.373670002071317,1.45428485840437,0.145867346637061,0.434635593170317
BSU_17490,ynzG,11.3134382380008,-0.0493403849259462,0.898439222923712,-0.0549178883412749,0.956203880549272,0.984233451503636
BSU_17500,ynaB,422.646906671484,0.275357912728176,0.259782547232628,1.05995539600896,0.289164891914424,0.607704866832074
BSU_17510,ynaC,549.414470218688,0.184032854285655,0.224429471525756,0.820003063922625,0.412214360515125,0.710551529448
BSU_17520,ynaD,104.556673808912,0.283499121945897,0.378097261649164,0.749804747882451,0.453372308806297,0.738176772181308
BSU_17530,ynaE,453.488017427546,0.060401949107244,0.216148238699251,0.279446871604109,0.779901904796652,0.924158011858912
BSU_17540,ynaF,161.137535892767,0.0510005341309071,0.269018603633524,0.189579952620613,0.849638297798657,0.949779828294263
BSU_17550,ynaG,117.434055871453,0.389666902259693,0.344338393488771,1.13163942687791,0.257786057159672,0.574861483737273
BSU_17559,ynzI,128.395818043837,0.0852786090270984,0.401817263043845,0.212232317698588,0.831925795098444,0.943296847420234
BSU_17560,ynaI,99.4800919918658,0.553335231186143,0.354102233354833,1.5626425903721,0.118136684683009,0.381430678737161
BSU_17570,xynP,361.550552733697,0.207292740257069,0.268519313423515,0.77198447148612,0.440123624712128,0.728541045178567
BSU_17580,xynB,568.69949343841,-0.0520922211861537,0.277714348064143,-0.187574828413698,0.851209959985596,0.950082430691064
BSU_17590,xylR,481.511620779754,0.423545475205967,0.215968267567352,1.96114679242811,0.0498619015889725,0.232440448662346
BSU_17600,xylA,528.236200558838,-0.0332905363388501,0.211860048669336,-0.157134563821463,0.875138797943049,0.959312649432765
BSU_17610,xylB,523.06375354931,0.19218779593333,0.267809246454239,0.71762942645884,0.472985808608927,0.751295962908161
BSU_17620,yncB,362.739599800674,0.106089499977406,0.245913125526871,0.431410481852517,0.666169929747516,0.866673616502509
BSU_17630,yncC,2339.18286096697,0.156874369095275,0.221548396072779,0.708081718830144,0.478894511511462,0.756869235341919
BSU_17640,alrB,8.26144988145268,0.254835955614279,0.884043846642944,0.288261670031401,0.773146445276723,0.92157084692455
BSU_17650,yncE,320.591522749252,0.113411749412077,0.276737427019059,0.409817170860184,0.681940069322403,0.877517672486642
BSU_17660,dutA,643.222737926779,-0.0085792399540258,0.211056265671166,-0.0406490654363829,0.967575667895103,0.986521610731621
BSU_17670,cotU,15.9781014405243,2.14450183055489,1.0716558422694,2.00111056737541,0.0453804757910516,0.217435892256115
BSU_17679,BSU_17679,172.714186311664,0.569723678477315,0.268900471845671,2.11871580055945,0.0341144922039418,0.181190596718186
BSU_17680,thyA,1082.36736774691,0.373875338140283,0.178246021401331,2.09752417025052,0.0359471998517685,0.18672329116157
BSU_17689,BSU_17689,42.5627462222403,-0.31128229910123,0.529458237496279,-0.587926066790901,0.556581919102444,0.805763739102653
BSU_17690,yncM,1209.00804331117,0.454008884302305,0.26499156723434,1.71329559291527,0.086658172764499,0.316604106686463
BSU_17699,ynzK,20.7642997382615,1.8579520378759,0.896780804091012,2.07180174843187,0.0382839335763078,0.195046083651957
BSU_17700,cotC,62.659758735521,0.102188136019832,0.465263334165881,0.219635050767611,0.826155391313373,0.94271485619379
BSU_17710,tatAC,2535.14907071466,0.250356536821473,0.285296745607101,0.877530293199536,0.380198672298349,0.680195435198183
BSU_17715,BSU_17715,1.80965245014898,0.613571961790717,2.34052406506737,0.262151528774413,0.793204621249545,
BSU_17720,yndA,3.57690150774585,-3.75311746202236,2.03463056185553,-1.84461864103703,0.0650930333962445,0.267867213330226
BSU_17730,flvS,1432.48435363174,0.231757659926982,0.231413078193844,1.00148903309972,0.316590439528999,0.63243666081745
BSU_17740,ynzB,53.9397661525031,0.468259939109195,0.42751132587013,1.09531586831326,0.273378277919306,0.593250410050628
BSU_17750,yndD,7.94913288240862,0.375566933054986,1.23187278366183,0.304874771190727,0.760461531257861,0.916103905080247
BSU_17760,yndE,5.08553192988738,0.258000255446111,1.27866824087959,0.201772631240637,0.840094478575623,0.947147741559123
BSU_17770,yndF,42.8209361919158,0.816825606837781,0.480449058426396,1.70012947785372,0.0891065736519589,0.322344553573
BSU_17780,yndG,280.659779149565,0.15229746872228,0.27319247462052,0.5574731475815,0.577204200629104,0.816132786996299
BSU_17790,yndH,145.268126766319,0.114521385453361,0.334064805191462,0.342811884621385,0.731739984520385,0.902161359894989
BSU_17800,yndJ,669.484883765366,0.586585106128284,0.22238465257118,2.63770498254384,0.008346916230866,0.0710742426151296
BSU_17810,yndK,219.371704541031,0.729616300940718,0.285696001080898,2.55382048814229,0.0106548172620575,0.0830684743972154
BSU_misc_RNA_72,surA,20.8304513264966,-0.831147225439982,0.764681387303572,-1.08691964946444,0.277072321548766,0.596393259503904
BSU_17820,pghL,17.3825416357292,2.18526144238533,1.00586499794235,2.17251961928849,0.0298164914437952,0.165608198881942
BSU_17830,yndM,9.31101118306281,1.60184508204398,1.04855721289071,1.52766588446608,0.126595514565539,0.399038828923573
BSU_17840,fosB,60.1921902200429,0.881491723977344,0.58576418343955,1.50485766951696,0.132360673323309,0.409132051454278
BSU_17845,yzzP,86.7851037989341,0.905780668642605,0.464135631597697,1.95154305547417,0.050992479661507,0.234954485589358
BSU_misc_RNA_73,ncrF,12.4100556536613,2.18422561123596,1.17814534137519,1.85395259356237,0.0637459425402558,0.265857550229066
BSU_17850,lexA,2157.18512218811,-0.0555661959924795,0.185080867253572,-0.300226581045519,0.764004330997507,0.918058371721835
BSU_17860,dinK,33.7124612747421,0.368982496947877,0.512844921278299,0.719481624246496,0.471844220370952,0.750717843902411
BSU_17870,dinL,182.514469794253,0.473051358222215,0.288234950508293,1.64120054624883,0.100755792378935,0.349501708237249
BSU_17880,ynzC,981.113383739062,0.279887682156146,0.198749845295061,1.4082410063798,0.159059717635819,0.453500793839123
BSU_17890,tktA,26412.3376150138,0.398278371088801,0.188343670671188,2.11463634360253,0.0344609536076244,0.182231512982512
BSU_17900,pcfA,71.7427422054313,0.171824346189901,0.361444295287735,0.475382647976548,0.634514260083293,0.850294128103039
BSU_17910,yneF,3231.61440363509,0.243907254788045,0.199882513907682,1.22025308777483,0.22236894759482,0.532722033933822
BSU_17920,spo0D,80.6462072628809,0.109393423166247,0.35878447486784,0.304900102510129,0.76044223768508,0.916103905080247
BSU_17930,ccdA,138.918935101906,-0.953517972689479,0.444830874753494,-2.14355168853304,0.0320688252965701,0.173801579955518
BSU_17940,yneI,385.954790471552,-0.0763068171100022,0.210232240369176,-0.362964391075339,0.716631484746046,0.896411522768506
BSU_17950,yneJ,1027.03480397096,-0.0337272700412445,0.275500281918961,-0.12242190754333,0.902564889293066,0.968688189031833
BSU_17960,yneK,621.731029067046,0.447277705576781,0.23175695170665,1.92994299537961,0.0536139012915564,0.242346241050876
BSU_17970,cotM,27.6145714179144,0.276170021787659,0.76220278122135,0.362331427530513,0.717104375647311,0.896411522768506
BSU_17980,sspP,1.60819254529504,-0.913753675253664,2.28243426587177,-0.40034172677681,0.688904838449605,
BSU_17990,sspO,0.0,,,,,
BSU_18000,citB,51307.6678249899,-0.0512950439260537,0.335385111403033,-0.152943712114914,0.878442664116792,0.960546209177221
BSU_18010,yneN,2056.67651543316,-0.379988574967525,0.277776704374463,-1.36796415604123,0.171323296088526,0.468473512126552
BSU_18019,ynzL,0.737749822997824,0.945407445011315,3.46041116691967,0.273206679613418,0.78469434565275,
BSU_18020,sspN,10.7610054342612,1.37852340934021,0.998122927958741,1.38111586331298,0.167243338805544,0.464455520643631
BSU_18030,sspT,13.3174340605013,1.14675214475116,0.952419672064346,1.20404080090619,0.22857380900301,0.542113630519511
BSU_18040,yneP,258.739575309037,0.931385245083396,0.338486114530372,2.75162024408485,0.0059301244527854,0.0568783268620435
BSU_18050,yneQ,233.766659550856,0.655384933770699,0.347289655715225,1.88714211029686,0.0591412140870813,0.256179302236878
BSU_18060,yneR,866.767622471484,0.0510021737689492,0.255158967068406,0.1998839168967,0.841571369074359,0.947998502021689
BSU_18070,plsY,1190.56542426808,-0.258781781808187,0.208254135138809,-1.24262493820687,0.21400607577818,0.52079714546477
BSU_18080,yneT,699.612303867619,0.0743650533899859,0.211201687575803,0.352104446908338,0.724759933534178,0.898695372192604
BSU_18090,parE,1771.05319019564,-0.329762677812981,0.239204451496912,-1.37858085729328,0.168024022003673,0.465121124213843
BSU_18100,parC,4031.35692211128,0.0743252482185364,0.206435170635126,0.3600415955763,0.718816027742692,0.896411522768506
BSU_18120,alsT,2153.67492878323,0.401161096250718,0.232641483211382,1.72437473623832,0.0846402153025788,0.313545139337975
BSU_18130,eglS,167.723867815708,0.834312043087326,0.260211951674572,3.20627871901417,0.0013446367816379,0.0193673277463717
BSU_18140,ynfE,1.0484369081797,0.0245705607862815,3.06835528093339,0.0080077300496985,0.993610824109318,
BSU_18150,xynC,387.559512084621,0.151185872592627,0.245660165974527,0.615426892646094,0.538272835924266,0.792689661612391
BSU_18160,xynD,250.108362222691,0.138790167729342,0.24482900780036,0.566886125856927,0.570791550930945,0.813734957711799
BSU_18170,yngA,5.66495460473209,2.82401872539487,1.48392961433067,1.90306783968904,0.0570316937323732,0.250597380215981
BSU_18180,yngB,200.140086563854,0.196988052309222,0.261986562695444,0.7519013581556,0.452110381325474,0.736868818662041
BSU_18190,yngC,857.218114675019,-0.227398850515966,0.274155564526964,-0.829451887684008,0.406848750797001,0.706457025801577
BSU_18200,nrnB,28.0037340812987,0.39316415517403,0.519409930608346,0.756943854950071,0.449083500037969,0.733647166960365
BSU_18210,ldeE,28.5151898421069,0.733212438619836,0.51776962495304,1.41609782282291,0.156746865465934,0.450732011036801
BSU_18220,ldeF,3.06318937254584,0.949594185998191,1.81004619064534,0.524624283571256,0.599844402178007,0.830575604098904
BSU_18230,ldeG,4.2835277047219,1.05478352175088,1.63047739163482,0.646916987112152,0.517685671077678,0.784832807922975
BSU_18239,lgeHB,1.71603041470175,0.109932734254771,3.42384280987281,0.0321079968793471,0.974385926112222,
BSU_18240,ldeHA,15.0008830706729,2.93827771492335,0.904180589323674,3.24965803249678,0.0011554385931979,0.0172261704649053
BSU_18250,ldeI,9.88933150819625,0.126621293388341,1.39259007670416,0.0909250292002761,0.927552162139743,0.97433381789569
BSU_18260,ldeJ,4.39795959238718,1.32006440279962,1.68327619298179,0.784223295204592,0.43290909845493,0.723046682128537
BSU_18270,ynzE,1.94949559668146,1.40764754448111,2.20969274295482,0.637033157197591,0.524103246187949,
BSU_18275,BSU_18275,0.0,,,,,
BSU_18280,yngK,11.5185003340659,-0.287942775892325,0.849027004388451,-0.339144425800364,0.734500932533637,0.902678712164002
BSU_18290,yngL,2.39585253935031,-0.531753882533057,2.20607153543925,-0.241041087739332,0.8095232717603,
BSU_18300,ppsE,632.234849502392,0.850095672961615,0.241455773575194,3.52070965367443,0.0004303936029545,0.0085856451594081
BSU_18310,ppsD,2213.01788378929,0.851486970185789,0.212244827898871,4.01181493379664,6.02537276216574e-05,0.0018418567529814
BSU_18320,ppsC,1754.13688820827,0.808981858300767,0.241737783071981,3.34652633949192,0.0008183090487871,0.0137430638272594
BSU_18330,ppsB,2606.65593912509,0.378240973974231,0.241695365400262,1.56494922171073,0.117594816051851,0.381129194053633
BSU_18340,ppsA,2083.01897319172,0.483405887191543,0.295102797265896,1.63809320572444,0.101402252098032,0.350957072512067
BSU_18350,dacC,759.514386375413,-0.998135351352531,0.217199480743656,-4.5954776131834,4.31759149144525e-06,0.0001972628628725
BSU_18360,galM,538.184336418919,-0.82515052939505,0.278187386050092,-2.96616802476612,0.0030153570098766,0.0356887240528297
BSU_18370,yoeA,578.248299312621,0.527461310691876,0.289570526028644,1.82152969062777,0.0685263776499572,0.27703956102252
BSU_18380,iseA,184.112075613012,-1.03704296106416,0.419763300238416,-2.47054223290875,0.0134908388116523,0.0961788156219975
BSU_tRNA_85,trnSL-Arg1,10.1481666162542,0.419156149991722,0.922798916639495,0.454222629040506,0.649668597321419,0.858346352617757
BSU_18390,yoeC,209.716957668948,-0.692670981497234,0.311744547051194,-2.22191851645599,0.0262888128110536,0.152181424569709
BSU_18400,yoeD,527.95778464992,0.723579636674856,0.290760986534444,2.48857195492126,0.012825728052016,0.0934760179983122
BSU_18410,ggt,63.9645016790352,0.405705434890405,0.430670876975888,0.942031273949178,0.346176628568103,0.653760943255378
BSU_18420,ftsR,218.539644088086,0.627749805488372,0.241427889483764,2.60015446778194,0.0093181806277256,0.0779388769433195
BSU_18430,yogA,94.8212026901039,0.368365710937188,0.346695220434244,1.06250588189765,0.288006089196191,0.606711885470805
BSU_18440,gltB,1166.01446612792,0.0494884978070432,0.322823828396354,0.153298776155652,0.878162665754506,0.960546209177221
BSU_18450,gltA,2478.79309344196,0.0814773381874714,0.272897334636407,0.298564067311348,0.76527268565737,0.918543401513606
BSU_18460,gltC,327.604137751682,0.222847765362922,0.232893042948936,0.956867420946463,0.338634176934148,0.651880090563086
BSU_18470,proJ,102.561737008631,0.570128647622134,0.40824046979012,1.39655102767063,0.162548625699985,0.459368756403451
BSU_18480,proH,106.647846386491,0.70209113883466,0.375834029248744,1.86808826289113,0.0617497692716628,0.261069422522682
BSU_18490,rtp,197.173559933385,0.603536289730307,0.352045071774136,1.71437221571879,0.0864603879187823,0.316153346184945
BSU_18500,yoxD,2505.59779731173,0.699083536957788,0.207446166483431,3.36995158217892,0.0007518139241521,0.0129855990395223
BSU_18510,yoxC,16.3810489921672,0.635445728120227,0.768494170202188,0.826871240874922,0.408310045521891,0.70783736573746
BSU_18520,yoxB,7.34696135172971,-2.25870874279056,1.36111520320844,-1.65945449545072,0.0970242428732836,0.339846863423107
BSU_18530,yoaA,61.2220085576057,0.641720897525457,0.367555429150542,1.74591598064145,0.080825552565184,0.3043854173311
BSU_18540,yoaB,37.4096102396379,0.404714464962603,0.545216291005716,0.742300755936804,0.457905133922471,0.740445065066274
BSU_18550,yoaC,97.786908572973,0.337230960970011,0.478416455449964,0.704889970084401,0.480878712430256,0.758727682553345
BSU_18560,yoaD,128.710012580263,0.563633875790131,0.33060243653301,1.70486909201546,0.0882188419786393,0.321476723471045
BSU_misc_RNA_31,mswF,15.4208940475823,0.483863515053528,0.877402344604647,0.551472785579978,0.581309617435622,0.820427460227786
BSU_18570,yoaE,1260.03422851462,0.53611166420276,0.250798510604359,2.13761901101754,0.0325476774969865,0.17617207857923
BSU_18580,yoaF,658.967262945364,0.618459190217465,0.209155920013956,2.95692892735811,0.0031071972983975,0.0365719704179814
BSU_18590,yoaG,150.293311524818,0.843553032788012,0.39231079817582,2.15021619774524,0.0315381174966146,0.172719187264085
BSU_18595,BSU_18595,38.9827660856853,1.91566835357652,0.517711998295871,3.70025875367431,0.0002153797452419,0.0050820532555571
BSU_18596,BSU_18596,4.56780716715428,1.19399557138678,1.2898668751214,0.925673489579617,0.354615688989422,0.659574405309418
BSU_18600,yozQ,21.0528281005687,1.29104503122211,0.708610788079533,1.82193815411854,0.0684643702359951,0.27703956102252
BSU_18610,yoaH,2282.94825690374,1.12417320091352,0.282727882099863,3.97616673871753,7.00350292716819e-05,0.002095625629404
BSU_18620,yoaI,40.3132121978949,0.582348688049222,0.535724623871698,1.08702990697081,0.277023592752221,0.596393259503904
BSU_18630,exlX,211.056935665576,-0.67080537702229,0.380330362218995,-1.76374395435734,0.0777750972648344,0.296722331421746
BSU_18640,yoaK,105.219339572148,0.125019868434997,0.3638486912354,0.343604007507925,0.73114411047188,0.901987694051853
BSU_18650,pelB,17.0968790323069,0.620473777484577,0.643916579880585,0.963593417022503,0.335249808532508,0.648825722650264
BSU_18660,yoaM,3.85841005870226,1.0787861869749,1.56870078525225,0.687694044088482,0.491645471409338,0.765763052792623
BSU_18669,yozS,49.6165996009422,0.499157160174451,0.547973307888481,0.910915099309974,0.362340109245241,0.666486200945035
BSU_18670,oxdD,9.58488937173852,2.70189250770154,1.14138180390283,2.36721182908533,0.0179226713717411,0.116799740273816
BSU_18680,yoaO,88.3076790760142,-0.283565998356792,0.334964554029009,-0.846555239788848,0.397243071609544,0.69684971880139
BSU_18689,BSU_18689,2.12244755930545,-0.683634435938259,2.90087922306434,-0.235664563523642,0.813692969653063,
BSU_18690,yoaP,22.9221296450161,1.46853468400919,0.621426224115004,2.36316818798657,0.018119444359168,0.117901254337067
BSU_18700,yoaQ,18.9879162185989,1.39926438108289,0.769829902892814,1.81762799265764,0.0691210101971258,0.278912794233227
BSU_18709,yozT,5.84640245367038,2.37158627194214,1.35044937581736,1.7561460017757,0.0790634820680289,0.299679514100852
BSU_18710,yozF,11.2769949786768,2.79966165304372,1.05811381574981,2.64589840088214,0.0081474282971306,0.0700777790172225
BSU_18720,yoaR,0.98416216261928,1.94854041453123,3.17653682300365,0.613416598989319,0.539600913295685,
BSU_18730,yoaS,40.1049682423995,1.19189381107016,0.859543947653394,1.38665837194724,0.165545959864507,0.462553803242857
BSU_18740,yozG,55.9594388182298,-0.0575973393939948,0.504282184309864,-0.114216486693496,0.909066182942949,0.971907547785905
BSU_18750,yoaT,129.143695823837,0.410004697650358,0.486445088901409,0.842859157189386,0.399307218185485,0.698311399313045
BSU_18760,yoaU,34.0139106475544,-0.425960999997434,0.563841947307781,-0.755461707010808,0.449972000271224,0.734792862856431
BSU_18770,yoaV,41.7377745714616,0.814558388187491,0.452920482330822,1.79845783082188,0.0721044854224251,0.285794737462579
BSU_18780,yoaW,46.8240783002934,1.20574607242488,0.570257356538386,2.11438933421934,0.0344820278743091,0.182231512982512
BSU_18790,yoaZ,99.5531297640078,1.05970089572963,0.349793793099175,3.0295017139689,0.0024495751382744,0.0301688253986316
BSU_18800,penP,1843.99642461263,0.490995199064138,0.176486360316072,2.78205748129661,0.005401547221943,0.0534992404336505
BSU_18810,yobA,29.989433774143,2.53573027929171,0.653265384903683,3.88162351456227,0.0001037614284969,0.0028261686518182
BSU_18820,yobB,1.86769146632857,1.42592678891125,2.08761376106438,0.683041478029075,0.494580633249645,
BSU_18830,yppS,571.591630977195,1.6151158717163,0.387893575791137,4.16381186108112,3.12978039185099e-05,0.0010792979192931
BSU_18840,xynA,4665.53111078821,0.730264843190902,0.213971655948896,3.41290457351657,0.000642744443714,0.0117158590454907
BSU_18849,yozV,749.287981399703,1.11168480931639,0.189054923099373,5.88022142503031,4.0971801766707e-09,4.04858571411019e-07
BSU_18850,yobD,349.381015748519,0.287061976180217,0.323857858373881,0.886382617428463,0.375411382837319,0.675327250497785
BSU_18860,yozH,18.0226709868021,0.108303652315209,0.681661402909423,0.158881890412093,0.8737619288055,0.958878009875813
BSU_18870,yozI,321.716311218467,0.779321466985862,0.238938940919168,3.26159253903073,0.0011078826483137,0.016593198966504
BSU_18880,yobE,287.926921011205,0.855350801396327,0.231105310055476,3.70113002246034,0.0002146414488383,0.0050820532555571
BSU_18890,yobF,1087.6949972728,0.433770432849895,0.226056466937754,1.91885876447558,0.0550022104468146,0.246263848459974
BSU_18898,yozW,24.9719502006982,0.595940312541617,0.545401754990287,1.09266299033495,0.27454179495984,0.593955237670244
BSU_18899,yozX,0.352507517714696,-1.06300826667046,3.50034870956715,-0.30368639094872,0.761366827089156,
BSU_18900,yozJ,38.8601189779855,0.965055796165844,0.529137142489807,1.82382924703577,0.068177890815,0.276419711901656
BSU_18908,yozY,89.8011932502956,0.0614598003634091,0.357590226101997,0.171872148278121,0.863538043178088,0.952905437791136
BSU_18910,rapK,1344.04536075304,0.251766605234463,0.267240937237926,0.94209595220179,0.34614351670102,0.653760943255378
BSU_18920,phrK,427.18336049789,-0.197924299295536,0.392698311549056,-0.504011077905566,0.614253592359301,0.838677221701372
BSU_18950,yozL,0.43520535615166,1.13424813652823,3.50354780339693,0.323742731704273,0.746132816391049,
BSU_18960,yozM,14.6777226748348,-1.92794583636488,0.942214830916593,-2.04618498149659,0.0407381743936365,0.201987239610534
BSU_18970,yobI,4133.71960864795,0.437729653990247,0.208312730883247,2.10131014141225,0.0356137500948753,0.185871612474992
BSU_misc_RNA_74,asrE,330.392998543636,0.0872198123614541,0.411911524898135,0.211744044750929,0.8323067243673,0.943296847420234
BSU_18978,bsrE,62.5135879526592,0.531548960351687,0.431571020452007,1.23166045717103,0.218075946882152,0.527378883495882
BSU_18980,yobJ,811.150491817865,0.283412946049624,0.36666614632607,0.772945495212393,0.439554638242631,0.728541045178567
BSU_18990,rttM,294.946858236534,0.515288931874845,0.25661283269196,2.00804038702695,0.0446390001334637,0.215046611754067
BSU_19000,rttL,841.237429857148,0.089914314671165,0.245317588544024,0.366522087571512,0.71397553407547,0.895948625010831
BSU_19010,yobM,328.066040303139,0.449842294396357,0.267638844057691,1.68078103901611,0.0928054529018919,0.330787274759623
BSU_19020,yobN,11.8811547112559,0.24547309066683,0.794203402054444,0.309080885364934,0.757259999054955,0.915033723717064
BSU_19030,yobO,798.090883013723,-0.191200122716786,0.29742159166581,-0.64285891836536,0.520315648320079,0.78549540842811
BSU_misc_RNA_75,bsrF,10.9012229283732,1.96289881292244,1.10802312927413,1.7715323453657,0.0764722188326703,0.294321066865957
BSU_19040,csaA,259.339754904145,0.0141499789112176,0.230399687353859,0.0614149223626567,0.951028768466099,0.98319251513685
BSU_19050,yobQ,352.620442722065,-0.357742938770615,0.230736710143808,-1.55043789324919,0.121036449405179,0.388725527983828
BSU_19060,yobR,426.087478762257,-0.274394904560082,0.227987194648067,-1.20355401970559,0.22876200035808,0.542113630519511
BSU_19070,yobS,52.7202380030159,-0.613495459613662,0.435035494097994,-1.41021932218585,0.15847493212087,0.452831194742151
BSU_19080,yobT,35.9004555998683,-0.175848231049848,0.453106474418344,-0.388094721611705,0.697945937972876,0.886494192491272
BSU_19090,yobU,13.5434629808246,-1.73253276742002,1.08988944549449,-1.58964083429027,0.111915787131048,0.372272561969347
BSU_19100,yobV,138.743592883227,0.345831257637706,0.314305632127814,1.10030245177749,0.271200364257326,0.59093863986122
BSU_19110,yobW,0.563348787878543,-1.98759422571942,3.48250828710579,-0.570736395108839,0.568178343974802,
BSU_19120,czrA,357.46007241758,0.694365837725867,0.281697179713467,2.4649371301202,0.0137037294111231,0.0970452437797698
BSU_19130,yocA,3688.74629236543,0.0525585163872785,0.188127493719852,0.279377114679184,0.779955431990129,0.924158011858912
BSU_19140,yozB,1440.47741047369,0.175705531592466,0.234905710478976,0.747983227969214,0.45447027412181,0.739580312042731
BSU_19150,yocB,103.232137616466,-0.225774285276317,0.539496476540994,-0.418490750345358,0.675588347919924,0.874109284504189
BSU_19160,yocC,128.025282146946,0.409147335416442,0.398947024891122,1.02556808269996,0.305095218486737,0.622347375588165
BSU_19170,yocD,1272.24804318773,0.505544556292275,0.214626989997971,2.35545658212443,0.0184999588365476,0.119462500146642
BSU_19180,desE,228.558262334687,-0.418840070274209,0.326913811008696,-1.28119417464155,0.200125471743766,0.503751853933211
BSU_19190,desK,184.366614719119,0.449592831469802,0.291534728600414,1.54215874598607,0.12303502225165,0.39276920326616
BSU_19200,desR,138.970627069387,0.240389345805555,0.335466276986192,0.716582745559996,0.473631594133692,0.751759672571557
BSU_19210,walL,5684.0934856639,0.695618344415535,0.184210592255662,3.77621251795391,0.0001592311470291,0.004083205805594
BSU_19220,recQ,483.411928868857,0.49639967479442,0.216753119495255,2.2901616177445,0.0220119495114333,0.132874516768598
BSU_misc_RNA_32,ssrSA,432.66122134621,0.802221067636706,0.350284603070724,2.2901979150786,0.0220098462456659,0.132874516768598
BSU_19230,azoJ,1396.62907472789,-0.196750137913608,0.284612347801048,-0.691291644349675,0.489382281681062,0.765049196375342
BSU_19240,yocK,99.5905081471462,0.440277928653631,0.464774793342789,0.947293043770791,0.343489474505797,0.653760943255378
BSU_19250,yocL,42.4979287273899,0.668663211503824,0.467974061421929,1.42884673879596,0.153048288545242,0.446636111283471
BSU_19259,yoyB,2.9034014058261,-0.243374360629092,2.0945367941761,-0.116194836636816,0.907498128802767,0.971519160817072
BSU_19260,yocM,60.2126942941337,0.805079408485521,0.47727852743524,1.68681254698759,0.0916394020879446,0.32854368012919
BSU_19270,yozN,7.85632963325605,1.44445329397375,1.12847161024295,1.28000853620302,0.200542133786554,0.504501791864456
BSU_19280,yocN,19.948330480918,1.46563593920312,0.69283110523283,2.11543033812056,0.0343932863597858,0.182215802671733
BSU_19290,yozO,748.881732484781,0.330867592491261,0.210898492938406,1.56884759052258,0.116683456267696,0.379623281532496
BSU_19300,yozC,707.106677086725,0.129057713573233,0.336436612870948,0.383601869225623,0.701273554377598,0.888513358133001
BSU_19310,dhaS,6478.3151216584,-0.294580170067402,0.227201538377216,-1.29655887091011,0.194783011678691,0.500685430503786
BSU_19320,sqhC,48.34083440838,0.434612945785178,0.583109999762952,0.74533612176409,0.456068549610469,0.740445065066274
BSU_19330,sodF,2.23433113558242,0.244293894804845,2.29960668552595,0.106232903366678,0.91539756553528,
BSU_19340,yocR,913.019161925857,1.29112138739208,0.258494049955569,4.9947818435821,5.89023124390749e-07,3.42843733635108e-05
BSU_19350,yocS,236.18881443353,0.503011937405445,0.280183345397455,1.79529563647652,0.0726066099022191,0.286345575596804
BSU_19360,odhB,48575.9426943246,-0.0996194232371524,0.192892809367338,-0.516449646639968,0.605540398652376,0.834828408135608
BSU_19370,odhA,92527.4575328282,-0.258896210858652,0.21015287489453,-1.23194227530118,0.217970647949747,0.527378883495882
BSU_19380,yojO,1888.92162213109,-0.213873413141593,0.222688338820319,-0.960415863150165,0.336845957496446,0.64990215274533
BSU_19390,yojN,921.621401853216,-0.253147868447721,0.190651912298631,-1.32780136005769,0.184243737537128,0.488062120196545
BSU_19400,sodC,79.4977594072886,1.15886373354433,1.41325078984329,0.819998645585637,0.412216879286731,0.710551529448
BSU_19410,cwlS,1511.55080342413,0.84894537199271,0.381384738551145,2.22595527869782,0.0260171770952097,0.151020471963861
BSU_19420,yojK,87.7809857558715,0.0224510293053,0.321365272501323,0.0698614045337073,0.944303972759287,0.980526882628727
BSU_19430,cdaS,9.22020203531867,1.04999751156332,1.12703825286378,0.931643188592135,0.351520955485304,0.65684616010795
BSU_19440,mdtK,340.662925301106,0.0130003598302823,0.292133995945964,0.0445013590020071,0.964504768724872,0.986037678995262
BSU_19450,rsbRC,320.847039661204,0.406341854067538,0.253011582611873,1.60602075949573,0.108269348792559,0.362804781561185
BSU_19460,bshBB,1292.75444392706,0.0741191718029075,0.175808245902988,0.421590986373909,0.673323586548003,0.87242687301413
BSU_19470,yojF,447.279846601285,-0.0554031526017298,0.214956599539168,-0.25774111016133,0.796606716376613,0.932270614713351
BSU_19479,yoyC,332.810844812661,-0.180574553198213,0.262457391784402,-0.688014736298788,0.49144350151855,0.765729166832533
BSU_19480,yojE,352.336328052695,-0.166844524439293,0.225148242782759,-0.74104297851562,0.458667381592598,0.740520491934348
BSU_19490,gerT,3.11933102435694,1.72830398437976,1.85986556051684,0.929262856988157,0.352752879281216,0.657698397995914
BSU_19510,yojB,101.896333446416,0.268016008165773,0.407634818853631,0.657490468845374,0.51086559748525,0.780937822783021
BSU_19520,yojA,589.708257264645,0.466837878120641,0.34071384982593,1.37017581867936,0.170632024801721,0.467751918311298
BSU_19530,yodA,398.852361465654,0.304782755228333,0.327785608037737,0.929823481430108,0.352462486439976,0.657698397995914
BSU_19540,arxR,326.083033750849,0.0532609638905387,0.241175574281405,0.220838963685409,0.82521782385012,0.94271485619379
BSU_19550,noxC,2028.98319482119,0.772472111732884,0.244959891210377,3.15346364629737,0.0016134532306371,0.0221147186354109
BSU_19560,yodD,32.3906283702146,-0.44179701503398,0.489753071502828,-0.902081152198407,0.367013760259288,0.669863173256751
BSU_19570,yodE,28.7067121834685,-1.3148951415811,0.639580199716693,-2.05587218329076,0.0397948379929942,0.198976367229127
BSU_19579,yoyD,49.7598911572694,0.907932087884954,0.514339124872058,1.76524017711233,0.0775234088767019,0.296722331421746
BSU_19580,yodF,1067.90785482125,0.489422637809253,0.33038681298187,1.48136250775878,0.138509999874008,0.422119234278345
BSU_19590,ctpA,3792.91848019337,0.405758422954456,0.185160050376298,2.1913929172618,0.0284233712106191,0.160973490733422
BSU_19600,yodH,14.7858590729915,-0.16981377548428,0.736057408774103,-0.230707243022122,0.817542246195662,0.93865365738648
BSU_19610,yodI,5.85514409491729,0.372228684057473,1.25721621660725,0.296073721560779,0.767173781930773,0.919267174118402
BSU_19620,ldcB,1658.9537164145,0.0835666411499043,0.219111471636388,0.381388708340118,0.7029148384538,0.889423808394936
BSU_19630,deoD,2837.49501857925,0.426328686720528,0.194753552205698,2.18906757741826,0.0285919286724227,0.161552001235537
BSU_19639,yoyE,1.19894332819629,0.663610575469885,2.97544190926026,0.223029249337578,0.82351274210558,
BSU_19640,yodL,338.479149629774,0.332598706338557,0.256863910284509,1.29484405173994,0.1953740320618,0.501294844342141
BSU_19650,pgpB,264.965639420702,0.158229504091855,0.29029723835066,0.545060314699666,0.585712035779097,0.824241140062643
BSU_19660,yozD,3.47182859394499,1.07322217527331,1.75598416253718,0.611179871760707,0.541080507244693,0.794145449147738
BSU_19669,yoyF,0.114189403375502,0.708855282401159,3.52929955165502,0.200848715737022,0.840816869356885,
BSU_19670,yodN,29.2032296210182,0.49501091167325,0.599331281162419,0.825938720757513,0.408838854234517,0.707990313211352
BSU_19680,yozE,408.156551165283,1.41444048595363,0.275946808480046,5.12577222307649,2.96320676016901e-07,1.95674028915893e-05
BSU_19689,yokU,1.39441650531812,-1.90106526895739,2.77632572809675,-0.684741437115386,0.493507096035101,
BSU_19690,kamA,4.9806995380319,2.91806298333333,1.58210836159439,1.84441410852074,0.0651228127489113,0.267867213330226
BSU_19700,kamB,7.00476376163862,0.70332773021114,1.20595836817894,0.58321062216534,0.559751521354236,0.808208222921033
BSU_19710,yodQ,7.42420839658227,1.67142535916008,1.08000483262639,1.54760914828081,0.121716427509562,0.389731047843353
BSU_19720,yodR,3.21749760912492,-0.53997733838361,2.53433180915042,-0.213064972958149,0.831276284860347,0.943296847420234
BSU_19730,yodS,6.4872681117736,1.73039535386767,1.23987595248635,1.39561973953738,0.162829034965856,0.45970801964779
BSU_19740,yodT,13.1324122443914,-0.976301368745247,0.965711796967922,-1.01096556116491,0.312032913135922,0.628798576675932
BSU_19745,BSU_19745,0.290541852024695,1.30871186777562,3.51157090887004,0.372685587658186,0.709382464311584,
BSU_19749,yoyG,67.8577848844932,-0.002840489372757,0.469265487064852,-0.0060530540835713,0.995170391093412,0.996587223412974
BSU_19750,cgeE,367.539456158327,0.896709629736644,0.290077287895142,3.09127831497373,0.0019929673618506,0.0258963863012335
BSU_19760,cgeD,291.665116989761,0.880606867106119,0.310638661765831,2.83482700479165,0.0045850506681596,0.0481034081210133
BSU_19770,cgeC,0.290946799948283,0.930930185399321,3.50435391030794,0.265649591686793,0.790509088725623,
BSU_19780,cgeA,0.982573041706699,0.883350606413945,3.15455101863473,0.280024193996474,0.77945894301272,
BSU_19790,cgeB,15.36612701177,1.55164462980833,0.893921248140304,1.73577329438845,0.0826039278828175,0.308835131201903
BSU_19800,phyC,27.1466383345571,0.823225492652631,0.816827044630499,1.0078332960009,0.31353449854488,0.629885619062505
BSU_19820,sprB,3.10610571464859,-2.0290837508146,1.87047393293921,-1.08479659357035,0.278011754584851,0.598112377332168
BSU_19830,yotM,26.4364938465572,-1.92846772819526,0.604724826560194,-3.18900042382054,0.0014276566833021,0.0200201757338305
BSU_19840,yotL,41.8754121669742,0.30325241995903,0.679019256838754,0.44660356374995,0.655161322036342,0.858926398436413
BSU_19850,yotK,7.79111419835037,-1.23691441379992,1.12367692668728,-1.10077406096295,0.270995003737439,0.590794135905787
BSU_19860,yotJ,10.8192031576654,-3.70783611810139,1.17503043410871,-3.15552347451653,0.001602103735201,0.0220302225594476
BSU_19870,yotI,7.85678412793648,-0.882532418264472,1.14897506712101,-0.768104063803435,0.442425362795319,0.729055114494999
BSU_19880,yotH,4.44116283088177,-1.14043767576335,1.74662449227969,-0.652938099061498,0.513796185834343,0.78191669587819
BSU_19890,yotG,7.58291465972365,-1.56794158979222,1.27994891724004,-1.22500325495269,0.220573994119383,0.531064220240085
BSU_19900,yotF,1.03393242588813,-1.82917084300327,3.14815272108996,-0.58102989437246,0.561220305856943,
BSU_19910,yotE,6.63819933893001,-1.78954018228114,1.35615748990981,-1.31956664000739,0.186979747043877,0.489977106695194
BSU_19915,BSU_19915,0.206359574729238,1.00536418266733,3.51323389730997,0.28616488740961,0.77475183545789,
BSU_19920,yotD,3.97098142443338,-1.84427569680736,1.78713841548536,-1.03197137995966,0.302085525061344,0.619180605878269
BSU_19930,yotC,6.42751540288959,-0.90856650716109,1.19517041911479,-0.760198288570451,0.447136067842241,0.732131465226081
BSU_19940,yotB,35.1820961320149,-2.6927747841159,0.726384678903698,-3.70709193395983,0.0002096528511444,0.0050045784523178
BSU_19950,sspC,14.7480916601285,0.792870602147437,1.00616520474165,0.788012344703391,0.43068948513351,0.722370570162217
BSU_19970,yosX,28.0211607204541,-2.10351602858892,0.598122834772133,-3.51686293567157,0.0004366792121636,0.0086299998720159
BSU_19980,yosW,25.6110086325598,-2.28237063529259,0.680763699640847,-3.35266207128363,0.000800383649898,0.0135491240175974
BSU_19990,yosV,17.6426570919388,-1.89683824397392,0.752422237193661,-2.52097579020077,0.0117029903602004,0.0877860647571847
BSU_19999,yojW,12.0297031959604,-1.50611590773062,0.961500884482287,-1.56642176001905,0.117249912029806,0.380591960438995
BSU_20000,yosU,29.3935624905388,0.619578501777613,0.763814779934867,0.811163279441184,0.417271910122344,0.713414615685913
BSU_20010,yosT,173.603665840678,0.191502578199518,0.321482281315864,0.595686261201322,0.551384838029434,0.801791299379557
BSU_20020,dutB,39.5014389091426,-1.31925407974781,0.491872955035817,-2.68210330785873,0.00731608630158,0.0654885539574098
BSU_20040,nrdFB,199.825294730987,-0.665786503247635,0.268731831207366,-2.47751262013275,0.0132301729878281,0.0954414346778975
BSU_misc_RNA_76,srdFi,0.0,,,,,
BSU_20050,yosQ,0.0,,,,,
BSU_20060,nrdEB,226.351118891642,-1.67768138126943,0.376209464451442,-4.45943427743289,8.21762664169062e-06,0.0003389970446654
BSU_misc_RNA_33,srdEi,0.0,,,,,
BSU_20070,nrdIB,10.9677381954917,-2.84049264025068,1.2169742815735,-2.3340613546722,0.0195925094813513,0.122718764152855
BSU_20080,yosL,23.5249765398785,-1.65261973640872,0.733062372676029,-2.25440535213377,0.0241706788989854,0.142065689675085
BSU_20090,yosK,21.6670945966262,-3.33860605311646,0.98789200576216,-3.37952532629386,0.0007261111701077,0.0126964870855474
BSU_20100,yosJ,17.5336356237184,-4.62009492879195,1.16990080572643,-3.94913389765826,7.84344709611568e-05,0.0023278665948329
BSU_20110,yosI,5.15363269573281,-1.80404952784359,1.8858248468491,-0.956636842948518,0.338750586011601,0.651880090563086
BSU_20120,yosH,36.6246304078558,-1.8045588920773,0.508012213137873,-3.55219588310871,0.0003820303465397,0.0078040718386899
BSU_20130,yosG,30.5237786885353,-2.01143531477109,0.660315715609324,-3.04617210710333,0.0023177512390949,0.0287582055383242
BSU_20140,yosF,4.4396038355498,-2.61877057594768,1.64988594592477,-1.58724339850041,0.112457529122646,0.372272561969347
BSU_20150,yosE,24.3395882716097,-2.31135902731633,0.738720809424732,-3.12886681656669,0.0017548182715187,0.0235956418850731
BSU_20160,yosD,32.3368732241725,-1.7128383622866,0.603816068911613,-2.83668893637431,0.0045583999061405,0.0480910365754251
BSU_20170,yosC,38.7752359240778,-2.12088143419795,0.487057154898023,-4.35448163089198,1.33382164024582e-05,0.000501540544195
BSU_20180,yosB,13.0541604097993,-3.37139327081369,1.16139480391169,-2.90288303293463,0.0036974470374686,0.0421191755018887
BSU_20190,yosA,1.08906593160072,0.29832986813576,2.66617567893375,0.111894302574641,0.910907214121489,
BSU_20200,yorZ,23.0979998027462,-1.8371532175038,0.674755100121138,-2.72269630444286,0.0064751551456371,0.0600719087637821
BSU_20210,yorY,9.39208146987934,-1.98319149616808,1.03742451517387,-1.91164896063373,0.0559212349370951,0.247660759921628
BSU_20220,yorX,5.96717122237561,-4.37309406898871,1.67004963755331,-2.61854137185735,0.0088306582750208,0.0745953618500266
BSU_20230,yorW,12.3287816457658,-1.17194401675391,1.04689926760187,-1.11944296172685,0.262951211474947,0.580184009441054
BSU_20240,yorV,17.5826739720254,-5.74218624167488,1.31756913066942,-4.35816695155681,1.31156320249593e-05,0.0004975742899468
BSU_20250,mtbP,63.8995857663462,-2.45629920569911,0.456600587717739,-5.37953579511716,7.46781459292092e-08,5.56679722900368e-06
BSU_20260,yorT,6.86998868376292,-4.08083610085132,1.54050461348673,-2.64902556287376,0.0080724225466729,0.0695734754580393
BSU_20270,yorS,19.0758339244648,-1.90588374661245,0.668048686572905,-2.85291144929818,0.0043320691174157,0.0462486474369332
BSU_20280,yorR,33.7420665296049,-3.07961658395194,0.804713150868249,-3.82697434561517,0.0001297280293372,0.0034236919046841
BSU_20290,yorQ,2.56184138897874,-3.01015386051735,2.27138800110255,-1.3252486405036,0.185088697400351,
BSU_20300,yorP,6.59808289739373,-2.78304556119471,1.32490421045057,-2.10056360244207,0.0356792919321792,0.185871612474992
BSU_20310,yorO,5.67524578959145,-1.01723701784118,1.22735209776387,-0.828806191552118,0.407214084126668,0.7067681040389
BSU_20320,yorN,9.1497626614992,-1.8458750348427,0.930808929865112,-1.98308694256961,0.0473577188648669,0.224066068421744
BSU_20330,yorM,21.2416637138556,-2.59217600563538,0.788121353574954,-3.28905693758602,0.0010052368587536,0.0157610753241486
BSU_20340,dpoL,256.883204839313,-0.862974259943234,0.3376446500807,-2.55586534463666,0.0105924100192829,0.0828322679424895
BSU_20350,yorK,70.6714653201416,-0.946881916655432,0.458400240255654,-2.06562264480347,0.0388641245327121,0.196120742445954
BSU_20360,yorJ,73.9523999254443,-1.47334706658389,0.362274786305031,-4.06693240126116,4.76360537982185e-05,0.0015569660968356
BSU_20370,yorI,46.3168294058759,-1.77704701042252,0.517870776559756,-3.43144871434442,0.0006003666375429,0.011046582038922
BSU_20380,yorH,27.5623945735458,-2.55117866529833,0.834523748903146,-3.05704741015635,0.0022352891820457,0.0284363584865643
BSU_20390,yorG,130.61103008536,-3.04563608714874,0.433386394278589,-7.0275304609377,2.10220925550764e-12,4.70120375086945e-10
BSU_20400,yorF,155.296035466003,-3.0350293003953,0.46451115879649,-6.53381354337927,6.41157593764306e-11,1.13511608996022e-08
BSU_20410,yorE,34.9210877780523,-2.29308347771687,0.965743442444085,-2.37442303715112,0.0175763999999659,0.115428320865309
BSU_20420,yorD,1830.80690628415,-0.160168724543068,0.286989148088076,-0.558100282223608,0.576775907910328,0.816132786996299
BSU_20430,yorC,198.679864438272,-0.0042286350104224,0.445425634569788,-0.0094934702501051,0.992425420436902,0.995416285004689
BSU_20440,yorB,681.316885928343,0.072437753700809,0.238169859751356,0.304143243718715,0.761018762625142,0.916103905080247
BSU_20450,yorA,121.454048819095,0.126504410397962,0.353574561906646,0.357787080936448,0.720502659376964,0.897249648210059
BSU_20460,pghZ,29.0973217731534,0.0580994899022346,0.697008689255677,0.0833554743259772,0.933568891588562,0.976368326528551
BSU_20470,yoqY,5.53345246368796,-0.407121350566517,1.09358541848982,-0.372281253647959,0.709683454595997,0.89267169880947
BSU_20480,yoqX,6.22168977199389,-1.32792984064982,1.28485310071924,-1.0335265875192,0.301357534766491,0.618514194531836
BSU_20490,yoqW,198.995905734137,0.690270618928427,0.265565054992815,2.59925244662594,0.0093427037829939,0.0779904683181554
BSU_20500,yoqV,19.2008424314145,0.882917723512247,0.754470257294592,1.17024854853556,0.241900960722278,0.559215006588117
BSU_20510,yoqU,18.8914956418839,-0.395270583590476,0.601817684635899,-0.656794563671912,0.511313020235906,0.780937822783021
BSU_20520,yoqT,2.00359596737791,0.374863955648766,2.4266845013411,0.154475769487793,0.877234615034245,
BSU_20530,yoqS,22.270831814863,-1.62995391091892,0.645913302780463,-2.52348713659008,0.0116197311648648,0.0875394285806923
BSU_20540,yoqR,7.42580159825612,-1.76654527511187,1.5292823246866,-1.15514659824103,0.248030398697682,0.564780902500777
BSU_20550,yoqP,8.68874133781908,-1.04630395322377,1.01290185111672,-1.03297664237677,0.301614829623432,0.618514194531836
BSU_20560,yoqO,103.802539884764,0.368218013368222,0.333532670835487,1.1039938379825,0.269595810708019,0.588649845682618
BSU_20570,yoqN,8.65672004159548,-2.36097019293635,1.17988661342917,-2.00101447551348,0.0453908299437923,0.217435892256115
BSU_20580,yoqM,45.3135948558373,0.417584034271396,0.539458549553676,0.774079926283281,0.438883527466744,0.728541045178567
BSU_20590,yoqL,63.0579942358638,-0.583850232162614,0.451997259088362,-1.29171188635123,0.196456939560749,0.502357856815303
BSU_20600,yoqK,10.0370035275285,-1.19661675436214,0.953720946778926,-1.25468226151849,0.209594127637972,0.516707929337098
BSU_20610,yoqJ,32.2551441986539,-0.680163338451458,0.540115891807091,-1.25929147571608,0.207925071043573,0.515445523257959
BSU_20620,yoqI,15.1923232322217,-1.01268745860134,0.701110456018258,-1.44440501479978,0.148625080926919,0.438176305020143
BSU_20630,yoqH,43.5050877835836,-1.02622916799704,0.541742582565124,-1.8943114331864,0.0581836843366193,0.253561512560303
BSU_20640,yoqG,19.6646625634328,0.115017987765357,0.847427148779309,0.135726106876604,0.892037808393048,0.963875143032505
BSU_20650,yoqF,11.5509907145272,-2.31650683512154,1.07763093314721,-2.14962912057118,0.0315845630746514,0.172719187264085
BSU_20660,yoqE,7.16147008251437,-3.78611199103421,1.56916578839371,-2.4128183389149,0.015829707124851,0.106762580275384
BSU_20670,yoqD,40.9355288575805,-0.707698040019605,0.61685800427272,-1.14726247388811,0.25127315834363,0.567455510278905
BSU_20680,yoqC,19.7694058741815,-2.0881089449039,0.812629057178696,-2.56957209006708,0.0101824203446774,0.0816442174592162
BSU_20690,yoqB,11.2735927930037,-0.8474665683837,1.42571881728777,-0.59441353940736,0.552235554960999,0.802180239421629
BSU_20700,yoqA,21.428770786963,-0.797392908993049,0.604220302586422,-1.31970558681947,0.186933334019156,0.489977106695194
BSU_20710,yopZ,8.35364071415433,-3.43794138312427,1.35441715412083,-2.53831795666815,0.0111386735387322,0.0851227047950954
BSU_20720,yopY,3.95304422965605,-2.08362952962569,1.86176344969275,-1.11916985477911,0.263067683218481,0.580184009441054
BSU_20730,yopX,18.2286022472545,-1.46783913330963,0.762274463539443,-1.92560449486142,0.0541537770500228,0.243539454336393
BSU_20740,yopW,6.74730516327562,-4.39958979120438,1.50435272905829,-2.92457327741113,0.0034492885872017,0.0400437901831148
BSU_20750,yopV,20.3456904955694,-1.94033189660726,0.786693162039796,-2.46644052628629,0.0136463388203804,0.0968001563402275
BSU_20760,yopU,246.639561287243,-0.539596049481484,0.289380026211504,-1.86466238373722,0.0622287425660803,0.262571923697393
BSU_20770,yopT,602.959475450152,-0.270192534577281,0.242961488285275,-1.11207968178081,0.266103891886797,0.584026568505683
BSU_20780,yopS,424.837798351899,1.13840221208753,0.444056642502805,2.56364189413142,0.0103580352643537,0.08187628545414
BSU_20790,yopR,1752.54336550589,-0.177764448583167,0.198339918188084,-0.896261580659698,0.370113073167107,0.671919559244726
BSU_20800,yopQ,1996.24980191022,-0.116884595945398,0.187533670948838,-0.623272585418999,0.533105409849628,0.790240783978417
BSU_20810,yopP,549.860229223829,-0.251020238956121,0.238759807733629,-1.05135048205505,0.293097649543211,0.611976369979904
BSU_20820,yopO,162.253452816851,-0.943781410148718,0.326817107770684,-2.8877968371562,0.0038795035972699,0.0433380130029962
BSU_20830,yopN,169.206589618751,-0.404610718100317,0.31220401681295,-1.29598178213937,0.194981761405804,0.500893291543689
BSU_20840,yopM,112.017613281051,0.668566808634252,0.479850112326623,1.39328259275091,0.16353435241031,0.460475456190463
BSU_ncRNA_1,aimX,20.1797198096781,0.375368101262863,0.707996595975017,0.530183483080063,0.595984721653321,0.829114273366699
BSU_20850,aimP,3.56850339198559,0.670582561073632,1.70394299799958,0.393547531731339,0.693915124881527,0.884481181248081
BSU_20860,aimR,153.253879088402,-0.86824468448274,0.362228150128274,-2.39695530061723,0.0165319403222492,0.110273492039618
BSU_20870,yopJ,412.528301471117,1.08419422187405,0.319000718316135,3.39872031510473,0.000677019105738,0.0121892126283093
BSU_20880,yopI,564.539209029232,0.816874425155831,0.32049575938048,2.54878388012014,0.0108099267398607,0.0839696137434514
BSU_20890,sieB,542.237119751108,0.953571597653285,0.294362555619445,3.23944598064324,0.0011976214979743,0.0176690755031001
BSU_20900,yopG,105.260598122526,1.10415388591049,0.371434878413791,2.97267152354071,0.0029522020674505,0.0351137518199688
BSU_20910,yopF,91.6999191940124,1.29479953340717,0.505121821289034,2.56334111661013,0.0103670137854383,0.08187628545414
BSU_20920,yopE,90.1982583913103,0.514000918092745,0.37570967657436,1.36808006325335,0.171287016460326,0.468473512126552
BSU_20928,yoyH,67.4002001595501,0.501471457737957,0.429308622961358,1.16809081140468,0.242770136321416,0.559701741307485
BSU_20929,yoyI,96.1511502748559,0.305871892951492,0.422264861710652,0.724360278788919,0.46884457906841,0.749199178812213
BSU_20930,yopD,210.023919315148,-0.113826054086693,0.262097845297826,-0.43428840079685,0.66407902578239,0.864797663421667
BSU_20940,yopC,893.298533750574,0.0263778802619278,0.201365225090424,0.130995211561891,0.895779095384362,0.965486481599579
BSU_20950,yopB,12.2945840482743,-0.115650617718209,0.924067875721422,-0.125153812568066,0.900401781888521,0.968313634837845
BSU_20960,yopA,619.959911773298,-0.133985666598282,0.292816407330602,-0.457575679654476,0.647257319509757,0.857525960521608
BSU_20970,yonX,31.4140076882857,-1.44005698025394,0.537776856929913,-2.67779649067646,0.0074108230647474,0.065875705443749
BSU_20980,yonV,27.8653960244313,-0.960492087759981,0.978156618740524,-0.981940999383833,0.326128915792882,0.641537853335165
BSU_20990,yonU,250.970751623346,-0.245951136631818,0.352808155608025,-0.697124294669292,0.485725011350401,0.762655168717876
BSU_20999,yoyJ,44.9386367344744,-1.52919386807303,0.474603228848657,-3.22204691228652,0.0012727829374959,0.0185843804172522
BSU_misc_RNA_90,apbT,1.33727924396407,0.469249182833777,2.77266319678386,0.169241321260397,0.865606828883977,
BSU_21000,spbT,9.1022937057752,-0.381771568390072,0.959654853941831,-0.397821744788687,0.690761587364043,0.882529259003078
BSU_21010,yonS,2013.47292424541,0.834790665498218,0.242329986068655,3.44485087892389,0.0005713745158812,0.0106950234272229
BSU_21020,yonR,351.264331530406,0.825353036070195,0.26209473813594,3.14906373909007,0.0016379446579551,0.0222352295579913
BSU_21030,yonP,4.65238443078944,0.150503510149631,1.92448019827403,0.0782047590225193,0.937665176461759,0.977479593924805
BSU_21040,yonO,72.2289161814413,-3.47453752837683,0.615899628491823,-5.64140221497626,1.68670823868911e-08,1.49308818878959e-06
BSU_21050,hupN,45.4403020487601,-2.83764279115749,0.589666466056579,-4.81228449386712,1.49214737531593e-06,7.73187097282607e-05
BSU_21058,BSU_21058,21.9723251956167,-3.28176962079707,0.858008915692087,-3.82486657280237,0.0001308429292336,0.0034318000389732
BSU_21060,yonK,6.2619136044319,-5.15245121261747,1.59032944056241,-3.23986406916755,0.0011958669354234,0.0176690755031001
BSU_21070,yonJ,152.83171076027,-2.20963503985971,0.351570593333639,-6.28503942524788,3.27770500439519e-10,4.82759243306509e-08
BSU_21080,yonI,193.252585176245,0.677413243093988,0.343609998065979,1.97145964001872,0.0486713250966939,0.228260993748181
BSU_21090,yonH,53.3131983183379,-1.74242696896192,0.521596104593584,-3.34056744982707,0.0008360736935744,0.0137692911782859
BSU_21100,yonG,11.7833150938428,-2.2260856893348,1.07173369075539,-2.07708846753319,0.0377933947826055,0.193009776960686
BSU_21110,yonF,34.0685216188375,-2.1435582619152,0.610035670561753,-3.51382446200449,0.0004417046015514,0.0086889020925555
BSU_21120,yonE,82.4514002919206,-0.757109167808843,0.503270495165836,-1.50437821227601,0.132484010983813,0.409132051454278
BSU_21130,yonD,277.341958557744,-2.34377022054384,0.250059322827761,-9.37285678470069,7.05953801417017e-21,4.99932950370151e-18
BSU_21140,yonC,88.0057978316589,-2.42961398242032,0.410884856367555,-5.91312613441009,3.35674920874223e-09,3.47873838730383e-07
BSU_21150,yonB,188.058999743368,-2.58296118282062,0.292552726358191,-8.82904498951118,1.05573254010312e-18,5.60725945362268e-16
BSU_21160,yonA,87.890688248635,-2.90821659559506,0.429428583068084,-6.77229395122489,1.2675626184818299e-11,2.59935611888263e-09
BSU_21170,yomZ,35.4981646606132,-1.9558472187091,0.67898685492442,-2.88053767834255,0.0039699749780089,0.0438140874845714
BSU_21180,yomY,24.0237643349421,-3.29003831204452,1.08000053846192,-3.0463302515849,0.0023165324051879,0.0287582055383242
BSU_21190,yomX,69.222196294497,-2.58615005537948,0.53859269325496,-4.80168054221124,1.5733956058352e-06,7.86512697552205e-05
BSU_21200,yomW,68.2117349775857,-2.2663672565783,0.477311469758908,-4.74819358043722,2.05241545656878e-06,0.0001002380836202
BSU_21210,yomV,65.8708020612336,-1.90622606426566,0.420035599280305,-4.53824882350882,5.67233064067786e-06,0.0002410173289224
BSU_21220,yomU,76.3861723284281,-2.50884788495063,0.430056376181736,-5.83376511522857,5.41903930928578e-09,5.23306773298984e-07
BSU_21229,youA,81.3823961712584,-2.84976234959879,0.72690981960979,-3.92037949236752,8.84096373068987e-05,0.0025043503261134
BSU_21230,yomT,24.4647606732532,-4.02444696665393,0.831075830636664,-4.84245458512601,1.28244953109312e-06,6.81141007201834e-05
BSU_21240,yomS,14.6334217506928,-2.94557316773633,0.892495775944664,-3.30037771284529,0.0009655478226185,0.0153082563369641
BSU_21250,yomR,85.3113475791458,-2.51061232560421,0.389395217277492,-6.44746574741592,1.1373586501516001e-10,1.85870650172851e-08
BSU_21260,yomQ,20.5822135950817,-2.30587084548692,0.648517204809256,-3.55560473706342,0.0003771106738513,0.0077407886627744
BSU_21270,yomP,4.45007304325722,-3.1099461538506,1.86004106742995,-1.67197714518619,0.094528828918886,0.335269611082092
BSU_21280,yomO,21.403063843119,-1.8279005568459,0.711031063825232,-2.57077454114606,0.0101471363000803,0.0816442174592162
BSU_21290,yomN,35.7648296011561,-1.180967798755,0.477340631843527,-2.47405672170419,0.0133588485315672,0.0960435658386277
BSU_21300,yomM,31.2042019828145,-2.0488384928764,0.607580769925258,-3.37212531122149,0.0007459050222682,0.012936124243338
BSU_21310,yozP,16.1707043167414,-0.365953201074535,0.868432883676473,-0.421394914855468,0.673466731816038,0.87242687301413
BSU_21320,yomL,871.543976872903,0.77556736448747,0.322061613775573,2.40813351021684,0.0160343160725099,0.107800330683694
BSU_21329,youB,81.3103431471319,0.930717215861161,0.469527458171615,1.98224235806243,0.0474521219709105,0.224066068421744
BSU_21330,yomK,166.834282767713,1.15344942053513,0.370666450271476,3.11182579294767,0.0018593418517315,0.0246116620810195
BSU_21340,yomJ,346.453163367951,-0.068147772408128,0.354487742963451,-0.192242958355698,0.847551897509856,0.949779828294263
BSU_21350,cwlP,243.255663186436,-0.242146834712893,0.271239935324965,-0.892740349693651,0.371996236883773,0.672600855540064
BSU_21360,yomH,17.5742603093208,-1.16990042501431,0.906498141595277,-1.29057123377605,0.196852396233815,0.502357856815303
BSU_21370,yomG,132.4425363795,-0.0938186659823526,0.283651225099473,-0.330753607531403,0.740830606101829,0.903498635283201
BSU_21380,yomF,19.1864443933266,-2.6998971435146,0.944530856017019,-2.85845308950494,0.0042571204838719,0.046072022427498
BSU_21390,yomE,46.5679214032425,-3.06655333380928,0.56136872508998,-5.46263658225306,4.69114343387073e-08,3.83320547125322e-06
BSU_21400,yomD,18.8716680550174,-1.11376580542083,0.780685146438478,-1.42665171804777,0.15368030896549,0.447451848151821
BSU_21409,BSU_21409,2.61798454005184,-3.13588269529231,3.07000291602567,-1.02145919110459,0.307036934074103,0.624509302480069
BSU_21410,blyA,8.90803402859263,-3.48001823672414,1.11708993726751,-3.11525341033555,0.0018378694356704,0.0244584669864656
BSU_21420,bhlA,2.54163768594806,0.412747690119502,2.17733531701777,0.189565514734234,0.849649612416303,
BSU_21430,bhlB,4.35058541193206,-0.947704493444366,1.69191195818936,-0.56013818500259,0.575385186518778,0.816132786996299
BSU_21440,bdbB,2847.22452067666,-0.88612093105884,0.310262237000358,-2.85603861954304,0.0042896295339788,0.046072022427498
BSU_21450,sunS,6887.73710430126,-1.07625549968381,0.306558792295114,-3.51076376451711,0.00044682128369,0.0087237901869623
BSU_21460,bdbA,1147.48450079751,-0.916697695894272,0.36923195573068,-2.4827149483316,0.0130385377428388,0.0948642925844553
BSU_21470,sunT,11378.4653614469,-1.11539861489951,0.243432768336465,-4.58195756685411,4.6064337992556e-06,0.0002060288127688
BSU_21480,sunA,22518.7077219241,-0.737074988362963,0.321903666471935,-2.28973778534835,0.0220365216186408,0.132874516768598
BSU_21490,sunI,2831.59975001077,-0.745714383828792,0.357968772791809,-2.08318278159557,0.0372345659730522,0.191769297963029
BSU_21500,uvrX,24.3407292860099,0.242251640438521,0.572509831898269,0.423139703357213,0.672193336196237,0.871574453920602
BSU_21510,yolD,2.77652599636375,0.684975034452063,1.6399364772548,0.417683882243226,0.676178258128016,0.87446020227865
BSU_21520,yolC,29.0091327057105,-0.418335567107943,0.770906064439122,-0.54265439903149,0.587367776760453,0.824241140062643
BSU_21530,yolB,2521.73976828124,0.787070910814377,0.23537018390813,3.34397032685154,0.0008258857050571,0.0137542919790763
BSU_21540,yolA,5141.04946516232,0.603158830084001,0.258173168118347,2.33625684063153,0.0194778594559579,0.122428143237226
BSU_21546,bsrG,112.062006155584,-0.36356790199642,0.363710210613966,-0.999608730760388,0.317499896309385,0.633360121792759
BSU_misc_RNA_77,asrG,52.2849977298589,0.307014790952787,0.40353895880727,0.760805826183979,0.446773053973365,0.731819084939409
BSU_21550,yokL,646.053668786749,-0.0172069263441323,0.216337204893372,-0.07953752731812,0.936605083663812,0.977441824562488
BSU_21560,yokK,685.033064452455,0.0627437265621514,0.197066611146808,0.318388417992379,0.750190322644435,0.910295760544987
BSU_21570,yokJ,634.022379558456,0.107815572473409,0.235326072567734,0.45815396184958,0.646841832846529,0.857525960521608
BSU_21580,yokI,1020.57398774528,0.094710151083304,0.207270382947912,0.456940107584523,0.647714094877917,0.857525960521608
BSU_21590,yokH,1017.49948105115,0.234420612881139,0.251168116365274,0.933321538870087,0.350653977516831,0.656645548906573
BSU_21600,yokG,1796.93974462718,0.472071981106857,0.215459415097425,2.19100186869716,0.0284516572230642,0.160973490733422
BSU_21610,nukF,1319.49069560425,0.20768401539721,0.22016801487388,0.943297851489365,0.345528574525102,0.653760943255378
BSU_21620,yokE,596.453194861044,0.366863645760844,0.241457242761435,1.51937312612865,0.128668602467564,0.402883487018923
BSU_21630,aacD,385.574410874649,0.0722396908759796,0.271435313833308,0.266139618518256,0.790131683750589,0.929484198500001
BSU_21638,BSU_21638,78.8904571729837,0.290057686416631,0.374509862848569,0.774499459668207,0.438635487600187,0.728541045178567
BSU_21639,BSU_21639,235.377687108341,0.529459437691216,0.239322195006218,2.2123290222934,0.0269439391927466,0.155338938439593
BSU_21640,yokC,232.962408667743,0.337126107817469,0.248955410344489,1.35416260827983,0.17568450542942,0.474560370991484
BSU_21650,yokB,456.132774554818,0.264256230584953,0.279112583321474,0.946772902318739,0.343754512639908,0.653760943255378
BSU_21660,sprA,749.516000218011,0.117682881611117,0.19082446911709,0.616707501693124,0.537427672279557,0.792479983387606
BSU_21680,msrB,504.145631491766,-0.118606183786561,0.213575095545063,-0.555337144922574,0.578664076392639,0.817401482909681
BSU_21690,msrA,419.99643641967,0.46271589288715,0.326396121439109,1.41765132148935,0.15629258860298,0.450732011036801
BSU_21700,ypoP,980.977066646342,-0.171353928101546,0.230940755053708,-0.741982193925429,0.45809812400762,0.740445065066274
BSU_21710,dinF,228.107550240015,-0.25047844057364,0.291375251148608,-0.859642126729185,0.389986345667155,0.69043832614156
BSU_21720,ypmT,111.204835591589,0.0886295183749285,0.316711698791224,0.279842894067999,0.779598041187166,0.924158011858912
BSU_21730,ypmS,794.001019717137,0.160344717669431,0.218954872874753,0.732318562104583,0.463974152300017,0.744207042387229
BSU_21740,ypmR,1321.40348778139,0.0906299419457382,0.194415104380931,0.466167185077146,0.641095835917611,0.853121267401795
BSU_21750,scuA,790.682907025125,-0.0808899341222735,0.248181907714921,-0.325930019907773,0.744477302205302,0.906904832875667
BSU_21760,ypmP,3100.06414454492,0.378516037377924,0.246294523285043,1.5368430947198,0.124331737398291,0.394411218954033
BSU_21770,ilvA,2656.49582356867,-0.0940006731964827,0.173542442017216,-0.54165812180491,0.588054044245482,0.824241140062643
BSU_21780,silP,201.041635049955,-0.352998098165782,0.305878590284205,-1.15404643992179,0.248481130044298,0.564861441730492
BSU_21790,yplQ,46.1195786300294,-0.369984073398687,0.603522200936013,-0.613041364219697,0.539848989415588,0.793330188743733
BSU_21800,ypkP,962.046069389663,0.0106849002360219,0.218582943995027,0.0488825891020345,0.961012864157077,0.984609569977209
BSU_21810,dfrA,494.297499008124,-0.377018230539607,0.29282118937396,-1.28753739217321,0.197907045288921,0.503537146965644
BSU_21820,thyB,685.465467222452,-0.225214011653092,0.252917522812866,-0.890464247586863,0.373216657603175,0.673088955074656
BSU_21830,ypjQ,2122.91306820608,-0.334882699742691,0.217649431636348,-1.53863346770516,0.123893803243433,0.394030516453104
BSU_21840,ypjP,1708.28681240702,-0.465869983495593,0.218703303663534,-2.13014607320388,0.0331595555766281,0.178348040057079
BSU_21850,rsmJ,254.562597997837,-0.399257479221378,0.337553240295009,-1.18279853830596,0.236889000026069,0.55411578278184
BSU_21860,brxA,1197.49708506865,-0.0064494159119783,0.215263193315006,-0.029960606886197,0.976098470206797,0.98909703747512
BSU_21870,ilvD,5664.67958804947,-0.23139995961357,0.325753570427554,-0.710352796163849,0.477485387424224,0.756745770669723
BSU_21880,ypgR,2433.75713161452,0.152909273365268,0.221633923065292,0.689918182426531,0.490245640871329,0.765419526306501
BSU_21890,hdhQ,503.087070501639,-0.461350062314193,0.257308326179349,-1.79298536182083,0.0729752647264277,0.286345575596804
BSU_21900,bsaA,345.236375037793,0.131696373528521,0.309888393430871,0.424980013192715,0.670851244859733,0.870365477682139
BSU_21910,metAA,1058.43619729146,-0.370754002760103,0.2260201459259,-1.64035821338533,0.100930708311246,0.349799820240199
BSU_21920,ugtP,3140.99234743043,-0.326494636497447,0.206681387837155,-1.5797002328758,0.114175532283723,0.374619178898484
BSU_21925,BSU_21925,29.9897631723202,0.424143225656316,0.578949316206016,0.73260856137774,0.463797207887846,0.744207042387229
BSU_21930,cspD,39643.5368719813,0.314838562713753,0.240696429692634,1.3080317107977,0.190862553829822,0.494667989517494
BSU_21940,degR,699.685864587311,1.29612510872461,0.268011240876535,4.83608487646119,1.32421396333221e-06,6.94640139530686e-05
BSU_21950,ypzA,33.9968381528179,0.263305508928945,0.604146797646995,0.435830347780466,0.662959823559578,0.864084751627192
BSU_21960,ypeQ,53.0311086592318,0.858910254616251,0.391133087436013,2.19595396606983,0.0280952384628716,0.160022343470163
BSU_21970,ypeP,200.510692940739,0.449924618089194,0.275517888333253,1.63301417853851,0.102466014704995,0.353515422947302
BSU_21980,queP,262.68899334334,0.167972668543783,0.276812479539065,0.606810317307525,0.543976800357515,0.796402998084814
BSU_21990,ypdQ,223.125683965086,0.231787054967721,0.282890428632834,0.819352765266442,0.412585175938672,0.71067403096493
BSU_22000,sspL,156.801124144652,0.422955565811556,0.266458182619933,1.58732436607078,0.11243919942998,0.372272561969347
BSU_22010,exnP,555.353611074179,0.132579729836644,0.207433120192265,0.639144461182281,0.522728958389913,0.787285142622719
BSU_22019,ypzF,2278.43546568718,0.534094781170667,0.283969367449761,1.88081829377303,0.0599966407622272,0.258021990484518
BSU_22020,ypbS,1401.46978358994,0.432875151722128,0.240641621413356,1.79883741299502,0.0720444032521267,0.285794737462579
BSU_22030,dynA,2705.40003125943,-0.172985557534777,0.172192075177933,-1.00460812355054,0.315085584056933,0.630319513492425
BSU_22036,fbpC,1.4290689327707,0.691442048057702,3.2265332837526,0.214298749540102,0.830314093111351,
BSU_22040,bpsB,2.55569246021683,-2.70012212169395,2.36403147990595,-1.14216842907751,0.25338401618291,
BSU_22050,bpsA,10.6854766618889,-0.155306201341962,0.787824606241968,-0.197132966032622,0.843723486409252,0.948509467638127
BSU_22060,pbuX,15.0574485868983,1.13660743393684,0.975453544923718,1.16520918894782,0.243934327000367,0.560560819591432
BSU_22070,xpt,13.8505675696272,0.507362436661644,0.975701798133342,0.519997439414687,0.60306535978474,0.832375280765305
BSU_misc_RNA_34,gswA,285.948695161477,0.5254566998829,0.267585928546866,1.96369331801717,0.0495656679759753,0.231688144367348
BSU_22080,ypwA,3753.16631747353,0.166320871073106,0.17321604333788,0.960193223838251,0.336957976582246,0.64990215274533
BSU_22090,kdgT,341.287098394561,-0.38020574277874,0.214154565573556,-1.77538004739922,0.0758351562446767,0.292901110351842
BSU_22100,kdgA,164.456059632228,-0.870674343881768,0.317305446523668,-2.74396280751148,0.0060702414926051,0.0579605755102904
BSU_22110,kdgK,364.201892454157,-0.55034228401146,0.217361004698662,-2.53192740240793,0.0113437474924573,0.0863791811746439
BSU_22120,kdgR,343.946219618224,-0.594460866287248,0.220969049883062,-2.6902449306898,0.0071399593732835,0.0648659749349906
BSU_22130,kduI,384.677057148977,-0.619160259212438,0.223946810977646,-2.76476479620083,0.0056963852699225,0.0557440200575262
BSU_22140,kduD,319.187682343549,-0.333511523998471,0.287968358998468,-1.15815336503774,0.246801455597167,0.563242892716878
BSU_22150,ypvA,3044.17609926658,0.967948923777642,0.305440985415105,3.16902108753403,0.0015295329734003,0.0212385150456806
BSU_22160,yptA,139.064873094709,1.05508105369147,0.428548945219672,2.46198495051864,0.0138170464295927,0.0976849089506476
BSU_22169,ypzG,36.5172671649667,1.43299828516768,0.807508948952761,1.77459121292228,0.0759654091804495,0.292901110351842
BSU_22170,rlmKB,2194.67283611815,0.59250438097742,0.263660261823218,2.24722670333495,0.0246255424279569,0.144123870215412
BSU_misc_RNA_35,rnpB,108592.087259026,0.0091012159855656,0.17837185374676,0.0510238347272374,0.959306527916413,0.984360123180105
BSU_22180,gpsB,1907.13658278477,0.547260507701021,0.18725800276673,2.92249463101853,0.0034723960771095,0.0402022096229928
BSU_22190,ypsA,1153.89679310473,0.12865544907581,0.197471288579477,0.651514708802996,0.514714285330971,0.78191669587819
BSU_22200,cotD,1734.24475962692,0.597086083073131,0.187670007013264,3.1815743632968,0.0014647691357156,0.0204730396633419
BSU_22205,BSU_22205,98.2336274115135,-0.0045637164642891,0.357616885065374,-0.0127614680818408,0.98981809800746,0.995262277466053
BSU_22210,yprB,762.137357623566,0.149606268585013,0.196060430554382,0.763062022061182,0.445426407967656,0.731501540498905
BSU_22220,yprA,1255.18573753829,-0.0125566443124812,0.199764403969304,-0.0628572661744616,0.94988016416809,0.98224405391828
BSU_22230,ypqE,1832.62057549732,0.184373628551533,0.194122818317635,0.949778239103504,0.342224945214509,0.653760943255378
BSU_22240,ypqA,0.0,,,,,
BSU_22250,yppG,11.3577111216921,0.662984151817008,0.953403647035125,0.695386632806306,0.486813035342566,0.762880728097674
BSU_22260,yppF,1206.26479366768,0.283935864062495,0.193731944588036,1.46561200666351,0.142754018394744,0.42838976301377
BSU_22270,yppE,289.489133198614,0.63542047727401,0.343632192475222,1.84912965428822,0.0644390933284272,0.266617320494059
BSU_22280,yppD,21.9946926867195,0.143428343848167,1.00808702749713,0.14227773985374,0.886860628664114,0.962275488047452
BSU_22290,sspM,11.5504033127414,2.5610206038686,1.14968186548451,2.22759067595565,0.0259078230032501,0.150591436307537
BSU_22300,yppC,5.88904516074453,3.30544036512755,1.53243617494409,2.1569840357287,0.0310069083475717,0.1711017578816
BSU_22310,recU,470.291527181418,0.0479679197009672,0.226691595270522,0.211599903577037,0.832419184561284,0.943296847420234
BSU_22320,ponA,8652.69709337558,0.0832820673125524,0.171051396548669,0.486883293518485,0.62634103880743,0.847226694177138
BSU_22330,ypoC,774.254820743536,-0.0529044191480865,0.228764313210067,-0.231261678911894,0.81711151556552,0.93865365738648
BSU_22340,nth,476.493864822863,-0.0141880608564601,0.225337718972201,-0.0629635416617064,0.949795536230266,0.98224405391828
BSU_22350,dnaD,1359.30416698703,0.0662974331464084,0.182980193061872,0.362320271046992,0.717112711697014,0.896411522768506
BSU_22360,asnS,10543.0474378093,-0.0362282928693914,0.172239269337951,-0.21033700972284,0.833404651733481,0.943296847420234
BSU_22370,aspB,9484.91834806017,-0.0151517118411934,0.208110133932604,-0.0728062182983374,0.941960322605389,0.980016995776273
BSU_22380,tseB,2680.06439389305,-0.318301692728431,0.215182080674776,-1.47922025723652,0.139081457187239,0.422119234278345
BSU_22390,ypmA,308.868088890588,0.0781070066589103,0.234945581604602,0.332447225121089,0.739551583812386,0.902887828715049
BSU_22400,dinG,5082.73530561234,-0.099957206258065,0.190336377948424,-0.525160809170965,0.599471406503486,0.830575604098904
BSU_22410,panD,640.63284381049,-0.417536796350453,0.214333465873918,-1.94807094005595,0.0514064754115821,0.235372967698074
BSU_22420,panC,1160.74094542727,-0.423011018198784,0.270039585660792,-1.5664778079246,0.117236799962613,0.380591960438995
BSU_22430,panB,1660.86065207793,-0.434618810301673,0.216025214967565,-2.01188926194069,0.044231611590817,0.214174727787297
BSU_22440,birA,1442.69826709109,-0.200695258832069,0.193940513830653,-1.03482895279588,0.300748799083152,0.618004170529095
BSU_22450,cca,1908.84696747907,-0.0549226077935117,0.208471956421098,-0.263453218055728,0.792201276763213,0.930880316639074
BSU_22460,bshA,1840.91289585503,-0.055004952954821,0.214954298679595,-0.255891383855551,0.798034707870382,0.932576862965142
BSU_22470,bshBA,880.384371411912,-0.0922053476877293,0.185257917749925,-0.497713397665383,0.61868606359044,0.841062459010091
BSU_22480,mgsA,607.719762092633,0.0056513927480807,0.223270114824761,0.0253119086381819,0.979806175255577,0.99028281937627
BSU_22490,dapB,1573.74269451665,0.0219354634538796,0.231727411936949,0.0946606328121769,0.924584387978125,0.974174288169328
BSU_22500,ypjD,455.71739817179,-0.157193493157405,0.255170365215814,-0.616033499910761,0.537872410167982,0.792479983387606
BSU_22510,ypjC,725.446507226237,0.194325068226951,0.230901017644998,0.841594680737697,0.400014867731605,0.698311399313045
BSU_22520,ypjB,667.044530989584,-0.0276705891466174,0.244569464706933,-0.113139999630677,0.909919563448419,0.971907547785905
BSU_22530,ypjA,306.443067570613,-0.445853487703698,0.311703333868604,-1.43037766766923,0.152608654282438,0.445659224773938
BSU_22540,qcrC,3127.19994802101,-0.0110140616591785,0.2288460526665,-0.0481286940755298,0.96161367813234,0.984609569977209
BSU_22550,qcrB,2394.86247411522,-0.0476463227532918,0.264084299486217,-0.180420883960118,0.856822160313642,0.950918454494557
BSU_22560,qcrA,1365.53275133065,0.018533338430134,0.234181929988388,0.079140770729206,0.936920654840771,0.977441824562488
BSU_22570,ypiF,311.531764577474,-0.927326371544542,0.268066060868572,-3.45932032029669,0.0005415404587458,0.0102093418217207
BSU_22580,ypiB,1775.98166792055,-0.36886125983903,0.227547574713574,-1.62102918610903,0.105011379466732,0.357813433323291
BSU_22590,ypiA,1519.38617845008,0.046686989052346,0.195693200146368,0.238572362337714,0.811437198011502,0.936779950872458
BSU_22600,aroA,2639.62473068559,0.0514435994672971,0.179933717218611,0.285903055094424,0.774952373749451,0.92157084692455
BSU_22610,tyrA,2006.02114775694,-0.0762053738089592,0.210696464592969,-0.361683210756172,0.717588774746144,0.896411522768506
BSU_22620,hisC,2447.17393019794,0.115129989019149,0.225419040655864,0.510737640814079,0.609534779862065,0.837235881426309
BSU_22630,trpA,1270.80617609072,-0.187439697877905,0.23961084020374,-0.782267186737152,0.434057566656401,0.723826766374823
BSU_22640,trpB,82.660082778229,-0.100018183251823,0.421997074819643,-0.237011555813674,0.812647825407043,0.937320973983234
BSU_22650,trpF,36.9823882130863,-0.0629927791945414,0.464467859037626,-0.135623548473433,0.892118888467581,0.963875143032505
BSU_22670,trpD,35.6013246497026,-0.34883191592275,0.478801547482524,-0.728552189851645,0.466275633057688,0.746497801379848
BSU_22680,trpE,422.313780471445,0.294155118704555,0.216788957962881,1.35687316120095,0.174821515985827,0.473837644307596
BSU_22690,aroH,1818.93184615862,0.2928219619807,0.218926014036032,1.33753845229423,0.181046939459123,0.483431600797739
BSU_22700,aroB,2885.53556997943,0.196700118690902,0.205795118546271,0.955805560794566,0.33917047838478,0.652097449166032
BSU_22710,aroF,2994.29815415307,0.121041330367634,0.221666200680281,0.546052262348365,0.585030012958214,0.823928579734655
BSU_22720,cheR,925.743295660311,0.136958771223694,0.235992989891489,0.580351015030862,0.561677931439369,0.808494158038389
BSU_22730,ndk,31603.4223459595,0.455852095295478,0.198221708321459,2.29970823657828,0.0214647551774131,0.131797319001197
BSU_22740,hepT,3293.09138040855,-0.158375724595388,0.201253937343526,-0.786944726080324,0.431314223700058,0.722370570162217
BSU_22750,menG,1490.96323963193,-0.133618480812505,0.188618913716638,-0.708404465806856,0.478694119968268,0.756869235341919
BSU_22760,hepS,3360.16530932511,-0.101125306727247,0.170509462190558,-0.593077389536488,0.553129361441969,0.802679869114387
BSU_22770,mtrB,961.119882688533,-0.130257172320664,0.189817260838515,-0.686224064899343,0.492571824761028,0.766363120984844
BSU_22780,folEA,1568.47832702062,-0.292891551980698,0.192741260683003,-1.51961002508129,0.128609016803083,0.402883487018923
BSU_22790,hbs,61401.0273352811,0.249295061830255,0.223552907608194,1.1151501651107,0.264786077458148,0.582515197199584
BSU_22800,spoIVA,79.0877409511842,0.0078770848856661,0.375952614848651,0.0209523343489373,0.983283678997515,0.992156815972557
BSU_22810,yphF,1726.23435849038,-0.263631937194272,0.228871391964116,-1.15187806973973,0.249371181100415,0.56631648770479
BSU_22820,yphE,228.429573663761,-0.261988977890317,0.271028279843343,-0.966648122630412,0.333719969083686,0.648069537768091
BSU_22830,gpsA,2517.30189778591,-0.121115618719274,0.25350446658822,-0.477765225793865,0.632817314152767,0.850294128103039
BSU_22840,der,3028.30451076012,0.0492430693877873,0.226022235030592,0.217868252568701,0.82753176374071,0.943296847420234
BSU_22849,ypzH,14.5327794699245,-1.25491780140314,0.89232103750556,-1.40635236496408,0.159619517779777,0.45366109100085
BSU_22850,yphB,30.8129145312445,-0.259264124220633,0.691938178924894,-0.374692612891324,0.70788908675154,0.891429512032068
BSU_22860,yphA,18.4909730642483,1.17777861592641,0.634747218278134,1.85550811726493,0.06352370115729,0.265857550229066
BSU_22869,ypzI,60.8898206520174,0.874520717598116,0.474893947055134,1.84150739974916,0.065547237206686,0.269028860769391
BSU_22870,fni,3725.82394299079,0.344176417955682,0.188546247603581,1.82542173249352,0.0679374122255983,0.275713893033984
BSU_22880,rpfA,23463.2133258984,0.654612192090839,0.196265541195541,3.33533939836459,0.0008519534891888,0.0139766423766931
BSU_22890,cmk,3471.09200765153,0.0225834511766132,0.174222909552556,0.12962388950232,0.896864001617684,0.965486481599579
BSU_22900,ypfB,226.241609727383,0.315435901146986,0.293492394300033,1.07476686712542,0.282479117926539,0.603142599030083
BSU_22910,dgrA,866.254690653344,0.0974492802782557,0.185748984299259,0.524628872916236,0.599841211193692,0.830575604098904
BSU_22920,sleC,63.7881080815479,1.80175689921148,0.729896688105094,2.46850948712903,0.013567705553517,0.0964033125366115
BSU_22930,sleB,2.4286616837243,3.34337061938983,2.00608533428304,1.66661435695343,0.0955911122405122,
BSU_22940,prsW,908.002698160481,0.328623995215641,0.192851734645974,1.70402405671336,0.0883765930110074,0.321775615855844
BSU_22950,ypdA,3951.67040753495,1.43035108213707,0.266229354404789,5.3726272421571,7.75976350690532e-08,5.68469571393806e-06
BSU_22960,gudB,31978.6175364111,-0.260043980489782,0.187103229565005,-1.38984228703244,0.164576773977128,0.461880259332112
BSU_22970,mecB,2645.33700001924,-0.200184070827958,0.181110433804994,-1.10531495409867,0.269023140385998,0.58850685530519
BSU_22980,ypbG,141.037442543476,-0.038133196872803,0.28697536911299,-0.132879685774666,0.894288532823153,0.965094593449887
BSU_22990,ypbF,125.574915316726,0.0375627008735464,0.336896120026865,0.111496389066609,0.911222728855331,0.972161704409675
BSU_23000,ypbE,655.51270348991,0.212436447594794,0.225680911850154,0.941313316457383,0.346544320576049,0.653760943255378
BSU_23010,ypbD,458.4649447799,0.147516986402487,0.224464989150564,0.657193743045323,0.511056348273659,0.780937822783021
BSU_23020,recS,1211.28728396101,-0.0840612185779192,0.238476519354799,-0.352492642903997,0.724468834985522,0.898695372192604
BSU_23030,gmmB,644.678218184338,-0.148591422934395,0.247379869619612,-0.600660931557929,0.548065845546411,0.799152977943273
BSU_23040,fer,3704.27242807451,0.0178715682545632,0.181484017612433,0.0984746121982413,0.921555430491784,0.973756996068242
BSU_23050,fmnP,710.763162555454,-0.20675752289453,0.262301078120542,-0.788245036490142,0.430553390564525,0.722370570162217
BSU_misc_RNA_78,fswB,196.325637826666,-0.591336136725072,0.25920306609302,-2.28136242999864,0.0225270092834923,0.134623435225821
BSU_23070,serA,15972.6629248185,0.386089274888692,0.184443160112032,2.09326968077417,0.0363250875733411,0.187996707794307
BSU_23080,aroC,835.15390022567,0.565286199287989,0.213291051443807,2.65030433982795,0.0080419292683655,0.0695734754580393
BSU_23090,rsiX,1605.86417367332,0.238767043182205,0.197841405241159,1.20686083325763,0.227485743536203,0.541138613003467
BSU_23100,sigX,1047.57430622889,0.0867472827869555,0.217003672883214,0.399750297469116,0.689340441934768,0.881434708931938
BSU_23110,resE,4877.84882451586,-0.0182877178999166,0.187335018841567,-0.0976203916011181,0.92223373168821,0.973756996068242
BSU_23120,resD,1548.76631270842,-0.242988751040291,0.21790513123876,-1.11511257058948,0.264802185328451,0.582515197199584
BSU_23130,resC,1981.24921414619,-0.302552837135166,0.223374480797436,-1.35446464634217,0.175588185139296,0.474560370991484
BSU_23140,resB,3512.81388392119,-0.368198302620177,0.21316233365747,-1.72731409110877,0.0841112698597223,0.311857579087225
BSU_23150,resA,1770.3371008748,-0.294144422764545,0.190815561456975,-1.541511711721,0.123192294754532,0.392777803269197
BSU_23160,rluB,1559.9546261069,0.028431904870852,0.18777295940433,0.151416396487792,0.879647256056507,0.960546209177221
BSU_23170,spmB,14.1631540508075,0.159236026659585,0.812439260189938,0.195997454163352,0.844612158636429,0.948509467638127
BSU_23180,spmA,11.677658247707,1.21999905737848,0.998635090240364,1.2216665219373,0.221833761319723,0.532593437140863
BSU_23190,dacB,44.8060848659559,0.579621652481775,0.463524105298281,1.25046711887569,0.211128959476941,0.517658112599488
BSU_23200,ypuI,969.329753367951,-0.055273372725093,0.229757506930142,-0.24057265185202,0.809886348388903,0.936779950872458
BSU_23210,spcB,782.74675152297,-0.0114542447425226,0.241552114883166,-0.0474193519194101,0.962179005767126,0.984894867623349
BSU_23220,scpA,1122.11433290061,-0.210471322888276,0.218889448200048,-0.961541657759222,0.336279890217369,0.64990215274533
BSU_23230,ypuF,161.516693583608,-0.244890490747639,0.280274594266197,-0.873752012339187,0.382253318979253,0.681828324286679
BSU_23240,ypzK,2568.40447375822,-0.159869624459528,0.168786316925982,-0.947171710190441,0.343551288369688,0.653760943255378
BSU_23250,ribH,1359.66032322813,-0.214017465991268,0.217813812545099,-0.98257068039225,0.325818780467851,0.641521778594949
BSU_23260,ribBA,2801.27183235536,-0.464611152970612,0.237535549144202,-1.95596471620573,0.0504693107101258,0.234365137931502
BSU_23270,ribE,1427.31187031988,-0.387871078524308,0.278519176209513,-1.39261893490787,0.163735054058792,0.460494684604731
BSU_23280,ribD,2916.24510711622,-0.396852767905923,0.245613138076839,-1.61576359885834,0.106145434522656,0.35937207273846
BSU_misc_RNA_36,fswA,240.813931299431,-0.424150514467614,0.297544566317224,-1.42550247083125,0.154012006388635,0.447451848151821
BSU_23300,ypuD,132.4285071385,0.157333324168153,0.331303652618954,0.474891607516045,0.634864233613337,0.850294128103039
BSU_23310,sipS,1582.07745728931,0.0249904301715077,0.210938968355583,0.11847232574581,0.905693421503237,0.970075963692275
BSU_23320,ypzC,4.94322232047049,0.138812598557702,1.54570825087964,0.089805174086834,0.92844203648055,0.974543036809748
BSU_23328,ypzJ,126.527813343346,-0.172239164029871,0.381649368696024,-0.451302106481554,0.651771826868148,0.858728030696754
BSU_23340,ypuB,4.2986246770812,1.896976658763,1.64884503081446,1.15048814370746,0.249942874716378,0.567008689092308
BSU_23350,ypzD,6.69137103631007,-0.420441381801646,1.36296872539358,-0.3084747096308,0.757721141369521,0.915033723717064
BSU_23360,ppiB,548.940285191824,0.356277684077817,0.357588012934027,0.996335646585411,0.319087089415385,0.635351730894103
BSU_23370,ypuA,1403.16702104957,-0.477893713316174,0.207940217461002,-2.29822647658719,0.0215489025274739,0.131995300510722
BSU_23380,lysA,3478.80253476155,0.0612615305969152,0.206023986955675,0.297351446800684,0.766198207920659,0.91913500436332
BSU_23390,spoVAF,86.5492922797663,-0.1478204799913,0.354565731946604,-0.41690571499888,0.676747373183489,0.87446020227865
BSU_23401,spoVAEA,12.2614874376743,1.08471832693622,1.13434180444352,0.956253505501682,0.338944173708683,0.651957353593569
BSU_23402,spoVAEB,1.79552332346681,-0.876705634414905,2.26795050662868,-0.386562948288555,0.699079792427354,
BSU_23410,spoVAD,5.23485681976376,0.739392231120799,1.24821321460707,0.592360521798799,0.553609196353571,0.802706073347221
BSU_23420,spoVAC,0.502563047436739,-0.195755269665565,3.47237529231592,-0.0563750324162123,0.955043046561396,
BSU_23430,spoVAB,0.0,,,,,
BSU_23440,spoVAA,0.879372384524888,-1.02782869020814,3.30745044930815,-0.310761629225053,0.755981841772757,
BSU_23450,sigF,454.368141991355,0.135557863098141,0.303008633882008,0.447372939052711,0.6546058111148,0.858728030696754
BSU_23460,spoIIAB,193.037619321983,0.0221053067691577,0.313908104395889,0.07041967524763,0.943859631538794,0.98043987522032
BSU_23470,spoIIAA,167.834364651902,-0.360029833383341,0.347937984837944,-1.03475288434239,0.300784331526046,0.618004170529095
BSU_23480,dacF,7.25373760506952,0.0783315122985267,1.23289769314456,0.0635344787601465,0.9493409046131,0.98224405391828
BSU_23490,pupG,4130.7982228403,-0.173053144564348,0.194519631863077,-0.889643594874583,0.373657289869502,0.67355698890019
BSU_23500,deoB,4575.24190127246,-0.272619800211766,0.187639205963853,-1.45289359337985,0.146253300030629,0.434870729062381
BSU_23510,ripX,1860.97565479775,0.174861855705255,0.174825981011098,1.00020520230431,0.31721121215132,0.633081465679173
BSU_23519,yqzK,22.1901325694789,0.302732394045557,0.600480671334768,0.504150105902048,0.614155898827557,0.838677221701372
BSU_23520,fur,1754.10671706712,0.0597838912105277,0.20801797880403,0.287397712227793,0.773807812724693,0.92157084692455
BSU_23530,spoIIM,4.59451401378066,0.0385930271808455,1.33000944363415,0.0290171076345091,0.976850946419901,0.989189626153041
BSU_23540,yqkK,5.52253421448152,1.17237460513843,1.17820107485416,0.995054774740855,0.319709624771756,0.635351730894103
BSU_23550,mleA,3674.62749976546,0.764316931440454,0.183706797195612,4.1605261378903,3.17515273974215e-05,0.0010792979192931
BSU_23560,mleN,1767.56638228012,0.807238136673232,0.204779131175527,3.94199414774012,8.08069487488626e-05,0.0023679222429925
BSU_23570,ansB,728.604462570092,-0.0749831879549796,0.243072507435268,-0.308480744063366,0.75771655030821,0.915033723717064
BSU_23580,ansA,398.10415735712,-0.116471478093291,0.254989625167484,-0.456769478431874,0.647836745887117,0.857525960521608
BSU_23590,ansR,121.051912752997,0.105126282297422,0.31504920518925,0.333682106051568,0.738619453721929,0.902887828715049
BSU_23600,yqxK,1079.72059910027,0.166791606698526,0.19730159098932,0.845363718874189,0.397907794840387,0.696898487754023
BSU_23610,nudF,413.013029382287,0.0493279613004085,0.213692501396996,0.230836182729536,0.817442070483499,0.93865365738648
BSU_23616,mciZ,0.0,,,,,
BSU_23620,yqkF,1327.70034754021,0.203149275892744,0.256559036463487,0.791822727014552,0.428464048599613,0.721312809282221
BSU_23630,yqkE,212.601158260597,0.959886020918486,0.462126802236756,2.07710527991994,0.0377918433808858,0.193009776960686
BSU_23640,yqkD,162.792459603161,-0.195854605197302,0.284343931042525,-0.68879474402431,0.490952443681611,0.765525480074556
BSU_23650,yqkC,606.567250941503,0.339814484623866,0.208685719628586,1.62835523786035,0.10344958313957,0.35476777946734
BSU_23660,yqkB,510.726440658143,-0.028783464078072,0.212374051578178,-0.135531925224285,0.892191324440302,0.963875143032505
BSU_23670,yqkA,1376.77884357475,-0.313340241053802,0.234705367279439,-1.33503653830268,0.181864388063704,0.484477608076914
BSU_23680,yqjZ,437.612056793658,-0.486328591744428,0.20929829130129,-2.32361472576164,0.0201461524764091,0.125330895859827
BSU_23690,yqjY,842.652973782763,-0.478227527624097,0.203810450568047,-2.34643280700873,0.0189540834234002,0.121106617242146
BSU_23700,yqjX,5.63493480187026,0.794218571581779,1.21747826259353,0.652347229501984,0.514177198530169,0.78191669587819
BSU_23710,polYB,14.2384956167726,1.03952800495734,0.929214107843289,1.11871741526836,0.26326071315659,0.580184009441054
BSU_23720,yqzH,116.452104592563,0.240742361345701,0.3876520620997,0.621026907587517,0.534581919222238,0.790240783978417
BSU_23730,yqjV,171.401211644959,-0.652302394851067,0.286867060940418,-2.2738839123344,0.0229729672173897,0.136520472317048
BSU_23740,yqjU,32.0042113809143,0.546653084434692,0.563326870766133,0.970401223167707,0.331846539228011,0.64798526892455
BSU_23750,yqjT,491.922375760452,-0.0052093335090807,0.215643512267358,-0.0241571538800675,0.980727254397587,0.99028281937627
BSU_23760,coaA,753.254153543488,-0.36051607355308,0.233328025870357,-1.54510403200939,0.122321101882974,0.391077774191692
BSU_23770,dsdA,677.963316308727,-0.318357061107115,0.216710420820712,-1.46904362005968,0.14182095834139,0.426768592062724
BSU_23780,yqjQ,413.76048900709,-0.408579353687893,0.218382263609791,-1.87093652631951,0.0613538794445693,0.260172289181612
BSU_23790,yqjP,338.283192496162,-0.256675633270732,0.241025519462644,-1.06493135599491,0.286906994278797,0.605296831524631
BSU_misc_RNA_91,pswI,110.674249806379,-0.0771120928481485,0.393987764923344,-0.19572204954931,0.84482772514001,0.948509467638127
BSU_23800,proI,186.300338674127,-0.882568601488656,0.311275724884161,-2.8353274313861,0.0045778739784889,0.0481034081210133
BSU_23810,yqjN,753.522324647722,0.325406004519589,0.215960962754097,1.50678159779326,0.131866647983817,0.408382935337636
BSU_23820,yqjM,674.012524243572,0.686023824558313,0.221014885598282,3.10397113163334,0.0019094196075152,0.0251069526749177
BSU_23830,yqjL,385.990787406374,-0.432646494022905,0.255385571037833,-1.69409137824318,0.0902479204073022,0.325244625793577
BSU_23840,rnz,679.489281215904,-0.167433655374695,0.198790438414989,-0.842262116375867,0.399641251223778,0.698311399313045
BSU_23850,zwf,4459.64115639516,0.0335456552091901,0.212348533809038,0.157974508264593,0.874476885918752,0.958878009875813
BSU_23860,gndA,16451.6569748379,0.766125947134149,0.190841001529868,4.01447247180917,5.95788964147889e-05,0.0018418567529814
BSU_23870,polYA,307.809510018449,-0.012533903829895,0.242166706469646,-0.0517573369709516,0.958722050124407,0.984360123180105
BSU_23880,mifM,176.516438469693,-0.188248950897152,0.250250509085615,-0.752242029736487,0.451905522387235,0.73681756125225
BSU_23890,oxaAB,1104.31867435035,-0.333133160547485,0.193587295284602,-1.72084206278997,0.0852794873067434,0.315578901132599
BSU_23900,yqjF,11.1990665344752,-0.196995296933355,0.847647363752769,-0.232402417983349,0.816225471055552,0.93865365738648
BSU_23910,yqjE,3212.94017110469,-0.0326682234649258,0.182531410046999,-0.178973161148069,0.857958775715249,0.951399112515189
BSU_23920,yqjD,2203.74223722993,-0.215767265185669,0.186887249107595,-1.15453176295322,0.24828222417401,0.564861441730492
BSU_23930,yqjC,5.18667178462868,3.64171219614226,1.50148349157277,2.42540941447692,0.0152911313091685,0.104793575697834
BSU_23940,yqjB,13.3658951894449,0.0265391005378263,0.873839966502951,0.0303706646012473,0.975771440316037,0.98909703747512
BSU_23950,yqjA,483.562090007214,-0.173773610584798,0.248526064819254,-0.699216843557953,0.484416525840743,0.76230966328013
BSU_23960,artR,107.980688693761,0.314732634407927,0.43789239002502,0.718744243054656,0.472298517707584,0.750858362031416
BSU_23970,artQ,65.5651228837127,-0.108777644883079,0.403802617713141,-0.269383208804144,0.787634806172943,0.927566599619965
BSU_23980,artP,154.979003962954,-0.522720879076231,0.30833759585892,-1.69528752282094,0.0900208905806721,0.324701837077484
BSU_23990,brxB,1716.58259719498,-0.0556949863372352,0.212877918202337,-0.261628762661508,0.793607666795863,0.931262982925228
BSU_24000,bmrU,14.1889770701373,1.29140294365661,0.923569208179644,1.39827414363669,0.162030759277708,0.458367973482676
BSU_24010,bmr,825.269171459399,-0.0762403983507408,0.199303761171907,-0.382533665709301,0.702065562549067,0.888878598114119
BSU_24020,bmrR,114.335980125735,-0.236431464557512,0.342556782198811,-0.690196419524673,0.490070674686174,0.765419526306501
BSU_24030,bkdB,12851.8373666408,1.04262071389958,0.221782667241627,4.70109196028231,2.58773935499945e-06,0.0001208275221911
BSU_24040,bkdAB,7544.74154963708,1.04436585765902,0.217372338849231,4.80450209620917,1.55137075912279e-06,7.84735042322943e-05
BSU_24050,bkdAA,9991.21980450573,1.08684584794835,0.219582490785972,4.94960160101156,7.43655490578165e-07,4.26998943171165e-05
BSU_24060,lpdV,12931.4531725965,1.02573646887691,0.247884663325394,4.1379585776569,3.50409611131349e-05,0.0011816590775373
BSU_24070,buk,9892.08369410616,0.942666489466707,0.244068661382877,3.8623004040159,0.0001123243266848,0.00302067129167
BSU_24080,bcd,10901.8282495275,1.05416421950564,0.215444400737166,4.89297570927209,9.93226692276154e-07,5.41053873779664e-05
BSU_24090,ptb,9380.27271315431,1.1811910729657,0.225407789416828,5.24024070340101,1.60367279341551e-07,1.11705011462664e-05
BSU_24100,bkdR,893.510072488232,-0.171473586444712,0.230252496357195,-0.74471977137091,0.456441144201652,0.740445065066274
BSU_24110,yqzF,306.825825206534,-0.0617830889754985,0.270672995750984,-0.228257306585317,0.81944621287005,0.939686609127246
BSU_24120,mmgF,121.788732822339,-0.0160051993009015,0.298710456835446,-0.053580980962171,0.957269009735127,0.984268723226397
BSU_24130,mmgE,45.8704608852912,0.172777805072615,0.457782664893313,0.377423214819375,0.705859117441589,0.89017052707047
BSU_24140,mmgD,13.7860245502692,0.203929234353269,1.16973548218195,0.174337905842501,0.86159991080511,0.952707569553608
BSU_24150,mmgC,6.70931506753515,-0.480440334159615,1.18968704893727,-0.403837576099351,0.686332162626709,0.879175567983385
BSU_24160,mmgB,5.0363751072563,1.95427550266916,1.27090170501545,1.53770782976911,0.124120068357807,0.394411218954033
BSU_24170,mmgA,6.00344001252246,-0.299823906211311,1.02195363031185,-0.293383082478821,0.769229355049105,0.9206916984799
BSU_24180,glpQ,319.071970211319,0.388082402253317,0.295844387946587,1.31177882043645,0.189594773063936,0.492714489754536
BSU_24190,yqiI,24.818271669324,1.59864278934546,0.67031068120194,2.38492811494354,0.0170824589476573,0.113237373058376
BSU_24200,yqiH,13.1571389183562,1.80462760004112,0.938893707324298,1.92207870386524,0.0545958552913105,0.244702309211791
BSU_24205,BSU_24205,10.0417828884937,0.96269007008583,1.09170209470476,0.881824881307182,0.37787151426437,0.677661961697447
BSU_24210,yqiG,489.274452366285,0.139265576058664,0.229584852946706,0.606597405147593,0.544118122720691,0.796402998084814
BSU_24220,spo0A,2722.25103425979,-0.176402669526421,0.172248463131542,-1.02411752371751,0.305779768380158,0.623249958387573
BSU_24230,spoIVB,15.9395308235584,-0.298639252258426,0.718109267752061,-0.415868817837811,0.677505998093978,0.87446020227865
BSU_24240,recN,2041.07569898813,-0.0490007666166795,0.193763496484062,-0.252889566434461,0.800353552255106,0.934630667264026
BSU_24250,argR,472.570462730458,-0.211000075996137,0.22910333158697,-0.92098213733762,0.357059753049168,0.66222038005496
BSU_24260,yqxC,1979.04643764772,-0.369419412173776,0.19032550587322,-1.94098741773399,0.0522598035527368,0.237488668765325
BSU_24270,dxs,4277.30037786392,-0.405544206646706,0.182591375690469,-2.22104798276008,0.0263477116468447,0.152314866377473
BSU_24280,ispA,625.854180749499,-0.238524457630857,0.246610857741959,-0.96720987800317,0.333439125105878,0.648069537768091
BSU_24290,xseB,100.429959869089,-0.238277070099579,0.420651095445443,-0.566448233891459,0.571089113649467,0.813734957711799
BSU_24300,xseA,1031.03209486378,-0.146401697766939,0.246307495778008,-0.594385880561618,0.552254049929734,0.802180239421629
BSU_24310,folD,4795.48697482586,0.125904967898848,0.223623313778698,0.563022547923808,0.573419530174347,0.816112908708471
BSU_24320,nusB,2303.20235643221,0.0592031000508095,0.195255285855267,0.303208693129536,0.761730824512352,0.916622563962895
BSU_24330,yqhY,3303.58716898491,0.191503861487928,0.209390005340903,0.914579763136953,0.36041228656091,0.664955191314505
BSU_24340,accC,9953.90436884837,-0.162727620536466,0.202595022656184,-0.803216280454355,0.421849737122763,0.716910029173053
BSU_24350,accB,1749.11936734887,-0.189133687696921,0.208460308329994,-0.907288726626662,0.364254134133229,0.667694484871481
BSU_24360,spoIIIAH,31.7070587960361,0.20158430837064,0.626630326098891,0.321695743047754,0.74768320312101,0.908664226771663
BSU_24370,spoIIIAG,6.8137161034887,0.737577447937479,1.28835487013072,0.572495563945547,0.566986290305573,0.811702833493265
BSU_24380,spoIIIAF,3.75444522994124,-1.06806107139457,1.76203328585715,-0.606152607880509,0.544413419805474,0.796560819818685
BSU_24390,spoIIIAE,4.84121939167806,0.0385831218669213,1.47372220245212,0.0261807291786219,0.979113186501853,0.990064714289951
BSU_24400,spoIIIAD,6.18292603147383,2.44271413295186,1.28262187035894,1.90446942267425,0.0568490752935861,0.250312664168339
BSU_24410,spoIIIAC,4.03922915040938,-0.967808730411035,1.69089295609618,-0.572365463420847,0.567074408384315,0.811702833493265
BSU_24420,spoIIIAB,2.57363881320599,0.716978585427301,2.06713338582313,0.346846792928073,0.728706421053447,
BSU_24430,spoIIIAA,8.56560920828897,2.00732699697654,1.06485098854634,1.8850778358358,0.0594193299442439,0.256767936365147
BSU_24440,yqhV,1.53919928643333,1.05622155777494,2.82877403507424,0.37338491681511,0.708861983767335,
BSU_24450,efp,5889.93004603307,-0.10874895892794,0.174634086870782,-0.622724697546634,0.533465450030803,0.790240783978417
BSU_24460,papA,8848.00834191375,-0.261225990756734,0.203323131873864,-1.28478244629239,0.198868318111103,0.503751853933211
BSU_24470,yqhS,1175.28022743509,-0.022205125655499,0.22197025838885,-0.100036490549107,0.920315355465951,0.973756996068242
BSU_24480,yqhR,7.334769971662,2.24196907458034,1.30659659475222,1.71588467594737,0.0861831519728539,0.315930782683244
BSU_24490,yqhQ,685.371620603308,0.369134065507355,0.21566107309244,1.71163975127367,0.0869630779336573,0.31744511867707
BSU_24500,yqhP,503.637433078621,0.187902884448803,0.281221467905654,0.668166928535635,0.504027043309099,0.775664942781732
BSU_24510,yqhO,17.3205044577541,-0.060473906311492,0.994804283904734,-0.0607897526075423,0.951526651463453,0.98328486056208
BSU_24520,mntR,2530.06265370182,0.16230248106848,0.182835841368193,0.887695103180763,0.374704780670667,0.674627378419349
BSU_24530,lipM,1040.89071144913,-0.141918944295848,0.203464864301353,-0.697510819782876,0.485483170564728,0.762655168717876
BSU_24540,yqhL,1724.7840386859,-0.104608928045651,0.287257755164269,-0.364163982225057,0.715735561088631,0.896411522768506
BSU_24550,gcvPB,8910.40809619048,-0.326645350287261,0.199032180086526,-1.6411685293567,0.100762436476966,0.349501708237249
BSU_24560,gcvPA,6212.73888508849,-0.377167171917905,0.19378700075949,-1.94629758673034,0.051619003317727,0.235584473788423
BSU_24570,gcvT,5434.62518962721,-0.489255973783535,0.190407433567705,-2.56952139218643,0.0101839103914767,0.0816442174592162
BSU_misc_RNA_37,swgA,1255.18144382358,-0.180325360292183,0.20651052592622,-0.873201787092483,0.382553100945439,0.681828324286679
BSU_24580,yqhH,15.1353595849751,0.0627698664140435,0.687553948583207,0.0912944599378548,0.927258619936268,0.97433381789569
BSU_24590,yqhG,72.9473169827389,0.0135884873794904,0.397340555932197,0.0341985915523035,0.972718789663954,0.987830338738562
BSU_24600,sinI,214.490251261087,-0.624025143296184,0.345342648110082,-1.80697387568902,0.0707663525848254,0.283732696001132
BSU_24610,sinR,1140.31664622307,-0.0838202325969164,0.277738647692804,-0.301795350748689,0.762808075287634,0.917139646829983
BSU_24620,tasA,1204.84653807069,-2.45596580023743,0.19461846357266,-12.6193874679341,1.6510043863393398e-36,2.3383725458519498e-33
BSU_24630,sipW,127.498632006705,-2.77043356668455,0.319509384455426,-8.6708988889528,4.28722290629886e-18,1.82164101288638e-15
BSU_24640,tapA,92.8585280569784,-3.60350683301563,0.414458044893172,-8.69450328547595,3.48350322702833e-18,1.6446005790714802e-15
BSU_24650,yqzG,3.43924367012608,0.321390989201276,1.4996159541324,0.214315530796827,0.830301007575789,0.943296847420234
BSU_24660,spoIIT,10.7336090689712,1.59996535533111,1.044800119999,1.53136023312539,0.12568038665162,0.396742914474542
BSU_24670,comGG,20.5776909467461,1.72394373172338,0.963568424360737,1.78912435083902,0.0735947913091546,0.287676419754
BSU_24680,comGF,7.46333471712027,0.218359172813406,1.20807822115661,0.180749200663803,0.85656443821514,0.950918454494557
BSU_24690,comGE,3.20350032866877,2.25662473950434,1.69541191356019,1.33101856926655,0.183182900950368,0.486465091336321
BSU_24700,comGD,3.01439606798858,1.19589756344546,2.07584673424507,0.576101088638595,0.564546855667809,0.810118064752625
BSU_24710,comGC,1.63092644569714,0.315463621669246,2.78772070401822,0.113161846240385,0.909902243605582,
BSU_24720,comGB,16.6891350342328,1.93018846855707,0.990329971331219,1.94903569964915,0.0512911615456377,0.235320390917546
BSU_24730,comGA,21.2225411083378,2.27072018013884,0.84518723128387,2.68664752150778,0.0072173069806417,0.0652475262994613
BSU_24740,yqxL,9.39970881285021,0.358669980060385,0.997600828259864,0.359532560419001,0.719196724198126,0.896411522768506
BSU_24750,yqhB,8.86653685805493,-1.0193924255808,1.42598933327951,-0.714866795838077,0.474691356091581,0.753160407779361
BSU_24760,rsbRD,94.9301667399095,-0.410266631674758,0.450832069558609,-0.910020957640465,0.362811457330626,0.666775900604597
BSU_tRNA_73,trnSL-Gln1,0.906292575020014,1.02172741853696,2.87394703104346,0.355513656828252,0.722204815626228,
BSU_24770,mgsR,187.151105155222,-0.344691629737418,0.521938101529969,-0.660407103307875,0.508992615012277,0.779354818445824
BSU_24780,yqgY,665.410467027487,0.662282133782732,0.229508924900475,2.88564871309439,0.0039060787342299,0.043353997094169
BSU_24790,yqgX,2735.55830166941,0.532176912791894,0.23765959661887,2.23924015845797,0.0251402941879305,0.146732293962248
BSU_24800,yqgW,1002.59576802506,0.225184370894884,0.257237650467726,0.875394291953138,0.381359404521404,0.681411316152837
BSU_24810,yqgV,1134.43499119414,0.32736494964157,0.194316615740021,1.68469869853825,0.0920467177450899,0.329214228702767
BSU_24820,yqgU,2054.22725627055,0.204350312485786,0.175300605166391,1.16571367390216,0.24373022977127,0.560560819591432
BSU_24830,yqgT,950.534810678856,0.0168177206409409,0.208656730343019,0.0805999433293796,0.935760111276669,0.977395455460808
BSU_24840,ltaSC,8391.96376085085,0.0705484299159073,0.171107920479406,0.412303707030315,0.680116831877584,0.876588486832641
BSU_24850,glcK,1116.16801340826,-0.153956366825529,0.235030580126264,-0.655048235607553,0.512436698499668,0.78181096298926
BSU_24860,yqgQ,215.269656090958,-0.467585351381896,0.289594915702376,-1.61461864842422,0.106393304463955,0.359691095413667
BSU_24870,glpG,934.441148899343,-0.300073977270842,0.193181808853376,-1.55332419264484,0.120345703369158,0.386799465669859
BSU_24880,yqgO,148.640979989861,0.329283654832044,0.494612905824135,0.665740119100581,0.505577225419468,0.776925002100296
BSU_24890,folN,406.096590907258,0.0734064445922177,0.37894208332844,0.193714152694395,0.846399709507672,0.949779828294263
BSU_24900,rpmGA,1612.07114549958,0.674564601577375,0.32292241131397,2.0889370881153,0.0367133867092273,0.189544568806205
BSU_24910,yqgM,184.840817125316,0.471068104891632,0.261800099117049,1.79934272935863,0.0719644828772662,0.285794737462579
BSU_24920,yqgL,99.5760039282621,0.092275346780432,0.391778626701924,0.23552930275249,0.813797938146494,0.937937304949673
BSU_24930,yqzD,1866.81637389269,0.380025277864876,0.220878012040294,1.72052108924065,0.0853377635682176,0.315578901132599
BSU_24940,yqzC,3785.96981091335,0.559250897591457,0.197507691043853,2.83153984857879,0.0046324460949775,0.0482432927881363
BSU_24950,pstBB,13.7932069820089,1.23407926329494,1.02437207215181,1.20471779428994,0.228312264249684,0.542113630519511
BSU_24960,pstBA,11.4507129772991,0.487060664670452,1.19776726593848,0.406640487280997,0.684272056246898,0.877982636867642
BSU_24970,pstA,12.2404076428205,-0.941290714338004,0.949921968128394,-0.990913723358356,0.321727710677269,0.637230027189788
BSU_24980,pstC,12.1912697587814,1.98048266037766,0.941554535392523,2.10341789660863,0.0354292553798218,0.185871612474992
BSU_24990,pstS,36.9390072986405,2.3128054063348,0.68906630177627,3.35643377186327,0.0007895462825007,0.0135491240175974
BSU_25000,pbpA,5990.7113440897,-0.0742037172675662,0.178671370411329,-0.415308379270488,0.677916167938177,0.874723898441942
BSU_25010,yqgE,17.1262213968712,-0.190819859886767,0.922741778553329,-0.20679659718663,0.83616871376429,0.944977178059926
BSU_25020,sodA,50904.3150345327,0.58137898440642,0.216886451855609,2.68056846996359,0.0073497226819048,0.0656070833517098
BSU_25030,yqgC,442.467210415515,-0.707985166421205,0.208772244499897,-3.39118434118072,0.0006959127626927,0.0123505890042416
BSU_25040,yqgB,400.896224936832,0.17351461573242,0.282653754415454,0.61387691839176,0.539296663800915,0.793330188743733
BSU_25050,yqgA,6411.39288103066,-0.717842338334975,0.247164299759257,-2.90431239072216,0.003680607156059,0.0420400532421904
BSU_25060,yqfZ,20.2761312096648,1.07374918249098,0.665046978962698,1.61454636507897,0.106408968447865,0.359691095413667
BSU_25070,ispG,2496.94432467561,-0.165042867252918,0.185252756169144,-0.890906406284321,0.37297938319031,0.673088955074656
BSU_25080,yqfX,19.0974221211517,1.79877317432326,0.921888077062,1.95118390082214,0.0510351733898336,0.234954485589358
BSU_25090,yqfW,1147.12593849557,0.0059054567216655,0.244370568994096,0.0241659899797844,0.980720206267629,0.99028281937627
BSU_25100,zur,959.532772296063,0.133952742540599,0.201633021767387,0.664339309932742,0.506473166826124,0.777533650137758
BSU_25110,yqfU,544.516661086755,0.0168007298275858,0.258120891654755,0.0650886091392298,0.948103449791198,0.981925670346367
BSU_25120,yqfT,5.20274267510903,1.4168622457132,1.14753225651538,1.23470363265924,0.216940823434954,0.525577377721363
BSU_25130,nfo,1550.53279966885,0.183406405197843,0.187424162837344,0.978563288859461,0.327795805795014,0.642733908086301
BSU_25140,cshB,1691.30706643588,-0.0867044610576091,0.206608168800219,-0.419656500326706,0.674736407011053,0.873538998595358
BSU_25150,yqfQ,2.45473871535576,0.796199181446513,2.20126407423536,0.36170089303033,0.71757555963769,
BSU_25160,ispH,680.797920677596,-0.33267965410866,0.209404022334532,-1.58869753503202,0.112128695724418,0.372272561969347
BSU_25170,yqfO,2364.01002024132,-0.09470490940361,0.209694447259233,-0.451632890815329,0.651533471239605,0.858728030696754
BSU_25180,trmK,1320.08352944754,-0.208225038510955,0.200092608853951,-1.0406433286246,0.298041114021962,0.615044533015695
BSU_25190,cccA,1397.85874494484,-0.350622755305289,0.186897571916041,-1.87601557211667,0.06065314164498,0.25953192230566
BSU_25200,sigA,4329.95961979782,-0.0975469137287441,0.260409588619895,-0.374590329971019,0.707965165824492,0.891429512032068
BSU_25210,dnaG,7026.95834526475,-0.183252468668128,0.248497207520228,-0.737442768459324,0.460853135009096,0.741167664895401
BSU_25220,antE,5.0015364997748,-0.84813314313883,1.26741523970843,-0.66918332411242,0.503378542461437,0.774947618448785
BSU_25230,yqxD,2389.26280031091,0.149232786839304,0.290465018751517,0.513771976676363,0.607411422613001,0.836051549945786
BSU_25240,ppsR,1450.26680344073,0.0581335060139559,0.214886615054108,0.270531070533724,0.78675171690399,0.927566599619965
BSU_25250,ccpN,1127.34657920886,0.0518561176327301,0.231629846354,0.223874938609933,0.822854616895781,0.94189366034218
BSU_25260,glyS,4777.40131745441,-0.195092488007168,0.205861015240882,-0.947690303474342,0.343287138716036,0.653760943255378
BSU_25270,glyQ,1720.49882016042,-0.362414612520496,0.223939317571071,-1.61836079725248,0.105584865361173,0.358392144677389
BSU_misc_RNA_39,tboG,1010.41558655355,0.0071832253351065,0.25785354967058,0.0278577717634039,0.977775588611371,0.989560691891053
BSU_25280,recO,2571.50817078301,0.0449738881089863,0.191436059686523,0.234929031566108,0.814263816139863,0.937937304949673
BSU_25289,yqzL,364.861054631236,0.0623728724718426,0.290959388673185,0.214369684911257,0.830258780094557,0.943296847420234
BSU_25290,era,3545.82969350341,-0.187539665397151,0.196897102611953,-0.9524754956235,0.340855887625007,0.653760943255378
BSU_25300,cdd,1184.49835771599,-0.0871990972895529,0.201258433140246,-0.433269284317585,0.664819149904129,0.865181184668497
BSU_25310,unpK,296.0140297621,0.824851884630187,0.243282034652956,3.39051704252163,0.0006976091694558,0.0123505890042416
BSU_25320,rnrY,915.26820484762,-0.0018277770096337,0.196767480546473,-0.0092890197331265,0.992588541154149,0.995416285004689
BSU_25330,pgpH,3411.74477840605,-0.106724784624832,0.169501410733936,-0.629639506613644,0.528930469560636,0.788324209908911
BSU_25340,phoH,7557.855878677,0.0610605997634284,0.176175643426535,0.346589338774804,0.728899856451208,0.900580252998309
BSU_25350,yqfD,43.4214532321728,0.144195068448796,0.486536032110945,0.296370790510979,0.766946929641205,0.919267174118402
BSU_25360,yqfC,5.13677271542664,2.16010998903872,1.53799191439897,1.40450022449101,0.160169944874923,0.454921187014403
BSU_25370,yqfB,873.044975999625,0.298824205708117,0.290952688143629,1.02705428712383,0.304394902172491,0.62134320390841
BSU_25380,floA,1046.92198099855,0.191382212275585,0.319544640058647,0.59892167880037,0.549225114197492,0.800019715538274
BSU_25390,nfeDA,1569.27239622109,0.216244982110601,0.309210063928994,0.699346519847616,0.48433550126788,0.76230966328013
BSU_25400,yqeY,39407.8495560012,-0.0334759271571856,0.258204912055349,-0.129648684413911,0.896844383680342,0.965486481599579
BSU_25410,rpsU,11381.6904055338,-0.391593596145807,0.321380178108411,-1.21847463789043,0.22304365694711,0.532722033933822
BSU_25420,yqeW,16.654971465311,0.85283548971186,0.861386189293881,0.990073326356636,0.322138279814491,0.637524709330122
BSU_25430,mtaB,3542.74536456511,0.273122197131804,0.252235466768016,1.0828064769456,0.278894330063764,0.598372198468032
BSU_25440,rsmE,1570.48924968647,-0.0859991507580496,0.25209364072926,-0.341139707091659,0.732998410237722,0.902233558835482
BSU_25450,prmA,2823.3140733748,0.215834739477733,0.228744538350021,0.943562373268412,0.345393327618344,0.653760943255378
BSU_25460,dnaJ,2737.35029515266,0.200020480426365,0.250835502208974,0.797416947221952,0.425208920001011,0.7192327631705
BSU_misc_RNA_79,surC,7.02433036689164,-0.81386012160902,1.05456745389382,-0.771747808643222,0.440263808804143,0.728541045178567
BSU_25470,dnaK,21257.8626278546,0.803555117209552,0.206301850931515,3.89504560226318,9.81802565921304e-05,0.0027088825341556
BSU_25480,grpE,5795.49055468723,0.610877393667229,0.185342671809815,3.29593497116555,0.0009809471849751,0.0154372021813317
BSU_25490,hrcA,3178.26763551057,0.382883241186195,0.191845643521038,1.9957880416722,0.0459569989991147,0.219159695563679
BSU_25500,hemN,514.487812868622,0.224111555282793,0.274029595734387,0.817837046696303,0.413450240996049,0.710747059918578
BSU_25510,lepA,4033.16777381999,-0.35364021234599,0.190838655872038,-1.85308479946073,0.0638702051840909,0.265857550229066
BSU_25520,yqxA,16.3655709184387,0.336738486396426,0.647770172058416,0.519842531999233,0.6031733324256,0.832375280765305
BSU_25530,spoIIP,25.3345382138413,1.0089261056277,0.616121464722845,1.63754415873428,0.101516820000365,0.35097230934219
BSU_25540,gpr,34.1044398968249,-0.195705081968091,0.610109632098542,-0.320770352854356,0.748384428088402,0.908813085191193
BSU_25550,rpsT,36397.830855161,0.733689109223705,0.246553403699643,2.97578170982179,0.0029224280020251,0.034880327473609
BSU_25560,holA,864.362527600954,0.134848677002058,0.216439242812765,0.623032474377633,0.533263181793454,0.790240783978417
BSU_25565,BSU_25565,1.8602834713626,1.66770467613877,2.17188775037666,0.767859515690692,0.442570651481358,
BSU_25569,yqzM,78.794770151907,0.536022823220716,0.540215961059775,0.992238034154279,0.32108142299481,0.636619209661666
BSU_25570,comEC,172.566353700578,0.841180825752128,0.290068644358584,2.8999371083772,0.0037323753978977,0.0424033771809287
BSU_25580,comEB,572.002165624854,0.306621357767896,0.208019245314881,1.47400476001035,0.140480309556441,0.423634375660268
BSU_25590,comEA,12.4862231161776,0.898407826413572,0.774708596591004,1.15967194680282,0.246182396006509,0.56290922852685
BSU_25600,comER,19.376638765361,0.426857734182855,0.636611316693813,0.670515466799593,0.502529250115827,0.774481967262295
BSU_25610,yqeM,2444.27507486357,0.236675172125555,0.203318102505046,1.16406345135786,0.244398298756377,0.561020189851889
BSU_25620,rsfS,1091.14738245036,0.255357890846589,0.237005050264903,1.07743649580957,0.281285306971912,0.601376790004042
BSU_25630,yqeK,1249.53821459166,0.0828870993464313,0.236061538428792,0.351124964694044,0.725494599730163,0.898695372192604
BSU_25640,nadD,1763.68758098255,0.0889672787187984,0.221152669035683,0.402288966742895,0.687471373609148,0.879839116405202
BSU_25650,yqeI,902.649634617768,0.126882237643073,0.206238882331139,0.615219769467864,0.538409593648708,0.792689661612391
BSU_25660,aroE,2220.50399331397,-0.130010423181984,0.215964820563416,-0.601998153415951,0.547175366572424,0.798676788926909
BSU_25670,rgpH,1729.30812675517,-0.126269447351888,0.217266405649644,-0.58117336168163,0.561123619114391,0.808208222921033
BSU_25680,yqeG,733.854990844531,0.0571478624320484,0.207517885756658,0.275387647785992,0.783018432988379,0.925339847231411
BSU_misc_RNA_80,sdaM,158.637744242918,0.43052461496441,0.300059730546502,1.43479637930852,0.151345129978853,0.443187772074532
BSU_25690,sda,189.575834105842,-0.123441827322352,0.358824360508439,-0.344017410488632,0.730833192663128,0.901987694051853
BSU_25700,yqeF,169.702977927546,0.338913959205498,0.364241499102216,0.930464980077377,0.352130387952019,0.657382257648564
BSU_25710,cwlH,5.10697654980441,0.477882553225943,1.34851256511913,0.354377530908455,0.723055971137284,0.89779801910062
BSU_25720,yqeD,172.105374048019,0.19540876766192,0.305846273529869,0.638911716682519,0.522880365375691,0.787285142622719
BSU_25730,yqeC,30.9560866804651,-0.170808310647009,0.628530923700454,-0.271758006179522,0.785808096563253,0.927566599619965
BSU_25740,yqeB,381.390191577718,0.54720175868078,0.278637672683425,1.96384700392788,0.0495478372525158,0.231688144367348
BSU_25750,nucB,10.429859615425,1.53066903073678,0.963904950004799,1.58798751965031,0.112289161281423,0.372272561969347
BSU_25770,spoIVCA,256.991927964158,-0.0236578129539455,0.241264966448862,-0.0980573901887239,0.921886722111464,0.973756996068242
BSU_25780,arsC,264.912649904977,0.517611176669764,0.290938030690603,1.77911143290928,0.0752214946771253,0.291158930975088
BSU_25790,arsB,231.476760340099,0.601441374933151,0.283008366824134,2.12517171023038,0.0335722876706717,0.179206847126487
BSU_25800,yqcK,112.261560893803,0.786418313615868,0.305454071950819,2.57458775583941,0.0100359623859127,0.0812243889099868
BSU_25810,arsR,77.810745647437,0.0736306879756775,0.400509689590875,0.183842463464222,0.854137042809419,0.950918454494557
BSU_25820,yqcI,32.0755718554203,0.845785187378502,0.609761732812601,1.38707488821447,0.16541892842042,0.462553803242857
BSU_25830,rapE,43.7624535349736,0.299277970204779,0.477080353560662,0.627311453869635,0.5304550968535,0.789458391078992
BSU_25840,phrE,223.439213540466,0.129985815548177,0.370267317137345,0.351059382051699,0.725543799397037,0.898695372192604
BSU_25850,yqzI,45.0249363283632,-0.472439137766475,0.49898901755863,-0.946792657036713,0.343744444236156,0.653760943255378
BSU_25860,rttG,940.627641126071,-0.0415611752658189,0.206053529106275,-0.201700866013234,0.840150585534558,0.947147741559123
BSU_25870,rttF,435.434208145265,-0.380512134501662,0.2055553872114,-1.85114162982423,0.0641491804434734,0.266181511429998
BSU_25875,BSU_25875,2.20544910855008,2.07925051285126,2.08180757893742,0.998771708724654,0.317905293983555,
BSU_25880,yqxJ,65.4057258224182,-0.14478646193068,0.459525711663212,-0.315078042981835,0.752702399255347,0.912216912274949
BSU_25890,yqxI,159.638222400379,0.0429717022768118,0.323903446336401,0.132668246549566,0.894455756414605,0.965094593449887
BSU_25900,cwlA,11.504172349456,1.96062241931127,1.00431772886712,1.95219337761055,0.050915250141763,0.234954485589358
BSU_25910,yqxH,1.70055255161506,3.24654605360805,3.03151134481939,1.07093316973929,0.284199480163079,
BSU_25920,yqxG,12.1784627075348,1.21160243861649,0.842424840594674,1.4382320893591,0.150368213177123,0.441239321677897
BSU_25930,yqcE,0.611317654865251,-0.71595763496938,3.43762086641962,-0.208271261663323,0.835017169494107,
BSU_25940,yqcD,1.56369139006951,-0.660667620219017,2.80264231358011,-0.23573026676211,0.813641982167195,
BSU_25950,yqcC,5.13075836592057,1.02642197256244,1.28282301833493,0.80012749840949,0.42363693050977,0.71828943245651
BSU_25960,yqcB,0.0,,,,,
BSU_25970,yqcA,1.2865941285848,-2.38612269941001,2.90982773030516,-0.820021980875058,0.412203576587389,
BSU_25980,yqbT,2.87904632866921,1.38304197113556,1.52547412315468,0.906630896022957,0.364602017771642,0.668043973053776
BSU_25990,yqbS,0.308446237464572,-0.632684048533137,3.48761388188753,-0.18140885716131,0.856046667213014,
BSU_26000,yqbR,1.41738883785227,-0.962053864326743,2.40942120294424,-0.399288369817257,0.689680735636047,
BSU_26010,yqbQ,4.54366340498164,-1.28199317044449,1.62847100547293,-0.787237332526029,0.431142946890131,0.722370570162217
BSU_26020,yqbP,5.2486528356635,1.34099627200266,1.41162263880422,0.949967955415199,0.34212853529876,0.653760943255378
BSU_26030,yqbO,84.7691960212199,0.657763365826107,0.36548418805769,1.79970402911735,0.0719073845721413,0.285794737462579
BSU_26050,txpA,240.273580266784,0.359880742894121,0.331891472063772,1.08433260022111,0.278217355849611,0.598251794030869
BSU_misc_RNA_81,ratA,266.632882570915,0.590742127643522,0.475745885964864,1.24171778479058,0.214340705764544,0.521014678943677
BSU_26055,bsrH,80.5542806803981,0.639242656483249,0.439024087055651,1.45605372308927,0.145377768948461,0.434090049375974
BSU_misc_RNA_92,asrH,55.6063965354266,-0.005258796813503,0.45656029388052,-0.0115182964528214,0.990809932303473,0.995268404908002
BSU_26060,yqbM,8.78234193150149,2.55122335457608,1.23914560369706,2.05885680178695,0.0395079583600613,0.197988644207493
BSU_26075,yqbK,12.1761760660718,1.75986798227609,0.900731508910456,1.95382082770132,0.0507224102450676,0.234855960868047
BSU_26089,yqzN,0.0,,,,,
BSU_26090,yqbJ,5.07423242910265,1.75638944653649,1.48709883888747,1.18108453897421,0.237569141281282,0.55493748285001
BSU_26100,yqbI,8.78654656388863,1.33979633920618,1.53022262626798,0.875556481917779,0.38127119205107,0.681411316152837
BSU_26110,yqbH,8.3954351890206,0.241097811753363,1.04423393974441,0.230884864566243,0.817404249413519,0.93865365738648
BSU_26120,yqbG,74.9417451732054,0.604227593239549,0.470531772447173,1.28413771103499,0.199093775142051,0.503751853933211
BSU_26130,yqbF,5.84314386884687,1.8083136238495,1.29254986441206,1.39902813317925,0.161804546813414,0.458211723906021
BSU_26140,yqbE,15.876048306933,0.49989206726575,0.706611184661257,0.70744997831501,0.479286887731048,0.757059474338
BSU_26150,yqbD,18.8246513362856,-0.0309872598729157,0.776787837503236,-0.0398915358568376,0.968179599141177,0.986521610731621
BSU_26160,yqbC,432.325493068916,0.171964984983965,0.273130810449999,0.629606688094407,0.528951946698021,0.788324209908911
BSU_26170,yqbB,40.838953856629,0.502403778934367,0.446477818844645,1.12526033260609,0.260478733629029,0.577059228688295
BSU_26180,yqbA,44.8019930884716,0.973510899672552,0.551989111471052,1.76364149118475,0.0777923575132886,0.296722331421746
BSU_26190,yqaT,94.6795609841361,0.732554560907725,0.693991992055878,1.05556630233961,0.291166403100051,0.609664362238815
BSU_26200,yqaS,110.652660856382,0.0612243519415616,0.406721220999771,0.150531491302727,0.880345307326901,0.960546209177221
BSU_26210,yqaR,370.27966140326,0.172151436009022,0.267717149507959,0.643034771307784,0.520201537918426,0.78549540842811
BSU_26220,yqaQ,0.342568210126505,1.00180032230283,3.4899266303798,0.287054837652506,0.774070331836674,
BSU_26230,yqaP,2447.89985572492,0.134856569692208,0.195406581754562,0.690133200639029,0.49011042620281,0.765419526306501
BSU_26240,yqaO,6.087592088191,2.59254335899798,1.37553549850046,1.88475205607142,0.0594633206362213,0.256767936365147
BSU_26250,yqaN,3.89259506563868,0.976395462141201,1.65397570693056,0.590332408178588,0.554967816144719,0.80424906234615
BSU_26259,yqzO,0.808768437184007,-0.0631092939255504,3.41808804232584,-0.0184633318814713,0.985269229495629,
BSU_26260,sknM,7.25628364239116,1.02624610380111,1.27813377936195,0.802925421714008,0.422017841481772,0.716910029173053
BSU_26270,yqaL,4.26842637682275,1.35845802634242,1.59849206608638,0.849837202926103,0.395415602759665,0.695429909541
BSU_26280,yqaK,7.38354250807613,0.620956668460727,1.11331045456755,0.557756972381914,0.577010347944028,0.816132786996299
BSU_26290,yqaJ,3.06647325766486,0.585346898482247,1.71335203450222,0.341638429636737,0.732623012795962,0.902233558835482
BSU_26300,yqaI,0.228378806751003,0.956762657992094,3.50714426602151,0.272803906945476,0.785003956135267,
BSU_26305,BSU_26305,0.942711450992887,2.53061081054951,3.4644601115904,0.730448822915673,0.465115884378863,
BSU_26310,sknH,0.259662803349643,1.33062554189379,3.51556449537912,0.378495557013041,0.705062493712082,
BSU_26320,yqaG,0.314021057528465,-0.245838466579123,3.48057358610379,-0.0706315957693393,0.943690963415006,
BSU_26330,yqdA,0.0,,,,,
BSU_26340,yqaF,0.674126804242127,1.82685941373004,3.47089187437786,0.526337172072667,0.598653960151774,
BSU_26350,sknR,224.999250126147,0.220539993223741,0.26755934682262,0.824265703451386,0.409788601416756,0.70837744809593
BSU_26360,yqaD,4.06179580862986,-1.85840777421222,1.75338930026293,-1.05989455617959,0.289192572542823,0.607704866832074
BSU_26370,yqaC,42.1453155938842,-1.45749336485266,0.561145164018633,-2.59735529825268,0.0093944693492758,0.0781156560960336
BSU_26380,yqaB,34.9247643661566,0.300337496299514,0.529740878019335,0.566951709338451,0.57074699104768,0.813734957711799
BSU_26399,BSU_26399,3.96635680852778,-0.759889585895103,1.68428417313223,-0.451164713186107,0.651870839796832,0.858728030696754
BSU_26400,yrkS,0.891495994982247,2.19660389650353,3.4619757991205,0.63449429573181,0.525758288323602,
BSU_26410,psiE,48.8043632870241,0.39887036626644,0.507390891274857,0.786120470677447,0.431796912581948,0.722398480740579
BSU_26420,yrkQ,177.84831131168,0.455859728684071,0.285337109497376,1.59761809281335,0.110127997336653,0.367872531983835
BSU_26430,yrkP,113.131865999617,-0.0140124673546767,0.373653917213858,-0.0375011921704456,0.970085389602397,0.987304505211135
BSU_26440,yrkO,72.5054882546259,-0.40926140808963,0.412340530809287,-0.992532573226275,0.320937797954273,0.636619209661666
BSU_26449,BSU_26449,20.2013241684464,-0.508907321899176,0.742246602830168,-0.685631055714805,0.492945792755599,0.766492676765503
BSU_26450,yrkN,103.158192231306,-0.216368370019138,0.420717380040654,-0.514284363527435,0.607053192315847,0.835829233360348
BSU_26470,yrkL,787.367388065268,0.0854360542088887,0.189660874345164,0.450467469918985,0.652373405019137,0.858728030696754
BSU_26480,yrkK,202.433576613181,0.733526851004651,0.344779830025081,2.12752251473437,0.0333766926447393,0.178759851777045
BSU_26490,yrkJ,14.9338432565857,0.918923577940356,0.690576631560824,1.33066127051451,0.183300492065091,0.486473323413225
BSU_26500,yrkI,22.7211541582026,1.55410082082622,0.860981920989682,1.80503304766239,0.0710695107690342,0.284077470609244
BSU_26510,yrkH,49.5874322830518,1.35980427435449,0.472039964489142,2.88069734906051,0.0039679645579055,0.0438140874845714
BSU_26530,yrkF,13.039029296657,1.12283156607493,0.903219051068796,1.2431442458463,0.213814683705486,0.520629565080005
BSU_26540,yrkE,7.163965123438,2.59439159969466,1.3583048612042,1.91002158189628,0.0561304345926681,0.248177124437302
BSU_26550,yrkD,493.458548276802,-0.379142489525214,0.288257694809736,-1.31529009060961,0.188412427204128,0.490842675162685
BSU_26560,yrkC,260.487920285898,0.674891306568279,0.262890452847917,2.56719595275187,0.0102524657160572,0.0816603230764984
BSU_26569,BSU_26569,15.6919326931646,0.250074681689222,0.688436943022323,0.363249945000574,0.716418181226049,0.896411522768506
BSU_26570,yrkB,15.6688507352477,1.36659476161474,0.94417116652726,1.44740149886295,0.147784506211653,0.43726692333762
BSU_26580,bltR,72.2785802879464,-0.0849521032189128,0.382187940915785,-0.222278345610156,0.824097208169549,0.942499698724676
BSU_26590,blt,45.2760647284604,0.376057720849251,0.469990595425494,0.800138820881718,0.423630371159497,0.71828943245651
BSU_26600,bltD,62.3080996911831,0.612826134770735,0.375663058984544,1.63131859818015,0.102823111058295,0.353515422947302
BSU_26610,yrkA,439.950269666013,-0.411905465664778,0.253452602312175,-1.62517749633297,0.104124743980569,0.355934060477423
BSU_26619,yrzO,10.1170882218017,0.449744372476802,0.978646857526095,0.459557366396397,0.645833966643237,0.857010782094664
BSU_26620,yrdR,63.2730252009915,0.292613062817996,0.434117401810856,0.674041311399644,0.500285049784985,0.772124832053694
BSU_26630,czcR,221.553048938975,0.232240977381522,0.265828687531352,0.873649038928996,0.382309411537066,0.681828324286679
BSU_26640,yrdP,129.870955089704,-0.190177516588153,0.314822641416592,-0.604078270013939,0.545791605870373,0.798027712781561
BSU_26650,czcD,89.946039039744,0.0516875303320823,0.394659046643537,0.130967554834154,0.895800973778966,0.965486481599579
BSU_26660,yrdN,47.5380891028993,0.199884584933225,0.641250111731054,0.311710799384716,0.755260319888317,0.914534368539601
BSU_26670,gltR,101.682640368545,0.0185192663064659,0.431824822217186,0.0428860624810299,0.965792359058079,0.986454743662928
BSU_26680,yrdK,101.019877705201,-0.168040642380538,0.320547821964487,-0.524229555985424,0.600118886108002,0.830587995789219
BSU_26690,brnQ,387.560323524762,-0.20155494894619,0.216436020497365,-0.931244940112193,0.351726876105549,0.656917580910979
BSU_26700,azlD,118.903495806008,-0.0559198311398431,0.29291013222377,-0.190911221524843,0.848595148368609,0.949779828294263
BSU_26710,azlC,219.401112761811,-0.120051750721853,0.28066225745928,-0.427744548941609,0.66883711210603,0.868282581527198
BSU_26720,azlB,227.297343587034,-0.217394307083823,0.285530063328081,-0.761370990325566,0.446435509571006,0.731819084939409
BSU_26730,yrdF,19.2169794466078,0.334349369680738,0.710341135543511,0.470688452281331,0.637863231992214,0.851160261060188
BSU_26740,cypA,111.14411588996,0.129914612502394,0.383623903350166,0.338650984383028,0.73487266965981,0.902678712164002
BSU_26760,yrdC,1171.50263122046,0.426409504609004,0.303198018863064,1.40637299085251,0.159613396154291,0.45366109100085
BSU_26770,yrdB,609.858968537085,0.404786866132967,0.286239099042743,1.41415644294116,0.157315973727365,0.450732011036801
BSU_26780,yrdA,1010.70796602328,-0.246768471475384,0.189965997818846,-1.29901389884891,0.193939159370207,0.499120222994554
BSU_26790,aadK,477.998715805121,-0.0820539306127186,0.247097625698443,-0.332070898620681,0.739835723995458,0.902887828715049
BSU_26800,yrpB,669.910282697455,0.788441943483549,0.304292994197106,2.591061767833,0.0095680316495785,0.0792486676005054
BSU_26810,murI,239.030178126277,0.270512323920344,0.268735043002701,1.00661350636592,0.314120541360337,0.629952031777842
BSU_26820,yrpD,4041.51790891704,-0.18660721091197,0.16992231904734,-1.09819129092737,0.272120968357403,0.592337087372236
BSU_26826,yrpDX,168.687025380849,0.0180807494003628,0.271906169100245,0.0664962823763549,0.946982717394644,0.981925670346367
BSU_26827,BSU_26827,28.4727202097449,0.643904615220373,0.555650858473402,1.15882951569523,0.246525683893583,0.563165392937546
BSU_26830,zinT,35.3918293697952,1.03390151889858,0.601763668284315,1.71811887853969,0.08577493404756,0.315755438106517
BSU_26840,sigZ,48.2171846886462,0.459679945533958,0.467336519325397,0.983616572908766,0.325304073373972,0.640805288718594
BSU_26850,yrpG,60.4081140917452,0.100431920651081,0.40618537918571,0.247256365683126,0.804709825630153,0.936001108432116
BSU_26860,yraO,1128.43807993766,0.106008079552158,0.224229400002937,0.472766191903334,0.636379996630691,0.850878199435021
BSU_26870,yraN,752.954105115387,-0.041603849431489,0.248886579075928,-0.16715987493563,0.867244255301839,0.953901330773366
BSU_26880,prpF,22.9256719177132,1.538323585319,0.806083705155489,1.90839186486503,0.0563405875138982,0.248847355869598
BSU_26890,csn,302.005290485125,0.168813853206644,0.286693286972057,0.588830854707449,0.555974745598667,0.805159064092957
BSU_26900,yraL,1408.58271407026,0.571956550317487,0.304813739384817,1.87641328593595,0.0605985516255499,0.25953192230566
BSU_26910,yraK,114.541691779836,0.267710741659515,0.336340265125781,0.795952103918926,0.426059874835231,0.720035463975453
BSU_26920,yraJ,251.760145161873,0.641639983901306,0.271885143221101,2.35996706660619,0.0182765575067789,0.118379714704731
BSU_26930,yraI,182.59347484576,0.562955635969314,0.295119981959357,1.90754835450905,0.0564496156453015,0.249070007141107
BSU_26935,BSU_26935,2.49474311166806,1.94955707670894,1.93856467207675,1.00567038324309,0.314574154482266,
BSU_26940,yraH,91.921356124947,-0.2849277369395,0.450474909670919,-0.632505231307212,0.52705679119478,0.78798884791929
BSU_26950,yraG,0.828522047617385,1.95328079962807,3.48432572016232,0.56059075887345,0.575076552715598,
BSU_26960,yraF,2.85793007781586,0.436794322233826,1.74023517566967,0.250997295274037,0.801816200327789,0.934734312122633
BSU_26970,adhB,13.6265554717468,-0.664408077794048,1.17121427676783,-0.567281402705917,0.570523010079845,0.813734957711799
BSU_26980,yraE,2.05381647818856,2.85350864000341,2.4720994013253,1.15428555925933,0.248383114917838,
BSU_26990,yraD,4.57804235206933,1.32743920944684,1.37675242673446,0.964181492380161,0.334954941583987,0.648825722650264
BSU_27000,adhR,94.1032874757538,1.23601268572513,0.37598744885703,3.2873775161445,0.0010112516892447,0.0157970898073568
BSU_27009,yrzP,4.35502784006863,-1.54058445026471,1.31455143321285,-1.1719468796283,0.241218383885739,0.558926137534135
BSU_27010,adhA,159.400800176661,0.508160749936508,0.271526918861294,1.87149308093499,0.0612767680109219,0.260172289181612
BSU_27020,sufL,989.167014885309,0.269244281753322,0.300442874305204,0.89615798802341,0.370168390091439,0.671919559244726
BSU_27030,sacC,2164.41887780453,0.140222340446566,0.294213916287999,0.476599959022012,0.633647012600602,0.850294128103039
BSU_27035,BSU_27035,260.1182982654,-0.141143785273854,0.338716691134816,-0.416701594482911,0.676896687947308,0.87446020227865
BSU_27040,levG,1043.58567829303,0.14957687392775,0.303406649978427,0.49299141577281,0.622018652815131,0.844125600706322
BSU_27050,levF,921.979541456957,0.120448113410877,0.28876268429939,0.41711800021223,0.676592099397865,0.87446020227865
BSU_27060,levE,709.626595874086,0.0985790972007462,0.293118892605835,0.336310963528743,0.73663638325379,0.902678712164002
BSU_27070,levD,684.975526048151,0.393783560092701,0.343059477070418,1.14785798502185,0.251027195250438,0.567348166286762
BSU_27080,levR,278.783527252318,-0.205008904381887,0.236301401555197,-0.867573797838857,0.385627695691201,0.685005049745782
BSU_27085,BSU_27085,5.59619490460496,0.293591460567429,1.21247542837988,0.242142194138919,0.808669984623825,0.936779950872458
BSU_27090,aapA,122.007153030719,0.504673991400601,0.398852485397706,1.26531489680296,0.205758468565756,0.513321856291271
BSU_27100,yrhP,581.551992207253,-0.0820665373479978,0.203526566334579,-0.40322272824614,0.686784380998393,0.879224716740636
BSU_27110,yrhO,283.892472178097,0.304730266044739,0.222597307236659,1.36897552727697,0.171006924897619,0.468473512126552
BSU_27120,sigV,8.72415386369666,-1.68640421715802,1.06356686138529,-1.58561184856916,0.112827386784265,0.372272561969347
BSU_27130,rsiV,38.8361882106106,-0.440784871805331,0.490888438871212,-0.897932884341107,0.369221331793382,0.671584520029999
BSU_27140,oatA,95.1446755387365,-0.212447340445645,0.419281414353303,-0.506693912901726,0.612369602258974,0.837340486491709
BSU_27150,yrhK,19.7740916703774,1.19478653896534,0.73935775480436,1.61597891034698,0.106098873002197,0.35937207273846
BSU_misc_RNA_82,surF,9.08302670040373,0.610359123472217,0.987561228766467,0.618046867063217,0.536544445069484,0.791864309517276
BSU_27160,cypB,699.889283805329,0.133493382434906,0.210423177904168,0.63440436440753,0.525816962047124,0.78798884791929
BSU_27170,bscR,90.3482012077093,-0.115102005106271,0.399207788632394,-0.288326050703037,0.773097167883014,0.92157084692455
BSU_27180,yrhH,87.2478612020908,0.0766016675115455,0.361020150150368,0.212181141356348,0.831965718799496,0.943296847420234
BSU_27185,BSU_27185,140.867288999487,1.32399259240152,0.415009875303964,3.19026768081554,0.0014214107126229,0.0199985897944859
BSU_27190,yrzI,208.883967640681,1.73882933035024,0.354349816859579,4.90709814883101,9.24337834247539e-07,5.10066423080233e-05
BSU_27200,yrhG,880.196593584137,-0.0824559015634272,0.283045729007748,-0.29131653691609,0.770809241032448,0.921366401039976
BSU_27210,yrhF,999.110284535617,0.223002285263424,0.240951210817818,0.925508049976285,0.35470169831302,0.659574405309418
BSU_27220,yrhE,1458.04425486304,-0.595148172712048,0.261646929586359,-2.27462318649382,0.0229285439675223,0.136447315571432
BSU_27230,yrhD,265.710792212497,-0.388818063956382,0.318786354271439,-1.21968226916423,0.22258534565334,0.532722033933822
BSU_27240,yrhC,88.0573160537006,0.204143774468845,0.522497586708468,0.39070759303382,0.696013385693762,0.885368221990092
BSU_27250,mccB,431.302792189308,0.0982236573917782,0.516709090723488,0.190094695748911,0.849234926478331,0.949779828294263
BSU_27260,mccA,580.598361562725,-0.263957276761715,0.342062715785348,-0.771663395572623,0.440313815961064,0.728541045178567
BSU_27270,mtnN,2738.7022141501,0.0881480909813072,0.195404487552266,0.451105765714463,0.651913322367137,0.858728030696754
BSU_27280,yrrT,664.786113959672,0.232830221021665,0.254276432381043,0.91565788791924,0.359846359102097,0.664865539166428
BSU_27290,yrzA,422.753812040958,0.915477956926101,0.276434278177173,3.3117381931171,0.0009271827138813,0.0148105238769993
BSU_27300,yrrS,1435.44042142354,0.117715395517674,0.187278583826064,0.628557697910635,0.529638661909899,0.788566727976259
BSU_27310,pbpI,158.817244414387,0.13500064511939,0.316738737682412,0.426220821953115,0.669946946446343,0.86945772005208
BSU_27320,greA,5551.82203712812,0.125328925956169,0.175777251686311,0.712998552166634,0.475846653053651,0.754711619568855
BSU_27330,udk,1907.4756896836,-0.0521446189901188,0.254476747156044,-0.204909169788091,0.837643090778676,0.94529793602394
BSU_27340,yrrO,2777.72733064456,-0.246203598797909,0.291228860010204,-0.845395606703548,0.397889996598671,0.696898487754023
BSU_27350,yrrN,1860.68103794443,-0.321401563700703,0.27408772099096,-1.17262299288228,0.240947024723294,0.558834010943928
BSU_27360,yrrM,921.369209348226,-0.114101995084515,0.254844361172,-0.447732076785114,0.654346568855136,0.858728030696754
BSU_27370,yrrL,725.531862865894,-0.216950526516289,0.187966909186086,-1.15419531797222,0.248420101684956,0.564861441730492
BSU_27380,yrzB,3506.21036802554,0.441212575349117,0.225838377778901,1.95366518165956,0.0507408265655136,0.234855960868047
BSU_27390,rimF,1445.15604826876,-0.0219294964181125,0.178793623144505,-0.122652564629716,0.902382228089356,0.968688189031833
BSU_27400,yrzL,1435.6922894324,-0.115691301198886,0.184072547021517,-0.628509264802871,0.529670379299657,0.788566727976259
BSU_27410,alaS,4952.72493518344,-0.217168631142313,0.203704533174332,-1.06609621179347,0.286380151894146,0.605296831524631
BSU_misc_RNA_40,tboA,1052.97685717752,0.0690248542883858,0.294975470599211,0.234002014296881,0.814983414891549,0.937937304949673
BSU_27420,yrrI,39.5392663160514,0.704610871248397,0.500440006452298,1.40798269955174,0.159136192895771,0.453500793839123
BSU_27430,glnQ,1.91676594805216,1.88278477991269,2.87760679485408,0.654288411912151,0.512926010220932,
BSU_27440,glnH,4.58067323271861,-0.546705933783307,1.49005308156242,-0.366903663062828,0.713690878999647,0.895855995530133
BSU_27450,glnM,0.311780209811161,0.289841449897053,3.48094323176856,0.083265204457182,0.933640667007767,
BSU_27460,glnP,1.73331057893033,1.1475348548097,2.71381465551276,0.422849383792159,0.672405154471998,
BSU_27468,yrzQ,12.7065555814062,0.95840876018438,0.989383700985566,0.968692691449909,0.332698540163597,0.648069537768091
BSU_27469,yrzR,36.3704126304382,-0.180383014536241,0.5063369079858,-0.356250969841013,0.721652624057345,0.897366695820796
BSU_27470,yrrD,43.7661346834746,-0.261201781064012,0.472989743200188,-0.552235613602853,0.580786937284317,0.82012751629148
BSU_27480,recDB,1930.21947529646,0.012030192832214,0.210271268075415,0.0572127278364028,0.954375739421307,0.984233451503636
BSU_27490,yrrB,410.182022088682,0.0651230727256882,0.273140264677976,0.238423554295323,0.811552600414573,0.936779950872458
BSU_27500,mnmA,2329.39454708777,-0.032127924700925,0.198635470786894,-0.161743139700328,0.87150813122438,0.957352132774661
BSU_27510,iscSA,1801.35601053888,-0.224954007946885,0.187237821796269,-1.20143465560956,0.22958263975007,0.543149574776197
BSU_27520,cymR,647.44968675997,-0.0200177246374383,0.295028911958354,-0.0678500439315047,0.945905006220183,0.981477502180601
BSU_27530,rarA,341.379927953326,-0.275225116451646,0.22291709984972,-1.23465232876791,0.216959924811313,0.525577377721363
BSU_27540,tcdA,2064.97803525847,0.301136265298614,0.17350971589961,1.73555851750024,0.0826419261418131,0.308835131201903
BSU_misc_RNA_41,ssrSB,1216.84511854664,0.145012833604062,0.258657457488208,0.560636584818642,0.575045305970235,0.816132786996299
BSU_27550,aspS,11563.9435662954,-0.0869653632720219,0.298907490236178,-0.290944075049131,0.771094091645049,0.921366401039976
BSU_27560,hisS,5427.69663359315,-0.256028993272039,0.260659393554287,-0.982235820397228,0.325983684403005,0.641537853335165
BSU_misc_RNA_42,tboH,5405.51260865704,0.294513529526465,0.256419527668494,1.14856123558273,0.250736949132894,0.567348166286762
BSU_27570,yrzK,9.00066458438106,0.177016179803207,1.01459791263493,0.174469292316494,0.861496661809704,0.952707569553608
BSU_27580,yrvJ,2075.50000339239,-0.175691678003951,0.242661747840482,-0.724018843379651,0.46905416669299,0.749252313638539
BSU_27590,dtd,888.927960656215,-0.21926769841232,0.197543816270178,-1.10996994263,0.267011978912939,0.585112892419329
BSU_27600,rsh,6131.36832527428,-0.264892043468506,0.20587379027412,-1.28667200966089,0.198208633043039,0.503751853933211
BSU_27610,apt,2179.82806119295,0.183878807333774,0.204690292868296,0.898326954136938,0.369011266582489,0.671489880817556
BSU_27620,recJ,4239.9798916414,-0.0367925250099802,0.208662122005434,-0.176325845133608,0.860037958643515,0.952188155345395
BSU_27630,yrvD,870.513214152257,0.291066297135705,0.23839713675077,1.22093033961225,0.222112396002262,0.532593437140863
BSU_27640,yrvC,1155.42333681058,0.422090942890788,0.210543514990394,2.00476819677892,0.0449878339876059,0.216196468388533
BSU_27650,secDF,8442.90765523418,-0.409424083905607,0.178161773731221,-2.29804674331135,0.0215591288666607,0.131995300510722
BSU_27660,comN,1177.26762957562,-0.25199105198492,0.230475506418124,-1.09335285081341,0.274238906425001,0.593955237670244
BSU_27670,spoVB,17.6962799693829,0.0532325895092476,0.75715933460619,0.0703056636512772,0.943950374722515,0.98043987522032
BSU_27680,yrbG,7.24993492511655,0.226159853662035,1.19155480600248,0.189802309153343,0.849464046347135,0.949779828294263
BSU_27690,yrzE,7.01803664330848,1.52474759605923,1.08609871879666,1.40387569718208,0.1603558677256,0.455145011333384
BSU_27700,yrbF,4298.45900998458,0.292091581405579,0.213649285434079,1.3671544972038,0.171576884464587,0.468528394659403
BSU_27710,tgt,1829.84568987737,0.117820715988393,0.17495920247956,0.673418227327353,0.50068125575195,0.772124832053694
BSU_27720,queA,1936.22972418227,0.0298869111340449,0.186967884141389,0.159850507328007,0.872998836492627,0.958494071384282
BSU_27729,yrzS,82.1015480822838,-0.376267818193509,0.348241898355375,-1.08047831111216,0.279929239905082,0.599505715905592
BSU_27730,ruvB,850.59053570357,-0.188164793992994,0.199912439398672,-0.941236045935838,0.346583908422611,0.653760943255378
BSU_27740,ruvA,389.479812499896,0.207195837675035,0.254846874134851,0.813020910609237,0.416206069373257,0.71251393584487
BSU_27750,bofC,201.268046727336,0.287517228782343,0.32199539885947,0.892923407603802,0.371898190877821,0.672600855540064
BSU_27760,csbX,1305.64265081388,0.0457717601519568,0.20622141505911,0.221954447062819,0.824349344803223,0.942499698724676
BSU_27770,yrbE,3112.23901995561,-0.0500854636913656,0.2196453810409,-0.228028759148089,0.819623882855491,0.939686609127246
BSU_27785,yrzF,329.526304524124,0.0040931549646177,0.264934286224556,0.0154496989534546,0.987673414116637,0.993989082472006
BSU_27786,BSU_27786,2.41414457398234,-0.683446573128061,2.0428591326511,-0.334553940702278,0.7379615944884,
BSU_27800,yrzH,42.7545417861381,1.26577788560813,0.520108004145828,2.43368276496131,0.0149460878519946,0.103598576318312
BSU_27809,yrzT,58.702218254078,0.850088833427388,0.482924190356525,1.76029457708424,0.0783578731742804,0.298071780614703
BSU_27810,alaP,48.3580750997002,0.426357171320525,0.454535390086693,0.938006546067198,0.34824104604861,0.654200337133205
BSU_27820,yrbC,189.436898085193,0.360757202650837,0.26155842830949,1.37926047721915,0.167814457565934,0.465121124213843
BSU_27830,sgpA,25.5110125984519,2.20083281545991,0.888886374467862,2.47594392115354,0.0132884448646458,0.095699325813356
BSU_27840,safA,62.3256998246473,1.55791014859956,0.429849718765933,3.62431352304291,0.0002897299732355,0.0063981543604455
BSU_27850,nadA,23.1213970053604,1.38956434429423,0.625165790991444,2.22271334151303,0.0262351356962405,0.152077887548876
BSU_27860,nadC,8.4396292754129,1.14531422571829,0.963258907466065,1.18899936127364,0.234439918275101,0.551342580120445
BSU_27870,nadB,25.707192399647,0.533505929962609,0.545037938220133,0.978841824671539,0.32765814041747,0.642733908086301
BSU_27880,nifS,60.0544353152598,0.836176067598845,0.609480158569956,1.37194961286483,0.170079124103413,0.467606629342714
BSU_27890,niaR,852.679128167235,0.248223788492511,0.209301378905508,1.1859634646964,0.235636728109249,0.553160473887404
BSU_27900,pheA,1490.03709640294,0.363240397887643,0.178174834249898,2.03867397669742,0.0414825766415214,0.204670173839774
BSU_27910,thrR,609.078548536586,0.0865541949275153,0.243749740580453,0.355094510957835,0.722518788672931,0.89765565294482
BSU_27920,obgE,2163.77202404747,-0.103376330186332,0.183825483571627,-0.56236125795938,0.573869909406118,0.816112908708471
BSU_27930,spo0B,841.096989956224,-0.142725615123124,0.216997864017216,-0.657728202853648,0.51071279653997,0.780937822783021
BSU_27935,BSU_27935,2.94857273146459,2.49855257914682,1.79518865254158,1.39180502038571,0.163981449302604,0.460818239475372
BSU_27940,rpmA,13621.5141671303,0.0412617741412967,0.172777323491081,0.238814754781327,0.811249228567429,0.936779950872458
BSU_27950,rppA,17242.3477379486,-0.160783774676637,0.202347970076351,-0.794590499800762,0.426851746373497,0.720291131986096
BSU_27960,rplU,11375.2981310934,0.0600651995401362,0.209332158800225,0.286937276548412,0.774160347483756,0.92157084692455
BSU_misc_RNA_43,ldlU,3.86343087050739,0.212533193869207,1.28540309769057,0.165343614194688,0.868673532044705,0.954979000687698
BSU_27970,spoIVFB,18.6570338768809,1.80944877268032,0.882174720677927,2.05112290146991,0.0402549795994896,0.20033620113887
BSU_27980,spoIVFA,46.2688148536148,0.654231753426371,0.490204849462275,1.33460889696221,0.182004384597582,0.484546760748826
BSU_27990,minD,2782.41163360657,-0.167319234236877,0.227228819546058,-0.736346888441072,0.461519618000158,0.741678085053961
BSU_28000,minC,2466.25661301489,-0.106508802809963,0.217989288507649,-0.488596497282599,0.625127393337598,0.846451973961586
BSU_28010,mreD,1320.01688626555,0.27143646653148,0.205421114376954,1.3213659528367,0.18637937277802,0.489145123492161
BSU_28020,mreC,3985.91362435082,0.131933960409929,0.171451584067243,0.769511469536406,0.441589738332062,0.729055114494999
BSU_28030,mreB,4735.46375303039,0.0306988818346052,0.178680928019516,0.171808385902563,0.863588172564942,0.952905437791136
BSU_28040,ysxA,505.584190743197,-0.276703414006471,0.214577787190228,-1.28952496728455,0.197215642132208,0.502982751152311
BSU_28050,maf,476.135843470908,-0.442813076616579,0.242397879637075,-1.82680259942691,0.0677294549183504,0.275653691521141
BSU_28060,spoIIB,78.4555335462645,0.0505682828826605,0.38891175051412,0.130025083623243,0.896546581291923,0.965486481599579
BSU_28070,comC,18.8198081423588,0.142135653358897,0.669115625520489,0.212423156682872,0.831776921565968,0.943296847420234
BSU_28080,folC,1691.0448994537,-0.235754279948047,0.25071938421731,-0.940311339244945,0.347057884887925,0.653760943255378
BSU_28090,valS,6488.43869777429,-0.489542428325156,0.244811276825087,-1.99967270574274,0.0455356173320089,0.217883826625795
BSU_misc_RNA_44,tboV,2283.91113568401,0.021774276133234,0.250828558113698,0.0868093980086749,0.930823017296986,0.975355610479629
BSU_28099,yszA,5.54230988678215,0.983243542518951,1.48020314583169,0.66426256780213,0.506522274318973,0.777533650137758
BSU_28100,cotN,20.757882544707,0.331276741049921,0.641229927917593,0.516627073420838,0.605416512783512,0.834828408135608
BSU_28110,spoVID,40.0732114897545,0.0217695522940244,0.478020608064641,0.0455410330156321,0.963676069193028,0.986037678995262
BSU_28120,hemL,3067.30480469775,0.144498772475122,0.240449228909392,0.600953361882366,0.547871050012863,0.799143182802834
BSU_28130,hemB,1341.46710951676,0.159272587933053,0.243468598951734,0.654181231661123,0.512995051809248,0.78191669587819
BSU_28140,hemD,1105.92483189257,-0.0186512522530098,0.255269840268091,-0.0730648486849124,0.941754513552305,0.980016995776273
BSU_28150,hemC,1073.05869552264,0.0069791588657762,0.225377849363387,0.0309664808919328,0.975296271219047,0.989029560002323
BSU_28160,hemX,728.461005069588,-0.0916140172106796,0.271965787373454,-0.336858610398955,0.736223487702438,0.902678712164002
BSU_28170,hemA,2677.3960057188,0.0866089890491495,0.185746605683509,0.4662749487693,0.641018707761793,0.853121267401795
BSU_28180,ysxD,187.884250189617,0.8701376251623,0.341929566417502,2.54478615078243,0.0109344680110528,0.0844737355981151
BSU_28190,engB,2068.21563754573,0.0167889512327556,0.188318109598312,0.0891520803207235,0.928961048026344,0.974838901080237
BSU_28200,lonA,6024.29499905928,0.154840770456161,0.181256711552454,0.85426227326954,0.392959685745109,0.692815645116584
BSU_28210,lonB,25.8569524861404,-1.01991322145021,0.780495110624693,-1.30675158315072,0.191297093531002,0.495019092821696
BSU_28220,clpX,12950.0717669966,0.0733826897216446,0.167355031609445,0.438485111657099,0.661034660472183,0.863237528551292
BSU_28230,tig,38990.7944624611,-0.0469949286341932,0.206044075996441,-0.228081920855637,0.819582554766798,0.939686609127246
BSU_28240,ysoA,1073.12407590387,-0.172588836671232,0.233153400985542,-0.740237268432274,0.459156037569717,0.740681349916739
BSU_28250,leuD,484.845244611639,0.472904130478301,0.315366906043404,1.49953632234708,0.133734553141472,0.412065349019663
BSU_28260,leuC,1141.88046193047,0.56608686198893,0.303315497272139,1.86633016472953,0.0619951869963204,0.261846470723027
BSU_28270,leuB,630.428418930185,0.813484701438466,0.377027107703935,2.15762921237288,0.0309566715929847,0.171046680882434
BSU_28280,leuA,868.910462838688,0.499869036984592,0.353675424770154,1.41335530256151,0.157551280958637,0.451102016707042
BSU_28290,ilvC,1310.32708469505,0.368643238900635,0.322839290841301,1.14187848059005,0.253504534667525,0.570790251916988
BSU_28300,ilvH,350.257573276861,0.958446747562291,0.356063019590443,2.69178964067859,0.0071069756662208,0.0648015871368504
BSU_28310,ilvB,1105.1704666486,0.522419938024901,0.336305968736693,1.55340667900522,0.120326008276322,0.386799465669859
BSU_misc_RNA_45,tboILV,1374.9711294584,1.5379334621655,0.430083922770391,3.57589154288513,0.0003490363444942,0.0072698795478241
BSU_28320,cotQ,0.103179787364619,0.695933394970416,3.52751984253798,0.197286883146121,0.84360304336219,
BSU_28330,ysnE,49.9820889705217,0.294766563101088,0.456037695337956,0.646364469679739,0.518043344917405,0.785009334006439
BSU_28340,ysnF,95.7155067337129,-0.286315238320451,0.801822562856734,-0.357080545726186,0.721031507983162,0.89733326060259
BSU_tRNA_84,trnSL-Arg2,25.7548038816375,0.0191273332936438,0.700519687694017,0.0273044906940552,0.978216875149354,0.98962940535943
BSU_28350,ysnB,1490.4167522387,0.239300265931279,0.186061281939139,1.28613682243442,0.19839531513666,0.503751853933211
BSU_28360,rdgB,1872.13833789188,0.0525743020768495,0.179785879886007,0.292427314704493,0.769959926366441,0.921047220476072
BSU_28370,rph,1690.24300660537,-0.159078880588929,0.229805240657165,-0.692233476199313,0.488790718990666,0.764961212016675
BSU_28380,gerM,53.7399854613586,0.788141224912491,0.427804645630839,1.84229234759782,0.0654323985202241,0.268880330089393
BSU_28390,rcmE,2652.95759440151,-0.136428098607942,0.184668831663703,-0.738771656152509,0.460045665709076,0.740990914934747
BSU_28400,ysmB,1594.18595450131,-0.384021918653831,0.179921053232742,-2.13439123300968,0.0328107686362988,0.176919994842175
BSU_28410,gerE,472.734677040638,-0.230185828852471,0.207566530424541,-1.10897372703425,0.267441516167278,0.585752062986992
BSU_28420,ysmA,495.510466481624,-0.262181897963269,0.236099312909979,-1.11047293925516,0.2667952827316,0.584939709146837
BSU_28430,sdhB,22683.8446572602,-0.188030429939593,0.184903245676487,-1.01691254391812,0.309195035452543,0.626320030947148
BSU_28440,sdhA,49639.7737873938,-0.162903337931708,0.188400934595083,-0.864663109457629,0.387223722955247,0.68726549659016
BSU_28450,sdhC,8104.60430688672,-0.202781007211763,0.189382103535654,-1.07075063285263,0.284281569631444,0.604146744546417
BSU_28460,yslB,961.432639298755,0.35477250116105,0.213836522214937,1.65908282404842,0.0970991038351735,0.339846863423107
BSU_28470,lysCA,247.70203225247,0.0358360500435288,0.248581895199021,0.144161947171726,0.885372588761731,0.961688479756606
BSU_28475,lysCB,0.0,,,,,
BSU_misc_RNA_46,kswC,368.45706657661,-0.272420342842375,0.407027820621439,-0.669291702042505,0.503309419035115,0.774947618448785
BSU_28490,uvrC,704.462586822794,-0.133537061931754,0.207771684665061,-0.642710589496462,0.520411908470123,0.78549540842811
BSU_28500,trxA,4402.30073570953,0.202101186219259,0.273291626730822,0.739507421565894,0.459598934833927,0.740681349916739
BSU_28510,abfB,488.234279146874,-0.224669035009224,0.277249710254911,-0.81034903445943,0.417739600806437,0.713414615685913
BSU_28520,etfA,1741.4967135912,-0.251206781288918,0.240957569331767,-1.04253533925319,0.297163550048443,0.614945453605658
BSU_28530,etfB,1196.17440340468,-0.232345656010913,0.240191119960557,-0.96733657784296,0.333375803871986,0.648069537768091
BSU_28540,fadB,805.785480984322,-0.493864943237571,0.201640400225853,-2.44923607910123,0.0143159581871238,0.100542985681139
BSU_28550,fadR,459.034760547742,-0.428772422658435,0.258831682989275,-1.65656853792587,0.097606737628308,0.341061700808126
BSU_28560,lcfA,1191.06729294212,-0.416587996326377,0.181812992881491,-2.29129937153565,0.0219461049380554,0.132874516768598
BSU_28570,yshE,632.407592382721,-0.234727055617217,0.217695948840727,-1.07823345756861,0.280929584366206,0.601042197367579
BSU_28580,mutSB,2697.25873399112,0.0407699746343881,0.207519097200773,0.196463723986537,0.844247223400193,0.948509467638127
BSU_28590,polX,1999.30412463749,-0.0447007187595645,0.188637614976681,-0.236966093772392,0.812683094411446,0.937320973983234
BSU_28600,yshB,687.508095534471,0.0231956950574161,0.189680083216547,0.122288511603693,0.902670530122983,0.968688189031833
BSU_28610,zapA,191.977506676198,0.010948106705587,0.269369888424548,0.040643394737321,0.967580188722325,0.986521610731621
BSU_28620,rnhC,589.120031612255,0.198415369135388,0.245901917220658,0.806888256008764,0.419730865512216,0.715601319531729
BSU_28630,pheT,4347.3113928687,-0.472898469273739,0.22233584515102,-2.12695559257449,0.0334237730885464,0.178759851777045
BSU_28640,pheS,1386.89230318201,-0.700202484040697,0.261654043598193,-2.67606215601223,0.0074492828539445,0.0659416725966885
BSU_28645,BSU_28645,0.790494022343107,0.978212941930838,3.44137023789114,0.284251003033688,0.776218031913917,
BSU_28650,rlmBB,828.842615167537,-0.323063385177392,0.205102638652289,-1.57513032158051,0.115226366413867,0.377193244139075
BSU_28660,sspI,8.49844895734982,-0.542462634025563,1.03420075822036,-0.524523531542393,0.599914457279251,0.830575604098904
BSU_28670,ysfB,210.422384747759,0.132519522088139,0.260614768859204,0.508488151566467,0.611111046287271,0.837235881426309
BSU_28680,glcD,298.029338295031,0.252525265949164,0.339814965047663,0.743125794691662,0.457405524073989,0.740445065066274
BSU_28690,glcF,305.726647974665,0.230923867550545,0.227491405525653,1.01508831516936,0.310063731063375,0.627158643656149
BSU_28700,ysfE,2073.71568147442,0.211253789376534,0.201943465932449,1.04610361321222,0.295513197212178,0.614748964849636
BSU_28709,BSU_28709,585.981695570893,-0.175860957009199,0.257085738941945,-0.684055668482304,0.493940013998326,0.767367868182409
BSU_28710,cstA,4219.64994208093,-0.0362390857535882,0.190498897588589,-0.190232522142211,0.849126927429374,0.949779828294263
BSU_28720,abfA,233.164603128103,-0.650052653161471,0.251155961835918,-2.58824297225385,0.009646690945086,0.0792828087354976
BSU_28730,araQ,85.6580815566545,-0.850581480139719,0.340072831367969,-2.50117445935975,0.012378218493095,0.0909948968462986
BSU_28740,araP,126.657831576855,-0.810912803468928,0.418659375374295,-1.9369273714316,0.052754222045926,0.239223788125015
BSU_28750,araN,270.914333368129,-0.632413731113681,0.244758231138159,-2.58383028906881,0.0097709860665492,0.0796869861742186
BSU_28760,egsA,226.502734223291,-0.44700892737371,0.331030417889502,-1.35035604952449,0.176901801506141,0.476636496258461
BSU_28770,araL,166.922775978871,-0.976706386905515,0.337511489765871,-2.89384633270722,0.0038055435300788,0.042890595382772
BSU_28780,araD,228.632025484793,-0.631334911559534,0.368101827792295,-1.71510941780971,0.086325167967815,0.315930782683244
BSU_28790,araB,532.225714133463,-1.05790392600574,0.224957950971062,-4.7026740839306,2.56776123937339e-06,0.0001208275221911
BSU_28800,araA,600.143945266993,-0.919692136676512,0.252599908107927,-3.64090447841161,0.0002716819274891,0.0060756658415866
BSU_28810,abnA,417.484092051401,-0.923888790607728,0.211449522601121,-4.36931131005935,1.24638981091148e-05,0.0004771090366272
BSU_28820,frvX,3706.78236776415,-0.0615977864861562,0.215265608397836,-0.286147828929164,0.774764900150666,0.92157084692455
BSU_28830,ysdB,485.922611351623,1.19575827329533,0.24346029313997,4.9115125011694,9.03765242286834e-07,5.05276120325889e-05
BSU_28840,ysdA,234.884463552246,-0.355135401022122,0.328203978245681,-1.08205696628175,0.279227216027735,0.598605671494373
BSU_28850,rplT,17888.973753887,0.169967582080555,0.260271637176536,0.653039201368185,0.513731006367076,0.78191669587819
BSU_28860,rpmI,7039.29035302175,-0.422568824838955,0.293927362855333,-1.43766412468014,0.150529376860316,0.441407399778802
BSU_28870,infC,11252.8615634026,-0.360673858890153,0.29960941089463,-1.20381351778366,0.228661663747682,0.542113630519511
BSU_misc_RNA_47,BSU_misc_RNA_47,2004.17012560342,-0.194437629840939,0.269796701291754,-0.720682013197328,0.471105181429338,0.74999097635566
BSU_28890,yscB,485.951753994586,1.23758621962384,0.30588211873827,4.04595804661205,5.21095656464139e-05,0.001652339883818
BSU_28900,pftB,137.503724503158,-0.279690217109037,0.441324550252465,-0.633751775080349,0.526242829931331,0.78798884791929
BSU_28910,pftA,53.6998675717871,-1.27138073373866,0.450697952905536,-2.82091526163452,0.004788685039787,0.0493107420383902
BSU_28920,lytT,507.187751638641,-0.119858963470581,0.206041074214198,-0.581723638976844,0.560752846200217,0.808208222921033
BSU_28930,lytS,1103.0486232169,0.004632120491778,0.209658823274003,0.0220936110364617,0.982373282887951,0.99164426243729
BSU_28940,ysaA,4180.07157576172,-0.173048018028019,0.184496127979879,-0.937949321336926,0.348270454835328,0.654200337133205
BSU_28950,thrS,7486.24581351568,-0.34869007982646,0.176608643109075,-1.97436588429654,0.0483401543206176,0.22720942003131
BSU_misc_RNA_48,tboT,819.457190943644,-0.234702740206796,0.214696825880696,-1.09318216160875,0.274313827566502,0.593955237670244
BSU_28960,ytxC,826.160769278728,-0.236462852279444,0.209943431587026,-1.12631698211252,0.260031372149264,0.577059228688295
BSU_28970,ytxB,680.725631021294,-0.354200371044379,0.210074273212423,-1.68607210025294,0.0917819129944338,0.32854368012919
BSU_28980,dnaI,830.149811553908,-0.531612774210854,0.193465173446557,-2.7478474018876,0.0059987921154558,0.0574073596814685
BSU_28990,dnaB,1007.98540214951,-0.518858348153313,0.196607453177769,-2.63905736922481,0.0083136910612606,0.070933480560836
BSU_29000,nrdR,575.891743047523,-0.123084118768647,0.228159059448683,-0.539466278770888,0.589565158835225,0.824501521724817
BSU_29010,speD,27058.2627389135,-0.0246977551681355,0.177178699564947,-0.139394606850482,0.889138333864906,0.962984110483264
BSU_29020,gapB,40205.6142901572,0.0260995205187091,0.192127905660745,0.135844506444551,0.891944206098707,0.963875143032505
BSU_29030,ytcD,328.435867954164,0.219278171606814,0.295372559147393,0.742378277250163,0.457858177143703,0.740445065066274
BSU_29040,ytbD,87.8504976994041,0.505437678428751,0.581378722058378,0.869377669411846,0.384640593005679,0.683537381715237
BSU_29050,ytbE,95.3413930024256,0.203171439498261,0.36414941850675,0.557934268662014,0.576889269938663,0.816132786996299
BSU_29060,coaE,713.970728983974,-0.335719419635736,0.20255510959134,-1.65742261606265,0.0974340621104517,0.340738543133588
BSU_29070,spcF,409.698979310179,-0.203192248513321,0.23918282615915,-0.849526915356868,0.395588159887173,0.695429909541
BSU_29080,mutM,938.753692316414,-0.364747000142191,0.184603399765153,-1.97584118497391,0.048172767232822,0.226673408607155
BSU_29090,polA,3121.31296974991,-0.283619755341798,0.178827716869256,-1.58599438782276,0.112740582657533,0.372272561969347
BSU_29100,phoR,8082.77732948982,0.0250959457810503,0.167201323784204,0.150094181152776,0.88069031074822,0.960546209177221
BSU_29110,phoP,3341.26397595848,0.0172523592392103,0.169290955893002,0.101909515178793,0.918828497267283,0.973756996068242
BSU_29120,mdh,55786.7883904881,-0.0559978084506024,0.172508043716761,-0.324609839889811,0.745476379054981,0.907081653666843
BSU_29130,icd,78604.4544688649,-0.0848917320576979,0.167601403185629,-0.506509673810279,0.612498900318992,0.837340486491709
BSU_29140,citZ,49363.4778217323,-0.0916473061897555,0.167103096869554,-0.548447682338875,0.583384543397664,0.82215619399558
BSU_29150,ytwI,177.51800103071,0.522703224061792,0.325369657556654,1.60649037770456,0.108166207457881,0.362804781561185
BSU_29160,ytvI,8.93511421686016,0.939186447463979,1.01721350468928,0.923293333340936,0.355854361135674,0.661139125695444
BSU_29170,ytzA,1532.05219344828,0.70108678843783,0.209799010001053,3.34170684806525,0.0008326494999226,0.0137662557399666
BSU_29180,pyk,19220.0264446455,0.476050527227735,0.20858323791893,2.28230481019171,0.0224713507580647,0.134479956860587
BSU_29190,pfkA,8487.60158664632,0.38557703651175,0.206382998921056,1.86825968479718,0.0617258831058102,0.261069422522682
BSU_29200,accA,5771.31507018959,-0.0609074930049055,0.182657167256517,-0.333452521572117,0.738792722866221,0.902887828715049
BSU_29210,accD,6077.91929414693,0.0261173742603071,0.173258340337139,0.150742378170575,0.880178942235216,0.960546209177221
BSU_29220,maeB,6941.72671810509,0.039101588679577,0.20399488272683,0.191679262523159,0.847993450882755,0.949779828294263
BSU_29230,dnaEC,3067.73280289,0.0119177617303682,0.196268881316468,0.0607216062497027,0.951580924130684,0.98328486056208
BSU_29239,ytrH,1.89100843868612,2.5349722310116,2.06361882320439,1.2284110817885,0.219292689939501,
BSU_29240,ytrI,4.61439992771938,2.79996426007192,1.42532401333522,1.9644405299256,0.0494790265468875,0.231688144367348
BSU_29249,ytzJ,497.878036972616,0.008562807399971,0.210063473497426,0.0407629525371814,0.967484874388393,0.986521610731621
BSU_29250,nrnA,2455.69731558062,0.132831424121676,0.175263519267125,0.757895451815175,0.448513573284613,0.73357237278298
BSU_29260,ytpI,230.991420862782,0.322863884982098,0.23986137575121,1.34604366364087,0.178288435432474,0.479460482375053
BSU_29270,ytoI,965.693070046858,-0.575517166124897,0.213366030230501,-2.6973233063537,0.0069899369150685,0.0640091421382031
BSU_29280,ytnM,57.6435501756951,0.0034259773836877,0.567113484285427,0.0060410790408281,0.99517994562044,0.996587223412974
BSU_29290,sndA,65.5553056234502,0.50480060222182,0.613974058653729,0.822185555084696,0.410971298616054,0.710133000333311
BSU_29300,ribR,24.9053228329783,-0.103266687243245,0.741017364205933,-0.139357985698357,0.889167270885701,0.962984110483264
BSU_29310,cmoJ,61.9562218970473,-0.545617529278801,0.581235977458093,-0.938719470988253,0.347874793839598,0.654200337133205
BSU_29320,cmoI,6.05032310757649,0.111946968309863,1.43182538763974,0.0781847907407196,0.937681060211227,0.977479593924805
BSU_29330,cmoO,23.3806974438805,0.633476924643627,0.999293276623105,0.633924934213833,0.526129812266196,0.78798884791929
BSU_29340,tcyN,8.21976445946442,-0.252893373519481,1.34910556408331,-0.187452620648938,0.851305768401944,0.950082430691064
BSU_29350,tcyM,5.46556423498859,1.85653751240422,1.9987103102825,0.928867731783413,0.352957637563895,0.657770614916224
BSU_29360,tcyL,19.154139785817,0.302737557306201,1.12276994601845,0.269634539452863,0.787441425522985,0.927566599619965
BSU_29370,tcyK,43.528570809406,1.45112819036696,1.05284243430477,1.37829569086963,0.168112013094183,0.465121124213843
BSU_29380,tcyJ,38.3481557053296,1.07385137039913,1.04397873496724,1.0286142183086,0.303660993927118,0.621265474015073
BSU_29390,snaA,18.2357699975039,1.78552087712856,1.18408427755429,1.50793394606719,0.131571433514117,0.408304439321807
BSU_29400,ascR,142.521209215065,0.249486561498362,0.706218160512634,0.353271234652566,0.723885108438816,0.898564950556977
BSU_29410,ytkL,1611.86659641665,0.0282145115087391,0.254153946616136,0.111013469924011,0.911605665302489,0.972161704409675
BSU_29420,ytkK,1159.19257989179,-0.141334917536,0.208056250118675,-0.679311087532253,0.496940772664705,0.769497573998663
BSU_29430,ytzD,45.6494576518753,-0.783405731865014,0.617138311459948,-1.26941678602278,0.204292452390115,0.510310776134978
BSU_29440,argH,275.570808960418,-0.445716339930505,0.299148260627653,-1.48995130038641,0.136237041321503,0.418259529317244
BSU_29450,argG,194.926218266301,0.005113751281782,0.338711279538801,0.0150976704665552,0.987954259449372,0.993989082472006
BSU_29460,moaB,355.791099516178,0.452948627197553,0.252584123301867,1.79325850443984,0.072931599170675,0.286345575596804
BSU_29470,ackA,4292.09537688185,0.514451000731995,0.257474357037155,1.99806694014875,0.0457094033241611,0.218469352895794
BSU_29479,BSU_29479,11.9230779950032,0.365291628442396,1.07206040446856,0.340737916370933,0.733300891811532,0.902344479961541
BSU_29480,ytxK,1653.08348400817,0.096247985889721,0.208492717497752,0.461637159536561,0.644341542077246,0.856343352415809
BSU_29490,tpx,12597.0439233275,0.521770784783823,0.322003163179608,1.62039024595788,0.10514847383018,0.357964705884849
BSU_29500,gerW,7.47580743985034,0.592308420619709,1.06283507745517,0.557290997619237,0.57732862543631,0.816132786996299
BSU_29510,ytfI,3.61698062959119,-1.17668632427132,1.73184360660268,-0.67944144597421,0.496858196548133,0.769497573998663
BSU_29520,yteJ,979.524342127386,0.227520565467221,0.234197205382596,0.971491376660671,0.331303645238157,0.647818310454178
BSU_29530,sppA,1863.05546602881,-0.102535677918282,0.216901535689401,-0.472729146856346,0.636406429231466,0.850878199435021
BSU_29540,ppnKB,3438.85036536851,0.259605913371561,0.177582146080392,1.46189197000714,0.143770815797536,0.430805498112645
BSU_29550,ytcJ,1549.00738164652,0.115355841630073,0.195700815330031,0.589449979733281,0.55555945743317,0.804831958620368
BSU_29560,ytcI,1770.43479308144,0.0528484427234923,0.199986718110576,0.264259762962216,0.791579762988063,0.93066475178093
BSU_29570,sspA,764.371108615344,0.932606470573174,0.226782581728644,4.1123373032638,3.91673482507231e-05,0.001300172364979
BSU_29580,trmG,1434.90803350676,0.344061047836674,0.200591057746415,1.71523622090687,0.0863019265667772,0.315930782683244
BSU_29590,iscSB,773.310012387009,0.197378982710564,0.188096236278879,1.04935104824703,0.294016579243079,0.613405927244619
BSU_29600,braB,1512.12692815496,0.321477577425979,0.256551532374991,1.2530721389576,0.210179454407919,0.517112045037203
BSU_29610,ezrA,9433.83364350039,-0.0154431217516749,0.167034030712825,-0.0924549427788494,0.926336588285754,0.97433381789569
BSU_29620,hisK,308.918295633085,-0.0911798794044255,0.352829156573581,-0.258425013085364,0.796078914394525,0.932085783208139
BSU_29630,refZ,79.3509709451928,-0.0064450178665959,0.371400533789077,-0.01735328110825,0.986154779811157,0.993565011146497
BSU_29640,msrC,1134.09642767174,-0.0181033261703067,0.256982243147503,-0.0704458251612184,0.943838818614642,0.98043987522032
BSU_29650,dgcP,1304.57332142871,0.291747617071606,0.175291665344011,1.6643553274427,0.096041441825041,0.337999938005672
BSU_misc_RNA_93,ldsD,515.120481656126,-0.329090240334644,0.328216061637339,-1.00266342449222,0.316023282851909,0.631887378833144
BSU_29660,rpsD,14371.6995858802,-0.263592334317398,0.286023346170081,-0.921576290351681,0.35674963040803,0.66222038005496
BSU_29670,tyrS,3878.57670736515,-0.278978168771167,0.202421294842794,-1.37820563289958,0.168139808612018,0.465121124213843
BSU_misc_RNA_83,tboY,3823.24039293562,0.256287132080155,0.303268074150664,0.845084444836192,0.398063692581552,0.696898487754023
BSU_29680,acsA,13005.6524144963,-0.447554672461598,0.173084977373409,-2.58575111054298,0.0097167065860331,0.0796271193030345
BSU_29690,acuA,2006.28922568742,-0.351483467966043,0.228774498191264,-1.53637521115745,0.124446382843634,0.394411218954033
BSU_29700,acuB,2287.51020792809,-0.151192470925672,0.241900237807438,-0.625019935061111,0.531957974360986,0.790034754652159
BSU_29710,acuC,3244.05532661506,-0.216371596328881,0.212798911233311,-1.01678901961887,0.309253806760912,0.626320030947148
BSU_29720,motS,437.290757461012,0.0173610287777737,0.269359308257288,0.064453049312076,0.9486094905558,0.981925670346367
BSU_29730,motP,539.027801048343,-0.190201888170286,0.259824467983191,-0.732039940836486,0.464144189768453,0.744207042387229
BSU_29740,ccpA,4103.45732862916,-0.204663834094549,0.164559557664081,-1.24370675881576,0.213607507564253,0.520423336949834
BSU_29750,aroX,8997.47786972084,0.255256910658147,0.213077967637161,1.19795074774136,0.230936191677536,0.545137710243249
BSU_29760,brxJ,1492.68208955292,-0.161291702511438,0.222305078001144,-0.725542142184482,0.46811950115805,0.748392431500572
BSU_29770,ytxH,2731.18725459164,-0.241226933156126,0.205437383421169,-1.17421147572536,0.240310330612728,0.55827151163121
BSU_29780,ytxG,1979.24584048516,-0.257864811439362,0.222389503483114,-1.15951880552196,0.246244775639589,0.56290922852685
BSU_29790,murC,5619.69341997355,-0.343538528061447,0.184431075899951,-1.86269329279307,0.0625054300825657,0.263266221576276
BSU_29805,sftA,3719.64451792641,-0.257755021718325,0.183847418361296,-1.402005119331,0.160913717981266,0.456119004471246
BSU_29820,ytpR,4180.92695849398,0.390354135900484,0.190773138674501,2.04616928050081,0.0407397186034897,0.201987239610534
BSU_29830,ytpQ,3695.35435180692,0.307680642330218,0.177836632742482,1.73013083741728,0.083606901773161,0.310801159784918
BSU_29840,ytpP,1059.60351568237,0.298985246600299,0.19033251362596,1.57085744786549,0.116215764504777,0.378681582347236
BSU_29845,BSU_29845,9.60621480486504,0.880639270305159,0.868847261455903,1.01357201590242,0.310787016370596,0.628227417963208
BSU_29850,ytoQ,573.775823445944,0.0210527808897635,0.227651215407387,0.0924782275029328,0.926318089018203,0.97433381789569
BSU_29860,ytoP,1599.62278245157,-0.21405440300251,0.207963118727923,-1.0292902141103,0.303343320409139,0.621265474015073
BSU_29870,ytzB,1087.58845837592,-0.0777430159704391,0.275552975794615,-0.282134554149708,0.777840338621835,0.922938731863775
BSU_29880,maeC,4023.64813798097,0.123826632110159,0.211118365336799,0.586527050418459,0.557521388979799,0.806574185146464
BSU_29890,ytnP,2080.85465789143,0.0753585771618542,0.208666193138503,0.361144160577246,0.717991682393844,0.896411522768506
BSU_29900,trmB,2545.86102925237,0.548003590104832,0.171077636763324,3.20324503232976,0.0013588830748704,0.0194787927899791
BSU_29910,ytzH,1.98288466462129,2.9833999611989,2.25210371157937,1.32471695058248,0.185265048945133,
BSU_29920,ytmP,1543.04380320851,-0.381297422563925,0.199981789492309,-1.90666071911807,0.0565645367606723,0.249318170846573
BSU_29930,amyX,1679.08480224599,0.205429964111985,0.257436793053077,0.797982144182592,0.424880852089839,0.7192327631705
BSU_29940,ytlR,1351.32020553043,-0.0503582223468284,0.210278598108422,-0.239483346378708,0.810730808475419,0.936779950872458
BSU_29950,ytlQ,1646.64538963283,-0.0170965809249453,0.213089911546283,-0.0802317707153954,0.936052922225415,0.977441824562488
BSU_29960,ytlP,469.93152207117,-0.394477368961871,0.212695322725482,-1.85465934984855,0.0636448871008978,0.265857550229066
BSU_29970,ytkP,1207.50801933986,0.153257710914165,0.206650343776672,0.741628144010212,0.458312666774371,0.740445065066274
BSU_29980,ytjP,2115.99716388461,-0.23751584987537,0.233170193577036,-1.01863727190713,0.308375202666735,0.6257336371208
BSU_29990,pbuO,1454.59639687688,0.11123766786976,0.310806641688138,0.357899906081722,0.72041822100881,0.897249648210059
BSU_30000,ythQ,323.193893527694,0.394012321090792,0.313972729448506,1.25492529807565,0.209505879353266,0.516707929337098
BSU_30010,ythP,272.219374267108,0.129661084820989,0.315894450193912,0.410456988849904,0.681470748699465,0.877324694977359
BSU_30020,ytzE,1979.13547714381,0.405182996192562,0.267114375321971,1.5168895185973,0.129294580362351,0.403357321556261
BSU_30035,rsuA,337.719187233862,0.0130396248450447,0.231310784799333,0.0563727491407581,0.955044865459089,0.984233451503636
BSU_30050,murJ,1801.64979842606,-0.0611734949430421,0.185252975479742,-0.330215991320105,0.741236764602436,0.903734580429197
BSU_30060,ytfP,747.680896016196,-0.584587858439968,0.207110022765954,-2.82259569398332,0.0047636603265009,0.0493107420383902
BSU_30070,opuD,935.73318566381,-0.30631154674711,0.194835541517008,-1.57215436342948,0.115914756329189,0.378280952106547
BSU_30080,yteV,20.6068402454435,0.373539864709116,0.588890933401192,0.634310775599317,0.525878025570539,0.78798884791929
BSU_30090,rmgU,38.3005497782929,-0.562018601755648,0.505095970731114,-1.11269666424411,0.265838728675431,0.583746128238711
BSU_30100,rmgT,82.9963135859131,0.49449910843561,0.333202627735957,1.48407925770463,0.137787895291238,0.420589631531946
BSU_30110,rmgS,19.8628784441387,1.62747169796881,0.874909494196639,1.86016006085657,0.0628628837962639,0.263937147480559
BSU_30120,rmgQ,54.1167257599507,0.0762194345715096,0.381326304827873,0.199879823674672,0.841574570399108,0.947998502021689
BSU_30135,rmgP,29.0854874896684,0.659260321195384,0.594675662323803,1.10860484624376,0.267600686569177,0.585798720882243
BSU_30150,rmgR,123.625172435913,0.345359853677308,0.323127294945322,1.06880433525663,0.285157845461211,0.604326431814974
BSU_30160,ytcQ,986.155168206162,0.611847414941972,0.24291480105252,2.5187737111568,0.0117764313748165,0.0877860647571847
BSU_30170,ytcP,223.037888554861,0.537617560804231,0.279273055895512,1.92506061524738,0.0542217754300372,0.243539454336393
BSU_30180,ytbQ,43.1374904545636,-1.15983061668157,0.629938720796597,-1.84118006782451,0.0655951752782041,0.269028860769391
BSU_30190,bioI,72.8079534440851,-1.28071431279461,0.51293981261486,-2.496812065076,0.0125315351563856,0.0919628547141319
BSU_30200,bioB,134.527828566626,-1.35489219120461,0.491848224646437,-2.75469570349383,0.0058746744703766,0.056473963404141
BSU_30210,bioD,55.4546423516376,-1.94850517247919,0.608965293256685,-3.19969823248675,0.0013757154515013,0.0195835204245793
BSU_30220,bioFC,155.119676808209,-1.32619429208918,0.451393092505684,-2.93800307117566,0.0033033375132079,0.0385601128945625
BSU_30230,bioK,153.59843477866,-1.33624660676908,0.384888101572161,-3.47177946346193,0.0005170208818741,0.0098072398530512
BSU_30240,bioW,117.177559661423,-1.91821763951646,0.534978452411065,-3.58559794487301,0.0003363067502365,0.0070392481859849
BSU_30250,ytaP,87.9318073887698,0.911362182625166,0.50449228700054,1.8064937881284,0.0708412435759544,0.283732696001132
BSU_30260,msmR,289.797687136786,-0.898063538025858,0.388577115470583,-2.3111591039999,0.0208240683419482,0.128366848194895
BSU_30270,msmE,215.844830299928,-1.03926636522563,0.37010954163107,-2.8079966829431,0.0049850740282199,0.0504323322521582
BSU_30280,msmF,63.9295697333377,-0.149346640414421,0.459076679791754,-0.325319596896465,0.744939200651524,0.907081653666843
BSU_30290,msmG,72.3340449407894,0.0816710373143241,0.558931002840137,0.146120070096887,0.883826602818331,0.961688479756606
BSU_30300,melA,299.302476169253,-0.459360905971791,0.301871707039328,-1.52170904149008,0.128082001114649,0.402555071829792
BSU_30310,ytwF,807.146773852347,0.310803134958636,0.276753661836208,1.12303169864679,0.261424032054843,0.577934813840285
BSU_30320,leuS,7222.06365778553,-0.57132050737721,0.195786797951853,-2.91807472901061,0.0035219993230305,0.0406656932705342
BSU_misc_RNA_49,tboL,2879.25679986528,-0.0656851137666378,0.303357337765814,-0.216527196112676,0.828576828499451,0.943296847420234
BSU_30330,ytvB,62.0573539609439,0.702022493332845,0.558378316400849,1.257252426738,0.2086622446242,0.516436920414691
BSU_30340,blrA,1079.98628645807,0.324895362320557,0.21964089522598,1.4792116103255,0.139083767472272,0.422119234278345
BSU_30350,yttB,254.31590389045,-0.580037307703932,0.288767091764295,-2.00866831521572,0.044572321076958,0.214969117203172
BSU_30360,yttA,635.838889690517,-0.0227494786286601,0.198258587946716,-0.114746497815137,0.908646057382385,0.971907547785905
BSU_30370,bceB,126.327138895217,-0.0302134674181283,0.30373274139381,-0.0994738574428315,0.920762043672348,0.973756996068242
BSU_30380,bceA,39.6230710723016,0.165669327981198,0.459706551747785,0.360380610960035,0.718562524120963,0.896411522768506
BSU_30390,bceS,371.157437482851,-0.0257646684704437,0.236273959834993,-0.109045738635087,0.913166212426345,0.972685694810615
BSU_30400,bceR,156.806287558976,0.193005490934227,0.355326302510387,0.543178170517184,0.58700713500936,0.824241140062643
BSU_30410,ytrF,681.300835496559,-0.210831199610747,0.19365748519203,-1.08868087077392,0.276294640294528,0.595624518828742
BSU_30420,ytrE,303.998130407834,-0.268482025624035,0.233834038955096,-1.14817340890046,0.250896984276814,0.567348166286762
BSU_30430,ytrD,195.088354968402,-0.442594067774909,0.321317672654822,-1.3774345622451,0.168377933331629,0.465413219167395
BSU_30440,ytrC,223.411988420013,-0.441571622704781,0.333923594407245,-1.32237323178263,0.186043897948216,0.489145123492161
BSU_30450,ytrB,170.049212824999,-0.680671568280586,0.338438499298544,-2.01121199181347,0.0443030696678758,0.214174727787297
BSU_30460,ytrA,96.352540120706,-0.444463768282806,0.313127084480703,-1.41943571895071,0.155772025038353,0.4499609502299
BSU_30466,BSU_30466,21.1184035570836,-0.981428427321267,0.614151046457572,-1.59802451364718,0.110037521631907,0.367859503866227
BSU_30470,ytzC,77.4756218696667,0.528679380526985,0.41605653102342,1.27069121887484,0.203838520737873,0.509776265223793
BSU_30480,ytqA,420.397886218226,-0.0640306823829513,0.219308265994919,-0.29196657085618,0.770312183484358,0.921209250668459
BSU_30490,ytqB,464.095980598792,0.152413223692821,0.278302264992859,0.547653551065176,0.583929811535353,0.822651780243275
BSU_30500,tbcS,1399.64400235351,-0.0415539212200853,0.192232941153038,-0.216164414750352,0.828859590691477,0.943296847420234
BSU_30510,ytpA,1074.923624695,-0.293985484727653,0.235635397896656,-1.24762869820004,0.212167063810628,0.518513240641812
BSU_30520,ytoA,98.5944851906248,0.530402899817989,0.433534078841073,1.22343992249898,0.221163582397206,0.531818936958534
BSU_30530,ytnA,2487.85570369164,-0.112154067883889,0.235503101688016,-0.476231807904026,0.633909241057461,0.850294128103039
BSU_30540,asnB,9323.49380000491,-0.182114143193677,0.190249581616887,-0.95723807456464,0.338447103422758,0.651880090563086
BSU_30550,metK,7557.1643936435,-0.233129283825481,0.176415306932554,-1.32147990941971,0.186341397062454,0.489145123492161
BSU_misc_RNA_50,mswG,193.370502518389,-0.35290585194115,0.279162162887711,-1.26416075979144,0.206172331962977,0.513497208974613
BSU_30560,pckA,63107.3223639162,-0.146231021139182,0.212770190682721,-0.687272125244455,0.49191126103912,0.765896280012907
BSU_30570,ytmB,681.426506809484,0.362921321469687,0.393021068696608,0.923414418146228,0.355791280828756,0.661139125695444
BSU_30580,ytmA,167.932395632517,0.323045293183181,0.28365453550653,1.13886877432194,0.254757891282464,0.571523907106224
BSU_30595,ytlA,3.45670122428673,-0.0184350711197623,1.60189608211448,-0.011508281545597,0.990817922513733,0.995268404908002
BSU_30610,ytlC,3.61422877693547,-0.308480047393545,1.81797979663278,-0.169682879845478,0.86525953871773,0.953085293195527
BSU_30620,ytlD,4.50591979727055,-0.343568396851729,1.33780151329109,-0.256815673654401,0.797321069959684,0.932512311108918
BSU_30630,rppG,248.363151630905,-0.218735198634869,0.36802972574006,-0.594341117949158,0.55228398252144,0.802180239421629
BSU_30640,ytkC,1.39310788829601,-2.10382618479915,2.88103890782463,-0.730231785167968,0.465248516787584,
BSU_30650,dps,5201.80756263533,0.685019881686858,0.236298409780886,2.89896103118959,0.0037440142422649,0.0424221773743563
BSU_30659,ytzI,115.466206249891,0.884464005078216,0.376655372160787,2.34820493865319,0.0188641387526381,0.120826948209341
BSU_30660,ytkA,1118.95086250036,0.0961812090434116,0.273334711991266,0.351880697269379,0.724927735918574,0.898695372192604
BSU_30670,luxS,1930.60809440357,-0.0927125324559417,0.2609863393055,-0.355239024014266,0.722410531807202,0.89765565294482
BSU_30680,ytjA,43.7384488558389,-0.266619282879772,0.522280056362423,-0.51049102800655,0.609707498633314,0.837235881426309
BSU_30690,ytiB,805.148557364491,0.0758108604581412,0.202457025917519,0.37445408532785,0.708066510498524,0.891429512032068
BSU_30700,rpmEB,81.3660737809233,-0.107277918978357,0.424422593606847,-0.252762036221218,0.800452105948174,0.934630667264026
BSU_30710,ythA,2.37248698177302,-0.713557086049073,2.01646672694411,-0.353865043501335,0.723440025393178,
BSU_30720,ythB,23.1170945479588,1.32397881529861,0.629832284970387,2.10211328776336,0.0355433531668401,0.185871612474992
BSU_30739,ytzL,8.11489252592807,2.54570247012727,1.22914029155739,2.07112441729635,0.0383471705611797,0.195134284687967
BSU_30740,mntD,53.9819238553318,0.335209848460266,0.454114723453194,0.738161154325172,0.460416525330164,0.741123684424234
BSU_30750,mntC,87.9279272924781,0.145867199596307,0.433339953601078,0.33661147185747,0.736409807115837,0.902678712164002
BSU_30760,mntB,52.0021146809157,0.586452351818592,0.411966272335792,1.42354457439802,0.154578350070694,0.448329972321078
BSU_30770,mntA,90.3537375749144,0.819582489058532,0.350230081646214,2.34012591153274,0.0192772396391995,0.122269466069474
BSU_30780,menC,359.202845979413,-0.334192345642152,0.265038062775043,-1.26092208093826,0.207336921822566,0.514899443658123
BSU_30790,menE,427.650102540692,-0.573349644455317,0.227353758858339,-2.52183930159942,0.011674302676091,0.0877860647571847
BSU_30800,menB,2769.3005447684,0.0094630337165297,0.183626975346693,0.0515340063662395,0.958900004680263,0.984360123180105
BSU_30810,menH,484.323059753617,0.101229564416239,0.233271881372954,0.433955279223702,0.664320916311678,0.864797663421667
BSU_30820,menD,1139.59092448205,-0.334744580545283,0.197278123025368,-1.69681551817196,0.0897315439518679,0.323933160791407
BSU_30830,menF,2737.33630972983,-0.482135422864577,0.198304668246736,-2.43128629863968,0.0150453207795871,0.103778519468288
BSU_30840,yteA,0.869476762960482,2.46415667496205,3.47388828696324,0.70933676370927,0.478115519468382,
BSU_30850,ytdA,19.3068699868086,0.0026064532936057,0.768215901371319,0.0033928655849911,0.99729289012669,0.998109188608685
BSU_30860,ytcA,1.20321359534183,-0.96858090170884,2.57777151880133,-0.37574350350462,0.707107592652524,
BSU_30870,ytcB,0.103179787364619,0.695933394970416,3.52751984253798,0.197286883146121,0.84360304336219,
BSU_30880,ytcC,1.40758786020687,-0.766050569792078,2.42810063851503,-0.315493747516404,0.752386797611541,
BSU_30890,cotOO,15.772940063726,-0.523991875021355,0.842695401189619,-0.621804597819858,0.534070362665836,0.790240783978417
BSU_30900,cotS,13.8755130498337,0.934477947527656,1.09161525945443,0.856050645531183,0.391969766409519,0.691644326193541
BSU_30910,cotSA,8.44643391671936,2.37878864663107,1.3174486510422,1.80560255213686,0.0709804437474114,0.283988611565679
BSU_30920,cotI,4.8608159681265,1.83080456202416,1.33599711909059,1.37036565114031,0.170572788793504,0.467751918311298
BSU_30930,ytaB,8.36288310020955,2.23132736241962,1.21303815194534,1.83945357270195,0.065848500629507,0.26931157674301
BSU_30940,glgP,126.299498176635,-0.225181134509149,0.289692186015585,-0.777311730793578,0.436974875687694,0.726695204225837
BSU_30950,glgA,57.3131195340461,0.219672732466016,0.405792720428456,0.541342220811834,0.588271724285453,0.824241140062643
BSU_30960,glgD,23.10672095052,-0.269954457373006,0.584368907624424,-0.461958967787018,0.644110745710883,0.856328710427265
BSU_30970,glgC,33.0859910769061,-0.118265202257662,0.494858946469514,-0.238987701649944,0.811115119128204,0.936779950872458
BSU_30980,glgB,51.4703474590252,-0.0241951958523449,0.548529059187448,-0.0441092325868495,0.964817333408945,0.986037678995262
BSU_tRNA_72,trnB-Glu,516.071200954082,0.0278567578390684,0.298235981101492,0.0934050872607103,0.925581749139359,0.97433381789569
BSU_tRNA_71,trnB-Ser2,264.452727634343,-0.266269810440433,0.434196855641227,-0.613246749673491,0.539713197415341,0.793330188743733
BSU_tRNA_70,trnB-Asn,492.922744979322,0.319370068461274,0.241339248398157,1.32332420267748,0.185727586359323,0.488944556654747
BSU_tRNA_69,trnB-Ile2,83.3955425585481,-0.205210341916265,0.532061528922386,-0.385689118196328,0.699726922890767,0.887769392464279
BSU_tRNA_68,trnB-Gly2,106.411001572938,-0.58367909067891,0.40338971868567,-1.44693596202863,0.147914859870859,0.43726692333762
BSU_tRNA_67,trnB-His,68.5308891092323,-0.266782948788029,0.458246355539897,-0.5821823688564,0.560443847975601,0.808208222921033
BSU_tRNA_66,trnB-Phe,56.3371718642047,-0.492070023058717,0.508775565337891,-0.967165203250123,0.333461454218175,0.648069537768091
BSU_tRNA_65,trnB-Asp,113.501936207667,-0.576525008627779,0.355271243068185,-1.62277420386972,0.10463768209149,0.357112860407021
BSU_tRNA_64,trnB-Met2,28.8089247668182,-0.342009037968928,0.671473450493665,-0.509341117980888,0.610513141366834,0.837235881426309
BSU_tRNA_63,trnB-Ser1,283.312951929164,-0.273319484027193,0.358343979538897,-0.762729387497705,0.445624800627548,0.731501540498905
BSU_tRNA_62,trnB-Met3,115.849382091648,0.30914099894208,0.321956181116685,0.960195880911011,0.336956639557363,0.64990215274533
BSU_tRNA_61,trnB-Met1,70.1767939151885,-0.261405783915236,0.523134203155453,-0.499691632354533,0.617292225300175,0.840395599263199
BSU_tRNA_60,trnB-Ala,53.5901829099093,-0.556608020450916,0.419758677960878,-1.32601909067093,0.184833373976534,0.488779847062472
BSU_tRNA_59,trnB-Pro,102.095206790107,-0.244270639763184,0.319803801994211,-0.763814057994237,0.444978058081639,0.731501540498905
BSU_tRNA_58,trnB-Arg,116.363643936208,-0.75780170239819,0.32276343409482,-2.34785487557914,0.0188818765853147,0.120826948209341
BSU_tRNA_57,trnB-Leu2,325.523090458244,-0.296502715661908,0.225210408744517,-1.31655866758035,0.187986601010679,0.49038502233593
BSU_tRNA_56,trnB-Gly1,260.176016959153,-0.260753668818158,0.244727504557408,-1.06548575032355,0.286656170595251,0.605296831524631
BSU_tRNA_55,trnB-Leu1,273.937730184327,-0.214627137673655,0.333995238567089,-0.642605381425349,0.520480190322241,0.78549540842811
BSU_tRNA_54,trnB-Lys,31.2543807877988,-0.268480720836657,0.608194921849093,-0.441438609879208,0.658895495740415,0.861694971191451
BSU_tRNA_53,trnB-Thr,96.2994762993552,-0.0816690353714797,0.385310764348791,-0.211956277706146,0.832141144623089,0.943296847420234
BSU_tRNA_52,trnB-Val,2.60057213673462,-0.305812226091012,1.677878947975,-0.182261197364739,0.855377748614445,
BSU_rRNA_21,rrnB-5S,1.37282699069888,-1.45956360919445,2.91123472483004,-0.501355523395545,0.616120935546786,
BSU_rRNA_20,rrnB-23S,2072.56815185421,0.17674011849331,0.736512670463516,0.239968877089487,0.810354384208966,0.936779950872458
BSU_rRNA_19,rrnB-16S,1241.24030103815,0.20843139316665,0.76883787567297,0.271099278224565,0.786314676691483,0.927566599619965
BSU_misc_RNA_51,tswC,11.3305597631626,-0.981844954302966,0.792410961997694,-1.23906028738889,0.215323172472265,0.522804662762659
BSU_30990,thiT,496.478167406281,-0.0627221001385856,0.257682030378398,-0.243408902229155,0.807688648180454,0.936779950872458
BSU_31000,yuaI,172.246891145174,-0.0496518454995441,0.336192569002036,-0.147688706050024,0.882588445154908,0.961322302861626
BSU_31010,floT,385.254292534499,-0.0191226549985262,0.283311621011207,-0.0674968959277875,0.946186133082836,0.981529511589104
BSU_31020,nfeDB,108.745184040818,-0.158114682078074,0.427616157896037,-0.369758436762614,0.711562486397122,0.893448287441303
BSU_31030,yuaE,1670.96944402702,0.613637044214539,0.333882215322527,1.83788478707011,0.0660793842626803,0.269972407434739
BSU_31040,yuaD,314.930470649141,-0.26952926869516,0.270735494771129,-0.995544632679257,0.319471447955187,0.635351730894103
BSU_31050,gbsB,138.799804880928,0.0665322730916061,0.379522295046868,0.17530530869969,0.860839740627422,0.952707569553608
BSU_31060,gbsA,88.0049003870502,-0.492821627559963,0.35621546124195,-1.38349308545377,0.166513726029874,0.46394545698422
BSU_31070,gbsR,460.772388301103,0.364904248134141,0.210745359172242,1.73149363557707,0.0833637590428939,0.310696337284
BSU_31080,bslA,157.190696890803,0.0841876505965372,0.305965324093318,0.275154221629574,0.783197755761174,0.925339847231411
BSU_misc_RNA_52,swdA,270.191982961519,0.666995956448222,0.374449367083481,1.78127142167,0.0748681208109622,0.290781211449523
BSU_31090,ktrA,151.569255306074,0.568914317318765,0.342500130814354,1.66106306577481,0.0967007813094316,0.339011237445359
BSU_31100,ktrB,286.801282636109,1.01311334316832,0.381838485423719,2.65325099968404,0.007972056500913,0.06912911851506
BSU_31110,yubF,1399.51821394977,0.362648132367051,0.255168910487982,1.42120813885017,0.155256259305478,0.449480082426639
BSU_31120,lytG,960.784580602998,-0.0402614612112019,0.215028512409342,-0.187237779585981,0.851474204770905,0.950082430691064
BSU_31130,yubD,187.421443112301,-0.426630381171471,0.339693872476238,-1.25592604323858,0.209142785253551,0.516707929337098
BSU_31140,cdoA,7.83854936048519,2.02317751578454,1.0740914828143,1.88361750200595,0.0596167327113127,0.256908212262036
BSU_tRNA_86,trnSL-Ala1,4.13956676750339,-0.268387731183306,1.54873054607857,-0.173295304249582,0.862419314518959,0.952905437791136
BSU_31150,uppP,1284.47265457049,-0.0018019008901843,0.239796190021449,-0.0075143015826198,0.994004511204339,0.996349414509845
BSU_31160,yubA,1234.7917774779,-0.496977638427474,0.201078339497942,-2.4715622760181,0.013452411847062,0.0960988915884894
BSU_31170,iolU,823.438747786157,-0.382576314712718,0.248518077720841,-1.53943052441627,0.123699226865785,0.393706378241739
BSU_31180,rhaA,174.75067658502,-0.367179885651975,0.314668831220322,-1.1668772030201,0.243259963461212,0.560227332352194
BSU_31190,rhaM,22.8718794061122,0.50340902820376,0.88388548226132,0.569541007638055,0.568989049747751,0.8126502428162
BSU_31200,rhaB,366.985168230442,-0.530437809290053,0.290963114969552,-1.8230414165918,0.0682971183107307,0.276639137943084
BSU_31210,rhaR,335.923682357923,-0.670746506693119,0.286158952482041,-2.34396478207409,0.0190799729292637,0.121545434747289
BSU_31220,rhaE,698.76872355907,-0.642496253089616,0.347552980133678,-1.84862823746324,0.0645115124037214,0.266617320494059
BSU_31230,tlpB,2043.27401451314,1.2884893147042,0.243648917891872,5.28830304625448,1.2345632231554e-07,8.74276522531217e-06
BSU_31240,mcpA,5462.01686119575,0.333036193572643,0.235281629204778,1.41547895047421,0.156928115832308,0.450732011036801
BSU_31250,tlpA,46.1966117902846,0.286146038065193,0.49921187470293,0.573195575997611,0.566512279479027,0.811702833493265
BSU_31260,mcpB,5492.42992860416,0.670250717985382,0.24493382040754,2.73645639001656,0.00621048260958,0.0586235216039597
BSU_31270,tgl,32.5553929680299,0.752275572886244,0.642426495731509,1.17099088827221,0.241602439687747,0.559215006588117
BSU_31279,yuzH,103.011664702295,0.902897620185957,0.380184203942897,2.37489514509543,0.0175539360130384,0.115428320865309
BSU_31280,yugU,213.024649661463,0.441683358918604,0.272637774471618,1.62003728124103,0.105224268686791,0.357964705884849
BSU_31289,BSU_31289,1.55823113232131,0.190598294825325,2.31890134423071,0.0821933607911015,0.934492952904279,
BSU_31290,yugT,215.894718150789,0.885243936620597,0.270545558273082,3.27206974777629,0.001067632342278,0.0164381328443133
BSU_31300,yugS,24.2495759955551,0.978038920104221,0.782495321992429,1.24989746598598,0.211337005221799,0.517658112599488
BSU_31310,yugP,573.615229568261,-0.0026484004602193,0.208695015711404,-0.0126902909070034,0.989874884577911,0.995262277466053
BSU_31319,yuzI,0.765699847249875,0.159109568305447,3.46472690451932,0.0459226867485307,0.963371871839827,
BSU_31321,mstX,3.59644162076994,-0.58988727589382,1.48553612796236,-0.397087128875782,0.691303211025599,0.882881678283069
BSU_31322,kbfO,23.9947315619282,0.978415414339944,0.731064453628291,1.3383435748846,0.180784463329595,0.483115210495251
BSU_31330,yugN,616.649723759589,-0.0660960595898117,0.230757124642066,-0.286431284374578,0.774547816505483,0.92157084692455
BSU_31340,yugM,458.129648933138,0.355518986524224,0.260838707257207,1.36298400748342,0.17288755086318,0.470896925395932
BSU_31350,pgi,10526.1451214559,0.141186236240813,0.222582860326073,0.634308661655177,0.525879404889265,0.78798884791929
BSU_31360,bdhK,534.580722415095,0.904087470146453,0.291612603945639,3.10030313475404,0.0019332267839831,0.02527470955429
BSU_31370,bdhJ,3158.36289870608,0.291731532303243,0.247491365928777,1.17875438283854,0.238495993676384,0.555939792517741
BSU_31380,yuzA,42.3366738244975,-0.10664763676643,0.939651123039279,-0.113497056675121,0.909636496438134,0.971907547785905
BSU_31390,yugI,6990.909245881,0.2241355828806,0.254233002351911,0.881614821077989,0.377985137496575,0.677661961697447
BSU_31400,yugH,7279.93609490079,0.0930270150654535,0.178682614122098,0.52062712157259,0.602626552038491,0.832375280765305
BSU_31410,yugG,2091.8878744729,-0.0147774753977767,0.178769620432977,-0.0826621176572724,0.934120207472851,0.976368326528551
BSU_31420,yugF,18.5043408527571,0.429524368869436,0.738794662480669,0.581385316763404,0.560980791246407,0.808208222921033
BSU_31430,yugE,148.498760629718,0.489139243138233,0.329579110207619,1.48413302903239,0.137773632366298,0.420589631531946
BSU_31440,patB,1296.84703108065,0.14720551680926,0.210339395305221,0.699847580124738,0.484022496935064,0.76230966328013
BSU_31450,kinB,288.33035654744,-0.567582770900749,0.275381933107607,-2.06107482976729,0.0392959016977347,0.197595605104941
BSU_31460,kapB,510.001627582707,-0.235166868190512,0.243210198891916,-0.966928481050341,0.333579787628395,0.648069537768091
BSU_31470,kapD,58.3353598211664,0.527033419950574,0.383916673268628,1.37278075334281,0.169820515844625,0.467423749163994
BSU_31480,yuxJ,85.6689374462555,-0.802277843038399,0.543770845285628,-1.47539694338887,0.140105856662609,0.42335216485448
BSU_31490,pbpD,3283.69663039267,-0.279503242172019,0.185797846802666,-1.50434058834318,0.132493693292795,0.409132051454278
BSU_31500,yuxK,1198.15491294835,0.0541282513511239,0.206187227037051,0.262519905471145,0.792920641004828,0.931262982925228
BSU_31510,yufK,669.639831001195,-0.338475374462133,0.222851984313894,-1.51883491414364,0.128804055188693,0.403010626286272
BSU_31520,maeL,915.442551428349,0.174167449914312,0.199919400104863,0.871188338015002,0.383651326454665,0.682921862633377
BSU_31530,maeM,841.753787925453,0.254190309893218,0.192307874897329,1.32178835645149,0.186238636628808,0.489145123492161
BSU_31540,nupN,434.073697464025,-0.21430551721085,0.284212430790755,-0.754032878205203,0.450829479746756,0.735345281936264
BSU_31550,nupO,201.829379642435,0.108197617334609,0.359560676904311,0.300916157645913,0.763478429019419,0.917685953296608
BSU_31560,nupP,136.93593766881,-0.0676891941786401,0.304533268807662,-0.222271919398702,0.824102210433981,0.942499698724676
BSU_31570,nupQ,92.9906653068679,0.13286166953462,0.341355266772627,0.389218162036203,0.69711476929892,0.886042672674578
BSU_31580,maeN,220.433410590218,-0.050577182342001,0.245570051382528,-0.205958267538154,0.836823510064633,0.944977178059926
BSU_31590,yufS,1.92972792901345,0.671873517192231,2.21923312224583,0.302750310662408,0.762080153545628,
BSU_31600,mrpA,943.498839720033,-0.172706357575392,0.203291020766042,-0.849552316302999,0.395574032202978,0.695429909541
BSU_31610,mrpB,169.967276540645,-0.454103737042635,0.294679830393419,-1.54100718884076,0.123315036375879,0.392777803269197
BSU_31620,mrpC,169.461960041916,-0.351481215548585,0.269478042028208,-1.30430373066089,0.192130043830685,0.495966316061105
BSU_31630,mrpD,604.258927312019,-0.139640153234687,0.209464849606178,-0.666651963311404,0.504994469054913,0.776310238427758
BSU_31640,mrpE,250.020983819348,-0.346493646285318,0.27162844699608,-1.27561619601027,0.202091226003888,0.506599185422136
BSU_31650,mrpF,111.461637345956,-0.732335357092661,0.442965580662677,-1.65325566830065,0.0982788412025577,0.342879315632974
BSU_31660,mrpG,181.331712170633,-0.206493962168656,0.259203866857188,-0.796646919941311,0.425656119423476,0.719702686601811
BSU_31670,yuxO,737.180532144323,-0.285217741288766,0.19649260718379,-1.45154438824249,0.146628331388598,0.435376505988925
BSU_31680,comA,1508.2158479249,-0.241256088852057,0.188695036581296,-1.27855026408242,0.201055473762466,0.505194978129341
BSU_31690,comP,5784.80119730017,-0.179260212676207,0.191743753069794,-0.934894669611251,0.349842584394513,0.655704076353016
BSU_31700,comX,197.026509624216,-0.382961515310692,0.298790714547199,-1.28170487456764,0.199946194330449,0.503751853933211
BSU_31710,comQ,2179.9934057766,-0.133397821194442,0.185622914502097,-0.718649535011664,0.472356884375141,0.750858362031416
BSU_31720,degQ,33.7973262711423,-0.0075689743832723,0.509216516057705,-0.0148639608979505,0.988140711782009,0.993989082472006
BSU_31725,BSU_31725,0.42039479312277,0.988386266802298,3.4743126218179,0.284483975505098,0.776039512651352,
BSU_31730,cotIC,1.65164812186424,1.04031524777725,2.08566119051309,0.498793980781378,0.617924528434475,
BSU_31740,pdeH,1333.33380956454,0.0437923457042723,0.258753492000616,0.169243496447839,0.865605118014013,0.953085293195527
BSU_31750,pncB,5018.03294851406,0.0504547775343345,0.179720904311469,0.280739615280885,0.77891012154148,0.92369218711408
BSU_31760,pncA,1925.94069740911,0.0890215500875412,0.222123148223347,0.400775654404236,0.688585304741292,0.880734184179937
BSU_31770,yueI,508.276590395163,-0.465472515175877,0.217866012097275,-2.1365081716741,0.0326380156249458,0.17643629566208
BSU_31780,yueH,427.264877686385,-0.198961578430328,0.267944579574248,-0.742547502720409,0.457755682038376,0.740445065066274
BSU_31790,yueG,324.060272576001,-0.561922553894753,0.232009237142585,-2.42198354175621,0.0154360496256674,0.105446583375339
BSU_31800,yueF,1006.2058481094,-0.40798186790283,0.202857298576973,-2.01117667821069,0.0443067982407706,0.214174727787297
BSU_31810,yuzE,28.5704800116991,0.490900881538984,0.611360209373844,0.802965050737871,0.421994935229534,0.716910029173053
BSU_31820,yuzF,76.6224817750297,0.402975063099114,0.440458140023284,0.914899797465003,0.360244236405488,0.664933866414822
BSU_31830,yueE,327.851250851647,0.125910151784847,0.319098533534801,0.394580791049344,0.693152292136941,0.88391479270404
BSU_31840,bznD,1358.50393326325,0.259601683571796,0.242708333565268,1.0696035021063,0.284797818151677,0.604146744546417
BSU_31850,yueC,300.467659474592,-0.328728259852337,0.297635953195517,-1.10446421651351,0.26939181773796,0.58850685530519
BSU_31860,yueB,2875.71468977728,-0.208703991876511,0.220262886948046,-0.947522275623939,0.343372710837743,0.653760943255378
BSU_31875,yukAB,1633.68187500007,-0.297818043714178,0.264416410230358,-1.12632208967182,0.260029211016617,0.577059228688295
BSU_31890,yukC,739.305328284463,-0.385666265123013,0.224470740801762,-1.71811374500522,0.0857758702170116,0.315755438106517
BSU_31900,yukD,94.132253656902,-0.847412595693556,0.452299904398284,-1.87356350831183,0.0609906116679726,0.260172289181612
BSU_31910,yukE,7074.78031378104,-0.469650679759235,0.20784463139704,-2.25962381901544,0.0238446080095357,0.140521136522215
BSU_31920,adeR,870.683723097339,0.0260264450619305,0.237093502976627,0.109772915475024,0.912589471526124,0.972315111463014
BSU_31930,ald,46249.4191501084,-0.370809891804747,0.199276253482872,-1.86078313559131,0.0627748079903654,0.263828050594523
BSU_31945,yukJ,2952.5140555835,-0.286463458271166,0.329214534491415,-0.870142196831337,0.384222700029693,0.683080440345675
BSU_31959,mbtH,416.964890673768,-1.1077402571144,0.362829425859964,-3.05306068957576,0.0022652012139593,0.0284823627110874
BSU_31960,dhbF,10692.5995936578,-1.59077253180738,0.278914861787131,-5.70343409316589,1.17417450324133e-08,1.06150371580264e-06
BSU_31970,dhbB,1749.19791775439,-1.91317733221568,0.26818997340834,-7.1336646478678,9.77312765486162e-13,2.44270702385335e-10
BSU_31980,dhbE,2030.61890755939,-2.15767228323743,0.334281097227961,-6.45466435622597,1.08459012450359e-10,1.8433693756063e-08
BSU_31990,dhbC,904.734014944236,-1.90756126174304,0.303547495646471,-6.28422665020006,3.29489716542451e-10,4.82759243306509e-08
BSU_32000,dhbA,774.348506832952,-2.62843541301859,0.435579232624836,-6.03434511140356,1.5960863539157302e-09,1.78467655731261e-07
BSU_32010,besA,1317.75302572964,-0.831181357255128,0.304759792782696,-2.72733272872314,0.0063848620439855,0.0594940325107342
BSU_32020,yuiH,210.424672342972,0.078322883937901,0.241833175299551,0.32387154426139,0.746035288205626,0.907500331736092
BSU_32030,bioYB,577.223450645186,-1.10358114933227,0.330091597938621,-3.34325731470897,0.000828010830053,0.0137542919790763
BSU_32040,hisP,112.988315752299,-0.09665798292365,0.319130288737659,-0.302879376652047,0.761981788643661,0.916664954684857
BSU_32050,pepA,1837.79733773748,-0.340150197205828,0.204405931644148,-1.6640916164703,0.0960941221724762,0.337999938005672
BSU_32060,yuiD,308.940039817439,-0.442224981607854,0.339653707128093,-1.30198779617935,0.192920557471022,0.497224281367722
BSU_32070,spsC,259.144530728384,-0.0526208395600619,0.246152906708985,-0.213772976576194,0.830724099381668,0.943296847420234
BSU_32080,yuiB,712.113781959566,-0.124081914432195,0.213231472307733,-0.581911821408434,0.560626077447253,0.808208222921033
BSU_32090,yuiA,7.20564533968763,0.97373485783252,1.07739601026241,0.90378546844197,0.366109168612662,0.669362245023753
BSU_32100,yumB,236.548290136327,-0.428484159812688,0.480482218735153,-0.891779431381775,0.372511168539992,0.672959164594569
BSU_32110,trxBB,4221.71636881063,-0.479389787719208,0.201378910531783,-2.38053620636481,0.0172874620883461,0.114237055075245
BSU_32120,yuzG,79.5576997651992,-0.199806461562491,0.341534085175315,-0.585026415328144,0.558529955269641,0.807483422912796
BSU_32130,guaC,449.975807409162,-0.082173823338593,0.417161931077137,-0.196983035164343,0.843840813658006,0.948509467638127
BSU_32140,paiB,200.000603112915,0.334379524959321,0.339699713310399,0.984338555074915,0.324949078566898,0.640700062566472
BSU_32150,paiA,65.0582658616824,-1.10654162505126,0.567271937129167,-1.95063699193585,0.0511002434876096,0.234954485589358
BSU_32160,sufA,1636.19648546902,-0.109310183692304,0.270967689582843,-0.403406708233693,0.686649052620515,0.879224716740636
BSU_32170,dapF,1566.69506419056,-0.356868961433366,0.251418542208032,-1.41942180675791,0.15577607855688,0.4499609502299
BSU_32180,yutK,139.127245312289,0.874882989383182,0.332854375383519,2.6284256842805,0.0085781096362554,0.0726063502877477
BSU_32190,yuzB,102.23929363989,-0.583520929345634,0.435385727360037,-1.34023899424498,0.180167657924647,0.48237705010827
BSU_32200,yutJ,5891.71579496961,-0.206978901855434,0.20212607135077,-1.02400892904232,0.305831057481311,0.623249958387573
BSU_32210,yuzD,377.753609817263,-0.540310150983751,0.222517977958672,-2.42816403393753,0.0151754778989087,0.104168991264076
BSU_32220,yutI,4156.66776180312,-0.166984792873766,0.206623818062613,-0.808158490339992,0.418999350092323,0.714704230647242
BSU_32230,yuxL,1001.14300249343,-0.0130614262000019,0.324937089589518,-0.0401967846037581,0.967936241074549,0.986521610731621
BSU_32240,thrB,1322.24923069928,-0.0126258345321546,0.285012107304435,-0.0442992918847071,0.964665836116232,0.986037678995262
BSU_32250,thrC,1661.747108465,0.131185365823092,0.244817590820101,0.535849427255782,0.592062618738283,0.826165539250892
BSU_32260,hom,1739.25033094857,0.129378094954936,0.234865018643336,0.5508614935603,0.581728625770032,0.820639087283156
BSU_32270,cotNH,93.995613155082,-0.228213695721786,0.344614452404608,-0.662229033429634,0.507824449919037,0.778688591737997
BSU_32280,yutG,3.87790204203242,-0.351558110725601,1.84623278405657,-0.190419168027746,0.848980678547077,0.949779828294263
BSU_32290,nucF,2049.78727541913,-0.0650533472066528,0.210721459769597,-0.308717238755759,0.757536629330484,0.915033723717064
BSU_32300,yutE,889.289600272564,-0.312029213395266,0.191934768042981,-1.62570448583548,0.10401253533023,0.355836765393033
BSU_32310,yutD,680.48551816991,-0.148770687600192,0.193547441916218,-0.768652306262936,0.442099745172093,0.729055114494999
BSU_32320,yutC,7.62411181822548,1.83422510425329,1.04258675810157,1.75930213001478,0.0785262050180129,0.298288944003599
BSU_32330,lipA,6641.59379077563,0.153320954188627,0.229910340049626,0.666872808571953,0.50485338090322,0.776310238427758
BSU_32340,lytH,59.1685927170359,0.670492003793339,0.375666604598042,1.78480598378117,0.0742927924316024,0.289605573432916
BSU_32350,fisB,179.280267999681,0.0630762420515467,0.319205695093109,0.197603748996859,0.84335510136973,0.948509467638127
BSU_32360,yunC,357.75216483033,0.126783347579268,0.253033510784361,0.501053584508476,0.616333411809713,0.840116012720319
BSU_32370,yunD,1150.51031984503,0.112373865883561,0.210023327073165,0.535054212546655,0.592612370291864,0.82631241431659
BSU_32380,yunE,407.094151263052,-0.130804962191457,0.21535721512359,-0.607386021946793,0.543594762657458,0.796402998084814
BSU_32390,yunF,646.013450152462,0.0430765860497398,0.238280657689173,0.180780876079045,0.856539574451119,0.950918454494557
BSU_32400,yunG,109.659435250486,0.339859305632504,0.34164322452658,0.994778415709698,0.319844046218519,0.635351730894103
BSU_32410,pucH,138.83099288701,0.669483974157025,0.352945670573628,1.89684710700358,0.0578481200193448,0.25261732986865
BSU_32420,pucR,60.6829878394772,0.326122721053833,0.395448613859155,0.824690515086713,0.409547317955937,0.70837744809593
BSU_32430,pucJ,26.0790041528875,1.8982682730601,0.676508410507027,2.80597882240281,0.0050163989117689,0.0505087179528582
BSU_32440,pucK,26.4461195214966,2.43736692750245,0.742737456163271,3.28159958445217,0.0010322006869465,0.016052194602028
BSU_32450,pucL,78.5146171749697,1.87783676085514,0.521420765157743,3.60138469032211,0.0003165268081504,0.0067925374132883
BSU_32460,pucM,45.5984932804991,0.953622759224069,0.498851383010516,1.91163699591059,0.0559227706301649,0.247660759921628
BSU_32469,yuzJ,1.71581837753685,0.527885828444082,2.10933539299028,0.250261684414127,0.802384985216739,
BSU_ncRNA_2,auzJ,0.114189403375502,0.708855282401159,3.52929955165502,0.200848715737022,0.840816869356885,
BSU_32470,pucE,13.2157286566462,3.35445154393183,1.16177346016375,2.88735425532877,0.0038849654486217,0.0433380130029962
BSU_32480,pucD,31.0383993565197,1.34825314720867,0.862616736479392,1.56298051056986,0.118057179004303,0.381430678737161
BSU_32490,pucC,4.10804289078614,1.2179878917501,1.49651148901223,0.813884758448488,0.41571097295837,0.711953214066954
BSU_32500,pucB,4.32914576545448,-2.46164963361361,1.9597309991652,-1.25611608667833,0.209073884517095,0.516707929337098
BSU_32510,pucA,4.53361592528552,2.42134210648664,1.76206316052631,1.37415171074992,0.169394588583336,0.467287998048285
BSU_32520,pucG,385.904164037217,0.636974547254867,0.208290164887796,3.05811149363677,0.0022273668777117,0.028420666256448
BSU_32530,pucF,160.289266948679,0.685830347200652,0.339757358555106,2.01858864843222,0.043529991847212,0.211865905336545
BSU_32539,BSU_32539,0.205266450099953,-1.26054883372206,3.51150876780728,-0.358976416427743,0.719612731985697,
BSU_32540,bsnA,120.650649788444,1.0367228305059,0.477954430005832,2.16908300335924,0.0300763828388077,0.166833617078451
BSU_32550,frlP,138.059163438638,-0.331689729837864,0.278981376626978,-1.18893143996978,0.234466647005299,0.551342580120445
BSU_32560,frlR,134.675732865588,-0.0744186786343278,0.297390379973263,-0.250239024682031,0.80240250771132,0.935109230736533
BSU_32570,frlD,34.5625446251367,-0.553226264291313,0.6517868587327,-0.848784011029276,0.396001488691259,0.695868620946716
BSU_32580,frlM,3.21447349477868,1.48819560991217,1.66462894023071,0.894010415141474,0.371316318641714,0.671943372192777
BSU_32590,frlN,8.26066388551591,-0.190885390981542,1.10634931779831,-0.1725362757591,0.863015945024093,0.952905437791136
BSU_32600,frlO,28.9188367477231,0.977388983556458,0.858918534462579,1.1379297853527,0.255149802735771,0.571531627849293
BSU_32610,frlB,123.217319450408,0.630295519570058,0.45389167820555,1.38864744571197,0.164939982358394,0.462288908338268
BSU_32620,yurQ,713.756052347857,0.57351749216699,0.242775792777788,2.36233392796262,0.0181602760139199,0.117986258078204
BSU_32630,dadA,547.265911906934,-0.12522620420865,0.229868116232712,-0.544774135103952,0.585908869796973,0.824241140062643
BSU_32640,sspG,0.0,,,,,
BSU_32650,yurS,0.314021057528465,-0.245838466579123,3.48057358610379,-0.0706315957693393,0.943690963415006,
BSU_32660,glxB,490.262344894642,0.35702809826174,0.303324652479522,1.17704939358941,0.239175792121071,0.555939792517741
BSU_32669,yuzN,191.392410882493,0.019962152947813,0.34806988396365,0.05735099147474,0.954265601839695,0.984233451503636
BSU_32670,sufB,16998.5701542816,-0.061702444980245,0.179691492950457,-0.343379889426691,0.731312686751856,0.901987694051853
BSU_32680,sufU,3703.73151609919,-0.364879723411125,0.191857949047875,-1.90182228686326,0.0571943916075526,0.250793570630022
BSU_32690,sufS,7951.9514758268,-0.148242238357876,0.201266178930581,-0.736548182837048,0.461397156137864,0.741678085053961
BSU_32700,sufD,12023.9880632568,-0.129050893847047,0.185463696984844,-0.695828326217358,0.48653634755173,0.762838723522989
BSU_32710,sufC,6977.32393571422,-0.178290111099875,0.190154352559239,-0.937607310589077,0.348446253031559,0.654241329708835
BSU_misc_RNA_84,bsrI,6.86622716127944,0.70543188470344,1.23097747839894,0.573066442792236,0.566599707299261,0.811702833493265
BSU_32719,yuzK,0.0,,,,,
BSU_32720,yurZ,16.7479699068082,1.14738214723978,0.871735848614274,1.31620392698508,0.188105606021038,0.49038502233593
BSU_32730,metQ,4328.10466608244,0.148475017475908,0.229542657268091,0.64682974068083,0.517742141823511,0.784832807922975
BSU_32740,metP,964.570290723291,0.0348255335927579,0.258621607351035,0.134658252067424,0.892882082490455,0.964203584783779
BSU_32750,metN,1245.23065780372,-0.0158743590712429,0.242098171217664,-0.0655699255859752,0.947720233473317,0.981925670346367
BSU_misc_RNA_53,mswH,80.1395340124898,-0.137669074670615,0.328606495786361,-0.41894812316832,0.67525404600543,0.873942869776751
BSU_32760,yusD,192.289703447912,-0.181256145359603,0.321006078439321,-0.564650196783939,0.572311715402303,0.815203646913974
BSU_32770,yusE,134.930025268392,0.029292979254404,0.295714583039094,0.0990582843543142,0.921091993388521,0.973756996068242
BSU_32780,yusF,373.806109095077,-0.116872350659844,0.241027985340818,-0.484891206697779,0.627753520261426,0.847226694177138
BSU_32790,yusG,4040.96112967757,0.678159762348939,0.218438936879502,3.10457362609777,0.0019055349541555,0.0251069526749177
BSU_32800,gcvH,15592.9798995653,0.540400626502042,0.191844922933947,2.81686175603461,0.0048495394659754,0.0495518851888862
BSU_32810,yusI,1497.04152062624,0.621136148974952,0.233043885455556,2.66531837023208,0.0076915467715631,0.0675630581808866
BSU_32820,fadE,718.471163966681,0.0047693829874506,0.252536732044826,0.0188858980981985,0.984932129223402,0.993163241491302
BSU_32830,fadA,333.849881162427,0.122572704568447,0.327059599899253,0.374771768222685,0.70783021221493,0.891429512032068
BSU_32840,fadN,673.607421282881,-0.292311936124479,0.225667905555022,-1.2953190459474,0.19521019160109,0.501177102183102
BSU_32849,yuzL,2.36552784866933,1.44068727861357,1.86040928260999,0.774392652240701,0.438698627492047,
BSU_32850,putM,2.47310668240531,-1.0304076857739,2.76273677821339,-0.372966289767296,0.709173533521055,
BSU_32859,yuzM,4.66657979767737,2.55422780017416,1.95644724998317,1.30554391394715,0.191707704090968,0.495545729873006
BSU_32860,yusN,4.1418750458612,1.18791899711215,1.69586144059828,0.700481164718897,0.48362686390492,0.762214593743326
BSU_32870,mdtR,240.597110557124,-0.082850572144572,0.238341092612105,-0.347613461181072,0.728130495486886,0.90005972125804
BSU_32880,mdtP,763.487478229237,0.150176105283453,0.230478712168249,0.651583410331729,0.514669952655076,0.78191669587819
BSU_32890,yusQ,15.9421393738765,-0.863431064606509,0.723340808495287,-1.19367116366992,0.232606624686921,0.548471447444356
BSU_32900,yusR,17.9124938018977,-0.305145349260803,0.678555029924891,-0.449698750732979,0.652927672262787,0.858728030696754
BSU_32910,yusS,20.4592037228006,-0.610379430153807,0.674850164005377,-0.904466595267722,0.365748039615819,0.669362245023753
BSU_32920,yusT,146.121748341451,0.35126723392606,0.353558638655458,0.993519024911648,0.320457083772671,0.636272032219663
BSU_32930,yusU,157.175754536814,-1.2986410267043,0.390615329858813,-3.32460333078501,0.0008854441496702,0.0144147593561257
BSU_32940,feuV,2378.77297956193,-0.854287103991612,0.334183145306385,-2.55634407656432,0.0105778465855949,0.0828322679424895
BSU_32950,cotNW,37.2124987456737,0.289750326184471,0.872795990544156,0.33197944230223,0.739904782204236,0.902887828715049
BSU_32980,yusZ,243.414195239337,-0.0351074893327147,0.316797445876485,-0.110819988575295,0.911759094392223,0.972161704409675
BSU_32990,mrgA,432.964492069661,0.155888219089261,0.279534355436862,0.557671055658385,0.577069025933052,0.816132786996299
BSU_33000,htrB,1162.78414441076,-0.192733848645367,0.247569811979386,-0.778503029526942,0.436272521342774,0.726053771641307
BSU_33010,cssR,245.289678394726,-0.133834011415985,0.340533292090935,-0.393013002030492,0.694309878274991,0.884481181248081
BSU_33020,cssS,800.126413553765,0.272538926410369,0.229561720609006,1.18721416483266,0.235143155021469,0.552612425711405
BSU_33029,spxO,196.516090152472,0.119334753603049,0.241579272626085,0.493977617805623,0.621321986628259,0.843719118307277
BSU_33030,yuxN,267.414076960918,-0.233398628198335,0.263771883910373,-0.884850290858298,0.376237381263209,0.676212261048733
BSU_33040,fumC,19339.680065335,-0.59992134069018,0.231742973687182,-2.58873583584883,0.0096328959967884,0.0792828087354976
BSU_33049,yvzF,384.031856810678,0.0822140758132499,0.242371873551681,0.339206338625424,0.734454294516568,0.902678712164002
BSU_33050,gerAA,5.68991129754689,-2.21193689247299,1.22711047720687,-1.80255725426431,0.0714577753194034,0.284825597872556
BSU_33060,gerAB,2.33612221500438,0.203782767798774,2.22416834153121,0.0916220071986463,0.926998365776501,
BSU_33070,gerAC,15.0281758261537,1.03280162123791,0.82056929857548,1.25864034034769,0.208160269261378,0.515727687516965
BSU_33080,liaR,199.875032743242,-0.300833923311995,0.288890536242921,-1.0413422579514,0.297716730903312,0.614972479148359
BSU_33090,liaS,488.462724604865,-0.286958994474553,0.243457285265456,-1.17868312776783,0.23852437654314,0.555939792517741
BSU_33100,liaF,312.490360395192,-0.137788586366851,0.243220279503295,-0.566517671339917,0.571041923578738,0.813734957711799
BSU_33110,liaG,571.182491909168,-0.169889228627286,0.241594295347032,-0.703200497276864,0.481930809386616,0.760105422822469
BSU_33120,liaH,277.41199793368,-0.0377991410519638,0.280881262997936,-0.134573380397544,0.892949189485566,0.964203584783779
BSU_33130,liaI,89.6133705397286,-0.684605711677536,0.506729179572318,-1.35102879264886,0.176686209615775,0.476357680620195
BSU_33140,yvqJ,58.4923312621275,-0.536414118307373,0.544637541613505,-0.984901108209012,0.324672648979773,0.640452221687583
BSU_33150,yvqK,434.291560738693,-0.114454942995858,0.210207666625449,-0.544485102913945,0.586107696975933,0.824241140062643
BSU_33160,yvrA,857.365197862168,0.071201548875993,0.20176959902077,0.352885415947442,0.72417434475971,0.898661445935749
BSU_33170,yvrB,652.579773919622,-0.169472216244767,0.201990386257413,-0.83901129843276,0.401462969422107,0.699678489366092
BSU_33180,yvrC,2261.23153389019,0.0422780269314605,0.213319155330425,0.19819142292202,0.842895297903299,0.948509467638127
BSU_misc_RNA_85,srbL,50.0961860938099,0.951502128516691,0.488625369466893,1.94730398373464,0.0514983013988721,0.235470496248881
BSU_33190,yvrD,541.209665443281,0.340097536244213,0.258236494985392,1.31700028016354,0.187838530652926,0.49038502233593
BSU_33200,yvrE,915.41735771418,0.0750499301724836,0.252853693747321,0.296811682124295,0.766610286133542,0.919267174118402
BSU_33210,yvrG,1764.2642678669,-0.243612700617317,0.207883980508753,-1.17186855870821,0.241249832016381,0.558926137534135
BSU_33221,yvrH,815.131914317245,0.134080785891624,0.277555142686107,0.483078009630897,0.629040347410669,0.847698203662523
BSU_33222,rsoA,11.9904966509901,1.08820852593732,0.93258552428566,1.16687263269593,0.243261809411579,0.560227332352194
BSU_33230,sigO,18.2562493737088,0.890950963394536,0.736101625352216,1.21036407570521,0.226139220416111,0.538601764320659
BSU_33239,yvrJ,1.98015535670885,1.9384171470703,2.57717433806373,0.752148241754828,0.45196191547573,
BSU_33240,oxdC,86.5797712228365,-1.06904107806348,0.390311404860302,-2.73894399382488,0.0061636872355859,0.0583285235278498
BSU_33250,rsiO,12.4440905568776,-0.312779703757332,1.06567055778103,-0.293505062585769,0.769136130423635,0.9206916984799
BSU_33260,yvrN,1448.21115285485,-0.121689552015175,0.195904794011363,-0.62116678986486,0.534489887880338,0.790240783978417
BSU_33270,yvrO,639.967409817405,-0.409029484779276,0.197747419704803,-2.06844410607165,0.0385982813874988,0.195732076602892
BSU_33280,yvrP,933.203946219505,-0.223540177882386,0.19872978981516,-1.12484483624877,0.260654791162737,0.577059228688295
BSU_33290,fhuC,1542.05312535529,-1.02309005949454,0.308249641146585,-3.31903082089242,0.0009033045881919,0.014538413618287
BSU_33300,fhuG,831.998117939144,-1.44044662165669,0.257235629671856,-5.59971658472897,2.14702533225572e-08,1.86177768097032e-06
BSU_33310,fhuB,978.46346189274,-1.50539453217781,0.341192267814433,-4.41215899123647,1.02344911726663e-05,0.0004026514165986
BSU_33320,fhuD,3203.4286024534,-1.59372153246374,0.375256612983557,-4.24701784678094,2.16634709250053e-05,0.0007670673996695
BSU_33330,lysP,641.945812234212,0.227597472520488,0.248667463968653,0.915268402581123,0.360050742674029,0.664865539166428
BSU_misc_RNA_54,kswB,242.039997649594,0.0592620198336238,0.32344690615483,0.183220240187599,0.854625213805936,0.950918454494557
BSU_33340,sspJ,7.74562188476404,0.0493371591622288,1.12336138364404,0.0439192230395044,0.964968792314821,0.986037678995262
BSU_33350,yvsG,123.976896417204,1.39347659031474,0.348672064599897,3.99652490632928,6.42791216567214e-05,0.0019370353753149
BSU_33360,ltaSP,687.07736833314,0.683861611235163,0.225958163125386,3.02649659466245,0.002474056077664,0.0303822666878451
BSU_33370,yvgK,1172.6386195889,-0.430493826083475,0.240161791971444,-1.79251588085528,0.0730503676155532,0.286345575596804
BSU_33380,modA,290.483909672837,0.412638475600813,0.388263212474097,1.06278025407401,0.287881616174971,0.606711885470805
BSU_33390,modB,216.960604015441,0.121448647999781,0.384815708856791,0.315602105643193,0.752304539242964,0.911994860839759
BSU_33400,pgoN,2924.7500441026,-0.12412313779725,0.283848449801332,-0.43728665026751,0.66190347564606,0.863237528551292
BSU_33410,yvgO,6.49423094228379,-0.0716260002774247,1.28654226831993,-0.0556732585016112,0.955602103076072,0.984233451503636
BSU_33420,nhaK,505.687332209729,-0.0194219224184118,0.338985076675416,-0.0572943287323783,0.954310737949954,0.984233451503636
BSU_33430,cysI,16513.80718899,-0.447200521945567,0.343242360368606,-1.30287101354658,0.192618801444412,0.49692610038695
BSU_33440,cysJ,8810.3519677331,-0.533006971733672,0.357860699945563,-1.48942583473053,0.136375269734052,0.4183816036823
BSU_33450,helD,2129.71035648375,1.7735144718242,0.290000247160792,6.11556193205884,9.62173052769021e-10,1.16807808606159e-07
BSU_33460,yvgT,1121.08178134244,1.01381625182758,0.258448202659265,3.92270575456152,8.75600616952281e-05,0.0024969308868659
BSU_33470,bdbC,1259.80223287594,-0.686337787184184,0.206775371622226,-3.31924339828105,0.000902617175744,0.014538413618287
BSU_33480,bdbD,2455.40510983827,-0.589187217223611,0.17170644747858,-3.43136338719669,0.0006005555309463,0.011046582038922
BSU_33490,cadA,588.695474392182,-0.407722661855351,0.252695360046985,-1.61349484921108,0.106637041400827,0.359739301752889
BSU_33500,copA,545.849270740587,-0.165525506244758,0.214879647333484,-0.770317283646086,0.441111706346596,0.729009583923255
BSU_33510,copZ,177.301521170199,-0.152894191400739,0.378259668387577,-0.40420431829935,0.686062478511966,0.879175567983385
BSU_33520,csoR,314.903347705868,-0.360721847635284,0.353103558783307,-1.02157522534813,0.306981988381263,0.624509302480069
BSU_33530,iolW,2410.77297175364,0.372851240034304,0.261579636534332,1.425383278967,0.154046438839282,0.447451848151821
BSU_33540,azoRB,368.008595638844,-0.831879563264611,0.230913805090887,-3.6025544810419,0.0003151053303686,0.0067925374132883
BSU_33550,yvaC,18.417385203029,-0.70988881757133,1.02592864330808,-0.691947556198752,0.488970264023838,0.764961212016675
BSU_33560,yvaD,129.065188202073,0.0378770036360609,0.301560522468554,0.12560332276255,0.900045932605212,0.96817599180748
BSU_33570,yvaE,64.4928942930884,-0.168153273572486,0.411410975057904,-0.408723353937798,0.682742693156896,0.877886277435916
BSU_33580,yvaF,126.806477481185,-0.295773067379238,0.312523084290904,-0.946403905011782,0.343942614418077,0.653760943255378
BSU_33590,yvaG,284.50322112521,0.307600492625308,0.299536073040661,1.02692303301831,0.304456707587034,0.62134320390841
BSU_misc_RNA_55,ssrA,92963.7955652123,0.0608245508308667,0.29161292859724,0.20857974687012,0.834776322479369,0.944094914616672
BSU_33600,smpB,448.722238498429,-0.830132137642339,0.217427923509257,-3.81796470409192,0.0001345571703723,0.0035075669749206
BSU_33610,rnr,2789.51469466749,-0.444416712512014,0.215345351679903,-2.06373951908008,0.0390424202381535,0.196553606151557
BSU_33620,estA,758.797066268346,-0.694372306407532,0.203934554185384,-3.40487814427133,0.0006619358394308,0.0119683633265605
BSU_33630,secG,3117.7390686318,-0.362891691097188,0.26975156210029,-1.34528114785215,0.178534459219544,0.479818416966378
BSU_33640,yvaM,114.28614587668,-0.193280141105514,0.303627829440486,-0.636569254740854,0.524405457070911,0.78798884791929
BSU_33650,yvzC,2.65606154889934,2.8588230201581,2.21945269592077,1.28807567082302,0.197719623396187,0.5034455272152
BSU_33660,rghRA,187.035579669409,-0.216985905324504,0.291768096797998,-0.743693048368929,0.457062196003554,0.740445065066274
BSU_33670,rghRB,114.934695264091,-0.253132633975834,0.307089357653054,-0.824296341333393,0.409771196960802,0.70837744809593
BSU_33680,catR,316.356641521944,-0.180551675346309,0.25801262784191,-0.699778444398221,0.484065678391099,0.76230966328013
BSU_33690,yvaQ,1178.06723695062,0.684465918460822,0.180826605986923,3.7852058037871,0.0001535814262397,0.0039790700005653
BSU_33700,opuBD,23.2071033177728,0.0530666291953995,0.720220701946511,0.0736810661676046,0.941264164841001,0.980016995776273
BSU_33710,opuBC,19.4089774193856,0.0843843752861292,0.657284304655687,0.128383371835318,0.89784558961025,0.96629835619401
BSU_33720,opuBB,5.76023962331036,1.3666157893952,1.12081760056761,1.21930257760327,0.222729370669296,0.532722033933822
BSU_33730,opuBA,17.3758603210558,0.298885073123114,0.79236130061152,0.377208065174869,0.706018987109316,0.89017052707047
BSU_33740,yvaV,615.725142712641,0.273935645681427,0.213496559340537,1.28309161762409,0.199459980153535,0.503751853933211
BSU_33750,sdpA,164.013410460811,-0.963786112999533,0.27403004673382,-3.51708188385528,0.0004363191590418,0.0086299998720159
BSU_33760,sdpB,187.008678467768,-1.74426664097586,0.367657525595942,-4.74427019588013,2.09259384028637e-06,0.0001010389912201
BSU_33770,spbC,1491.7212449967,-0.619625525204698,0.239876979837036,-2.58309707594972,0.0097917767065147,0.0797035617355963
BSU_33780,sdpI,189.852703058254,0.123418988038158,0.267498712265532,0.461381615608101,0.644524839027008,0.856343352415809
BSU_33790,sdpR,78.6048996435205,-0.391307613952984,0.370943620880061,-1.05489781176075,0.291472063171195,0.609664362238815
BSU_33800,opuCD,33.7994818865555,0.237070555093811,0.627537964385442,0.377778825422902,0.705594904942668,0.890164118498039
BSU_33810,opuCC,35.1019045163897,-0.970636006493361,0.67151747883889,-1.44543669685512,0.148335261991185,0.4376920334726
BSU_33820,opuCB,25.4730107032649,-0.68852633435297,0.683846455010167,-1.00684346509149,0.314010003580202,0.629952031777842
BSU_33830,opuCA,41.4380145039488,-0.941396872899112,0.752975514181873,-1.25023570510386,0.211213457374251,0.517658112599488
BSU_33840,opcR,126.790823010196,0.405876914661501,0.31489891491371,1.2889117600571,0.197428765160482,0.503224249050323
BSU_33850,yvbG,34.1740596984952,0.962023336268103,0.623696058991143,1.54245537132978,0.122962974941091,0.39276920326616
BSU_33860,yvbH,562.943833247871,0.0812278468953628,0.212519075709283,0.382214380635078,0.702302355953625,0.888913527091735
BSU_33870,yvbI,628.362381981733,0.195146088100273,0.288775616620338,0.675770656761639,0.499186267591973,0.77164982229836
BSU_33880,yvbJ,4785.20446283672,0.206099844365181,0.180761693454462,1.14017433907866,0.254213675966815,0.571391854389408
BSU_33890,yvbK,458.356177694605,-0.239532500680337,0.308392663420519,-0.77671270783026,0.437328287710756,0.726998393772693
BSU_33900,eno,12628.8392316559,0.168430926070099,0.193504515677328,0.87042374944345,0.384068872544393,0.683080440345675
BSU_33910,pgm,9415.40477387389,0.0701353015530707,0.1828884410981,0.3834867919042,0.70135886165641,0.888513358133001
BSU_33920,tpiA,3805.99151571948,0.0714334250793641,0.171620336239817,0.416229373770398,0.677242167471608,0.87446020227865
BSU_33930,pgk,8498.52020544943,-0.178159910470825,0.187400324241711,-0.950691580666808,0.341760963393041,0.653760943255378
BSU_33940,gapA,6680.59188557155,0.203894834016109,0.263480433701724,0.773851899177188,0.439018377262869,0.728541045178567
BSU_33950,cggR,377.386639586471,-0.0608339319334714,0.276510226763785,-0.220006083121982,0.82586641712561,0.94271485619379
BSU_33960,araE,241.394366580793,-1.25491011265626,0.293850268647379,-4.27057670708531,1.94968147204228e-05,0.0007020505571786
BSU_33970,araR,773.318029641785,-0.372216072507652,0.233455373519281,-1.59437783288767,0.110851434292867,0.369417838674817
BSU_33980,yvbT,199.225654668647,0.508313537465659,0.316444156538895,1.60632935373285,0.108201564075133,0.362804781561185
BSU_33990,yvbU,68.0401851080785,-0.118117825399043,0.35243382047103,-0.335148951485921,0.737512728032481,0.902769234101236
BSU_34000,cyeB,52.0687298166241,0.826047489415653,0.567627922283033,1.45526225364891,0.145596672199431,0.434203353594217
BSU_34010,yvbW,331.068354658053,0.110208425803289,0.225096483070015,0.489605276369465,0.624413242048004,0.845754499669101
BSU_misc_RNA_56,tboX,737.471963975559,0.745035774096434,0.224586329709684,3.31736920523845,0.000908694504347,0.0145699733923412
BSU_34020,yvbX,1836.3175800606,0.392706702410488,0.205085773145325,1.91484127049717,0.0555127494567616,0.246988593192062
BSU_34030,lutC,15779.854696133,-0.366542284146076,0.189713347345541,-1.93208484945691,0.0533490340013563,0.241663161483756
BSU_34040,lutB,25617.1491721367,-0.499171761046823,0.176899438370706,-2.82178262206107,0.0047757536386912,0.0493107420383902
BSU_34050,lutA,11389.0128442255,-0.460434072137215,0.179377308866815,-2.56684680490485,0.0102627941922453,0.0816603230764984
BSU_34060,yvfU,431.626812149738,0.113038192590566,0.252352497528194,0.447937681210929,0.654198172812099,0.858728030696754
BSU_34070,yvfT,635.337013864532,-0.0197388628934364,0.203429035798816,-0.097030705650876,0.922702009909519,0.973756996068242
BSU_34080,yvfS,4.1618838520735,-0.478221213285797,1.62025667807213,-0.295151515039464,0.76787813827311,0.919851764737086
BSU_34090,yvfR,14.217193741547,-0.0959666751937506,0.958376230676296,-0.100134657060547,0.920237421239597,0.973756996068242
BSU_34100,rsbQ,543.909203078754,-0.471545433502593,0.225141570326917,-2.09443965775793,0.036220833127266,0.187685756046041
BSU_34110,rsbP,1077.42524127275,-0.421067167454036,0.224907954178757,-1.87217552616823,0.061182323814552,0.260172289181612
BSU_34120,ganB,267.317011752208,-0.853787488199184,0.312472915574092,-2.73235677604428,0.0062883005185861,0.0588523984657985
BSU_34130,ganA,1046.39524037016,-0.770113749765893,0.279170157785031,-2.75858191962947,0.0058052752746335,0.0561881882503825
BSU_34140,ganQ,361.478120149369,-1.01399102538406,0.259506317806974,-3.90738473711568,9.33005253839564e-05,0.0026081179760291
BSU_34150,ganP,429.568538903041,-1.08817401135827,0.271855792354741,-4.00276191260374,6.26072983415969e-05,0.0019001315046674
BSU_34160,ganS,614.702281639162,-0.988763352211863,0.308729831615682,-3.20268160364467,0.001361544235967,0.0194787927899791
BSU_34170,ganR,218.067794646923,0.686519226689883,0.240257499365278,2.85743100008765,0.004270854790732,0.046072022427498
BSU_34180,lutR,1486.74111333769,-0.144223620421627,0.235434951943296,-0.612583727399845,0.540151620624999,0.793330188743733
BSU_34190,lutP,18500.8450993973,-0.289926133686071,0.201853744834489,-1.43631783459751,0.150911921438815,0.442223968409328
BSU_34200,sigL,2204.37264422874,0.14580017945036,0.192383721620529,0.757861310833494,0.448534013765635,0.73357237278298
BSU_34210,yvfG,633.064175435607,0.633285856766999,0.236315384514542,2.67983338481303,0.0073658813499151,0.0656134797815296
BSU_34220,epsO,158.438622311889,-1.67783080251758,0.284933356988533,-5.88850256161867,3.8971050843716404e-09,3.94257131035598e-07
BSU_34230,epsN,184.191558411688,-1.44792229929274,0.285276752397321,-5.07550049951544,3.86477341320406e-07,2.28075308787556e-05
BSU_34240,epsM,134.21727299435,-1.51823278380813,0.350683665249715,-4.32935130504873,1.49549206131298e-05,0.0005573987516244
BSU_34250,epsL,117.101215970511,-1.86187851247985,0.322017036577884,-5.78192549147793,7.3850417681670805e-09,6.97312054954265e-07
BSU_34265,epsK,245.196271333806,-1.74468057602317,0.28777050285507,-6.06274986043947,1.3381369527693202e-09,1.53668754386942e-07
BSU_34280,epsJ,260.040642182074,-1.85805318510232,0.279887963905804,-6.6385605124758,3.16761304171957e-11,5.8518207888115e-09
BSU_34290,epsI,242.307242846211,-2.03363282199463,0.281434849023979,-7.22594529088101,4.97628064100031e-13,1.32151352772564e-10
BSU_34300,epsH,193.444062911051,-1.81176163181825,0.295161040182292,-6.13821400920426,8.34543878021604e-10,1.04665367281513e-07
BSU_34310,epsG,141.281991664691,-1.3110347376815,0.348936696723547,-3.757228030161,0.0001718059288485,0.0043195466963165
BSU_34320,epsF,185.210583845119,-1.66354533019829,0.266416003809486,-6.24416441359092,4.26071638618751e-10,6.03459464163691e-08
BSU_34330,epsE,142.153471169461,-1.5981658640439,0.29329542893164,-5.44899683525717,5.06547146074956e-08,3.98577559939349e-06
BSU_34340,epsD,273.221723390423,-1.44733162873338,0.280355533508749,-5.16248639939262,2.43691085704682e-07,1.64356098914157e-05
BSU_34350,epsC,320.924861454692,-1.47439382536725,0.248239215749051,-5.93940736123551,2.8605426361845e-09,3.03861141528699e-07
BSU_34360,epsB,225.318070821598,-2.35297577066033,0.367683410409657,-6.39946134104541,1.55926052017907e-10,2.45381405564477e-08
BSU_34370,epsA,272.051709639671,-1.84523318528093,0.262379001091444,-7.03270146469467,2.0257249696134697e-12,4.70120375086945e-10
BSU_34380,slrR,30.9227269219149,-2.59195899220255,0.688740154921177,-3.76333363705096,0.0001676632780468,0.0042404837406005
BSU_34390,pnbA,322.015796382474,-0.658391200294694,0.270777369914608,-2.43148532132624,0.0150370576037461,0.103778519468288
BSU_34399,BSU_34399,37.3640265581416,-0.462861454497108,0.502993050846104,-0.920214411945674,0.357460724471439,0.662385790788986
BSU_34400,padC,63.8228634030477,0.325736727826581,0.44900080501155,0.725470253484739,0.468163587415515,0.748392431500572
BSU_34430,racX,679.919328332802,0.504728706604925,0.247624520189202,2.03828242138249,0.0415216968345222,0.204670173839774
BSU_34440,pbpE,972.38443843238,0.205854547077232,0.246206101427725,0.836106602896932,0.403094934115515,0.701659309732414
BSU_34450,sacB,19.3751481272076,0.914406458769321,0.869426030596672,1.0517357734755,0.292920793310594,0.611907792908905
BSU_34460,levB,16.4478574342552,1.79891835665737,0.968296843116206,1.85781702113995,0.063195003149122,0.265069662764679
BSU_34470,aspP,4.83322061240419,0.51522016094494,1.30068799765173,0.396113565955187,0.692021250935549,0.883002491058603
BSU_34480,yvdT,1472.4353040872,-0.252041600382896,0.21638507247437,-1.16478275280634,0.24410694196443,0.560654268328035
BSU_34490,psmA,67.8563532672923,-0.281494576117318,0.42427316937862,-0.663474846947283,0.507026483681956,0.777745678398784
BSU_34500,psmB,58.7128398026469,0.33920993408837,0.388764157279205,0.872533971398898,0.382917143840141,0.681900647182213
BSU_34510,yvdQ,8.11033205953702,0.384146308754961,1.01567522418998,0.378217662108794,0.705268905838217,0.890164118498039
BSU_34520,cotNP,69.6473836685164,-0.101809706683982,0.44809293079682,-0.22720667898719,0.820263034420559,0.939686609127246
BSU_34530,cotR,15.9301963631527,0.0668804888800792,0.707161757428476,0.0945759413281673,0.924651660199317,0.974174288169328
BSU_tRNA_81,trnQ-Arg,2.34257817508003,-1.76198212351242,1.87033133026702,-0.942069511962287,0.34615705247065,
BSU_34540,clpP,7071.46458358609,0.642262811262424,0.254128078941511,2.52731934990247,0.0114936937292202,0.0872084011704582
BSU_34550,mdxM,341.07422574062,0.449445163363758,0.247908945973324,1.8129445131525,0.0698403797819251,0.281014937209659
BSU_34560,mdxL,778.23808514702,0.796421107064739,0.265994871081949,2.99412204387721,0.0027523582583292,0.0330360741232791
BSU_34570,mdxK,954.028792015558,0.63904511522584,0.247236526119231,2.58475203990554,0.0097449051629978,0.0796271193030345
BSU_34580,mdxJ,283.510157397417,0.511379974257111,0.291135136332516,1.75650380335078,0.0790024225771038,0.299679514100852
BSU_34590,mdxG,144.12697803065,0.538788133670656,0.287912369983368,1.87136153164166,0.0612949871056216,0.260172289181612
BSU_34600,mdxF,296.064733553732,0.49110391791477,0.241032817892957,2.03749813908274,0.0416001482375034,0.204819269827523
BSU_34610,mdxE,308.500377831581,0.717076018972567,0.290428381978723,2.46902872951687,0.0135480340896247,0.0964033125366115
BSU_34620,mdxD,318.490852226796,1.00259410648443,0.338761312012416,2.95958856850715,0.0030805013980552,0.0363584734453796
BSU_34630,mdxR,78.7509396119865,0.691256187764642,0.540526337622194,1.2788575498569,0.200947223587291,0.505194978129341
BSU_34640,yvdD,951.384603636968,0.225886789080378,0.250207801941766,0.902796744655275,0.366633779192907,0.669745024845512
BSU_34650,yvdC,372.685848888185,1.10926675758739,0.334091886659559,3.32024452517681,0.0008993863407356,0.014538413618287
BSU_34660,yvdB,187.957495263777,0.732067823274067,0.438739284026548,1.66857140430983,0.0952023499457627,0.336814974953827
BSU_34670,yvdA,120.36958233618,0.486299965266914,0.381949586580223,1.27320458603186,0.20294545364804,0.507841715282992
BSU_34680,yvcT,3964.93644389973,-0.374088928306717,0.252156299485492,-1.48355971700894,0.137925762872592,0.420708231475694
BSU_34690,psdB,1021.83218660409,-0.049891908648702,0.197688642362471,-0.252376201548407,0.800750293313184,0.93472197700212
BSU_34700,psdA,484.963025959524,-0.0240437393010426,0.23302074301575,-0.103182828231809,0.917817868247647,0.973756996068242
BSU_34710,psdS,650.072488543501,-0.196122405314159,0.203111369368507,-0.965590483309343,0.334249139240907,0.648800636196717
BSU_34720,psdR,412.178422369923,-0.116134518180844,0.232163766361978,-0.500226714963666,0.61691544954549,0.840395599263199
BSU_34729,yvzJ,29.7431827321701,0.2428213892234,0.532526706989596,0.455979739675561,0.648404547416435,0.857743126392414
BSU_34730,yvcN,1654.5784228816,-0.335740485671343,0.181304642441025,-1.85180302694429,0.0640541128407205,0.266046847957206
BSU_34740,crh,827.87846558016,-0.48647472746005,0.204250581741989,-2.38175442787511,0.017230383462326,0.114037226372933
BSU_34750,whiA,2330.62743633344,-0.362535796794236,0.172804350270692,-2.0979552669035,0.0359090971562529,0.18672329116157
BSU_34760,mgfK,2060.05197242424,-0.246232805722415,0.203952938886761,-1.20730207206834,0.227315832992649,0.541100825986424
BSU_34770,yvcJ,1067.32517533127,-0.301306689794422,0.219307726473072,-1.37389910807095,0.169473006587999,0.467287998048285
BSU_34780,yvcI,791.630403866647,-0.459122208977598,0.198120445968704,-2.31738933724247,0.0204825326605912,0.126866299234478
BSU_34790,trxB,2554.49285946113,0.0470692854366911,0.176864935426875,0.266131244856908,0.790138132497529,0.929484198500001
BSU_34800,cwlO,28227.9190409328,0.024539531481228,0.161490135554625,0.151956844899219,0.87922097307289,0.960546209177221
BSU_34810,yvcD,2149.80661953212,0.0190374308881077,0.211040319251277,0.0902075534933241,0.92812228198221,0.974448128525429
BSU_34820,bmrA,1227.3047105571,-0.34507965682572,0.204008137226809,-1.6914994740728,0.0907414481520366,0.326606905018556
BSU_34830,yvzA,68.1219554744461,0.651218592918109,0.397914120109861,1.63658075953251,0.101718098562606,0.351382277067083
BSU_34840,yvcB,407.182432310152,-0.362656623792557,0.298274964609165,-1.21584667445272,0.224043334941335,0.534809061890861
BSU_34850,yvcA,98.0014401087275,-0.36918639906676,0.323854057886862,-1.1399776846265,0.254295598176129,0.571391854389408
BSU_34860,hisIE,26.0474161430275,0.0790023118932273,0.578404668105184,0.136586573811781,0.891357589578605,0.963875143032505
BSU_34870,hisF,31.4230767064413,-0.246592700318259,0.619979826711315,-0.397743103394688,0.690819561177745,0.882529259003078
BSU_34880,hisA,25.1391434258337,1.36252552215643,0.921649392540909,1.47835557988062,0.139312628319534,0.422165209725668
BSU_34890,hisH,20.4007420447059,1.57800801382043,0.700296008655794,2.25334429200788,0.0242374490932987,0.142065689675085
BSU_34900,hisB,20.9146049295804,0.0585407530317738,0.663579818404652,0.088219610374099,0.929702131259182,0.974902358272524
BSU_34910,hisD,25.124352149357,0.250496027644118,0.534923233888175,0.468284067273256,0.639581460705721,0.852173605060711
BSU_34920,hisG,14.0479114536589,0.577716837143758,0.789958630225262,0.731325432800219,0.464580399474585,0.744625468641082
BSU_34930,hisZ,16.3804696093111,0.468478080636124,1.14865966282637,0.407847594720439,0.683385568793009,0.877886277435916
BSU_34940,yvpB,171.596914070783,0.79757581555902,0.34262113999687,2.3278651619871,0.0199192646539875,0.124283341431414
BSU_34950,pelC,231.33622272702,0.665627023979861,0.284899745815113,2.33635527499495,0.0194727328921272,0.122428143237226
BSU_34960,hprF,1741.12529128225,-0.149781743041324,0.191355416638536,-0.7827410672375,0.433779180981987,0.723826766374823
BSU_34970,ppaX,1651.64403819159,-0.0722549069104997,0.195251520251055,-0.370060662357937,0.711337291587187,0.893448287441303
BSU_34980,yvoD,1863.47977740113,-0.073951784344101,0.179931945473096,-0.410998637010561,0.68107353413092,0.877199589730913
BSU_34990,lgt,2245.19862883283,-0.133168936740679,0.179720954643808,-0.740976126042776,0.458707915926384,0.740520491934348
BSU_35000,hprK,2025.5020648328,0.0947609264423894,0.2009679875071,0.471522492800211,0.637267661100956,0.850958608428021
BSU_35010,nagA,564.062186258343,-0.200988688114232,0.237021852881127,-0.847975347720503,0.396451700090243,0.696371754313123
BSU_35020,nagBA,294.547233777893,-0.330051742339697,0.256608594125828,-1.28620689211156,0.198370866370302,0.503751853933211
BSU_35030,nagR,246.350644840667,0.0195075260764621,0.298790983381724,0.0652882019921598,0.947944535749487,0.981925670346367
BSU_35040,yvnB,128.260706996286,0.147232077060637,0.336488326687618,0.437554783876119,0.661709054706708,0.863237528551292
BSU_35050,yvnA,185.50427202754,0.174268691907837,0.306450463709147,0.568668390311968,0.5695812031122,0.812949456507805
BSU_35060,cypX,152.304727562437,-0.0827896295335383,0.334518016031204,-0.247489299726732,0.8045295715657,0.936001108432116
BSU_35070,pchC,123.521512835225,-0.197454845508516,0.302627852016723,-0.652467524693019,0.514099616207423,0.78191669587819
BSU_35080,pchR,36.0838939876904,0.046934501008454,0.466573536052227,0.100594005835771,0.919872755220135,0.973756996068242
BSU_35090,pchE,96.2156776928345,0.180347871687373,0.339309749773488,0.531513968601748,0.595062664123833,0.828175977681679
BSU_35100,yvlD,640.097423986431,0.221036811286712,0.211430866365489,1.04543303012635,0.295822877541328,0.614748964849636
BSU_35110,yvlC,115.183990735757,-0.491438893959154,0.347361267295295,-1.41477746723378,0.157133752682994,0.450732011036801
BSU_35120,yvlB,2033.96676518675,0.187184589612965,0.209232155964855,0.894626300387624,0.370986887735497,0.671919559244726
BSU_35130,yvlA,393.211915344379,0.277778771576289,0.254382653215233,1.09197214536976,0.274845344629193,0.594291584619355
BSU_35140,yvkN,39.2429651871902,1.005039302813,0.56848005081651,1.76794119929003,0.0770707342849239,0.295820731686216
BSU_35160,uvrA,2997.10241911643,-0.258205053188454,0.17454143662751,-1.47933383715347,0.139051113604294,0.422119234278345
BSU_35170,uvrB,1377.26949682726,-0.215150436461787,0.212848700421526,-1.01081395392926,0.312105483221826,0.628798576675932
BSU_35180,csbA,202.382056579922,0.120455413693078,0.370820606631639,0.324834735553772,0.745306153739903,0.907081653666843
BSU_35190,yvkC,26.2740426291903,0.616532472084628,0.682072906793001,0.903909928021429,0.366043164350599,0.669362245023753
BSU_35200,yvkB,109.911361095337,0.561625458077729,0.422910648620877,1.32800027596658,0.184178015747466,0.488062120196545
BSU_35210,yvkA,91.0799919683085,0.226268048113788,0.396900962913638,0.570086921565423,0.568618745120802,0.8126502428162
BSU_35220,minJ,2567.25099565959,-0.142174125999723,0.179863296108272,-0.790456580502883,0.429261169955255,0.721845890855468
BSU_35240,ctpB,32.9165078977507,1.26455252940618,0.941764934831508,1.34274751866018,0.179353742259372,0.481086382933679
BSU_35250,ftsX,2809.40868470717,-0.0949254098524201,0.242243913449273,-0.391858802563053,0.695162544275798,0.884619841457882
BSU_35260,ftsE,2013.27216900072,-0.266415008107741,0.247786685776155,-1.07517886715033,0.28229465495894,0.603051779246121
BSU_35270,cccB,988.288946767892,-0.11821373815078,0.264236934103681,-0.447377799594038,0.65460230227268,0.858728030696754
BSU_35280,yvjA,224.588522771641,-0.446927595962228,0.262424134708366,-1.70307352431171,0.0885543098921321,0.321883360086384
BSU_35290,prfB,3705.11125082133,-0.364732182378464,0.184069044938044,-1.98149657646798,0.0475356129182662,0.224171830510225
BSU_35300,secA,10219.7066647654,-0.204332570360332,0.176235408233249,-1.15942972191999,0.246281067505628,0.56290922852685
BSU_35310,hpf,13372.6852147286,0.265080874237893,0.282355735408559,0.938818805484262,0.34782378199757,0.654200337133205
BSU_35319,yvzG,1599.00286617041,0.53251599252965,0.217732528731197,2.44573466184775,0.0144557343032756,0.100967763648119
BSU_35320,fliT,2159.78249527436,0.618273908943667,0.216665780600193,2.85358355726947,0.0043229157931279,0.0462486474369332
BSU_35330,fliS,2455.20192204278,0.365383993111944,0.21880658796111,1.66989484419402,0.0949401706079772,0.336447693839279
BSU_35340,fliD,10682.4799343042,0.541309704485633,0.214394269090082,2.52483290147177,0.0115753313647495,0.0874712642707563
BSU_35350,yvyC,2465.48322801659,0.485128826186498,0.212357560170541,2.28449048763273,0.0223427210012204,0.133898760979105
BSU_35360,hag,214977.719963462,1.19928210169443,0.216935525269226,5.52828818703654,3.2337053948222e-08,2.7480028445199e-06
BSU_35370,csrA,322.836817900031,0.683646455462598,0.261164344200178,2.61768679624426,0.0088528019772804,0.0746340388917946
BSU_35380,fliW,356.414473786187,0.399113839498867,0.221767033014987,1.79969869314117,0.0719082275774668,0.285794737462579
BSU_35390,yviE,439.658625214121,0.223916779030688,0.300618847306124,0.744852763016124,0.456360733951023,0.740445065066274
BSU_35400,flgL,6721.23669953522,0.86450868250056,0.193483728426999,4.46812085713316,7.8909721890278e-06,0.0003287131454037
BSU_35410,flgK,8435.98874603797,0.722891367045787,0.221395862843957,3.26515300584136,0.0010940496107111,0.0165745010185176
BSU_35420,flgN,2076.17444142194,0.779971454229764,0.251345297098496,3.10318698314102,0.0019144863889558,0.0251069526749177
BSU_35430,flgM,1923.2192168443,0.607929175543532,0.231057106637148,2.63107759112653,0.0085114601214054,0.0721860160795441
BSU_35440,yvyF,2236.31607176606,0.526963613688115,0.203599253169694,2.58823942369231,0.0096467903309607,0.0792828087354976
BSU_35450,comFC,546.282638882673,0.606963590898006,0.22801669714158,2.66192607167329,0.0077694940681353,0.0679947337852351
BSU_35460,comFB,61.152057838816,0.673648724239023,0.493309943258444,1.36556891553694,0.17207430866454,0.469283528572292
BSU_35470,comFA,53.0774452353473,0.459983025027186,0.441284974728377,1.04237182630186,0.297239323357818,0.614945453605658
BSU_35480,fakBA,1037.54513197395,-0.102798657383118,0.201873815718555,-0.509222342765025,0.610596383819906,0.837235881426309
BSU_35490,degU,2515.17712499748,0.0187507233341976,0.181462737246987,0.103330984744687,0.917700284963176,0.973756996068242
BSU_35500,degS,2109.14955116076,-0.295017900991655,0.187037896302774,-1.57731618470561,0.114722790172498,0.376124332903506
BSU_35510,yvyE,1389.38648182005,-0.246375250408118,0.230337002171654,-1.06962949107288,0.284786115200962,0.604146744546417
BSU_35520,tagV,3434.79389653221,0.194773115682993,0.174873963888777,1.11379139210724,0.265368690643365,0.583015287768179
BSU_35530,tagO,3929.19737616961,-0.118350156516661,0.259547436758132,-0.455986612678243,0.648399605024551,0.857743126392414
BSU_35540,tuaH,72.7409535359015,0.806447310009911,0.494161786546072,1.63194996449756,0.102690027167165,0.353515422947302
BSU_35550,tuaG,54.9141843595875,-0.20490873425649,0.435800735171752,-0.470189051369393,0.638219955692577,0.851160261060188
BSU_35560,tuaF,52.3944725803853,0.574609343455814,0.412320693614955,1.39359811999252,0.163438996562474,0.460475456190463
BSU_35570,tuaE,62.0937762504808,0.351513661988996,0.449258596994484,0.782430574151732,0.433961571482451,0.723826766374823
BSU_35580,tuaD,64.9991251834744,0.312004737076498,0.371408960373336,0.840057107838415,0.400876367630805,0.699356674883228
BSU_35590,tuaC,48.3925022428757,-0.376262494719298,0.523046997217445,-0.719366513374468,0.471915123808741,0.750717843902411
BSU_35600,tuaB,37.1891035859431,0.138252407682602,0.57870238215173,0.238900706039177,0.811182578070275,0.936779950872458
BSU_35620,lytC,6063.66850694529,0.247095809332572,0.243948147823406,1.01290299408809,0.311106498134133,0.628334236080826
BSU_35630,lytB,6376.80261079724,0.285317139930149,0.22753533290856,1.2539465246253,0.209861442957789,0.516707929337098
BSU_35640,lytA,1159.64465538206,0.113408677907609,0.230996985577243,0.490953064275752,0.623459644526726,0.845001604336222
BSU_35650,tagU,2506.61963324742,-0.108151980119457,0.17067791302437,-0.633661252373145,0.526301917313501,0.78798884791929
BSU_35660,mnaA,1194.4760370024,-0.103030839615237,0.227904454072878,-0.452079096191295,0.651212002260318,0.858728030696754
BSU_35670,gtaB,5943.93040014773,-0.216028755732204,0.222485165542859,-0.970980493036913,0.331557992587083,0.647930000977405
BSU_35678,BSU_35678,2.02948694341257,1.72196909711782,1.94208242770082,0.886661180059394,0.37526134447219,
BSU_35680,ggaB,2171.40906976413,1.08743148789659,0.213443623733472,5.09470120903904,3.49291692458847e-07,2.18255941361418e-05
BSU_35700,tagH,3185.97545867092,-0.0956195105985863,0.222762411352702,-0.429244368553682,0.667745397315357,0.867687992677256
BSU_35710,tagG,858.799086090277,-0.158090900006698,0.196881297402377,-0.802975712231308,0.421988772828766,0.716910029173053
BSU_35720,tagF,4560.8915285399,-0.316693849819144,0.215449493055773,-1.46992153626076,0.141583006023891,0.426354495106671
BSU_35730,tagE,3580.79430343738,-0.527415136026084,0.230464714302794,-2.28848540923772,0.0221092688527651,0.132874516768598
BSU_35740,tagD,3276.48117036018,-0.276650676426125,0.263669521890411,-1.0492326699068,0.294071045845443,0.613405927244619
BSU_35750,tagA,2824.363494252,0.0479567179914008,0.225253711679677,0.212900900206243,0.831404260217007,0.943296847420234
BSU_35760,tagB,1104.26193569284,0.0197371844921579,0.206597817791454,0.0955343318876735,0.923890422053444,0.973855222849189
BSU_35770,tagC,207.386499960182,0.419488935194474,0.316845283529162,1.32395511942618,0.185517950588122,0.488880312465713
BSU_35780,lytD,10580.1118753503,1.00058742891827,0.256476240443639,3.90128702443356,9.56826204713777e-05,0.0026572251920449
BSU_35790,pmiA,2066.85620279428,-0.0230088468540437,0.216192429413674,-0.106427625224644,0.915243075784806,0.973756996068242
BSU_35800,gerBA,10.9266711288767,2.16989983799177,1.00453941029931,2.16009428375263,0.0307653714557278,0.17043293782971
BSU_35810,gerBB,23.4091787391847,-0.554738272451835,0.746012366271954,-0.743604660635892,0.45711568281087,0.740445065066274
BSU_35820,gerBC,108.908731752784,0.440143326356105,0.323167309105307,1.36196735856312,0.173208186636438,0.471166187591693
BSU_35830,ywtG,103.977603998879,0.358212339775468,0.450170989505839,0.795725064755249,0.426191855000768,0.720035463975453
BSU_35840,tagT,2500.68917959018,-0.0593026146188854,0.177070171058743,-0.334910246397243,0.737692792525376,0.902769234101236
BSU_35850,ribZB,1556.55608171914,-0.0096870409360945,0.244694817979055,-0.0395882553463954,0.968421390975723,0.986531405000203
BSU_35860,pgdS,7509.40897159708,1.09120705708763,0.253316468196243,4.30768305297181,1.64973551134612e-05,0.0006042867403197
BSU_35870,edmS,28.2749538063153,0.887773063423491,0.583417513418622,1.5216770888852,0.128090011088228,0.402555071829792
BSU_35880,capA,129.767390311394,0.433854670209174,0.303169568911711,1.43106272759032,0.152412238286886,0.445391747235887
BSU_35890,capC,34.308195837589,0.283323866312316,0.502181137708944,0.564186595308814,0.572627149529539,0.815379610707443
BSU_35900,capB,113.877087062677,0.209337871708627,0.301182294784545,0.695053711103369,0.487021641995901,0.762880728097674
BSU_35910,rbsR,18894.9173158411,-0.489958398211786,0.263850523397874,-1.85695442973578,0.0633176377213618,0.265322132818606
BSU_35920,rbsK,14707.2523094335,-0.534573824565678,0.278006292006931,-1.92288390563603,0.0544946314384193,0.244506535355695
BSU_35930,rbsD,6434.86239986377,-0.605567150626727,0.258869872767816,-2.33927240799422,0.0193213397542886,0.122349288548394
BSU_35940,rbsA,32669.8608261278,-0.616407813928943,0.240547973685363,-2.5625150961995,0.0103917069890853,0.081919040810062
BSU_35950,rbsC,16198.8108165996,-0.681520227161919,0.203112010610241,-3.35539107271067,0.0007925286068764,0.0135491240175974
BSU_35960,rbsB,24721.2394674813,-0.571424966598478,0.220254415176376,-2.59438597923629,0.00947600386913,0.0786397274217449
BSU_35970,ywsB,29922.6039689511,-0.277626479655396,0.259471995490485,-1.06996702719534,0.284634150688261,0.604146744546417
BSU_35980,ywsA,54.6264846746595,-0.877664753262789,0.739867426917454,-1.18624596965898,0.235525177033362,0.553160473887404
BSU_35990,ywrO,496.489562163721,0.129732277627287,0.272409477398881,0.476239956355572,0.63390343654135,0.850294128103039
BSU_36000,alsD,90.7931335866372,1.96954983360569,0.5610757439639,3.51031006917385,0.0004475844341628,0.0087237901869623
BSU_36010,alsS,68.6236613379269,1.06121312466708,0.418359475660734,2.53660592482353,0.0111932874654631,0.0853864963029674
BSU_36020,alsR,187.644426920712,-0.0090533991150521,0.255882478537828,-0.0353810826234973,0.971775869146359,0.987580882086314
BSU_36030,ywrK,12.5502754960523,2.39786091808139,1.09771643323671,2.1844083275779,0.0289322568456127,0.162757374644591
BSU_36040,ywrJ,10.7596635863813,1.11335055764236,0.882088441503431,1.26217565638289,0.20688558630015,0.51467029050898
BSU_36050,cotB,51.6713742299197,0.841104852098617,0.451573339671076,1.86260963216135,0.0625172081832108,0.263266221576276
BSU_36060,cotH,15.9570308092052,0.173537295373423,0.653522500086012,0.265541424129366,0.790592402978917,0.929761173611243
BSU_36070,cotG,0.0,,,,,
BSU_36079,BSU_36079,0.0,,,,,
BSU_36080,ywrF,408.566831387153,0.524591232147211,0.308382430478439,1.70110609522513,0.0889230665749228,0.322344553573
BSU_36090,ywrE,19.3432167771138,-0.527665904116353,0.754942492895674,-0.698948474992348,0.484584231706197,0.76230966328013
BSU_36100,hpxW,4.03311338666014,-0.48211999995922,1.46388675263005,-0.329342416066703,0.741896887307736,0.904279940955413
BSU_36110,chrS,61.1737698607142,0.877284074668763,0.639532735190343,1.37175788883998,0.170138820655174,0.467606629342714
BSU_36120,chrB,90.3877049350925,-0.0718002857185625,0.405609458599782,-0.177018272617277,0.859494036762395,0.952188155345395
BSU_36130,chrA,70.1123794475557,-0.282194055662027,0.346634576687727,-0.814096673097468,0.41558957163269,0.711953214066954
BSU_36140,ywqO,22.9588814110601,0.363090535555238,0.588955824451703,0.616498760145996,0.537565389961383,0.792479983387606
BSU_36150,ywqN,37.7074771904015,-0.0782057499014575,0.517556879433261,-0.151105613719394,0.879892404243314,0.960546209177221
BSU_36160,ywqM,87.3097005739721,-0.0663768459533461,0.385740716211516,-0.172076327864101,0.863377522783046,0.952905437791136
BSU_36170,nfi,399.335238801369,-0.528349583582806,0.21104935010202,-2.50344094083874,0.0122992205544317,0.0905708633202429
BSU_36180,rttO,228.862439481122,-0.915011258438432,0.385741884815784,-2.37208168066947,0.0176881799335101,0.115802417607405
BSU_36190,rttN,530.600679019814,-0.649264775939079,0.261930184250732,-2.47877035552944,0.0131836156582198,0.0954414346778975
BSU_36200,ywqI,105.083053257718,-0.797642888937951,0.474792403903882,-1.67998241416564,0.0929607373577337,0.330812540228652
BSU_36210,ywqH,163.161048428766,-0.903607834932534,0.378884069081152,-2.3849190522154,0.0170828797671026,0.113237373058376
BSU_36215,BSU_36215,106.461599888892,0.378486228365546,0.422847882940282,0.89508838434695,0.37073984275713,0.671919559244726
BSU_36220,ywqG,345.645075935815,0.166678429103131,0.250744769593228,0.664733423446983,0.506221011990117,0.777533650137758
BSU_36230,uglF,707.007209017651,-0.323712674604952,0.217426512002137,-1.48883717824517,0.136530249588928,0.418554856063026
BSU_36240,ptpZ,184.057299670989,-0.873115440639481,0.289517578395884,-3.01575968366795,0.0025633633371779,0.0311192309133397
BSU_36250,ptkA,722.188271410286,-0.701792208425343,0.188892382199295,-3.71530180441528,0.0002029612991039,0.0049562216085775
BSU_36260,tkmA,803.363097441224,-0.522606504091274,0.213236831111542,-2.45082662956055,0.0142528583749932,0.100431832894438
BSU_36269,ywzD,242.126478906417,0.137678665704933,0.336970450518518,0.408577860441703,0.682849480816436,0.877886277435916
BSU_36270,ywqB,386.311721001511,-0.489154728345995,0.258723005918341,-1.89065029841368,0.0586710411840048,0.255161979519792
BSU_36280,hepA,1463.99235150546,-0.119550356581538,0.193904799638952,-0.616541502861914,0.537537188920049,0.792479983387606
BSU_36290,ywpJ,235.358137201755,0.174707320751112,0.2672099897975,0.653820318931605,0.513227574152362,0.78191669587819
BSU_36300,glcR,137.870073582739,-0.0528974112441922,0.493662449019976,-0.107152997659037,0.914667603098666,0.973725694787628
BSU_36310,ssbB,220.872287311821,1.08694326054073,0.404318407924668,2.68833483521049,0.0071809350265057,0.0650571277774472
BSU_36320,ywpG,53.8621740280177,1.16729234964342,0.743835399829257,1.56928851451727,0.116580727324966,0.379579701458836
BSU_36330,ywpF,2081.06059591412,0.094417934600076,0.332384536231173,0.284062356422046,0.776362594367925,0.92195770359679
BSU_36340,ywpE,11.7360825113955,1.02737968993509,0.817211774319873,1.25717680804358,0.208689619287367,0.516436920414691
BSU_36350,ywpD,52.9509042946764,0.375738815347458,0.486402579713683,0.772485243743225,0.43982708334508,0.728541045178567
BSU_36360,mscL,267.63502868599,0.385611246279942,0.236388126353505,1.63126317818215,0.102834799426421,0.353515422947302
BSU_36370,fabZ,710.613676799669,0.291006135548112,0.271016274353139,1.07375889600241,0.282930756879924,0.603803508780913
BSU_36380,rapD,239.810616421637,-0.235374164444172,0.256255480478734,-0.918513680193095,0.358350000236404,0.663166006535053
BSU_36390,flhP,3304.27626467752,0.682074189650629,0.185139133622005,3.68411678453248,0.0002294970095103,0.0052709880724827
BSU_36400,flhO,3409.44494382488,0.60923813828041,0.174938833725565,3.4825780263069,0.000496610476143,0.009504945554647
BSU_36410,mbl,4716.3285245248,-0.216503730700427,0.185700748227049,-1.16587430458663,0.243665269317594,0.560560819591432
BSU_36420,spoIIID,2.32100923627522,-0.902227182533024,2.69556442185746,-0.334708076429989,0.737845308421,
BSU_36430,usd,0.0,,,,,
BSU_36440,ywoH,30.608534717641,-0.0243351897272451,0.649601466701391,-0.0374617222630617,0.970116859918658,0.987304505211135
BSU_36450,ywoG,77.4099922144082,-0.179423182939762,0.4713996567711,-0.380617975347583,0.703486741143124,0.88983277072369
BSU_36460,ywoF,972.963645762399,0.119210772488616,0.242248508155722,0.492101162546624,0.622647830462405,0.844440035631905
BSU_36470,pucI,15.2094975145153,0.23206272870909,0.717773698317391,0.323309044693463,0.746461204852351,0.907500331736092
BSU_36480,ywoD,239.920118013704,0.244457526147651,0.254430127048032,0.960804166487335,0.336650643270332,0.64990215274533
BSU_36490,ywoC,121.831660281398,0.0597528518156116,0.316975199352746,0.188509548815255,0.850477230832698,0.950082430691064
BSU_36500,ywoB,45.0102955871371,0.534956102718992,0.453144193629203,1.18054277256553,0.237784409146111,0.555135139814191
BSU_36510,amtB,32.6664853864113,0.299642525633791,0.55458043010959,0.540304903248351,0.588986777486674,0.824501521724817
BSU_36520,glnK,346.1225852313,-0.207015280206688,0.287169964460297,-0.720880683311535,0.470982928571851,0.74999097635566
BSU_36530,bcrC,214.001540142962,-1.15405349563384,0.310821568172955,-3.71291317529058,0.0002048871913374,0.0049746610056735
BSU_36540,ywnJ,32.0181476103262,0.697304453292234,0.591764998170455,1.17834690366627,0.238658336072498,0.555939792517741
BSU_36550,spoIIQ,131.691847822061,-0.182604231021864,0.359229416275898,-0.508322043653626,0.611227513340647,0.837235881426309
BSU_36560,ywnH,555.216620210462,-0.28455888387229,0.199365471027418,-1.42732280773513,0.153486869401509,0.447301583050078
BSU_36570,ywnG,1008.57556611586,-0.0428447977669534,0.208198554360877,-0.205788161682858,0.836956388896906,0.944977178059926
BSU_36575,BSU_36575,16.8545224146156,-0.0232212241802331,0.638833093666498,-0.0363494383907977,0.971003729828079,0.987486601051333
BSU_36580,ywnF,307.006284658054,0.24014650829418,0.305686874667878,0.785596400091087,0.432103974153043,0.722554028404674
BSU_36590,clsA,733.623400652273,-0.154308459667152,0.246623620561952,-0.62568402538065,0.531522213220541,0.790034754652159
BSU_36600,mta,114.635637705986,0.675181542741745,0.346786213292329,1.94696766152174,0.0515386117937066,0.235470496248881
BSU_36610,ywnC,984.9228093187,0.75043233592168,0.235207672002306,3.19050960172049,0.0014202212166535,0.0199985897944859
BSU_36620,ywnB,116.61424746609,0.424272498390877,0.299837038305426,1.41501030289225,0.157065475258813,0.450732011036801
BSU_36630,ywnA,716.778595156638,0.595379001108914,0.244084682755709,2.4392313126211,0.0147185435352904,0.102188057976224
BSU_36640,ureC,447.117343001043,0.0696292481820498,0.258126352538505,0.269748700577417,0.787353591170218,0.927566599619965
BSU_36650,ureB,54.6061187464971,0.882268088879535,0.552944432582455,1.595581828646,0.110582187201511,0.368809822150095
BSU_36660,ureA,60.874229954273,1.19429327726891,0.55943700855187,2.13481278323076,0.0327763056900198,0.176919994842175
BSU_36668,ywzE,7.21460771443898,1.18485857286386,1.1642487915843,1.01770221401864,0.308819494787681,0.626320030947148
BSU_36670,csbD,124.450266755707,-0.403291620940633,0.722113016949621,-0.558488230338561,0.576511039268712,0.816132786996299
BSU_36680,ywmF,1.55244975016152,0.269987749360312,2.42881069088215,0.11116047470223,0.911489093946892,
BSU_36690,rapB,1470.67921150356,-0.280159516034224,0.191773020154065,-1.46089119214555,0.144045304157715,0.431323817735116
BSU_36700,moaA,714.753102599626,-0.193400371633973,0.220369016462014,-0.877620523696943,0.380149687656018,0.680195435198183
BSU_36710,fdhD,408.548437407577,-0.183155285233985,0.240485930218896,-0.761604993137325,0.446295793849581,0.731819084939409
BSU_36720,ywmE,13.5996195818818,1.25310227720704,1.03991968465002,1.20499909339515,0.228203651885841,0.542113630519511
BSU_36730,ywmD,21.2543110754562,0.53497141906179,0.741283076419911,0.721683033215165,0.470489375854541,0.749875595943526
BSU_36739,BSU_36739,0.311780209811161,0.289841449897053,3.48094323176856,0.083265204457182,0.933640667007767,
BSU_36740,ywmC,35.9709350248548,0.542423303115192,0.549906062991475,0.986392657983117,0.323940466530257,0.639463114730423
BSU_36750,spoIID,111.041809828522,-0.400583262330373,0.400315259723622,-1.00066947886757,0.316986627741385,0.632930536312568
BSU_36760,murAA,12943.9301907582,-0.131131819883394,0.220702511075259,-0.594156447267058,0.552407479535817,0.802180239421629
BSU_36770,ywmB,3216.95753427864,-0.416059160622812,0.208853435418916,-1.9921106865601,0.0463589146906187,0.22058121894786
BSU_36780,ywzB,490.915889779018,-0.344222228098338,0.268636641466253,-1.28136737497733,0.200064657905203,0.503751853933211
BSU_36790,ywmA,23.0192756411973,1.32102261010876,0.753911108704321,1.75222595191505,0.079734962858664,0.301686426702105
BSU_36800,atpC,15337.1304833027,0.266632299152163,0.196203960509851,1.35895472476345,0.174160935967667,0.473152056858451
BSU_36810,atpD,31629.0825743626,0.152498127512192,0.215262605667255,0.708428326598989,0.478679306772826,0.756869235341919
BSU_36820,atpG,18838.9289633356,0.107321544977979,0.222857350626269,0.481570586190611,0.630111025389585,0.848680863803551
BSU_36830,atpA,31108.7935850099,0.0808916720464632,0.231812567929667,0.34895291816536,0.727124656216636,0.89969500997801
BSU_36840,atpH,9900.2346601087,-0.0126426505987423,0.241140905280271,-0.0524284777982735,0.958187283313255,0.984360123180105
BSU_36850,atpF,13280.9358679543,-0.132386508222879,0.223466840361137,-0.592421264868354,0.553568530117959,0.802706073347221
BSU_36860,atpE,5157.14078772742,0.136541129470213,0.207082683758813,0.659355610965721,0.50966743949464,0.780106970609772
BSU_36870,atpB,24523.8557840943,0.0999934375613083,0.200900083792692,0.497727206846222,0.618676329058604,0.841062459010091
BSU_36880,atpI,6027.12786481405,0.0180016968880356,0.177571997207756,0.10137689033803,0.919251280788628,0.973756996068242
BSU_36890,upp,2440.65034486993,0.377981217619388,0.212283326754769,1.78055066027882,0.0749858862412908,0.290972630720771
BSU_36900,glyA,18071.6030466603,-0.531650415343875,0.217193842935585,-2.44781531630043,0.014372530472712,0.100607713308984
BSU_36910,ywlG,1723.26397304237,-0.199038070012934,0.221004502058693,-0.900606404660819,0.367797628087808,0.670429910658557
BSU_36920,rpiB,1366.92359542109,-0.239684487569007,0.234819114421308,-1.02071966398344,0.307387275364666,0.624922743073906
BSU_36930,prpB,259.008136203977,-0.0459651747192399,0.252954801304449,-0.181712995690157,0.855807966685513,0.950918454494557
BSU_36940,mntP,105.678646551002,0.410307948611849,0.480201942433532,0.854448748233962,0.392856395393652,0.692815645116584
BSU_36950,tsaC,873.863208370392,0.374071891820499,0.29952446273543,1.24888594542248,0.211706792841578,0.518169448608216
BSU_36960,ywlB,28.2335586436032,0.843009160579601,0.809395167286727,1.04152976772218,0.29762974508322,0.614972479148359
BSU_36970,spoIIR,27.6849556480309,-0.843804865092158,0.578144561033984,-1.45950497844874,0.144426171398157,0.43185559624966
BSU_36980,ywlA,59.7897993387507,0.324674472778884,0.482146268163567,0.673394142436335,0.500696574162633,0.772124832053694
BSU_36990,ywkF,191.352735351047,-0.431027036346478,0.297731507372062,-1.44770380585835,0.147699905104542,0.43726692333762
BSU_37000,prmC,471.876949842701,-0.624041580189317,0.23353006326555,-2.67221089851592,0.0075353273330853,0.0665646691024522
BSU_37010,prfA,4383.65107678915,-0.297923590373269,0.176908679568062,-1.68405298768085,0.0921714288003071,0.329383011751476
BSU_37020,ywkD,112.726366408392,0.435563200941928,0.38139514594408,1.14202607341466,0.253443182012718,0.570790251916988
BSU_37030,racA,374.533706418495,-0.0595146860213455,0.255721181319668,-0.23273271973098,0.81596896008614,0.93865365738648
BSU_37040,ywkB,81.0695705956352,1.49117767413527,0.439260107413847,3.39474868982438,0.0006869162238358,0.0123152195572934
BSU_37050,maeA,176.543975185909,1.45533575718779,0.394226752439582,3.69162099776786,0.0002228293450697,0.0051737808043791
BSU_37060,tdk,346.266315024554,-0.768896590076867,0.335439993384526,-2.29220309218005,0.0218939266104529,0.132874516768598
BSU_37070,rpmEA,8371.77123491337,-0.26267027242399,0.248733627651001,-1.0560304004915,0.290954326054076,0.609664362238815
BSU_37080,rho,2045.19694259413,-0.0605440918205998,0.244300888633537,-0.247825917290947,0.804269101235516,0.936000934305589
BSU_37089,BSU_37089,129.87611468157,-0.0145948735516382,0.300759258836371,-0.0485267639244268,0.961296435035909,0.984609569977209
BSU_37090,glpX,4562.63689926857,-0.636993075274796,0.188050599403116,-3.38734934797682,0.000705714632299,0.0123908325315652
BSU_37100,murAB,5680.5542398811,-0.786635864295797,0.225830626392582,-3.483300192102,0.0004952726697992,0.009504945554647
BSU_37110,tal,15294.6235322631,-0.498365327411667,0.197244645670508,-2.52663551762096,0.0115160949165221,0.0872226155085604
BSU_37120,fbaA,35401.9251434885,-0.223454259719292,0.19696301138739,-1.13449859516922,0.256585462687661,0.573504277201405
BSU_37130,spo0F,388.872361439384,-0.473812242002247,0.305906757992657,-1.54887798200791,0.12141105477684,0.3893036150615
BSU_37140,ywjG,240.599294585843,0.0936070333411169,0.292091020071942,0.320472136795104,0.74861044908665,0.908813085191193
BSU_37150,pyrG,5245.80236791065,-0.323449824126191,0.223275892283013,-1.44865538692463,0.147433845197315,0.436852446473775
BSU_37160,rpoE,1474.02687056627,-6.04588092376234,0.431377268356191,-14.0152979010712,1.25669842540658e-44,5.33971160955256e-41
BSU_37170,acdA,283.162896187101,0.351316856589722,0.259587943841159,1.35336353218581,0.175939521769577,0.474645732062815
BSU_37180,fadF,253.379582476212,-0.0705254468719868,0.344607899593258,-0.204654179301253,0.837842322209027,0.94529793602394
BSU_37190,clsB,5.81577380932906,1.11598329756437,1.30229775408367,0.856934056796872,0.39148132969297,0.691069451543594
BSU_37200,uvsE,9.73875973114746,0.578302300903548,0.848853181282757,0.681274823084998,0.495697611002569,0.768412677544661
BSU_37210,ywjC,89.7107641845939,-1.52871520944248,0.700220356955347,-2.18319161140865,0.0290217022623693,0.162897242949547
BSU_37220,ywjB,693.98865342742,-0.848458787495445,0.330510052218135,-2.56711946218043,0.010254727664954,0.0816603230764984
BSU_37230,ywjA,1172.59465282988,-0.975895037927336,0.265196462074346,-3.67989463469444,0.0002333303425467,0.0053302184165644
BSU_37240,clsC,72.4953759173663,-1.72118729267874,0.639839552706074,-2.69002953224651,0.0071445696092199,0.0648659749349906
BSU_37250,narI,3.40765061001794,-0.247829438992631,1.73134995059705,-0.143142314416082,0.886177786943418,0.962025911273015
BSU_37260,narJ,4.28348680017969,2.3076599099369,1.67268136154046,1.37961716020537,0.167704551031422,0.465121124213843
BSU_37270,narH,8.47771318580988,1.31912292929379,1.1605470872316,1.13663886955286,0.255689283977754,0.572404514026068
BSU_37280,narG,17.1826012493012,0.786358575072926,0.802347107639138,0.980072798401109,0.327050185264636,0.642457807299786
BSU_37290,arfM,4.03599700658486,1.0428715713141,1.38177659348098,0.754732404814366,0.450409559045337,0.735224823812384
BSU_37300,ywiC,51.6038131503341,0.454843077968617,0.483925460479146,0.939903177481644,0.347267227330522,0.653760943255378
BSU_37310,fnr,196.783137974707,-0.578344642068251,0.32235009879072,-1.79415065867168,0.0727891251486906,0.286345575596804
BSU_37320,narK,23.0846324230857,0.717651824749406,0.806902904051539,0.889390558821891,0.373793217186785,0.67355698890019
BSU_37330,argS,5461.39985806868,-0.256122586640185,0.188824801303542,-1.35640331604776,0.174970878775857,0.473837644307596
BSU_37340,ywiB,936.389660942907,-0.234043887644006,0.203541905702837,-1.14985603006833,0.250203173444228,0.567296309479468
BSU_37350,sboA,0.404958080136014,-1.72299829387726,3.49311548161684,-0.493255462908356,0.621832093186437,
BSU_37360,sboX,5.58223030140429,0.474785757628981,1.25100695244351,0.379522876912564,0.70429961941675,0.889851050520895
BSU_37370,albA,428.760302010447,-0.254614544695844,0.302164763509633,-0.84263479877172,0.399432722767033,0.698311399313045
BSU_37380,albB,5.54212237764079,0.114358447263595,1.1857514225912,0.0964438625877335,0.923168057154027,0.973756996068242
BSU_37390,albC,165.225682824487,-0.289887793561853,0.315930883974644,-0.917567127071753,0.358845534570498,0.663737318123344
BSU_37400,albD,143.474977337813,-0.243415706119609,0.34867511443837,-0.698116085834495,0.485104599068677,0.762655168717876
BSU_37410,albE,123.114871134022,0.22423710006051,0.290096908867633,0.772973076258547,0.43953831476492,0.728541045178567
BSU_37420,albF,53.4304035057561,0.396394947821266,0.430060698013663,0.921718607750278,0.356675371970967,0.66222038005496
BSU_37430,albG,28.1149205519988,0.717159564869681,0.561229910928917,1.27783560873061,0.201307396002987,0.505230434504838
BSU_37440,ywhL,16.5110939717858,1.22927733696852,0.927827695029183,1.32489830121944,0.185204884389405,0.488779847062472
BSU_37450,ywhK,15.9016406302625,1.65700234585564,0.812769134379884,2.03871219484716,0.0414787599481992,0.204670173839774
BSU_37460,rapF,5154.30716587511,-0.0085331936815975,0.290484653296605,-0.0293757125712407,0.976564943003966,0.989135743223802
BSU_37470,phrF,903.534680031468,0.0628202529634496,0.354604612735414,0.17715576929148,0.85938603706024,0.952188155345395
BSU_37480,ywhH,278.528642161632,-0.0166905643111131,0.308591546941158,-0.0540862654099066,0.956866434845475,0.984268723226397
BSU_37490,speB,1622.55573678615,0.195894925614089,0.222940991094711,0.878685093540595,0.379572043199204,0.679933225781373
BSU_37500,speE,2866.95214483286,-0.117600825925055,0.182634544742626,-0.643913374059554,0.519631608770663,0.78549540842811
BSU_37510,pbpG,11.8726992934223,0.516775933397754,0.826759566847088,0.625061933505673,0.531930410565719,0.790034754652159
BSU_37520,ywhD,782.40244831851,-0.216570686250001,0.186155953144704,-1.16338308064559,0.244674111052818,0.561350052842021
BSU_37530,ywhC,390.004370141838,-0.227535760285227,0.232280532972615,-0.97957309367829,0.327296891799861,0.64263751359524
BSU_37540,hmtB,448.251173518574,0.519751893975993,0.333798366530048,1.55708339552106,0.119450686760714,0.384602370776227
BSU_37550,ywhA,150.475122796662,-0.174044354762251,0.362661066592471,-0.479909123958508,0.631292013219353,0.849385612466445
BSU_37560,thrZ,146.334037656172,-0.0549167136211174,0.279368064632057,-0.196574772042917,0.844160314383402,0.948509467638127
BSU_misc_RNA_57,tboTB,175.497610481023,0.155421334634508,0.346891580600727,0.448040088967737,0.654124264589654,0.858728030696754
BSU_misc_RNA_58,tboTA,303.643005634693,0.0695549154170264,0.290727512684719,0.239244352124511,0.810916113014636,0.936779950872458
BSU_37569,BSU_37569,2278.31064340047,0.367730804484146,0.240401936176419,1.5296499285026,0.126103403786149,0.3977827488399
BSU_37570,mmr,176.461116850409,-0.0378929119645814,0.341345228430845,-0.111010521924604,0.911608003016629,0.972161704409675
BSU_37580,ywgB,57.5429856812242,-0.450239161592383,0.586280688592228,-0.767958369349488,0.442511918164887,0.729055114494999
BSU_37590,ywgA,983.818631711645,-0.805246677370535,0.198262055781114,-4.06152692303134,4.87527945187132e-05,0.0015813024725955
BSU_37600,ywfO,2212.44242578355,-0.792161877147382,0.196865568526054,-4.02387214320083,5.72490055572462e-05,0.0017886104750936
BSU_37610,ywzC,202.566445848851,0.113259877059224,0.24780118709968,0.457059461194849,0.647628307245854,0.857525960521608
BSU_37620,psrF,41.3838639546638,-0.718772964955808,0.714663182581972,-1.00575065635673,0.314535528832267,0.629952031777842
BSU_37630,ywfM,75.4262241969802,0.400797141972027,0.49696677154681,0.80648680137013,0.419962215302254,0.715601319531729
BSU_37640,lipL,1163.57808095252,-0.118205814089495,0.192737024675846,-0.613301021369915,0.539677318167834,0.793330188743733
BSU_37650,cysL,154.493784889308,-0.448479092717649,0.357336116870475,-1.25506231120828,0.209456140782554,0.516707929337098
BSU_37660,pta,5045.98358779429,0.053267581592069,0.24813023375726,0.214675901382415,0.830020012444595,0.943296847420234
BSU_37670,hemQ,2234.27593426515,-0.040378464093271,0.231736613160257,-0.174242919764031,0.861674556317844,0.952707569553608
BSU_37680,bacG,282.486229827752,0.370164294559676,0.357327646077261,1.0359240283346,0.300237586745556,0.617888193587865
BSU_37690,bacF,532.372430610683,-0.0185989392638746,0.253758730758204,-0.07329379055571,0.941572332830602,0.980016995776273
BSU_37700,bacE,542.511975267764,0.333601930202707,0.316695310334305,1.05338449707561,0.292164806498104,0.610628756916106
BSU_37710,bacD,784.451839568374,0.382156866418121,0.270618577177164,1.41216050429508,0.15790270686459,0.451499731808641
BSU_37720,bacC,375.655131031726,0.304656852402418,0.244213445001536,1.24750237400116,0.2122133503121,0.518513240641812
BSU_37730,bacB,239.619436824887,0.431054541092286,0.285966677365923,1.50735933662896,0.131718575798471,0.408304439321807
BSU_37740,bacA,169.398890958949,1.19970260984212,0.322142002424478,3.72414215101733,0.0001959804817205,0.0048414015513407
BSU_37750,ywfA,19.9670665891657,1.73456845863295,0.900945466400858,1.92527575010982,0.0541948697481899,0.243539454336393
BSU_37760,rocC,3749.40924372498,0.427955312791608,0.208172704663559,2.05577053669573,0.0398046392432944,0.198976367229127
BSU_37770,rocB,8040.41350327867,0.224157390750269,0.188311612542833,1.19035351948506,0.233907473620706,0.551232864899822
BSU_37780,rocA,79457.4514259547,0.176941289308278,0.21704290994057,0.815236440373599,0.414936982842654,0.711775228138247
BSU_37790,rocG,22506.1917114633,-0.309724849141368,0.225602927596099,-1.37287601912629,0.169790892863047,0.467423749163994
BSU_37800,bslB,2646.14658133913,0.529201883061703,0.233163764781969,2.26965748111229,0.0232283730877329,0.137794890316975
BSU_37810,spsL,52.3714907314989,0.346846997261195,0.42350360132577,0.818994209672355,0.412789717209096,0.71067403096493
BSU_37820,spsK,111.69001969699,0.396021682137986,0.345238368883724,1.14709637697126,0.251341791090821,0.567455510278905
BSU_37830,spsJ,116.729420864293,0.44461721938217,0.400035237758687,1.11144513636665,0.266376793048209,0.584323693165637
BSU_37840,spsI,58.9560850615742,0.317753952474401,0.403356000574273,0.787775444079183,0.430828066965817,0.722370570162217
BSU_37850,spsG,33.9963946967506,0.576064991027097,0.927662136574283,0.620985775224607,0.534608982545868,0.790240783978417
BSU_37860,spsF,29.2088517173739,0.268400896892782,0.510384003519688,0.52588030785026,0.59897137185461,0.830575604098904
BSU_37870,spsE,24.6291836853313,-0.60475608913191,0.69266530543275,-0.873085578833897,0.38261643369815,0.681828324286679
BSU_37880,spsD,25.7340039641001,0.930366651350792,0.570284850942613,1.63140691851275,0.102804486020909,0.353515422947302
BSU_37890,spsC,41.1673305152662,-0.0857997342418147,0.554093771311163,-0.154846956750272,0.876941971500781,0.960094418167178
BSU_37900,spsB,15.8565148661286,1.39195957428867,0.700787786516613,1.98627830146362,0.0470024306154707,0.222894338934302
BSU_37910,spsA,9.92713253769436,-1.335465806741,1.06364846279033,-1.2555518608447,0.209278494113522,0.516707929337098
BSU_37920,gerQ,7.0711380346475,1.33196274814833,1.29438280478545,1.02903309841876,0.303464121816455,0.621265474015073
BSU_37930,ywdK,596.900377496808,-0.0726058232699522,0.260507763761178,-0.278708865416057,0.780468258390661,0.924250175557949
BSU_37940,ywdJ,1716.75988504705,-0.172314221804976,0.212615819737498,-0.810448733390208,0.417682318578113,0.713414615685913
BSU_37950,ywdI,374.129439339085,-0.543238267728198,0.26523517901424,-2.04813807032374,0.04054647252261,0.201499370466163
BSU_37960,ywdH,356.61169236901,0.308551618977979,0.282679039814177,1.0915263444393,0.275041346254227,0.594291584619355
BSU_37970,ung,558.392813387711,-0.0813269106293301,0.235499024739915,-0.345338630251855,0.729839808196136,0.901479460763193
BSU_37980,ywdF,675.136624705411,-0.194453509119924,0.200012807221549,-0.972205289356961,0.330948429706828,0.647421674873071
BSU_37990,ywdE,26.804194027383,-0.24336048692218,0.542163163108548,-0.44886946122796,0.653525827214337,0.858728030696754
BSU_38000,ywdD,217.653585386379,-0.0580407058494567,0.237005213049726,-0.24489210639126,0.806539973818461,0.936591513734529
BSU_38018,ywzG,292.360050269018,0.419383639913098,0.326322273451662,1.28518239186398,0.198728555239842,0.503751853933211
BSU_38020,pdxK,2368.06160492425,0.0093727374360546,0.262795721051755,0.0356654872405964,0.971549090225856,0.987580882086314
BSU_38030,ywdA,400.205324751926,0.22580950810422,0.283146417480625,0.797500848195163,0.425160210431326,0.7192327631705
BSU_38040,sacA,1054.48930967371,-0.540357636730401,0.206633016858145,-2.61505951443064,0.0089211909192417,0.0750616637937786
BSU_38050,sacP,578.283210059975,-0.53486263635815,0.243788226193105,-2.19396418239856,0.0282379846035016,0.160405343021762
BSU_38060,nirC,3.8751198300085,3.04811296363189,1.66198534460834,1.83401915878518,0.0666511502561465,0.27178573650515
BSU_38070,sacT,226.494214560122,0.0343217477258411,0.337950376002279,0.101558542800999,0.919107087293367,0.973756996068242
BSU_38080,ywcI,12.7571913974711,-0.110099040689506,0.843865259215554,-0.130469929277397,0.896194643719012,0.965486481599579
BSU_38090,vpr,548.646905334161,-0.484127616310122,0.248204273383971,-1.95052087423644,0.051114067870216,0.234954485589358
BSU_38100,ywcH,284.469151851488,0.699881591478833,0.345900192739687,2.02336282595119,0.0430357538869565,0.209700594341374
BSU_38110,nfrAA,1219.92287934335,0.67690385315172,0.263241946706583,2.57141333902311,0.0101284360890025,0.0816442174592162
BSU_38120,rodA,1175.32994047829,-0.0438032240695003,0.203417671740891,-0.215336375127211,0.829505071520829,0.943296847420234
BSU_38130,ywcE,122.427619815613,0.377780682367935,0.303317178915999,1.24549715158916,0.212949061896625,0.519713132681654
BSU_38140,qoxD,6550.68783524867,-0.0101305420566781,0.183641403109026,-0.0551648042607456,0.956007168350307,0.984233451503636
BSU_38150,qoxC,7446.11720387828,-0.37129228148785,0.236118016638314,-1.57248602531079,0.115837877596715,0.378280952106547
BSU_38160,qoxB,29729.451327517,-0.237046496398122,0.216313047980374,-1.09584927313136,0.273144741342753,0.593250410050628
BSU_38170,qoxA,14826.4376942644,-0.114549070376568,0.189856073808392,-0.60334688313514,0.546277950147054,0.7981894808029
BSU_38180,ywzA,91.0158293104533,-0.36722247826737,0.636169482205437,-0.577240009995927,0.563777332495908,0.809560623783411
BSU_38190,galT,2849.19771036261,-0.166649376134442,0.209509020734085,-0.79542816605476,0.426364481202867,0.720040811061599
BSU_38200,galK,1836.42624278768,-0.247168586120311,0.20789422066704,-1.18891513832013,0.234473062432959,0.551342580120445
BSU_38210,ywcD,268.214033711902,-0.665657432282766,0.269339906476314,-2.47144005131414,0.0134570111779598,0.0960988915884894
BSU_38220,slrC,340.071189859543,-0.132202185304063,0.295445743082471,-0.447466881481382,0.654537995091919,0.858728030696754
BSU_38229,slrA,239.305764313913,0.0835635058533264,0.303256894488555,0.275553523669287,0.782891010729775,0.925339847231411
BSU_38230,vbfB,25.1858493048893,-0.247758427797669,0.744608284799157,-0.332736598363927,0.739333120671888,0.902887828715049
BSU_38240,vbfA,49.8095026003744,-0.299603883472863,0.496414754456948,-0.603535412239337,0.546152564968114,0.7981894808029
BSU_38250,ywbO,355.811039298767,-0.757383168435137,0.248674094138569,-3.04568584459425,0.0023215025887609,0.0287582055383242
BSU_38260,efeB,5860.79723729625,-0.237966376090575,0.258548379344906,-0.920393996255243,0.357366904896531,0.662385790788986
BSU_38270,efeM,4907.91603602505,-0.387320202101041,0.266697768217334,-1.45228137711828,0.146423383455671,0.435071997414788
BSU_38280,efeU,3302.09065798668,-0.402461296648532,0.279806892344002,-1.43835376347247,0.150333704470926,0.441239321677897
BSU_38290,thiE,405.33955478224,0.415718032467197,0.271423961337258,1.53161876504575,0.125616539129266,0.396742914474542
BSU_38300,thiM,402.939594576119,0.0370451191975757,0.233291920599917,0.158792979638185,0.873831980068889,0.958878009875813
BSU_38310,cidR,276.547384332415,0.224988601460397,0.283614143587065,0.793291189976671,0.427608188543898,0.721037357049319
BSU_38320,cidA,12.6224581459835,-0.763818179838326,0.971652293130899,-0.786102379666207,0.431807510295332,0.722398480740579
BSU_38330,cidB,18.5828616890576,0.930183267816538,0.772587747165147,1.2039839762275,0.228595771942118,0.542113630519511
BSU_38340,ywbF,600.477678855408,0.716822415571015,0.219206584274873,3.27007702776007,0.0010751820248953,0.0164925935876547
BSU_38350,ywbE,220.251891300996,0.833734349173785,0.307318983682112,2.71292823887571,0.0066691547255547,0.0617369028951683
BSU_38360,rlmI,676.916555301453,0.0547828579657832,0.19989007671223,0.274064920414488,0.784034731493102,0.92589315567376
BSU_38370,glxA,1927.6373602823,0.550309867787804,0.3058485505876,1.79928878763866,0.0719730107867397,0.285794737462579
BSU_38380,ywbB,74.2448381917387,0.461363223894975,0.363335605773671,1.26979909638244,0.204156202690691,0.510270414842793
BSU_38390,ywbA,65.7688086235972,0.350220953302339,0.392638789926627,0.891967279564469,0.372410470765038,0.672959164594569
BSU_38400,epr,5617.95174659847,0.897747421051065,0.223742168034186,4.01241942428079,6.00995958409673e-05,0.0018418567529814
BSU_38410,sacX,146.902310938706,0.44942335905998,0.319283180328126,1.40760111008074,0.159249218567591,0.453518719633844
BSU_38420,sacY,177.489083979847,1.11116819515966,0.27463506040536,4.04598085007639,5.21044925974643e-05,0.001652339883818
BSU_38430,gspA,778.974771578003,-0.082944673696315,0.861953042483531,-0.0962287614384745,0.923338888481748,0.973756996068242
BSU_38440,ywaF,2.83821586156074,0.921724307052288,1.75566062090643,0.525001413186797,0.599582208537596,0.830575604098904
BSU_38450,tyrZR,116.077307152893,-0.402724595376907,0.383957083968874,-1.04887919038773,0.294233724208993,0.613444109010801
BSU_misc_RNA_59,tboYB,29.4502790629135,0.0771756686777078,0.53454238740696,0.144377079340861,0.885202715204612,0.961688479756606
BSU_38460,tyrZ,60.0674648112453,-0.943309140485056,0.400084553690261,-2.35777445488523,0.0183848593970206,0.118899950651356
BSU_38470,eapD,66.130464869643,0.683163368672729,0.67483263810043,1.01234488390447,0.311373181332603,0.628392428742041
BSU_38480,relQ,106.072792833773,-0.722803464214149,0.319564895378606,-2.26183624880888,0.02370752234935,0.140101894940735
BSU_38490,menA,1723.79487350803,-0.0672786181209341,0.199644270603642,-0.336992481264357,0.736122568029875,0.902678712164002
BSU_38495,BSU_38495,2.65596592578256,0.305440872566738,2.1547422822089,0.141752856055537,0.887275223342763,0.962392197235767
BSU_38499,ywzH,100.450942194543,-0.483773804174113,0.409289072761206,-1.18198563404199,0.237211401145147,0.554406624568608
BSU_38500,dltA,5771.44508241771,-0.577959779876855,0.229719578391907,-2.515936098798,0.0118716705001694,0.088341029693905
BSU_38510,dltB,3479.11027699959,-0.576205497232761,0.243006719586889,-2.37115046946978,0.0177328102564588,0.115802417607405
BSU_38520,dltC,497.199432989698,-0.312292463786582,0.271721301207952,-1.14931167486048,0.25042748570979,0.567348166286762
BSU_38530,dltD,5457.09771005072,-0.472830028184341,0.251859172638208,-1.87735877646019,0.0604689374677342,0.259265908476693
BSU_38540,dltE,4566.89320673473,-0.332632333566981,0.238866777630091,-1.39254331166176,0.163757935617262,0.460494684604731
BSU_38550,ilvK,1628.08929332286,0.321624250416614,0.301445460689666,1.06694010147236,0.285998884886918,0.605296831524631
BSU_38560,licH,3223.60574148231,0.382620863134124,0.308025459657024,1.24217285012791,0.214172794513299,0.520904524262741
BSU_38570,licA,907.318308804156,0.16666638498036,0.311509284902794,0.535028626939221,0.592630062139903,0.82631241431659
BSU_38580,licC,2466.96708292452,0.307096669069354,0.336261474814427,0.913267478050622,0.361101882396673,0.665565395385381
BSU_38590,licB,535.228884889672,-0.114483075040055,0.343350623584799,-0.333429058158621,0.738810431629236,0.902887828715049
BSU_38600,licR,992.551555352221,0.587953066285589,0.232411624270017,2.5297919935472,0.0114130165066187,0.0867511755574645
BSU_38610,yxzF,41.6441924374327,-0.0191878294845321,0.474729884936949,-0.0404184149626067,0.967759549227548,0.986521610731621
BSU_38620,aag,81.9846815766342,0.107811735106052,0.398399309154573,0.270612254159864,0.786689269934202,0.927566599619965
BSU_38630,katX,188.156132227968,-0.204748171003785,0.568512055265758,-0.360147457045696,0.718736864984776,0.896411522768506
BSU_38640,yxlH,309.076154674471,0.350725959855295,0.24322495469832,1.44198180770683,0.149307505829357,0.439340437859377
BSU_38650,yxlG,234.939582907812,-1.1364094629223,0.426377569424243,-2.66526558715752,0.0076927542189864,0.0675630581808866
BSU_38660,yxlF,228.18647539701,-1.05591549763765,0.491134708643327,-2.14995087713192,0.0315591006103263,0.172719187264085
BSU_38670,yxlE,60.7736902969713,-1.74634347115249,0.520782718281195,-3.35330534184423,0.0007985256058079,0.0135491240175974
BSU_38680,yxlD,52.9096395169915,-2.09281983988068,0.738597713960466,-2.83350435605694,0.0046040680468711,0.0481839535250139
BSU_38690,yxlC,17.64450646468,-2.42266021062925,0.808812765989766,-2.99532884803639,0.0027414910500914,0.0329988540278711
BSU_38700,sigY,90.2643076386357,-0.266608907272408,0.596482785569065,-0.446968317816672,0.654897935376726,0.858846088708553
BSU_38710,yxlA,45.9980458123717,0.766333081451364,0.575087736285256,1.33254985822067,0.182679569328763,0.485461484409499
BSU_38720,nnrA,78.2829018602976,-0.602999901241718,0.476717406264323,-1.26490011339627,0.205907136713293,0.513321856291271
BSU_38730,cydD,44.0275867617266,0.0439614060905999,0.495253210928936,0.0887655145297139,0.929268264886606,0.974838901080237
BSU_38740,cydC,20.4646188310678,0.780593210616727,0.905332709672731,0.862216953255675,0.388568142205248,0.688788500721777
BSU_38750,cydB,12.5978418917769,0.446063045427482,0.944969039407825,0.47203985191622,0.63689834343765,0.850958608428021
BSU_38760,cydA,9.39157375174321,-1.15947075339471,0.951465490696115,-1.21861566681353,0.222990099893873,0.532722033933822
BSU_38770,cimH,352.525000632259,-0.169728010752854,0.383846812962625,-0.442176423044524,0.658361545678636,0.861261763420112
BSU_38780,yxkI,536.77173434197,-0.0267872109209254,0.250469012093642,-0.106948203680025,0.914830071450273,0.973725694787628
BSU_38790,yxzE,63.2825188591139,-0.602419473301452,0.396353134699529,-1.5199059135943,0.128534623996787,0.402883487018923
BSU_38800,yxkH,321.767506877362,0.512217718227948,0.283428173869119,1.80722230692733,0.0707276241919289,0.283732696001132
BSU_38810,msmX,1809.24132325282,-0.307525335666632,0.177397848528449,-1.73353475376177,0.0830006659179638,0.309903189354506
BSU_38820,yxkF,497.867283331285,-0.335083828487099,0.20405226539174,-1.64214706386035,0.100559530114824,0.3493683102681
BSU_38830,aldY,50.9779276532924,0.514515541775679,0.583213091314428,0.882208491952881,0.377664070554952,0.677661961697447
BSU_38840,gdnE,890.904819894106,0.498655131851525,0.234364726547215,2.12768849305088,0.0333629196025425,0.178759851777045
BSU_misc_RNA_60,gdwB,25.5513723637007,0.972433349386644,0.727674763418922,1.33635711759158,0.181432575561751,0.483630497843086
BSU_38850,yxkC,12758.0029810529,0.992206483124592,0.195272444188781,5.08113926287197,3.75177932393418e-07,2.27653173264567e-05
BSU_38860,galE,4155.44203051958,-0.111482909109404,0.177031225422196,-0.629735849387768,0.528867423362769,0.788324209908911
BSU_38870,yxkA,8.08595225842814,-0.173033218829227,1.1321649172657,-0.152833934518233,0.878529236219276,0.960546209177221
BSU_38880,yxjO,152.945265646966,0.0464030261039843,0.319920546400016,0.145045470277372,0.884674971272368,0.961688479756606
BSU_38890,yxjN,118.57790295743,0.0612409004579868,0.329201812302368,0.186028442643377,0.85242245662565,0.950391765469007
BSU_38900,yxjM,166.612631051504,0.10831242870266,0.281426475735512,0.384869363906091,0.700334204868265,0.888217345022102
BSU_38910,yxjL,64.0123895896128,0.383416140812528,0.47604077203756,0.805427104849491,0.42057325575881,0.715988348877976
BSU_38920,pepT,1611.21168026683,-0.148565092405266,0.188034338074877,-0.790095542794454,0.429471972718904,0.721845890855468
BSU_38930,yxjJ,268.550796741554,0.22916437032812,0.227029223496936,1.00940472243307,0.312780574567147,0.628965764948323
BSU_38940,yxjI,162.289177273575,-0.0248017815892365,0.392837419349168,-0.0631349773917332,0.949659021914585,0.98224405391828
BSU_misc_RNA_61,mswI,123.683230812633,0.726757214912502,0.365593870599916,1.98788128947551,0.0468248205364324,0.222300181518772
BSU_38950,yxjH,725.649011813931,0.13715782057429,0.254438907542512,0.539059933478817,0.589845500632957,0.824501521724817
BSU_misc_RNA_62,mswJ,82.0239266869129,-0.225873179980024,0.45393266132162,-0.497591821928821,0.618771769090503,0.841062459010091
BSU_38960,yxjG,1341.43178106519,-0.0859826861636415,0.31056341139199,-0.276860322271238,0.781887360302738,0.924899608554102
BSU_38970,yxjF,26.371847701081,0.736882919478303,0.87919794371173,0.838130849541557,0.401957218598542,0.70025265347487
BSU_38980,scoB,15.7459961406642,0.350939330607435,0.868592162958756,0.404032347485156,0.686188932386102,0.879175567983385
BSU_38990,scoA,13.7152916091692,0.432834908357425,1.10841410067969,0.390499280090362,0.696167387542691,0.885368221990092
BSU_39000,yxjC,19.5874515775425,-0.571929685335456,0.697325864430101,-0.820175637401422,0.412115988291376,0.710551529448
BSU_39010,rlmA,691.026582046167,0.203193890021764,0.248476795204218,0.817758011788439,0.413495377976421,0.710747059918578
BSU_misc_RNA_63,gswB,0.0,,,,,
BSU_39020,nupG,760.540794448189,-0.0944619180377531,0.32290961375739,-0.292533619357412,0.769878658938894,0.921047220476072
BSU_39040,yxiS,140.299310098023,0.325378285148647,0.303747151837057,1.0712142753628,0.28407309429512,0.604146744546417
BSU_39050,katE,244.658850046954,-0.76060124789119,0.595643380338835,-1.27694065442063,0.201623199797013,0.505724306928871
BSU_39060,citH,14.6877479171361,1.87136720727976,0.920411932790086,2.03318442602868,0.0420338938974774,0.205762690288458
BSU_39070,bglS,380.089607683793,0.127990482247297,0.236326551730784,0.541583166639269,0.588105690740314,0.824241140062643
BSU_39080,licT,522.499307308801,0.282397857955077,0.202589804652961,1.39393913942919,0.16333598382658,0.460475456190463
BSU_39090,yxiP,119.129633492411,0.0716854194828877,0.295283551866088,0.242768075058232,0.80818506821938,0.936779950872458
BSU_39100,yxiO,174.588494658552,0.16310211874777,0.258135084942722,0.631847928707407,0.52748625158447,0.788076330162593
BSU_39110,deaD,2070.31852634961,0.132843118472998,0.20323995742276,0.653626974525836,0.513352161172387,0.78191669587819
BSU_39120,yxiM,847.761625899647,-0.0567817556788927,0.271662428674423,-0.209015858232437,0.834435858951127,0.944067614104673
BSU_39139,yxzJ,40.1403345577017,0.0202494370563597,0.550893703146414,0.0367574305908846,0.970678416559814,0.987410244664268
BSU_39140,yxiK,423.4321512364,0.0674087307924985,0.28761713365134,0.234369663367183,0.814698007955299,0.937937304949673
BSU_39150,yxiJ,156.264459889122,-0.0365035671456328,0.375692937138812,-0.0971633042229519,0.922596709106883,0.973756996068242
BSU_39160,yxiI,296.942878225177,-0.191422903169791,0.30256575066089,-0.632665471064286,0.526952122747556,0.78798884791929
BSU_39170,yxzG,410.582383604047,-0.143475672020712,0.295983526048329,-0.484742086616284,0.627859308246849,0.847226694177138
BSU_39180,yxiH,432.178867849461,0.0040544244321869,0.257053912952914,0.0157726617953863,0.987415758450876,0.993989082472006
BSU_39190,yxiG,518.772198658343,-0.0629445038248157,0.272188337029457,-0.231253493488237,0.817117874263151,0.93865365738648
BSU_39200,yxzC,429.010569295928,0.083489569829436,0.246678942918351,0.338454384641459,0.735020796595395,0.902678712164002
BSU_39210,yxiF,348.147870509288,-0.037034941741944,0.260046346561114,-0.142416696991512,0.886750874520584,0.962275488047452
BSU_39220,wapI,1887.19858779283,-0.28862409177819,0.272493739568691,-1.05919531301905,0.289510839165167,0.608072939007808
BSU_39230,wapA,45993.6266518055,-0.190163955828539,0.231871938865277,-0.820124922227129,0.412144896065742,0.710551529448
BSU_39240,yxxF,350.365665231276,0.0841701850070347,0.310364913396675,0.271197488420533,0.78623914457402,0.927566599619965
BSU_39250,yxiE,1787.27730277049,-0.144191507173257,0.219474521657519,-0.656985175701908,0.511190448482361,0.780937822783021
BSU_39260,bglH,2859.16214641232,-0.435974702589352,0.183346988661819,-2.37786672020832,0.017413118527806,0.114888727678024
BSU_39270,bglP,2796.15475058762,-0.353146561285882,0.197297860123261,-1.78991582100919,0.0734674450499626,0.287443069997506
BSU_39280,yxxE,409.389287818139,-0.0028119123193932,0.301720848967833,-0.0093195824186915,0.992564156714705,0.995416285004689
BSU_39290,rtbE,151.752853698269,0.479138763788412,0.474873538677853,1.00898181255252,0.312983356713055,0.629075819618623
BSU_39300,rtbD,538.998071713543,-0.486864823998216,0.242294822676534,-2.00939012489006,0.0444957766738718,0.214843812599183
BSU_39310,yxiC,65.7130873142931,-1.43759008238571,0.408011572092313,-3.52340516964664,0.0004260395252256,0.0085569066656996
BSU_39320,yxiB,88.125540911997,-0.924804752797849,0.348479879199141,-2.65382539423277,0.007958499639773,0.06912911851506
BSU_39330,abnB,184.27501606892,-0.808631080909249,0.380986668290137,-2.12246555644158,0.0337986621383168,0.180188852478931
BSU_39339,yxzL,1.50993026423667,1.77706785874998,2.73442123999047,0.649888112614344,0.515764497305662,
BSU_39340,hutP,2099.83286961529,-0.313632553664279,0.317554958172373,-0.987648108123806,0.323325016662628,0.638980463162561
BSU_39350,hutH,184.966482452142,0.0686272774555658,0.333810728894161,0.205587392840585,0.837113226222067,0.944977178059926
BSU_39360,hutU,217.795928677082,0.289060377711093,0.283564548428877,1.01938122841049,0.308022014384499,0.625552617383657
BSU_39370,hutI,184.137760173161,0.126760051966107,0.287451480735112,0.440978949358473,0.659228236692403,0.861864854678776
BSU_39380,hutG,194.737783391714,-0.167852803599701,0.301236231400844,-0.55721319716135,0.57738177399644,0.816132786996299
BSU_39390,hutM,137.86960587739,-0.522272734299196,0.325191237587232,-1.60604799248041,0.10826336553986,0.362804781561185
BSU_39400,pdp,4858.04500720107,0.385565232227568,0.202987113725187,1.899456695313,0.0575044552006781,0.251633810656726
BSU_39410,nupC,3237.19983444993,0.0142874617403354,0.219735282156378,0.0650212455647771,0.948157084532076,0.981925670346367
BSU_39420,deoC,2484.4923633525,0.218304474085908,0.180091985241183,1.21218317291327,0.225442271279911,0.537242967284544
BSU_39430,deoR,1077.64876505135,-0.310704307364376,0.206311951550012,-1.50599276983262,0.132069029731964,0.408711804319821
BSU_39440,yxxB,175.541921671945,0.0364708408665059,0.507734336858084,0.07183055826437,0.942736753647913,0.98043987522032
BSU_39450,yxeR,1082.14907092692,-0.108417086415522,0.780713310913965,-0.138869268526497,0.889553455788847,0.962984110483264
BSU_39460,yxeQ,735.022574259722,0.417692090234166,1.00815050614812,0.414315211555126,0.678643275011654,0.875396258507746
BSU_39470,sndB,853.181944692751,0.0035184555242838,1.08159872526301,0.0032530137490947,0.997404475131202,0.998109188608685
BSU_39480,yxeO,524.265972902831,0.0759484195174266,1.07251515557987,0.0708133765031639,0.943546285642273,0.98043987522032
BSU_39490,yxeN,532.975286040225,0.478284298458713,1.09713051449522,0.435941113786966,0.662879454410188,0.864084751627192
BSU_39500,yxeM,794.849586382337,0.619346621340739,1.15056135248851,0.538299517884183,0.590370284148229,0.824501521724817
BSU_39510,snaB,306.749357196104,0.463186672541343,1.07914735633233,0.429215407722966,0.667766471182544,0.867687992677256
BSU_39520,yxeK,975.88236374733,0.396950539844719,1.03198334572674,0.384648203373067,0.700498075586977,0.888217345022102
BSU_39530,yxeJ,1.62607425009393,-2.89572038727557,3.12001121593508,-0.928112172317211,0.353349386175919,
BSU_39540,yxeI,530.929270239963,0.0348719053706104,0.251048912998658,0.13890482517563,0.889525357996299,0.962984110483264
BSU_39550,hadM,1260.44956552515,0.0239376659173541,0.213282618621326,0.112234489955575,0.910637482892685,0.972161704409675
BSU_39560,yxeG,70.2537347777406,0.392086696681605,0.57432385846955,0.682692684448862,0.494801053335295,0.767863285471757
BSU_39570,yxeF,110.321317760689,-0.903681829450158,0.358619317790653,-2.51989166400035,0.0117390958678225,0.0877860647571847
BSU_39580,cotNE,1.27845507023291,1.2027736857686,3.4376692952671,0.349880568042003,0.726428330900628,
BSU_39590,yxeD,7.05522933348456,2.16086993561225,1.21470409278299,1.77892702300978,0.075251727099537,0.291158930975088
BSU_39600,yxeC,1683.36876050062,0.145824624877898,0.274017953235354,0.53217179077551,0.594607018734393,0.828175977681679
BSU_39610,frxB,5954.30660783756,-1.71513976575785,0.435782890922653,-3.93576664317065,8.29315278183318e-05,0.002397116065987
BSU_39620,yxeA,26.0385381962788,0.059097412309131,0.609556128700461,0.0969515513446208,0.922764869542878,0.973756996068242
BSU_39630,tpeM,97.1719380198441,-0.0128227347716576,0.344889828296011,-0.0371792199120819,0.970342107263285,0.987304505211135
BSU_39640,tpeL,37.7762522910424,-0.341248964998073,0.526763099114959,-0.647822456757929,0.517099788960699,0.784832807922975
BSU_39650,tpeK,1014.65424193738,0.318374297744083,0.272444592146229,1.16858365672093,0.242571416068894,0.559701741307485
BSU_39660,tpeJ,603.15417418808,0.156154192895166,0.230455302994165,0.677589931176893,0.498031731962029,0.770905948672737
BSU_39670,iolJ,10895.4687174612,0.474293595355119,0.282247192318893,1.68041917957945,0.0928757869588681,0.330787274759623
BSU_39680,iolI,13581.404040411,0.46574792520429,0.279653207581357,1.66544817859382,0.0958233742249146,0.337999938005672
BSU_39690,iolH,11692.1690549646,0.443735416643394,0.275915800527416,1.60822763971903,0.107785331804405,0.362612727503497
BSU_39700,iolG,15509.3539663739,0.384553022356274,0.283867112616748,1.35469381715755,0.175515128585862,0.474560370991484
BSU_39710,iolF,20572.4089107585,0.276504259402226,0.289855140661361,0.953939470493183,0.340114282507268,0.653616276062135
BSU_39720,iolE,14795.7646697412,0.426602433513799,0.300195018345826,1.42108432000144,0.15529224782356,0.449480082426639
BSU_39730,iolD,41777.6235322773,0.291947339434542,0.299924703851178,0.97340210954882,0.330353490870641,0.646555496411495
BSU_39740,iolC,19090.9878515773,0.275848567583114,0.303890082943646,0.907724809283325,0.36402363290663,0.667694484871481
BSU_39750,iolB,19128.0348520437,0.30743378872592,0.31874215109561,0.964521911109591,0.334784328562165,0.648825722650264
BSU_39760,iolA,27750.4146553088,0.351695444205938,0.302780701492816,1.16155171869262,0.245417603549847,0.562751968420561
BSU_39770,iolR,4318.90429956369,-0.0325369316851619,0.24522739330084,-0.132680657112585,0.89444594098734,0.965094593449887
BSU_39780,iolS,6735.45139004385,-0.0057504791376126,0.175799264382268,-0.0327104846417814,0.973905462831475,0.988562902907534
BSU_39790,yxcE,358.672432012054,-0.266636037328856,0.225460586445462,-1.18262815480326,0.236956549144411,0.55411578278184
BSU_39800,yxcD,133.529633398991,-0.103556066247709,0.33933494781017,-0.305173595929295,0.760233941201864,0.916103905080247
BSU_39810,csbC,107.116037918802,0.238080131274723,0.525861840795404,0.452742741162983,0.65073399872029,0.858728030696754
BSU_39820,htpG,7657.10313749449,0.725153015790884,0.192131209256737,3.77425936471305,0.0001604837301798,0.004083205805594
BSU_39830,yxcA,107.511513735477,0.536963333257675,0.366215683852318,1.46624887172832,0.142580498815024,0.42838976301377
BSU_39840,yxbG,13.0204010450931,-0.895469478093996,1.13920845978017,-0.786045319806343,0.431840936945415,0.722398480740579
BSU_39850,yxbF,302.073656946352,0.380769618961437,0.274481191261921,1.38723392014898,0.165370445333888,0.462553803242857
BSU_39860,aldX,151.613327221823,0.939909808271058,0.293003104100719,3.20784932008081,0.0013373154409957,0.0193273922067717
BSU_39870,yxbD,42.1936867347164,0.724065423877967,0.484971691576544,1.49300554332188,0.13543573587076,0.416401187926814
BSU_39880,yxbC,136.441404255813,0.347973821587785,0.318938691394441,1.09103671325169,0.275256728296279,0.594291584619355
BSU_misc_RNA_86,srlX,358.797949275582,0.685844292368876,0.259873120418403,2.6391505641855,0.0083114058295453,0.070933480560836
BSU_39890,yxbB,62.4470899277417,-0.487062584718693,0.388451128248073,-1.25385807711606,0.209893595207303,0.516707929337098
BSU_39900,yxbA,8.30259419975234,-0.425330873831908,0.947281293106409,-0.449001660781377,0.653430458591132,0.858728030696754
BSU_39910,yxnB,33.9749863514268,-0.785082617755864,0.481988141766957,-1.62884218453543,0.103346431884905,0.35476777946734
BSU_39920,asnH,153.07791576567,0.617502285144749,0.309351293835767,1.9961199369432,0.045920869417406,0.219159695563679
BSU_39930,yxaM,62.1523855794265,0.108746020854099,0.377073757885213,0.288394560958025,0.773044730683382,0.92157084692455
BSU_39940,yxaL,1393.71623377692,0.0266573931910494,0.220631591956287,0.120823101327805,0.903831151936023,0.969444794783256
BSU_39950,yxaJ,164.224596806877,-0.161895313944429,0.334517737676016,-0.483966306448079,0.628409781476577,0.847226694177138
BSU_39960,yxaI,1035.36930222481,-0.565962190457344,0.263962484564952,-2.14410086111339,0.0320248060970992,0.173801579955518
BSU_39970,yxaH,26.3291059272487,0.130356442298551,0.615605379348314,0.211753254067642,0.83229953929516,0.943296847420234
BSU_39980,qdoI,19.4110790492876,-0.164358176747576,0.674032898346115,-0.243842959521508,0.807352447455164,0.936779950872458
BSU_39990,qdoR,528.139000735583,0.824547692340996,0.251998419763225,3.27203517036231,0.0010677629242246,0.0164381328443133
BSU_40000,yxnA,77.3297488749914,0.176645587386939,0.4721080395111,0.374163480820762,0.708282692007121,0.891437546901143
BSU_40010,yxaD,137.396905401624,0.333523660894795,0.277885464004439,1.20021988947744,0.230053952769799,0.543659202068339
BSU_40021,yxzK,13.4333418904819,-0.0354157238220193,0.716101939493723,-0.0494562601618672,0.960555693850724,0.984609569977209
BSU_40022,yxaC,44.1803169605358,0.208954455596481,0.468494666998161,0.446012452895864,0.655588250636598,0.859120475291607
BSU_40030,yxaB,336.448872072132,-0.104942202138479,0.254731608421355,-0.411971654357446,0.680360199589945,0.876588486832641
BSU_40040,glxK,255.314363682407,0.365168797088673,0.284815627942854,1.28212345553574,0.199799342072686,0.503751853933211
BSU_40050,gntR,185.069524422572,0.661316093989301,0.501756312043425,1.31800254050828,0.187502797462629,0.49038502233593
BSU_40060,gntK,625.693373067906,-0.290381716225152,0.346058964197891,-0.839110516608666,0.401407295142916,0.699678489366092
BSU_40070,gntP,1612.77314386492,0.134574638755524,0.185999130362601,0.723522946011489,0.469358661939053,0.749456953994377
BSU_40080,gntZ,3633.49250580774,0.0593967338705612,0.212930937425231,0.278948350994875,0.780284461893821,0.924250175557949
BSU_40090,ahpC,8452.44209822516,0.351051282522487,0.20948979451581,1.6757440778147,0.0937883320819532,0.333478345620267
BSU_40100,ahpF,21423.4926177359,0.524664494514157,0.197690123329196,2.65397423846249,0.0079549899878817,0.06912911851506
BSU_40110,bglA,808.238211136812,-0.149916086185952,0.253149511191946,-0.592203735571431,0.553714168270347,0.802706073347221
BSU_40120,ptsJ,98.5178826289799,0.0501908195711352,0.338387984609899,0.148323291174172,0.882087634958058,0.961269648868117
BSU_40130,yydK,270.319409187113,-0.0616749668813383,0.24875278515736,-0.247936789299959,0.804183314660297,0.936000934305589
BSU_40139,yyzN,89.5694664624905,0.372930037413045,0.380378363227074,0.980418639612309,0.326879512587235,0.642419541620334
BSU_40140,liaM,320.534911893051,0.199071130124686,0.314342905535698,0.633292899629569,0.526542389170131,0.78798884791929
BSU_40150,liaL,368.164156372621,0.0114670595810519,0.328637498051854,0.0348927302849737,0.972165277477232,0.987740378766323
BSU_40160,liaK,100.627606012237,-0.317216849549423,0.456664059382751,-0.694639402930435,0.487281312322214,0.762880728097674
BSU_40170,liaE,107.888148887396,0.0636468889595346,0.378359985618226,0.168217812080572,0.866411928604142,0.953232595711808
BSU_40180,liaD,95.7212143787559,0.889076588233693,0.471132405900493,1.88710557180708,0.0591461274404278,0.256179302236878
BSU_40190,fbp,2436.63805363928,-0.222736840692504,0.210121981126952,-1.06003588723985,0.289128273123834,0.607704866832074
BSU_40200,yydD,3064.94563289483,0.16497280755892,0.205522516442471,0.802699433690026,0.422148480346194,0.716910029173053
BSU_40210,yydC,291.65640782176,0.0145147416178813,0.243627899388358,0.0595775018145351,0.952492137483241,0.983534038243775
BSU_40220,yydB,2119.26698487787,-0.002265125855006,0.215600448251451,-0.0105061277626115,0.991617477073366,0.995401283788979
BSU_40230,rlmH,289.108218767216,-0.184747063962775,0.255813954128711,-0.722193066410368,0.470175785609846,0.749875595943526
BSU_40239,yyzF,59.3654509632353,-0.0182291539127432,0.372326651691312,-0.0489601102417365,0.96095108520857,0.984609569977209
BSU_40240,yycS,89.3562923374653,0.0860523431285963,0.477293905257309,0.180292147418488,0.856923220112887,0.950918454494557
BSU_40250,yycR,424.197638945186,-0.0697565550462882,0.302447060545198,-0.230640545557108,0.817594065894884,0.93865365738648
BSU_40259,yyzG,2.36272145905969,0.823398030990071,2.49380091850767,0.330177932359896,0.741265520134611,
BSU_40260,yycQ,6.79822639749154,0.344850145307364,1.15429134711493,0.298754856102226,0.765127098210104,0.918543401513606
BSU_40270,yycP,11.2859488459196,1.23417722343382,0.955287859315723,1.29194274940107,0.196376971731764,0.502357856815303
BSU_40280,yycO,14.7310983360305,0.310860787344546,0.725021245617767,0.428760935246348,0.668097210521316,0.867852353257436
BSU_40290,yycN,46.3480115308939,0.480293440516984,0.505445474752862,0.950237888175424,0.341991390984819,0.653760943255378
BSU_40300,rapG,1402.99063345185,0.0922486147721569,0.253113733083484,0.364455194304809,0.71551812614319,0.896411522768506
BSU_40310,phrG,401.087036017194,-0.0341672232971804,0.406988473213651,-0.0839513292044614,0.93309512876142,0.976368326528551
BSU_40320,argI,65768.1656084474,0.497334723815677,0.233378322480341,2.1310236466267,0.0330871941437181,0.178184395331632
BSU_40330,rocE,62528.3198720971,0.368417029235565,0.221380721658058,1.66417846358192,0.0960767705647362,0.337999938005672
BSU_40340,rocD,83836.3903389544,0.361159186771577,0.213901016304386,1.68844072371138,0.0913266586664653,0.327742375569097
BSU_40350,rocR,480.360947863653,-0.109699359437915,0.308881600779431,-0.355150190756265,0.722477077455279,0.89765565294482
BSU_40358,BSU_40358,4.94113323540783,-0.801683005667363,1.33931929780565,-0.598574967881703,0.549456352828531,0.800056225910199
BSU_40360,htrC,1691.82289681036,-0.197584251367222,0.19013494516058,-1.03917904833512,0.298721472712662,0.616149290075778
BSU_40370,walJ,1197.10591315485,-0.0918907347025644,0.253805592527041,-0.362051654526779,0.717313430330909,0.896411522768506
BSU_40380,walI,1080.82647586584,-0.232645658663078,0.227575180292433,-1.02228045415203,0.30664818147924,0.624509302480069
BSU_40390,walH,1740.79567193272,-0.133960415928386,0.215868768563339,-0.620564136349721,0.534886442626954,0.790240783978417
BSU_40400,walK,1847.31283047769,-0.245660990100631,0.187335446752829,-1.31134280435862,0.189741973017256,0.492795625519756
BSU_40410,walR,831.015848106024,-0.0843524077828243,0.213652545582972,-0.394811152624745,0.692982263592424,0.88391479270404
BSU_tRNA_1,trnY-Phe,117.054974817919,0.89933692170434,0.43827245034361,2.05200422933098,0.0401692513912031,0.200327639860589
BSU_tRNA_2,trnY-Asp,471.68436692509,0.118729859789397,0.38737384113139,0.3064994255746,0.759224417127599,0.915941098346158
BSU_tRNA_3,trnY-Glu,304.640905243788,-0.386794396571992,0.353981244153703,-1.09269743230814,0.274526667530679,0.593955237670244
BSU_tRNA_4,trnY-Lys,171.611633357628,-0.0492001916160038,0.402623070941483,-0.122199136529746,0.902741310280416,0.968688189031833
BSU_40420,purA,11015.3980697213,0.203435088811574,0.256640832922869,0.792684026523227,0.427961939093939,0.721208263601217
BSU_40430,yycE,26.6722234724374,0.474503882000065,0.52895628008936,0.897056902169503,0.369688554409489,0.671859139301077
BSU_40440,dnaC,1045.08550070566,-0.592597878627987,0.196178154612162,-3.02071288110307,0.0025218036598189,0.0307906429614101
BSU_40450,yycD,9.77951516411847,-1.54060886651931,1.50789035932112,-1.02169820040028,0.306923763116236,0.624509302480069
BSU_40460,yyzB,4.80340087008338,-0.537406134339306,1.73940888499245,-0.308959060158899,0.757352669468206,0.915033723717064
BSU_40470,yycC,25.5528122271689,0.129890113581237,0.589232917634217,0.220439336795285,0.825529012450613,0.94271485619379
BSU_40480,yycB,1243.68704372194,-0.109627565400066,0.183326687113248,-0.597990216952672,0.549846460820097,0.80010192192623
BSU_40490,yycA,334.674288392444,0.229510075313844,0.242726092255915,0.945551725324456,0.344377276556485,0.653760943255378
BSU_40500,rplI,1350.67596673569,-0.105045484701335,0.191225333631274,-0.549328285675195,0.582780179257532,0.82184964542491
BSU_40510,gdpP,1622.37870704267,-0.318388033690514,0.196792702617784,-1.61788536594721,0.105687304608324,0.358392144677389
BSU_40520,yybS,667.043487899895,-0.396775425528244,0.238381604924593,-1.6644548796194,0.0960215607481473,0.337999938005672
BSU_40529,yyzH,14.1950789886226,2.78372844325987,1.13838009455918,2.44534181207536,0.0144714916596151,0.100967763648119
BSU_40530,cotF,6.26496147314702,0.905770221847069,1.20073098907357,0.754349000808184,0.450639686219732,0.735317982621982
BSU_40540,hypR,168.61071769015,0.355109386808416,0.327888012547053,1.08302033993224,0.278799394965381,0.598372198468032
BSU_40550,ppaC,14854.8415825163,-0.106103776280746,0.197168471224525,-0.538137642503301,0.590482026502381,0.824501521724817
BSU_40560,yybP,35.6264491729178,0.533971658711845,0.67682144729741,0.78894021583392,0.430146949337488,0.722370570162217
BSU_misc_RNA_94,mswM,4.05008800119337,0.800855115118576,1.40412916670539,0.570357153820598,0.568435483665123,0.8126502428162
BSU_40570,yybO,9.08577809145095,1.2605876269774,1.10574906973471,1.14003046575462,0.254273608837971,0.571391854389408
BSU_40576,BSU_40576,9.58906834353457,1.1530888910678,1.05117122706654,1.09695629158884,0.272660499366323,0.592904023442941
BSU_40580,yybN,3982.26875928888,-0.463824088386759,0.218813015775203,-2.11972805522349,0.0340289856122244,0.180962653149364
BSU_40590,yybM,448.086514749633,0.0767058490010322,0.234916933067841,0.326523286334922,0.744028473952243,0.906618005684853
BSU_40600,yybL,143.513078394183,0.154344224958403,0.324887063620916,0.475070392887341,0.634736800552406,0.850294128103039
BSU_40610,yybK,166.148971431306,0.291231157957999,0.322707496182573,0.90246170728316,0.36681165417769,0.669782001977225
BSU_40620,yybJ,607.066722974369,0.158305484474713,0.273282717807333,0.579273675792117,0.562404524849127,0.808788193427055
BSU_40630,ictI,137.454844420113,0.592264510214586,0.3422089647269,1.73071009605854,0.0835034836457036,0.310696337284
BSU_40640,yybH,42.4985174935315,0.703097348091392,0.427297980886436,1.64544973190092,0.0998771009373378,0.347281343602904
BSU_40650,yybG,491.978015044002,0.0736957719455482,0.241331512919828,0.305371524232024,0.760083207029785,0.916103905080247
BSU_40660,yybF,117.72437376236,-1.09068097332379,0.377755459357491,-2.88726726856281,0.0038860397632717,0.0433380130029962
BSU_40670,yybE,81.6701255147618,0.0747165178553515,0.415804880964215,0.179691295787799,0.857394927172359,0.951193484479205
BSU_40680,yybD,31.7916627926112,0.591439562820772,0.584873811726874,1.01122592764841,0.311908309032856,0.628798576675932
BSU_40690,yybC,83.7626958184031,0.575371951092926,0.367452521038835,1.56584026003217,0.117386018363677,0.380742894677299
BSU_40700,yybB,612.236286365632,0.859104702588554,0.193833933371983,4.43216875210319,9.32899569365364e-06,0.0003775133590698
BSU_40710,yybA,218.166383709611,0.890006250031426,0.242046671644217,3.67700263748985,0.0002359906014409,0.0053443780078188
BSU_40720,yyaT,38.5879676578838,-1.27899965017012,0.462707799649594,-2.7641627202712,0.0057069072075838,0.0557440200575262
BSU_40730,yyaS,33.1998372175349,-0.532155283941904,0.628794738851942,-0.846310013524473,0.397379823171515,0.69684971880139
BSU_40740,yyaR,88.5978185040933,0.738695991477836,0.355438553053908,2.07826637018129,0.0376848320887345,0.193009776960686
BSU_40750,yyaQ,335.023324571833,0.244297592440696,0.286196770339196,0.853600102304292,0.393326601834968,0.69317491961708
BSU_40760,yyaP,343.214815412682,0.123823302749187,0.257826331913384,0.480258559435214,0.631043551863317,0.849320257164154
BSU_40770,tetB,1399.73199519433,0.263313251194244,0.183775611491439,1.43279757883712,0.15191569346792,0.444246236438535
BSU_40780,tetL,11.4188628170593,-0.293762434770118,1.02000588445835,-0.288000725531219,0.773346183293734,0.92157084692455
BSU_40790,yyaO,120.559726891634,0.283113869333269,0.327575746107614,0.864269936640124,0.387439621093739,0.687361565773402
BSU_40800,yyaN,12.7619784711726,1.05697287773372,0.797273161484994,1.32573492849679,0.184927513581388,0.488779847062472
BSU_40810,yyaM,26.7641933493632,0.147407006236093,0.518273914056058,0.284419111667174,0.77608921452236,0.92195770359679
BSU_40820,yyaL,941.709894100482,0.243622231734367,0.215138719611946,1.13239602882176,0.257467973678615,0.574861483737273
BSU_40830,yyaK,651.673929039654,0.619930393602328,0.223912522263358,2.76862762000058,0.0056292934196558,0.0552398793074311
BSU_40840,yyaJ,92.3831253396324,0.0560762847544337,0.38912374146248,0.14410913233841,0.885414293435595,0.961688479756606
BSU_40850,maa,41.2287635331372,0.682477716339542,0.78725674131578,0.866906157194519,0.385993429629553,0.685368191598818
BSU_40860,yyaH,16.3670701771717,-0.901550146416696,0.931250635188268,-0.968106879448659,0.332990994487056,0.648069537768091
BSU_40870,ccpB,50.6617810858931,0.080910709089593,0.419475531706361,0.19288540802478,0.847048713148703,0.949779828294263
BSU_40880,exoA,122.530319541848,-0.888656190309624,0.358617744393053,-2.4780039588215,0.0132119679326547,0.0954414346778975
BSU_40890,rpsR,10262.3200148257,-0.0313871174648432,0.229388175161817,-0.13682970991291,0.891165399387497,0.963875143032505
BSU_40900,ssbA,30314.674869818,-0.377381816728656,0.260988847998896,-1.44596912711861,0.148185861264934,0.437555055256918
BSU_40910,rpsF,13264.5780839236,-0.346002452560287,0.278977116956449,-1.24025388295307,0.214881504083906,0.522030595112932
BSU_40920,engD,3238.1213997675,-0.298771652816562,0.178599413616526,-1.67285909156488,0.0943550387260647,0.33493279828492
BSU_40930,yyaE,685.581305327255,-0.41254402500924,0.199264068147214,-2.07033826442034,0.0384206786800749,0.195274478123969
BSU_40939,yyzM,229.988778057056,0.0547684491893626,0.279149763287919,0.196197369269748,0.84445568706258,0.948509467638127
BSU_40940,yyaD,9.70734226206674,-0.493743127255641,0.974821463176632,-0.506495954291661,0.612508529090347,0.837340486491709
BSU_40950,sprC,15.0342761828146,0.481072790380892,1.01604655382891,0.473475145964521,0.635874228776396,0.850878199435021
BSU_40960,parB,3052.08373853548,-0.332947621871196,0.179764889216146,-1.85212820658691,0.0640074149913599,0.266046847957206
BSU_40970,parA,1968.72004693278,-0.237565525530474,0.193789583176708,-1.22589419738753,0.220238492698428,0.531064220240085
BSU_40980,yyaB,181.554636779962,-0.346101783606111,0.331724372752081,-1.04334143655093,0.296790186404572,0.614945453605658
BSU_40990,nocA,3479.96024153722,-0.0303592228106129,0.268225407046824,-0.113185485092071,0.909883502933787,0.971907547785905
BSU_41000,rsmG,2329.73090562201,0.34844715843257,0.19408329736054,1.79534850845652,0.0725981908985207,0.286345575596804
BSU_41010,trmF,4867.19461160592,0.258262831983347,0.209744990381198,1.23131823798972,0.21820386329885,0.527388063229133
BSU_41020,mnmE,3860.96504890081,0.124486453480623,0.204602715006903,0.608430115291595,0.542902242958402,0.7959943513907
BSU_41030,jag,4217.94496527728,-0.106470135668768,0.201353627785435,-0.528771876820734,0.596963709087243,0.829463309323641
BSU_41040,oxaAA,2830.92218313297,-0.252976930396537,0.220214216105167,-1.14877656343369,0.250648125719245,0.567348166286762
BSU_41050,rnpA,1211.88266098661,-0.0953206894209064,0.257631773925661,-0.369988095678023,0.711391360288731,0.893448287441303
BSU_41060,rpmH,2410.83839085378,0.0343706282551456,0.278209215911718,0.123542378502847,0.901677618108806,0.968688189031833
