,gene_name,baseMean,log2FoldChange,lfcSE,stat,pvalue,padj
BSU_00010,dnaA,2495.8729453458,0.756378513999571,0.16420437951093,4.60632363309911,4.09850360213009e-06,2.31536063989956e-05
BSU_00020,dnaN,2118.84963752494,1.02575614366143,0.183784931378261,5.58128534243237,2.38747583062663e-08,1.76233948451536e-07
BSU_00030,rlbA,129.243440259309,0.349827214013025,0.289235543244727,1.20948902091549,0.226475026558814,0.351348474786732
BSU_00040,recF,1798.74078217369,0.169670526541394,0.154606490141429,1.09743469621609,0.27245141317862,0.402362635754247
BSU_00050,remB,131.736819609675,0.0276824334923253,0.275313481553075,0.100548775658081,0.919908661631066,0.949265118087023
BSU_00060,gyrB,4366.48603450223,-0.150909246492757,0.178868741474536,-0.843687081648312,0.39884428822047,0.53703924824714
BSU_00070,gyrA,6347.25764841457,-0.374043962604888,0.14054564918767,-2.66136991622863,0.0077823405698712,0.0222727091738785
BSU_rRNA_1,rrnO-16S,15327.5052565723,-1.13303350597336,0.989411092264372,-1.14515949420002,0.252143094140588,0.381472076435464
BSU_tRNA_5,trnO-Ile,0.275199717373981,-0.146098830006364,3.52263970183289,-0.0414742472613212,0.966917822892557,
BSU_tRNA_6,trnO-Ala,27.6187986909718,-1.00559933490488,0.523930011544044,-1.91933905817179,0.054941438022337,0.117040929670986
BSU_rRNA_2,rrnO-23S,16722.2027303038,-1.16721671577615,0.869892692769701,-1.34179390800466,0.179662828030253,0.297118672245998
BSU_rRNA_3,rrnO-5S,0.178356403898036,-0.995703049573317,3.51232071174796,-0.283488647902483,0.776802282563215,
BSU_00080,yaaC,35.6734605749314,-0.659929770333644,0.565921611508348,-1.16611515961502,0.243567888231766,0.372136692421806
BSU_00090,guaB,2976.95287999145,0.456427179187526,0.175751089717117,2.59700909918782,0.0094039432898404,0.0262209049387893
BSU_00100,dacA,640.014227221482,1.35618037592734,0.197585621591654,6.86376045484791,6.7071065392259294e-12,6.870423790653889e-11
BSU_00110,pdxS,1280.33847469792,0.607388801442008,0.179461926291912,3.38449950912726,0.0007130814645583,0.0026682055146212
BSU_00120,pdxT,1301.92784784289,0.568325977524211,0.192984908848888,2.94492445504753,0.0032303352534084,0.0103146961333963
BSU_misc_RNA_1,tboS,556.787971160335,0.316856316885773,0.247792346787534,1.27871712340437,0.200996687531478,0.321847245777493
BSU_00130,serS,324.049268627068,0.192939656454602,0.20276979645725,0.951520689104604,0.341340121102445,0.478649431953687
BSU_tRNA_7,trnSL-Ser1,80.5320960306051,-0.626963292790104,0.447837384413305,-1.39997980206915,0.161519366923053,0.274563914035931
BSU_00140,dck,55.2575802794238,1.21633874981599,0.367609694685993,3.30877767207682,0.0009370421507343,0.0034263321849214
BSU_00150,dgk,38.5659531741162,0.854342304390182,0.451999414671082,1.89014028925653,0.0587391999769013,0.123551919174715
BSU_00160,sleL,1778.35847807191,-6.38626494480134,0.260488959916705,-24.5164514720449,9.86337468957203e-133,2.84920016866104e-130
BSU_00170,yaaI,13.3016996321527,-0.926924758292372,0.910092169525521,-1.01849547697529,0.30844254922435,0.443281164301936
BSU_00180,tadA,161.796920888713,-0.109850687097504,0.249473134867977,-0.440330728018621,0.659697588449141,0.765524812734368
BSU_misc_RNA_2,scr,36859.1152976099,-0.78109902283467,0.231049844855674,-3.38065157898109,0.0007231417656322,0.0027035144697881
BSU_00190,dnaX,787.477555775555,-0.0242875126218723,0.181674039935688,-0.13368730408852,0.893649844908423,0.931933761248663
BSU_00200,ebfC,1134.08410674212,-0.126714703580114,0.175174122927957,-0.723364281562452,0.469456109549467,0.605222648818161
BSU_00210,recR,315.005504091633,-0.135645857084288,0.23333630315001,-0.581331988435088,0.561016725370789,0.686101759347914
BSU_00220,yaaL,130.625992590077,-0.57620314506843,0.334255793024299,-1.72383891945455,0.084736926459781,0.16621326498426
BSU_00230,bofA,188.548921074761,-3.54537973829576,0.489765935378489,-7.23892676520246,4.52249136882882e-13,5.0890282672132295e-12
BSU_rRNA_4,rrnA-16S,15256.5424515481,-1.11377453286914,0.996961862681888,-1.11716864461898,0.263922224498406,0.393657486661478
BSU_tRNA_8,trnA-Ile,0.439805745532784,0.625906738896976,3.48911048656369,0.179388626788202,0.857632561045877,
BSU_tRNA_9,trnA-Ala,25.8273546153753,-1.09213196923873,0.547870677792022,-1.9934119738624,0.046216353789679,0.101963065667352
BSU_rRNA_5,rrnA-23S,16381.8377123002,-1.14958589229725,0.865259463889615,-1.32860250626961,0.183979144761766,0.302535724574092
BSU_rRNA_26,rrnA-5S,0.0,,,,,
BSU_00240,csfB,436.099099106726,-4.75866412983709,0.44146954211043,-10.7791448240992,4.31882135647598e-27,1.15515141590188e-25
BSU_00250,xpaC,824.574128561405,-1.27043100988268,0.196599936958676,-6.46201127800828,1.03320396453189e-10,9.464847311451751e-10
BSU_00260,yaaN,1518.58035086848,-1.29269671426233,0.186681805892448,-6.92459936351313,4.3721107473503495e-12,4.575931369147119e-11
BSU_00270,yaaO,777.071088519139,-0.679786405013813,0.175899989650113,-3.86461878915395,0.0001112628321006,0.0004963454187833
BSU_00280,tmk,286.494587959878,-0.614532405096184,0.289763980368616,-2.12080329761629,0.0339383590869852,0.0794891404994092
BSU_00290,darA,484.517845417018,-0.204215794150328,0.168724306844078,-1.21035195206965,0.22614387048617,0.350960383530292
BSU_00300,yaaR,575.969394189861,-0.122635374035933,0.237931704031154,-0.515422585381372,0.606257753363159,0.722672584682963
BSU_00310,holB,1441.13237424852,-0.18244740990649,0.143059134876092,-1.27532862591762,0.202192949707016,0.323217570110926
BSU_00320,ricT,3157.68657143364,-0.134550486552954,0.146981907070939,-0.915422103538328,0.359970078941814,0.498960445315061
BSU_00330,dnaH,1738.1071691945,-0.0700049976038381,0.148704757463747,-0.470765016518755,0.637808549318327,0.748302906848428
BSU_00340,trmNF,307.620082380474,-0.0837236831662634,0.231542426823256,-0.361591110169078,0.717657608845127,0.810005318865833
BSU_00350,yazA,49.0718520490449,0.656592679017495,0.563970844433638,1.16423160079644,0.24433016709595,0.373038271327256
BSU_00360,rsmI,557.12376550122,0.162577900469682,0.213114078587372,0.762867951039793,0.445542151294871,0.580786444512838
BSU_00370,abrB,237.326444850812,0.895505379161259,0.378229183596913,2.36762634402008,0.0179026062891615,0.0462564061126634
BSU_00380,metS,1585.91131531232,-0.52179019858914,0.167948134527986,-3.10685319640864,0.001890902749953,0.0064210670968231
BSU_00390,dayD,184.728363303584,0.55650991843748,0.37177845732358,1.49688586703968,0.134422958251851,0.237155813560777
BSU_00400,yabE,6129.48109361473,-1.65770832949944,0.188367779580153,-8.80038153655713,1.3635178281993498e-18,2.3260325785778802e-17
BSU_00410,rnmV,73.2165158556263,-0.253438397030277,0.419094906087514,-0.604727934768442,0.545359783834816,0.672277084020134
BSU_00420,rsmA,152.075296135373,-0.575742779584065,0.282878178481312,-2.0353029091005,0.0418204036475018,0.094576100733103
BSU_00430,prtG,7.98644604950018,-1.87095366437537,1.12942047185359,-1.65656078582035,0.0976083060501123,0.184607939814551
BSU_00440,veg,1572.34304735267,0.952120249205504,0.188395593943467,5.05383501426903,4.33025710943123e-07,2.78382849483168e-06
BSU_00450,sspF,7.23162918581951,0.032256076327267,1.17277323107323,0.0275041034981237,0.978057666968653,0.987877230446049
BSU_00460,ispE,1060.96889046051,0.161226447013333,0.197081196544805,0.818071180000568,0.413316544161196,0.550475691498226
BSU_00470,purR,1356.04863668327,0.145806718096055,0.198808057710555,0.733404469492555,0.463311774000139,0.599083830719964
BSU_00480,ridA,1346.55886482763,0.201665865450832,0.15645760068528,1.28894898405409,0.197415822983274,0.317757340633925
BSU_00490,spoVG,85393.7812453666,-1.88144143755745,0.185458094426845,-10.1448332216074,3.49374674560512e-24,8.13892723048764e-23
BSU_00500,glmU,963.695971352646,-0.149388723188069,0.219510099735648,-0.680555124196905,0.496153030491847,0.629894837714964
BSU_00510,prs,613.436381128641,-0.0883137098859607,0.172713916983906,-0.511329436725068,0.609120395966476,0.724689367304432
BSU_00520,ctc,2576.45629252228,-1.79747719298264,0.235876885917297,-7.6204041188371,2.52882747616746e-14,3.09531340515073e-13
BSU_00530,pth,477.076694320707,-1.37798454350372,0.282894049323739,-4.87102696856933,1.11019683632838e-06,6.69983689667252e-06
BSU_00540,fin,548.332772012301,-2.18574955172723,0.340073395597649,-6.42728769736889,1.29900830503954e-10,1.18247961885217e-09
BSU_00550,mfd,1993.83849252408,-0.937403930404454,0.189585770673143,-4.94448463656374,7.6345561825818e-07,4.71232648705512e-06
BSU_00560,spoVT,572.802427355791,-1.07447024329878,0.213228032920362,-5.03906652696121,4.6780786799176e-07,2.98969246608893e-06
BSU_00570,yabM,50.4282766837947,0.640600423141508,0.406094564088375,1.57746613668559,0.114688308004486,0.209704653668421
BSU_00580,yabN,290.47933721208,0.516341994259543,0.21127979690822,2.44387774796964,0.0145303493254096,0.0384078963884976
BSU_00590,hslR,136.308167070302,0.216799073850001,0.296562289763669,0.731040598664003,0.464754355297763,0.600232674070106
BSU_00600,spcP,928.573570314684,-2.77956245205212,0.191389382641918,-14.5230754897861,8.65387551067173e-48,4.1205761085429305e-46
BSU_00610,spcQ,815.595823759873,-3.0515182964504,0.242648329017425,-12.5758883599453,2.8656081306457498e-36,1.05226101949898e-34
BSU_00620,divIC,3761.26769823163,-2.28455283749952,0.204716985899813,-11.1595665960887,6.43042901487344e-29,1.88263844063829e-27
BSU_00630,yabR,5297.28309848787,-1.45211561374172,0.1810053942383,-8.02249910756779,1.03615152763937e-15,1.4074120906775501e-14
BSU_tRNA_10,trnSL-Met1,31.036710687157,-0.537761806612193,0.480172326486601,-1.11993502530013,0.262741451300653,0.393217238982621
BSU_tRNA_11,trnSL-Glu1,26.9837735969025,-0.212350135738576,0.512036484355548,-0.414716806763958,0.678349227452827,0.778408249839779
BSU_00640,spoIIE,11681.1078552938,-3.9751643314189,0.165627893994508,-24.0005728235047,2.74275056913183e-127,6.2549148505517e-125
BSU_00650,yabS,5695.11633666972,-4.21242120190196,0.200943710079671,-20.9631901403224,1.4222803261301302e-97,1.66560558192483e-95
BSU_00660,prkT,1279.12989727115,-4.05369312467456,0.198308682731749,-20.4413294911448,7.17576046116864e-93,7.972453866216341e-91
BSU_00670,tilS,2604.93159652165,-1.0404901484871,0.209988223078072,-4.95499287167289,7.23329409598188e-07,4.47740904541278e-06
BSU_00680,hprT,957.422333430149,-0.537050646118869,0.156669354015113,-3.42792404739898,0.0006082155981021,0.0023219367282614
BSU_00690,ftsH,5687.88108581658,0.285368602692014,0.142299852662421,2.00540336024799,0.0449199427752428,0.0999168953003733
BSU_00700,coaX,148.063129833174,0.336862023023686,0.254466003465936,1.32379971562205,0.185569570622334,0.304573086934308
BSU_00710,hslO,197.600105480204,0.599364400667502,0.272011380100866,2.20345340127037,0.0275628079030345,0.0663129631559404
BSU_00720,yacD,336.509732239305,0.144876568406559,0.204499248015231,0.708445482380301,0.478668656319649,0.614624883136758
BSU_00730,cysK,3005.24017725485,0.297906699423795,0.183775888450029,1.62103256273905,0.105010655336284,0.195956576043117
BSU_00740,pabB,620.41360250623,-0.274465675003927,0.184198280361588,-1.49005557741984,0.136209623186264,0.239503104967952
BSU_00750,pabA,649.836224862879,-0.388790211359023,0.183658210829366,-2.11692256830403,0.034266419951846,0.0800602626949972
BSU_00760,pabC,282.990583239688,-0.25820920871869,0.212166031187006,-1.21701484103787,0.223598569271903,0.348007399660616
BSU_00770,folP,491.472208428394,-0.28777433336109,0.174562330813435,-1.64854772515986,0.0992403256849198,0.187124936850891
BSU_00780,folB,276.586611868992,-0.187139776303084,0.229833618911346,-0.814240219466195,0.41550734891559,0.552098541199402
BSU_00790,folK,359.483313756577,-0.42556884312219,0.225742503717115,-1.88519590291904,0.059403393778432,0.124827791096967
BSU_00800,yazB,183.404838449069,-0.205950703067306,0.329376579024683,-0.62527427929802,0.531791058008134,0.659634399947368
BSU_00810,dusB,1840.37808413371,-0.251148650922847,0.142751022343108,-1.75934747646992,0.0785185072626678,0.156046384838126
BSU_00820,lysS,1654.22104797642,0.0941764517507572,0.212470843806536,0.443244117938878,0.657589171039144,0.764306297776988
BSU_rRNA_6,rrnJ-16S,15363.0261043082,-1.13652068246176,0.994683477826225,-1.14259531579383,0.253206651289515,0.38268029997819
BSU_rRNA_7,rrnJ-23S,16462.451322307,-1.1075686257903,0.874587979804182,-1.26638903274006,0.205373835456916,0.326683123727906
BSU_rRNA_8,rrnJ-5S,0.0,,,,,
BSU_tRNA_12,trnJ-Val,0.951399675322826,-0.857576066837293,3.30351356860706,-0.259595139849507,0.795176085678999,
BSU_tRNA_13,trnJ-Thr,18.0725789696326,-0.571392947014804,0.640205019765378,-0.892515568253758,0.372116651974371,0.510080755182024
BSU_tRNA_14,trnJ-Lys,89.553064121998,-0.20232086196796,0.312039727878155,-0.648381740824238,0.516738077079237,0.645066576774513
BSU_tRNA_15,trnJ-Leu1,108.317936362118,0.158282525677299,0.36991037379176,0.427894260046906,0.668728106272707,0.771588060342819
BSU_tRNA_16,trnJ-Gly,136.544269588956,-0.0953815437129087,0.303668690295811,-0.314097392194089,0.753447070110521,0.834531225661781
BSU_tRNA_17,trnJ-Leu2,144.567145751929,-0.0086342725901223,0.258819573872052,-0.0333601993889021,0.973387348270051,0.985901678367024
BSU_tRNA_18,trnJ-Arg,42.8997932305973,-0.18326014767857,0.487402608402837,-0.375993366714004,0.706921827415399,0.801703549227319
BSU_tRNA_19,trnJ-Pro,8.36045808102151,-0.445260925664626,0.921000145761748,-0.483453697280749,0.628773628914709,0.741354050091819
BSU_tRNA_20,trnJ-Ala,35.6868936254891,-0.602107143837813,0.502865014344832,-1.19735341823746,0.231168831700216,0.357096095457054
BSU_rRNA_9,rrnW-16S,15210.7211257758,-1.13844586039438,0.983686823292701,-1.15732551604549,0.247139392470319,0.376266685725191
BSU_rRNA_10,rrnW-23S,16379.4695093297,-1.11772523850959,0.870474989279638,-1.28404061262525,0.199127745596411,0.319741826459888
BSU_rRNA_11,rrnW-5S,0.0,,,,,
BSU_00830,ctsR,722.630006778077,-0.849143417155014,0.181945382477908,-4.66702372761848,3.05594051640128e-06,1.75382652418103e-05
BSU_00840,mcsA,578.075927690744,-0.718579767392284,0.209854714277105,-3.42417738799725,0.000616663541809,0.0023521154283965
BSU_00850,mcsB,2272.90852567218,-0.89658544029728,0.154478517378865,-5.80394902482375,6.47709757401653e-09,5.12564228520685e-08
BSU_00860,clpC,10568.5276912111,-1.30833033988606,0.149539306319232,-8.749073217533,2.15112065262883e-18,3.59876671345202e-17
BSU_00870,radA,2254.12074206228,-1.60737383314551,0.188123211049268,-8.5442610945257,1.29361276676267e-17,2.03087830376183e-16
BSU_00880,disA,2164.00499255596,-1.68160448777772,0.172777761104505,-9.73276003247081,2.18580166342298e-22,4.6655559643407804e-21
BSU_00890,yacL,2335.18264647557,-1.72685144556603,0.208428599295557,-8.28509835695492,1.1801151529409099e-16,1.75117772523731e-15
BSU_00900,ispD,1293.07876163713,-1.45227148209635,0.250546958920389,-5.79640434812784,6.7751797914504e-09,5.34733224705912e-08
BSU_00910,ispF,124.580528119867,-1.27070701993329,0.283744970137585,-4.47834201014078,7.52250133282298e-06,4.08971120139548e-05
BSU_00920,gltX,2147.97843325489,-0.0711831963829077,0.142305528815861,-0.500213849561787,0.616924507471398,0.731763999691642
BSU_00930,cysE,117.011929779732,-0.151329415306058,0.295868738704091,-0.511474838365427,0.609018602856455,0.724689367304432
BSU_00940,cysS,460.977611651116,-0.198207790505332,0.258427694265202,-0.766975811431141,0.443095897183637,0.578467768152063
BSU_00950,mrnC,114.777716144905,0.0684489511101322,0.365832812901404,0.187104460551984,0.851578730906362,0.904163352368848
BSU_00960,rlmB,336.560821947944,-0.166869031024323,0.255402371411963,-0.653357406596528,0.513525891288707,0.64365278766386
BSU_00970,raeA,264.038714251401,-0.17977581163382,0.273070326326479,-0.658349861928544,0.510313344868431,0.640738256538659
BSU_00980,sigH,11444.7672554356,0.0963855664683142,0.129919617770318,0.74188616101621,0.458156311267155,0.593835266742621
BSU_00990,rpmGB,2093.52917712302,0.0579783384874441,0.17442230808796,0.332402082755412,0.739585666063363,0.825296083196639
BSU_01000,secE,2826.3900382432,0.0067671985639688,0.167020117814336,0.0405172661385104,0.967680741956147,0.981718153982827
BSU_01010,nusG,769.138779308456,-0.404848797009869,0.179957010762042,-2.24969727656347,0.0244681685287421,0.0599663881419906
BSU_01020,rplK,6640.977175673,0.472936690688571,0.135290981440361,3.49570005076098,0.000472819875968,0.0018540529616013
BSU_01030,rplA,3917.25009963315,0.514856823711031,0.157915051476928,3.2603404102126,0.0011127857036001,0.0040113980480027
BSU_misc_RNA_3,ldlJ,1208.17381612273,0.33533393375618,0.190137330959457,1.76364069098921,0.0777924923210567,0.154900743711044
BSU_01040,rplJ,756.858937165051,0.004597641242657,0.162507630254566,0.0282918484224707,0.977429382015649,0.987877230446049
BSU_01050,rplL,977.700470682637,0.0976550685467978,0.187994424755791,0.519457258765275,0.603441910974188,0.721101434156414
BSU_01060,rlmG,55.441245534141,0.0795211921293353,0.472875520726396,0.168165169571859,0.866453341337487,0.91391001168825
BSU_01070,rpoB,37130.5111052985,-0.143612359804504,0.145849203923207,-0.98466330937342,0.324789480831407,0.462171698010669
BSU_01080,rpoC,59937.4950329282,-0.37950847802643,0.14169091553035,-2.67842491246476,0.0073969314991776,0.0213388177003573
BSU_01090,rulS,1836.73686807391,-0.718630348777236,0.191633619329272,-3.75002231493868,0.0001768188347579,0.0007555779201244
BSU_01100,rpsL,4915.95639156135,-0.546558186564962,0.179579193794817,-3.04354961738745,0.0023380488177548,0.0077415803790237
BSU_01110,rpsG,4078.526744209,-0.352691657646585,0.219461393614556,-1.60707836507237,0.108037178594506,0.200053459337604
BSU_01120,fusA,14729.9248264639,-0.476528164763954,0.193240346836707,-2.46598690472561,0.0136636329467786,0.0364111448698596
BSU_01130,tufA,20725.7610793999,-0.172069120319976,0.206030874346622,-0.835161821574811,0.403626602449919,0.54165409989827
BSU_01140,ybaC,53.2369378921899,0.0118459821957154,0.444894986540591,0.026626468164605,0.978757662198221,0.987877230446049
BSU_01150,rpsJ,286.172995926066,-1.05372971034978,0.250842042303375,-4.2007699374229,2.66008796903168e-05,0.0001344942960305
BSU_01160,rplC,602.306939408759,-0.801924141758433,0.249736015559429,-3.21108727534576,0.0013223376777361,0.0046658706495364
BSU_01170,rplD,403.022328848215,-1.1166978188833,0.257512301230265,-4.33648339729121,1.44780357313132e-05,7.60403985742789e-05
BSU_01180,rplW,128.918733952766,-1.12187187435049,0.281657783049146,-3.9831026936498,6.80213446839033e-05,0.0003193244707641
BSU_01190,rplB,632.575615619887,-1.8340627821857,0.168900620783,-10.8588279526933,1.81058044473243e-27,4.93411639435573e-26
BSU_01200,rpsS,194.963408906539,-1.86377546653728,0.248729480117754,-7.4931828171511,6.72231625676644e-14,7.91516204906767e-13
BSU_01210,rplV,263.4403106251,-2.25740878360357,0.25578340381132,-8.82547010465446,1.09000960082638e-18,1.8742109525320302e-17
BSU_01220,rpsC,342.166884481603,-2.06308294315212,0.218424459091462,-9.4452926734191,3.54412468042833e-21,7.07681670059722e-20
BSU_01230,rplP,127.449411749046,-2.54363455205413,0.29007586464781,-8.76885967449388,1.80484806548367e-18,3.04295979289523e-17
BSU_01240,rpmC,65.3772439367823,-2.52886327379791,0.455603183687599,-5.55058297294938,2.84718537343773e-08,2.08041386561647e-07
BSU_01250,rpsQ,85.6931290231672,-2.348537142032,0.463036013221864,-5.07203991691828,3.93573803990476e-07,2.55292708486637e-06
BSU_01260,rplNA,172.393244168869,-3.00647055330249,0.274594048962047,-10.9487826290002,6.73466246558561e-28,1.89488912099886e-26
BSU_01270,rplX,150.219698309593,-2.8639251901011,0.409130202689998,-7.00003365987409,2.55901021313511e-12,2.7446017954243698e-11
BSU_01280,rplE,244.836632304701,-2.24958175190167,0.2167608626711,-10.3781730898306,3.1168239458057e-25,7.94423421010358e-24
BSU_01290,rpsNA,136.634951895803,-2.30233676764126,0.378194713093811,-6.08770214899902,1.1454270682391701e-09,9.65590561610962e-09
BSU_01300,rpsH,199.544135657705,-2.24051183704023,0.286780968887073,-7.81262384925717,5.600956235077091e-15,7.26615070855959e-14
BSU_01310,rplF,267.359607431277,-2.10656951826311,0.25800803438711,-8.16474387422545,3.22117938961628e-16,4.6216457931150205e-15
BSU_01320,rplR,214.575853606805,-2.07929233079938,0.246257402540847,-8.44357290114143,3.07782266569132e-17,4.76293057515731e-16
BSU_01330,rpsE,182.796169591024,-1.93221889694347,0.278106025099855,-6.94777790682418,3.71084572744812e-12,3.9026928487943494e-11
BSU_01340,rpmD,68.1264291743494,-1.77564287914768,0.399869392158779,-4.44055712681958,8.9726281246787e-06,4.83562160002896e-05
BSU_01350,rplO,514.689376068992,-0.955519304741231,0.206083781000139,-4.63655752094623,3.54259643263643e-06,2.01709202925278e-05
BSU_01360,secY,1884.53638465147,-0.653182117855982,0.197981788733553,-3.29920303293677,0.0009695975595936,0.003530475819932
BSU_01370,adk,923.212004025591,-0.486299335779032,0.168490605951387,-2.88621037970117,0.0038991142572082,0.0120998486000589
BSU_01380,mapA,915.119502260394,-0.76951451848594,0.198706240229294,-3.87262381693686,0.000107669946601,0.000482454889992
BSU_01389,ybzG,346.358416704178,-0.898075597022471,0.244092658640328,-3.67924050655612,0.0002339295804333,0.0009765095106144
BSU_01390,infA,206.202304332383,-0.721459666823362,0.231185692822401,-3.12069340457671,0.0018042577565904,0.0061557865033908
BSU_01400,rpmJ,158.079049101541,-0.210522678135383,0.245850329500021,-0.85630423422054,0.391829519800835,0.530395910433308
BSU_01410,rpsM,360.589666242469,-0.419987524290929,0.270299955167691,-1.55378318146732,0.120236143627287,0.21771132901673
BSU_01420,rpsK,326.350648004048,-0.112268845710183,0.264053601656889,-0.425174453238723,0.670709505881054,0.772099970505474
BSU_01430,rpoA,2044.76163873945,-0.695120170423316,0.194473604700041,-3.57436769630244,0.000351075278148,0.0014150783071773
BSU_01440,rplQ,541.4382800261,-0.190035840050556,0.244636908569791,-0.776807723583304,0.437272219268354,0.572632939130684
BSU_01450,ecfA,183.508603351055,-0.838238242345211,0.254039856624456,-3.29963279574814,0.0009681141208149,0.0035280390962918
BSU_01460,ecfAB,149.675216507834,-0.543807580626316,0.251030135594997,-2.16630397516765,0.0302879661611836,0.071950524877417
BSU_01470,ecfT,101.897967830428,-0.62229265816052,0.416626243138611,-1.49364728796857,0.13526783273259,0.238257549163669
BSU_01480,truA,128.501531383211,-0.786218601656857,0.306628637030308,-2.56407427979124,0.0103451402278934,0.0284425714514354
BSU_misc_RNA_4,ldlM,10.6574100540737,-2.42533128869184,0.998281877290985,-2.42950547722394,0.0151194364670136,0.0398737177185452
BSU_01490,rplM,1173.42287891738,0.270320367519988,0.230882206472258,1.17081507341047,0.241673117611523,0.370100988979327
BSU_01500,rpsI,1199.96521790675,0.759016191787261,0.261610026498606,2.90132684112284,0.0037158608273324,0.0116335440497338
BSU_01510,ybaJ,774.38768266062,-1.23058626751168,0.231361236872079,-5.31889561167966,1.04399009157438e-07,7.20319915094236e-07
BSU_01520,ybaK,10.0531663608116,-3.00806925719584,1.13861653902288,-2.64186330876351,0.0082451324568131,0.0234116375723273
BSU_01530,cwlD,479.574923594378,-6.2326160817375,0.383652502501981,-16.2454722466076,2.4048241529742102e-59,1.48858615069104e-57
BSU_01540,salA,2487.67767269206,-0.120605490797293,0.171459306724461,-0.70340591654852,0.481802820419713,0.616788187903332
BSU_01550,gerD,46.7031414062834,-5.22511273316452,0.733762427696974,-7.12098703331586,1.07156873992561e-12,1.16660988695921e-11
BSU_01560,kbaA,182.854112387418,-0.0854105291922756,0.300826545994015,-0.283919522162033,0.776472055349922,0.851113942785533
BSU_01570,pdaB,954.859549791945,-7.56417993072134,0.34727054802446,-21.7818066454301,3.45188774661819e-105,5.15759641589539e-103
BSU_rRNA_23,rrnI-16S,12699.0846650843,-1.18667437341921,1.00469829376891,-1.18112510071819,0.237553029839235,0.365135607766373
BSU_rRNA_14,rrnI-23S,15863.5258072758,-1.20673997173416,0.874589265332212,-1.37977907981272,0.167654675767925,0.283105109159166
BSU_rRNA_15,rrnI-5S,0.736998362274869,-1.85063562988269,3.48342850996077,-0.531268439869184,0.595232772257783,
BSU_tRNA_23,trnI-Asn,0.863767284199984,1.6608097773705,3.41276601785594,0.486646247847341,0.626509043431357,
BSU_tRNA_24,trnI-Thr,25.6327360428362,-1.0694803851797,0.802813866169345,-1.33216481459489,0.182806035804331,0.300834999293645
BSU_tRNA_25,trnI-Gly,15.3268498188573,-0.214612245608125,0.685673569694544,-0.312994776368194,0.75428463076765,0.834924609363341
BSU_tRNA_26,trnI-Arg,44.9636445351293,-0.586467420016291,0.43531213282901,-1.34723426201092,0.177904796534999,0.295236110067465
BSU_tRNA_27,trnI-Pro,6.97413088806613,0.210365710736124,1.02040720326,0.206158590476475,0.836667033013108,0.894928003805942
BSU_tRNA_28,trnI-Ala,11.4561912053956,0.478680240868837,0.862381599621198,0.555067780990571,0.578848299420243,0.701188057419042
BSU_rRNA_16,rrnH-16S,14475.3640155271,-1.18659732843123,1.00129898387697,-1.18505795725149,0.235994532462408,0.363150915076296
BSU_rRNA_29,rrnH-23S,11947.9115572943,-1.12944555284278,0.864803660064719,-1.30601384452774,0.191547849531897,0.311435959482817
BSU_rRNA_24,rrnH-5S,0.0894946312195396,0.618380788489009,3.52501470935649,0.175426442008209,0.860744565017176,
BSU_rRNA_25,rrnG-16S,14116.0858738669,-1.110078813344,0.99405727124834,-1.11671514856479,0.264116138664436,0.393811159268067
BSU_rRNA_27,rrnG-23S,16475.1683340323,-1.1408729001311,0.870451996858977,-1.31066722145269,0.189970217528407,0.309648803901021
BSU_rRNA_28,rrnG-5S,0.0891782019490178,-0.689305217086521,3.5242763491534,-0.19558773172033,0.844932863487507,
BSU_01580,ybaR,290.726481707045,1.55164179306316,0.2442254436601,6.35331753239703,2.10720109282596e-10,1.8710045768883e-09
BSU_01590,ybaS,276.134021066896,-0.466900313513314,0.308482335692945,-1.51353986757302,0.130142582297369,0.230731509449468
BSU_01600,eesA,4.59027541955431,2.07120602850723,1.49920339282974,1.38153771423759,0.167113690064981,0.282521895845323
BSU_01610,feuC,9.73468910975803,1.4144527550901,1.16679873389378,1.21225084841313,0.225416372449015,0.350155687957383
BSU_01620,feuB,16.5220404788418,1.43875781265306,0.694276007624043,2.07231388792592,0.0382361780917752,0.0880882070346204
BSU_01630,feuA,46.7200664320387,0.615123259249833,0.514951906232985,1.19452564754955,0.232272414266361,0.358545198081989
BSU_01640,btr,96.3909922465649,0.783423660411437,0.327161582865787,2.39460774565584,0.0166381542031949,0.043481979591341
BSU_01650,ybbC,3466.05735771168,-0.277226193670067,0.238163268303751,-1.16401742235287,0.244416951352134,0.373039327301443
BSU_01660,nagZ,4018.16396095056,-0.338736257306781,0.26026004132135,-1.30153002200032,0.193077095116677,0.312982810752175
BSU_01670,amiE,1978.1337123643,-0.0404518724587814,0.204213361677293,-0.198086315834247,0.842977531082055,0.898164352449778
BSU_01680,murP,1254.6168681602,-0.0720786186421021,0.218356974048182,-0.330095335659843,0.741327927498368,0.826538929657927
BSU_01690,murR,337.20015972613,0.0604363126648107,0.22240787405956,0.271736389371835,0.785824719052017,0.858787281490716
BSU_01700,murQ,573.689927313954,-0.138665563690695,0.200792388760928,-0.690591732816111,0.489822144267511,0.624602516512986
BSU_01710,ybbJ,32.4496392942413,0.675183216914941,0.542932678626786,1.2435855189683,0.213652148513498,0.335888668544155
BSU_01720,ybbK,56.9646376351328,0.442144679548678,0.401725482950382,1.10061397226147,0.271064701835809,0.400936213605272
BSU_tRNA_75,trnSL-Glu2,25.329507218485,-0.201140931392469,0.558964921492454,-0.359845356405222,0.718962782542995,0.810212155203848
BSU_tRNA_78,trnSL-Val1,0.616180366485672,1.47618940405297,3.45914083954391,0.426750303768378,0.669561206861406,
BSU_tRNA_76,trnSL-Thr1,29.1048718727238,0.181356129226119,0.472507962455428,0.383816027742022,0.701114807838147,0.796729730491133
BSU_tRNA_77,trnSL-Tyr1,66.1023312576882,-0.40523094973716,0.385555967490718,-1.05103015879767,0.293244738678882,0.426242687922038
BSU_tRNA_74,trnSL-Gln2,23.0428737266705,-0.206192129339765,0.553572141551477,-0.372475624878588,0.709538757048376,0.803352870209201
BSU_01730,sigW,2689.8062248147,-0.650552159765191,0.242805039276618,-2.67931901950372,0.0073772070913196,0.0212960948212445
BSU_01740,rsiW,3821.71810981014,-0.678854421030041,0.185787238971692,-3.65393460168422,0.0002582520731361,0.0010697956337467
BSU_01750,cdaA,548.500616380381,0.202010154090325,0.174891833043506,1.15505767522074,0.248066808907662,0.37712549761086
BSU_01760,cdaR,938.088280910357,0.540324147835765,0.157914528269027,3.42162405041832,0.0006224832116305,0.0023669047766067
BSU_01770,glmM,623.139406361959,0.433605435459131,0.173977551146529,2.49230680970981,0.0126916353012048,0.0340935249597771
BSU_misc_RNA_5,glmSA,1755.28914582196,-1.27393287776019,0.277935050168203,-4.58356323532861,4.57118557783055e-06,2.56248236717769e-05
BSU_01780,glmS,22232.5275133066,-0.147360280969913,0.132931325906336,-1.10854443048092,0.267626761903646,0.397268502681911
BSU_01790,ybbU,3.42579070886532,-0.439731295176871,1.75601409644137,-0.250414444888571,0.802266859997559,0.870579089498979
BSU_01800,alkA,214.670300755434,-1.43845907856331,0.283867383690656,-5.06736300543379,4.03364604472906e-07,2.61252441133199e-06
BSU_01810,adaA,10.8218915749254,-0.374502383621016,0.828744151574211,-0.451891434660074,0.651347195245902,0.757661046174629
BSU_01820,adaB,49.9826529763715,-0.847781385041114,0.656289268559204,-1.29178005135191,0.196433325647801,0.316484204367437
BSU_01830,ndhF,48.9951575820787,-0.263927168649136,0.451916868754903,-0.584017076805063,0.559208822961507,0.684906845729496
BSU_01845,ybcC,97.0934275586951,-0.0552142115406485,0.321390233087875,-0.171798038198478,0.863596307885487,0.912220626868169
BSU_01860,ybcF,33.8935428325257,-0.427057956834905,0.533357523130142,-0.800697352741194,0.423306875483532,0.560057615716074
BSU_01870,ybcH,21.023183069448,-1.18972769332356,0.614293208453329,-1.93674238450245,0.0527768419255356,0.113096961455661
BSU_01880,ybcI,51.1250925723498,-1.01527595531485,0.390555196069193,-2.59957098390511,0.0093340371743604,0.0260595251781598
BSU_01889,ybzH,433.346509265094,0.953771274282025,0.204515990707066,4.66355354896497,3.10795263090731e-06,1.78131729493669e-05
BSU_01890,ybcL,24.535917025084,0.458731968439889,0.53592790561413,0.855958354910105,0.392020815070666,0.530489129200873
BSU_01900,ybcM,1.21353786615798,-0.562086510581596,2.6179230492252,-0.214707040662617,0.829995732941881,
BSU_01910,skfA,14463.8102452058,-1.67757974512381,0.195382196173379,-8.58614437742913,8.99366351053752e-18,1.43270382320438e-16
BSU_01920,skfB,7581.35544991597,-0.415684054790742,0.223305969632809,-1.86149996560445,0.0626736054867103,0.13062276699082
BSU_01935,skfC,3693.87742772295,0.0466944994264101,0.254314412273008,0.183609332279145,0.854319941494045,0.906407518730092
BSU_01950,skfE,3008.46636655904,0.0062992486679672,0.227015372756512,0.0277481149909774,0.977863048247191,0.987877230446049
BSU_01960,skfF,2133.32961382079,0.0394163221616922,0.267031454602554,0.147609285281986,0.882651126785417,0.925811506260279
BSU_01970,skfG,1097.3212579358,0.091232243636116,0.234047252393175,0.389802668919417,0.696682470068929,0.793149012824138
BSU_01980,skfH,2008.10651450969,-0.103179614426069,0.18748856092999,-0.550324851363053,0.582096581926594,0.703549369452701
BSU_01990,ybdG,206.20425486522,-0.104151377747079,0.24809170618992,-0.419809994242003,0.674624263256219,0.775576262321357
BSU_02000,ybdJ,178.720069946657,-0.440692468693565,0.259674159899901,-1.69709788938354,0.0896781551946532,0.172776988198503
BSU_02010,ybdK,277.364051365695,-0.256190824282423,0.262833857116435,-0.974725353472751,0.329696513163874,0.467618655168271
BSU_02019,ybzI,193.768040927324,-0.0489919066733486,0.258618442984569,-0.18943701813359,0.849750313416444,0.903107213155127
BSU_02030,ybdM,89.2147941734927,0.416527397495349,0.315095344340407,1.32190908236766,0.186198427685149,0.305373878561601
BSU_02040,ybdN,1936.11865680343,0.614253483661298,0.234044790121281,2.62451252746534,0.0086773100440854,0.0244188333930339
BSU_02050,ybdO,2467.95797961643,0.746410852064337,0.146942218218318,5.07962150779134,3.78187575430325e-07,2.47535765005982e-06
BSU_02060,ybxG,1430.80523923089,0.269081016012353,0.143692270174085,1.87261997939318,0.0611208803906802,0.128188177508624
BSU_02070,csgA,20.5361412084792,-6.13834754197502,1.25295770620145,-4.89908598797354,9.62835030390249e-07,5.85950026219234e-06
BSU_02080,ybxH,10.9287148131663,-5.57956427954861,1.77701942928925,-3.13984427383569,0.0016903766500091,0.0057992098372839
BSU_02090,ybxI,214.695267030443,-1.5119550212488,0.257775766627005,-5.86538851589012,4.480822498783241e-09,3.61553145013553e-08
BSU_02100,cypC,112.012058524036,-1.5914055520654,0.394233771030833,-4.03670529773294,5.42070914486357e-05,0.0002601099969512
BSU_02110,ybyB,527.133376281305,-2.31899959354379,0.428857904580929,-5.40738451774573,6.39517504203593e-08,4.48386625520092e-07
BSU_02120,ybeC,112.216156157236,1.46332467091612,0.404187169286929,3.62041346710172,0.0002941326110309,0.0012091808383276
BSU_02130,glpQA,92.0012979835594,-0.148508006498096,0.3383425692605,-0.438927938694451,0.660713751922023,0.766123385500774
BSU_02140,glpT,61.0975716700357,0.723640362777381,0.364746271281542,1.98395547741957,0.047260803482038,0.103791718949656
BSU_02150,ybeF,3.92326156267204,-0.607417769672557,1.33988068763231,-0.453337207767298,0.650305944202036,0.757284169139937
BSU_02160,ybfA,125.503946710046,-0.0639612280193701,0.369105263994864,-0.173287227949857,0.862425662441045,0.911830746995678
BSU_02170,ybfB,176.934754292546,0.541915852998072,0.304130285686724,1.78185428581843,0.0747729969620948,0.150204634138506
BSU_02190,ybfF,139.289630654189,0.884093741723197,0.384640458855592,2.29849388271221,0.0215336956548398,0.0539714257493097
BSU_02200,ybfG,289.01278722827,-1.34583813995118,0.235122703870354,-5.72398206467236,1.04055739922691e-08,8.02266051752704e-08
BSU_02210,ybfH,40.602441586829,0.808971221662893,0.835063202599805,0.968754483665812,0.332667701372367,0.470754131301915
BSU_02220,ybfI,70.563877252101,0.243963920373304,0.350966983265258,0.69511929043456,0.486980546579241,0.621894107965769
BSU_02230,purT,108.432082132361,1.30930831718971,0.361050561822902,3.62638493229082,0.0002874168081404,0.0011826942352064
BSU_02240,mpr,2146.58144786463,-0.0601247962176649,0.179071685745662,-0.335758252161991,0.737053174268211,0.823106031985608
BSU_02250,ybfJ,1120.69868103507,-0.139699815092305,0.160463408069136,-0.870602318455779,0.383971330127732,0.522862279523401
BSU_02260,cesB,275.740551658413,1.02619438415809,0.278585388670061,3.68359011596781,0.0002299719299959,0.0009627713745626
BSU_02270,pssA,251.676842401755,-0.838491355794626,0.272106471486012,-3.08148259471928,0.002059725181509,0.006934568151887
BSU_02280,ybfM,140.659862778929,-0.457584736412458,0.247486053067072,-1.84893140741327,0.0644677178800092,0.13384696769242
BSU_02290,psd,371.688926336341,-0.767246770289701,0.253244625966655,-3.02966654222596,0.0024482388140514,0.0080487244167563
BSU_02300,ybfN,29.5020627526109,-2.21170480178382,0.615470778125277,-3.59351715855734,0.0003262441541427,0.0013285863908839
BSU_02310,ybfO,1338.20144994364,-0.878084515004168,0.255590376841916,-3.43551477114989,0.0005914292206844,0.0022678431975447
BSU_02320,ybfP,91.5386205965528,-0.295237622833717,0.335403205280698,-0.880246873570077,0.378725585769524,0.516368144474308
BSU_02330,ybfQ,863.159148576712,0.0693083161842573,0.15732374938341,0.440545794617109,0.659541852263913,0.765524812734368
BSU_02340,gltP,1134.78184402331,-1.79431494992897,0.217846093528401,-8.23661751682979,1.7714767323197699e-16,2.6019690444547702e-15
BSU_02350,gamP,79.9155289432375,0.429223818568288,0.344021668864093,1.24766506710324,0.212153739218269,0.334338448099215
BSU_02360,gamA,72.6206239919774,0.540652768536061,0.345142532193533,1.56646231080236,0.117240425305119,0.213446539011379
BSU_02370,gamR,92.87378266764,0.545538033377432,0.30590002981394,1.78338666298676,0.0745233827695654,0.149981336526023
BSU_02380,ybgB,50.5770835120649,-0.75055379236948,0.450896992141794,-1.66457928407172,0.0959967211753027,0.182494259270019
BSU_02390,ilvE,3721.416390479,-0.159798852688937,0.176438637275444,-0.905690812151703,0.365099526942369,0.50365369316819
BSU_02400,ybgF,74.9738745503745,0.461611546358635,0.373085806335026,1.23727983890149,0.215983210027906,0.33870982593229
BSU_02410,ybgG,91.101064730644,1.21431615973401,0.356997609672771,3.40146860043985,0.000670248278361,0.0025275768408516
BSU_02420,glnT,10.4743659349872,-0.949579743890298,0.902077772939883,-1.05265839861635,0.292497581698917,0.425584963566625
BSU_02430,glsA,2.63936257940572,-1.33030141605518,1.91024013845716,-0.69640533107509,0.486175025378824,0.62141486282196
BSU_02440,glnJ,43.8754336888824,-0.0485706429954288,0.49752302465134,-0.0976249150066306,0.922230139689834,0.950528828562334
BSU_02450,glnL,38.7572236387116,0.465783485565516,0.465226327680165,1.0011976060945,0.316731283683101,0.452339041594883
BSU_02460,kdgD,53.4723371764714,-0.53220929644739,0.420114577981965,-1.26681939723176,0.205219874654836,0.326558103885202
BSU_02470,gucD,77.2504517527235,-0.396337881037967,0.431092788533903,-0.919379520093265,0.357897097571684,0.496881808323648
BSU_02480,gudP,81.0996259418345,-0.237382229031552,0.387290794266717,-0.6129302130225,0.539922484922203,0.667280127543613
BSU_02490,gudD,175.500522648106,0.350236420058205,0.232652963505857,1.50540278868783,0.132220552567454,0.233936976020735
BSU_02500,garR,400.617078064134,0.46675281006951,0.17947103281428,2.60071390212879,0.0093030002155264,0.0259896195576247
BSU_02510,garD,616.667534157851,0.535526139543883,0.182873976268349,2.9283889948237,0.003407234722363,0.0108255289703361
BSU_02520,ycbJ,1578.9705792165,0.0246903724988369,0.152787284164135,0.161599655585949,0.871621128550298,0.918155430215567
BSU_misc_RNA_6,tboW,620.751002443077,-0.0005230523549033,0.175248257314099,-0.0029846365545642,0.997618608109101,0.998079295529147
BSU_02530,rtpA,2.75616944016294,0.8810619683148,1.91461122298627,0.460178002581945,0.645388458935198,0.75315599045683
BSU_02540,ycbK,7.38515110671124,0.0685646109734444,1.39688429586362,0.0490839586188164,0.960852387165546,0.978014777548464
BSU_02550,ycbL,44.006686926265,0.658354916938033,0.479047191347382,1.3743007553939,0.169348331913629,0.285076271243883
BSU_02560,ycbM,39.060420178694,0.740836535030712,0.44988801570603,1.64671320232454,0.0996170092581452,0.187669783093714
BSU_02570,ycbN,55.7729901431429,0.615725010905695,0.370995005205384,1.65965849207276,0.0969831740938846,0.183666124715385
BSU_02580,ycbO,41.4163907169,1.39418968795265,0.849177532164548,1.64181179452413,0.100629013984168,0.188592351900259
BSU_02585,BSU_02585,0.517374553727826,-2.18857627927172,3.47610407053354,-0.629606086257306,0.528952340557171,
BSU_02590,ycbP,58.2208671036992,-2.3355234528663,0.62925246921141,-3.71158408928171,0.0002059662201702,0.000867598056386
BSU_02600,cwlJ,147.250382738238,-5.34618170358623,0.617121301385225,-8.66309701445386,4.59117362171781e-18,7.564089468784511e-17
BSU_02610,ycbR,88.9663156156605,0.0020856314353189,0.306717810319005,0.0067998380438024,0.994574556019019,0.996875214256398
BSU_02619,yczK,0.178356403898036,-0.995703049573317,3.51232071174796,-0.283488647902483,0.776802282563215,
BSU_02620,phoD,5.41699402688134,0.88059256790958,1.68900257158397,0.521368399743612,0.602110160511132,0.71990709864645
BSU_02630,tatAD,0.267534605847053,-1.16495647235934,3.50567728320885,-0.332305679686813,0.739658451590245,
BSU_02640,tatCD,3.17076098955136,1.84866336960213,2.04238651963211,0.905148634615512,0.365386649660235,0.503889354862444
BSU_02650,pcp,383.118019295072,0.0427651057753315,0.228256226933606,0.187355702623485,0.85138175173466,0.904163352368848
BSU_02660,ycbU,176.602511544498,-0.225347443713745,0.278417755832204,-0.809386035887585,0.418293131857781,0.555289258682527
BSU_02670,lmrB,175.618413558482,0.171057837798188,0.269110119770858,0.635642531554892,0.525009441356648,0.65332162820171
BSU_02680,lmrA,101.078094521775,0.543773839792402,0.361285469049325,1.50510852601759,0.132296177358974,0.2339752393863
BSU_02690,ansZ,19.6662763941244,-2.91086394272004,0.818217983906441,-3.55756534318962,0.0003743080084544,0.0015031293796416
BSU_02700,estA,249.025168595212,0.423858939989947,0.409504165827598,1.03505403695549,0.300643676085206,0.435388751586347
BSU_02710,yczC,18.3515164818486,0.129008344513295,0.632562445757394,0.203945626836616,0.838395989256537,0.895991210644465
BSU_02720,yccF,214.608348466605,1.08247774653429,0.284037843000838,3.81103354080568,0.0001383869870377,0.0006038578195713
BSU_02730,natK,55.0343776294092,0.219685865201744,0.371878796921419,0.590745874786096,0.554690705418659,0.681577349661521
BSU_02740,natR,71.1723233031279,0.466575837270099,0.400347346048251,1.16542757651718,0.243845960185043,0.372430223997811
BSU_02750,natA,2.78077362042007,2.35456958067433,1.74415094721987,1.34998039271054,0.177022272322691,0.29438571887566
BSU_02760,natB,10.6140114807383,-0.488378766708122,0.807692019659297,-0.604659641077216,0.545405169610834,0.672277084020134
BSU_02770,yccK,375.408141459307,-1.95500046245371,0.238017638921204,-8.21367891604416,2.14512709651286e-16,3.1295743128586703e-15
BSU_02780,ycdA,825.967123699563,-0.284001574283816,0.152376281505685,-1.86381746212399,0.0623473426665291,0.130193270252564
BSU_02785,BSU_02785,9.44678582104292,-1.41760672999059,0.988877165704084,-1.43355189011898,0.151700180973621,0.260851361683122
BSU_02790,ycdB,92.5717484796352,-1.36976694323284,0.498024879360385,-2.7503986246471,0.0059522806062629,0.0175929276036408
BSU_02800,ycdC,54.0018618324796,-0.738858078970077,0.390724122508793,-1.89099683486639,0.0586247667421965,0.123491061883295
BSU_02810,cwlK,54.5345308149303,0.0196496363645707,0.432935862996276,0.0453869453747233,0.963798886347034,0.979854663196082
BSU_02820,rapJ,1460.00086299976,-0.257405416739843,0.145610341433705,-1.76776878761071,0.0770995649076806,0.153879509325187
BSU_02830,ycdF,13.6273380807866,-0.979486989850713,0.771493006758455,-1.26959931103741,0.204227394952479,0.325576638090174
BSU_02840,ycdG,22.7508905292331,-1.01722967996756,0.595778530160176,-1.70739566545655,0.0877485354826224,0.170270669165339
BSU_02850,znuA,1002.15241127637,0.433936089258174,0.168451550392295,2.57602906145779,0.0099942245899519,0.0276179688445548
BSU_02860,znuC,122.806315985117,0.116440126725323,0.312364090428184,0.372770527385874,0.709319240091077,0.803314236098964
BSU_02870,znuB,210.807166931821,0.390876429400359,0.256835304004915,1.52189525079029,0.128035329363825,0.227460878283498
BSU_02880,yceB,39.5951359956434,0.274827683734894,0.448825012362163,0.612327023149797,0.540321414040729,0.667582745092238
BSU_02890,yceC,701.89610306858,0.396961344191853,0.233810875901809,1.69778819167745,0.0895477453874133,0.17267929718009
BSU_02900,yceD,1115.37015040368,0.270920465615629,0.175095647158745,1.54727127722374,0.121797844777123,0.219304968961642
BSU_02910,yceE,1375.64599007291,0.20255654268099,0.16473913570998,1.22955933821085,0.218862164563065,0.342616421694359
BSU_02920,yceF,1988.07599740655,0.172405239769624,0.178675304497938,0.964908050690429,0.334590868699623,0.472624074335718
BSU_02930,yceG,1347.03107546924,0.681869199173044,0.188478988294329,3.61774649441685,0.0002971792577864,0.0012182381494688
BSU_02940,yceH,962.145223324887,0.460315892419439,0.200854386809935,2.2917890902479,0.0219178165224467,0.0548325051915483
BSU_02950,niaP,51.6202578228755,1.02461101164501,0.494871381593926,2.0704592137554,0.03840936169253,0.0884313306130353
BSU_02960,yceJ,0.0,,,,,
BSU_02970,yceK,746.483967038358,0.549164740314631,0.158674378951151,3.46095408688313,0.0005382646049009,0.0020799973392471
BSU_02980,opuAA,107.320499552668,-1.01200335305891,0.285691597886009,-3.54229301998129,0.0003966645804954,0.0015855605417775
BSU_02990,opuAB,87.00955034279,-0.987211317719543,0.334849747616628,-2.94822177632282,0.0031960768719956,0.0102354775213282
BSU_03000,opuAC,126.627803495885,-0.790911001955149,0.310974104672944,-2.54333396276504,0.0109800227664392,0.0299788523295407
BSU_03010,amhX,3824.118252211,0.576072684681024,0.191800274736828,3.0035029171437,0.0026689099027604,0.008681971928424
BSU_03020,ycgA,1124.7927291912,0.728562163068169,0.155342015826191,4.69005219993632,2.73135359886767e-06,1.58010082027952e-05
BSU_03030,ycgB,219.649328691065,0.30049203447868,0.220677183172544,1.36168148495774,0.17329842688537,0.290035567282468
BSU_03040,amyE,6806.48713577259,0.0744155377517181,0.170942533648254,0.435324878855731,0.663326628889952,0.768174444720738
BSU_03050,lctE,25.8171947780518,0.577335490392865,0.748019345321073,0.771818929555966,0.440221678584567,0.575408908991532
BSU_03060,lctP,19.8122166781335,-0.541456201218368,0.579519751575101,-0.93431880405581,0.350139467356009,0.488301999373539
BSU_03070,mdr,292.675045894693,0.294279308888759,0.207686471331873,1.41694019355991,0.156500413810711,0.267818441169751
BSU_03080,ycgE,68.8160304683329,0.480237272648715,0.389599391334541,1.2326437959867,0.217708689479211,0.341292240055507
BSU_03090,ycgF,191.301718964037,-0.106749201350022,0.307462074410533,-0.347194695653705,0.728445055540315,0.817637973374503
BSU_03100,ycgG,291.81265027822,-1.17188002561263,0.21556297895419,-5.43636959972457,5.43771014400504e-08,3.83739381986544e-07
BSU_03110,ycgH,5.03975277734694,-4.46580105795251,1.63767994027363,-2.72690710078939,0.0063931035471561,0.0187805543524254
BSU_03120,ycgI,6.68052079739066,-3.75058710928032,1.39758065055781,-2.68362838866105,0.0072828006193694,0.0210516178010193
BSU_03130,nadE,681.763063644477,0.459112155351694,0.17231644293367,2.66435487835842,0.0077136140482847,0.0221198475653328
BSU_03140,tmrB,70.9584725130004,-0.592085148901479,0.456010461556156,-1.29840255611892,0.194149041243176,0.314057556833162
BSU_03150,aroK,101.882135359535,0.000517886842039,0.385450788046582,0.0013435874516268,0.998927972638801,0.998927972638801
BSU_03160,ycgJ,14.9101418218525,0.313010733279712,0.888512093627411,0.352286407269736,0.724623481015505,0.81489580670651
BSU_03170,ycgK,85.2449962994914,0.356615210518364,0.366310181585465,0.973533438177612,0.330288249636628,0.467998360260141
BSU_03180,cah,43.4191864816419,0.863368822521044,0.434535104655309,1.9868793413271,0.0469357694707125,0.103182490673058
BSU_03190,ycgL,198.321055176142,-4.03756539654648,0.383173752526013,-10.5371658938783,5.82272172799499e-26,1.50177697901204e-24
BSU_03200,putB,4433.0495476566,-1.85028462711434,0.252182627085775,-7.337082052385,2.183007888692e-13,2.52239284845399e-12
BSU_03210,putC,9602.11038276793,-1.93945413923273,0.280812736732519,-6.90657468674618,4.9649559646516995e-12,5.1714312968355395e-11
BSU_03220,putP,7872.9148836848,-1.59652868949688,0.232828800309562,-6.85709279682834,7.0275984465604194e-12,7.1648433103403e-11
BSU_03230,putR,1057.07446378736,-0.256191272222371,0.15848704200299,-1.61648087430099,0.10599038523258,0.197275059799299
BSU_03240,ycgQ,88.9751587869278,-0.75086519291984,0.384243965432621,-1.95413659151274,0.0506850657033497,0.109430662663262
BSU_03250,ycgR,18.3359004303088,0.282917184117966,1.08222036571255,0.26142289785102,0.793766400893336,0.863951222072551
BSU_03260,ycgS,41.9140174450335,-0.448426050490366,0.495604450697149,-0.90480634275899,0.365567990848292,0.503979034153881
BSU_03270,ffoR,428.179505468805,0.220144442798085,0.270010263508752,0.815318795431451,0.414889852843459,0.551583739881849
BSU_03280,nasF,493.848946100423,0.693661477850849,0.200643788902766,3.45717892212954,0.0005458622923769,0.0021061632349683
BSU_03290,nasE,105.157157074725,1.31240684438732,0.322895343271884,4.06449604100438,4.81363559452287e-05,0.0002325248944377
BSU_03300,nasD,212.075840244562,1.82363306263296,0.303751035421275,6.0037097819395,1.92859300432672e-09,1.58268816055827e-08
BSU_03310,nasC,17.9812783894796,-0.685138821878305,0.759238859199003,-0.902402206600867,0.366843249361833,0.50519781142136
BSU_03320,nasB,18.3614143916605,0.362494619427091,0.687548190436272,0.527227944847147,0.598035304968222,0.717013551861457
BSU_03330,nasA,16.4092475367687,2.94456540919191,1.21922695024205,2.41510853135861,0.0157305216977987,0.0412842825660579
BSU_03340,folEB,12.0520812705261,0.303707735649908,0.818072869012705,0.371247778961841,0.710452989311541,0.803967825198984
BSU_03350,yciB,9.27738890366098,-1.47224699518888,1.11563277479688,-1.31965197549608,0.186951241040821,0.306260766514131
BSU_03359,yczL,1.46608428404576,1.6873900669146,2.42061058323649,0.697092741228316,0.485744756564773,0.621048105693468
BSU_03360,zinU,8.92835063089631,0.716841120845982,1.07729154478463,0.665410514281249,0.505787961766797,0.637293279931681
BSU_03370,yckA,80.152711919137,1.17270593683085,0.451961176629297,2.59470502660612,0.0094672129868937,0.0263803433261804
BSU_03380,yckB,126.368488380881,0.526348820312321,0.263851051456623,1.99487103578533,0.0460569472598751,0.101663144410106
BSU_03385,BSU_03385,0.838048202425031,0.372338950169426,3.36030309950436,0.110805168207697,0.911770846955374,
BSU_03390,yckC,233.956186767858,-0.482394555470923,0.31826425693731,-1.51570446556913,0.129594097980594,0.229853142263576
BSU_03400,yckD,95.8432773707657,-4.13828170816149,0.702966745650604,-5.88688118430333,3.93551425920624e-09,3.1873987448861e-08
BSU_03410,bglC,43.8999208300107,-0.98645659269841,0.438201659795083,-2.25114754964577,0.0243761936359704,0.0598086336492978
BSU_03420,nin,90.4679220862593,1.87967223501911,0.500405598770845,3.75629737084512,0.0001724457730313,0.0007376184941214
BSU_03430,nucA,126.936037996792,1.56759426901193,0.309005889193792,5.07302392553695,3.9154324822034e-07,2.54738272453263e-06
BSU_03440,tlpC,169.631207635746,1.29911919738209,0.238027369613829,5.45785637798609,4.81917211275314e-08,3.42319225648514e-07
BSU_03450,hxlB,20.8033806740186,1.47711014322386,0.904649903987914,1.6327975460036,0.102511583374301,0.191705951990007
BSU_03460,hxlA,63.3517343251713,1.00936415301969,0.491907429739306,2.05193923083173,0.0401755686086798,0.0917179867130715
BSU_03470,hxlR,162.217126179105,0.548404256084593,0.271702092108378,2.01840277279073,0.0435493308522108,0.0976704195562264
BSU_03480,srfAA,942588.816247498,-0.0644822350291938,0.204065195964723,-0.315988401277113,0.752011311880851,0.833580203218145
BSU_03490,srfAB,716135.953926596,0.294668502170091,0.219292485908695,1.34372366179833,0.179037762870158,0.296548404631649
BSU_03500,comS,0.0,,,,,
BSU_03510,srfAC,216119.01278911,0.500721882327994,0.237526764884851,2.10806509561453,0.035025359118486,0.081375271346059
BSU_03520,srfAD,26012.7748221629,0.638405311153879,0.283369158937288,2.25291035039972,0.0242648021230077,0.059613681839416
BSU_03530,srfT,368.496537281389,0.693693749174638,0.220569702536596,3.14500922473494,0.0016608159301062,0.005711361448532
BSU_03540,ycxB,168.962191746198,0.344084094245944,0.336052226572252,1.02390065304913,0.305882201748118,0.441207583280491
BSU_03550,ycxC,8.79129229551502,-0.487105153918922,1.01454986737972,-0.480119479170568,0.631142438005524,0.74293403528333
BSU_03560,ycxD,27.4691902816865,0.187386349719976,0.629903559422203,0.297484189312824,0.766096877038802,0.843582660281862
BSU_03580,yczE,27.380461808235,-0.0773895959811049,0.585795273285151,-0.132110311418361,0.894897040069617,0.932785392018679
BSU_03590,tcyC,33.6114858186708,-0.391373921975658,0.581726477843078,-0.67277996942273,0.501087282841676,0.633745241258897
BSU_03600,tcyB,26.8170115412472,-0.723815209665243,0.684336859044053,-1.05768847622257,0.29019749069737,0.42299617866605
BSU_03610,tcyA,79.0350614177363,-0.566237322302119,0.364854304932368,-1.55195461488958,0.120673083495627,0.218053969827047
BSU_03620,bsdA,15.1912917979792,-2.78780907534729,1.09524211287589,-2.54538155771518,0.0109158388545359,0.029841217512116
BSU_03630,ubiX,9.6452454829096,0.180773068724565,0.898563444141716,0.201180083502323,0.840557764176652,0.89707802762991
BSU_03640,bsdC,27.3163050701348,-0.193835857380392,0.666199498416014,-0.290957675352901,0.771083689889757,0.846921578781323
BSU_03651,bsdD,8.00138048737884,1.42163498538333,1.27036145673229,1.119079123386,0.26310638525624,0.393217238982621
BSU_03652,yclD,10.180789145576,-1.32331429945356,0.886085404270138,-1.49343877359493,0.135322369834247,0.238257549163669
BSU_03660,yclE,168.195186505897,0.508926770115297,0.281203269353319,1.80981811230599,0.0703239981881818,0.143259936130415
BSU_03670,dtpT,1729.80044384515,-1.06399547644609,0.179643831367618,-5.92280552215992,3.16495054922248e-09,2.57776893416936e-08
BSU_03680,yclG,48.3006917300322,-0.917911430140007,0.533966673223732,-1.71904254735277,0.0856066248981644,0.167162463129223
BSU_03690,yczF,0.928630775217252,0.54397153928121,3.22737974590285,0.168548972265126,0.866151420398808,
BSU_03700,gerKA,27.4273400030266,-5.45847332436113,1.17468086512711,-4.64677129457666,3.37170620018586e-06,1.92738825401126e-05
BSU_03710,gerKC,34.5501063831314,-2.97932425938278,0.775019439634834,-3.84419294151711,0.0001209498210726,0.0005353172366782
BSU_03720,gerKB,46.3538199999287,-1.67454098684039,0.565446420050494,-2.96144944500816,0.0030619475675158,0.0098496056496261
BSU_03730,yclH,5.74406459274786,0.0508063410054838,1.58258409404577,0.032103406824721,0.974389586558905,0.98622519938326
BSU_03740,yclI,9.6961334446875,-1.255874830966,1.23335079520363,-1.01826247313414,0.308553237255933,0.443289514930358
BSU_03750,yclJ,106.692589119654,-0.292685764822314,0.290067996456625,-1.0090246714483,0.312962802249901,0.447990691162478
BSU_03760,yclK,248.335876875751,-0.0215395087646287,0.242729082114673,-0.0887388877219612,0.929289426496569,0.955305120998726
BSU_03770,rapC,4183.32978327909,-0.420044652759959,0.168068777003352,-2.49924263298221,0.0124459065140187,0.0335416668521149
BSU_03780,phrC,1360.73916426745,-1.16875240300832,0.228150154832516,-5.12273333264358,3.0113809410472e-07,1.99210894924542e-06
BSU_03788,yczM,52.6142153382129,0.848943671220034,0.420738328597896,2.01774740620643,0.0436175748795468,0.0977728670217674
BSU_03789,yczN,35.0943688358751,1.02772508829083,0.556354639508013,1.84724816746321,0.0647111813128587,0.133967295092507
BSU_03790,thrD,3978.50885984663,0.725741095212448,0.193553496017057,3.74956335145965,0.0001771427434092,0.0007562162632434
BSU_03800,pbtN,361.10214013515,1.38532846690687,0.375510438800296,3.6891876330597,0.000224971259424,0.0009427470668129
BSU_03810,pbtO,204.790747372428,0.836759610908852,0.227259811884585,3.68195152486443,0.0002314554262908,0.0009680466815814
BSU_03820,pbtP,214.584376919857,1.10777078837677,0.289109669107245,3.83166288349161,0.0001272800652462,0.0005593352157322
BSU_03830,pbtQ,728.22424227395,1.38743869360153,0.276858634922694,5.01136146246238,5.40462859479147e-07,3.41872346003379e-06
BSU_03840,ycnB,99.3630160129708,0.984840273008133,0.400760337843002,2.45742949092419,0.013993527727829,0.0371304076207489
BSU_03850,ycnC,118.485562716155,0.824550487281376,0.270925212511172,3.04346162410918,0.0023387326831622,0.0077415803790237
BSU_03860,nfrAB,152.122985840405,0.570917973875359,0.322888812865433,1.76815656389215,0.07703473343154,0.15386776129808
BSU_03870,ycnE,45.5051111662335,-0.137020069189693,0.400229779294414,-0.342353508605113,0.732084871590735,0.819670219277172
BSU_03880,yczG,679.635557086302,0.401663086051826,0.211127569604743,1.90246629942166,0.0571102206059281,0.121006643464786
BSU_03890,gabR,104.461762566998,0.550392295096891,0.286715790851823,1.91964416560976,0.0549028613170656,0.11701628041655
BSU_03900,gabT,1277.56177371027,0.803299825581431,0.289766853945718,2.77222813666574,0.0055674002659702,0.0165569974965332
BSU_03910,gabD,2496.79182951679,0.125960191804712,0.231825083804242,0.543341513082662,0.586894686812539,0.708360634528894
BSU_03920,glcU,10.1622053744555,-5.92202228724895,1.74848125297269,-3.38695212040768,0.0007067372063283,0.0026490417950007
BSU_03930,gdh,31.856501191466,-5.54580525623015,1.29432391364662,-4.2847120398212,1.82976026035001e-05,9.50641631666256e-05
BSU_03940,cutI,531.818933495374,0.529991277774028,0.186956437326767,2.83483834711557,0.004584887893468,0.0139903656636599
BSU_03950,cutJ,1034.21790402187,0.339209728001514,0.217325979689193,1.56083376909945,0.118562977491507,0.215492190214219
BSU_03960,cutR,473.752536342021,0.268887792387152,0.305351196064766,0.88058535827749,0.378542286294372,0.516280681936895
BSU_03970,ycnL,61.6511488097305,0.0231400719009363,0.38274495385184,0.0604582024349661,0.951790704547216,0.971064074123637
BSU_03981,mtlA,88.9479327867939,0.183365805101962,0.321843531577136,0.569735871972977,0.568856856048133,0.692375493611393
BSU_03982,mtlF,44.1618884963669,-0.462305778663649,0.515840043894054,-0.896219252723621,0.370135675033813,0.508174233181722
BSU_03990,mtlD,132.370212809426,-0.368527092160771,0.31563846892901,-1.1675607647294,0.242983984257889,0.371375521618848
BSU_04000,ycsA,250.69989581067,1.32939138978664,0.350428799106783,3.79361340499171,0.0001484707746878,0.0006413996677191
BSU_04010,sipU,58.8924825618898,2.05205702599285,0.67665475947222,3.03264995519048,0.0024241662027463,0.0079816961675529
BSU_04020,yczH,291.541604223828,0.469197894275088,0.289974344755611,1.61806691785277,0.105648177057419,0.196807201715303
BSU_04030,ycsD,200.197234421917,-0.0214595121219242,0.238341874764456,-0.0900366842508549,0.928258063383358,0.955123022467782
BSU_04039,yczO,26.3445154982081,-2.6333070515351,0.785374522994866,-3.35293159433479,0.0007996046627279,0.0029638041091534
BSU_04040,ribZ,342.059028081361,0.311005934328774,0.264552918142427,1.17559063990872,0.239758497670212,0.367896568383689
BSU_04050,pxpA,15.8058527213979,-0.108821626782055,0.75343696474903,-0.144433618037713,0.88515807175914,0.927318647227358
BSU_04060,pxpG,22.643224030672,-1.17834733420938,0.910681436409254,-1.29391825406645,0.19569365855413,0.315924225974308
BSU_04070,pxpI,32.8305727005644,-0.0202492599475699,0.503145285460251,-0.0402453536438227,0.967897519920294,0.981718153982827
BSU_04080,pxpB,25.2879090346946,-0.642478238945623,0.574081203698174,-1.11914174302667,0.263079674040452,0.393217238982621
BSU_04090,pxpC,41.2906812791798,0.833220913962043,0.897368919539754,0.928515458713891,0.35314025277136,0.49137980579907
BSU_04100,pxpR,29.6082279724095,-0.756189034494555,0.63353870600421,-1.19359563563829,0.232636182028775,0.358978837867051
BSU_04110,lipC,7.77161903800108,0.344049722780103,1.09112870923465,0.315315434254709,0.752522167442144,0.833933133382816
BSU_04120,yczI,76.003419788196,-1.02561575549987,0.389491324413747,-2.63321848578682,0.0084579919143008,0.02393760872937
BSU_04130,yczJ,179.32974689063,-0.195775144949441,0.296649333602099,-0.659954777488351,0.509282850309961,0.640186420189457
BSU_04140,pbpC,1263.70481765131,0.0255429812921738,0.162349672670133,0.157333124681273,0.874982315619264,0.920441459960736
BSU_04150,ycsN,3711.22404658692,-1.77342260642184,0.144689269826397,-12.2567665767451,1.54544355179088e-34,5.44423326008935e-33
BSU_04160,mtlR,4198.86082181922,-0.657398511563802,0.16887925697384,-3.89271319251265,9.91293203642589e-05,0.0004502383072728
BSU_04170,ydaB,109.705087456218,0.428368454939242,0.309541209039525,1.38388183036574,0.166394641147302,0.281416073415791
BSU_04180,ydaC,3.167249001613,-2.91517162585808,1.75675172750755,-1.65941013759188,0.0970331748768595,0.183680535928979
BSU_04190,ydaD,4.65329792826172,-0.609638342731399,1.3145549923069,-0.463760243047384,0.642819530335877,0.751777874479178
BSU_04200,lyxE,6.63736251747084,0.246974980218042,1.09509334728122,0.225528701120508,0.821568000161348,0.883996559398838
BSU_04210,ydaF,471.751092476209,0.354138643825774,0.25200135052322,1.4053045473387,0.159930736733619,0.272397752463353
BSU_04220,ydaG,599.098564567895,-0.0147609368050142,0.194285078953631,-0.0759756584731714,0.939438463936805,0.962757399177658
BSU_misc_RNA_64,bsrC,0.238788682565494,-0.924487469238271,3.50223690347697,-0.263970569301138,0.791802596922373,
BSU_04230,amj,128.303665785,-2.05812121484299,0.302742642028414,-6.79825346391018,1.05895032770799e-11,1.06707715580435e-10
BSU_04240,ydzA,19.8603674848582,0.556856281006418,0.619195679109099,0.899321974933069,0.36848118571876,0.506544726433816
BSU_04250,lrpC,142.375439487916,0.391480671698944,0.248369242865064,1.57620431251075,0.11497872499658,0.210034913747969
BSU_04260,topB,720.741464524348,0.282233636760722,0.171773774912351,1.64305428407062,0.100371702344263,0.188354519817104
BSU_04270,epsJ,44.5322538106586,0.499946973899617,0.518302605293713,0.964585106834077,0.334752661928529,0.472624074335718
BSU_04280,epsK,13.4280925698127,1.83315387581239,1.06398677281818,1.7229103994939,0.0849047294288485,0.166363803778107
BSU_04290,ydaL,23.0527678773735,1.05518324615943,0.614985154013126,1.71578653447773,0.0862011196196712,0.167944324555368
BSU_04300,ydaM,11.8210457733225,0.876315197566025,1.06828779003009,0.820298805007724,0.41204578745829,0.549651082746475
BSU_04310,ydaN,54.6373670150931,0.32402682881855,0.455271143934696,0.711722746181842,0.47663647944973,0.612656738491747
BSU_misc_RNA_7,swaO,27.4975162321178,-0.610927011194941,0.734099562198635,-0.832212744229418,0.405288871640479,0.543233987934932
BSU_04320,kimA,523.174401896092,-0.162972716122448,0.23484278719509,-0.693965175890465,0.487704048255007,0.622634543632571
BSU_04330,nudT,42.7191917292215,-1.8683567760967,0.531806074881355,-3.51322947281775,0.0004426949644598,0.001751778338817
BSU_04340,poxB,91.9008196284855,-1.94102695036724,0.350911183451595,-5.53139096701085,3.1770131821739e-08,2.30200637430761e-07
BSU_04345,BSU_04345,15.8579898021818,0.326072927255706,0.664753272227436,0.490517220265965,0.623767947369307,0.736526190368904
BSU_04359,ydzK,503.315102594735,-0.1851706975198,0.302099422092724,-0.612946215643423,0.539911903344501,0.667280127543613
BSU_04360,mntH,430.409722877761,0.108809121066223,0.179001259145047,0.607867908784115,0.543275085154016,0.670658388596111
BSU_04370,ydaS,63.6593863328062,-2.67286562550291,0.444582443885112,-6.012080913824,1.83156857422273e-09,1.50878072853747e-08
BSU_04380,ydaT,25.1978963202915,-1.91930653204787,0.667478603509399,-2.87545776292565,0.0040344211883922,0.0124532798950816
BSU_04390,ydbA,65.7630007820563,-0.0033904292098181,0.369794157836188,-0.009168422858968,0.992684759440554,0.995902538239389
BSU_04400,gsiB,533.405648194547,-2.60868571735442,0.786258885793741,-3.31784576872656,0.0009071455966423,0.0033338947160739
BSU_04410,ydbB,19.5095094858673,1.41812278061581,0.659461884151346,2.15042417870864,0.031521677507108,0.0745949910640627
BSU_04420,ydbC,36.2959964284428,1.17703365912203,0.706217462843209,1.66667311564815,0.0955794215000717,0.182122090307744
BSU_04430,ydbD,74.5096323541739,-0.0319498583720669,0.358025155221543,-0.0892391439710334,0.928891857068828,0.955123022467782
BSU_04440,dctB,108.016548596423,-0.0403514436476985,0.283738764810645,-0.142213361909245,0.886911477785636,0.927809616910951
BSU_04450,dctS,273.011009613178,0.16196578454114,0.303587754208417,0.53350565790591,0.593683595510375,0.712782216499433
BSU_04460,dctR,107.125298710283,0.356087445654447,0.334840224453933,1.06345480515421,0.287575750323429,0.419550749545932
BSU_04470,dctP,539.234943209538,-0.668405696616379,0.173901554406339,-3.84358667119547,0.0001212491507834,0.0005360944595355
BSU_04480,ydbI,325.353743547223,-0.762629184534784,0.240448159431302,-3.1716989904956,0.0015155000077144,0.0052617480235792
BSU_04490,ydbJ,70.7663931740834,0.725268388920211,0.465812928931943,1.55699497346107,0.1194716788281,0.216600275479312
BSU_04500,ydbK,77.2976964655337,0.269657551828707,0.314524953211589,0.857348674803877,0.391252215482188,0.530087356902235
BSU_04510,ydbL,194.859717559934,0.758808598825391,0.447067144526953,1.69730343219092,0.089639308696705,0.172776988198503
BSU_04520,ydbM,388.844927746225,0.146953970283659,0.195097597647778,0.753233110276242,0.451309846022619,0.58671634047885
BSU_04530,fbpB,18.256050263321,0.38392312037359,0.682457114501062,0.562560067461928,0.573734490261937,0.696214149629963
BSU_04536,fbpA,1.01590066270772,-0.178481368464428,3.46283220493977,-0.0515420204911525,0.958893618820316,
BSU_04540,ydbO,201.84916691079,-1.78696838846047,0.234952291326044,-7.60566487083412,2.83442905667555e-14,3.44988233218403e-13
BSU_04550,ydbP,118.694617972363,0.971166125495967,0.384346944392614,2.52679548950417,0.0115108510395498,0.0312118382693175
BSU_04560,ddlA,1074.4289833001,-0.484450287981436,0.16897109838851,-2.86706006294375,0.0041430437566076,0.0127551584237963
BSU_04570,murF,382.763092049861,-1.16322244578093,0.229323771117623,-5.07240239470986,3.92824631821851e-07,2.55188775065079e-06
BSU_04580,cshA,5916.23446946013,-0.197060165497477,0.156145145191543,-1.26203197195625,0.206937282022702,0.328687405793389
BSU_04590,ydbS,158.011107897885,-1.25627404128798,0.321397704965518,-3.90878348500578,9.27620525048573e-05,0.000423538433618
BSU_04600,ydbT,419.844407195484,-0.288268377374052,0.249375756727797,-1.15595991028393,0.24769755538479,0.376984020892973
BSU_04610,ydcA,191.873579644363,-0.969497406554707,0.254035750384565,-3.8163817694441,0.0001354229196584,0.0005927146574546
BSU_04620,acpS,56.1434062221331,0.262170136032864,0.457146019377993,0.573493205496093,0.566310798260454,0.690907490020303
BSU_04630,ydcC,2862.34765218976,-4.45956916942399,0.174865370273923,-25.5028720806079,1.83182370562181e-143,6.61441009704941e-141
BSU_04640,alrA,216.387741498797,-0.366870232394226,0.244597124467853,-1.49989593374162,0.1336413614649,0.23596903798998
BSU_04650,ndoAI,637.228957477404,-0.139280449295507,0.23155871415356,-0.60149085645355,0.547513100021676,0.674353116086959
BSU_04660,ndoA,1217.72080235273,0.155929494126567,0.204568026421142,0.762237857276662,0.445918055303009,0.581101634173815
BSU_04670,rsbRA,426.934704604729,0.134928530377189,0.207228394469817,0.651110243470236,0.51497532456071,0.644165150496985
BSU_04680,rsbS,302.146913711062,-0.197835935621542,0.24412348088217,-0.81039289996455,0.417714397218926,0.554690923429239
BSU_04690,rsbT,271.112288430457,0.178020487605375,0.232666418574902,0.765131851410974,0.444193034992026,0.579725427897725
BSU_04700,rsbU,561.43919095878,0.266936995129549,0.225472427802778,1.1839008331566,0.236452320340333,0.363572712574401
BSU_04710,rsbV,290.050233280699,-0.246103414527507,0.215636430668538,-1.14128866706109,0.253749816664836,0.382921562675204
BSU_04720,rsbW,698.331480690235,-0.949312651644827,0.233208069617997,-4.07066810852572,4.68784976519175e-05,0.0002272086468968
BSU_04730,sigB,880.452377767808,-0.809930307150643,0.188757550209269,-4.29084985608629,1.77990631217463e-05,9.25850426248823e-05
BSU_04740,rsbX,718.033994579263,-0.602364325593931,0.183372560626591,-3.28492072933719,0.0010201106785345,0.0037050625063622
BSU_04745,BSU_04745,0.463203015744092,-1.03194453672753,3.49116666023895,-0.295587302800634,0.767545271464844,
BSU_04750,ydcF,6.62516065692534,-1.11734955017138,1.22694850575837,-0.910673548993603,0.362467405017892,0.501459535741547
BSU_04760,ydcG,115.112342160389,0.219670563405394,0.322456280855799,0.681241385103087,0.495718765336151,0.629527963130581
BSU_04770,ydcH,128.367214988952,0.114322415975307,0.260276831908827,0.439233930799316,0.660492041547444,0.766123385500774
BSU_04780,tex,231.249442601893,0.189691381826049,0.337373017176718,0.562260086516308,0.573938828174066,0.696214149629963
BSU_04785,cmpA,11.9254586438453,1.26367092669435,0.792653447419086,1.59422876517969,0.110884805977095,0.204192037526032
BSU_04790,ydcK,266.758519257133,0.0094954642424335,0.196903287005283,0.0482240006596681,0.961537722676312,0.978014777548464
BSU_tRNA_45,trnS-Asn,13.4430217455676,0.178163192149159,0.788687548440967,0.225898319938411,0.821280504548562,0.883906712918261
BSU_tRNA_46,trnS-Ser,376.427038064631,-0.326310449668667,0.287463142124994,-1.13513839463559,0.256317336709579,0.385365378196601
BSU_tRNA_47,trnS-Glu,445.684786934091,-0.2825377368182,0.211618780168582,-1.33512600626996,0.181835109129172,0.299783088854026
BSU_tRNA_48,trnS-Gln,138.986156256238,-0.369288745018984,0.253522747616762,-1.45662962590331,0.145218645222989,0.252197350601688
BSU_tRNA_49,trnS-Lys,56.9360852591859,-0.102466403663098,0.421415352579945,-0.243148245634119,0.807890557811368,0.874561475459572
BSU_tRNA_50,trnS-Leu1,1705.11288337119,-0.189729791993138,0.139250381328417,-1.36250824007201,0.173037545458139,0.289822838991154
BSU_tRNA_51,trnS-Leu2,667.271345962982,-0.412756776665871,0.187112548799378,-2.20592781892159,0.0273890540527653,0.0659681885551041
BSU_04800,ydcL,939.870863579016,0.544573898920241,0.280533252086547,1.94120980265197,0.0522328345950016,0.112153058622469
BSU_04810,immA,557.501112601769,0.213010444863657,0.289564646990886,0.735623105504181,0.461960097196099,0.598049925650044
BSU_04820,immR,390.59761961191,0.529811264506598,0.193492492510859,2.73814894640869,0.0061786085724056,0.0181998034970996
BSU_04830,xis,33.5310845741545,4.08815776518982,1.03011708306457,3.96863408286332,7.22857804999761e-05,0.0003378794896509
BSU_04839,ydzL,99.2659207772421,3.66938079746267,0.717258006602639,5.11584501488249,3.12339453174666e-07,2.0630592234845e-06
BSU_04840,ydcO,62.4700732720169,2.23847281489694,0.594763849917258,3.76363293634667,0.0001674626395405,0.0007170114793766
BSU_misc_RNA_65,sncO,2.0428412376995,1.07848473780114,3.45946097926033,0.311749357563714,0.755231013982195,0.83493432151307
BSU_04849,BSU_04849,26.1887824172158,3.33332495573961,0.975538869857632,3.41690634656727,0.0006333706404168,0.0024010454811251
BSU_04850,helP,26.163646688108,2.37539598519439,0.879726982380729,2.70015133418559,0.0069307941630229,0.0201822117663833
BSU_04860,conQ,122.496032415861,1.80353606624401,0.555379807166126,3.24739222235448,0.0011646776572898,0.0041707010653196
BSU_04870,nicK,95.9812796465897,2.69198122038134,0.508260888153413,5.29645558634604,1.18072039423226e-07,8.09503396868418e-07
BSU_04880,ydcS,26.5305055926596,0.236500378934993,0.93180510056389,0.253808847785736,0.79964323768464,0.868602193253333
BSU_04890,ydcT,29.5988234965187,1.96656704889955,0.8953672478533,2.1963803719809,0.0280647293538746,0.0672963322027331
BSU_04900,yddA,35.7233012009057,2.29218868954603,0.721711104836682,3.17604741590436,0.0014929654658814,0.0051878265453835
BSU_04910,conB,58.2854834656251,3.05023051728584,0.875842418606355,3.48262478784641,0.0004965237488435,0.0019347458666718
BSU_04920,conC,12.7892062802649,2.12499633063312,1.01213108632585,2.0995267899014,0.0357704887777272,0.0829285863423712
BSU_04930,conD,12.2496069227993,2.73352055120953,1.00118393501333,2.73028806756987,0.0063279004932908,0.0186016233632492
BSU_04940,conE,45.6562339328923,0.982847498056474,0.626117204467062,1.56975002610422,0.116473277880686,0.21233246161427
BSU_04950,yddF,5.1025781023572,2.06146769469254,1.34745002255885,1.52990289820007,0.126040765892663,0.224747130808882
BSU_04960,conG,53.1163771642286,1.58529536094867,0.776075740151711,2.04270701805312,0.0410814496805615,0.0933434302390525
BSU_04970,cwlT,6.27145770601062,-0.188644082054694,1.33651187133322,-0.14114658171088,0.88775414509063,0.927986336415455
BSU_04980,yddI,6.23891163372117,1.22252770084244,1.13889980508589,1.07342866807344,0.283078827593416,0.41424537654923
BSU_04990,yddJ,684.974720900973,0.340728736176038,0.219535839697911,1.55204151014655,0.120652291603581,0.218053969827047
BSU_05000,yddK,307.765923279207,-0.100871163477807,0.233682833799907,-0.431658422818422,0.665989689921538,0.76971421956002
BSU_05010,rapI,268.740926215324,-0.0954521837120107,0.339589739952437,-0.281080882259221,0.778648364053273,0.852636684721464
BSU_05020,phrI,97.8853607378674,-1.26175986053347,0.542363598765878,-2.32640955883571,0.0199967121720605,0.0508186239539813
BSU_05030,yddM,203.152378318196,-0.73756435277902,0.478534262765848,-1.54129894172263,0.123244046347918,0.221124825186555
BSU_05040,yddN,82.9317249594029,0.484673859294661,0.307259212633009,1.5774103407391,0.114701137593851,0.209704653668421
BSU_05050,lrpA,60.6994249170803,0.32055805584503,0.481763707324822,0.665384401048081,0.505804659516513,0.637293279931681
BSU_05060,lrpB,22.3109829672943,0.318215886706596,0.673409386538908,0.472544477501444,0.636538202505303,0.747458003104466
BSU_05070,yddQ,36.2027819183831,0.335266451776613,0.431625987790503,0.776752237493496,0.437304960900861,0.572632939130684
BSU_05080,yddR,15.7932632095625,0.711215326882184,0.817741787547782,0.86973093183235,0.3844474641742,0.52323708141875
BSU_05090,yddS,47.607656607379,0.881236199567792,0.507912822614182,1.73501467246317,0.0827382063944328,0.162956658321399
BSU_05099,ydzM,16.4099269712688,0.118399811809131,0.830480609187252,0.14256782217348,0.886631512013883,0.927740724838482
BSU_05100,yddT,240.759356676604,0.113949608398089,0.237038176815899,0.480722598902668,0.630713667344612,0.742832922153902
BSU_05109,ydzN,10.9256885952562,-0.515739250848713,1.49765415338148,-0.344364718439334,0.730572018689504,0.818898677831284
BSU_05110,sufLC,71.5172887189567,-1.82955476989595,0.368579271565167,-4.96380266347257,6.91261808543658e-07,4.29732771365806e-06
BSU_05120,cspC,3582.17269434806,-0.385764494690483,0.232009727467938,-1.66270827909055,0.0963708441593727,0.183066579457502
BSU_misc_RNA_66,sncZ,78.7295812498194,-0.556543236437841,0.505400664194282,-1.10119213500657,0.27081304402314,0.400762609205008
BSU_05130,cdnL,2352.43911786872,-0.363448737475044,0.171323137804701,-2.12142237255399,0.0338862741806293,0.0794100735666126
BSU_05140,ydzE,74.9216255616738,0.0428988479722336,0.389071617095234,0.110259515439629,0.912203563444195,0.945366668357737
BSU_05150,ydeC,181.585407334436,-0.307925686193554,0.232911076648273,-1.32207403196441,0.186143499985832,0.305373878561601
BSU_05160,ydeD,58.2688448316092,0.239091437676442,0.454908671753422,0.525581182602821,0.599179233898652,0.71739254503533
BSU_05170,ydeE,127.26490197311,-0.0390524063677686,0.276872896399314,-0.141048137523169,0.887831914190615,0.927986336415455
BSU_05180,ydeF,157.138525865702,0.47205812439876,0.370172916144579,1.27523679829236,0.202225440242493,0.323217570110926
BSU_05190,ydeG,12.5416101887693,0.283947848336691,0.869847957355304,0.326433885296471,0.744096103623553,0.828409151336294
BSU_05200,ydeH,399.182790002289,-0.109953608952496,0.252030802804433,-0.436270518242232,0.662640469396588,0.76791151481557
BSU_05210,ydeI,124.079078025079,0.0598848361937816,0.284827977427759,0.210249136108724,0.833473231437947,0.892961220722929
BSU_05220,ydeJ,255.42951647045,0.0981993061060369,0.281147975531562,0.349279790901475,0.726879268754877,0.816644332874399
BSU_05230,ydeK,53.6794296038173,0.0623086232313623,0.479703133597242,0.129889964995885,0.896653483800176,0.934391425037558
BSU_05240,ydeL,97.7279132556358,0.350706433119176,0.300289049837994,1.16789617639532,0.242848646658979,0.371299642192433
BSU_05250,ydeM,146.898863844232,-0.352910039480417,0.256124435409487,-1.37788508510011,0.168238770573718,0.283649257936155
BSU_05260,ydeN,290.27764765686,-0.0136300328176945,0.207015244209692,-0.0658407204248603,0.947504636342367,0.967602542840319
BSU_05270,ydzF,84.3965169732729,0.068378083303675,0.382402695282571,0.178811719026059,0.858085543138494,0.908844942170397
BSU_05280,ydeO,308.768636792541,0.322641526407898,0.205081243222479,1.57323761714223,0.115663808047592,0.211108374166056
BSU_05290,ydeP,50.7335056524765,0.0471759012954616,0.398101346797334,0.118502239881841,0.90566972043371,0.941028972603907
BSU_05300,ydeQ,43.3934579422478,0.745325503606562,0.43821230885191,1.70083196786341,0.0889745445296423,0.171956601894264
BSU_05310,ydeR,12.1298220030029,1.33314981201925,1.04013362101026,1.28171014289913,0.199944345533212,0.320636139598597
BSU_05320,ydeS,108.22707753856,0.534774240557561,0.326283615734669,1.63898588457606,0.101216199453213,0.189446994484134
BSU_05329,ydzO,57.7029171532333,-0.0514632239998086,0.478391437660688,-0.107575554135044,0.914332389410023,0.947042441890503
BSU_05330,aseR,13.647522819282,2.93572092496293,0.973644331811477,3.01518822535636,0.0025681982287705,0.0083984927737832
BSU_05340,arsF,116.450747577129,0.450896440059821,0.301302172487226,1.49649249568201,0.134525362018815,0.237239883446287
BSU_05350,ydfB,197.011809386453,-2.2826970553561,0.31116363367287,-7.33600205272037,2.20068646467004e-13,2.53605703495088e-12
BSU_05360,ydfC,1.01370904833729,0.071669451989196,3.28564495940448,0.0218129021469763,0.982597202211263,
BSU_05370,ydfD,50.6647926906843,0.829106923012637,0.392693710193108,2.11133232209123,0.0347437577193259,0.0808945202567647
BSU_05380,ydfE,41.0716778222698,0.10663908892343,0.555019147351736,0.192135873928416,0.847635775045361,0.901085165070836
BSU_05390,ydfF,516.943096885989,0.439813082979825,0.216085382654034,2.03536712006102,0.0418139471418038,0.094576100733103
BSU_05400,ydfG,603.752641442666,0.258522249249088,0.239905969356445,1.07759823543608,0.28121309003444,0.412350700209553
BSU_05408,ydzP,0.298067174451304,-0.683651656664529,3.4851835461388,-0.1961594411353,0.844485372566241,
BSU_05409,ydzQ,0.785225588845401,-2.03547335324696,3.44550326916077,-0.590762275997709,0.554679714507539,
BSU_05410,ydfH,78.6974909334745,0.64992607753152,0.381303814786835,1.7044835439028,0.0882907878446844,0.170939212935255
BSU_05420,ydfI,50.904747117147,0.869597723652786,0.459950561866605,1.89063302830574,0.0586733481260092,0.12353334180272
BSU_05430,ydfJ,68.7434828973987,-3.49676677156606,0.60675309677979,-5.76308022179762,8.259251259355821e-09,6.44816859581779e-08
BSU_05440,cesA,504.588477648814,0.382861770290303,0.167216478831947,2.2896174645268,0.0220435016857071,0.0551151141397397
BSU_05450,ydfK,19.4216710767346,-0.863866491813213,0.655736790505451,-1.31739823709957,0.187705171550597,0.307257496527452
BSU_05460,ydfL,170.318708679225,-0.118882109873637,0.25263478786858,-0.47056904109136,0.637948520170343,0.748302906848428
BSU_05470,mneP,60.3945866540698,-0.608509593985943,0.448891745777606,-1.35558205226482,0.17523218550996,0.29248114784848
BSU_05480,ydfN,539.886124489523,-1.89083780306498,0.344876333124152,-5.48265456761364,4.18990643369334e-08,2.99585224046093e-07
BSU_05490,ydfO,423.676022540905,-1.45442703975198,0.366982776509677,-3.96320245212825,7.39510177200501e-05,0.000344919009452
BSU_05500,ydfP,163.478085536559,-1.38591227099141,0.299574057751287,-4.62627599130103,3.72299122491622e-06,2.11424914515884e-05
BSU_05510,ydfQ,7.50897531729247,-1.9386298901708,1.2289239468854,-1.5775019236008,0.114680079839327,0.209704653668421
BSU_05520,ydzH,7.60964184350228,-0.735313691569628,1.29583301701115,-0.567444787960129,0.570412027956158,0.693683782524286
BSU_05529,ydzR,6.88994742029058,-0.621648861557986,1.05664514106298,-0.588323210318849,0.556315369302022,0.682621010127832
BSU_05530,ydfR,13.0133233613828,-2.2446630561854,0.941034765328068,-2.3853136344042,0.0170645661269186,0.0443599983640331
BSU_05540,ydfS,42.6311960542308,-2.14511816182139,0.673296397060673,-3.18599382261076,0.0014425767743304,0.0050490187101564
BSU_05550,cotP,2.33229112800715,-2.47595958709195,2.43039668276458,-1.01874710603848,0.308323042814201,0.443281164301936
BSU_05560,ydgA,0.805002327312635,-1.49470545513745,3.45259957907949,-0.432921750959593,0.665071617633023,
BSU_05570,ydgB,1.79847886298189,-0.568427342627317,2.46114349185039,-0.23096066706779,0.817345359061219,0.881302944799974
BSU_05580,ydgC,722.875841223688,0.544518408197854,0.188596233033625,2.88721783801892,0.0038866503666889,0.0120722982357443
BSU_05590,ydgD,485.937568953273,0.433358952928975,0.19874989302545,2.18042357825815,0.0292260779590321,0.0696570933974072
BSU_05600,ydgE,904.259306004518,-1.05215224380058,0.176707215735845,-5.95421210967077,2.61327698962338e-09,2.13245370923505e-08
BSU_05610,vmlR,359.48080232646,0.157952502656267,0.202590360032959,0.779664455063755,0.435588406140948,0.570902771871968
BSU_05620,ydgF,740.753004689056,0.156098141683863,0.155003497263514,1.00706206272551,0.31390495063476,0.449042638197563
BSU_05630,dinB,67.486665543989,0.909116637201634,0.527945837566351,1.72198845508916,0.0850716098684379,0.166363803778107
BSU_05640,ydgG,8.29564908454937,-0.143457658852532,0.909134055970162,-0.157795935495392,0.874617601537183,0.920281220850076
BSU_05650,ydgH,150.328330429158,-0.0052027828666162,0.272469823493717,-0.0190948957205757,0.984765403313891,0.991631069616335
BSU_05660,ydgI,20.8391800531924,0.329197715877475,0.677050856352001,0.486223025625012,0.626809047699934,0.739842986566008
BSU_05670,ydgJ,16.567968753734,0.998139581095491,1.08644559645216,0.918720260227443,0.358241909828091,0.497042009377239
BSU_05680,ydgK,26.7756392543637,1.72392211935768,0.865212261806957,1.99248461384186,0.0463179116983635,0.10213512029975
BSU_05690,ydhB,5.90332978505067,0.983772425142608,1.59442249727154,0.617008620253472,0.537229039898146,0.664519962854316
BSU_05700,ydhC,170.163472715676,0.536728168949677,0.243178212315545,2.20713921629305,0.0273043347368624,0.0658007132451751
BSU_05710,spoL,166.876340956024,-3.58711720494785,0.369477599835158,-9.70861888934063,2.77065765007687e-22,5.85622419404053e-21
BSU_05720,ydhE,178.652103002818,-0.255422859026803,0.242293397860756,-1.0541882745546,0.291796727258384,0.424850544089576
BSU_05730,ydhF,135.93466874325,-2.77364984568904,0.409198234256137,-6.77825467827625,1.2163629739653799e-11,1.21720571967482e-10
BSU_05740,phoB,688.358948663945,-3.70613413811866,0.247597172027799,-14.968402537742,1.18124629013705e-50,6.16667490983592e-49
BSU_05750,fra,106.572675112584,-0.697647247025957,0.303434115152515,-2.29917208444179,0.0214951695150605,0.053930845112193
BSU_05760,ydhH,229.040658035713,0.383078966424009,0.253547326085466,1.51087756411551,0.130819648066268,0.231837028658952
BSU_05770,ydhI,88.9000425377958,1.00501840737112,0.393585123697757,2.55349693588241,0.0106647216997537,0.029191559775763
BSU_05780,ydhJ,227.12213519305,-0.347026170502451,0.217614094779003,-1.59468609262131,0.11078244955554,0.204177096522396
BSU_05790,ydhK,60.2686337901281,1.50508318781146,0.448953379739414,3.35242645613906,0.0008010652118556,0.0029666799683507
BSU_05800,pbuE,30.7899059325764,0.992535675352678,0.487841160919023,2.03454680511764,0.0418964944993449,0.0946987536075438
BSU_misc_RNA_8,aswA,0.278975018041007,0.947100686449692,3.51377494174903,0.269539370662783,0.787514649442475,
BSU_05810,gmuB,34.9983275636552,-0.0589048046399122,0.478085841332993,-0.123209682335864,0.901941058594674,0.938772665599501
BSU_05820,gmuA,24.679679329108,0.0343773263332815,0.598336329911974,0.0574548537581514,0.954182868147406,0.972817498278285
BSU_05830,gmuC,133.960143419853,-0.292301926252711,0.2866603656466,-1.0196802951583,0.307880109934229,0.443281164301936
BSU_05840,gmuD,153.008760618351,-0.349848741147524,0.277767389282183,-1.25950257174399,0.20784886190721,0.329893450052726
BSU_05850,gmuR,153.211933809935,0.119801044427044,0.248872501094214,0.48137517765248,0.630249875222781,0.742488501723848
BSU_05860,gmuE,213.771250913346,0.135829386781542,0.237975258827857,0.570771043387313,0.568154853928157,0.692083493697817
BSU_05870,gmuF,283.42315244489,0.0894675477714846,0.221881324241811,0.403222524821336,0.686784530635162,0.784974247228214
BSU_05880,gmuG,407.551143061837,0.0982024953919418,0.197334067534671,0.497645929153556,0.618733625257414,0.732732797913935
BSU_tRNA_79,trnE-Arg,51.8593948102728,-0.268946998657885,0.413349033787323,-0.650653507505871,0.515270181562715,0.644266625720178
BSU_tRNA_80,trnE-Gly,144.446432575994,-0.88344839326692,0.326118193663883,-2.70898223537156,0.0067489953291836,0.019705792965871
BSU_rRNA_30,rrnE-16S,15321.8709088234,-1.13661794126482,0.984366256992773,-1.15466975141668,0.248225691019195,0.37712549761086
BSU_rRNA_12,rrnE-23S,16487.7198888036,-1.12318723101182,0.86822742542617,-1.29365555397021,0.195784424070318,0.315953038918691
BSU_rRNA_13,rrnE-5S,0.3869289471298,-1.77357874818056,3.49475613210738,-0.507497141756519,0.611806041380741,
BSU_tRNA_21,trnE-Met,4.37696709170845,-1.98777025828568,1.50811982703465,-1.31804530558698,0.187488482047069,0.307024789383957
BSU_tRNA_22,trnE-Asp,21.7736530486671,-0.648720901026798,0.685232253585202,-0.946716821388116,0.343783096481183,0.481296335073656
BSU_05900,thiL,431.631542637897,0.144459078194037,0.23893519578721,0.604595223897819,0.545447980900265,0.672277084020134
BSU_05910,tsaE,134.827199954509,0.174141795773759,0.276959878265042,0.628761815121506,0.529505002279946,0.657593916560334
BSU_05920,tsaB,146.401867642663,0.19326716926421,0.312944839366933,0.617575831111888,0.536854980384541,0.66424689606117
BSU_05930,rimI,78.901175327359,0.55089914962885,0.34697724052093,1.58770975526165,0.112351986102536,0.206192780932779
BSU_05940,tsaD,274.925816769566,0.013099322957277,0.31172548251757,0.0420219830970625,0.966481173616254,0.981430261373149
BSU_05950,ydiF,466.491458057392,0.104562825639258,0.194281573598758,0.538202484684459,0.590437264864561,0.710988627904462
BSU_05960,moaC,369.956049054349,-0.224626824030091,0.186080691777313,-1.20714740408912,0.227375381641939,0.352456090113021
BSU_05970,rex,386.407701435189,0.0945079775273879,0.226911805979312,0.416496519956323,0.677046713362757,0.777536021468547
BSU_05980,tatAY,1019.09896513642,0.258520220809887,0.150084253284356,1.72250062983012,0.084978868800473,0.166363803778107
BSU_05990,tatCY,2147.71353944261,0.189826945485212,0.15487924887973,1.22564479656419,0.220332372433906,0.344408430647949
BSU_06000,ydiK,71.5329382600239,1.3260659435763,0.441621661216896,3.00271943165628,0.0026757899328705,0.0086978227900435
BSU_06010,ydiL,242.955928763584,0.445754364933984,0.291401271880144,1.52969258527234,0.126092839833001,0.224747130808882
BSU_06020,groES,627.083571629845,0.724452612914101,0.214342623916688,3.37988123722739,0.0007251715765862,0.0027041036500416
BSU_06030,groEL,4652.59066088579,0.700547511330288,0.182399248576225,3.84073682758363,0.0001226655660916,0.0005412524418278
BSU_06040,ydiM,49.4550556455107,0.995722923108933,0.399652144113479,2.49147399250836,0.0127214280216823,0.0341523839020753
BSU_06048,ydzU,40.8015687504304,0.362828540466095,0.626533313409378,0.579104945739768,0.562518363104929,0.687363809174748
BSU_06060,bsuMA,521.958563257033,0.029791882365374,0.201118868887624,0.148130717570912,0.882239607743045,0.925603927445669
BSU_06070,bsuMB,786.454387858024,0.369836126839436,0.165801108493609,2.23060105085903,0.0257075671401406,0.0626143273851767
BSU_06090,bsuRA,419.234923844757,0.661998845885236,0.213061672892251,3.10707616672109,0.0018894770932759,0.0064210670968231
BSU_06100,bsuRB,341.738419930363,0.470976385849245,0.284595165987781,1.65489945767198,0.0979448943025289,0.185124915797413
BSU_06110,bsuRC,505.940954097026,0.894953315354836,0.281107801387495,3.1836658781347,0.0014542276469722,0.0050856887766996
BSU_06120,ydjB,10.8582678523956,-0.470614560606889,0.942249546090105,-0.499458516652748,0.61745640407469,0.731994144693744
BSU_06130,ydjC,6.73997103323602,1.07218732693097,1.25505667429639,0.85429395252773,0.392942137126217,0.531238152938502
BSU_06140,gutR,728.70639488701,0.103896094435634,0.169153833738903,0.614210698860084,0.539076104357896,0.666614372198277
BSU_06150,gutB,66.8900626994705,0.0068773635771828,0.408692118973268,0.0168277372082937,0.986574041935466,0.992760177358656
BSU_06160,gutP,45.4645446166332,-0.0632736888194936,0.523113165542997,-0.120956024407864,0.903725866813885,0.940178674887051
BSU_06170,ydjE,1629.51658317067,0.6786061418087,0.191252929897098,3.54821305050761,0.0003878543563359,0.0015532097282842
BSU_06180,pspA,748.133448942421,-0.100290050355259,0.26298595751903,-0.381351351613525,0.702942554182883,0.79838796520955
BSU_06190,ydjG,446.049133072097,0.359275491193076,0.297116821772489,1.20920616022267,0.226583651644936,0.351391182024877
BSU_06200,ydjH,202.870487748637,0.904546625728496,0.399126484980502,2.26631571636416,0.023432059839588,0.0580775391724303
BSU_06210,ydjI,278.589397165881,0.642173014184401,0.319734652721477,2.00845610170319,0.0445948464076131,0.0993978752490678
BSU_06220,ydjJ,24.3341450513326,-0.755006686809638,0.915363882648047,-0.824815902311425,0.409476116984207,0.547273292687406
BSU_06230,iolT,1496.525291353,0.853087058894971,0.149236268831238,5.71635210110802,1.0883510917464e-08,8.37624383754375e-08
BSU_06240,bdhA,4759.51254624095,0.0818368662568543,0.158694106991272,0.515689383861967,0.606071370441204,0.722672584682963
BSU_06250,walM,203.823097390373,1.61868862994797,0.403631519188037,4.01031275556526,6.06383723981595e-05,0.0002884150028553
BSU_06260,ydjN,70.1250677233285,2.05914512334723,0.48552406738546,4.24107734645514,2.22449456919931e-05,0.0001142030209519
BSU_06269,ydzJ,10.1536353954779,-1.3862350278608,0.998284421603507,-1.38861730971835,0.16494915090671,0.279407611758708
BSU_06270,ydjO,1118.03533892449,-1.32612055143906,0.171546358465959,-7.73039173374356,1.0721614091591401e-14,1.3544243107541e-13
BSU_06280,ydjP,860.232393985028,-2.15188909553315,0.197541630665802,-10.8933448017025,1.24000712325683e-27,3.422261697498e-26
BSU_06290,yeaA,1558.57508396823,-2.66687160759161,0.207447101594086,-12.8556706124046,7.99296570529527e-38,3.09227860723611e-36
BSU_06300,cotA,73.3311917768197,0.476507040894366,0.366869324177255,1.29884678137914,0.193996516411345,0.314003326712871
BSU_06310,gabP,1431.34828095477,0.49006411251067,0.238732736409276,2.0527729874068,0.0400945995229303,0.0916296939519288
BSU_06319,ydzX,0.0891782019490178,-0.689305217086521,3.5242763491534,-0.19558773172033,0.844932863487507,
BSU_06320,mneS,280.155758996273,-0.055126651647499,0.251087198067704,-0.219551821326368,0.826220216820527,0.887679692408466
BSU_06330,yeaC,219.631759686857,0.451516629446525,0.217850063267673,2.07260270056357,0.0382092695134298,0.0880882070346204
BSU_06340,yeaD,193.827269890435,0.678205694171803,0.291008979723487,2.33053184412462,0.0197780589869955,0.0503811461438281
BSU_06350,yebA,416.592461428584,0.817019786463047,0.186624175477123,4.37788825790794,1.19834758818455e-05,6.34772628313404e-05
BSU_06360,guaA,923.337779400483,0.707288166620667,0.16421090677323,4.30719359949341,1.65338890301268e-05,8.65233588979944e-05
BSU_misc_RNA_9,gswC,2.46974369620029,0.128253817750294,2.02448766234037,0.0633512469036379,0.949486808555134,0.968941672508101
BSU_06370,pbuG,122.391446350811,-0.124388651901646,0.341796073791597,-0.363926508932017,0.715912888772396,0.808509556865274
BSU_06380,yebC,410.605917265185,-2.59841632509565,0.375466322081762,-6.92050437623489,4.50038415235724e-12,4.6988348270274596e-11
BSU_06390,yebD,1183.63317579797,-0.10213227497389,0.197802000446096,-0.51633590531721,0.605619822976372,0.722672584682963
BSU_06400,yebE,89.7909635729373,-0.639205223165232,0.37232625149074,-1.71678795305447,0.0860179228851167,0.167663364759879
BSU_06410,yebG,46.8040637205504,-1.267457638528,0.543462599321289,-2.33218926216981,0.0196907368140149,0.0501882133030156
BSU_misc_RNA_10,gswD,38.1761359062663,-0.705085006614042,0.484979376842857,-1.45384533916481,0.145989190144175,0.253332463313861
BSU_06420,purE,65.7716138892882,0.0449053476681106,0.406264903436539,0.110532185498335,0.911987325907474,0.945366668357737
BSU_06430,purK,134.616514748275,0.705950674333322,0.357345019285184,1.97554362376583,0.0482064891627353,0.105441048734039
BSU_06440,purB,184.970133429309,0.635789253461243,0.265000466580693,2.39920050581362,0.0164309148154253,0.0429922426903609
BSU_06450,purC,114.982536067142,1.1475602942723,0.364968934590149,3.14426841714894,0.001665026395208,0.0057213000558576
BSU_06460,purS,33.8611365159883,0.543399155090022,0.526665652565843,1.03177253432544,0.302178688708701,0.437029458669827
BSU_06470,purQ,97.5547838864155,0.882059251102555,0.313695011891691,2.81183703171889,0.0049259454135667,0.0148947114284612
BSU_06480,purL,415.483131897466,0.987382693432041,0.197070233148404,5.01030864812795,5.43428085443391e-07,3.43246923356591e-06
BSU_06490,purF,383.808964456706,0.668905707165748,0.199265966358143,3.35684873534056,0.0007883623056575,0.0029246351630259
BSU_06500,purM,128.228261675091,0.637233660705531,0.299045640567861,2.13089098873162,0.0330981239404196,0.0778156109787509
BSU_06510,purN,75.636028873103,1.27582172922537,0.671706741556439,1.89937311968779,0.0575154351636728,0.121627320919568
BSU_06520,purH,257.581736131634,0.634104178682887,0.235744104246197,2.68979867263474,0.0071495137317649,0.0206994439443117
BSU_06530,purD,250.028108253057,0.533458604108224,0.22675767578315,2.35254926769656,0.0186452195887583,0.0478895889022465
BSU_06540,yezC,74.4279323380039,0.249495460736375,0.370481688283626,0.67343533736375,0.500670373621378,0.633402840555162
BSU_06550,yecA,8.15248197996888,0.659563324343516,1.15282503068367,0.572127865711216,0.567235352061247,0.691443139729355
BSU_06559,yezF,20.6127242960392,-2.64254348172085,1.34340196152439,-1.96705346382128,0.0491770474494379,0.106969953111654
BSU_06560,yerA,6961.88910552513,0.752339380108895,0.142243933471708,5.28907885030142,1.22933890812836e-07,8.41504816575066e-07
BSU_06570,yerB,5216.81616476748,0.464423495696379,0.151411898978986,3.06728532452284,0.0021601255871642,0.0072256613581205
BSU_06580,yerC,3023.69921388867,0.487228826794027,0.16089821279929,3.02818047706854,0.0024603110426521,0.0080822803243454
BSU_06590,yerD,20.8817419686607,-0.303886904610112,0.952549692450282,-0.31902472597352,0.749707763068839,0.832091121254426
BSU_06600,pcrB,105.877878688092,-0.0375398226000009,0.279296793311926,-0.134408355193951,0.893079675096647,0.931563368366338
BSU_06610,pcrA,421.225001168428,-0.235121158166797,0.203952180478432,-1.15282492991861,0.248982249650834,0.377813132047209
BSU_06620,ligA,698.959427404372,-0.293851566233927,0.157373380158311,-1.86722535881433,0.0618701237382706,0.129321392261421
BSU_06630,yerH,620.097604355143,-0.413522611115291,0.18065546724242,-2.2890124358118,0.0220786298482785,0.0551711090730052
BSU_06640,yerI,1588.7073358425,0.354692517837601,0.182467878221026,1.94386278448395,0.0519120001184396,0.111630122339057
BSU_06650,sapB,323.853200146755,-0.393262302548998,0.239070520047679,-1.64496359681054,0.0999773184278032,0.188133440681317
BSU_06660,opuE,55.863298964354,-0.881397055777555,0.368833694619413,-2.38968692024474,0.0168627406153612,0.0439893167286936
BSU_06670,gatC,628.108871614805,0.574317529329946,0.219461920442695,2.61693476559142,0.0088723295608513,0.0248988367792543
BSU_06680,gatA,1232.39381263775,0.787916652344996,0.196311846859177,4.0135970648282,5.9800394899315e-05,0.0002847418803282
BSU_06690,gatB,2324.12788290508,0.53309292362918,0.160360801850002,3.32433436026233,0.0008862986519723,0.003265588485541
BSU_06700,yerO,244.587492991615,0.405570919806744,0.25073035126475,1.61755813670318,0.105757857156725,0.196926856493377
BSU_06710,srfP,6168.8796783465,0.314694419012767,0.171786525418103,1.83189233408644,0.0669674628996247,0.137675567586707
BSU_06720,dagK,297.454251513261,0.529669475538283,0.203634110194334,2.60108424385681,0.0092929630289353,0.0259783282608882
BSU_06730,rlmCD,282.315281859385,0.061400101181473,0.198111739110761,0.309926617458773,0.756616760942953,0.836118445591894
BSU_06740,yefB,17.7559557073976,-0.477113588687844,0.61072190855257,-0.781228873577858,0.434667894555147,0.570559220571782
BSU_06750,yefC,40.4818066650483,-0.199262161310176,0.461392288118102,-0.431871460450528,0.665834838360079,0.76971421956002
BSU_06760,yeeA,447.021383948696,0.0748937453343119,0.294309402129898,0.254472826190094,0.799130294815357,0.868480453332065
BSU_06770,yeeB,507.971567923057,-0.0708352907587881,0.26138339250392,-0.271001497379852,0.786389880598652,0.858787281490716
BSU_06780,yeeC,450.61807023847,-0.0837089198042465,0.241694910617076,-0.34634125969193,0.729086264320987,0.817792074372984
BSU_06790,yeeD,43.6106307634493,-0.0713897106006309,0.489477070555147,-0.145848937356071,0.884040642499993,0.926820252589516
BSU_06800,yezA,29.0817302024234,-0.959416599368086,0.555673708205998,-1.72658267828719,0.0842426390184451,0.165393454855878
BSU_06811,yezG,155.86415348817,0.0958702284241242,0.279541212608668,0.342955614771313,0.731631851558727,0.819425277907913
BSU_06812,yeeF,390.089565888835,-0.474796845820058,0.209804152480617,-2.26304789588911,0.0236327369425102,0.0584321315337765
BSU_06820,yeeG,98.3821969820356,-1.62494049971733,0.417547396542243,-3.89163125713067,9.95724972758657e-05,0.0004517776237657
BSU_06830,rapH,3201.82320410828,0.721573454856388,0.223490128700404,3.22865917636872,0.0012437202235555,0.0044100161445712
BSU_06839,phrH,227.751966032815,0.643428009018998,0.234105581982322,2.74845223070156,0.0059877359248525,0.017673610192361
BSU_06840,yeeI,1255.58358181312,0.349742409025942,0.187274541435958,1.8675384616843,0.0618264309590705,0.129292435012381
BSU_06850,cotK,75.6073688018075,-0.232033794035439,0.364098912650231,-0.637282304268623,0.523940975309552,0.652554252950931
BSU_06860,yezE,536.887262358333,0.548455104317001,0.257967684311367,2.1260612769428,0.0334981576543638,0.0785855533927225
BSU_06870,yesE,38.1385529087864,0.12355994049966,0.46054110671942,0.268292968199553,0.788473818443448,0.860277585917924
BSU_06880,yesF,194.06547954095,-0.161887840300425,0.25898149342059,-0.625094241917572,0.531909206881169,0.659634399947368
BSU_06890,cotJA,70.8902514519961,-5.56408547478238,0.69603126888063,-7.99401653855386,1.30612229085658e-15,1.76306164681669e-14
BSU_06900,cotJB,159.353500937889,-6.77982772132099,1.50703016750111,-4.49880026792231,6.83380236903599e-06,3.74347227117989e-05
BSU_06910,cotJC,549.389004440896,-5.53651592675547,0.367298247208911,-15.0736246873686,2.41492334732328e-51,1.27608083706729e-49
BSU_06920,yesJ,756.223691989629,-1.49840924433339,0.290076387052503,-5.16556779942996,2.39710115858912e-07,1.60040667491012e-06
BSU_06930,yesK,10.625822180574,-0.729424692373077,1.2610217821989,-0.578439407367848,0.562967494872587,0.687524846472074
BSU_06940,yesL,1678.72620079686,-1.79187607987764,0.161898719187861,-11.0678829879959,1.79593127749821e-28,5.08612433032663e-27
BSU_06950,yesM,2863.28798952035,-1.62698412094383,0.142824130614478,-11.3915212642569,4.608722595464479e-30,1.40630950747518e-28
BSU_06960,yesN,795.038992830035,-1.37806699371041,0.229110452848196,-6.01485867003848,1.80043708555918e-09,1.48596074128151e-08
BSU_06970,yesO,265.941219059658,-1.30472436062501,0.223541784004423,-5.83660171826845,5.32762426762623e-09,4.25915054458016e-08
BSU_06980,rhgP,182.74679462923,-1.28090203175562,0.341812288693822,-3.74738438062123,0.000178688156147,0.0007613134519027
BSU_06990,rhgQ,115.90584382148,-1.61544433793732,0.291921186258056,-5.53383726150414,3.13299680673553e-08,2.27391543778644e-07
BSU_07000,rhgH,166.458561931484,-0.936026309998975,0.267032187842796,-3.50529394063168,0.0004561034153499,0.0017996448816395
BSU_07010,rhgR,550.918432369192,-1.52675400154032,0.176156418060934,-8.66703591243665,4.43515103417068e-18,7.334927263763951e-17
BSU_07020,rhgT,178.018773721381,-1.42382332428466,0.29127950552431,-4.88816857101479,1.01778365168034e-06,6.1765498077464e-06
BSU_07030,yesU,122.12008272661,-1.85770322580446,0.397138974059143,-4.6777157296272,2.90088317815628e-06,1.67147962911585e-05
BSU_07040,yesV,131.22366790101,-1.72318674818215,0.383795683681766,-4.4898544237172,7.12718661439481e-06,3.88454083021041e-05
BSU_07050,rhgW,570.976088670252,-1.21398217108306,0.183591487994299,-6.61240989081559,3.78113283145682e-11,3.64081079082276e-10
BSU_07060,rhgX,515.711873527652,-1.42061464537238,0.189188440874726,-7.50899282643309,5.95839902388743e-14,7.03480734891124e-13
BSU_07070,yesY,200.388364876082,-1.59548973507758,0.305991410136621,-5.21416511125332,1.84646950642712e-07,1.24622311080198e-06
BSU_07080,rhgZ,521.990629961535,-1.38437329095911,0.190321649399477,-7.27386135695665,3.4935454654846497e-13,3.97310564355512e-12
BSU_07090,yetA,176.904898143748,-1.86129463984042,0.315860610871425,-5.89277224122789,3.797696907161781e-09,3.08153945669138e-08
BSU_07100,lplA,186.763560173588,-1.40272435294449,0.249142614586291,-5.63020643928684,1.79994052929633e-08,1.34700212667374e-07
BSU_07110,lplB,64.9945405477335,-0.768192334711453,0.399713519760779,-1.92185727210629,0.0546237194892121,0.116535980574474
BSU_07120,lplC,49.1856850863797,-1.20410926965481,0.557014449482113,-2.16171998908527,0.0306397659263487,0.0727065201308153
BSU_07130,lplD,176.050674671038,-1.34890878141548,0.3281351610153,-4.11083279597881,3.94234616607963e-05,0.000194336586321
BSU_07140,yetF,314.664636004082,-2.87800670897074,0.293241407285936,-9.81446220575672,9.75567804150742e-23,2.11356764769258e-21
BSU_07150,hmoA,268.230283272888,0.59876812188623,0.29515322645803,2.02866873275185,0.042492042650902,0.0957950160282822
BSU_07160,yetH,83.4461344026012,1.01810931487638,0.380853776585435,2.67322888065938,0.0075124974402917,0.0216528237645849
BSU_07190,yezD,5.74035547268531,-0.157015585821666,1.46855779135098,-0.106918220546991,0.914853858142704,0.947042441890503
BSU_07200,calJ,389.813451675212,1.15377720860483,0.251629305390304,4.58522590131225,4.53495849222227e-06,2.54863490879365e-05
BSU_07210,yetK,61.0689797170731,0.653028429527842,0.379610849398128,1.72025754944364,0.0853856361692305,0.166806114301747
BSU_07220,flvL,118.464479172804,0.614141713092736,0.304585230312774,2.01632138387697,0.0437663802616242,0.0980050261879161
BSU_07230,flvM,6.30374686347254,-0.427411353439217,1.51219228842277,-0.282643521403625,0.777450114777844,0.851757922202583
BSU_07240,yetN,38.9654811363255,0.704577322223371,0.639218768149393,1.10224755174695,0.270354064162212,0.400356855780883
BSU_07250,cypD,70.4445052473913,-2.55343839611345,0.594780795650811,-4.2930747172485,1.76215672806906e-05,9.17719363308081e-05
BSU_07260,ltaSA,1550.4321143465,-0.346012635111308,0.270913883490632,-1.27720525302378,0.201529792921403,0.322351191653931
BSU_07270,spmH,2.73634497298228,-2.9502047453375,2.33100703188998,-1.26563528336741,0.205643687868341,0.326992330104044
BSU_07280,spmG,10.8785399348607,-3.48817046491373,1.11910930892808,-3.11691667389918,0.0018275321884231,0.0062205003711212
BSU_07290,yfnF,8.16893799975578,-1.8264773893783,0.937295556205188,-1.94866750118087,0.0513351452623945,0.11055426661131
BSU_07300,yfnE,30.3217849881609,-0.817374124505407,0.642327664422206,-1.27251894909533,0.203188795769502,0.32432603409583
BSU_07310,yfnD,74.626897122069,0.807180968580052,0.361366141436646,2.23369285614592,0.0255032893759075,0.0622567621779195
BSU_07320,yfnC,258.030405169722,0.860069320216136,0.270682549962747,3.17740955349542,0.0014859703098052,0.005175811376516
BSU_07330,pynN,321.914792707847,0.319352120034915,0.245163584049798,1.30260830242247,0.192708521863638,0.312828053967878
BSU_07340,mtrA,93.3055360385687,-0.384595108964495,0.357133402383125,-1.07689481408941,0.281527260172627,0.412532167172132
BSU_07350,vdhT,1223.76608020062,1.32970147053299,0.184816730780655,7.19470290874863,6.25969129213622e-13,6.91919448184343e-12
BSU_07360,yfmS,668.882318118382,1.15464897349513,0.18562782237135,6.22023659354927,4.96405774169382e-10,4.26771075292844e-09
BSU_07370,ettA,567.065100173712,0.366125123988572,0.16581018296154,2.20809794337839,0.0272374463508055,0.0657126141637194
BSU_07380,yfmQ,423.873021826781,1.25506205220873,0.284925177537941,4.40488293471925,1.05841019105395e-05,5.65485987402805e-05
BSU_07390,copP,151.054677037115,-0.1698621561161,0.308465540613805,-0.550668174403197,0.581861165199487,0.703549369452701
BSU_07400,copO,8.69814951845342,0.437199098612321,1.47897805796154,0.295608914722446,0.767528764793475,0.84430112664385
BSU_07410,yfmN,0.268483893658619,1.06839571213492,3.50286732471966,0.305006045931364,0.760361547604712,
BSU_07420,ettM,145.828663306544,1.03072459161474,0.378361278307888,2.72418096329613,0.0064461175748203,0.0188850760322492
BSU_07430,yfmL,143.699142664693,-0.61596025318894,0.373639326046178,-1.64854235154255,0.099241427390572,0.187124936850891
BSU_07440,yfmK,497.817627392568,-0.46170018691365,0.184886806569398,-2.49720461660064,0.0125176703854839,0.0337097984961478
BSU_07450,yfmJ,1675.95459830955,0.146960680102572,0.159593131003692,0.920845898431382,0.357130887897017,0.496135985013714
BSU_07460,yfmI,421.489627639241,0.312365389788856,0.273818050502611,1.14077720302036,0.253962649671629,0.382921562675204
BSU_07480,yfmG,1383.87414838456,1.39495955807742,0.399376940104807,3.49283951575009,0.0004779136334318,0.0018723325259132
BSU_07490,fecF,308.347264021795,-0.205866429997568,0.208451374882756,-0.987599290785961,0.323348933767667,0.460575585146384
BSU_07500,fecE,171.105284620362,-0.59255840451318,0.334018019588093,-1.77403124910421,0.0760579815464891,0.152291697800803
BSU_07510,fecD,105.74140480636,0.411491584340236,0.375802112421149,1.09496879006122,0.273530309847469,0.40313157570377
BSU_07520,fecC,1200.88257926688,-0.317773878256008,0.181548287008848,-1.75035459431529,0.0800571458158607,0.158540956499143
BSU_07530,yfmB,273.230485109291,-0.397539548865802,0.293563733225347,-1.35418481192512,0.175677423319276,0.292998566298084
BSU_07550,yflT,141.129743312189,-2.6969923603676,0.486139935336759,-5.54776961184918,2.89336784600539e-08,2.11059981089922e-07
BSU_07560,pelA,8123.18245920511,0.672798735385726,0.207045294462235,3.24952439577633,0.0011559816247802,0.0041442511692301
BSU_07570,maeS,169.756107579686,-0.57544163026742,0.237577692426315,-2.42211978907024,0.01543026320889,0.0406426256468173
BSU_07580,citS,958.438964511988,0.300209123153393,0.218958631911325,1.37107690403808,0.17035098386058,0.286228424253692
BSU_07590,citT,453.79691952951,0.315976616037966,0.180267005524973,1.75282556626367,0.0796319532670354,0.158060125289081
BSU_07600,yflP,1069.15120392399,0.279065705120655,0.195927566926723,1.42433098873231,0.154350681014321,0.264557555710068
BSU_07610,citM,321.634263691188,-0.325998084366825,0.224272203489148,-1.45358220633258,0.146062173087022,0.253357644510035
BSU_07620,yflN,241.213023492154,-0.397151813625448,0.234345380489649,-1.69472857879949,0.0901269216176782,0.173333311748513
BSU_07630,nosA,114.203872745987,1.1169952152388,0.318854212748971,3.5031533866488,0.0004597846161503,0.0018111334016178
BSU_07640,acyP,49.3902042596879,-0.183523195407399,0.441784029058074,-0.415413829691146,0.677838984328894,0.778033462012476
BSU_07650,yflK,89.8364054547232,1.10224546511741,0.314469935550345,3.50509012312544,0.0004564527405773,0.0017996448816395
BSU_07660,yflJ,616.847007649412,-3.08478202518766,0.460065367663107,-6.70509506259241,2.0127529335210398e-11,1.97313539840422e-10
BSU_07670,yflI,27.8119616181346,0.550815865414904,0.517713977373711,1.06393856354645,0.287356531829203,0.41951342736386
BSU_07680,yflH,407.847710122696,-0.0734388790811572,0.203755876489238,-0.36042582106846,0.718528719952988,0.810009071173799
BSU_07690,mapB,412.89920547819,0.146865329701943,0.186654360813322,0.786830423152169,0.431381141487192,0.566931903568093
BSU_07700,nagP,1574.9641045221,1.17500304073389,0.179273030940076,6.55426549421506,5.5916408754455695e-11,5.27855771531714e-10
BSU_07710,ltaSB,1712.32325618387,0.288711958254172,0.158885366995615,1.81710854632786,0.0692004944125375,0.141436670891285
BSU_07720,yflD,1.46528213326397,0.738977825433134,2.75876477578882,0.267865470778252,0.788802873032983,0.860277585917924
BSU_07735,yflB,63.6927976356048,-0.263953172850274,0.34721882501382,-0.760192575502691,0.447139482291607,0.582518152967388
BSU_07750,yflA,136.781587230445,-1.65534827870804,0.332522580589145,-4.97815298971633,6.41939077821449e-07,4.0079568072051e-06
BSU_07760,yfkT,9.28702125891842,-0.69284671948069,0.894319148391203,-0.774719763886368,0.438505269853705,0.573839497222171
BSU_07770,yfkS,1.81333761726654,1.11203985457942,3.46112203138068,0.321294610388474,0.747987140369532,0.830819861374309
BSU_07780,yfkR,10.3274101936135,-2.22718481726458,1.3419092583581,-1.65971342949795,0.0969721164193255,0.183666124715385
BSU_07790,yfkQ,17.4487278185595,-1.44840863775569,0.790730718981919,-1.83173437301202,0.066991004926625,0.137675567586707
BSU_07800,treP,370.969576931061,-0.487883235328904,0.211524437725673,-2.30651002113354,0.0210821508351605,0.0531098602143898
BSU_07810,treA,434.006006959216,-0.243369056769867,0.222201623914387,-1.09526227793743,0.273401748530878,0.403079202580569
BSU_07820,treR,256.360872341841,0.125208873731621,0.300618993588091,0.416503535711994,0.677041580667355,0.777536021468547
BSU_07830,hypO,249.269753209271,-0.653283971403686,0.235529104613172,-2.77368681240743,0.0055425007854785,0.0165169572926261
BSU_07840,yfkN,3549.67071750872,-0.159414584305681,0.229260078658122,-0.695343843719967,0.486839844011905,0.621894107965769
BSU_07850,sufLB,87.6529657358478,-1.4685102512932,0.383302023070808,-3.8312092368527,0.0001275150055531,0.0005594472601218
BSU_07860,yfkL,130.449696622881,0.636973517128415,0.280479278659585,2.27101809507113,0.0231458825618489,0.0575063699200065
BSU_07870,yfkK,198.296624405272,0.399853015415408,0.222444060673685,1.79754412954173,0.0722492789317323,0.146083119743909
BSU_07880,yfkJ,63.295285937836,-0.882298749486016,0.477770750511641,-1.84669896292557,0.0647907820965793,0.134068031912358
BSU_07890,yfkI,91.54772753494,-0.81799198767678,0.322327033094917,-2.53777035026381,0.0111561164169714,0.0303639776600107
BSU_07900,rbn,115.827366789681,-0.889114653123821,0.352022952206029,-2.52572921041651,0.0115458437074396,0.0312871424542437
BSU_07910,yfkF,75.1163791960185,0.572662617811023,0.356021292043475,1.6085066556668,0.107724259703254,0.199644660947049
BSU_07920,chaA,117.691348294144,-5.06644305013821,0.723262721030269,-7.00498297896675,2.47015862592122e-12,2.6624868970439496e-11
BSU_07930,yfkD,103.023386690976,-3.30632357951595,0.495606025550643,-6.67127397380301,2.5359229283658896e-11,2.4692481008111e-10
BSU_07940,mscC,95.077579249007,0.782295382689679,0.298079038739716,2.62445620462693,0.0086787453093173,0.0244188333930339
BSU_07955,yfkA,31.5782504621791,1.70867301497567,0.691521291422807,2.47088995837001,0.0134777284494616,0.0360043140391596
BSU_07970,yfjT,99.0430125549035,-0.694456914136897,0.447489861247053,-1.55189418638805,0.120687544198855,0.218053969827047
BSU_07980,pdaA,56.9236253892447,-1.04396167891718,0.43774687652185,-2.38485237681662,0.017085976057545,0.0443846128641142
BSU_07990,yfjR,267.137377777575,-0.118873671232862,0.225425139376058,-0.527331031321025,0.597963728597191,0.717013551861457
BSU_08000,yfjQ,152.297393958865,-0.117644683817571,0.24217310886341,-0.485787560682162,0.627117794759204,0.739878107497505
BSU_08010,yfjP,372.371604779915,0.148830085185049,0.26539717876883,0.560782469035531,0.574945839129265,0.69724050404341
BSU_08020,yfjO,518.304934519475,0.0792801198866602,0.25177596287399,0.314883593261596,0.752850039097631,0.834083155052425
BSU_08029,yfzA,871.633551693643,0.415839461422587,0.230882639031169,1.80108588141376,0.0716893446990528,0.145222033932209
BSU_08030,dusC,360.738094796483,0.835371413330135,0.214740933450196,3.89013589495214,0.0001001880997733,0.0004540952262738
BSU_08040,yfjM,70.7590919858973,0.805347061674353,0.349875606273612,2.30180969245553,0.0213459067229814,0.0536184428003934
BSU_08050,yfjL,99.965457453326,1.04327101884988,0.338033790745652,3.08629210277641,0.0020266961689844,0.0068446410757672
BSU_08060,acoA,16206.2320081033,0.968514629045385,0.341769144913971,2.83382699538069,0.0045994224811719,0.0140149772228679
BSU_08070,acoB,16021.747648372,1.01138300987407,0.321570671365747,3.14513449121034,0.0016601049327527,0.005711361448532
BSU_08080,acoC,21911.5024308976,0.929107411605787,0.325693593080308,2.85270398726171,0.0043348980545992,0.0132742849968753
BSU_08090,acoL,24653.4875151584,0.887550718189835,0.339014360588513,2.61803280736866,0.008843830192472,0.0248582183322849
BSU_08100,acoR,8222.73783271403,-0.340039881924082,0.16948789452666,-2.0062782824327,0.0448265657816008,0.0997604055119037
BSU_08110,sspH,1926.94631053497,-0.544770785787501,0.212221155772259,-2.56699565981118,0.0102583896409376,0.0282398998184135
BSU_08120,yfjF,69.8713076740892,-0.85315435014632,0.43181465365683,-1.97574200625516,0.0481840047271657,0.105441048734039
BSU_08130,yfjE,112.812944090372,-1.09720557775254,0.28021556233022,-3.91557688169917,9.01882983176337e-05,0.000412656701806
BSU_08140,yfjD,105.813578151823,-0.9347784930986,0.308849828595045,-3.02664404040921,0.0024728497207527,0.0081111717184115
BSU_08150,yfjC,89.5831338630649,-0.693979073588473,0.474864096179741,-1.46142670960282,0.143898375167492,0.250205320867072
BSU_08160,yfjB,415.363163027417,-1.50606933293043,0.219748218393132,-6.85361339419851,7.2007523048586195e-12,7.306992912635219e-11
BSU_08170,yfjA,112.320062102766,-2.07605772158982,0.456327670392904,-4.54948901039094,5.3776342237309e-06,2.99887890494543e-05
BSU_08180,malA,713.948329531905,-0.28827742009179,0.217298129625283,-1.32664473729666,0.184626229562412,0.30348461786568
BSU_08190,malR,374.445761988684,0.049408955926481,0.211162108291794,0.233985899867059,0.814995925127611,0.879984386637912
BSU_08200,malP,654.0480847545,-0.221599043304157,0.199476139588134,-1.11090501230724,0.266609237779086,0.396573232851624
BSU_08210,yfiB,142.810549856639,-0.332007579596521,0.288605913264219,-1.15038384294146,0.24998581179973,0.378737245639241
BSU_08220,yfiC,89.7153364788726,0.464827810878658,0.429270478259143,1.08283200084877,0.278882998690341,0.409766033680993
BSU_08230,catD,6.61077177312071,-0.997606495251032,1.72956022009986,-0.576797779954395,0.564076069452391,0.688684589725897
BSU_08240,catE,25.6820224011831,-1.0560876033725,0.515362255674028,-2.04921410472964,0.0404411834476973,0.0921786680057193
BSU_08250,yfiF,71.6506761373002,0.977380873442495,0.534980318518765,1.82694734667741,0.0677076864680571,0.138844015838188
BSU_08260,yfiG,642.480080058612,0.397874861746726,0.208029568676567,1.91258802427899,0.0558008139972059,0.118696576853163
BSU_08270,yfiH,420.152717619752,0.450970292961461,0.254439337915627,1.77240790145038,0.0763268711234526,0.152759506964397
BSU_08280,yfiI,919.673522139018,0.280830582726985,0.213990377493583,1.31235145251055,0.189401579114827,0.30914393035903
BSU_08290,linJ,59.7432178148663,0.449117884657073,0.366753868973662,1.22457572407866,0.220735119127245,0.344789210951101
BSU_08300,linK,79.5799863126183,0.55239658002338,0.316193670350873,1.74701972816343,0.0806339160792534,0.159319087264663
BSU_08310,bifL,0.387245376400322,-0.985066478752456,3.47373259751369,-0.283575793789514,0.776735489651447,
BSU_08320,bifM,0.299787974565029,1.53696208700444,3.50105598522897,0.438999574268139,0.660661844808274,
BSU_08330,bifN,26.2682187315264,-5.57944149745861,1.00164779573019,-5.57026284213133,2.5435532260055e-08,1.86800273360709e-07
BSU_08340,padR,290.518984366398,0.160089007120228,0.237552672874415,0.673909517342544,0.500368840964715,0.633391232223229
BSU_08350,estB,36.1093778823739,-0.224747796853903,0.449162562300333,-0.500370724805922,0.616814062949965,0.731763999691642
BSU_08360,icaC,48.9862868546988,-0.46451010756796,0.416983093969994,-1.11397827462373,0.265288507035597,0.395231596050545
BSU_08370,yfiR,184.601156465993,0.385351081060406,0.227097600064647,1.69685228267807,0.0897245913297172,0.172789624102962
BSU_08380,yfiS,47.6659801102849,0.210838960490467,0.449096028011853,0.469474115422152,0.638730782562705,0.748739971692053
BSU_08390,bstA,390.415296623106,0.10498726103194,0.19511712277423,0.538073027826577,0.590526632643832,0.710988627904462
BSU_08400,yfiU,34.3125845229334,-1.98330862579865,0.570058440297653,-3.47913211277615,0.0005030405271048,0.0019566199317284
BSU_08410,yfiV,147.005683574299,-0.138608427249285,0.299850061865447,-0.462259125067258,0.643895508039954,0.752426978515944
BSU_08425,mprF,546.828775211053,0.509539608545899,0.168062383426279,3.03184804450551,0.0024306152931918,0.00799685350448
BSU_08440,sxzY,566.97179093449,1.01835693231636,0.211147370120921,4.82296763503689,1.41437927881462e-06,8.45311091738445e-06
BSU_08450,sxzZ,51.113248412227,2.53300644033452,0.749362472244561,3.38021522848271,0.0007242908777208,0.0027041036500416
BSU_08460,sxzA,48.8873757590184,1.5595092998162,0.428810152732384,3.63682923521979,0.0002760147831049,0.0011390210049463
BSU_08470,yfhB,465.520891806928,0.478055252461358,0.184562716072558,2.59020490505471,0.0095918819322002,0.0266762672735711
BSU_08480,yfhC,798.90020077462,0.511768623210787,0.213013212226021,2.40252056603778,0.0162825189631803,0.0426297007054141
BSU_08490,yfhD,380.127990442878,-5.65955383404892,0.364592817047146,-15.5229438689602,2.42658149712744e-54,1.36550358792899e-52
BSU_08500,yfhE,30.0934119897893,-4.64786900168887,1.11399075679456,-4.17226891097627,3.01581407096538e-05,0.0001514197261818
BSU_08510,yfhF,39.7484000724719,-1.07010284955188,0.46404544930382,-2.3060302631074,0.0211089413946916,0.0531464515184187
BSU_08520,recX,358.585277928307,0.168656295718534,0.218996898301023,0.770130979146138,0.44122220114782,0.57654276163254
BSU_08530,yfhH,304.539453290917,-0.0832143107919676,0.194544024911654,-0.427740254833099,0.668840238783206,0.771588060342819
BSU_08540,yfhI,18.7624644768108,1.37484912126048,0.86207176979691,1.59481979277012,0.110752539648294,0.204177096522396
BSU_08550,sspK,3.16560654306216,-2.80428287680036,2.18449309970634,-1.28372246960969,0.199239079492661,0.319741826459888
BSU_08560,yfhJ,194.505050777404,-0.117514881064247,0.252326110210046,-0.46572620235941,0.641411494491216,0.750739061488504
BSU_08570,yfhK,74.9583161126885,-1.75998832373137,0.391747170257428,-4.49266378254841,7.03377855528082e-06,3.8475511196284e-05
BSU_08580,spdL,265.418196246416,-1.59176955205335,0.245797360538143,-6.4759424127597,9.422198068348969e-11,8.68646472982044e-10
BSU_08590,ephM,1157.1942718621,-1.21847327255231,0.224440447839306,-5.42893798458605,5.66903767960118e-08,3.98765264053765e-07
BSU_08600,csbB,336.784577787844,-1.70999262023196,0.211248095793207,-8.09471258811201,5.73997162243622e-16,8.0229990451665e-15
BSU_08610,yfhO,157.65734660145,-1.31286887247531,0.290931215793361,-4.51264354323463,6.40245749096349e-06,3.52053912542446e-05
BSU_08620,yfhP,354.161243532708,0.0394257228644367,0.246730748420021,0.159792498976741,0.873044533105487,0.919295738018488
BSU_08630,mutY,183.254279829444,0.5285153418762,0.258438936032799,2.04502986271823,0.0408519140837989,0.0929193405381105
BSU_08640,yfhS,8.26159756875626,-4.85850746172979,1.50065404086627,-3.23759329560406,0.0012054251865749,0.0042847476074071
BSU_08650,fabL,211.850414172972,0.753164814206619,0.217622861135198,3.4608717589588,0.0005384292373074,0.0020799973392471
BSU_08660,sspE,832.572215776337,-2.1583802331915,0.765201737342264,-2.8206682340896,0.0047923737448718,0.0145415654317435
BSU_08670,ygaB,861.596141041028,-3.38350664171481,0.331081580787701,-10.219555656539,1.62082127564238e-24,3.9016769929768996e-23
BSU_08680,ygaC,963.615706261933,-1.59533696160509,0.189813772716713,-8.40474818434828,4.2878062199486e-17,6.54192406726664e-16
BSU_08690,ygaD,474.22473567351,-1.40250847561505,0.227024786666777,-6.17777686836298,6.50105043155222e-10,5.54508888187318e-09
BSU_08700,ygaE,147.869675303403,-0.18023271273507,0.308635571124512,-0.583966106299391,0.559243115668349,0.684906845729496
BSU_08710,gsaB,394.823173039075,0.398505490027887,0.190843248427678,2.08812988309044,0.0367861200853073,0.0850556341140003
BSU_08720,bcp,502.905705206066,-0.0953151396093918,0.255604078742424,-0.372901481378325,0.709221769435671,0.803314236098964
BSU_08730,perR,2468.8637322244,-0.470760586600021,0.177850757852578,-2.6469416958585,0.0081223355558139,0.0231235742203297
BSU_08740,ygzB,1050.76858566531,0.198213945199818,0.177231364693826,1.11839089848594,0.263400079815762,0.393286224611407
BSU_08750,ygxA,557.124001507514,-1.80658183967449,0.221054374959906,-8.17256767708015,3.01894246388889e-16,4.37494237325436e-15
BSU_rRNA_22,rrnD-16S,15269.4039854182,-1.09056711868784,0.99416495246203,-1.09696797899289,0.272655390092068,0.402526679819057
BSU_rRNA_17,rrnD-23S,16286.2829591541,-1.17108416200838,0.868372622477886,-1.34859636484935,0.177466648928944,0.294641301049711
BSU_rRNA_18,rrnD-5S,0.273795346530778,-1.34735908018137,3.51579453864218,-0.383230324005716,0.701548995879052,
BSU_tRNA_29,asnTA,0.12079871212595,0.667179017968638,3.53177174350112,0.188907739917317,0.850165127224346,
BSU_tRNA_30,trnD-Ser,40.3531172916255,0.495671759267013,0.526255373126584,0.941884462522696,0.34625179579209,0.483814585993914
BSU_tRNA_31,trnD-Glu,91.424343850483,-0.0746208109434465,0.296466842288817,-0.251700360038075,0.801272678686429,0.870143971475537
BSU_tRNA_32,trnD-Val,8.53141599045749,-1.32430224864965,1.24497080014881,-1.06372153346196,0.287454866576187,0.419515640577508
BSU_tRNA_33,trnD-Met,10.4796811202072,0.352583960466605,0.828569291726899,0.425533463510037,0.670447832615627,0.772003842339493
BSU_tRNA_34,trnD-Asp,83.5882589646692,-0.124643396543566,0.365945997303372,-0.340605984112556,0.73340022388898,0.820146867745153
BSU_tRNA_35,trnD-Phe,33.6059379320769,-0.167876804787424,0.524028751143123,-0.320358004062211,0.748696957167768,0.831395160278816
BSU_tRNA_36,trnD-Thr,49.7436167508093,0.127076921963624,0.394824108599803,0.321857047722559,0.747560994011627,0.830819861374309
BSU_tRNA_37,trnD-Tyr,155.566018349638,-0.0349276972620481,0.247446795014406,-0.141152352609839,0.887749586219979,0.927986336415455
BSU_tRNA_38,trnD-Trp,111.317893689138,-0.0075517869283811,0.37124293621904,-0.02034190065754,0.983770630802033,0.991090012384378
BSU_tRNA_39,trnD-His,72.7935741371619,0.186000822571634,0.377263857366537,0.493025819833365,0.621994343624467,0.735132195784057
BSU_tRNA_40,trnD-Gln,301.788942000128,-0.0022822943737923,0.242513709011779,-0.0094109911686743,0.99249122628278,0.995902538239389
BSU_tRNA_41,glyTB,67.7856729298903,-0.0596325500310948,0.428477872579288,-0.139172997830968,0.889313445434685,0.929179563051804
BSU_tRNA_42,cysTA,5.98129481300482,-0.353192475686754,0.959680507207566,-0.368031311498091,0.712849887008399,0.80604868486623
BSU_tRNA_43,leuTA,42.0108107398487,-0.0631921445912146,0.541982837201011,-0.116594364717453,0.90718150357064,0.941541322826501
BSU_tRNA_44,leuTB,2.60428219023632,3.16320465570842,2.0974177926774,1.508142377142,0.131518091327525,0.232884303114902
BSU_08760,spo0M,1532.80082573577,-0.85020386710308,0.192057024952921,-4.42683035057683,9.56278830514875e-06,5.12816357997643e-05
BSU_08770,ygzA,27.4831463850244,-0.532337892945099,0.671286218521782,-0.793011800714967,0.427770947451522,0.563554732534948
BSU_08779,ygzC,31.1349595044021,-0.464329405754565,0.693499066547811,-0.669545826594928,0.503147358098645,0.635892454864658
BSU_08780,ygaJ,389.177580215062,0.451775317114758,0.177939318807847,2.53892911438321,0.0111192349722341,0.0302826179350662
BSU_misc_RNA_11,tswD,152.499606085643,0.161173732659417,0.243699055988318,0.661363795628094,0.508379038069428,0.639421298100096
BSU_08790,thiC,1014.32071182204,0.781155328219455,0.187986998937943,4.15536889589542,3.2476312658434e-05,0.0001621196575449
BSU_08800,ygaK,11.2359864656962,-1.28222349531861,0.823526484253751,-1.55699120773331,0.119472572904583,0.216600275479312
BSU_08810,senS,0.0,,,,,
BSU_08820,katA,1161.86038750958,-0.410962515494367,0.261807126755161,-1.56971477662903,0.116481481942562,0.21233246161427
BSU_08830,ssuB,0.0,,,,,
BSU_08840,ssuA,0.267534605847053,-1.16495647235934,3.50567728320885,-0.332305679686813,0.739658451590245,
BSU_08850,ssuC,0.508044088526272,-0.297977324003876,3.4446899217453,-0.0865033807899034,0.931066268666091,
BSU_08860,ssuD,7.40705812799185,1.70567843326993,1.34219112160855,1.27081635827375,0.203793987788106,0.325124944435148
BSU_08870,ygaN,239.39120444879,0.44293290234487,0.259539132940582,1.70661316976147,0.0878939756928982,0.17045729401341
BSU_08880,rpsNB,5.21541332949413,0.743662006596082,1.38936564160501,0.535252912787591,0.592474981975768,0.712021241572574
BSU_08890,ygaO,176.850003078854,0.81744829261211,0.26203345092885,3.1196333510643,0.0018107627752044,0.0061682665919503
BSU_08899,ygzD,26.9050182359169,1.13141976338651,0.548288885023359,2.06354678034063,0.0390607080115832,0.0896926591490143
BSU_tRNA_82,trnSL-Gly1,0.408917904268831,0.749579000566001,3.50931876911793,0.213596726282694,0.830861552533512,
BSU_08900,yhzB,88.3513339285496,0.149389529068324,0.346056243187299,0.431691472150291,0.665965666281011,0.76971421956002
BSU_08910,queG,29.8589627818739,-1.56779519773615,0.787796424828866,-1.99010194553335,0.0465797065433422,0.102451709874265
BSU_08920,yhbB,288.363202058044,-5.84170659282374,0.514232216336377,-11.3600556465379,6.61025194081421e-30,1.98904317080194e-28
BSU_08930,trmL,309.729043247996,-1.41196986452356,0.281115851452448,-5.02273300217083,5.09413391170766e-07,3.23649299698377e-06
BSU_08940,yhbD,139.641560083802,0.124321533537746,0.293140620982591,0.424102033764637,0.671491402362174,0.772194061430759
BSU_08950,yhbE,218.208988111328,0.66473637599857,0.238933664656075,2.78209593007919,0.0054009073196091,0.016150539279411
BSU_08960,yhbF,354.54262757877,0.272900294818544,0.19702626346101,1.38509602742656,0.166023106475663,0.281007078265254
BSU_08970,prkA,8716.51760355401,-8.03369929179787,0.226038660480679,-35.5412621660114,1.1337737946520199e-276,1.2281604630568099e-273
BSU_08980,yhbH,1753.57403005901,-5.67728167830066,0.264520995474455,-21.4624992927978,3.490286248814e-102,4.44806185767973e-100
BSU_08990,yhbI,7.11167704526398,0.299499272099422,1.31954595819747,0.226971459568217,0.82044593499548,0.883666973983449
BSU_09000,yhbJ,25.86821620316,-0.413564055119039,0.613894143469882,-0.673673237508786,0.500519080072192,0.633396370897433
BSU_09010,yhcA,70.6221939878114,-1.05054773412384,0.379818189959571,-2.76592264903286,0.0056761996870875,0.0168600133474803
BSU_09020,yhcB,34.0238824817654,-1.87987581110065,0.831961579883505,-2.2595704616118,0.0238479225923658,0.0587787534657115
BSU_09030,yhcC,33.5375460873235,-1.35664598509364,0.596078814701965,-2.27595068241428,0.0228489615393387,0.0568012337062274
BSU_09040,yhcD,0.0,,,,,
BSU_09050,yhcE,47.9969391381069,0.846886476138618,0.423372937395335,2.00033209809964,0.045464415208863,0.100869078904252
BSU_09060,yhcF,60.9628056370435,0.484608485046343,0.345494832246481,1.40265045903962,0.160721097100603,0.273421481639934
BSU_09070,yhcG,59.9609352634167,0.267741010529186,0.414374197989713,0.646133402678302,0.518192964733946,0.646324155495737
BSU_09080,yhcH,70.4156927903281,0.794639503330657,0.488760747263484,1.62582512564635,0.103986861751885,0.194129716488979
BSU_09090,yhcI,122.906381420344,0.291379039048063,0.25804167663779,1.12919371337471,0.258816125147124,0.388179394344924
BSU_09100,cspB,7089.53587556875,0.233281882879939,0.258163621029136,0.903620277520089,0.366196785268334,0.504524855506421
BSU_09110,yhcJ,114.437958381574,1.00571019860889,0.489708156904147,2.05369296882213,0.040005417507487,0.0915224255860302
BSU_09120,dgcK,48.9137985682393,0.706137421528742,0.464761419754472,1.51935464415654,0.128673252020704,0.228500492215455
BSU_09130,tcyP,86.5284290887853,0.142456443666401,0.303536716579519,0.469321949817828,0.63883952812036,0.748739971692053
BSU_09140,yhcM,259.088116467792,-4.08299992387746,0.499748796073177,-8.17010457245722,3.08122258709842e-16,4.45031248996582e-15
BSU_09150,yhcN,160.125217630644,-2.32824395178713,0.615153809119761,-3.78481595540905,0.0001538223711262,0.0006625371114216
BSU_09165,yhcO,108.075690931086,-8.12073283969135,0.977731222719892,-8.30569040957982,9.924068506918091e-17,1.4827927186371101e-15
BSU_09180,yhcQ,117.544511000445,-1.87340041060139,0.442065790308581,-4.23783167951919,2.2568886312102e-05,0.0001155921801304
BSU_09190,mncR,6814.93211207221,-1.68936355050358,0.144719276013212,-11.6733830975588,1.7434924731508102e-31,5.434930133929819e-30
BSU_09200,srtA,1450.94842667883,-1.50895268108145,0.152822929449052,-9.87386308142,5.40423018846143e-23,1.2008476618771e-21
BSU_09210,yhcT,63.9441995030207,-0.549564454404611,0.502949917790088,-1.09268226311547,0.274533329996564,0.404334778679507
BSU_09220,yhcU,21.3928048720247,-0.0497693456491727,0.660759972515812,-0.0753213689074995,0.939959019845248,0.962846910872213
BSU_09230,yhcV,39.0526888937417,-3.06233845492069,0.762575320470949,-4.01578489719476,5.92482769771176e-05,0.0002824233048865
BSU_09240,glpW,82.3025239658233,-0.44629591568503,0.37511122955961,-1.18976954171431,0.234136984021602,0.3609091254947
BSU_09250,yhcX,375.922758348275,0.0933371183207545,0.178980881495237,0.521492114358809,0.602023997471326,0.71990709864645
BSU_09260,yhxA,2711.60038543956,0.181084189210996,0.1734831810191,1.04381409279704,0.296571410105007,0.430068246313587
BSU_09270,glpP,1973.0201160256,0.118540729173548,0.208625912741227,0.568197534122148,0.569900845663018,0.693451380021863
BSU_09280,glpF,2111.55936081531,-0.686745920471453,0.176055818656343,-3.90072833555116,9.59037229744449e-05,0.0004365029744204
BSU_09290,glpK,6951.61592122404,-0.522060230890953,0.171486588578201,-3.04432104702394,0.0023320612626673,0.0077313094499904
BSU_09300,glpD,437.580093307038,-0.45970176342193,0.203330432153294,-2.26086060287992,0.0237678904120513,0.0586482170588942
BSU_09310,pgcA,2023.70532168461,-0.0646093443917713,0.142319327501507,-0.453974491912121,0.649847186383567,0.757135751169668
BSU_09320,yhcY,561.783301586858,0.0808170700666016,0.176210511613074,0.458639324787053,0.646493192162192,0.75403903139671
BSU_09330,yhcZ,289.341698359841,0.218368296195925,0.237624156788099,0.918965054511081,0.358113850849034,0.497023483577471
BSU_09340,azr,373.254236168174,-0.0943608567445262,0.185901980167903,-0.507583924922702,0.611745166378665,0.727013660427525
BSU_09350,yhdB,8.27610397052666,0.890575860077085,1.12183265462566,0.793858029007239,0.427278085889936,0.563255120281289
BSU_09360,yhdC,21.5055172240014,-0.880219344233603,0.638693975308699,-1.37815507623689,0.168155413947024,0.283649257936155
BSU_09370,lytF,680.288000598767,1.07986044489841,0.20931880869704,5.15892695749743,2.48369175148117e-07,1.65566713217968e-06
BSU_09380,nsrR,688.725087778559,0.125084947638027,0.19636590476755,0.636999319133825,0.524125287094583,0.652596226718629
BSU_09390,ygxB,11.0833076417879,-1.61703554042327,0.926346012682156,-1.74560641303057,0.0808793671270691,0.159731220492977
BSU_09400,spoVR,2650.61343424834,-7.34866784921445,0.302841516918275,-24.2657213053043,4.51271807203859e-130,1.15021220036137e-127
BSU_09410,phoA,323.539798030822,-1.70164304269627,0.224996881501469,-7.56296279015387,3.9399033919468805e-14,4.74211149925162e-13
BSU_09420,lytE,806.84279741094,0.661890650426057,0.191538076626446,3.45566094263823,0.0005489453621229,0.0021145171473004
BSU_09430,citR,41.4759330560217,2.064004182296,0.676983518661393,3.04882486116823,0.0022973837242722,0.0076221773945418
BSU_09440,citA,747.760615976948,0.4256408563698,0.259504214032739,1.64020787853603,0.100961951754814,0.189127861572206
BSU_09450,yhdF,628.672919577432,0.816696746150088,0.263788305788243,3.09603090140658,0.0019612992082675,0.0066496944205191
BSU_09460,bcaP,2916.86837833092,0.307779578925159,0.169007378270494,1.82110143400108,0.0685914393523537,0.140390508603566
BSU_09470,yhdH,170.292986775419,0.844497543498002,0.244382919468913,3.45563243672365,0.000549003413504,0.0021145171473004
BSU_09480,yhdI,106.498874255459,0.959953956713132,0.311775999293533,3.07898606335424,0.002077063980111,0.0069875141504822
BSU_09490,yhdJ,242.716207720822,-0.216490362958744,0.325008864421625,-0.666106025581802,0.505343333375094,0.637267946307998
BSU_09500,asiMB,24.265829333054,-0.499483207930374,0.618354169290863,-0.807762335464138,0.419227411258598,0.556188724122323
BSU_09510,asiMA,247.711762888203,-0.631874704010059,0.269761386686723,-2.34234673750347,0.0191629026344803,0.0490448063291218
BSU_09520,sigM,60.2898788057273,-0.899659510246571,0.48671770405122,-1.84842158556841,0.0645413784478619,0.13387160977242
BSU_09530,akrN,443.86468450326,-2.7441682627449,0.319036146940646,-8.60143369038188,7.872638294847389e-18,1.2728411093870799e-16
BSU_09540,plsC,704.32017229638,0.17672849201139,0.170778268759523,1.03484180566467,0.30074279563765,0.435388751586347
BSU_09550,yhdP,2298.21345175406,-0.238866550550891,0.188192901979432,-1.26926439859563,0.20434677942696,0.325647147943
BSU_09560,cueR,1262.87832470636,-0.0839920367365002,0.203812543709966,-0.412104354362136,0.680262937240122,0.780195687417006
BSU_09570,yhdR,321.957764521749,0.856355449865918,0.264502229552286,3.23761146102791,0.0012053484445597,0.0042847476074071
BSU_09590,yhdT,8843.12620669148,-0.0689440119628733,0.151255694304689,-0.455811017759059,0.648525880587723,0.756002862681356
BSU_09600,crcBA,110.501430034949,0.764070939943211,0.320068404366166,2.38721138831652,0.0169767266274375,0.0442068248057011
BSU_09610,crcBB,145.535457908793,0.0208482440105345,0.26736854400981,0.0779756799280381,0.937847398683102,0.962344636989368
BSU_09620,yhdW,583.530847928943,0.208121062235376,0.223500243483114,0.931189420610635,0.351755589400876,0.489856348671963
BSU_09630,yhdX,87.3360862039459,-1.14087969851208,0.640248656712202,-1.78193220173349,0.0747602885122415,0.150204634138506
BSU_09640,mscY,85.4117158587526,-1.42015143944361,0.471846117501403,-3.00977667669246,0.002614398415139,0.0085174348366896
BSU_09650,srtN,274.681996021884,0.070893654365492,0.204436896889975,0.346775241866667,0.72876017843811,0.817637973374503
BSU_09660,yheN,357.172043281787,1.48994268359745,0.286170203924456,5.2064913228729,1.92444688794081e-07,1.29481806916887e-06
BSU_09670,dat,8285.92113426789,-0.704004851695023,0.151872980490901,-4.63548453068781,3.56102356377992e-06,2.0249232417137e-05
BSU_09680,nhaC,7.21412934551702,-1.96433884344164,0.998261694093988,-1.96775941124782,0.0490957263564054,0.106846701307034
BSU_09690,nhaX,633.612473883791,-2.49040171485637,0.418203554945923,-5.95499891237987,2.60073560146087e-09,2.12622403040188e-08
BSU_09700,bmrB,106.052960998043,-0.919536712447929,0.326027890457908,-2.82042346486503,0.0047960312638631,0.0145424796825186
BSU_09710,bmrC,1227.41835164495,0.7878609403681,0.203495072024298,3.87164628868274,0.0001081027470417,0.0004838938046817
BSU_09720,bmrD,1487.01623805017,0.771403894312053,0.161095689448164,4.78848252833153,1.68047191051958e-06,9.96099150243685e-06
BSU_09730,yheG,101.035225805799,0.726925670162736,0.367544447644182,1.97778982874602,0.0479524214083815,0.1050444094856
BSU_09740,yheF,0.119394341282747,-0.736548910145558,3.53097325532699,-0.208596570091367,0.834763188348044,
BSU_09750,sspB,152.74035284197,-8.91539414119301,1.77193547482697,-5.031444015795,4.867992672195e-07,3.10191356597367e-06
BSU_09760,yheE,149.625461677103,-0.882885766997709,0.273044817901872,-3.23348296364666,0.0012229062969563,0.0043397649342439
BSU_09770,spaD,325.044465225598,-4.83559869867276,0.406325555441908,-11.9007988395259,1.17219655335584e-32,3.9373082679774204e-31
BSU_09780,spaC,248.521519385473,-6.65465724726511,1.26828490247719,-5.24697347911923,1.54618146216158e-07,1.0484513733249e-06
BSU_09790,yheB,120.872569025601,-0.310637613350307,0.30363412832011,-1.02306553966428,0.306276858865376,0.441629826776597
BSU_09800,yheA,251.851162546057,-0.0643113719130999,0.327819680367738,-0.196179106272562,0.844469981074979,0.89870065815011
BSU_09810,yhaZ,245.36535592649,0.088044335965795,0.258550439993211,0.340530598084098,0.733456984193969,0.820146867745153
BSU_09830,yhaX,5456.08136774074,-3.71581682233062,0.310650907118601,-11.9613905421882,5.6605984702477096e-33,1.9162010290299502e-31
BSU_09840,hemZ,218.172579916277,-1.14749749537006,0.270758019741474,-4.23809236182819,2.25427034418693e-05,0.0001155921801304
BSU_09850,khtU,188.874488077249,-1.60311322109678,0.322640809407774,-4.96872427278926,6.73948209847384e-07,4.19571493285735e-06
BSU_09860,khtT,183.259480865315,-1.54348939280182,0.246014212256968,-6.27398465577107,3.5192320588836103e-10,3.06817555556191e-09
BSU_09870,khtS,217.77716300794,-0.904845740198668,0.23506211734948,-3.84938989915327,0.0001184123937003,0.000525159572061
BSU_09880,yhaR,862.762248537656,-1.80083594246299,0.229899107554387,-7.83315760387178,4.757673077429681e-15,6.20933657966952e-14
BSU_09889,yhzD,34.4749241746113,-2.28887934207276,0.590589314968878,-3.87558542638614,0.0001063686533354,0.0004781072353761
BSU_09890,yhaQ,211.334447411349,-0.529851873183863,0.268930724287632,-1.97021695675488,0.0488135109853975,0.106393236439868
BSU_09900,yhaP,237.754390435491,-0.27206736519872,0.253219845067424,-1.07443144958199,0.282629353285857,0.413867180732551
BSU_09910,yhaO,198.098545091336,0.634769348258181,0.348820740743878,1.8197580422096,0.0687958599221392,0.14067600804277
BSU_09920,sbcE,570.088784895665,-0.0359279528089546,0.234942269771052,-0.152922472588546,0.878459413782143,0.923175339241191
BSU_09930,yhaM,821.824444324394,-0.110540219717921,0.165172487428737,-0.669241115386203,0.503341682572417,0.635892454864658
BSU_09940,yhaL,144.765049180047,-7.2071190625207,0.648645803105151,-11.11102396411,1.10880673372658e-28,3.18176130942865e-27
BSU_09950,prsA,883.952466621176,0.157644003593591,0.163352846636832,0.965052074936086,0.334518729538676,0.472624074335718
BSU_09958,sscA,0.119394341282747,-0.736548910145558,3.53097325532699,-0.208596570091367,0.834763188348044,
BSU_09959,sscB,0.238788682565494,-0.924487469238271,3.50223690347697,-0.263970569301138,0.791802596922373,
BSU_09965,yhaJ,134.315456538407,0.551923599063135,0.271027409852378,2.03641247711349,0.0417089535899252,0.0944226206400971
BSU_09980,yhaI,188.13065511127,-0.379562392610311,0.244480947231881,-1.55252340482103,0.120537036977618,0.218053969827047
BSU_09990,scoC,7051.775909025,0.324942966359943,0.130235254931974,2.495046111206,0.0125940762963756,0.0338734528815614
BSU_10000,yhaH,1267.70465768753,-0.0522406344371275,0.153813366473828,-0.339636506467184,0.734130282484312,0.820687955109526
BSU_10009,yhzF,85.4046017993088,-5.2403781627642,0.781137833241126,-6.70864723197522,1.9643690868737698e-11,1.93007057900772e-10
BSU_10010,trpP,2878.25925811001,0.213311241531148,0.147533323665001,1.44585125741156,0.148218925769681,0.256175750043887
BSU_10020,serC,758.524205147796,1.3567838451403,0.219016662144338,6.19488869867875,5.832623120523231e-10,4.98476449333869e-09
BSU_10030,hinT,297.938135124592,0.0486684684348771,0.235221983394347,0.206904421655543,0.836084503257488,0.894728118699604
BSU_10040,ecsA,574.608766339324,0.211269616118726,0.242568540670382,0.870968739535818,0.383771221953547,0.522754072532135
BSU_10050,ecsB,491.451297220364,0.586297779248356,0.218715582114086,2.68064018841846,0.0073481478682223,0.0212263498086715
BSU_10060,ecsC,339.809255459185,0.60035931737905,0.229325580210925,2.61793436574699,0.008846381875925,0.0248582183322849
BSU_10070,sndC,6386.28149493256,0.103959941285561,0.141414727302003,0.73514225334923,0.46225286348825,0.598083613501367
BSU_10080,yhfA,4.33376004514955,1.18516078229568,1.27290700722899,0.931066272371048,0.351819283883487,0.489856348671963
BSU_10090,yhgB,0.686986200810658,1.61787783822452,3.44948058653632,0.469020711274406,0.639054831958177,
BSU_10100,hmoB,241.643276014699,0.58844978560153,0.351718662355264,1.67306955411751,0.0943136043209142,0.180087214336235
BSU_10110,pbpF,192.137182339227,-0.221928828023327,0.237198388809569,-0.935625360429825,0.349466112494313,0.487550148332893
BSU_10120,hemE,388.589067839258,0.203691015955442,0.231619096468169,0.879422375190185,0.379172304578898,0.516814594444909
BSU_10130,hemH,571.684695864554,0.144011521725145,0.172442836366784,0.835126148231718,0.403646685569239,0.54165409989827
BSU_10140,hemY,524.770795828484,0.358332876247611,0.193841454675345,1.84858742856508,0.0645174093423343,0.13387160977242
BSU_10150,yhgD,82.8178611249778,0.72492318529151,0.321092920897886,2.25767414387205,0.0239659823788991,0.0589691093968028
BSU_10160,yhgE,305.036752916923,0.728742590640626,0.331163227609359,2.20055407691658,0.0277676076728683,0.0667686148981901
BSU_10170,fabHB,119.264664873421,0.737042470169282,0.378142455877268,1.94911324743842,0.0512819019777942,0.110494520770653
BSU_10180,yhfC,180.764962833707,-1.99966842519312,0.331808116981623,-6.02658079429644,1.67464615350326e-09,1.38477896624611e-08
BSU_10200,yhfE,592.23477667411,0.269238278930696,0.236760197121963,1.13717711931116,0.255464249990741,0.384216103856258
BSU_10210,yhfF,467.947713684005,0.0279300687462973,0.209630908230756,0.133234497632156,0.894007928880753,0.932082857516916
BSU_10220,gltT,3574.88065895481,-0.262770204511095,0.143022802625783,-1.83726091005662,0.0661713876094381,0.136533629767474
BSU_10230,yhfH,287.902373816311,1.72168381922995,0.316659068066932,5.43702673585219,5.41770114074762e-08,3.82951044744852e-07
BSU_10240,yhfI,128.027998533743,0.323753935279455,0.258260623465303,1.25359387325629,0.209989659265309,0.332560377776529
BSU_10250,lplJ,298.032916598259,-0.0539560750164996,0.198693626189307,-0.271554131107822,0.785964872486995,0.858787281490716
BSU_10260,yhfK,444.628522033548,-0.0984785272861542,0.200241925796043,-0.491797743627675,0.622862331791303,0.73578584614278
BSU_10270,lcfB,760.560792076371,-0.658246429698755,0.194754229144369,-3.3798825965972,0.0007251679900595,0.0027041036500416
BSU_10280,yhfM,88.9574951771759,-5.44921626097774,0.648211773895003,-8.40653699983612,4.22294146012438e-17,6.46572627092542e-16
BSU_10290,yhfN,678.252840754389,-3.00437674798526,0.240013834140234,-12.5175149122024,5.9880750986738396e-36,2.16219411687948e-34
BSU_10300,aprE,22264.8941727092,-0.364855257673705,0.150797792303739,-2.41949999466046,0.015541860959634,0.0408634002051543
BSU_10310,yhfO,70.1906624893651,-1.3020795829267,0.345168215474463,-3.7723044143473,0.0001617467464559,0.0006939095568255
BSU_10320,yhfP,427.177519139708,-0.710257914474989,0.186895595615459,-3.80029241532452,0.0001445254431684,0.0006281130845024
BSU_10330,yhfQ,574.805234149195,0.396788810373444,0.199909062944707,1.98484653236153,0.0471615485948778,0.103626262708725
BSU_10340,phoE,375.301702854419,1.06901334508134,0.209807114014049,5.09521972171903,3.48337015619089e-07,2.29383630498102e-06
BSU_10350,yhfS,309.271243178525,2.98878262871161,0.371590328908923,8.04321963245757,8.75082805042343e-16,1.20538569836226e-14
BSU_10360,yhfT,693.637308548613,2.37903311758099,0.247819851174193,9.59984886726752,8.00617311229813e-22,1.65984440648745e-20
BSU_10370,bioY,156.467551278213,2.64194081529347,0.541514945511852,4.87879575105031,1.06735523918835e-06,6.46832202993441e-06
BSU_10380,hemAT,1441.31774935979,0.484051403662517,0.216829803712185,2.23240253588494,0.0255883703677842,0.0623941523937022
BSU_10390,yhfW,325.704624824111,-5.27053878966932,0.520739472064042,-10.1212584649645,4.44661033669527e-24,1.02484907387769e-22
BSU_10400,yhxC,62.0398127494065,-4.38097109594879,0.560917915967118,-7.81036043107173,5.70246744837169e-15,7.37575864292374e-14
BSU_10410,yhzC,21766.6600344153,-0.284759354676923,0.242624406662838,-1.17366327070565,0.240529927495502,0.368795532851384
BSU_10420,comK,335.222097371732,1.31761925841077,0.280129975830322,4.70359965764203,2.55614237238518e-06,1.48197983034139e-05
BSU_10430,yhxD,25.0408527409508,-0.529754656878149,0.599883991397131,-0.883095172525525,0.377184852219807,0.515240215847548
BSU_10440,yhjA,2293.774179223,0.687468945914847,0.139611612128838,4.92415305168477,8.47265058550996e-07,5.19999928994542e-06
BSU_10450,yhjB,640.854130618271,0.871692069586819,0.248920258762441,3.50189283074273,0.0004619653979317,0.0018180709075735
BSU_10460,yhjC,75.5154672731803,0.285863494133119,0.330947036835659,0.863774146057917,0.38771197306045,0.527173508742408
BSU_10470,yhjD,11.2336365449686,0.127705292943348,0.887918909814694,0.143825400643849,0.885638344593955,0.927373355999422
BSU_10480,yhjE,275.935161018485,-0.414436875399981,0.293006259600794,-1.41443010795957,0.157235655168458,0.26865224520699
BSU_10490,sipV,352.464628876658,-0.250872824374484,0.195400346599469,-1.28389139907066,0.199179957099066,0.319741826459888
BSU_10500,yhjG,37.7573129055311,-0.660936593457115,0.683330806530196,-0.967227859685129,0.333430137863591,0.471371219368007
BSU_10510,yhjH,102.606124141154,0.158659993160351,0.318000438693935,0.498930107807353,0.61782862273213,0.732235071744616
BSU_10520,glcP,82.787683909357,-0.0593359451615601,0.336570983612485,-0.176295486095371,0.860061808070597,0.910492991539188
BSU_10530,ntdC,152.850389579963,-0.228031946838238,0.376549117460737,-0.605583538147622,0.544791336413612,0.672277084020134
BSU_10540,ntdB,53.7566902451446,0.119026923511706,0.394149840566125,0.301983944331286,0.762664302482796,0.84065744661866
BSU_10550,ntdA,27.8152743995136,0.904882895247144,0.528238943461882,1.7130181453811,0.0867092014162321,0.168631494495751
BSU_10560,ntdR,2696.4834949085,0.473263386336476,0.179229695292108,2.64054115343527,0.0082773739095996,0.023457070732698
BSU_10570,yhjN,150.935183632546,2.15829002383747,0.33982136703835,6.35124872413894,2.13574058575421e-10,1.89246706709059e-09
BSU_10580,yhjO,4.87088300919141,3.26001140931696,1.53162986975838,2.12845901851681,0.0332990443191608,0.0781607578737399
BSU_10590,yhjP,148.720180113574,1.2860782116221,0.26100775146717,4.92735638843225,8.33496434685321e-07,5.13002848223224e-06
BSU_10600,yhjQ,14.1900429413899,-6.28406327064418,1.30452776194044,-4.81711731553864,1.45647063713932e-06,8.68072526922239e-06
BSU_10610,yhjR,66.3640531501406,-6.33575793514369,0.777892019339438,-8.14477816667127,3.79977877743752e-16,5.415934685077881e-15
BSU_10620,addB,886.55785375521,0.601842270636192,0.164657739968945,3.65511072087896,0.0002570710077533,0.00106592217856
BSU_10630,addA,1574.43910658183,0.596230410854208,0.1707608123684,3.49161146860732,0.0004801160834923,0.0018792619600474
BSU_10640,sbcD,209.195896692522,1.09600699374599,0.305300361558058,3.58993021872843,0.0003307664970501,0.001344475827128
BSU_10650,sbcC,948.824779573006,0.664227291086779,0.163313031807438,4.06720323378706,4.75807443193527e-05,0.0002300975057318
BSU_10660,hlpB,171.276649204398,0.0747132999708214,0.316253914207967,0.236244664853983,0.813242822678354,0.878976802601252
BSU_10670,gerPF,65.6966944711058,-0.286784049640419,0.441688381542377,-0.649290453688115,0.51615065497433,0.644518959078897
BSU_10680,gerPE,98.5844736460556,-0.0652714631661835,0.431272091361908,-0.151346364565496,0.879702496848009,0.923667352043778
BSU_10690,gerPD,14.8129217328535,-0.147428493853466,0.664081372586673,-0.222003657893934,0.824311035796108,0.886507748350592
BSU_10700,gerPC,217.896195314696,-0.715247232491973,0.278495319898568,-2.56825584269235,0.0102211687513632,0.0281732342237001
BSU_10710,gerPB,29.4340364053103,-0.761512040995647,0.604549535542554,-1.25963547439041,0.20780089225985,0.329893450052726
BSU_10720,gerPA,42.9727416994448,-0.503270390014998,0.532896673752425,-0.944405200488845,0.344962624975494,0.482560036604436
BSU_10730,pchI,99.6014184201257,-1.24523245154776,0.307865046410215,-4.04473475007147,5.23823975094646e-05,0.000251912240187
BSU_10740,yisJ,0.677944747201447,1.33717325598206,3.46798267428466,0.385576682922119,0.699810204687245,
BSU_10750,mblK,1048.49832363892,-1.02140957366075,0.177957774406323,-5.73961759787249,9.4890572199434e-09,7.34215802393121e-08
BSU_10760,yisL,159.204169664843,-0.406618244030774,0.311555451174877,-1.30512318913829,0.191850903735391,0.311786465608002
BSU_10770,wprA,1697.26694964693,0.015336536898468,0.199955627918109,0.0766997011194354,0.938862442314168,0.962406189388997
BSU_10780,yisN,24.403796010215,-2.30827807495638,0.755224311706171,-3.05641388813559,0.002240018128382,0.0074489628167914
BSU_10790,asnO,295.965350056251,-7.25099401318477,1.13619868350286,-6.38180110438976,1.75017185953678e-10,1.5733391426084801e-09
BSU_10800,yizA,126.011848637372,-1.41484079510144,0.310933262527371,-4.55030376486944,5.35685252529147e-06,2.99113943197009e-05
BSU_10810,farP,51.2318986747011,0.28628064636176,0.375105507922994,0.763200327147771,0.445343933722096,0.580702757995138
BSU_10820,yisQ,10.4990469412503,-0.269724660746432,0.978763313072932,-0.275577003289593,0.782872974664784,0.856829463284102
BSU_10830,yisR,137.27666909496,-0.151647776631095,0.292730632603525,-0.518045464809579,0.604426548503258,0.721680968493969
BSU_10840,iolQ,295.465832275287,0.101122271491815,0.196642785713349,0.514243485338046,0.607081768441714,0.723455803811317
BSU_10850,iolX,1122.87930097618,1.32418934076559,0.16109515192071,8.21992049405276,2.0363813624168001e-16,2.9809596092405304e-15
BSU_10860,yisT,2706.51566875857,-2.00546164847387,0.163154402329834,-12.291802242759,1.00245854115221e-34,3.56037119574796e-33
BSU_10870,yisU,61.8083658322194,0.589508874063728,0.347639388424367,1.69574821983092,0.0899335723892242,0.173038263393654
BSU_10880,yisV,130.042595860723,0.589111674168691,0.326589726623613,1.80382794112697,0.0712582841649779,0.144548630184832
BSU_10890,yisX,393.816316625341,0.750022332028723,0.197746075166234,3.79285571861905,0.0001489246940517,0.000642719820046
BSU_10900,yisY,95.9063496347911,-1.5541158480127,0.368075266504314,-4.22227731510584,2.4184629388595e-05,0.000122851112709
BSU_10910,yisZ,4.1375639585116,-0.210072982269851,1.51383173081064,-0.13876904413766,0.889632656464398,0.929179563051804
BSU_10920,yitA,10.431186531219,-1.40673502485779,0.988275211181126,-1.42342437505495,0.154613170566726,0.26479797156744
BSU_10930,yitB,5.22369055859876,-0.948159335919759,1.2554508155869,-0.755234155052512,0.45010849854912,0.585505891387972
BSU_10940,slpH,14.7103278434278,0.87540787091058,0.968402765921782,0.903970849440229,0.366010858790605,0.504429087512625
BSU_10950,slpS,13.8607078413426,-0.435533398375438,0.739065036608125,-0.589303209869433,0.555657892003759,0.682058256672036
BSU_10960,yitE,55.1229901818907,-5.69166918067556,0.89211119643067,-6.37999971690512,1.7708831112717601e-10,1.58866180561916e-09
BSU_10970,yitF,21.7316235544312,-1.63878288490538,0.727333346937139,-2.25313866304417,0.0242504073539674,0.059613681839416
BSU_10980,yitG,32.1142617270331,-0.475726148344255,0.565451327894738,-0.841321126816444,0.400168058148068,0.537985788382121
BSU_10990,yitH,383.19666037447,0.525386659004996,0.178145287122514,2.9492032457961,0.00318594377364,0.0102105727597501
BSU_11000,yitI,230.858597654588,0.365695931341586,0.215129762916752,1.69988534540011,0.0891524939376251,0.172146950192393
BSU_11010,samT,316.569541087265,0.365459278082215,0.26543660795693,1.37682319290907,0.168566918387617,0.284060401902769
BSU_misc_RNA_12,mswK,554.200507933795,0.0555356426124118,0.196488873645586,0.28264013927111,0.777452707664716,0.851757922202583
BSU_11020,yitK,615.710340965734,0.562491832546719,0.233594805604426,2.40798090989769,0.016041019782472,0.0420228166369112
BSU_11030,yitL,407.530466823128,-0.0325947625148156,0.185818266214292,-0.175412047366895,0.860755874919999,0.910941739439484
BSU_11040,yitM,3417.02869425136,-0.571413912511866,0.272843352105149,-2.094292963721,0.0362338907563216,0.0838682952174901
BSU_11055,yitO,136.596305027365,-0.680474023253374,0.30050861677352,-2.26440769173091,0.0235490513312681,0.0582827546346792
BSU_11070,yitP,52.027672056331,-1.223756585805,0.596648376431551,-2.05105156427991,0.0402619254679727,0.0918667314653636
BSU_11079,yizB,127.537406847932,0.636366155123883,0.300928689951139,2.11467426129163,0.0344577195329297,0.0804013455768359
BSU_11080,yitQ,264.061375403629,0.0615843577000832,0.250192826957728,0.246147575247984,0.805567996020755,0.873068065722344
BSU_11090,yitR,158.59477203342,-0.568283541685653,0.289345585122624,-1.96403045667628,0.0495265600091364,0.107568212791773
BSU_11100,nprB,391.457004706848,-0.172110890095085,0.218164845212371,-0.788902950553489,0.430168731079331,0.565809560374118
BSU_11110,fakBB,538.475345908051,0.66502457264319,0.196997790415671,3.37579711549032,0.0007360217289066,0.0027398472090657
BSU_11120,yitT,1311.0066240783,-1.29623087530551,0.146084321668488,-8.87316900609687,7.109331784615271e-19,1.24212639607814e-17
BSU_11130,ipi,799.114763441148,-1.68394572695189,0.179150120975104,-9.39963488601778,5.4752734937171504e-21,1.0735004546731401e-19
BSU_11139,yizC,215.960852980807,-0.0367878331887101,0.257881484645866,-0.142654030549067,0.886563423601251,0.927740724838482
BSU_11140,ribZC,940.064383320228,-0.527027828232962,0.19073871523011,-2.76308785868222,0.0057257351821822,0.0169812529393536
BSU_11150,yitV,130.544078050536,0.732357204988728,0.358937294739422,2.04034859492769,0.0413156179592723,0.0937280484908519
BSU_11160,yitW,2158.93152811134,-0.0664256020552944,0.142608251977656,-0.465790731841395,0.641365299777178,0.750739061488504
BSU_11170,yitY,381.919197321664,0.62019433518637,0.236974874660175,2.61713118775033,0.0088672254611937,0.0248988367792543
BSU_11180,yitZ,35.1360447543923,1.83592172350781,0.561802801191094,3.26791130200031,0.0010834431428463,0.0039088752189452
BSU_11190,argC,28472.7693424381,0.0697559091561317,0.204558058556857,0.341007876434958,0.733097652224265,0.820146867745153
BSU_11200,argJ,36023.3198724088,0.279534484052088,0.210801282607848,1.32605684649511,0.184820868582836,0.303667341821322
BSU_11210,argB,23380.4146229614,0.344784234022292,0.181974119553957,1.894688293409,0.0581337095728692,0.122695257466752
BSU_11220,argD,35804.3319521344,0.394573937076586,0.173858224679819,2.26951550784119,0.0232369952511627,0.0576666096353309
BSU_11230,carA,63502.1490435654,0.179248740716587,0.201073025655994,0.891460901489863,0.372681958023699,0.510376398266968
BSU_11240,carB,150350.019892491,0.315728274067005,0.182016454825193,1.73461390823279,0.0828092143307602,0.163022410583909
BSU_11250,argF,57773.8715350157,0.237543698887208,0.182856923718082,1.29906866011505,0.193920367249958,0.314003326712871
BSU_11260,yjzC,81.9325819792024,0.0275973236223317,0.358153944938314,0.0770543617133265,0.938580299080792,0.962344636989368
BSU_11270,yjzD,484.956226242068,-0.0419092660189477,0.281312460705835,-0.148977638295133,0.881571278092569,0.925126749327949
BSU_11280,yjaU,27.037844581178,0.677386350889241,0.510893467929463,1.32588571475485,0.184877555440721,0.303667341821322
BSU_11290,yjaV,87.9988831618747,-3.41930525781366,0.498704528124477,-6.85637499758213,7.06298265149146e-12,7.1840149833128e-11
BSU_11300,med,324.317109703652,0.757977151963009,0.209407725581189,3.61962363069138,0.0002950318267339,0.0012117278722638
BSU_11310,comZ,68.0862578413246,0.389222338907756,0.468141143810512,0.831420916648377,0.405735886880041,0.543447789134844
BSU_11320,yjzB,4.43664513283139,-0.415178556316821,1.34989377893496,-0.307563871169469,0.75841421499541,0.837464014672556
BSU_11330,fabHA,513.368775946512,0.366292683638728,0.196125093283551,1.86764823157613,0.0618111188726803,0.129292435012381
BSU_11340,fabF,1553.7766462591,0.252780362850432,0.150168167325297,1.68331522820582,0.0923140839900827,0.176833300587546
BSU_11350,yjaZ,91.9141929443937,-1.31907319392599,0.316596477157608,-4.16641778761591,3.09423408461698e-05,0.000154818894788
BSU_11360,appD,8317.79979518507,0.513647040334178,0.13638578787946,3.76613317502076,0.0001657953799025,0.0007105750555072
BSU_11370,appF,9990.13397518452,0.752843834145655,0.167687662683554,4.48956006719683,7.13704202010342e-06,3.885025511697e-05
BSU_11390,appB,15437.4260086841,0.695729903334548,0.200309596489397,3.47327295111083,0.0005141521791569,0.0019944685696393
BSU_11400,appC,17450.4379789823,0.828487288212721,0.182340727767772,4.54362170402149,5.52958555199509e-06,3.07965221038492e-05
BSU_11410,yjbA,2114.26419359012,-2.14048374930922,0.182564908862574,-11.7245080812352,9.54539222014134e-32,3.0411900360200298e-30
BSU_11420,trpS,209.162882744254,0.315530792155162,0.230050936972861,1.37156925464896,0.170197570459004,0.286172321613839
BSU_misc_RNA_13,tboWA,296.594551617633,-0.459261930154762,0.342747972321329,-1.33994061888775,0.180264651096949,0.297556850744031
BSU_11430,oppA,34907.5570371898,0.770531573073775,0.18354854570395,4.19797155089742,2.69316454068717e-05,0.0001358496153061
BSU_11440,oppB,687.136764796247,1.26725255145356,0.274215448562241,4.6213754844885,3.81204104607161e-06,2.15915998073573e-05
BSU_11450,oppC,1297.96629941787,1.23596132278986,0.241617263655415,5.11536843059581,3.13129149100334e-07,2.06512724969825e-06
BSU_11460,oppD,2081.99679890632,1.11829226747386,0.235761998442277,4.74331009604017,2.10254042807767e-06,1.23445903453395e-05
BSU_11470,oppF,1141.79478375642,1.06116345776177,0.239705194337753,4.42695228484099,9.55738634083277e-06,5.12816357997643e-05
BSU_11480,yjbB,118.128234256983,-1.12335834908336,0.290630753979808,-3.86524252406338,0.0001109788687691,0.0004957437509036
BSU_11490,yjbC,1600.26403514231,-2.72259777257355,0.266040284556039,-10.2337801100948,1.3994771612204301e-24,3.38767292713304e-23
BSU_11500,spxA,8241.67243357389,-0.851160848301346,0.203437375751849,-4.18389612604709,2.86555085639409e-05,0.000144209429277
BSU_11510,yjbE,212.607997368802,-5.57615356565567,0.403057489005784,-13.8346357970182,1.57532303066748e-43,6.894822921093139e-42
BSU_11515,BSU_11515,12.0513571679441,-1.36154218107734,1.16333435406424,-1.17037907143431,0.241848454056884,0.370162257657535
BSU_11520,mecA,4356.65554309171,-0.591772063425091,0.143614620083002,-4.12055585345751,3.7795942371509e-05,0.0001869518473695
BSU_11525,BSU_11525,0.0,,,,,
BSU_11530,coiA,72.9930299236099,-1.1969492297202,0.360244900278211,-3.32259867883158,0.0008918312107988,0.003280394428176
BSU_11540,pepF,4563.94490547993,-1.29271735990666,0.145374140944217,-8.89234737010553,5.983130827183291e-19,1.05385796236525e-17
BSU_11549,yizD,35.0882232838238,-7.63491840283804,1.16596305230152,-6.54816495923031,5.824836028106089e-11,5.48674228473558e-10
BSU_misc_RNA_67,roxS,1.27636797461308,-0.417263835119581,3.0093496674898,-0.138655816446759,0.889722134110762,0.929179563051804
BSU_11550,spxH,773.889849980602,-0.0066498566114529,0.163517681807204,-0.0406675078680082,0.967560965121219,0.981718153982827
BSU_11560,yjbI,460.753335488653,-0.11621963865343,0.215201902305434,-0.540049309083152,0.589163027565123,0.710227429749276
BSU_11570,cwlQ,1172.12859382581,0.583072538218066,0.19829019326706,2.94050113427836,0.0032768180181892,0.0104400385829515
BSU_11580,yjbK,196.354967556253,0.477978663454552,0.313069447270323,1.526749632141,0.126823280549621,0.225863244809498
BSU_11590,yjbL,88.6458765913905,0.183152460748515,0.29476933798637,0.621341629355572,0.534374868733677,0.662123622025457
BSU_11600,relP,239.142621893197,0.271704575243436,0.244951960595024,1.10921576044309,0.26733711521025,0.397110634283859
BSU_11610,ppnKA,213.732748615892,0.636586469047009,0.283939147391083,2.24198204050464,0.0249625330550272,0.0611088450437474
BSU_11620,yjbO,488.744602234769,0.519464708504156,0.186305954431312,2.78823460092723,0.0052996150595388,0.0158915100712676
BSU_11630,prpE,51.8384574648111,-0.1779380193959,0.417152436229085,-0.42655394992871,0.669704244952122,0.771837129606111
BSU_11640,kefQ,28.3726351099829,-1.58434335052193,0.624423027866861,-2.53729167537964,0.0111713834913336,0.0303705888176592
BSU_misc_RNA_14,tswA,49.7168509731734,-0.291143907258115,0.399622128864115,-0.728548011306736,0.466278189915535,0.602021274405248
BSU_11650,tenA,637.058537125343,0.408180467741575,0.2923442423807,1.39623227882843,0.162644559396438,0.276151597125692
BSU_11660,tenI,564.110691391477,0.653919679459922,0.368285372631248,1.77557874424372,0.0758023760216479,0.151850067176052
BSU_11670,thiO,871.087177259634,0.3330395048806,0.231019392583048,1.44160843449918,0.149412867671771,0.257617202817539
BSU_11680,thiS,184.733365661079,0.163866163306671,0.400622926461811,0.409028421697906,0.682518803614814,0.781997331060914
BSU_11690,thiG,939.745125855241,0.314893254071229,0.190829916601344,1.65012519881283,0.0989173318177928,0.186676306082969
BSU_11700,thiF,1176.65944959366,0.34771529860282,0.209786520994989,1.6574720670978,0.0974240716988475,0.1843399574983
BSU_11710,thiD,1146.48907777487,0.287694684874473,0.199112018671114,1.44488859484508,0.148489180383793,0.25654051778428
BSU_11720,fabI,1471.8578455772,0.803880748094003,0.227939138333412,3.52673417111083,0.000420718938892,0.0016693911741933
BSU_11730,cotO,1049.11100830629,-7.67110409079632,0.400955321642841,-19.1320670327192,1.3655090900121e-81,1.28625019283096e-79
BSU_11740,cotZ,135.495669384084,-7.82928820680469,0.737779249090257,-10.6119658643949,2.62173992498911e-26,6.84337294878181e-25
BSU_11750,cotY,59.3429669726777,-6.61566252389726,0.846495975565611,-7.81535023775726,5.481041047241171e-15,7.1319371945033e-14
BSU_11760,cotX,52.9605847600598,-0.734682630638536,0.46538281582309,-1.57866299669693,0.11441337660858,0.209443667446125
BSU_11770,cotW,10.6780151060394,-0.752003690637226,0.886819217753109,-0.847978568329339,0.396449906451081,0.534887975444438
BSU_11780,cotV,10.5111171212943,-3.6560359645536,1.27265947989493,-2.87275270589698,0.0040691249708481,0.0125491234866085
BSU_11790,yjcA,74.88565444843,-6.19209685010912,0.882808310987891,-7.0140898913604,2.3145056055848297e-12,2.5009358576057497e-11
BSU_11799,yjzK,0.0,,,,,
BSU_11800,yjcB,0.0,,,,,
BSU_11809,yjcZ,2.99101707404327,-4.63603278716876,2.17807609317083,-2.12849900042732,0.0332957327428089,0.0781607578737399
BSU_11810,spoVIF,8.86789527729952,-3.758770105707,1.37909628202695,-2.72553131691608,0.0064198085923098,0.018820724377861
BSU_11820,yjcD,49.5596386126511,0.058320491162235,0.492733724040498,0.118361070730043,0.905781569959424,0.941028972603907
BSU_11839,yjzE,404.77752387196,-2.20516462023514,0.274170173298187,-8.04305075824864,8.76290087662386e-16,1.20538569836226e-14
BSU_11840,yjcF,4496.7696416954,-0.230588504393636,0.215683871127842,-1.06910406971025,0.285022778045092,0.416540292459959
BSU_11850,yjcG,4784.96425580988,-0.33790961180589,0.171645829169587,-1.96864446657794,0.0489939325289802,0.10667874856687
BSU_11860,yjcH,5434.28590532039,-0.171805913333452,0.146755988711641,-1.17069098741198,0.241723009187975,0.370100988979327
BSU_misc_RNA_15,mswA,14.0769884556302,-0.594954195079166,0.685834725691987,-0.867489167275505,0.385674044643191,0.52468622776733
BSU_11870,metI,501.381516217515,0.373642296864693,0.252070288021176,1.48229408470904,0.138262061571143,0.242742914419677
BSU_11880,metC,592.286122166313,0.299685357690213,0.167873078106614,1.78519010356078,0.0742304866588001,0.149465196423288
BSU_11890,yjcK,666.451640402587,0.0823773673224317,0.167969365334151,0.490430901840664,0.623829014228913,0.736526190368904
BSU_11900,yjcL,663.146599803731,0.602971400924454,0.232553916843741,2.59282410336527,0.009519144209619,0.0264909774311364
BSU_tRNA_83,trnSL-Val2,0.671775558975856,-2.36157509272625,3.46996942667063,-0.680575187370494,0.496140331658122,
BSU_11910,yjcM,828.027990311817,2.07903869023889,0.275355818293379,7.55037138174348,4.34018828288368e-14,5.195037522026239e-13
BSU_11920,yjcN,705.42779096454,0.922801507794889,0.228978761842667,4.03007466879812,5.57591376323675e-05,0.0002669661252608
BSU_11928,yjzF,31.5322291289546,0.698769933349377,0.582391359929381,1.19982881173599,0.230205832019699,0.355862244074691
BSU_11929,yjzG,31.7426433130432,1.27265626617746,0.748596988214018,1.70005528503892,0.0891205269919437,0.172146950192393
BSU_11930,yjcO,143.76711253864,0.778887791052863,0.389639859313295,1.99899412864377,0.0456089891383927,0.101086317103149
BSU_11940,yjcP,333.498941873106,0.153072197851792,0.325062826334347,0.470900347412681,0.637711899938867,0.748302906848428
BSU_11950,yjcQ,745.159921468487,0.298249836368201,0.2605251520095,1.14480246558814,0.252290993768031,0.381562609422994
BSU_11960,yjcR,7.0671504570363,0.468238844576155,1.30803383661662,0.357971507669335,0.720364636130396,0.811159035434773
BSU_11970,yjcS,124.264609785366,0.463758549232714,0.307118348550219,1.5100320492798,0.131035246492353,0.232124171321081
BSU_11980,yjdA,400.95743504174,0.736579344791242,0.226355461835546,3.25408248963035,0.001137592417693,0.0040906124032067
BSU_11990,yjdB,1254.83819209066,-1.27105522588183,0.270240310254923,-4.70342572017777,2.55832197806452e-06,1.48197983034139e-05
BSU_12000,manR,215.307408478456,0.465498867320654,0.302968130268105,1.53646149814081,0.1244252337569,0.222782866887871
BSU_12010,manP,44.2628729163919,1.01003858919432,0.631240166574121,1.60008605706449,0.109579493670568,0.20239042884679
BSU_12020,manA,38.0389087947087,1.27651941083601,0.663826995442233,1.92297002020174,0.0544838150420523,0.116294763831139
BSU_12030,yjdF,223.433108049673,1.079102345492,0.274105636716035,3.93681194746794,8.25712623421211e-05,0.0003810237270803
BSU_12040,yjdG,415.814650869952,-0.155269476982493,0.273608273520027,-0.567488237782139,0.570382515681085,0.693683782524286
BSU_12050,yjdH,263.528394377959,-2.58753913322757,0.462491388299858,-5.59478338124197,2.20897393362555e-08,1.63615112041017e-07
BSU_12060,trnE,262.374124777789,0.54715001274038,0.207153809073506,2.64127420677179,0.0082594841124689,0.0234277594898017
BSU_12069,yjzH,89.8455170851106,-1.24301020977319,0.421764574020466,-2.94716599339819,0.0032070099980093,0.0102629057026399
BSU_12070,yjdJ,28.8995341738053,0.523888506046168,0.569464974231532,0.919966160786505,0.357590442949867,0.496615188878773
BSU_12080,ctaO,172.05097423379,0.8202006545931,0.238845456122391,3.43402243404122,0.0005946949746902,0.0022783495361034
BSU_12090,cotT,9.5781250792618,-0.845052347862394,1.03042433519322,-0.820101310693459,0.412158355108349,0.549651082746475
BSU_12100,pdaC,791.253883263041,1.02958163790246,0.179052476902324,5.75016696621357,8.91553584822718e-09,6.94802460977848e-08
BSU_12110,yjfA,241.723986615163,-0.914289667688781,0.34778820805177,-2.62886908331488,0.0085669334500721,0.0242143004821674
BSU_12120,yjfB,452.013034419989,1.79864294262107,0.236666860060752,7.59989354723918,2.96374445601537e-14,3.59717219269316e-13
BSU_12130,yjfC,2.1033551240357,2.33469377778149,2.62086375619907,0.890810814663409,0.37303067234315,0.51069254447484
BSU_12140,yjgA,130.863473352646,0.0298051207036959,0.267127311809451,0.111576463304346,0.911159235031669,0.944736292269017
BSU_12150,yjgB,16.1169445808162,-1.57959245831257,0.893775945081249,-1.76732487264353,0.077173836667418,0.15395682977897
BSU_12160,yjgC,61.0488721394224,-1.70091428399359,0.416326677456459,-4.08552796660858,4.3976702911219e-05,0.000214826441617
BSU_12170,yjgD,23.2605597576089,-2.411689383776,0.793818007093243,-3.03808853191298,0.002380839972925,0.0078629417703387
BSU_12180,yjhA,293.41970054432,-0.0489781019479424,0.249818083060054,-0.196055070745894,0.844567062078756,0.89870065815011
BSU_12190,yjhB,77.522882727259,-0.709242795700179,0.312371945895274,-2.27050733915126,0.023176818509372,0.0575502318630997
BSU_12200,yjiA,40.3667069624238,0.814913026351677,0.513251883457826,1.58774483370919,0.11234405052148,0.206192780932779
BSU_12210,cypE,511.982668189712,-0.015609737187889,0.171168920022405,-0.0911949271272247,0.927337705724857,0.954545553306393
BSU_12220,ppuG,402.526400430082,-0.107208296528926,0.180308467240668,-0.594582706899889,0.552122442343036,0.679257962144343
BSU_12229,yjzI,28.3267194507015,0.542355402089433,0.632085175135317,0.858041642842399,0.390869469312555,0.530087356902235
BSU_12230,yjjA,323.076023184792,0.551761880288227,0.209968412763733,2.62783279173091,0.008593074279065,0.0242565412711327
BSU_12240,yjkA,37.2444506407496,1.31509349893243,0.667260294741237,1.97088528913956,0.0487369981531481,0.106333037763137
BSU_12250,yjkB,41.8212110059331,0.74616212663953,0.464100140261876,1.60776104531771,0.107887523060733,0.199861751783735
BSU_12260,yjlA,179.410426642894,0.200030948877654,0.280628265327332,0.712796868997971,0.47597146336403,0.612346897492976
BSU_12270,yjlB,41.0028473029414,0.0190940657003558,0.460000453001078,0.041508797601795,0.966890279428207,0.981615646851551
BSU_12280,yjlC,527.827792673381,1.48085598786769,0.172875674579249,8.566017118787,1.07125966924356e-17,1.68791568975722e-16
BSU_12290,ndh,1799.4634115066,1.61790058106791,0.143787827506312,11.2519996242163,2.26400302126421e-29,6.761613040901169e-28
BSU_12300,uxaC,262.208136808615,-0.966730854101767,0.360140428659701,-2.68431638652609,0.0072678292358173,0.021022365873696
BSU_12310,exuM,46.105543056993,-0.566884775860827,0.600465691708665,-0.944075213102882,0.345131214732783,0.482560036604436
BSU_12320,yjmC,761.756446008945,-5.02581672351546,0.365062085923432,-13.7670191381352,4.02480120353028e-43,1.7439463614896699e-41
BSU_12330,yjmD,579.37185661497,-4.24385517111674,0.337858200676985,-12.5610542014759,3.45695817009448e-36,1.2587394748755799e-34
BSU_12340,uxuA,703.370988550761,-3.83105944610415,0.227694366136679,-16.8254468088352,1.58858741813411e-63,1.05897681273463e-61
BSU_12350,uxuB,433.98270141718,-3.35174055780253,0.284737231177453,-11.7713463179449,5.4842217667409e-32,1.8002373420672998e-30
BSU_12360,exuT,448.703563682796,-3.28711958381961,0.319768046003221,-10.279700004129,8.699796763801e-25,2.1297299083361402e-23
BSU_12370,exuR,973.937904251289,-1.62470813325918,0.236077814339213,-6.88208732280403,5.8981837022210296e-12,6.08495951945803e-11
BSU_12380,uxaB,61.463582132578,-1.29343929384736,0.384000469362101,-3.36832737729725,0.0007562573827629,0.0028103458314851
BSU_12390,uxaA,92.7133150429234,-1.11707903112157,0.392928073841263,-2.84296059632749,0.0044696595980621,0.0136579936801152
BSU_12400,yjnA,8.38355747463251,-0.241719018638111,1.05663117732706,-0.228763852349676,0.819052463429829,0.88253202267199
BSU_12410,yjoA,80.5212145950583,0.935047346427117,0.464188655712165,2.01436923311397,0.043970782084485,0.0983103192838357
BSU_12420,yjoB,565.28050029759,-0.927808945856293,0.230373533136433,-4.02741119270339,5.63943573674321e-05,0.0002697094376082
BSU_12430,rapA,119347.164456858,0.828502182449745,0.168589773732137,4.91430864464,8.90962969333168e-07,5.46045621799239e-06
BSU_12440,phrA,3156.18737834945,1.33380936196645,0.230923866725091,5.77597015363647,7.651093647019681e-09,6.01673117468898e-08
BSU_12450,yjpA,36.0833502813855,0.647585206180351,0.482695284315915,1.3416025124383,0.179724911137032,0.297118672245998
BSU_12460,xlyB,86.1827766378918,-0.557114214783154,0.335187510853607,-1.66209717469597,0.0964932919897435,0.183218858103225
BSU_12470,yjqA,112.983386756254,1.10239575434505,0.327101520690742,3.3701945255929,0.0007511513739648,0.0027937672990467
BSU_12480,pghB,52.2634969745771,1.30206711782902,0.537930681362153,2.42051097463323,0.0154987114526938,0.0407746913931526
BSU_12490,xpdC,76.300369241268,1.16443072220828,0.352776112974481,3.30076408062387,0.0009642192378435,0.0035168029945925
BSU_12500,xkdA,57.9990860952023,-0.65178793003881,0.358959758902185,-1.81576879824131,0.0694058454668079,0.141722680682224
BSU_12510,xre,527.216301362113,0.329707816647412,0.221295474502489,1.48989859548033,0.136250900933764,0.239503104967952
BSU_12519,yjzJ,0.736306439980049,-0.0917320719725591,3.44315055793739,-0.0266418997453051,0.978745353944619,
BSU_12520,xkdB,7.36709192998253,0.836824561418798,0.973867796580333,0.859279426178017,0.390186372155341,0.529826872625851
BSU_12530,xkdC,8.30896720082321,1.58947388516414,1.27523659384366,1.2464148949595,0.212612115701472,0.334877607173565
BSU_12539,ykzK,1.51864249227278,3.90246554608951,2.70969549386115,1.44018601164987,0.149814779713454,0.258110314313477
BSU_12540,xkdD,10.4016192377433,1.08854973875506,0.986514892617259,1.10342960547417,0.269840645896292,0.399733168775602
BSU_12550,xtrA,8.00571320226278,1.48593015279436,1.13734049928407,1.30649541955968,0.191384135676296,0.311400008033545
BSU_12560,xpf,4.48728788808171,0.927977705814369,1.29796729753918,0.714946907810179,0.474641850379862,0.611180724426729
BSU_12570,xtmA,57.3650140667284,-2.87831036611389,0.628860243353288,-4.57702708437379,4.71630417888041e-06,2.63687045252759e-05
BSU_12580,xtmB,44.2982872339645,-1.64428191220184,0.535907197326639,-3.06822136445322,0.0021533703924287,0.0072217909523171
BSU_12590,xkdE,75.6395638516683,-1.56521777498381,0.522751878342671,-2.99418871520111,0.002751756861112,0.0089313576623208
BSU_12600,xkdF,132.700999370396,-2.14760488788876,0.292646315005706,-7.33856801800797,2.15891187531891e-13,2.50122062988151e-12
BSU_12610,xkdG,150.075139869178,-1.76334926153468,0.290192189066629,-6.07648767944544,1.22843437822413e-09,1.02756875691991e-08
BSU_12619,ykzL,46.1721480201731,-1.04101059046055,0.561970278330031,-1.85242997824377,0.0639641038301377,0.132865034465957
BSU_12620,xkdH,30.6601297994996,-1.2682528708738,0.657388686069484,-1.92922832070121,0.0537025237886899,0.114740155609661
BSU_12630,xkdI,42.3342797986628,-1.35328613257004,0.462134710766098,-2.928336913552,0.0034078055655523,0.0108255289703361
BSU_12640,xkdJ,29.0925530752591,-1.90287785532459,0.719211755573331,-2.64578247029302,0.0081502208731875,0.0231725111834132
BSU_12649,ykzM,15.0025715465518,-2.29237894897584,1.13498400145175,-2.01974560526288,0.0434097819580893,0.0975088570370144
BSU_12650,xkdK,144.278248329654,-1.6981074797633,0.350821974798519,-4.84036805487609,1.29598879646616e-06,7.76697020067482e-06
BSU_12660,xkdM,86.932582619888,-1.91789615887773,0.36987822208593,-5.18520973757727,2.15771899652117e-07,1.44951882355445e-06
BSU_12671,xkdN,46.4744566090787,-1.91055510923449,0.546284832981302,-3.49736070614995,0.0004698860269774,0.0018458895329949
BSU_12672,xkzB,2.10658262370842,-0.791352234768094,2.2671836720399,-0.349046371728707,0.727054496596403,0.816644332874399
BSU_12680,xkdO,146.085167480701,-0.715710854458509,0.325633274862679,-2.19790454387785,0.0279559090372384,0.0671468702097305
BSU_12690,xkdP,24.6886346631422,-0.894386092188466,0.690717613043269,-1.29486504368673,0.195366789149509,0.315601713948963
BSU_12700,xkdQ,37.2421407318505,-0.879387204661149,0.606787689911454,-1.44925023905721,0.147267712077361,0.254734928715053
BSU_12710,xkdR,6.57569353238613,-0.563563071235221,1.77366299602673,-0.317739656573818,0.75068242724707,0.832959528107952
BSU_12720,xkdS,10.34669677189,-0.0170664508197997,1.30513858928799,-0.0130763514004366,0.989566878435062,0.994616860185368
BSU_12730,xkdT,18.6327379689466,-1.11154946108595,0.667827735662701,-1.66442542249751,0.096027443142313,0.182494259270019
BSU_12740,xkdU,19.1993037079298,-0.24123049081109,0.771299406160801,-0.312758558977547,0.754464102060819,0.834924609363341
BSU_12749,xkzA,9.87342929662473,-1.1028656274753,1.23701663809603,-0.89155278394056,0.372632687477011,0.510376398266968
BSU_12750,xkdV,148.318397421012,-1.38512335358831,0.301332434333825,-4.5966620110128,4.2931318124306e-06,2.41586235626777e-05
BSU_12760,xkdW,26.1033842699897,0.0034511440331388,1.03925222606277,0.0033207954205819,0.99735039347417,0.998041398365723
BSU_12770,xkdX,8.92823991880669,-1.32831907710673,1.30068943884178,-1.02124230230512,0.307139654886721,0.442432222281968
BSU_12780,xepA,25.9349946630591,-0.761728094582893,0.592898315633475,-1.28475334555308,0.198878490305454,0.319741826459888
BSU_12790,xhlA,24.2408349947853,-0.509622560641503,0.62156261742452,-0.819905422808651,0.412270025138713,0.549651082746475
BSU_12800,xhlB,16.1198999631461,-1.19348924129211,1.07375080481594,-1.11151417623077,0.266347091498809,0.39645549552193
BSU_12810,xlyA,129.819436041847,-1.35153292957721,0.349304750656433,-3.86920855510077,0.0001091892148828,0.0004882527018445
BSU_12815,spoIISC,78.8567514831309,-0.0298623829755382,0.410770240618773,-0.0726985064218731,0.942046037108754,0.963845449537717
BSU_12820,spoIISB,779.258799938218,0.340518874256359,0.183216305703962,1.8585620583714,0.0630892393060109,0.131362649645817
BSU_12830,spoIISA,704.166981826875,-0.0143439043061485,0.184698290344029,-0.0776612727677704,0.938097500879598,0.962344636989368
BSU_12840,pitB,248.689384239128,0.499736596120139,0.251030351258944,1.99074173148349,0.0465092882683265,0.102348779109527
BSU_12850,ykaA,187.053166030117,0.681230249433026,0.244807232976685,2.78272108691292,0.0053905124460741,0.0161305873127342
BSU_12860,steT,35.0614248173995,0.974720150731467,0.605081557675088,1.6108905293307,0.107203584582723,0.199105500213004
BSU_12870,mhqA,679.613360339624,-0.610199675206975,0.196685159952871,-3.10241848115632,0.0019194640474963,0.006512950444637
BSU_12875,BSU_12875,0.0,,,,,
BSU_12880,ykcB,9.519305594104,-0.352034712110933,1.03373899111135,-0.340545065183686,0.733446091386378,0.820146867745153
BSU_12890,ykcC,7.31972703136354,0.58143495448822,1.43351589680997,0.4056006325302,0.685036064028785,0.783802816328683
BSU_12900,htrA,776.716633963616,-0.0260527126367351,0.158778503519276,-0.164082114765443,0.869666501332264,0.916852785954428
BSU_12910,proCC,193.421238257018,0.31427056186881,0.234674183620565,1.33917824713493,0.180512652209095,0.297852750198784
BSU_12920,dppA,6711.034734599,0.79783981696444,0.196154204081658,4.06741125279325,4.75383039804094e-05,0.0002300975057318
BSU_12930,dppB,7769.524764312,0.838921201122678,0.24826548564725,3.379129398255,0.0007271577362659,0.0027091783931559
BSU_12940,dppC,8943.5759702656,0.568035957327006,0.220007410742433,2.58189465259431,0.0098259573945293,0.0272050309204444
BSU_12950,dppD,10008.833226248,0.538268357205088,0.194610694073473,2.76587244995833,0.0056770734996477,0.0168600133474803
BSU_12960,dppE,46474.8237085608,0.263015747594322,0.190747858200499,1.37886605949652,0.167936054464199,0.283469779506574
BSU_12970,ldcA,4015.73789245294,0.900869567419873,0.214561861830039,4.19864723271967,2.68514243803956e-05,0.0001356028226576
BSU_12980,aeeB,5479.59177188598,0.838461545878944,0.223734096406642,3.74758054022764,0.0001785485143993,0.0007613134519027
BSU_12990,eepC,6338.40611764072,0.831566819297664,0.211964053638191,3.92315019940642,8.73986258125976e-05,0.0004007388842814
BSU_13000,ykfD,7525.8966706854,0.831755365282934,0.211260342529414,3.93711074839864,8.24685523690764e-05,0.0003809554769884
BSU_13010,pgl,563.169090258459,-0.062530639100386,0.190871121735762,-0.327606599320729,0.743209131550508,0.827848742970214
BSU_13020,ddaH,36.9844566626965,-2.65658206703944,0.518352957548755,-5.12504467921274,2.97467197864649e-07,1.97385201890892e-06
BSU_13030,ykhA,522.573978695492,1.45027498681932,0.214281680682193,6.7680773372795,1.3050499661238899e-11,1.2969682346823002e-10
BSU_13040,hmpA,17.0335476978624,-0.093549096388303,0.618380678392828,-0.151280755782081,0.879754249223326,0.923667352043778
BSU_13050,ykzH,3.35939165991184,-0.264744415620468,3.23390331554502,-0.0818652847003404,0.934753840540878,0.95978397892503
BSU_13060,ykjA,6.94273981245213,-3.45341106685979,1.45923288230805,-2.36659350863693,0.0179526385117026,0.0463580349649627
BSU_13070,ykkA,58.3260971230442,-0.610038706663686,0.419147637460138,-1.45542680464638,0.145551140201204,0.252673513818837
BSU_13080,ykkB,105.108003455142,-1.19295617641696,0.307029148310571,-3.88548182796717,0.0001021271324946,0.0004624000680242
BSU_misc_RNA_16,gdwA,40.3393214636587,-1.78081803510512,0.498098557839773,-3.57523226493253,0.000349917106898,0.00141172329999
BSU_13090,gdnC,23.2004672735342,0.119754125904086,0.649363936845002,0.184417580203058,0.853685879334548,0.905956628742738
BSU_13100,gdnD,21.4184585993092,0.156169137350918,0.784101018440164,0.199169665232153,0.842130027660522,0.897954465494531
BSU_13110,purU,288.262150145261,0.400977737318629,0.202556333463724,1.97958627341782,0.0477500366468072,0.104653975109062
BSU_misc_RNA_17,pswB,833.871585734823,-0.159854267400532,0.239431282965758,-0.667641527124062,0.504362443083285,0.636772280268028
BSU_13120,proB,143.41351616593,0.202332566891305,0.331121029395653,0.611053206921326,0.541164356572583,0.668433625150799
BSU_13130,proA,232.975635093516,-0.745372804435476,0.210788351830558,-3.53611951496563,0.0004060509490046,0.001615497287605
BSU_13140,ohrA,23.1898639270905,-2.02669541949295,0.839115167928981,-2.41527682605838,0.0157232546696631,0.0412842825660579
BSU_13150,ohrR,106.666196902721,-0.08548383974706,0.321742308698205,-0.265690390837731,0.790477664483223,0.861237043048983
BSU_13160,ohrB,252.227626529469,-2.62473950478278,0.44993554071257,-5.83359007520486,5.42473002918223e-09,4.32879469916143e-08
BSU_13169,ykzN,3.63532491350632,-2.968221075911,1.61148628526447,-1.84191519534022,0.0654875555652942,0.135315964837587
BSU_13170,guaN,97.0944559635347,-1.03033138218633,0.513525979210106,-2.00638609125709,0.0448150711082537,0.0997604055119037
BSU_13180,metE,184.616222953248,0.0890785485561203,0.278450139829629,0.319908435350844,0.749037743164469,0.831560476846438
BSU_misc_RNA_18,mswB,1530.93314459385,-1.77296194449725,0.19629570457718,-9.03209750980644,1.6841226029546602e-19,3.04054301608439e-18
BSU_13190,ispA,4413.85673571762,-2.25104078153665,0.182815142818047,-12.3132074665011,7.69049466131407e-35,2.75395978243586e-33
BSU_13200,rsbRB,376.024336457457,0.603232772173761,0.210782456765226,2.86187371298008,0.0042114467709293,0.0129419850059837
BSU_13210,thiX,97.8344850477396,0.350157198928195,0.346320857328742,1.01107742002328,0.311979376601692,0.447026004899184
BSU_13220,thiW,194.645219860288,0.220382932587536,0.373156335016576,0.590591427525267,0.554794210075279,0.681577349661521
BSU_13230,thiV,69.1189173822187,0.0533255594391745,0.365413690515756,0.145932023958679,0.883975050738594,0.926820252589516
BSU_13240,thiU,88.0687866769897,0.472252494827392,0.377116183787524,1.25227321215541,0.210470326485983,0.332956525981658
BSU_misc_RNA_19,tswB,5.61029499650974,-0.6032877241334,1.0899512346087,-0.55349973923373,0.57992125909936,0.701899110524449
BSU_13250,ykoG,33.8730533142207,-1.01825347379216,0.504389637138892,-2.01878349358667,0.0435097274180923,0.0976414647177307
BSU_13260,ykoH,54.1361795403335,-0.511386416742422,0.442570853569442,-1.15549049969731,0.247889620818086,0.37701148719016
BSU_13270,ykoI,35.4611064928907,-0.60750518004322,0.442623766829138,-1.37250917273435,0.169904985346827,0.285791266113277
BSU_13280,ykoJ,1963.51311707719,-0.347875173586975,0.153631285714559,-2.26435111812651,0.0235525278941434,0.0582827546346792
BSU_13290,ykzD,12.8513140537442,-0.947363743580706,1.11914509461948,-0.846506630941201,0.397270176302908,0.535585461705196
BSU_misc_RNA_68,swmG,68.4840072764038,0.479955300284594,0.368705809655682,1.30172969265877,0.19300880549471,0.312982810752175
BSU_13300,mgtE,184.543655046064,-0.131502911430451,0.222509978870025,-0.590997815460971,0.554521884665546,0.681577349661521
BSU_13310,tnrA,366.484294251129,-0.049511800619293,0.213974215848764,-0.231391433883266,0.817010719381784,0.881281415753365
BSU_13320,ykzB,2.50911149934741,-1.11370556709025,2.02315801869925,-0.550478784552027,0.581991024383488,0.703549369452701
BSU_13330,ykoL,3.94370984575576,-2.4603131143573,1.59021322140167,-1.54715926219548,0.121824846593739,0.219304968961642
BSU_13340,ykoM,10554.7493567481,-2.08214999904828,0.149113305269945,-13.9635426582416,2.60172985874293e-44,1.1503362732584799e-42
BSU_13350,ykoN,13.2795257614063,-0.830096270588145,0.920018249710332,-0.902260657165769,0.366918419696058,0.50519781142136
BSU_13360,ykoP,37.1855170171937,-3.6558249109286,0.600669030429038,-6.08625503518529,1.1558227919424102e-09,9.72462166502224e-09
BSU_13370,ykoQ,46.8898925020428,0.347908357588917,0.464445834791216,0.74908273802329,0.453807338578266,0.589609354740518
BSU_13380,ykoS,38.1139109188847,-3.49288525009348,0.856338964640094,-4.07885824926988,4.52574200124438e-05,0.0002203375291167
BSU_13390,ykoT,40.465805094326,-2.25969668184071,0.622828514094637,-3.62812014977425,0.000285492401446,0.0011758921820014
BSU_13400,ligD,71.5705736227248,0.69870874251726,0.378106694988824,1.84791423102919,0.0646147514766027,0.133900274027914
BSU_13410,ligV,26.9058276201877,0.97109015811635,0.857456529840347,1.13252406894278,0.257414171205938,0.386725564525892
BSU_13420,dgcW,223.003521236607,1.43626708800664,0.248866969806196,5.77122423729083,7.869766561766351e-09,6.15518023684722e-08
BSU_13430,ykoX,173.901038211162,0.024510951949802,0.267928644887154,0.0914831333548735,0.927108707666024,0.954545553306393
BSU_misc_RNA_87,mnrW,0.208572543231765,-1.32601430811086,3.51174462056573,-0.377594173660965,0.705732093564892,
BSU_13440,ykoY,258.795464870772,0.0479947298886228,0.309675892758549,0.154983745945132,0.876834131324622,0.92171816861465
BSU_13450,sigI,730.860781814192,-0.597191149450863,0.373190399229432,-1.60023181379786,0.109547166975497,0.20239042884679
BSU_13460,rsgI,882.480161091968,-0.149262704223104,0.298708990685409,-0.499692707208476,0.617291468346104,0.731994144693744
BSU_13470,sspD,7.27639259185543,1.22425323895319,1.14613394242087,1.0681589591242,0.285448814083015,0.417009343028221
BSU_13480,htpK,152.795336536825,0.945124178734242,0.295658802340779,3.19667187735167,0.0013902297257335,0.0048815765004891
BSU_13490,htpX,1522.35281014241,-1.2822619492691,0.1769546521064,-7.24627430816622,4.2839207652869297e-13,4.8465349023468e-12
BSU_13500,ktrD,81.6072115854372,0.924610427005091,0.46621075748892,1.98324558614902,0.0473400041705706,0.103912987877955
BSU_13509,ykzP,0.0894946312195396,0.618380788489009,3.52501470935649,0.175426442008209,0.860744565017176,
BSU_13510,ykzE,1.44378058521601,-2.65170980988397,3.43452346916919,-0.772075029822236,0.44006999045871,0.575384209009533
BSU_13520,ykrP,15.2421197615852,-4.31037400335699,1.07139828794697,-4.02312944854204,5.74299101809048e-05,0.0002743592070715
BSU_13530,kinE,2134.73248555643,-1.58710069690882,0.175889855590289,-9.02326454008666,1.82566029104708e-19,3.28240084693237e-18
BSU_13540,ogt,485.927120555173,-1.06626702048911,0.259770217667254,-4.10465460615241,4.04919397988316e-05,0.0001993767899412
BSU_13545,BSU_13545,190.627239155581,-1.42562971963347,0.361799459246385,-3.94038654066262,8.1350420044786e-05,0.0003761914301537
BSU_13550,mtnA,33091.512338567,0.136332039636559,0.191415731689868,0.712230068202779,0.476322320398069,0.612616388923964
BSU_13560,mtnK,24790.3830715916,0.174754125043154,0.212897247010794,0.820837880699759,0.411738618351527,0.549619049081074
BSU_misc_RNA_20,mswC,3770.94687858332,-0.0562790325265318,0.148862920177054,-0.378059441932181,0.705386436805481,0.80053416204247
BSU_13570,mtnU,722.037560015588,-0.190265059739282,0.175193653399109,-1.08602712511417,0.27746699165395,0.407962156374811
BSU_13580,mtnE,899.460254003392,0.388519964991537,0.1644438921072,2.36262934434965,0.0181458080797211,0.0467732221352955
BSU_misc_RNA_21,mswD,88.4386916403165,0.179600826473911,0.36167900114383,0.496575211460753,0.61948863722134,0.733400072426247
BSU_13590,mtnW,697.883623342066,0.0365645635476781,0.157423584088059,0.232268651228425,0.816329359367108,0.880765715671733
BSU_13600,mtnX,424.443966282877,-0.160315339451174,0.202135814957482,-0.793107047778224,0.427715456986555,0.563554732534948
BSU_13610,mtnB,528.725713712806,0.200699596759922,0.224128288735777,0.895467492711392,0.370537235494404,0.508564409691876
BSU_13620,mtnD,1010.93916410408,0.0243757984487256,0.17298225842437,0.140915020249796,0.88793707610858,0.927986336415455
BSU_13630,ykvA,460.961470210804,-0.116460131806981,0.21224445752071,-0.54870752889091,0.583206178538492,0.70430110691396
BSU_13640,spo0E,2223.2685779603,0.341527711142432,0.153190667338899,2.229428966367,0.0257853767127735,0.0627685602789031
BSU_13650,eag,267.183555726233,-0.102645282140144,0.28788124159985,-0.356554256782104,0.721425527204658,0.812142584925378
BSU_13660,kinD,2837.80796386239,0.182605011030878,0.182062679554846,1.00297881739057,0.315871081746992,0.451408112536187
BSU_13670,mhqR,569.694013212505,0.806200337209824,0.181645961645028,4.43830586658073,9.06697114708249e-06,4.88039577395136e-05
BSU_13680,motB,1188.23865302904,1.07755228457482,0.167004694309589,6.45222751988802,1.10217937611851e-10,1.00541962878348e-09
BSU_13690,motA,732.80973061144,1.20269623336672,0.18088348716268,6.64901065449419,2.95069641159433e-11,2.86026119718976e-10
BSU_13700,clpE,155.755894176244,-0.161388425007661,0.306353390123888,-0.526804762768892,0.598329175133429,0.71716744560253
BSU_13710,ykvI,206.188508681155,-4.78263384816533,0.371080486548056,-12.888400283872,5.23177958399496e-38,2.0422793637342498e-36
BSU_misc_RNA_22,qswA,13.7141050972608,-5.71369996640378,1.39639528705924,-4.09174967815642,4.2813065726747e-05,0.0002103276800385
BSU_13720,queC,21.4410447436768,0.405798288690742,0.566880904672963,0.715843990061456,0.474087686275235,0.610648616120866
BSU_13730,queD,11.4798225405145,0.836275132709806,1.13827689290818,0.734685152549493,0.462531264761773,0.598253125436645
BSU_13740,queE,28.1097465251874,-0.587857696085549,0.572017525007158,-1.02769175835687,0.304094845868885,0.439345124221699
BSU_13750,queF,95.6309697100793,0.478261953084724,0.300700315099235,1.59049368779973,0.111723567324419,0.205561875675884
BSU_13760,ykvN,143.963521833962,-0.391210450462205,0.291579737668039,-1.34169285421196,0.179695604929414,0.297118672245998
BSU_13770,ykvO,44.4321292318997,-0.323458223794592,0.45439763810564,-0.71183957985141,0.476564120168244,0.612656738491747
BSU_13780,ykvP,22.6494848276503,-0.655992081148943,0.950470618499944,-0.69017607528389,0.490083466788605,0.624751886318042
BSU_13789,ykzQ,4.77748124952052,-1.75567023350999,1.46621866940188,-1.19741363969004,0.231145369898643,0.357096095457054
BSU_13800,ykvR,35.778918879679,0.462343508264832,0.428861817123475,1.07807104714038,0.2810020512112,0.412180733885622
BSU_13810,ykvS,413.560056874434,-1.03069802107744,0.352683645691411,-2.92244348063498,0.0034729664676169,0.0109922306093382
BSU_13819,ykzS,15.5640347116586,1.2607816704892,0.673829975148796,1.87106795035468,0.0613356632143564,0.128514230516347
BSU_13820,ykvT,8.61015571412471,0.828947769392479,1.16101492168989,0.713985456953404,0.475236172295654,0.611764211098357
BSU_13830,ykvU,201.469156912828,-6.10839071894741,0.652869734693714,-9.356216706558,8.26429782364389e-21,1.59152010977107e-19
BSU_13840,stoA,146.013860704672,-3.34520486101412,0.411355892053618,-8.13214281267203,4.21767504267215e-16,5.95282930289851e-15
BSU_13850,pfeT,1044.43407702491,-1.5466840209357,0.182147871183363,-8.49136479546714,2.0422442388088302e-17,3.18310945566858e-16
BSU_13860,papB,570.134242294487,0.348279128105359,0.228372424004149,1.52504896168651,0.127246885928884,0.226431522270987
BSU_13870,ykvZ,204.927773790199,-0.166056285876593,0.255404010543512,-0.650171019332146,0.515581758717547,0.644266625720178
BSU_13880,glcT,294.931980637244,0.363684443713288,0.261114987258777,1.39281336368816,0.163676236205254,0.277685642708444
BSU_misc_RNA_88,gswA,5.60544661050631,0.907860147279103,1.20481900475987,0.753524092575258,0.451135039212057,0.586665103513159
BSU_13890,ptsG,59.1781337502066,-0.375017465007746,0.396995450515815,-0.944639200576447,0.34484310672982,0.482560036604436
BSU_13900,ptsH,347.49428852091,0.0540850024368287,0.186939048847075,0.289318913145176,0.772337340314829,0.848083551845959
BSU_13910,ptsI,2514.38081088249,0.487911938525334,0.179756857635766,2.71428831668815,0.0066418332952434,0.0194453132893849
BSU_13920,splA,2.22843150981072,-1.79764281332559,2.24958735287233,-0.799098915198965,0.424233058624623,0.560777700814938
BSU_13930,splB,33.1769480388524,-1.56117897671615,0.689892038804509,-2.26293229795994,0.0236398630460905,0.0584321315337765
BSU_13940,ykwB,3114.08494910009,0.498450301280847,0.180927815152743,2.75496778016163,0.0058697915494161,0.0173728188412705
BSU_13950,mcpC,4707.54783015231,1.06044336699975,0.184617953073773,5.74398832477575,9.247216665933431e-09,7.19357088213457e-08
BSU_13960,ohaC,592.122473816352,1.75205727522959,0.169633507300235,10.3284858228429,5.23808878818563e-25,1.30440452409243e-23
BSU_13970,ykwD,68.7542248654717,-0.176737003055003,0.472188536394499,-0.374293294802363,0.708186120115816,0.802590624173525
BSU_13980,pbpH,3511.24472379213,-0.302194423056068,0.162181192799707,-1.86331360522966,0.062418157090778,0.130278359669721
BSU_13990,kinA,1432.2274946514,-0.852192376269607,0.238191966870884,-3.57775447872913,0.0003465587506613,0.0013996216414613
BSU_14000,dapX,4108.62169308758,-1.09402429186387,0.16663034817448,-6.56557646220788,5.1831947680741096e-11,4.90366439521073e-10
BSU_14009,ykzT,103.505132576285,1.10050730307762,0.34630797386873,3.17782836699791,0.001483825602036,0.0051724990616427
BSU_14010,cheV,1697.18017699426,0.893066119403084,0.251737346655892,3.54761075885909,0.000388742262844,0.0015553280008339
BSU_14020,kre,895.664573389511,0.83495454714866,0.263859708273594,3.16438819936427,0.0015540935681507,0.0053871099446377
BSU_14030,ykuC,313.630177866671,-0.432010599505387,0.315886420442812,-1.36761371033232,0.171433022617195,0.287728269357959
BSU_14040,ltdD,60.9493042507746,-0.35259057036423,0.397774242853539,-0.886408752449199,0.375397304514892,0.513486477895425
BSU_14050,ppeE,115.313841558732,0.0044629609835632,0.289588677869461,0.0154113793964522,0.987703985059834,0.993435786273041
BSU_14060,fadH,304.796243426581,-1.00285707603731,0.343465704854318,-2.91981720988031,0.0035023674979818,0.0110529922569229
BSU_14071,ykuG,1257.86763131133,-0.821822087087969,0.232272420554473,-3.53818195516343,0.0004028923197633,0.0016074884176194
BSU_14072,ykzU,407.409550247778,-1.00112994466164,0.23773093914362,-4.21118912106273,2.54029962406688e-05,0.0001287382253927
BSU_14080,ykuH,257.947492180499,0.613175851006575,0.324396221848252,1.8902065120025,0.0587303461046643,0.123551919174715
BSU_14090,ykuI,764.894265390064,0.63654136651763,0.186805921590959,3.40750101012022,0.0006556066586904,0.0024823915926067
BSU_misc_RNA_69,fsrA,1.07158316937989,-1.4251080438696,3.20294741752265,-0.444936446996644,0.656365682565651,
BSU_14100,ykuJ,235.030842763481,-0.419175386366196,0.264943432784741,-1.58213163451673,0.113619523218225,0.208254396829345
BSU_14110,ykuK,428.657222320732,-0.114527022347857,0.237439615171706,-0.482341677756831,0.629563244757054,0.741881299845611
BSU_14120,abbA,6614.46785225692,0.442026099896915,0.147919408405483,2.98829007404635,0.002805431515343,0.0090715931014785
BSU_14130,ykuL,400.924373068119,-0.041063831006819,0.19920707891765,-0.20613640453909,0.83668436266279,0.894928003805942
BSU_14140,ccpC,1742.49178421656,0.721994169555744,0.194330910157562,3.71528219041612,0.0002029770439041,0.0008572120187492
BSU_14150,fldN,5.13248739462901,-0.843033677262791,1.41884289129673,-0.594169856602174,0.552398511695886,0.679404698035275
BSU_14160,ykuO,17.5011074705164,0.816673335888999,0.960953405098001,0.849857372434944,0.395404387666873,0.534033859214753
BSU_14170,fldP,26.0211190620907,1.54442567998824,0.588248363607557,2.62546532304268,0.00865306224588,0.0243940915493808
BSU_14180,dapH,308.313993663872,1.20036066042142,0.252198224799213,4.75959202875867,1.93984661422622e-06,1.14670605449416e-05
BSU_14190,dapI,169.908056356931,0.469782738940939,0.300332043381682,1.56421117657401,0.117767983331904,0.214316955807282
BSU_14200,ykuS,244.147668519742,-2.68691828772062,0.527574949750203,-5.09296032533923,3.52515487568313e-07,2.31782945012671e-06
BSU_14210,mscT,29.4693625844201,-0.135524323071911,0.530056894256776,-0.255678823425055,0.798198848238141,0.867903540631334
BSU_14220,ahpA,658.120527768284,0.263652969697804,0.166389693084347,1.58455109093897,0.113068364813092,0.207331876739369
BSU_14230,ykuV,572.827779477367,0.38647916312915,0.191819337546577,2.01480814224638,0.0439247555859554,0.098258113553921
BSU_14240,rok,8554.25666280267,-0.0145537859763883,0.153073143130653,-0.0950773315209594,0.924253403322046,0.952387632959435
BSU_14250,sppO,611.528354339206,-7.58771942831368,0.513267138809461,-14.7831779098768,1.88078485821402e-49,9.476093942606239e-48
BSU_14260,mobA,113.097348189222,0.369128248027588,0.307527910340853,1.20030812038641,0.230019697200794,0.355701408983241
BSU_14270,moeB,293.239428339637,0.749415283935663,0.261079256798054,2.87045126880892,0.0040988637023538,0.0126318466730434
BSU_14280,moeA,309.049969014045,0.501928828849993,0.219774818704237,2.283832296208,0.0223813888277864,0.0557348033280451
BSU_14290,mobB,191.814891320252,0.610645891888532,0.311705635872143,1.95904668255344,0.0501073199874962,0.108666174927838
BSU_14300,moaE,260.24098514124,0.120676756927545,0.223513825722245,0.539907348181256,0.589260930059692,0.710227429749276
BSU_14310,moaD,108.016884644658,0.0309974940353076,0.330911583440425,0.0936730401306371,0.925368886946863,0.953083762096686
BSU_14320,yknU,206.641779454748,-0.371395587420582,0.239422222595341,-1.55121602077972,0.120849924086058,0.21818446711037
BSU_14330,yknV,288.568448932758,-0.775329108596995,0.232552189092597,-3.3340004737099,0.0008560651197762,0.0031622593043395
BSU_14340,skiW,2314.3190848979,-1.00620950650222,0.185987805042496,-5.41008323783548,6.29954619662015e-08,4.42397628362319e-07
BSU_14350,skiX,1173.53874147781,-0.628217887896845,0.221565125842476,-2.83536448034464,0.0045773430587688,0.0139771863802998
BSU_14360,skiY,443.073653107038,-0.174077985115112,0.287709634348584,-0.605047465682716,0.545147458837475,0.672277084020134
BSU_14370,skiZ,625.617292622921,0.0678965352208405,0.250606092724386,0.270929307754351,0.786445403405299,0.858787281490716
BSU_14380,fruR,544.551988720449,-0.390956372875846,0.216121005662363,-1.80896980225338,0.0704556949032974,0.143393389392197
BSU_14390,fruK,621.264430521919,-0.435859989319871,0.274486798083914,-1.58790875321669,0.112306973879116,0.206192780932779
BSU_14400,fruA,1190.57599205351,-0.339811622513473,0.185291042674322,-1.83393442882582,0.0666637281706471,0.13717742486795
BSU_14410,sipT,661.862125900385,-0.115122967080557,0.174675810856411,-0.659066452968648,0.509853096756265,0.640345932824607
BSU_14420,ykoA,22.754194925747,-1.29403717280654,0.592409221557865,-2.1843636555886,0.0289355366514842,0.0690786117415322
BSU_14430,ykpA,2696.73300729621,-0.274260617886199,0.162817859821386,-1.68446273760794,0.0920922749503871,0.176486434038048
BSU_14440,panE,696.195150749385,-0.432888423768481,0.187612078117954,-2.30735903632131,0.0210348128807575,0.0530214335150217
BSU_14450,ampS,582.585971884753,0.295247628171955,0.165603977799413,1.78285348030451,0.074610157389956,0.150086263681838
BSU_14460,ykpC,82.6694275624137,0.955329538467076,0.703570154771372,1.35783124396104,0.174517238416661,0.291512410971239
BSU_14470,mreBH,133.242083076552,0.872622434289632,0.504426155186443,1.72993098259764,0.08364260697461,0.164381841497749
BSU_14480,abhA,820.841283613041,-1.94938483784149,0.366619545144891,-5.31718743219507,1.05383498586962e-07,7.2595659678427e-07
BSU_14490,kinC,479.040706898751,1.2577299575369,0.247750702544344,5.07659491827992,3.84258880384245e-07,2.50752067576044e-06
BSU_14500,ykqA,162.621148563619,1.85751168426296,0.301379967293584,6.16335485381979,7.12196603781224e-10,6.0508782042824405e-09
BSU_14510,ktrC,1109.91740669631,0.541072674259591,0.166713081340106,3.24553220365334,0.0011723130425206,0.0041911158525099
BSU_14520,adeC,453.171006841633,1.01994482102455,0.179322716582447,5.68776137492659,1.28715507590112e-08,9.75042472706219e-08
BSU_14530,rnjA,5021.64168199091,0.031096390972317,0.178184587744138,0.174517848967776,0.861458504557829,0.911081205821107
BSU_14540,rnpZA,869.42380152232,-0.34475709868456,0.168994557641019,-2.04004852876326,0.0413454924980518,0.0937467394003446
BSU_14550,ykrA,310.878564729502,0.544891841176222,0.211260096178792,2.57924639357862,0.0099016133315053,0.0273795089760131
BSU_14560,defB,180.347214304528,-0.165611685472439,0.250328939869094,-0.661576266647568,0.508242821921736,0.639421298100096
BSU_14569,ykzV,0.0,,,,,
BSU_14568,BSU_14568,0.0894946312195396,0.618380788489009,3.52501470935649,0.175426442008209,0.860744565017176,
BSU_14570,ykyA,152.195668689352,0.717942920995228,0.247818573187008,2.89705049852521,0.003766891159702,0.0117762910497755
BSU_14580,pdhA,523.513359186386,-0.252382832869417,0.265440792508971,-0.950806507484667,0.341702608551218,0.479002718489948
BSU_14590,pdhB,541.929824307754,0.0413793165945786,0.208531295529977,0.198432165730396,0.842706953157156,0.898164352449778
BSU_14600,pdhC,2015.88361155843,0.176870332029933,0.145505584804499,1.21555699918718,0.224153723190844,0.348495903331872
BSU_14610,pdhD,2593.08443084919,0.170162172789651,0.135693637525618,1.25401732824449,0.209835707147218,0.332438069129395
BSU_14620,slp,2.93967383966933,1.51721941275081,1.66149398227934,0.913165758608047,0.361155369727123,0.499963647612659
BSU_misc_RNA_70,srrA,10.2557437721325,-2.32559159950414,1.61304413946094,-1.44174083189151,0.149375500082859,0.257617202817539
BSU_14629,rgpA,0.0,,,,,
BSU_14630,speA,250.695632061441,0.550825721192244,0.243452509433593,2.2625592255088,0.0236628740405083,0.0584556631798873
BSU_14640,yktA,263.489423543708,0.86780514536254,0.216628791639877,4.00595478926539,6.17674637349775e-05,0.0002931417528627
BSU_14650,yktB,482.342518165341,0.0471203431583444,0.175787821636324,0.268052375413289,0.788659003600775,0.860277585917924
BSU_14660,ykzI,122.789625594851,-1.91376975848505,0.45419775260803,-4.21351657399462,2.51425128145295e-05,0.0001275673396081
BSU_14670,suhB,449.1772851289,-0.170325272478971,0.249800242420518,-0.681845905466506,0.495336393654239,0.629411317801706
BSU_14680,ykzC,169.123197080243,-0.146487499375904,0.331548620046616,-0.441828107610004,0.658613597355212,0.764881457341232
BSU_14690,yktD,496.276719224856,0.85124574667165,0.2353346450103,3.61717139707328,0.0002978400892268,0.0012197931064461
BSU_14700,nprE,1668.62267543264,0.98184992165897,0.254205851121133,3.86242062221889,0.0001122690496235,0.0004999607317767
BSU_14710,ylaA,32.5305298146742,0.312379203172915,0.48935738235548,0.638345745739656,0.523248639679201,0.651879343223111
BSU_14720,ylaB,1.255305219189,0.73201803388465,2.92303545297705,0.250430775014756,0.80225423265459,0.870579089498979
BSU_14730,sigP,28.5444405592219,0.132195201015847,0.598468636251777,0.220889104304259,0.825178781395986,0.887220759252805
BSU_14740,sigQ,25.3665599340799,-0.7671461191612,0.688732163048318,-1.1138526125538,0.265342421627287,0.395231596050545
BSU_14750,ylaE,38.2128513875518,0.914669398765848,0.548983825155164,1.66611356629192,0.0956907969611753,0.182254164058362
BSU_14760,ylaF,206.680478163535,-0.444593266283575,0.350387967744938,-1.26885997012093,0.204491011574118,0.325757188658329
BSU_14770,bipA,2044.80976684762,0.401672107387759,0.144779837285265,2.77436495937159,0.0055309591266859,0.0164939063289265
BSU_14780,ylaH,496.018308839526,-0.611432965546144,0.198148008790174,-3.08573863184066,0.0020304721966439,0.0068520529813537
BSU_14790,ylaI,142.3677446885,0.261761799060901,0.270429539448643,0.967948248533003,0.333070216181705,0.471169848748066
BSU_14800,ylaJ,206.357079513665,-1.61573412926565,0.303510888506807,-5.32347994898843,1.01800679009061e-07,7.03512507410307e-07
BSU_14810,ylaK,1590.82163123756,-5.51358241415414,0.190207010033055,-28.9872724101807,9.520301554699019e-185,5.8930666623586905e-182
BSU_14820,ylaL,410.613908351034,0.796681600034914,0.299393822374121,2.66098209280813,0.0077913100700777,0.0222728351005928
BSU_14830,glsB,541.27334031956,-3.29579028302205,0.27948441845707,-11.7923936554921,4.2722330160363703e-32,1.4130981418691299e-30
BSU_14840,ylaN,5879.03201179043,0.258912043376192,0.162846289835366,1.58991674687796,0.111853572235148,0.205713721772027
BSU_14850,ftsW,1790.84905126043,0.0505366476857645,0.181861655422936,0.277885118598732,0.781100547812683,0.855105779098625
BSU_14860,pycA,50917.6007486815,0.469215436875394,0.201501941279593,2.32859015598434,0.0198807880601833,0.0505536705779192
BSU_14870,ctaA,520.997620331026,0.710216687981727,0.16962108845775,4.18707776514846,2.82569030698058e-05,0.0001423687918621
BSU_14880,ctaB,4270.15248973805,0.212425062615089,0.162783134426689,1.3049574414649,0.191907339897655,0.311786465608002
BSU_14890,ctaC,8216.78624329914,0.25277705026556,0.151257969916623,1.6711651650812,0.0946890587889244,0.180663888917838
BSU_14900,ctaD,11762.3995812404,0.327414162455934,0.181480021770556,1.80413336554412,0.0712104022488973,0.144522095055959
BSU_14910,ctaE,3192.42244049766,0.178055561999465,0.225477830510307,0.789681014743156,0.429714081599673,0.565598759286569
BSU_14920,ctaF,1148.90224163355,0.0374716924021304,0.16537750624452,0.226582763599824,0.820748196387043,0.883772846656326
BSU_14930,ctaG,4145.67063656447,0.220562253971066,0.206785683015666,1.06662246029072,0.286142354015955,0.417881638001729
BSU_14940,ylbA,4029.87025874905,0.131059844211182,0.13986908457382,0.937017959404822,0.348749319879617,0.486956901795159
BSU_14950,ylbB,528.152986936196,-0.979013224029126,0.250230665470777,-3.91244303405915,9.13670952132409e-05,0.0004176093075516
BSU_14960,ylbC,1478.78350052726,-1.12732533778023,0.228175619154065,-4.94060382945234,7.78810067888671e-07,4.80026176978892e-06
BSU_14970,ylbD,7.72941050595792,-0.837751360457362,0.913561874237492,-0.917016552553263,0.359133966409411,0.497960792464633
BSU_14980,ylbE,5.86077843959431,-2.7945323463372,1.47238297966179,-1.89796566853761,0.0577006046931296,0.121899912303915
BSU_14990,ricF,567.900554844316,0.501544674817618,0.178998357280426,2.80195127171965,0.0050794545190333,0.0153161283444477
BSU_15000,ylbG,129.312188791247,0.762108076365821,0.329761658931711,2.31108758621221,0.0208280175271823,0.0525307333790924
BSU_misc_RNA_23,csfG,14.0152340416168,2.67649419195448,1.20973781162326,2.21245807664976,0.0269350298566731,0.0651009293839502
BSU_15010,rsmD,106.775846212089,1.14115572483189,0.464475828794694,2.45686783700493,0.0140154237458188,0.0371657473014889
BSU_15020,coaD,121.00441524587,1.4546623792733,0.457382873447228,3.18040412906088,0.0014706979372171,0.0051391404531952
BSU_15030,spoVV,227.2883875113,-7.74706095925266,1.17477873272596,-6.59448519405555,4.2673399555589394e-11,4.07277181221076e-10
BSU_15040,ylbK,226.502221362208,-0.255505399134801,0.261985218509091,-0.975266469569675,0.329428098245616,0.46739094620113
BSU_15050,ylbL,273.265222705547,-0.726762035035548,0.219442624863693,-3.31185445620228,0.0009267974909986,0.0034003501511408
BSU_15060,ylbM,269.978360850641,-0.112658908700862,0.264320386114668,-0.426221035603315,0.669946790779733,0.771837129606111
BSU_15069,ylzH,1.57754927588565,-3.38857837617281,3.28234828740377,-1.03236405142523,0.301901605803013,0.436920393435022
BSU_15070,ylbN,788.904223226901,0.348813671333249,0.163495430814733,2.13347657237292,0.0328856514889988,0.0773580498924167
BSU_15080,rpmF,1495.77607433741,0.562296380558382,0.21649823729722,2.59723306562738,0.0093978133439783,0.0262206859107909
BSU_15090,gerR,3678.86384478137,-7.21187160437316,0.194323534312961,-37.1127029459969,1.75291064820695e-301,2.53178727956025e-298
BSU_15100,ylbP,11845.5902587902,-0.356726771749668,0.132417685032431,-2.69395112640958,0.0070610517737075,0.020520145764906
BSU_15110,panE,287.656408781748,-0.310291289990404,0.200203815865943,-1.54987700233534,0.121171040471968,0.218582064265212
BSU_15120,bshC,644.347250777095,-0.354139692598076,0.168743613724141,-2.09868500965623,0.0358446769658198,0.0830561418678594
BSU_15130,mraZ,2933.07743204616,-0.865433672630964,0.153106201915894,-5.65250565817297,1.58125591605421e-08,1.18951074379564e-07
BSU_15140,rsmH,4980.49960663534,-0.54109215278464,0.179760010616199,-3.01008077897765,0.0026117821773841,0.0085153139011328
BSU_15150,ftsL,1995.54759113579,-0.593453421953442,0.152933229143048,-3.88047401652879,0.0001042530826723,0.0004695723567767
BSU_15160,pbpB,2393.47876339701,-0.295009400580477,0.16745240820079,-1.76175071920575,0.0781114243692827,0.1553979806208
BSU_15170,spoVD,980.578390937204,-5.69093281887417,0.270466533314377,-21.0411718933792,2.7548507280788802e-98,3.31576894576828e-96
BSU_15180,murE,249.913833440835,0.343819968060931,0.22816245876636,1.50690858575032,0.131834090416042,0.233348494188199
BSU_15190,mraY,154.334626706564,0.609258966463688,0.31980949697688,1.9050683992281,0.0567711805215207,0.12052402018606
BSU_15200,murD,251.356457143507,0.664809187407042,0.258968704096875,2.56714103630974,0.0102540896383714,0.0282398998184135
BSU_15210,spoVE,630.689082111979,-2.36043880967362,0.257742295428591,-9.15813528295203,5.28017943839097e-20,9.69449894345258e-19
BSU_15220,murG,564.347885276195,-2.26437010211858,0.203259426667632,-11.1402956273278,7.985383689647239e-29,2.32219245149272e-27
BSU_15230,murB,839.050058706858,-2.31184867206564,0.231250818314234,-9.99714807030086,1.56849128532514e-23,3.5213848390227097e-22
BSU_15240,divIB,610.529689315555,-0.809996619995374,0.226399752312997,-3.57772750067127,0.0003465945121827,0.0013996216414613
BSU_15250,ylxW,565.364098821441,-0.399546351559888,0.217181845620349,-1.83968577308403,0.0658143834492679,0.135926464959808
BSU_15260,ylxX,603.016665246399,-0.0011687481461746,0.203159314798055,-0.0057528651705504,0.995409903018611,0.996897027756794
BSU_15270,sbp,160.072881086378,0.282433360534846,0.307952070517112,0.917134150326007,0.359072347724982,0.497960792464633
BSU_15280,ftsA,6034.16362932362,-0.827146755719017,0.208612421302119,-3.96499283482799,7.33981518056017e-05,0.0003427092583768
BSU_15290,ftsZ,10136.7894213915,-0.838944265533833,0.172180613975943,-4.87246645345945,1.10213574865583e-06,6.66046610728829e-06
BSU_15300,bpr,20213.2498275787,-1.90617974105984,0.201103736608853,-9.47858937483276,2.57743655384029e-21,5.1703854573101705e-20
BSU_15310,spoIIGA,2575.43818763536,-2.93449830870085,0.150544460174957,-19.4925692070667,1.26944681620485e-84,1.22233623435902e-82
BSU_15320,sigE,1449.36204765302,-2.69515502931525,0.185343550008862,-14.5414017870402,6.622253514829629e-48,3.1882471644174202e-46
BSU_15330,sigG,3274.94491652626,-2.95484208953868,0.165583759728171,-17.8449993791026,3.16106664905212e-71,2.40296522637593e-69
BSU_15340,ylmA,373.485656567605,1.27626185581082,0.255666772106318,4.99189568240059,5.97895466584369e-07,3.75461022711605e-06
BSU_misc_RNA_24,tswE,78.3068314159748,0.504989748285736,0.414694815115981,1.21773827373391,0.223323447630332,0.347704095789518
BSU_15350,thiQ,347.677447213747,0.921857368221811,0.285988467845215,3.22340748620936,0.0012667520995572,0.0044843438295601
BSU_15360,ylmC,303.208968725825,-1.22886827594698,0.287684952550009,-4.27157647646992,1.94095940233068e-05,0.0001004800130262
BSU_15370,ylmD,2062.94202364115,-0.301641409355012,0.183381377247955,-1.64488572330414,0.0999933796189877,0.188133440681317
BSU_15380,ylmE,2091.98211746002,-0.178808497910152,0.156074951826254,-1.14565787666688,0.251936739569047,0.381293011719414
BSU_15390,sepF,1381.43657288897,-0.0888344501520852,0.152613107297172,-0.582089256456228,0.5605065613644,0.685872615191174
BSU_15400,ylmG,1900.15768798255,-0.0486935480177576,0.160873216160319,-0.302682753412673,0.762131642400831,0.840497940066888
BSU_15410,ylmH,499.886590518143,0.998573058258406,0.23721328367989,4.20960008127514,2.55823104350591e-05,0.0001294955036391
BSU_15420,divIVA,1627.4889122681,0.891969093382846,0.166408816460259,5.36010718876703,8.31725878011274e-08,5.78470020774133e-07
BSU_misc_RNA_25,iswA,1696.90651280703,0.579412871764597,0.26563348193974,2.18124939496912,0.029164975157742,0.0695880161665728
BSU_15430,ileS,1463.62793720139,-0.0407114946162484,0.232699331566458,-0.174953208254582,0.861116400817938,0.910941739439484
BSU_15440,ylyA,8.28318219473222,-6.23682458819241,1.55819060564032,-4.00260697607624,6.26483256578085e-05,0.0002967445134633
BSU_15450,lspA,80.2388963711337,0.526930678186727,0.345627901178254,1.52456059360488,0.127368732573506,0.226555303054598
BSU_15460,rluD,64.4295371065425,2.03905131489542,0.688216050835395,2.96280697379887,0.003048476708781,0.0098135583797536
BSU_misc_RNA_26,pyaA,1.34535523099598,2.58186957565198,2.92676270293315,0.882158834764595,0.37769091953407,0.515606412835893
BSU_15470,pyrR,460.538200585902,-0.0660442753725939,0.210859398768177,-0.313214757124506,0.754117507541863,0.834924609363341
BSU_misc_RNA_27,pyaB,9.2059812245958,-1.21491111647559,1.15587876369844,-1.05107140526422,0.293225795948748,0.426242687922038
BSU_15480,pyrP,61.3124962555591,0.525323267102431,0.428808465664376,1.22507671645083,0.220546316929657,0.344618532728526
BSU_misc_RNA_28,pyaC,0.358183023848241,-0.964685324087747,3.48614948182366,-0.276719437625235,0.781995545415816,
BSU_15490,pyrB,5.37714086193905,-1.47263561928063,1.27978797737912,-1.15068718046285,0.249860952339793,0.378719316994956
BSU_15500,pyrC,18.5884387252295,-1.17946251882904,0.925180226403321,-1.27484622473424,0.202363675851901,0.323319250540667
BSU_15510,pyrAA,14.0839228092762,-0.54654417372833,0.733392133705965,-0.745227755534468,0.456134046494451,0.591922378993848
BSU_15520,pyrAB,79.0064860490581,-0.378139793897468,0.362100457995028,-1.04429526543891,0.29634880270312,0.430003855091899
BSU_15530,pyrK,38.551939961687,1.05520699265894,0.623704171173941,1.69183892208516,0.0906766901598976,0.174224407918048
BSU_15540,pyrD,21.5640262397129,-1.66215766139246,0.804619496877116,-2.06576856246166,0.0388503378657301,0.0893516528514908
BSU_15550,pyrF,15.2426996781726,-0.840286834131139,0.932250015048684,-0.901353521659378,0.367400385163563,0.505576903316524
BSU_15560,pyrE,21.8814851368531,-1.4259179795424,0.86204420768164,-1.65411236086978,0.0981046850342923,0.185304097756577
BSU_misc_RNA_29,mswE,52.9756065802806,0.106385458059273,0.418794375321066,0.254027905646328,0.799473999470595,0.868602193253333
BSU_15570,cysH,2060.44695228461,0.0740069918279101,0.165889381140839,0.446122538519079,0.655508732987564,0.762092658984468
BSU_15580,cysP,1327.47715437595,0.307200693083639,0.222916920109869,1.37809500029082,0.168173959014819,0.283649257936155
BSU_15590,sat,636.525106583442,-0.152874251222249,0.260720466125224,-0.586353091087309,0.55763826038285,0.683907891944209
BSU_15600,cysC,444.305467065306,-0.169391095588232,0.259908566714708,-0.651733406595122,0.514573167881008,0.64404169528693
BSU_15610,sumT,525.303053711693,-0.0836817398345308,0.16933288318457,-0.494184816680401,0.621175661712253,0.734467241635375
BSU_15620,sirB,994.863411452464,0.385723728361514,0.177589882400393,2.17199157490213,0.0298562984067758,0.0710419225681272
BSU_15630,sirC,990.109158784109,0.380658529576895,0.154108780135052,2.4700638681541,0.0135088931072877,0.0360653319986923
BSU_15640,fbnA,273.356950527098,0.78713769827118,0.206634463049898,3.80932438206642,0.0001393470417508,0.0006074353439701
BSU_15650,tcaB,1335.11487877596,-5.77443899365754,0.267886642581923,-21.5555316159209,4.6984299112056e-103,6.36196775164183e-101
BSU_15660,yloC,1615.33563896214,0.520848502977339,0.160086934964028,3.25353535623862,0.0011397854060204,0.0040950996387117
BSU_15670,remA,485.661932223232,0.289377891169862,0.176448319428656,1.64001500329884,0.101002047467825,0.189127861572206
BSU_15680,gmk,895.293274914541,-0.0832692282797973,0.16712451762733,-0.498246633480068,0.618310217266895,0.732605461147787
BSU_15690,rpoZ,305.4507164732,-3.78073304237239,0.502241763098349,-7.52771537565673,5.1635793755505905e-14,6.14664544897272e-13
BSU_15700,coaBC,1356.27698800248,2.90642284748466,0.146978991754419,19.7744100214055,4.9457864572294e-87,4.98374249283139e-85
BSU_15710,priA,1920.74641709713,2.30075188306056,0.175098264511159,13.1397754825487,1.94803876617874e-39,7.88864670453505e-38
BSU_15720,defA,499.017734551558,1.16071241429795,0.181410963747026,6.39824843175709,1.57169423775202e-10,1.41878148587073e-09
BSU_15730,fmt,1309.2877281598,1.57140783831552,0.17754205891185,8.85090466983783,8.6812688975887e-19,1.50463752533007e-17
BSU_15740,rsmB,2172.14106287991,1.29075699736776,0.169405419784913,7.61933708500344,2.5498180052994102e-14,3.11221448365137e-13
BSU_15750,rlmN,2101.00312324319,1.22621523625377,0.147542570683441,8.31092497964313,9.49589468732017e-17,1.42372704775634e-15
BSU_15760,prpC,982.351880000512,1.0159096469705,0.193073699754018,5.26177127317083,1.42674188140008e-07,9.72023989324932e-07
BSU_15770,prkC,2047.61636728325,1.46312440498203,0.200834579849585,7.2852215294689,3.21142160455283e-13,3.67152765502042e-12
BSU_15780,rsgA,1254.87338130898,1.15437267434101,0.144272380099383,8.00134213870886,1.23070296855051e-15,1.66644873835292e-14
BSU_15790,rpe,638.255207173933,1.38520371996608,0.17264778384964,8.02329279345086,1.02947572475161e-15,1.40274160860023e-14
BSU_15800,thiN,190.023738529857,-0.533396515337716,0.376780850786419,-1.41566779262908,0.156872792420972,0.268290089907069
BSU_15810,spoVM,331.038418231429,-3.94464207755515,0.386492447625543,-10.2062591437154,1.8589412814022e-24,4.45016164216339e-23
BSU_15820,rpmB,2142.41395665995,0.534190294409693,0.170674960592551,3.12986915336078,0.0017488418237683,0.0059808457950971
BSU_15830,yloU,690.034940427039,0.475173210931231,0.162489118738541,2.92433865492142,0.0034518897670017,0.0109404281979164
BSU_15840,yloV,3698.49458381047,0.582066443613617,0.152923960929556,3.80624749761579,0.0001410911962534,0.0006138033668336
BSU_15850,sdaAB,1665.21601079886,-0.361707711026346,0.156077791874671,-2.31748352332402,0.0204774071750451,0.0518880732686961
BSU_15860,sdaAA,2798.87863583988,-0.191102350401285,0.194718941042963,-0.98142661097936,0.326382408671677,0.463981291592643
BSU_15870,recG,3345.37787859592,0.0980191054912058,0.18324024603082,0.534921272015316,0.592704298194247,0.712021241572574
BSU_15880,fapR,2058.2298252934,0.312766300136787,0.175201730708562,1.78517814220144,0.0742324261949957,0.149465196423288
BSU_15890,plsX,2545.28234751697,0.416509153534904,0.212607744688985,1.95904977094883,0.0501069583361505,0.108666174927838
BSU_15900,fabD,1514.26201496345,0.899610948959778,0.245204822715046,3.66881425495134,0.0002436780349154,0.0010152470435469
BSU_15910,fabG,2054.51425751758,1.09426678757598,0.265339013413416,4.12403277414409,3.72295884995338e-05,0.0001843609222496
BSU_15920,acpA,1157.21085483137,1.19890273068811,0.289614199001432,4.13965452944586,3.4782923488773e-05,0.0001732349511228
BSU_15930,rnc,578.626132308788,0.893725808849956,0.227367324999643,3.9307574597685,8.46786619048451e-05,0.0003899177917467
BSU_15940,smc,998.12382133613,0.353796553088775,0.209839931272444,1.68603063746445,0.091789898438562,0.176140668704291
BSU_15950,ftsY,396.815249270707,0.361020331081041,0.215803952916507,1.67290879616426,0.094345251913975,0.180087214336235
BSU_15960,ylqB,2968.05735102751,1.37052129247594,0.203381249132005,6.73868067152249,1.5983123016752798e-11,1.57755972737107e-10
BSU_15970,ylxM,311.544194107435,0.343635589801329,0.33856271008414,1.01498357487724,0.310113657144814,0.445088597684161
BSU_15980,ffh,1625.17471447143,0.24491840273117,0.173247847192025,1.4136880007502,0.157453530033724,0.268918464972851
BSU_15990,rpsP,258.819828592146,0.248238917709889,0.215557225529982,1.15161492313493,0.249479346330029,0.378366821017856
BSU_16000,ylqC,177.960919491524,0.464725777946766,0.270599400180846,1.71739396922603,0.0859072128303897,0.167522931230458
BSU_16010,ylqD,75.2177185246652,-0.165124931823533,0.356533277320145,-0.463140307868825,0.64326379944379,0.752094453046396
BSU_16020,rimM,213.727554603642,-0.0049745632757948,0.231228734041519,-0.0215136033867731,0.9828359520414,0.990609020747938
BSU_16030,trmD,267.60980127441,0.316653843290802,0.211280337476493,1.49873787155434,0.13394164780571,0.236402916473378
BSU_misc_RNA_30,BSU_misc_RNA_30,30.1903670662376,0.840632890564851,0.584677188091484,1.43777268497316,0.150498561993673,0.259185321589262
BSU_16040,rplS,7112.66510362501,0.891692224418148,0.214094832894592,4.16494042552238,3.11433876249536e-05,0.0001556450964001
BSU_16050,rbgA,527.567753046536,0.369991394685706,0.198608304333846,1.8629200623141,0.0624735137309111,0.130331119401077
BSU_16060,rnhB,113.64107785252,0.736095268160147,0.296297417934773,2.48431212560276,0.0129801980559651,0.0347824354833004
BSU_16070,ylqG,483.738242137746,0.920900947664818,0.185661550355585,4.96010588030252,7.04547672180283e-07,4.37364622286127e-06
BSU_16080,ylqH,58.8199808758498,0.850531924177793,0.415897288455857,2.04505282382496,0.040849650581344,0.0929193405381105
BSU_16090,sucC,5778.16120105177,1.75418689739542,0.149761731922751,11.713185170029,1.09102491546755e-31,3.42566011501515e-30
BSU_16100,sucD,8067.95902904693,1.6323941639199,0.161807922310884,10.0884687264172,6.21311397010347e-24,1.41691699118202e-22
BSU_16110,dprA,1476.07740126427,1.64137966963016,0.152071730342553,10.7934569162384,3.69619166169237e-27,9.94757668951121e-26
BSU_16120,topA,3350.94954602557,0.954580015139436,0.141262211062528,6.75750441649892,1.4038876447355599e-11,1.38882309694958e-10
BSU_16130,trmFO,326.314215004465,-0.152343205675685,0.260494906653892,-0.584822204904363,0.558667272166888,0.684782260339215
BSU_16140,codV,1208.59906088431,0.183403432338937,0.149977195108325,1.22287546587646,0.221376736378169,0.345330109745936
BSU_16150,clpQ,787.748205096342,0.559383123877113,0.154817708081089,3.61317274884424,0.0003024730390215,0.0012364298849812
BSU_16160,clpY,2749.35704582546,0.587412217675958,0.153967930149117,3.81515954073718,0.0001360949766893,0.0005944551753981
BSU_16170,codY,2755.81425180804,-0.313553988564161,0.21899581610466,-1.4317807259583,0.152206584957116,0.261606954628792
BSU_16180,flgB,927.782105645149,1.41877823338879,0.175853596675898,8.06795118329956,7.14876170851952e-16,9.928071949684322e-15
BSU_16190,flgC,1391.48250319822,1.60648424980421,0.217507980500349,7.38586348008333,1.514671470785e-13,1.7642665276643499e-12
BSU_16200,fliE,1188.6688382193,1.70752460998612,0.259574396029854,6.57817040548844,4.762722192341749e-11,4.52563053934579e-10
BSU_16210,fliF,2920.32382123501,1.78801347212074,0.194386924873821,9.19821882712206,3.63932041017596e-20,6.797058335039841e-19
BSU_16220,fliG,1390.25972513506,1.88817382089975,0.241906331388356,7.80539231884954,5.93167315870058e-15,7.626688366958341e-14
BSU_16230,fliH,818.760816546756,1.66240835512875,0.227717066024807,7.30032396846205,2.8707565309216e-13,3.2907375789638297e-12
BSU_16240,fliI,2268.37774339122,1.84282811224099,0.24505830797324,7.51995770917598,5.47939633539401e-14,6.486946535864e-13
BSU_16250,fliJ,468.763356519832,1.33712301361059,0.296744297877555,4.5059771094989,6.60682098481222e-06,3.62830865997356e-05
BSU_16260,ylxF,663.683123622553,2.00072155342627,0.203341867631594,9.83920122663124,7.63143128683773e-23,1.6700500891852501e-21
BSU_16270,fliK,1865.92952684467,2.11352501127718,0.180334683536756,11.7200139752728,1.00655391666518e-31,3.18350227803667e-30
BSU_16280,flgD,403.837844806316,2.33527075859393,0.208332159512116,11.2093627986327,3.66824597026949e-29,1.08125916933182e-27
BSU_16290,flgE,1576.4340491478,1.91134925135165,0.162876291994295,11.7349752253606,8.4351020652614e-32,2.70735535176131e-30
BSU_16299,swrD,105.339351224233,2.05812107365379,0.39309487305675,5.2356853643234,1.64373761781761e-07,1.11286173406308e-06
BSU_16300,fliL,209.376272910967,1.68035315672618,0.261548218821109,6.42464003119628,1.32181933333668e-10,1.2007218388569901e-09
BSU_16310,fliM,746.948056893071,2.05383378622329,0.215650776058562,9.52388775853767,1.66818655988362e-21,3.4037661662650404e-20
BSU_16320,fliY,726.888673201851,2.30803862208012,0.22333710491974,10.3343267698825,4.9286063974699e-25,1.2344307237131301e-23
BSU_16330,cheY,334.575799194321,2.52938197869274,0.265591637604046,9.52357537123829,1.67321069331746e-21,3.4037661662650404e-20
BSU_16340,fliZ,370.636585900774,2.23592065971312,0.209233128254361,10.6862650210676,1.18028837216549e-26,3.11840824182504e-25
BSU_16350,fliP,234.97320967968,2.33342028177154,0.338104179878083,6.90148309498256,5.146239665537889e-12,5.34739963327954e-11
BSU_16360,fliQ,85.2930798407236,2.70026859034074,0.4919268928583,5.48916643823039,4.03834962422491e-08,2.89704783472956e-07
BSU_16370,fliR,201.517752522473,2.36613201620399,0.291006012041256,8.13086987312324,4.26220693708949e-16,5.9961502137690806e-15
BSU_16380,flhB,379.567441897627,2.63897335778037,0.287918630499929,9.1656915469422,4.9230293911218505e-20,9.116019808432041e-19
BSU_16390,flhA,664.594571820773,2.76980802430196,0.347552223224969,7.96947289993043,1.5935256813408502e-15,2.13109468433639e-14
BSU_16400,flhF,287.475923807158,2.24922169361029,0.279546659183562,8.04596163008821,8.55708019485169e-16,1.1845951592425701e-14
BSU_16410,flhG,271.178135319095,2.49484083159557,0.256709497453248,9.71853732077026,2.51366222051303e-22,5.3390678438642e-21
BSU_16420,cheB,258.59984338584,2.78026000687212,0.324465692823624,8.56873336184555,1.0462948419026e-17,1.65459691604525e-16
BSU_16430,cheA,689.422964379481,2.73018830527675,0.30828534233253,8.85604318589965,8.29047723441229e-19,1.44267621914492e-17
BSU_16440,cheW,297.643781794845,2.34930199062775,0.297894113275171,7.88636594660615,3.1111341664357404e-15,4.08501343732305e-14
BSU_16450,cheC,243.150921143937,2.58206479044389,0.426973560098594,6.04736459524017,1.4723431534425e-09,1.22215764058742e-08
BSU_16460,cheD,186.865305069862,2.35215919896619,0.250780075364635,9.37937033293474,6.63678807175319e-21,1.2838036926297601e-19
BSU_16470,sigD,286.164029271734,1.90663592087666,0.255792682799372,7.45383292442384,9.06668032702113e-14,1.05891983442001e-12
BSU_16480,swrB,350.504684315259,0.236904675604287,0.236517797905578,1.00163572340913,0.316519560920496,0.45218570968299
BSU_16490,rpsB,8472.37870622335,0.383307848927245,0.131275623560303,2.91987071576292,0.0035017662477862,0.0110529922569229
BSU_16500,tsf,2439.61460406226,0.415402751409687,0.13888755213946,2.99092859662881,0.0027813051950581,0.0090070219807076
BSU_16510,pyrH,693.15910798112,0.446803682176845,0.179674104661616,2.48674500434171,0.0128917766311817,0.0345668738508109
BSU_16520,frr,787.838081140078,0.561704224237236,0.16518874168137,3.40037837034137,0.0006729266605365,0.0025332677846263
BSU_16530,uppS,1081.0220342693,-0.562316474238886,0.182330395280749,-3.08405229623421,0.0020420169700782,0.0068856494407385
BSU_16540,cdsA,614.939263045002,-0.476560646056155,0.194269133634902,-2.45309502924832,0.014163291670795,0.0375119454826129
BSU_16550,dxr,983.685670142848,-0.475486943290732,0.169023050839668,-2.81314850802077,0.0049058988031698,0.0148444549679714
BSU_16560,rasP,2889.80647949791,-0.236478471399337,0.151459806527517,-1.56132822839949,0.118446326492559,0.215370513089491
BSU_16570,proS,3530.8417456334,-0.0878509540476367,0.149901620751342,-0.586057399561841,0.557836942692942,0.683957971898278
BSU_16580,polC,2228.98829434187,-0.0970236527693684,0.147843808044277,-0.656257803778372,0.511658262434094,0.642240802759829
BSU_misc_RNA_71,surG,60.3928784225881,-0.366087680858134,0.381952104993909,-0.958464886229577,0.337828389594031,0.475108864690339
BSU_16590,rimP,921.523982657874,-0.473221715083052,0.16133279974221,-2.93320215008481,0.0033548537838123,0.0106729672872681
BSU_16600,nusA,2435.4856773695,-0.345477828521778,0.143415584066641,-2.40892808665233,0.0159994502288853,0.0419646597105084
BSU_16610,rulR,276.274459828145,-0.287929821932041,0.237582331349799,-1.21191597159687,0.225544547678065,0.350155687957383
BSU_16620,rulQ,438.789363162055,-0.219370458241261,0.198641669284014,-1.1043526719845,0.269440182597919,0.399276440217778
BSU_16630,infB,6053.5037566948,-0.418476941835565,0.131609783587769,-3.17967958329244,0.0014743798068493,0.0051478547164208
BSU_16650,rbfA,1294.75838461457,-0.562894078095023,0.15098603923412,-3.72812003646374,0.0001929134925924,0.000817100843991
BSU_16660,truB,56.3242707807132,-0.226070822396025,0.370979734840832,-0.609388603107983,0.542266890326434,0.669604569901521
BSU_16670,ribC,281.877855437809,0.528535956460004,0.264721498321953,1.99657360588523,0.0458715224562519,0.1014088300015
BSU_16680,rpsO,5551.00609350907,0.729918671404997,0.158077380951478,4.61747700405694,3.88433709766746e-06,2.19723663762312e-05
BSU_16690,pnpA,3529.25941401217,0.51394952065308,0.138543390715886,3.70966466171632,0.0002075339463195,0.0008730529994199
BSU_16700,ylxY,241.103751455434,-1.6649846550417,0.306586788164929,-5.43071234415365,5.6129547197306e-08,3.95462321960857e-07
BSU_16710,mlpA,296.994834235071,-1.45952851355371,0.254496545483835,-5.73496394923133,9.7533089415545e-09,7.53317070298675e-08
BSU_16720,ymxH,508.075179622717,-7.0167933062926,1.055619641393,-6.64708483164752,2.98954746836396e-11,2.89145294205827e-10
BSU_16730,spoVFA,9.7026645532979,-1.49707895216447,1.09216951736819,-1.37073863384504,0.17045644679513,0.286274334869495
BSU_16740,spoVFB,8.72257068690041,-1.09181138054339,0.906053281114776,-1.2050189578256,0.228195983424486,0.353464911361786
BSU_16750,asd,3061.27758097267,0.0287381751093138,0.137144290493687,0.209547003421456,0.83402124631103,0.892961220722929
BSU_16760,dapG,1244.78426728277,0.122599359036447,0.197252691172377,0.621534531710439,0.53424798132721,0.662123622025457
BSU_16770,dapA,1790.7356357633,0.306220015537536,0.142756442329507,2.14505216395578,0.0319486765061597,0.0754658976478975
BSU_16780,rnjB,5053.60098502365,0.169600138550581,0.16531216335306,1.02593865515124,0.304920500593184,0.440260089660201
BSU_16790,tepA,52.3998217348602,-5.3256059636662,0.878477165475141,-6.0623157584133,1.3417546838034402e-09,1.1180428932539e-08
BSU_16799,tepJ,53.9961980879554,-3.60330896887333,0.911934835964487,-3.95127900236685,7.77346357652821e-05,0.0003606254569282
BSU_16800,spoIIIE,1485.10445334164,0.448738597047912,0.221706508627676,2.02402085453208,0.0429680060361084,0.0967673441551235
BSU_16810,ymfC,1333.04727295869,0.802521664164037,0.158727566907603,5.0559690405334,4.28210802302292e-07,2.76106756901166e-06
BSU_16825,bcbE,51.4420059223147,-0.839974091749265,0.604421259438768,-1.38971632554622,0.164615035378201,0.279059838925565
BSU_16845,ymfF,721.16462312064,-1.59262996312096,0.206360360073815,-7.71771265833846,1.18435823569077e-14,1.48318619515842e-13
BSU_16860,ymfH,2064.62941585761,-1.35324063237177,0.173667835616654,-7.79212009850146,6.589405463348871e-15,8.42238757306509e-14
BSU_16870,efpI,93.9259776328785,-1.1648935169556,0.30069665100766,-3.87398234417291,0.0001070711732764,0.0004804173470575
BSU_16880,ymfJ,225.281633194875,-3.19875533543357,0.443800146334548,-7.20764822150884,5.69264612939936e-13,6.3409346217705495e-12
BSU_16910,rodZ,1092.75235746383,0.261113596019387,0.187150459895786,1.39520680934894,0.162953484227303,0.276567742717158
BSU_16920,pgsA,96.5251026528032,0.802294342266692,0.356606012145555,2.24980599020081,0.0244612636053782,0.0599663881419906
BSU_16930,cinA,498.775080121781,0.618454768230572,0.190929120064835,3.23918513855068,0.0011987173599454,0.0042714163821081
BSU_16940,recA,2134.40444214394,0.576416968716062,0.135532782887887,4.25297080480428,2.10953088296033e-05,0.0001088166347127
BSU_16950,pbpX,90.2152447863405,-0.924338714137388,0.422279754122014,-2.18892500792332,0.0286022910927362,0.0683960967465926
BSU_16960,rny,28552.848559471,-0.0902905449477735,0.179444948100039,-0.503165711287885,0.614847770033759,0.730100133613669
BSU_16970,pdeB,367.412892473507,-0.0071570999811012,0.217493423126254,-0.0329072018740841,0.973748589642689,0.986037073830748
BSU_16980,spoVS,6917.07208156061,-1.88397132899298,0.210486684847357,-8.95054872643948,3.53719597336257e-19,6.3072716677284e-18
BSU_16990,tdh,605.097930809124,-0.774778653782329,0.178808402918696,-4.33301031235439,1.47084217464061e-05,7.71568903476725e-05
BSU_17000,kbl,555.819353213723,-0.590660998098831,0.181773308721468,-3.24943745731065,0.0011563350250633,0.0041442511692301
BSU_17010,miaB,1999.01696757194,-0.243427252897206,0.141717458469785,-1.71769417491428,0.0858524124189383,0.167491446650725
BSU_17020,ricA,4842.25910501857,-1.64211829869471,0.161687330040984,-10.1561346722621,3.11169245284472e-24,7.28808832333847e-23
BSU_17030,cotE,2103.65263994306,-7.54033035229846,0.371766753381622,-20.2824224697635,1.8385010674954601e-91,1.99155628136446e-89
BSU_17040,mutS,433.806230690278,0.593776177011779,0.183476888556013,3.23624507525104,0.0012111335205244,0.0043015094626496
BSU_17050,mutL,257.878975460562,0.891304763580433,0.234158936840304,3.80640933721143,0.0001409989463141,0.0006138033668336
BSU_misc_RNA_89,surX,114.054717097473,1.16044826255836,0.411565264506166,2.81959718819025,0.0048083967522667,0.0145697784108893
BSU_17060,ymzD,258.771644792657,0.868147285586903,0.249997202814968,3.47262799667983,0.0005153891877087,0.0019974788464597
BSU_17070,ymcC,151.183824189727,0.382719205118226,0.248740053052931,1.53863119518104,0.123894358350141,0.222107676760927
BSU_17080,pksA,735.85716587563,0.565901275380566,0.18543915555126,3.05168168879057,0.002275632805138,0.0075615927489748
BSU_17090,pksB,224.498026231749,0.633143531433126,0.286825883550088,2.20741421100708,0.0272851344486498,0.0657910337039509
BSU_17099,BSU_17099,41.9473419380653,0.16230099029662,0.569917223153069,0.284779935932956,0.775812744820025,0.850821721919809
BSU_17100,pksC,1055.76435721741,0.486000071930683,0.248637992805107,1.95464927321719,0.0506244812687898,0.109430662663262
BSU_17110,pksD,416.890585788956,0.863609259616331,0.260889269186181,3.31025213229458,0.0009321196713042,0.0034112116011496
BSU_17120,pksE,796.459039370181,2.07273727089195,0.351721002224989,5.89312909317272,3.789501232157311e-09,3.08065831875002e-08
BSU_17130,acpK,78.3372952816608,1.59025009645489,0.350435649571486,4.53792329176401,5.68109165302311e-06,3.15780877242295e-05
BSU_17140,pksF,491.979753171697,2.24889953365262,0.346019244942853,6.49934813314802,8.066878913252909e-11,7.516943297016101e-10
BSU_17150,pksG,355.553759706249,2.29568870000078,0.382208527027839,6.00637750772517,1.89714182010778e-09,1.55983216442638e-08
BSU_17160,pksH,238.225169777328,2.36679720188999,0.303636578465546,7.79483556905695,6.449240466338151e-15,8.267620988355981e-14
BSU_17170,pksI,188.567854828406,2.7675851718886,0.432246394903485,6.40279526797804,1.52557705150034e-10,1.38002617205657e-09
BSU_17180,pksJ,4024.35146521101,2.89212234282199,0.39727783669153,7.27984819618216,3.34196019313892e-13,3.81071408338709e-12
BSU_17190,pksL,2571.30394040488,3.21184162112563,0.687838399544002,4.66947123518388,3.0197597628452e-06,1.73536061703027e-05
BSU_17200,pksM,1340.10435427618,2.10318411718319,0.330989901718709,6.35422442274561,2.09480818477074e-10,1.8638200954028e-09
BSU_17210,pksN,5845.30754658718,0.3398855185782,0.243302346517953,1.39696769654098,0.162423285439018,0.275884004628485
BSU_17220,pksR,3874.94868838249,0.32107158558773,0.237045508492835,1.35447234427323,0.175585730774979,0.29295840255987
BSU_17230,pksS,266.977098167554,0.402748947155895,0.250154957159132,1.60999786584158,0.107398322204165,0.199125772405069
BSU_17240,ymzB,113.367050141278,-0.167660651554297,0.288439634304475,-0.581267730277717,0.561060025800659,0.686101759347914
BSU_17250,ymaE,261.51251987712,0.454355625880983,0.308761912799747,1.47154039097971,0.141145032611918,0.246704891612522
BSU_17260,aprX,48.8212335810945,1.3784755038848,0.642560632396008,2.14528471615929,0.0319300897448746,0.0754658976478975
BSU_17270,pghC,37.9166959183561,0.511783026788781,0.478711498163369,1.06908446684965,0.285031610233967,0.416540292459959
BSU_17280,ymaD,69.3047791489771,-1.37411551125524,0.472707637072093,-2.90690355621581,0.0036502572041567,0.0114695898952946
BSU_17290,ebrB,24.8441824800225,0.92735868553921,0.518592846729617,1.78822112836183,0.0737403388153113,0.148612506086857
BSU_17300,ebrA,14.7825089525452,0.028142163054111,0.685855361173839,0.0410322126897803,0.967270215466104,0.981718153982827
BSU_17310,ymaG,1.14096134794699,2.60988777114671,3.46356485818925,0.753526461320883,0.451133616351932,
BSU_17320,ymaF,64.4043746946886,-5.88499222537076,0.944966388813233,-6.22772650439094,4.73252263314064e-10,4.07674365196788e-09
BSU_17330,miaA,363.140048914335,-0.717383060354101,0.370466125400676,-1.93643362015412,0.0528146151487892,0.113121961166438
BSU_17340,hfq,1659.60564455008,-1.95999428621309,0.207578260789706,-9.44219437409552,3.65052816819078e-21,7.25584337283057e-20
BSU_17350,ymzC,199.272662679528,-1.35676396443048,0.24208890531455,-5.60440373204057,2.0897309634833e-08,1.55313966805714e-07
BSU_17360,ymzA,379.157382773112,-1.16071702806327,0.252432068355698,-4.59813618619849,4.26287321278315e-06,2.40195443836013e-05
BSU_17370,nrdI,124.956377397789,0.0431568476212045,0.263977808402342,0.163486650193818,0.870135283343007,0.917123858605023
BSU_17380,nrdE,942.553602525782,0.469764897749731,0.163113038899916,2.87999598878158,0.003976802305395,0.0123082031351978
BSU_17390,nrdF,641.015504788677,0.366079665596185,0.190523132991665,1.92144470777835,0.0546756667788162,0.116589401649907
BSU_17400,ymaB,85.2940724548062,0.29802366120128,0.328244608741206,0.907931625576971,0.36391434742676,0.502498683046575
BSU_17410,cwlC,52.6681114613348,-0.0407545892673639,0.466965279385852,-0.0872754165383858,0.930452594204814,0.956047211451141
BSU_17420,spoVK,547.402598982423,-7.03958548184163,0.915928824975144,-7.68573418576784,1.52122063046929e-14,1.8940945378803e-13
BSU_17430,hflX,408.793691925109,-0.12875542401361,0.24808092707215,-0.519005735479874,0.603756741635865,0.721278732150042
BSU_17440,ynbB,296.448169683831,0.521936289394053,0.222140861797168,2.34957353262914,0.0187949313469068,0.0482169553144744
BSU_17450,glnR,665.710164972457,-0.404184824146165,0.244251425805554,-1.65479002963091,0.0979670971436575,0.185124915797413
BSU_17460,glnA,8306.45199086407,0.0013868159719573,0.246517249789846,0.0056256346082862,0.995511416676948,0.996897027756794
BSU_17470,ynxB,34.2175709136626,0.209330810883222,0.503721898840737,0.415568216043367,0.67772598854664,0.778033462012476
BSU_17480,ynzF,184.255333105702,0.0113463315936231,0.23429292646398,0.0484279733275154,0.961375165962518,0.978014777548464
BSU_17490,ynzG,37.9783089076549,-0.14122256143944,0.483397387966602,-0.292145892706391,0.770175079114162,0.846138087677907
BSU_17500,ynaB,639.256535107311,-0.453961585893715,0.265836334780908,-1.70767320527442,0.0876969966198395,0.170246902488246
BSU_17510,ynaC,725.755563354553,0.112774776235051,0.210521845162411,0.535691562783182,0.592171735719785,0.712021241572574
BSU_17520,ynaD,48.2166214054445,-0.766181236412606,0.524165336224905,-1.46171672077884,0.143818853290009,0.250167439303737
BSU_17530,ynaE,383.076576332122,0.153309865138927,0.3322540428575,0.461423625790702,0.644494704412645,0.752721173644202
BSU_17540,ynaF,103.344558529161,1.24437112294468,0.494464921868691,2.51660141682433,0.0118492792631834,0.0320492678198337
BSU_17550,ynaG,91.9296970631722,0.416950124696729,0.549456166624095,0.758841469117557,0.447947395503649,0.583395270429009
BSU_17559,ynzI,108.920326520555,1.37087172720031,0.470171386752545,2.91568514338754,0.0035490846300117,0.0111922734365654
BSU_17560,ynaI,132.678208982728,0.342224691056092,0.33912267597237,1.00914717682864,0.312904055466766,0.447990691162478
BSU_17570,xynP,255.131760088921,-0.0287312187372049,0.270793620552033,-0.106100057596018,0.915502965449482,0.947200178914185
BSU_17580,xynB,549.109001550108,0.323633137966822,0.218728204353537,1.47961319813938,0.138976502264148,0.243602420837602
BSU_17590,xylR,469.22768266224,-0.162138392735565,0.170126441231369,-0.953046402205401,0.34056656062826,0.477873998446324
BSU_17600,xylA,584.899437298669,-0.227812621734327,0.176250487700665,-1.29255030556983,0.196166636469728,0.316334215044039
BSU_17610,xylB,264.417549054692,-0.4791207499307,0.207149609692259,-2.31292132600434,0.020726965074409,0.0523673117594251
BSU_17620,yncB,43.2393699249257,1.11435088545711,0.501983781287545,2.21989420175866,0.0264259502040699,0.0641476987306638
BSU_17630,yncC,2070.07323432467,0.356014718278174,0.135346220175341,2.63040015315505,0.0085284417696751,0.0241212390261111
BSU_17640,alrB,191.065601850889,-3.90465113428713,0.397547751370223,-9.82184183114864,9.06715375632962e-23,1.97427021237067e-21
BSU_17650,yncE,28.3905967072665,1.74407661465985,0.830079176449497,2.10109669552223,0.0356324789260194,0.0826583332636842
BSU_17660,dutA,48.1618812938152,0.711209043445946,0.428132460962789,1.66118925401398,0.0966754431042542,0.18333267468928
BSU_17670,cotU,22.899338324582,0.805021477953007,0.664194556080017,1.2120266126602,0.225502193683508,0.350155687957383
BSU_17679,BSU_17679,32.750672888251,-0.307105402053583,0.620568523189459,-0.494877504381292,0.62068659087158,0.734416984775138
BSU_17680,thyA,219.696187606427,0.0726285178439215,0.292293807215236,0.24847778519796,0.803764756060408,0.871549721724162
BSU_17689,BSU_17689,80.5764981572385,0.171879126209747,0.405282306043298,0.424097286377424,0.671494864453351,0.772194061430759
BSU_17690,yncM,8746.36559200759,0.345135445920263,0.174138240906736,1.98196240023527,0.0474834490450062,0.104122360684217
BSU_17699,ynzK,1.60266014410534,0.383806255793103,2.83429252754022,0.135415188116166,0.892283616357991,0.93113871207988
BSU_17700,cotC,20.4467231952151,0.819693492988322,0.589041482540791,1.39157176070627,0.164052115171608,0.278214409017055
BSU_17710,tatAC,3405.12016682364,-0.269529373183195,0.189110119462039,-1.42525092760728,0.154084679693564,0.264206140527191
BSU_17715,BSU_17715,2.32011558559276,-4.06737108709863,2.80925489468048,-1.44784693435988,0.147659863271807,0.255311327835889
BSU_17720,yndA,91.2338875753238,-6.19830034193203,0.677356195452179,-9.15072510379013,5.65526662051601e-20,1.03393545429096e-18
BSU_17730,flvS,1070.56314331425,0.584462807430172,0.165229867369022,3.53727093495052,0.0004042847073059,0.0016115599234191
BSU_17740,ynzB,135.912722833243,-1.8336743903205,0.364526428183966,-5.03029204070521,4.89733311961939e-07,3.11602707890027e-06
BSU_17750,yndD,43.1237937011813,-3.18377701878556,0.821851716642774,-3.87390687920096,0.0001071043520095,0.0004804173470575
BSU_17760,yndE,6.97084444916413,-4.01210744163776,1.37378916766036,-2.92046810099007,0.0034950597541975,0.011046020361005
BSU_17770,yndF,27.7244010869747,-0.724561396287243,0.553790880522351,-1.30836642814309,0.190749053847796,0.310486720632043
BSU_17780,yndG,85.0112499561622,1.21265368329579,0.339403824160732,3.57289340005052,0.0003530585106763,0.0014217495601864
BSU_17790,yndH,40.3979002232174,0.458807076282974,0.426909145253838,1.07471831274584,0.282500862347746,0.413818876454625
BSU_17800,yndJ,107.044504749406,1.07981714446519,0.291299097910066,3.70690177969093,0.0002098102663256,0.0008817729233648
BSU_17810,yndK,33.7684704613499,2.01993337413178,0.759712185281893,2.65881397358696,0.0078416247265641,0.022397996005407
BSU_misc_RNA_72,surA,165.325691258053,0.836047451170947,0.452514341695892,1.84756011939353,0.064666003471599,0.133937759580516
BSU_17820,pghL,41.8640578895605,0.0940117842500662,0.42754711212837,0.219886374116917,0.825959648501393,0.887619830594379
BSU_17830,yndM,14.3903275858797,-1.05226473934162,1.12232785931599,-0.937573393199854,0.348463690105969,0.48674828150521
BSU_17840,fosB,107.948695974792,-1.42559404957416,0.407328149949317,-3.49986626200899,0.00046549163437,0.0018302860723462
BSU_17845,yzzP,110.706993631147,-0.966497560066827,0.373729131704666,-2.58609104315311,0.0097071286496552,0.0269104212661267
BSU_misc_RNA_73,ncrF,16.3277086420017,-1.77815183408831,0.767554177456582,-2.31664667630435,0.020522986522992,0.0519428157734372
BSU_17850,lexA,1835.91181460046,0.676539869822693,0.178680491899535,3.78631076414925,0.0001529004370348,0.0006592214862407
BSU_17860,dinK,23.826330777409,-0.0755993827060913,0.559187538252309,-0.13519504197531,0.892457667036173,0.93113871207988
BSU_17870,dinL,133.626277885815,0.219228770115847,0.267938483617615,0.818205608824438,0.413239793016627,0.550475691498226
BSU_17880,ynzC,412.153167908668,0.571338709407388,0.204266054172107,2.79703209484822,0.0051574409766665,0.015518883161039
BSU_17890,tktA,1893.29055660255,1.12879482065911,0.178861367612434,6.31100407945577,2.77230885563247e-10,2.4365951869078e-09
BSU_17900,pcfA,2020.60405616364,-1.85282227922966,0.187802887681024,-9.86578162938906,5.85764301872726e-23,1.28838412183478e-21
BSU_17910,yneF,1650.20228578653,-0.917275280055508,0.188812424713624,-4.85812986855478,1.18499678222095e-06,7.12148551645404e-06
BSU_17920,spo0D,100.943915309094,0.165064393440647,0.320101906195276,0.515662013396293,0.606090490012224,0.722672584682963
BSU_17930,ccdA,436.564090412378,-2.37607720689475,0.194094860664713,-12.2418347335805,1.8578480538083098e-34,6.44004449372114e-33
BSU_17940,yneI,236.544497171598,-0.232019870511818,0.255029234975845,-0.909777541911199,0.362939840734057,0.50179270258477
BSU_17950,yneJ,935.989012232167,-0.195126769259724,0.254175152325918,-0.767686248927752,0.442673607658867,0.578090639537634
BSU_17960,yneK,444.404583012117,0.16934757752759,0.221699885356064,0.763859562920419,0.44495093714773,0.580364964076194
BSU_17970,cotM,20.5044920358575,-1.16984659860844,0.697253549566865,-1.67779224549685,0.0933876637074579,0.17865286836398
BSU_17980,sspP,5.30171690511479,-1.40979907453371,1.2150538351553,-1.16027704595782,0.245936026966695,0.374829688655185
BSU_17990,sspO,0.576653045613636,-1.40522999040287,3.47369013047502,-0.404535216907994,0.685819186309745,
BSU_18000,citB,25713.1980209839,2.42228996556805,0.149239903507227,16.2308465004518,3.05221017926913e-59,1.86270798686946e-57
BSU_18010,yneN,1022.69197419098,2.020589484367,0.198311167637901,10.1889848586662,2.2207091671397902e-24,5.28699605561358e-23
BSU_18019,ynzL,17.1757603093234,-2.16436647087156,1.28438108335291,-1.68514352860245,0.0919608832115726,0.176390662663012
BSU_18020,sspN,173.723704553456,-4.31669646980108,0.452348477888571,-9.54285618457288,1.3895166448316301e-21,2.8534481621116e-20
BSU_18030,sspT,205.261919759959,-3.66427380262406,0.463457559594882,-7.90638479568027,2.6497128388849803e-15,3.50036760088067e-14
BSU_18040,yneP,82.8677299026531,-0.181225062958708,0.325209707356113,-0.557256006999392,0.577352528623141,0.699767414412327
BSU_18050,yneQ,54.1960030010426,0.281731150738768,0.413333974710312,0.68160656509357,0.495487762570236,0.629419078046564
BSU_18060,yneR,723.918526056135,-0.374713007131479,0.190596318783664,-1.96600338098238,0.0492982200639535,0.107125971683606
BSU_18070,plsY,852.731648731329,-0.447085581207166,0.19190271246446,-2.32975123418314,0.0198193029418864,0.050426916997765
BSU_18080,yneT,1296.39520152606,-0.37088609668625,0.157597121209269,-2.35338116483588,0.0186035531938569,0.0478109110254933
BSU_18090,parE,676.8753484836,-0.0565154056084223,0.198053445316963,-0.285354316952051,0.775372702909366,0.850554410558553
BSU_18100,parC,1507.50218356363,-0.072520743112357,0.197318606774993,-0.367531193827322,0.713222828118611,0.806049690724555
BSU_18120,alsT,812.119980083743,1.14391233764079,0.244824894626559,4.67236936580999,2.97744888631562e-06,1.71331819713222e-05
BSU_18130,eglS,131.739408062555,-0.0213777190104741,0.288408588007556,-0.0741230320433942,0.940912488749334,0.963140518249673
BSU_18140,ynfE,17.3613837443612,-2.65533645403581,0.868267956442203,-3.0581992970422,0.0022267143151569,0.0074161054016716
BSU_18150,xynC,704.895292747181,0.161577986581471,0.193871271258396,0.833429241644143,0.404602688704725,0.542600882128621
BSU_18160,xynD,519.278009982087,-0.0133868075377134,0.197166179819213,-0.0678960638684996,0.945868372102364,0.966615013282911
BSU_18170,yngA,2.68539247992536,-1.2755408221752,1.85762201277292,-0.686652512408142,0.49230172858262,0.627026275705024
BSU_18180,yngB,266.945197388105,-0.144875667690314,0.288762354774379,-0.501712447259654,0.615869807497039,0.730913140477861
BSU_18190,yngC,956.310014458069,-0.745749385708571,0.170068900139194,-4.38498388064019,1.1599436754383e-05,6.16691527076581e-05
BSU_18200,nrnB,43.7092673572938,-1.02943890586855,0.452240767806785,-2.27630717783578,0.0228276308123872,0.0567807831860356
BSU_18210,ldeE,1068.11146662698,-4.46839816800895,0.294385964092697,-15.1787065724436,4.89335923077687e-52,2.6176451292538497e-50
BSU_18220,ldeF,536.16336034739,-4.73756160191036,0.386951772052535,-12.243287003909,1.8248946467720398e-34,6.37682943908326e-33
BSU_18230,ldeG,522.999330385743,-5.00705327411945,0.32855582573891,-15.2395814709989,1.93103336874734e-52,1.04589594834778e-50
BSU_18239,lgeHB,63.3363480245798,-4.3092497660502,0.628356466893154,-6.85796994714935,6.98459474984023e-12,7.13779458751361e-11
BSU_18240,ldeHA,891.999312785597,-5.08358448874882,0.270898961068844,-18.7656108708993,1.44328880999809e-78,1.25075408274434e-76
BSU_18250,ldeI,1148.57902204856,-5.41916289505063,0.289662559494605,-18.7085376325674,4.21790604744328e-78,3.58356605952387e-76
BSU_18260,ldeJ,484.347095234825,-6.0571787388443,0.377642846586651,-16.0394372449856,6.77656244615987e-58,4.0223075450973595e-56
BSU_18270,ynzE,3.78258619094846,-2.54942428181037,1.73304873275061,-1.47106323880693,0.141274015481766,0.246830769791327
BSU_18275,BSU_18275,0.926909975103527,-0.191114898887575,3.21443269390524,-0.0594552498330236,0.95258950784635,
BSU_18280,yngK,29.1700331511512,-0.638731204902941,0.513616548662535,-1.24359545378007,0.213648490226778,0.335888668544155
BSU_18290,yngL,1.43056448089103,-0.297828945793078,2.44516689954629,-0.121803115299958,0.903054946671251,0.939706312182164
BSU_18300,ppsE,321.610712366921,2.42740882663585,0.375825041794234,6.4588799486248,1.05480745930699e-10,9.6423643906692e-10
BSU_18310,ppsD,1305.86710991546,2.64069538293992,0.33128786848579,7.97099934570403,1.57396344099928e-15,2.1114500278172902e-14
BSU_18320,ppsC,1013.14636346312,3.01267644607265,0.32878346609436,9.16310203143857,5.04264941276375e-20,9.29778719383206e-19
BSU_18330,ppsB,2722.15713445243,3.19602727666016,0.315205848819405,10.1394922988605,3.69012401570852e-24,8.55043174335028e-23
BSU_18340,ppsA,5130.11961338284,2.7298814375445,0.251068566878582,10.8730514197131,1.54930809357278e-27,4.24883036041194e-26
BSU_18350,dacC,2596.25433388469,-2.30482595355944,0.178560495839647,-12.9078155989735,4.06674508578372e-38,1.61662444556889e-36
BSU_18360,galM,1479.06447022082,-2.2910394506418,0.144452151115091,-15.8601961476949,1.1952001814447e-56,6.998381602972839e-55
BSU_18370,yoeA,887.231761762969,-0.884988298323722,0.23452925194512,-3.77346659738126,0.0001609947831012,0.0006913680824359
BSU_18380,iseA,9618.89090111935,-0.851425098703626,0.213399060720695,-3.98982589627237,6.61218121755379e-05,0.0003110812292688
BSU_tRNA_85,trnSL-Arg1,23.739227742143,-0.0037621341189841,0.519248965887763,-0.0072453377207058,0.994219107472804,0.996836437324403
BSU_18390,yoeC,239.700111239133,0.196243528986114,0.268253479611123,0.731560050108578,0.464437139624326,0.600198973394623
BSU_18400,yoeD,351.19117747454,0.432592069219281,0.346371522323835,1.2489250453299,0.211692490170932,0.333914655955823
BSU_18410,ggt,2830.45029563219,-0.844333358831867,0.176135389494133,-4.79366106525679,1.63764863286622e-06,9.72045414549224e-06
BSU_18420,ftsR,137.509721672868,1.26036263979278,0.328058075102249,3.84188878569733,0.0001220911574118,0.0005392670591901
BSU_18430,yogA,75.9388630718549,0.415103097107825,0.35865160187736,1.15739925580973,0.247109277963888,0.376266685725191
BSU_18440,gltB,11682.3847777671,1.87039066817548,0.193226925222926,9.67976210363856,3.6757028983766297e-22,7.73146633915822e-21
BSU_18450,gltA,21455.2423624513,2.04658778486115,0.221374329722639,9.24491917118544,2.35418574105206e-20,4.43508122433851e-19
BSU_18460,gltC,288.077390377305,0.790094142473912,0.293746953747456,2.68971008003433,0.0071514118589048,0.0206994439443117
BSU_18470,proJ,273.278342556887,-1.73275740729952,0.28633909562628,-6.05141747587641,1.43576830541602e-09,1.19408523365981e-08
BSU_18480,proH,238.385914646439,-2.03796427012607,0.327748415050584,-6.21807513489132,5.03290568677508e-10,4.31833274075177e-09
BSU_18490,rtp,189.938136865215,-0.906005794455532,0.290861579478353,-3.11490364619629,0.0018400500586634,0.0062581922324871
BSU_18500,yoxD,136.905636986264,0.281623279823716,0.305741426135002,0.921115870308538,0.356989935313444,0.496099226976637
BSU_18510,yoxC,31.1273186515982,-2.01476988297904,0.792335122953222,-2.54282540886173,0.0109960157928272,0.0299975044041827
BSU_18520,yoxB,21.5585298966382,-2.84024391701241,0.835249889858424,-3.40047206410747,0.0006726960916308,0.0025332677846263
BSU_18530,yoaA,208.174748490142,0.427108847157655,0.275247237957649,1.55172800398227,0.120727319089565,0.218053969827047
BSU_18540,yoaB,11.512976922021,-0.633458250896045,1.00590642334554,-0.629738747257649,0.528865527071418,0.657186099540592
BSU_18550,yoaC,58.4252055112988,0.636544852612081,0.408089556079241,1.55981657244,0.118803234000344,0.215747867947817
BSU_18560,yoaD,48.2961156531726,0.767262927151856,0.397260966603157,1.9313826216365,0.053435752651582,0.11428288067093
BSU_misc_RNA_31,mswF,3.85632320577396,3.23517334522207,1.64552868815373,1.96603885943302,0.0492941220001762,0.107125971683606
BSU_18570,yoaE,752.307386704092,0.999561108487886,0.194317443847413,5.14395974286686,2.69007202897573e-07,1.78774265361225e-06
BSU_18580,yoaF,858.68196724817,-0.6467949112576,0.275550783532154,-2.34728024709872,0.0189110248591047,0.0484738184178876
BSU_18590,yoaG,114.659270182065,-0.972078716744839,0.424718669873523,-2.2887590908926,0.0220933535935788,0.0551760813377389
BSU_18595,BSU_18595,4.28519207228547,4.79186662365537,1.72512281459393,2.77769593162751,0.0054745822695582,0.0163595620510315
BSU_18596,BSU_18596,56.1312097360731,-0.621316010176867,0.463300457318603,-1.34106496197477,0.179899362015091,0.297293644397937
BSU_18600,yozQ,277.2522438792,-1.07008562978308,0.329746509732422,-3.2451765165048,0.0011737783978879,0.0041928951344176
BSU_18610,yoaH,520.361752983809,1.80361235874425,0.209810145635568,8.59640201516778,8.22542940299122e-18,1.32002909641337e-16
BSU_18620,yoaI,156.127226886841,-0.655027338062689,0.309866081962894,-2.11390460651039,0.0345234157211678,0.0805112811193864
BSU_18630,exlX,75.7403028551912,0.499909339186221,0.537078387578428,0.930793997204404,0.351960135417591,0.489895042327151
BSU_18640,yoaK,86.0376565680486,0.552347556047948,0.336088363392518,1.64345932858991,0.100287933665284,0.188354519817104
BSU_18650,pelB,17.6500281555588,-0.0191025492399397,0.782185572044907,-0.024422016875099,0.980515986635229,0.988960840337627
BSU_18660,yoaM,18.7653824432434,-3.0734648372854,0.88088783970013,-3.48905354208506,0.0004847340453623,0.0018939157967131
BSU_18669,yozS,37.4380262922475,0.616202138540556,0.43530153150021,1.41557539762586,0.156899858717866,0.268290089907069
BSU_18670,oxdD,22.990773096218,-1.82510818303393,0.590700946625603,-3.08973295786966,0.0020033652970905,0.0067764104857872
BSU_18680,yoaO,76.2900474151478,-1.50627570514776,0.377353227118951,-3.99168629522001,6.56051210795522e-05,0.0003089858583018
BSU_18689,BSU_18689,2.11743240273453,-0.804849764723327,2.17990485464304,-0.369213253967968,0.711968777491186,0.805262519673534
BSU_18690,yoaP,77.4985566755163,-1.35554754579151,0.335696048396739,-4.03802056135456,5.39041293489962e-05,0.000258943007172
BSU_18700,yoaQ,34.6046098586557,-2.89684454895479,0.881345578865534,-3.28684300281349,0.0010131730208813,0.0036829519290928
BSU_18709,yozT,21.0008842334006,-3.60632042684283,1.31968153961239,-2.73272021968426,0.0062813664301681,0.01847736642357
BSU_18710,yozF,37.1830738990132,-3.53759400677902,0.953113578551225,-3.71161851681551,0.0002059382026943,0.000867598056386
BSU_18720,yoaR,38.3096097681385,-2.32587805109603,0.657595503450662,-3.53694336243364,0.0004047864612976,0.0016120769639731
BSU_18730,yoaS,25.259682260932,-0.212523701967438,0.558089752633907,-0.3808055979606,0.703347505122729,0.798638558620751
BSU_18740,yozG,49.1921661511671,0.0437808818378885,0.40866677967499,0.107131002604878,0.914685052172301,0.947042441890503
BSU_18750,yoaT,127.845781649785,-0.0227455081804576,0.259935944043996,-0.0875042821188584,0.930270681850991,0.956047211451141
BSU_18760,yoaU,39.9227837952762,-1.67606830298946,0.636479764543768,-2.63334106810273,0.008454939569049,0.02393760872937
BSU_18770,yoaV,37.4714983548696,0.16354860800741,0.423854744483408,0.385860038459031,0.699600327667075,0.795531334191757
BSU_18780,yoaW,437.560817468773,-1.84790709753941,0.240681404321991,-7.67781417407399,1.61826001918831e-14,1.99769819462762e-13
BSU_18790,yoaZ,251.857130772024,0.203510036610705,0.256057627669693,0.794782168618804,0.426740225203476,0.562881399027904
BSU_18800,penP,882.645742713987,1.3245551139168,0.268875775372121,4.92627166610168,8.38134494588119e-07,5.15125782276641e-06
BSU_18810,yobA,112.547548720937,-0.190399656965068,0.371042156332171,-0.513148314054685,0.607847577544084,0.724169247593763
BSU_18820,yobB,396.822842072361,-0.805048441836514,0.402042242486175,-2.00239765070009,0.0452419809540135,0.100530001781405
BSU_18830,yppS,2825.95725696859,-0.141011872782515,0.273183428445488,-0.516180185543918,0.60572856795863,0.722672584682963
BSU_18840,xynA,273.863069399428,1.51697588725092,0.296015260140443,5.12465433887159,2.98084091826781e-07,1.97492105487071e-06
BSU_18849,yozV,19.3315123426569,2.13958814061096,0.739820072208533,2.89203851177463,0.0038275102640327,0.0119484639327346
BSU_18850,yobD,115.073516418147,0.448007913158619,0.332666692602576,1.34671706882852,0.178071372824533,0.295297156400395
BSU_18860,yozH,76.7406434857572,0.591255290561374,0.320982709864626,1.84201601017929,0.0654728080359706,0.135315964837587
BSU_18870,yozI,152.336859686436,0.488000942069271,0.333229684260552,1.46445819541006,0.143068797349783,0.249162821107962
BSU_18880,yobE,438.321293601726,-0.191142734855326,0.183928899174105,-1.03922078430096,0.298702066298048,0.433013065663915
BSU_18890,yobF,1347.61823684331,-0.0064814533084801,0.175092130156215,-0.0370173879471196,0.970471141664873,0.983407730784353
BSU_18898,yozW,14.3767969091039,1.53080292464124,0.713545762529042,2.14534652860325,0.0319251509379397,0.0754658976478975
BSU_18899,yozX,1.34055569537472,-2.35751331064621,2.94762694402292,-0.799800434524688,0.423826431261251,0.560573848185287
BSU_18900,yozJ,20.4139042701363,1.45958454082845,0.663700167186472,2.19916253300923,0.0278663673910208,0.0669689239630024
BSU_18908,yozY,920.373119143439,-0.753419241350466,0.182986081824403,-4.11735818286695,3.83240209803555e-05,0.0001893477570215
BSU_18910,rapK,1360.21249235342,-0.315279591667409,0.310106798278287,-1.01668068361558,0.309305357745358,0.444222775973032
BSU_18920,phrK,631.33788550535,-0.947196234354542,0.278413009388648,-3.40212634615904,0.0006686371831148,0.002523697660659
BSU_18950,yozL,0.80810134220713,2.67292048823463,3.4568819878377,0.773217164380715,0.439393869603418,
BSU_18960,yozM,83.5008172654196,-3.01595683392535,0.421438415141861,-7.15634058397393,8.28591339229013e-13,9.13558848060894e-12
BSU_18970,yobI,958.379550005531,0.521953264644093,0.181101530179222,2.88210300668115,0.0039503057218286,0.0122349354486659
BSU_misc_RNA_74,asrE,422.980050752748,-0.674493958783489,0.286482855725489,-2.35439554341009,0.0185528572901793,0.0477089202601465
BSU_18978,bsrE,158.371132888614,-0.54979261851777,0.281351806486822,-1.95411085282483,0.0506881088866716,0.109430662663262
BSU_18980,yobJ,920.896879039248,-0.874811705503474,0.340020426148374,-2.57282103729184,0.0100873353166974,0.0278575040963989
BSU_18990,rttM,188.147644901277,0.314681147600282,0.252934311969332,1.24412202184114,0.213454657225954,0.335888668544155
BSU_19000,rttL,470.238504062923,0.27943412098879,0.245232443266617,1.13946636614059,0.25450868893207,0.383391361791423
BSU_19010,yobM,488.380892572385,0.751252644050243,0.248121787720418,3.02775766268761,0.0024637557661215,0.0080874649504579
BSU_19020,yobN,179.971300787257,-5.71632819590493,0.391678173198017,-14.5944517388642,3.0465197809466197e-48,1.48321013604963e-46
BSU_19030,yobO,12590.8489185854,-2.36545828116738,0.144678663818724,-16.3497382318321,4.36852600171509e-60,2.743307705135e-58
BSU_misc_RNA_75,bsrF,184.253970919325,-2.6726790876713,0.323972740131893,-8.24970362192579,1.58787834581292e-16,2.34023022871e-15
BSU_19040,csaA,101.152743916143,0.28645187243212,0.352291818308143,0.813109636799928,0.416155201772371,0.552789849564587
BSU_19050,yobQ,114.540030291245,0.278977384669278,0.341640192282125,0.81658244835227,0.414167088760842,0.550824430816676
BSU_19060,yobR,159.460033155845,0.238167801512334,0.250978658471194,0.948956389212951,0.342642793017884,0.480010094454087
BSU_19070,yobS,14.2660662505601,1.65170933533634,0.969398883379394,1.70384901783501,0.0884092976489019,0.170940422451
BSU_19080,yobT,29.3499273511666,0.951214355607142,0.584675611341886,1.62690958397258,0.103756302187151,0.193782783352122
BSU_19090,yobU,12.4132052851025,-1.36625737116161,0.714294138618533,-1.91273776067097,0.0557816325150803,0.118696576853163
BSU_19100,yobV,42.7543024072354,1.07812278800184,0.567848478221126,1.8986099802173,0.0576157752283903,0.121780075153471
BSU_19110,yobW,27.2883018826692,-7.22756165304423,1.18798376821634,-6.08388923014982,1.17301660848895e-09,9.83110438023718e-09
BSU_19120,czrA,120.924702957967,0.634249411263144,0.350610497611076,1.80898579929772,0.0704532095563115,0.143393389392197
BSU_19130,yocA,1310.91173116759,0.541796032258485,0.166378126011077,3.25641384025694,0.0011282916814805,0.0040605380862583
BSU_19140,yozB,973.4975906936,0.21065535219185,0.160741771602457,1.310520284129,0.190019886815789,0.309648803901021
BSU_19150,yocB,287.402475354471,-1.97120137784307,0.227269468171775,-8.67341043959848,4.19367001921436e-18,6.96213493994477e-17
BSU_19160,yocC,8.48012268999062,-0.244098240098172,0.91803779347636,-0.265891275754388,0.790322944263412,0.861237043048983
BSU_19170,yocD,1328.50225029485,0.37338136565665,0.149640028777454,2.49519709871178,0.0125887183014138,0.0338734528815614
BSU_19180,desE,145.888579623477,0.59075529903431,0.296090779329179,1.99518303262507,0.0460229209078299,0.101639814624682
BSU_19190,desK,174.001790724878,-0.0354427079326564,0.228017414428736,-0.155438601132518,0.876475554660695,0.921564809110602
BSU_19200,desR,119.395840523346,0.408834355774427,0.361443478910144,1.13111559518844,0.258006441173863,0.387233082648545
BSU_19210,walL,385.934566995801,0.885078015125162,0.236211042236863,3.74697984795158,0.0001789764584564,0.0007617927254341
BSU_19220,recQ,394.311923292621,0.620762044198327,0.228755840202581,2.7136445725215,0.0066547523484761,0.0194699810438536
BSU_misc_RNA_32,ssrSA,327.942659424912,-0.693566015135065,0.342281295345756,-2.02630416726236,0.0427336244862047,0.0962895449291342
BSU_19230,azoJ,199.159358094836,0.570466022507785,0.246025773673211,2.31872463600305,0.0204099718329426,0.0517474593049387
BSU_19240,yocK,194.453165743953,-2.39931403942008,0.301092523517537,-7.9686935145048,1.6036060865060701e-15,2.13797697625564e-14
BSU_19250,yocL,93.8843028007107,-2.30176503743418,0.378310757355369,-6.08432351626734,1.16984179819085e-09,9.823497115428231e-09
BSU_19259,yoyB,38.6826667801158,-2.898257883298,0.619401812406685,-4.67912399551565,2.88103179257605e-06,1.66225176527723e-05
BSU_19260,yocM,207.057268379338,-2.44881705241693,0.316885644714374,-7.72776265906325,1.09453165273027e-14,1.3746683047189099e-13
BSU_19270,yozN,486.913969994638,-4.44771492718194,0.790113127640851,-5.62921279445399,1.810339429196e-08,1.35244840460453e-07
BSU_19280,yocN,810.830451663649,-3.25720090482182,0.400343789017803,-8.13600958519423,4.08519485438934e-16,5.784689315055241e-15
BSU_19290,yozO,803.021446308339,-0.919351059345057,0.225748275643529,-4.07246104859188,4.65189815375152e-05,0.0002262253052772
BSU_19300,yozC,222.341144634211,-0.117038930249906,0.246894965098569,-0.474043406284854,0.635468954389897,0.746607098528043
BSU_19310,dhaS,45558.9228899878,-1.15225395234557,0.174651079757239,-6.59746251753601,4.1825438553971e-11,4.00950498350346e-10
BSU_19320,sqhC,316.73925391385,-2.19581169930967,0.255372749317613,-8.59845737329904,8.0794734932325e-18,1.30142597197682e-16
BSU_19330,sodF,195.934229343801,-2.46715247433135,0.360372841641768,-6.84611099740931,7.588460873839489e-12,7.68243013232395e-11
BSU_19340,yocR,386.635283338117,1.66958348183253,0.267794833437148,6.23456196074962,4.53043989047702e-10,3.91043745925038e-09
BSU_19350,yocS,874.798579002868,1.24172350627299,0.203268473474915,6.10878551427816,1.00392135767741e-09,8.49607664612544e-09
BSU_19360,odhB,13161.7925408626,0.922416867955418,0.173146931675856,5.32736479374783,9.96479039876126e-08,6.89735412105951e-07
BSU_19370,odhA,16168.1820586208,1.02113649464165,0.16345364921942,6.24725418807184,4.17730953405305e-10,3.6200564422103803e-09
BSU_19380,yojO,405.33532441436,-0.810218259481563,0.205571230238986,-3.94130179860114,8.10405837816792e-05,0.0003755602668727
BSU_19390,yojN,237.781478281606,-1.05251896824742,0.266029560028976,-3.95639856011783,7.6088175958876e-05,0.0003537447064697
BSU_19400,sodC,353.423517794606,-2.14572199203166,0.225502350898137,-9.51529766091402,1.81193409847445e-21,3.65167927846036e-20
BSU_19410,cwlS,1520.0363987842,-0.557210639304104,0.257859282970132,-2.16090975234987,0.0307023114226956,0.0727752272399017
BSU_19420,yojK,64.7527925051129,-1.14799176330083,0.37757117663306,-3.04046451198393,0.0023621352699305,0.0078130779577167
BSU_19430,cdaS,48.3233737326582,-4.51971859147844,0.645486383762212,-7.0020355272799,2.52270085389881e-12,2.7123729032118e-11
BSU_19440,mdtK,79.7458190043123,0.418979543025028,0.390731929444599,1.07229410102364,0.283587955504336,0.41471029740138
BSU_19450,rsbRC,78.3588310968434,0.207844940045219,0.319821244371084,0.649878467122901,0.515770728232552,0.644266625720178
BSU_19460,bshBB,528.32972756194,0.533705303058254,0.177101194569688,3.01356128260471,0.0025820088766573,0.0084372884333003
BSU_19470,yojF,122.038117670806,0.629328678962355,0.306523317088172,2.05311845421968,0.0400610905858997,0.0916014277090782
BSU_19479,yoyC,94.1214823914862,0.773908543721267,0.354916147859097,2.18053911716779,0.0292175225257835,0.0696570933974072
BSU_19480,yojE,98.2777741237238,1.01821148482888,0.402181135426365,2.5317236318144,0.0113503413151278,0.0307958853590787
BSU_19490,gerT,7.38666952157179,0.575691450496117,1.06171429179842,0.542228219911179,0.5876612971429,0.709088387780614
BSU_19510,yojB,33.2037088883883,0.312150767402259,0.736057714243793,0.424084635432365,0.671504090346434,0.772194061430759
BSU_19520,yojA,172.282846467956,0.637557127834482,0.246423648130373,2.58724003427291,0.009674816955754,0.0268552093973621
BSU_19530,yodA,24.4689435520158,-0.377344872980269,0.746201155468047,-0.505687870107335,0.613075784895202,0.728195552618122
BSU_19540,arxR,293.259013537253,0.0553439375515389,0.262781231696745,0.210608410631879,0.833192848783673,0.892956867123338
BSU_19550,noxC,2557.7052884304,0.769933537327247,0.170092408066513,4.52656027437846,5.99515054911722e-06,3.3218653873817e-05
BSU_19560,yodD,432.478119398593,-1.11968916680695,0.305681137531447,-3.66293182447925,0.0002493449183657,0.001035869157506
BSU_19570,yodE,288.198307408442,-1.5069278905761,0.291268186588257,-5.1736782798951,2.29529905898242e-07,1.53717632497231e-06
BSU_19579,yoyD,18.4583548993951,0.246131008351893,0.681257057276605,0.361289480560872,0.717883056702775,0.810009071173799
BSU_19580,yodF,676.718660295877,0.926539321668233,0.225298199149897,4.11250212014246,3.91393875205193e-05,0.000193155997866
BSU_19590,ctpA,2409.09359348419,-0.131004810982751,0.170170335525489,-0.769845170594546,0.441391741339012,0.576590417612885
BSU_19600,yodH,14.5850211631865,-1.81387431482274,1.11954300690467,-1.6201917243338,0.10519109858755,0.196124367547269
BSU_19610,yodI,15.6329924701535,-3.01693170599856,1.04134614999685,-2.89714587796544,0.0037657460702728,0.0117762910497755
BSU_19620,ldcB,240.369763651885,0.0084194080331133,0.260781727432391,0.0322852682816747,0.974244557289508,0.98622519938326
BSU_19630,deoD,205.134599206706,-0.0589429865017474,0.257016212100617,-0.22933567505334,0.818608027581187,0.882345418783403
BSU_19639,yoyE,1.36187863445904,-2.39250643453493,2.96712761378363,-0.806337558054688,0.42004824016093,0.556766296915665
BSU_19640,yodL,8666.0078150509,-3.36760402049984,0.189305430364171,-17.7892626430288,8.55988803738953e-71,6.28643980779811e-69
BSU_19650,pgpB,53.7697519979724,0.0694365964490742,0.402490446535426,0.172517377857719,0.863030800622216,0.912076209535625
BSU_19660,yozD,126.491711406213,-5.41167800108543,0.500733685120412,-10.8074974021052,3.17205760375476e-27,8.59032849816837e-26
BSU_19669,yoyF,35.1013203320219,-7.33651546173949,1.11398732018972,-6.58581595030189,4.52393953546792e-11,4.30818241916099e-10
BSU_19670,yodN,13.8772111467373,-0.623442826327237,0.738839359715987,-0.843813771056934,0.398773478963107,0.53703924824714
BSU_19680,yozE,866.002226470255,-1.27634393518407,0.341061119334637,-3.74227334289536,0.0001823629938199,0.0007746851492371
BSU_19689,yokU,133.135767691969,-6.05160940180207,0.691614835237878,-8.74997049437298,2.13408538662561e-18,3.58410541870107e-17
BSU_19690,kamA,1047.15861297898,-6.4953336449549,0.327836376868087,-19.81273007897,2.31201403882528e-87,2.3852278167214202e-85
BSU_19700,kamB,692.186866417529,-6.61492578734781,0.380790316797534,-17.371570377576,1.3546721250576801e-67,9.46741019012082e-66
BSU_19710,yodQ,939.104059764486,-8.53320710053591,0.476905745832505,-17.8928586520593,1.34051481869171e-71,1.03722334096271e-69
BSU_19720,yodR,448.923308717184,-9.37077458309561,0.73901709746503,-12.6800511317521,7.62820897348795e-37,2.89938855106345e-35
BSU_19730,yodS,742.106744635242,-9.10286165646868,1.13432559898295,-8.02491071754918,1.0159980934415801e-15,1.38874439712377e-14
BSU_19740,yodT,2004.11983508199,-8.61001658669876,0.400003800736278,-21.5248369411753,9.11404163129456e-103,1.19670128449695e-100
BSU_19745,BSU_19745,0.0,,,,,
BSU_19749,yoyG,53.6916223682661,0.281176230826759,0.406371109982448,0.69191983366855,0.488987674428134,0.623721988017987
BSU_19750,cgeE,303.565699799092,-0.173619456589126,0.247263475554123,-0.702163779749683,0.482577030875897,0.61754467654615
BSU_19760,cgeD,256.689776448159,-1.17249862109844,0.366755942330574,-3.19694512281852,0.001388913475555,0.0048815765004891
BSU_19770,cgeC,1.71757593174679,-3.04194796823328,3.20950354015954,-0.94779392830396,0.343234372134892,0.480683430659499
BSU_19780,cgeA,2.31911424036304,3.50418060013413,2.26189224495265,1.54922525949395,0.121327579347888,0.218739599212959
BSU_19790,cgeB,26.5107310928821,-0.330875851215287,0.50877040362753,-0.650344141200321,0.515469950286125,0.644266625720178
BSU_19800,phyC,68.0240743896043,-1.12889879946763,0.339709292432812,-3.32313193843794,0.0008901280254905,0.0032769114141467
BSU_19820,sprB,14.8397969402484,-5.45422300710552,1.41495490960472,-3.85469739712709,0.0001158728597809,0.0005149508732626
BSU_19830,yotM,6.26157474023966,1.15403873598719,1.70264018551645,0.677793667625164,0.497902526638112,0.631413361636732
BSU_19840,yotL,107.608436936132,0.320748390045601,0.35660514702462,0.899449693089978,0.368413180316634,0.506544726433816
BSU_19850,yotK,4.46105488980105,-2.47490960340199,1.60889384342291,-1.53826780649283,0.123983147836788,0.222174929518942
BSU_19860,yotJ,2.5176768133806,-0.753154499157069,1.95059406621492,-0.386115446674431,0.699411170453677,0.795531334191757
BSU_19870,yotI,2.04298149013504,0.969015992336902,1.9538873873135,0.49594260069883,0.619934908719369,0.733727932117188
BSU_19880,yotH,1.23895948562682,-0.506126857652314,3.41348817824203,-0.14827262648174,0.882127617454573,
BSU_19890,yotG,3.76858897243981,-0.0106074205620334,2.27403456068923,-0.00466458194849,0.996278215577337,0.997429183940989
BSU_19900,yotF,0.0,,,,,
BSU_19910,yotE,8.64537067716803,-1.23759161869304,1.06647011276041,-1.16045597892068,0.245863206674684,0.374829688655185
BSU_19915,BSU_19915,6.79196601304629,-1.47379539273091,1.31859768923638,-1.11769905617263,0.263695546009111,0.393454821231914
BSU_19920,yotD,1.81469298261883,2.28445984194162,2.66272065976311,0.857941982597924,0.390924500524701,0.530087356902235
BSU_19930,yotC,8.62924602371604,-1.3074716593954,1.36071816580744,-0.96086882078153,0.336618129627237,0.474391911346263
BSU_19940,yotB,17.5307692817015,-1.42088779831857,0.99118188639148,-1.43352881829942,0.151706769314901,0.260851361683122
BSU_19950,sspC,283.386728145561,-7.0650242009123,1.4931048469414,-4.73176697228255,2.22573838765849e-06,1.30326005861139e-05
BSU_19970,yosX,19.2454824236491,-1.12129693094753,0.732177276046255,-1.53145551990157,0.125656851511068,0.224246761778196
BSU_19980,yosW,3.92563546234317,-0.9339978308487,1.4015681940014,-0.66639485316957,0.505158751386129,0.637220631661163
BSU_19990,yosV,14.1290535541919,-0.0317106764569042,1.12084374921042,-0.028291790429525,0.977429428268811,0.987877230446049
BSU_19999,yojW,6.91100763143454,2.28098327453734,1.36996426986376,1.6649947189967,0.0959138094274441,0.182438339003123
BSU_20000,yosU,4.8546672383116,-0.838707940193836,1.44903747529917,-0.578803484720555,0.562721779558184,0.687418514470147
BSU_20010,yosT,73.3635425849499,0.409042013033748,0.486859442164854,0.840164486108998,0.400816167567078,0.538675180994855
BSU_20020,dutB,15.4748397839024,0.709725867398864,0.954631867004711,0.743455034269625,0.457206235476764,0.59278115449456
BSU_20040,nrdFB,40.572799679088,0.175266396009842,0.419870131030646,0.417430017180834,0.676363902825337,0.777163826821051
BSU_misc_RNA_76,srdFi,0.0,,,,,
BSU_20050,yosQ,0.0,,,,,
BSU_20060,nrdEB,50.289030988363,0.245749365811772,0.536706048171802,0.457884472606329,0.647035442941923,0.754468399964304
BSU_misc_RNA_33,srdEi,0.0,,,,,
BSU_20070,nrdIB,0.597538719745812,-0.0358583746649083,3.43110941750621,-0.0104509563239084,0.991661495095847,
BSU_20080,yosL,7.19306605468242,0.0711764111340104,1.20683597143839,0.0589777010451364,0.952969869176859,0.97203823991133
BSU_20090,yosK,4.68240484889076,-1.26432870870064,1.60070833367388,-0.789855767039583,0.429612006265245,0.565598759286569
BSU_20100,yosJ,7.63604752482259,2.19955809811663,1.45080617078267,1.51609370184167,0.129495660642605,0.229772603425228
BSU_20110,yosI,1.72905870961305,-0.634048973830081,2.62504307715381,-0.241538502490993,0.809137778988164,0.87507959729363
BSU_20120,yosH,34.5632799599702,-1.44326681312218,0.516808727507863,-2.7926517806343,0.0052277935318044,0.0156870009510447
BSU_20130,yosG,18.5358682941956,-0.436004326795834,0.752004913710709,-0.579789199307761,0.562056782017844,0.686993522280203
BSU_20140,yosF,1.13310213621985,-0.498668048620786,3.43671478348351,-0.145100213441433,0.884631749771096,
BSU_20150,yosE,7.16463345376211,-0.783129958417823,1.01190996229568,-0.773912687489675,0.438982426177061,0.57413548222916
BSU_20160,yosD,9.52438891678398,-0.952669384074452,0.783507384423824,-1.2159035166912,0.224021678299104,0.348464449748748
BSU_20170,yosC,19.5486558022696,-0.320203055562287,0.851771487811197,-0.375926008494502,0.706971904361317,0.801703549227319
BSU_20180,yosB,14.5026121974215,-0.900166672034973,0.757501966698064,-1.18833575569286,0.234701156137051,0.361521546228881
BSU_20190,yosA,2.10536261423002,-0.470456181304128,1.99754205659187,-0.235517535038437,0.813807070584498,0.879358113925843
BSU_20200,yorZ,20.6767535474527,-1.10224282989768,0.661713730517742,-1.66573969839686,0.0957652713579431,0.182310380168608
BSU_20210,yorY,1.58404361600567,0.197298578214435,2.64174668285994,0.0746848967368972,0.940465424767113,0.963021178540462
BSU_20220,yorX,2.53591726823248,-1.19364385081885,2.04670802605791,-0.583201822449432,0.559757444474231,0.685343036707218
BSU_20230,yorW,10.6702333238328,0.242645661705174,1.13011888037395,0.214708085953652,0.829994917924364,0.891072343747837
BSU_20240,yorV,9.20323938994492,-0.434411976732722,1.26689277288335,-0.342895615186147,0.731676990589826,0.819425277907913
BSU_20250,mtbP,17.2110905738154,-1.23063402743366,1.00006891628478,-1.23054922255301,0.218491506486124,0.342314510739405
BSU_20260,yorT,0.541646381648353,-1.57928570998614,3.46050810647266,-0.456373937408839,0.648121103966332,
BSU_20270,yorS,6.51148131952546,1.88592537390624,1.45317900260771,1.29779288753965,0.194358514338345,0.314237105458228
BSU_20280,yorR,16.2202533080663,0.199985093080766,0.699886935806531,0.285739142780695,0.775077922408945,0.850446350417311
BSU_20290,yorQ,4.13289137427539,-1.89512876571603,1.71284750256066,-1.10642001864315,0.268544764768997,0.398494680049338
BSU_20300,yorP,7.29025226696565,2.43188843393669,1.34211941762021,1.81197619377925,0.0699898750041703,0.142713472184974
BSU_20310,yorO,5.41685607003545,-0.210916571240235,1.53102358084858,-0.137761804506848,0.890428672054793,0.929693358075522
BSU_20320,yorN,6.49678953806384,0.391656683941516,1.01600489253939,0.385487005837751,0.699876631880678,0.795531334191757
BSU_20330,yorM,55.7624502492141,-0.211151628445197,0.449397888486714,-0.469854518356153,0.638458960573403,0.748698965132491
BSU_20340,dpoL,61.5779162013729,-1.68445059237159,0.433621246840733,-3.88461267671758,0.0001024931515711,0.0004635728870124
BSU_20350,yorK,12.5864598179894,-0.947949763987968,0.854265053624961,-1.10966702894549,0.267142535664209,0.396957684167702
BSU_20360,yorJ,7.42576732873121,-0.250322726118541,1.06534835359472,-0.234967956982237,0.814233603642521,0.879599652102479
BSU_20370,yorI,8.92244330658688,-0.742984766552377,0.999324031382523,-0.743487340662157,0.457186683056726,0.59278115449456
BSU_20380,yorH,1.95501597645197,-0.505029558060786,1.87723143799594,-0.269028926236147,0.787907423069012,0.859950343616632
BSU_20390,yorG,33.9944882581185,0.23864957143412,0.4532434274074,0.526537302039261,0.598514941577464,0.717191715114809
BSU_20400,yorF,40.5608012091757,0.281420980143038,0.611424195910054,0.460271251981068,0.645321533244617,0.75315599045683
BSU_20410,yorE,13.896788146589,-0.711270318181849,1.00413895716769,-0.70833853532392,0.478735052062441,0.614624883136758
BSU_20420,yorD,3379.31561762393,0.608712997999077,0.234654546635022,2.59408141341433,0.0094844025248673,0.0264112571595438
BSU_20430,yorC,39.8763921590103,-0.621123652009745,0.56469217032505,-1.09993317536564,0.27136123874703,0.401026005283383
BSU_20440,yorB,636.636275931133,-0.18411532595573,0.26106150746882,-0.705256503499353,0.480650623818793,0.615989101747066
BSU_20450,yorA,52.9637465230861,-1.28362082517607,0.374454467721535,-3.42797572422247,0.000608099834163,0.0023219367282614
BSU_20460,pghZ,17.0194083029336,-2.72365099146757,1.08860922972813,-2.5019547116533,0.0123509723107559,0.0333230155806383
BSU_20470,yoqY,4.40080459821244,0.16681751807895,1.58919584348173,0.104969767422417,0.91639979825827,0.947735522917244
BSU_20480,yoqX,0.298383603721826,0.222306745258041,3.48211260936823,0.0638424916701286,0.949095643789729,
BSU_20490,yoqW,456.656350692248,-0.161892929165758,0.181238080265629,-0.893261112281053,0.371717357954098,0.509861130742357
BSU_20500,yoqV,44.8985608786719,-0.349079445922381,0.528453803208011,-0.660567572422174,0.508889670680412,0.639877812843361
BSU_20510,yoqU,10.2209785875986,-1.54565935752542,1.1812114238688,-1.30853742716351,0.190691088623321,0.310486720632043
BSU_20520,yoqT,2.31929970935776,-1.14680262597172,2.08986805798857,-0.548744032709645,0.583181123485235,0.70430110691396
BSU_20530,yoqS,3.90312003992066,2.00952713112331,1.38493325836664,1.45099203805193,0.146782077281959,0.254097779010279
BSU_20540,yoqR,0.626350488236338,-0.834898110499793,3.45820364584688,-0.241425374558975,0.809225448237538,
BSU_20550,yoqP,1.9609460752281,-0.286083534257348,2.67760176150173,-0.106843197659423,0.914913376818289,0.947042441890503
BSU_20560,yoqO,151.048499549209,0.221119238776244,0.267595954368074,0.826317570078424,0.40862396916066,0.54630288749557
BSU_20570,yoqN,3.67829289659787,1.89694864731097,1.79360699545108,1.05761666414213,0.290230242135741,0.42299617866605
BSU_20580,yoqM,2400.15845823857,-1.81673754609047,0.238385174750917,-7.62101732202406,2.5168416360060202e-14,3.08936963422495e-13
BSU_20590,yoqL,31.933828272616,-0.114079306204653,0.50479435900782,-0.225991642277614,0.821207920687835,0.883906712918261
BSU_20600,yoqK,7.77380912067277,-0.0264891731427881,0.993368276371708,-0.0266660147830975,0.978726119761798,0.987877230446049
BSU_20610,yoqJ,12.8862170438333,-0.122795922445596,0.727621578974602,-0.168763442418305,0.86598271453124,0.913636012189887
BSU_20620,yoqI,11.7169387430044,-2.50905857564436,1.10175409538703,-2.27733083648122,0.0227664768394541,0.0566611970967
BSU_20630,yoqH,28.9095178744186,0.336861433239709,0.627458286012663,0.536866658308678,0.591359723259087,0.711569475390621
BSU_20640,yoqG,13.393569664173,0.186397763969161,0.854390491703063,0.218164604802205,0.827300862108048,0.888620385600935
BSU_20650,yoqF,4.89175886527487,-0.814711986296799,1.70688578451825,-0.477309023067845,0.633142086696991,0.744519656320521
BSU_20660,yoqE,1.76632809085771,0.792371128207377,2.78958389628112,0.2840463515952,0.77637485944012,0.851113942785533
BSU_20670,yoqD,20.0874574101195,-0.323495015880421,0.632063885539437,-0.511807466430918,0.608785764315788,0.724689207906678
BSU_20680,yoqC,9.28319271650566,-0.639267216107567,0.880539810574185,-0.725994677845073,0.467842033239187,0.603500902061744
BSU_20690,yoqB,4.38805233905622,-1.02593462372684,1.58604403070778,-0.646851287772262,0.517728195050432,0.646116436968181
BSU_20700,yoqA,14.9356383785489,-1.60865733469665,0.805476078485164,-1.99715097402024,0.0458087849618965,0.101369148015673
BSU_20710,yopZ,7.36016273788806,-1.39787757022671,1.03605076642283,-1.34923655821728,0.177260995756834,0.294619061992467
BSU_20720,yopY,3.39340385970056,-0.649326740097825,1.8510629057809,-0.350785885271627,0.725748987092109,0.815949756375223
BSU_20730,yopX,16.1965113721381,-0.150174751503885,0.781627798423175,-0.19213077094602,0.84763977217372,0.901085165070836
BSU_20740,yopW,8.84616690867614,-1.75317253353405,1.48764380188301,-1.17848945514709,0.238601533753732,0.366617179345717
BSU_20750,yopV,36.5907735923254,-0.750837984835434,0.677084885480504,-1.1089274047265,0.267461500460426,0.39715924657129
BSU_20760,yopU,138.42616331528,0.989403380431017,0.35497924756413,2.78721470964939,0.0053163241995242,0.0159305897348122
BSU_20770,yopT,297.362167058866,1.55283002185484,0.320853583949125,4.83968420343736,1.30045607143938e-06,7.78297811815859e-06
BSU_20780,yopS,159.821890988911,0.49219104328807,0.265606441026497,1.85308398917543,0.0638703213052547,0.132733861973942
BSU_20790,yopR,3826.01947559417,-0.344818221618499,0.255106870093334,-1.35166184075068,0.176483517534157,0.293890500182745
BSU_20800,yopQ,4702.89704754804,-0.236638853551804,0.211382344980267,-1.11948258296545,0.262934317188228,0.393217238982621
BSU_20810,yopP,2152.13103483112,-0.373967537654977,0.23659583538078,-1.58061758379267,0.113965502848136,0.20880022149724
BSU_20820,yopO,219.776541549444,-0.327320571321536,0.246182586546199,-1.32958458156467,0.183655180944471,0.302117653391189
BSU_20830,yopN,270.574218351557,-0.257790322121472,0.311258673168303,-0.828218919965902,0.407546530809989,0.545103485163936
BSU_20840,yopM,248.932112564133,-0.758460836386153,0.384978758629948,-1.97013684361533,0.0488226893589776,0.106393236439868
BSU_ncRNA_1,aimX,16.5161736161736,1.15760595216871,0.742654081882684,1.55874178895521,0.119057506733958,0.216119051813255
BSU_20850,aimP,10.1105193097244,2.28851276000115,1.33209163439043,1.71798448463974,0.0857994453147794,0.167463511958982
BSU_20860,aimR,411.72831319581,0.0241699352975687,0.269848530492871,0.0895685266598373,0.928630095935611,0.955123022467782
BSU_20870,yopJ,202.832624452968,1.26370222535574,0.37760757606425,3.34660188369928,0.0008180861012988,0.003027128161339
BSU_20880,yopI,294.568884487747,0.762409372625834,0.316586679445619,2.40821683957424,0.0160306564656395,0.0420210734819213
BSU_20890,sieB,343.352630875697,0.793719950204257,0.368689952701637,2.15281144600806,0.0313335002255756,0.0741901947964038
BSU_20900,yopG,79.5904488881287,1.02855029008388,0.542253445299213,1.89680729371176,0.0578533763477205,0.122163099276156
BSU_20910,yopF,41.7854860056147,0.618172320605735,0.46028582693899,1.3430183690789,0.179266025931796,0.296813026504575
BSU_20920,yopE,43.7476312187116,0.74286993864205,0.405965622500049,1.82988385584782,0.067267308013323,0.138071646433789
BSU_20928,yoyH,28.6114587361795,-0.620830084056676,0.587705630248304,-1.05636232171942,0.290802713095733,0.423688014742371
BSU_20929,yoyI,71.2221762388788,0.0477196190699897,0.334389241074631,0.142706801560459,0.886521744834439,0.927740724838482
BSU_20930,yopD,194.247828604835,0.693718087273528,0.301308412003515,2.30235220669988,0.0213153178996137,0.0535726638393423
BSU_20940,yopC,750.670064539366,0.559293816817268,0.202476541721438,2.76226476441271,0.0057401908904338,0.0170124809358754
BSU_20950,yopB,9.11664183850925,-0.270927741235152,0.926688659407073,-0.292361127423855,0.770010526274842,0.846138087677907
BSU_20960,yopA,767.589843314726,-1.51751466398623,0.265914217958512,-5.70678271976791,1.15131599365665e-08,8.79832839596868e-08
BSU_20970,yonX,39.6325174125303,-0.665934070460826,0.57748069358003,-1.15317114124186,0.248840146136895,0.377794097130751
BSU_20980,yonV,66.3138088366316,-0.517784905443577,0.528912922298275,-0.978960588056076,0.327599453430813,0.465558685377407
BSU_20990,yonU,448.291963426369,-0.741658192872154,0.338996873911262,-2.18780245468073,0.0286839950131912,0.0685158491687747
BSU_20999,yoyJ,65.3526375007059,-0.160446645451246,0.454255277943516,-0.353208103993008,0.723932432840541,0.814330018561283
BSU_misc_RNA_90,apbT,3.21916016919239,-0.737753546490044,1.86367722415335,-0.395859077381383,0.692208991681448,0.789716050804559
BSU_21000,spbT,15.1335446261608,0.286750118664912,0.667725934510152,0.429442835517949,0.667600986323981,0.770568746335059
BSU_21010,yonS,619.765352118449,1.81262442525672,0.195574412471223,9.26820846527368,1.8929863522299202e-20,3.58179470052936e-19
BSU_21020,yonR,63.161911289743,1.97004526701406,0.561924943105819,3.50588684696111,0.0004550886440831,0.0017975379168754
BSU_21030,yonP,1.91796882687531,0.919656810273228,2.75816373750184,0.333430824924917,0.738809098176249,0.824854373202186
BSU_21040,yonO,11.2762042830334,-0.43383462180867,1.08907870887462,-0.398350108466418,0.690372128882549,0.78824306573072
BSU_21050,hupN,3.48458339900676,0.582192164737199,1.89997966866691,0.306420207720267,0.759284724330302,0.837998143281508
BSU_21058,BSU_21058,4.83954122951117,-3.23506651307402,1.5085040537958,-2.14455274742798,0.0319886237775958,0.0754938490350341
BSU_21060,yonK,0.208888972502287,-0.0458029534555816,3.49439122312278,-0.0131075631006907,0.98954197723543,
BSU_21070,yonJ,10.7656642646669,0.0966510764990806,0.763437151817406,0.126599912342486,0.899257066323865,0.936654054899352
BSU_21080,yonI,50.0596302527782,-0.291522626676349,0.437104115297023,-0.666940933462161,0.5048098631532,0.637151510935862
BSU_21090,yonH,3.02405367553376,-0.395931925629195,1.50698582680573,-0.262731021477773,0.792757904825891,0.863070352163464
BSU_21100,yonG,4.9974187601386,-1.96171427717096,1.33237741608392,-1.47234128520189,0.140928739898663,0.246426242930147
BSU_21110,yonF,4.50525117296765,0.427840817431096,1.6251743919016,0.263258404490661,0.792351417564471,0.862844607264853
BSU_21120,yonE,32.6354487197971,0.733684651837108,0.478112318654083,1.5345445478219,0.12489574267582,0.223440649469169
BSU_21130,yonD,104.652245598171,0.937878050444406,0.419822356049728,2.23398786874826,0.025483871281076,0.0622444274300465
BSU_21140,yonC,36.6697754242052,0.576398848032355,0.589618551227047,0.977579227846239,0.32828247510273,0.466177445212797
BSU_21150,yonB,87.9320288474553,1.01174658813373,0.562009008089838,1.80023197772659,0.0718240165161177,0.145426852132868
BSU_21160,yonA,53.2699728655937,0.298336404387968,0.447658872688942,0.666436929074939,0.505131864764244,0.637220631661163
BSU_21170,yomZ,5.260462926306,0.16494192065153,1.55080843187917,0.106358668976067,0.915297784395905,0.947200178914185
BSU_21180,yomY,8.07480045048403,-1.08527706250339,0.969930738510963,-1.11892222754947,0.263173319420632,0.393217238982621
BSU_21190,yomX,24.6226550387389,-0.269032574130457,0.582734989953888,-0.461672250282664,0.644316373820037,0.752715785322788
BSU_21200,yomW,19.6479278039705,-0.82304785574327,0.78695183523177,-1.04586814452357,0.295621913689278,0.429266002686207
BSU_21210,yomV,34.487773252314,-0.559799618886162,0.751591562362537,-0.744818924159419,0.45638119305937,0.592065781295284
BSU_21220,yomU,28.4259652192709,1.4997753443768,0.804201003289952,1.86492598024783,0.0621917802263554,0.129931043259787
BSU_21229,youA,18.4671562401469,0.380497012449122,0.826689651449321,0.46026584678065,0.645325412513134,0.75315599045683
BSU_21230,yomT,11.3329938318116,0.685952628720093,0.869685322907039,0.788736581672098,0.430265982329268,0.565809560374118
BSU_21240,yomS,5.53842559754833,1.16069340583216,1.64560261656617,0.705330311308172,0.480604701383291,0.615989101747066
BSU_21250,yomR,18.1214086209874,0.352708071994815,0.715692603845412,0.492820618935723,0.622139340396985,0.735132195784057
BSU_21260,yomQ,2.64701070630738,1.04796284475616,1.93882102619286,0.540515514634161,0.588841564474921,0.710227429749276
BSU_21270,yomP,2.263356409005,-1.01283777035635,2.94945970828847,-0.343397730611511,0.731299266562404,0.819425277907913
BSU_21280,yomO,4.60554360169812,-0.394540109138761,1.58520905532386,-0.248888377096833,0.803447126189237,0.871463500061995
BSU_21290,yomN,17.2630255967019,0.118853892450782,0.701077188179222,0.169530394733652,0.865379466818698,0.91325925390642
BSU_21300,yomM,16.0401310672429,-0.467250400050526,0.755149625036737,-0.618752078474243,0.536079696145077,0.663666663827606
BSU_21310,yozP,42.1750555473456,-2.92847866450982,0.587265616638822,-4.98663395495684,6.14403125269312e-07,3.85268993023434e-06
BSU_21320,yomL,372.193747321814,0.256799842684609,0.216838876650263,1.18428875232922,0.236298779681443,0.363465606091477
BSU_21329,youB,22.8135885739383,1.2850260092289,0.91037000747483,1.41154255816631,0.158084696106223,0.269677554420577
BSU_21330,yomK,152.028214343908,0.609725491190181,0.32080278661411,1.90062404889148,0.0573512732163154,0.121339388108542
BSU_21340,yomJ,578.145013193587,0.101286627014317,0.194499501836794,0.520755200181991,0.602537315264803,0.72021908608066
BSU_21350,cwlP,196.878592900455,-0.0507217873414075,0.241474405987025,-0.21005036593457,0.833628363449274,0.892961220722929
BSU_21360,yomH,6.0353837262574,-0.225953865903343,1.1086741158513,-0.203805485013821,0.838505506384331,0.895991210644465
BSU_21370,yomG,84.9717465599407,0.490773131125005,0.363353012788515,1.35067857937552,0.176798416924641,0.29418876364611
BSU_21380,yomF,10.9949296864976,0.33131570144632,0.838406477149816,0.395173117665593,0.692715130532977,0.790073982771522
BSU_21390,yomE,22.3526273829164,1.05085219231291,0.683612095565999,1.53720538171996,0.124243022874527,0.222548581279589
BSU_21400,yomD,10.7121634692684,2.68257020089232,1.2716553577343,2.10951039884882,0.0349005493788075,0.0812159400957964
BSU_21409,BSU_21409,0.766154426527363,0.603556166592651,3.45859951521148,0.174508833398638,0.861465589234109,
BSU_21410,blyA,7.74999680512873,3.02821658349456,1.25031565101302,2.42196167107167,0.015436978650443,0.0406426256468173
BSU_21420,bhlA,0.0894946312195396,0.618380788489009,3.52501470935649,0.175426442008209,0.860744565017176,
BSU_21430,bhlB,0.689275079319681,0.366153694786246,3.43154359579323,0.106702329306006,0.915025134640176,
BSU_21440,bdbB,104.729072885438,1.69490927733753,0.424148756775619,3.99602556947764,6.44147796705631e-05,0.0003037097283052
BSU_21450,sunS,205.350749077519,1.98818368204684,0.325574989221623,6.10668432117634,1.01722148458779e-09,8.59185320218105e-09
BSU_21460,bdbA,33.5503868433522,2.58014750173362,0.840999626580089,3.06795320733464,0.0021553036413136,0.0072226842055777
BSU_21470,sunT,453.628899025123,1.79781188394009,0.317155949405887,5.66854220237031,1.44017599633251e-08,1.08526653775804e-07
BSU_21480,sunA,7266.23187637314,0.740031419321909,0.233793474310725,3.16532110874217,0.001549118870724,0.005374164985466
BSU_21490,sunI,948.417629556632,-0.487739346981826,0.304278625522334,-1.60293660504269,0.108948651040827,0.201568960273229
BSU_21500,uvrX,42.4881806966779,-0.493828526345903,0.627516882143812,-0.786956559094979,0.431307296494681,0.566931903568093
BSU_21510,yolD,5.12451471363369,-1.81040219647742,1.30794484407045,-1.38415790595823,0.166310109341244,0.281382937827259
BSU_21520,yolC,305.978314976966,-2.65434854617513,0.300599977466835,-8.83016881286355,1.04517857175583e-18,1.80428635514662e-17
BSU_21530,yolB,800.610227208041,1.02280068161966,0.270766625713177,3.77742522338447,0.0001584580586428,0.0006811495715271
BSU_21540,yolA,1450.20957889914,1.21202428443237,0.203269483538768,5.96264753238873,2.48183394447062e-09,2.03285188684144e-08
BSU_21546,bsrG,161.975400619986,-1.24635857527469,0.263636800562609,-4.72755917464832,2.27234852046397e-06,1.32339867461968e-05
BSU_misc_RNA_77,asrG,30.0158654314158,-0.293961978787254,0.75963092025668,-0.386980006932741,0.698771009231624,0.795108924107308
BSU_21550,yokL,212.408098534346,0.606971126840837,0.385941567889437,1.57270213250188,0.115787805839476,0.211245710611558
BSU_21560,yokK,229.181926526829,0.699688320326349,0.357910320490162,1.95492636079373,0.0505917626411389,0.109430662663262
BSU_21570,yokJ,205.231726459385,0.848604220734522,0.319588157624812,2.65530558779578,0.0079236592140827,0.0226025117673605
BSU_21580,yokI,705.473800586432,0.451922458195414,0.249095576957403,1.81425324253226,0.0696387465482372,0.142064354422557
BSU_21590,yokH,1445.68526344571,0.746362422479744,0.166829314380403,4.47380860642928,7.68385254826135e-06,4.16697535564661e-05
BSU_21600,yokG,2424.59907502506,0.734789283176698,0.173689137607723,4.23048495315937,2.33188042406581e-05,0.000118835581226
BSU_21610,nukF,94.5166958767334,1.12042706304125,0.322241134850102,3.47698335770335,0.0005070892920989,0.0019688332461152
BSU_21620,yokE,58.949683934445,1.65863095576508,0.458768624676453,3.61539753712414,0.0002998870717537,0.0012270166967981
BSU_21630,aacD,510.136055739112,0.392043612611268,0.245884798721446,1.59441988544969,0.110842021449249,0.204192037526032
BSU_21638,BSU_21638,84.6958578841254,0.702020710663772,0.391556416961555,1.79289798418168,0.0729892377436922,0.147372957662357
BSU_21639,BSU_21639,174.603485816521,0.412202192582641,0.277841379340276,1.48358820259746,0.137918201058701,0.2422373592166
BSU_21640,yokC,151.409420435268,1.20691146920974,0.360793731893707,3.34515642185631,0.0008223617680114,0.0030403528505064
BSU_21650,yokB,473.332883081791,0.427548323936905,0.208330331456439,2.05226152595213,0.0401442529475334,0.091694806548056
BSU_21660,sprA,869.246641582296,0.145458634085869,0.215237122369761,0.675806443072505,0.499163543424434,0.632419775923413
BSU_21680,msrB,801.562598588323,-0.216718693863491,0.225667098122777,-0.960346881163789,0.336880662638461,0.474391911346263
BSU_21690,msrA,696.634314750999,-0.396934441924041,0.198341392385538,-2.00126880803819,0.0453634292787848,0.100748200443349
BSU_21700,ypoP,1165.98711132298,0.0980132413692884,0.198368366308196,0.494097134504851,0.621237581489418,0.734467241635375
BSU_21710,dinF,208.427767361328,-0.784776765944805,0.306166317741552,-2.5632367784077,0.0103701300066106,0.0284931980460645
BSU_21720,ypmT,259.333555133238,-0.770638087065782,0.312597722852254,-2.46527095602042,0.013690967573274,0.036461562688996
BSU_21730,ypmS,1702.05994660656,-0.567547589754619,0.171584874591581,-3.30767843672433,0.0009407276013467,0.0034369078386469
BSU_21740,ypmR,3081.35323586369,-0.905096457956241,0.155433742508833,-5.82303715620054,5.77877012250449e-09,4.60283289353161e-08
BSU_21750,scuA,2744.11497670963,-0.884836961552389,0.138769886274482,-6.3762894480018,1.81429887240238e-10,1.62424731696684e-09
BSU_21760,ypmP,3827.36004753314,-0.510298561728334,0.182206808458322,-2.80065583743024,0.0050998876898397,0.01536704684289
BSU_21770,ilvA,4374.56730605068,-0.0388028065104162,0.145096376281856,-0.267427812497812,0.789139787705761,0.860428460022411
BSU_21780,silP,242.104771036374,0.0379999014428383,0.255057877257569,0.148985406180827,0.881565148618706,0.925126749327949
BSU_21790,yplQ,53.7975977732607,0.15442592563314,0.409439672629135,0.377164051156851,0.70605169388162,0.801079337415308
BSU_21800,ypkP,489.932238073469,-0.25407305652904,0.196985449857688,-1.28980621011651,0.19711795122844,0.317395794378606
BSU_21810,dfrA,273.099691547528,-0.0543347940879731,0.253630008345095,-0.214228570359245,0.830368817303825,0.891252931725904
BSU_21820,thyB,402.86689859394,-0.413200925670993,0.176830737840717,-2.33670305692662,0.0194546294870144,0.0496448230666864
BSU_21830,ypjQ,2955.96274426255,-0.214277073748189,0.173107380911994,-1.23782748383863,0.215780035312963,0.338526078258213
BSU_21840,ypjP,2530.12290406792,-0.329029300335165,0.155435186728743,-2.11682635868909,0.0342745874219293,0.0800602626949972
BSU_21850,rsmJ,83.1129581787746,0.539880267651171,0.329720596930126,1.63738714741434,0.101549602003204,0.189988957461089
BSU_21860,brxA,494.010404771098,0.562270240032164,0.170947980432023,3.28913063852048,0.0010049736597448,0.0036562139946887
BSU_21870,ilvD,5066.05549532774,0.715842022030716,0.201663954970504,3.54967759179084,0.0003857032106174,0.0015460240625397
BSU_21880,ypgR,1260.02878503766,-0.522020599907908,0.171927586830213,-3.03628178311739,0.0023951541033221,0.007898175593375
BSU_21890,hdhQ,412.95840701329,-0.456893073332733,0.294749898509835,-1.55010426006131,0.121116493734516,0.218574663620016
BSU_21900,bsaA,303.826975979267,-0.951083104616336,0.254690837486649,-3.73426509568172,0.0001882641136279,0.0007989700336435
BSU_21910,metAA,1076.81636498579,-0.513910233273371,0.159217742910422,-3.22771962395236,0.001247812122702,0.0044209075451087
BSU_21920,ugtP,2272.3014400915,-0.378591186402376,0.133585579108859,-2.83407227732167,0.0045958935969988,0.0140140794903562
BSU_21925,BSU_21925,15.7884937049889,0.555780294072944,1.00086930553013,0.555297570823758,0.5786911401319,0.701188057419042
BSU_21930,cspD,8179.42671235734,0.0682787759440428,0.251827250313849,0.271133389491994,0.786288441954624,0.858787281490716
BSU_21940,degR,306.677580449309,0.725797759604163,0.39782085894641,1.82443364464691,0.068086539452775,0.139488877280791
BSU_21950,ypzA,190.255931186808,0.812655637485888,0.295290502356247,2.75205477657212,0.0059222614028108,0.0175161492548664
BSU_21960,ypeQ,149.814040418818,-1.44052019120195,0.296353993913773,-4.86080910257981,1.16906947501075e-06,7.03552504891889e-06
BSU_21970,ypeP,528.519993459653,-1.46903973612198,0.303293936161117,-4.84361723388229,1.2749643675105e-06,7.65155208368834e-06
BSU_21980,queP,193.582921091059,0.530362259571056,0.236595130296859,2.2416448677773,0.0249843337146645,0.0611276781398313
BSU_21990,ypdQ,112.48578537587,0.833520845140034,0.274415641325773,3.03743926954411,0.0023859747731342,0.0078738984706707
BSU_22000,sspL,62.7034818734731,0.609397337339575,0.408635221453606,1.49129909842772,0.135882985546739,0.239147431508538
BSU_22010,exnP,739.671909749413,-0.0797573613627051,0.184968867042086,-0.431193436161112,0.666327726187315,0.76971421956002
BSU_22019,ypzF,869.618985025766,0.589238290772346,0.185489081584863,3.17667371975619,0.0014897453697708,0.005184792519853
BSU_22020,ypbS,456.096389907239,0.319415751292279,0.199574522142687,1.60048360814268,0.109491340461806,0.20239042884679
BSU_22030,dynA,580.291347058361,0.213954357419447,0.171201277504709,1.24972407062536,0.211400361213196,0.33381842752798
BSU_22036,fbpC,0.119394341282747,-0.736548910145558,3.53097325532699,-0.208596570091367,0.834763188348044,
BSU_22040,bpsB,7.92118747244987,-3.83523808230765,1.32152602154745,-2.90212831209844,0.0037063669591064,0.011612211159659
BSU_22050,bpsA,39.851673398931,-4.47593047122465,0.963920541832969,-4.64346414146681,3.42615479309688e-06,1.95593263748205e-05
BSU_22060,pbuX,9.72120147175332,-1.38615569030734,1.05905878986325,-1.30885622552297,0.190583057025185,0.310449769206815
BSU_22070,xpt,4.0674061080372,-1.42830067424056,1.70595335903615,-0.837244855889579,0.402454948694481,0.540557127307249
BSU_misc_RNA_34,gswA,78.9853010184794,-0.364917018279524,0.360003586053412,-1.01364828689618,0.310750608004594,0.44570750893211
BSU_22080,ypwA,686.541602179451,0.0658382711186508,0.197896493973865,0.332690437291657,0.739367968693124,0.825265689940059
BSU_22090,kdgT,364.396487902765,0.0315115204437351,0.250856687086675,0.125615628627222,0.900036191099186,0.937240282632245
BSU_22100,kdgA,152.511940831657,0.134741275563424,0.251680814869548,0.535365699738629,0.592397003622156,0.712021241572574
BSU_22110,kdgK,270.133407188896,0.082193857739359,0.272928527688882,0.30115524542401,0.763296115442379,0.841139895272592
BSU_22120,kdgR,275.129230049839,0.2342167680716,0.250005638109174,0.936845944127554,0.348837808255752,0.486956901795159
BSU_22130,kduI,429.580057188407,-0.404449946863914,0.196205581126872,-2.0613580130648,0.0392688973880123,0.0900752421293051
BSU_22140,kduD,331.030991420889,-0.306646870795112,0.24655395615148,-1.24373129347279,0.213598474633881,0.335888668544155
BSU_22150,ypvA,1468.66333799894,0.471804968876095,0.184548359848596,2.55653840144212,0.0105719401405329,0.0289925421702083
BSU_22160,yptA,160.843414776885,-2.94670319913027,0.434424817070908,-6.78299922872338,1.1770626563850798e-11,1.18334396522426e-10
BSU_22169,ypzG,161.044513288547,-2.2860126427167,0.539949423055521,-4.23375328337306,2.29823070390426e-05,0.0001175706451005
BSU_22170,rlmKB,506.579693945936,0.307516970157171,0.201009785408653,1.52986069574668,0.126051213968675,0.224747130808882
BSU_misc_RNA_35,rnpB,78741.3097330669,-0.289348945755585,0.143578091449379,-2.01527226636523,0.0438761291576057,0.0982000349379678
BSU_22180,gpsB,1124.02031017658,0.0387675423090576,0.20519041996092,0.188934465441619,0.850144180503087,0.903304250642442
BSU_22190,ypsA,130.398796881679,0.580447476038565,0.310004920233384,1.87238149511169,0.061153843286185,0.128195260260783
BSU_22200,cotD,203.759102335492,1.88572879808948,0.27723664194994,6.80187432954834,1.0326666531225199e-11,1.0430173911375001e-10
BSU_22205,BSU_22205,12.0791102946322,2.09039877306318,1.0015751080781,2.08711134712044,0.0368780705889044,0.0851773346810889
BSU_22210,yprB,183.007839534715,0.92665196048145,0.240138891670578,3.85881667911014,0.000113937360765,0.0005068691829518
BSU_22220,yprA,256.541697513791,0.968656168447743,0.21416377888479,4.52296916636326,6.09781260426971e-06,3.37013035896692e-05
BSU_22230,ypqE,721.582249589037,0.800685202274654,0.195861433443862,4.08801869871,4.35073092348128e-05,0.0002130137524456
BSU_22240,ypqA,1.097378712174,-1.11223657472816,3.41023256449387,-0.326146840044979,0.744313259586347,
BSU_22250,yppG,16.6221092808323,-1.63823329680747,0.880038020830457,-1.8615483172665,0.0626667840290678,0.13062276699082
BSU_22260,yppF,149.507824898197,0.511081729100754,0.263244504368437,1.94147160005074,0.0522011009424213,0.112140491018102
BSU_22270,yppE,858.499498935601,-2.61592970686626,0.265049256978968,-9.86959834063536,5.63899557615112e-23,1.2466208077276901e-21
BSU_22280,yppD,251.53740197028,-4.10818752891455,0.398694707897014,-10.3040934518141,6.75253124925691e-25,1.6624271535812602e-23
BSU_22290,sspM,12.4164195838682,1.26666099601057,0.752766520620292,1.6826744565723,0.0924381291865009,0.176992670687189
BSU_22300,yppC,30.0890120711885,-2.29330003174117,0.747700452687218,-3.06713741244787,0.0021611948119372,0.0072256613581205
BSU_22310,recU,467.162695287226,-0.187897094692459,0.319471238820415,-0.588150267880865,0.55643143498073,0.682621010127832
BSU_22320,ponA,6083.59130030428,0.0267197085640559,0.239290958555388,0.111662006476818,0.911091405314181,0.944736292269017
BSU_22330,ypoC,394.686255805516,0.133053555110565,0.211287711768412,0.629726897020886,0.528873281582748,0.657186099540592
BSU_22340,nth,274.750969947768,0.0504083144323576,0.213383245273598,0.23623370413982,0.813251327400974,0.878976802601252
BSU_22350,dnaD,873.458751246931,-0.0141513661788332,0.177919876813334,-0.079537859582042,0.936604819392803,0.961456688564089
BSU_22360,asnS,3589.52764079946,-0.176569971500531,0.150201709086446,-1.17555234607157,0.239773807781107,0.367896568383689
BSU_22370,aspB,1029.69748764068,0.273574376104791,0.163980545243958,1.6683343484301,0.09524937295518,0.181652963474822
BSU_22380,tseB,392.782990571032,-0.103790902917624,0.250414137203797,-0.414477010270209,0.678524800287294,0.778408249839779
BSU_22390,ypmA,52.8495093414255,-0.623589698279979,0.385973395668241,-1.61562870725935,0.106174613342683,0.197448326014526
BSU_22400,dinG,1170.88350352666,-0.255320505683149,0.163633283283532,-1.56032135125436,0.118683960232414,0.215621635088909
BSU_22410,panD,158.107877760784,-0.830723323235351,0.238859298138315,-3.47787726795675,0.0005054012765478,0.0019640392208807
BSU_22420,panC,237.185177153045,-0.733885643536204,0.243109830932381,-3.01874112092295,0.0025382732604802,0.008319469014872
BSU_22430,panB,355.027956612566,-0.848875520635034,0.207725400576303,-4.08652730133126,4.37877980616354e-05,0.0002141450665926
BSU_22440,birA,127.891462941939,-0.177841780339575,0.282571775052492,-0.629368521702278,0.52910782114865,0.657289045022104
BSU_22450,cca,160.15606520218,-0.254726557595084,0.24993261392592,-1.01918094479092,0.308117071330203,0.443281164301936
BSU_22460,bshA,178.327979595816,-0.795078186347993,0.325211508245767,-2.44480335470521,0.0144931140002291,0.0383386220775292
BSU_22470,bshBA,90.2571525180224,-0.559799342916354,0.380100919412825,-1.47276503245803,0.140814404132485,0.246325721883753
BSU_22480,mgsA,72.9958544294567,-0.0297215705464298,0.398685686931034,-0.074548877776922,0.940573650492323,0.963021178540462
BSU_22490,dapB,119.34056984006,0.0730210523148227,0.29995024474412,0.243443883091728,0.807661552303584,0.874561475459572
BSU_22500,ypjD,49.3690550595643,-0.0686683470273859,0.385742484084261,-0.178016033651056,0.858710383825439,0.909284480233536
BSU_22510,ypjC,166.094141475772,0.178232902308645,0.333209796987032,0.534896944568474,0.592721121244467,0.712021241572574
BSU_22520,ypjB,649.158754811675,-1.86752447056442,0.2249814914229,-8.30079158402419,1.03419981645412e-16,1.53992708065144e-15
BSU_22530,ypjA,110.113555293662,0.828188480981641,0.350492589674534,2.36292722123082,0.0181312298644721,0.0467634636921177
BSU_22540,qcrC,9373.81606410935,0.390635557681226,0.138185027281198,2.82690220038316,0.0047000679874742,0.0142814828819959
BSU_22550,qcrB,5125.07443309606,0.762317577066969,0.184316169758232,4.13592349530106,3.53529968442951e-05,0.000175872026781
BSU_22560,qcrA,3458.32246195556,0.649815780124142,0.198509851874005,3.27346866661602,0.0010623616840414,0.0038424150058025
BSU_22570,ypiF,557.408107455872,-1.57537530849841,0.226885294724254,-6.94348794360183,3.82535270761426e-12,4.0133785186664894e-11
BSU_22580,ypiB,16876.4613511462,-2.49044910389733,0.151816986594739,-16.4042849206679,1.78212700059568e-60,1.13558180787957e-58
BSU_22590,ypiA,1891.24706678939,-1.37517576359266,0.162763601016189,-8.44891459151163,2.94023458575152e-17,4.56632131184995e-16
BSU_22600,aroA,379.545786062488,0.955424318974519,0.194638015727965,4.90872410202673,9.16708350617202e-07,5.59450321580893e-06
BSU_22610,tyrA,323.000744239302,0.625772275198773,0.24496296799449,2.55455867603976,0.0106322507969847,0.0291210762979359
BSU_22620,hisC,931.994117958156,0.616114797746957,0.166810813979016,3.69349434278561,0.0002211934332902,0.0009278133073057
BSU_22630,trpA,645.819626315519,0.482796990778722,0.16744422140355,2.88333026205278,0.0039349464847216,0.0121960823449921
BSU_22640,trpB,570.429943868168,0.502515963580048,0.186235580298095,2.69828119189525,0.0069698540153224,0.0202823219935475
BSU_22650,trpF,262.884824402254,0.441604658529056,0.244600473161991,1.80541211887434,0.0710102161562494,0.144250945431331
BSU_22670,trpD,136.486208138637,0.487567612535301,0.268412416284221,1.81648680521179,0.0692957301801144,0.141564544493369
BSU_22680,trpE,798.885207138684,0.28646861474911,0.162841281714577,1.7591891425371,0.0785453877987431,0.156046384838126
BSU_22690,aroH,640.258458717515,0.320846295127735,0.164863670939215,1.94613096566332,0.0516390097897141,0.111139139979604
BSU_22700,aroB,822.256329793311,0.859367988828233,0.190387397032021,4.51378611307815,6.36804408521523e-06,3.51052608412692e-05
BSU_22710,aroF,742.173513199415,0.88639569391914,0.22749278137191,3.89636844111569,9.76458089800827e-05,0.000443965677136
BSU_22720,cheR,219.409340871262,0.852171263755867,0.241951891257821,3.52206903333442,0.000428192624941,0.0016959402594787
BSU_22730,ndk,3036.47710432285,0.979595580781502,0.139475709822019,7.02341348204312,2.16512241279091e-12,2.3453688536557496e-11
BSU_22740,hepT,395.18877162699,0.915722388773524,0.212454236142453,4.31021007347446,1.63099533876622e-05,8.5454689272963e-05
BSU_22750,menG,356.989947265355,0.76807050134752,0.217220749985704,3.53589839551732,0.000406390963187,0.001615497287605
BSU_22760,hepS,736.535618312303,0.722577234991491,0.268193842251695,2.69423499408075,0.0070550404309585,0.0205164363673445
BSU_22770,mtrB,364.671543099687,-0.14900019797018,0.189965652466287,-0.784353360914139,0.432832796822182,0.56849484953941
BSU_22780,folEA,552.112320989789,-0.195692087096842,0.181711661211107,-1.07693741718366,0.281508225515576,0.412532167172132
BSU_22790,hbs,7260.88430198297,0.548321561761964,0.202831364808541,2.70333714058249,0.0068647078889719,0.0200032140436552
BSU_22800,spoIVA,11352.7446729033,-6.71567843539267,0.167119668480028,-40.1848477589293,0.0,0.0
BSU_22810,yphF,3220.15273688328,0.079596636131181,0.184522281062325,0.431365988285698,0.666202276232379,0.76971421956002
BSU_22820,yphE,383.45886339965,-0.0880422391831483,0.223065325974058,-0.394692625573673,0.693069745791497,0.790073982771522
BSU_22830,gpsA,734.136375099343,0.289800155193662,0.17641840879135,1.64268659477826,0.100447793746894,0.188408114917574
BSU_22840,der,773.933851217951,0.176360232990273,0.177633244556304,0.992833483567727,0.3207911094674,0.457533863503043
BSU_22849,ypzH,34.4403758892753,-4.4753390136189,0.737537621411346,-6.06794675104834,1.29555841963294e-09,1.08162902355867e-08
BSU_22850,yphB,99.2857624491825,-4.41802696895826,0.619146744534384,-7.13567019120926,9.63167025039521e-13,1.0538895756303598e-11
BSU_22860,yphA,69.0874112125664,-4.15977534272318,0.574212348870327,-7.24431536679225,4.34629040792941e-13,4.90429071290576e-12
BSU_22869,ypzI,66.4173204703781,-0.797410284784728,0.515609483189352,-1.54653921384896,0.121974397200206,0.219482999613161
BSU_22870,fni,1564.4986291998,0.400532177044708,0.157928062731555,2.53616849416768,0.0112072796208737,0.0304267810759685
BSU_22880,rpfA,7684.62167712674,0.48868907184346,0.169243989164553,2.88748258804226,0.0038833809907737,0.0120707961499446
BSU_22890,cmk,511.213344812529,-0.0914354397355835,0.201810470485542,-0.453075796888021,0.650494162791592,0.757284169139937
BSU_22900,ypfB,56.9549756903048,-0.653260281718509,0.573035450780544,-1.13999976934881,0.25428639721849,0.383242768399207
BSU_22910,dgrA,122.361606674618,1.23836156466444,0.292736969570668,4.23028757345079,2.33392752419519e-05,0.000118835581226
BSU_22920,sleC,126.983853692844,-1.18154667269487,0.563736890117777,-2.09591866951978,0.0360894062661456,0.0835785127478402
BSU_22930,sleB,35.4889672867251,-6.1300690254452,0.975080650918552,-6.28673025115462,3.24222010711932e-10,2.8323668798685502e-09
BSU_22940,prsW,1112.31829599028,0.182205285290351,0.187420043447999,0.97217609140564,0.330962952652005,0.468494764404161
BSU_22950,ypdA,1357.02906553029,0.720439919518222,0.154611409287382,4.65968147395327,3.16699077744012e-06,1.81275707247662e-05
BSU_22960,gudB,2940.43967994194,0.867662670577915,0.19845370689254,4.37211621875998,1.23047990973036e-05,6.50997490703499e-05
BSU_22970,mecB,1647.4138989004,-0.198822900062047,0.138595689066776,-1.43455327796129,0.151414436648258,0.260555501984472
BSU_22980,ypbG,119.463207668822,-2.24961198874877,0.39393831755522,-5.71056911323035,1.12598998508185e-08,8.63524708913217e-08
BSU_22990,ypbF,156.576449590071,-1.6189809094383,0.258637342492464,-6.25965645113863,3.85826489500348e-10,3.3570003594478105e-09
BSU_23000,ypbE,364.447416814268,0.385361404865004,0.189140418864143,2.0374355052148,0.0416064188828498,0.0942397349813844
BSU_23010,ypbD,211.096999562384,0.568128855580411,0.301217567187227,1.88610797466298,0.0592804059035414,0.124629790771492
BSU_23020,recS,747.372907237336,0.572075919860985,0.191774516236574,2.98306537848476,0.0028537702749808,0.0092141479891893
BSU_23030,gmmB,544.809098263464,0.508800078404014,0.213574215601212,2.38231041594483,0.0172043881477092,0.0446386909245653
BSU_23040,fer,2382.43960849051,0.226689690857364,0.13644519175913,1.66139742950815,0.0966336537212244,0.18333267468928
BSU_23050,fmnP,617.925958824425,0.0670995866106596,0.178927841948826,0.375009198567601,0.707653625597914,0.802266656126573
BSU_misc_RNA_78,fswB,140.668742175449,-0.001589346069162,0.25023824879003,-0.0063513314884795,0.994932404735459,0.996897027756794
BSU_23070,serA,2441.40718282287,1.50124939342351,0.1814325996449,8.27441924087377,1.29083225310433e-16,1.9089338405123002e-15
BSU_23080,aroC,459.687942419711,0.321760873537732,0.183755708222438,1.75102518800797,0.0799415714056194,0.158456920814524
BSU_23090,rsiX,949.86524190904,-1.13301932427162,0.19837009737374,-5.71164373699407,1.11890134704156e-08,8.59609846938135e-08
BSU_23100,sigX,410.074398417699,-1.13193335320936,0.235760672624869,-4.80119665679119,1.57720285137539e-06,9.3745129698348e-06
BSU_23110,resE,2995.63613895287,0.240571502446422,0.169008109494093,1.42343171086018,0.154611045289749,0.26479797156744
BSU_23120,resD,912.73169339215,0.194214859286819,0.207586946399559,0.935583198535993,0.349487828461104,0.487550148332893
BSU_23130,resC,1119.30941747985,0.264642549707189,0.231666802263682,1.14234127255736,0.253312191943175,0.382706320672865
BSU_23140,resB,1714.16374978092,0.0376259331802266,0.147770957679292,0.254623329043359,0.799014038969849,0.868480453332065
BSU_23150,resA,743.656331243154,-0.0594159010739926,0.207818463725064,-0.285902898178467,0.774952493936437,0.850446350417311
BSU_23160,rluB,835.692563917221,-0.528105361450447,0.197782817738038,-2.6701276050679,0.0075822425688878,0.0218153101268201
BSU_23170,spmB,304.291658107031,-5.94646718243772,0.40274972245513,-14.7646710870179,2.47526884777166e-49,1.2327976916545501e-47
BSU_23180,spmA,233.073661690186,-7.05864675947997,0.60023034314961,-11.7598965797712,6.28111843536667e-32,2.0463222692062998e-30
BSU_23190,dacB,535.168422455519,-6.33207141514661,0.373190505725166,-16.9673968603312,1.43137992411504e-64,9.69088939248513e-63
BSU_23200,ypuI,330.074100840935,-0.748939840075944,0.236824057601611,-3.16243141706414,0.0015645758458877,0.0054191104238462
BSU_23210,spcB,155.585285422978,0.704750362561696,0.356825146819646,1.97505800486059,0.0482615658315537,0.105508256684219
BSU_23220,scpA,258.378164497073,0.661968356588572,0.326100249182386,2.02995354418861,0.0423612616391749,0.0955996597304922
BSU_23230,ypuF,98.2729191191064,0.316456488262664,0.339288464374012,0.932706300069846,0.350971631168605,0.489147660937139
BSU_23240,ypzK,4266.94485052628,-0.0555565262697892,0.138313773944742,-0.401670236342365,0.687926731858985,0.786072396926419
BSU_23250,ribH,808.163858022369,0.358118077126854,0.168167837372492,2.12952775466584,0.0332106211123571,0.0780377555747524
BSU_23260,ribBA,1652.97525297571,0.232008453344951,0.162653101980505,1.42640042224807,0.153752791894037,0.263950414927442
BSU_23270,ribE,789.023737051826,0.44750397992827,0.230719580537861,1.93960122016967,0.0524281724785999,0.11246102542068
BSU_23280,ribD,1380.66070102759,0.360584986145617,0.161581453402904,2.23159885340614,0.0256414874974277,0.0624885069327077
BSU_misc_RNA_36,fswA,108.816000218805,-0.406787462382079,0.356500440213184,-1.14105739151072,0.253846040834019,0.382921562675204
BSU_23300,ypuD,302.874855793809,-1.61982089368533,0.369918085073511,-4.37886375131789,1.19299684887867e-05,6.32711792679472e-05
BSU_23310,sipS,868.140390169909,-0.185270560261922,0.188525466548639,-0.982734925173217,0.325737916909964,0.463369137876189
BSU_23320,ypzC,3.74645858214819,-2.21927250310333,1.57671725632615,-1.40752724954275,0.159271102854374,0.271594525253051
BSU_23328,ypzJ,58.0570040715097,-1.18681752212068,0.424291511723901,-2.79717479451481,0.0051551635252885,0.015518883161039
BSU_23340,ypuB,15.5850732544922,-3.50664195929046,1.25024146273889,-2.8047717691337,0.0050352219421987,0.0151933263757292
BSU_23350,ypzD,13.2313298736668,-1.2296783300579,0.852245412192567,-1.44286881743876,0.14905742873554,0.257419624835032
BSU_23360,ppiB,54.1957343240987,0.998463250240104,0.471539672496994,2.11745333102692,0.0342213920943828,0.0800222838343016
BSU_23370,ypuA,552.910662114809,-1.60687417357884,0.339204190114881,-4.73718845582251,2.16703629867922e-06,1.27060463899554e-05
BSU_23380,lysA,1009.37868395319,0.228188166954112,0.169446822365731,1.34666536538286,0.17808803172201,0.295297156400395
BSU_23390,spoVAF,110.669688406258,-1.54306890628842,0.315121933343608,-4.89673597110697,9.74416206362779e-07,5.92166258368853e-06
BSU_23401,spoVAEA,34.4237668076052,-2.59422378535806,0.634062572822539,-4.0914318184873,4.28717995966224e-05,0.0002103776983603
BSU_23402,spoVAEB,22.3154155314371,-6.25534996958203,1.3656853525551,-4.58037421129158,4.64144707198071e-06,2.59837082207913e-05
BSU_23410,spoVAD,69.9611691458804,-4.62989945800202,0.709792699632179,-6.52288965553081,6.896560098196919e-11,6.46813742543014e-10
BSU_23420,spoVAC,18.7772760323556,-6.5484287271194,1.24597098917521,-5.25568314512219,1.47476008523238e-07,1.00316098105367e-06
BSU_23430,spoVAB,4.79814490294211,-4.45501703682652,2.29405494339499,-1.94198358223867,0.0521390878523014,0.112062831182551
BSU_23440,spoVAA,7.84406773955894,-3.20177699513579,1.5186805159342,-2.1082623774667,0.0350083003404716,0.081375271346059
BSU_23450,sigF,17705.8950325089,-3.35894671183639,0.143572680741513,-23.3954446938537,4.7551518544962e-121,9.36548772069639e-119
BSU_23460,spoIIAB,7590.48589288596,-3.2769493689213,0.146012824360999,-22.4428873509045,1.5017157517761702e-111,2.6027737409784603e-109
BSU_23470,spoIIAA,6679.0766440185,-3.48538559946432,0.158456179391925,-21.9958957286455,3.1524721442809897e-107,4.8784506432748306e-105
BSU_23480,dacF,991.557480135217,-7.40438206752875,0.842865868425683,-8.78476913694317,1.56685999659917e-18,2.66243308441733e-17
BSU_23490,pupG,1865.22155661528,-0.170016802427663,0.13547196767353,-1.25499618369301,0.209480145355917,0.331996148437157
BSU_23500,deoB,1656.18124443212,-0.238028755944776,0.153656840622216,-1.54909312843415,0.121359334527569,0.218739599212959
BSU_23510,ripX,1101.92806352697,-0.247272552559325,0.188476194197482,-1.3119564176908,0.189534839978686,0.309207252118842
BSU_23519,yqzK,85.3888282109563,-3.53215026795513,0.469427995798166,-7.52437072260557,5.29748387593037e-14,6.2887664751798e-13
BSU_23520,fur,1854.93062726042,-0.202157677937361,0.139174995543438,-1.45254308899379,0.146350657220382,0.253654959094366
BSU_23530,spoIIM,200.411876261839,-5.9233257061609,0.534736617914648,-11.0770901182353,1.62053993932957e-28,4.61960497178619e-27
BSU_23540,yqkK,5.13353045553074,-0.0120322341512236,1.0736491280973,-0.011206858773822,0.991058407577583,0.995715847571532
BSU_23550,mleA,899.117664775143,0.361774278500971,0.171181430202237,2.11339675146751,0.0345668237815267,0.080566132478348
BSU_23560,mleN,352.442177073743,0.492563996572435,0.226659027515379,2.17314969525762,0.0297690524813753,0.0708732441768128
BSU_23570,ansB,458.781506070945,0.150798810874239,0.177647804696177,0.848863914373401,0.395957020448291,0.534480302056837
BSU_23580,ansA,233.247930702218,0.278752498904675,0.32516481055658,0.857265269349223,0.391298298049812,0.530087356902235
BSU_23590,ansR,152.181650066522,0.928082185118375,0.397840898681416,2.33279732725912,0.0196587850253711,0.050136265753345
BSU_23600,yqxK,251.938061870476,0.331421870933067,0.216867200354388,1.52822497081847,0.126456690975932,0.225302977795523
BSU_23610,nudF,99.0964282613731,0.194200166157757,0.307858192110036,0.630810454731525,0.528164466698214,0.656681961033963
BSU_23616,mciZ,6.55397097100946,-5.83790639918891,1.66948608456669,-3.49682842711692,0.0004708245399747,0.0018479010251002
BSU_23620,yqkF,354.166649884679,-0.395982063375488,0.208059116611629,-1.90321899767864,0.0570119752420148,0.1209167345686
BSU_23630,yqkE,128.084605369766,0.0231661035819208,0.316398345546785,0.07321815650422,0.941632518364732,0.963649906016623
BSU_23640,yqkD,176.815196359124,-0.102745781015856,0.227213774809819,-0.452198732677436,0.651125821090091,0.757606923411214
BSU_23650,yqkC,236.402664741592,0.304522541088405,0.222678483099895,1.36754362994198,0.171454971493711,0.287728269357959
BSU_23660,yqkB,221.960326224051,0.0711432258594918,0.21642242361884,0.328723912568265,0.742364378294865,0.82733149463777
BSU_23670,yqkA,348.886157009508,1.4585897474857,0.307048617754434,4.75035438411328,2.03060472888746e-06,1.19546335465616e-05
BSU_23680,yqjZ,117.403603946343,0.606224835601071,0.27374469950372,2.21456282697022,0.0267900858896385,0.0648862169702647
BSU_23690,yqjY,298.27011917587,0.816346367952168,0.238658541438701,3.4205621262537,0.000624918604246,0.002373157153548
BSU_23700,yqjX,1.78960013235909,-0.958086423378079,2.20746004711865,-0.434022090061674,0.664272399960904,0.768774655189797
BSU_23710,polYB,11.6727082747783,-0.925057164719784,0.913879158401046,-1.01223138334645,0.311427434032995,0.446382756091621
BSU_23720,yqzH,28.9496496007544,0.817458147786811,0.607932912370064,1.34465190344754,0.178737673486566,0.296164565666268
BSU_23730,yqjV,187.599269397321,0.109480140410579,0.251689696095487,0.434980621411869,0.663576493558672,0.768174444720738
BSU_23740,yqjU,30.4601624525379,0.331809380326322,0.496255599464814,0.668625967513839,0.503734103586504,0.636164345916736
BSU_23750,yqjT,142.403433281882,0.35616383810624,0.347473843961123,1.02500905980736,0.305358912857484,0.440746225653391
BSU_23760,coaA,193.743369396451,0.190925216975763,0.28170567142721,0.677747153646129,0.497932023243183,0.631413361636732
BSU_23770,dsdA,258.77028571317,-0.113470554222395,0.200523987522929,-0.565870226420766,0.571482002714446,0.694330829403951
BSU_23780,yqjQ,222.858407413355,-0.141006275626847,0.276389346845185,-0.510172614235488,0.609930536388805,0.725254943516107
BSU_23790,yqjP,179.671117687063,-0.0146851396018236,0.230116084402707,-0.0638162240590033,0.949116559660084,0.96879200306411
BSU_misc_RNA_91,pswI,84.1594360345807,-0.783612435103546,0.499784966312713,-1.5678991724878,0.116904664954507,0.21298436880343
BSU_23800,proI,22.5853263541202,-0.302929128795432,0.576220227727479,-0.525717623607447,0.599084417031218,0.71739254503533
BSU_23810,yqjN,348.597107255881,0.658304847731706,0.222785574737898,2.9548809365516,0.0031278973773275,0.0100468342001189
BSU_23820,yqjM,337.121247995773,0.97429315245269,0.236013645981989,4.12812211937543,3.65737873025501e-05,0.0001815283165887
BSU_23830,yqjL,818.967905840513,-1.81577558046225,0.264359254105269,-6.86859095062813,6.483912986586989e-12,6.65753435328944e-11
BSU_23840,rnz,141.592022638702,0.230333018457404,0.272593211154291,0.84496975358287,0.398127726762123,0.536407786088396
BSU_23850,zwf,1088.29964940317,0.329348496233706,0.146277676916261,2.25152944165396,0.0243520243167349,0.0597831849090154
BSU_23860,gndA,3050.65694452207,1.7249354525671,0.197545875025861,8.73182217720965,2.5060201011513397e-18,4.17637888395722e-17
BSU_23870,polYA,178.201446488396,0.422843634222647,0.234441060460324,1.80362447342797,0.0712901967932115,0.144548630184832
BSU_23880,mifM,211.847076300244,-0.376792263203841,0.21194626559041,-1.77777259794706,0.0754412106964701,0.151196468986034
BSU_23890,oxaAB,1303.36251547671,-0.0965303513414236,0.163518598084542,-0.590332552212291,0.554967719599668,0.681597258794037
BSU_23900,yqjF,8.03061813018937,-2.83030872832102,1.4817120629641,-1.91016108936787,0.0561124753956236,0.119186777211803
BSU_23910,yqjE,1133.09114925607,0.194906945783447,0.178071108336187,1.09454558689821,0.273715765234609,0.403267735723074
BSU_23920,yqjD,693.000044297263,0.194880592440847,0.161458952029028,1.20699775386756,0.227433008990539,0.352456090113021
BSU_23930,yqjC,7.72456765683339,-3.83625809043209,1.38245445055906,-2.77496165525071,0.0055208216605328,0.0164863681978557
BSU_23940,yqjB,36.2322039903775,-2.18122169081433,0.550966584622898,-3.95890014329496,7.52957075554972e-05,0.0003504364133597
BSU_23950,yqjA,557.255006265229,0.222183892625216,0.20104853342855,1.1051256571547,0.269105144515021,0.398916384257128
BSU_23960,artR,9758.701786949,0.157550210896566,0.172492911924207,0.913372086650109,0.361046881037554,0.499963647612659
BSU_23970,artQ,5330.50673757951,-0.190524819689557,0.138395237734969,-1.37667179021302,0.168613744217383,0.284060401902769
BSU_23980,artP,27664.6550598869,-0.251614918284858,0.14372238394747,-1.75070097902651,0.0799974307151743,0.158495138220782
BSU_23990,brxB,1089.2547865992,-0.0898637579953291,0.170789542412563,-0.52616663014561,0.598772437203767,0.717301899475787
BSU_24000,bmrU,101.603275469811,-3.00400338751081,0.402015699597731,-7.47235341932344,7.87730958161379e-14,9.24996813472427e-13
BSU_24010,bmr,1294.60543486858,-0.663880789542563,0.230637703382958,-2.87845733722137,0.0039962532956103,0.0123507600070467
BSU_24020,bmrR,175.828740089892,-0.0804891048599923,0.260851409129098,-0.308563044105149,0.757653936402905,0.836939974513244
BSU_24030,bkdB,1492.71899037745,-1.73791060184749,0.841822163602638,-2.06446287231258,0.0389738506226956,0.0895406652959384
BSU_24040,bkdAB,592.693352120537,-1.3491545056815,0.82102263622391,-1.64326103344312,0.100328936814298,0.188354519817104
BSU_24050,bkdAA,555.692327688378,-1.27043357900657,0.860316490063415,-1.47670490299788,0.139754757317112,0.244768538179082
BSU_24060,lpdV,495.417213902375,-0.974457916467313,0.75442942353483,-1.29164887538659,0.196478769847313,0.316484204367437
BSU_24070,buk,487.723251473839,-1.71388359623658,0.457547173293614,-3.74580741893636,0.0001798144977606,0.0007646086543638
BSU_24080,bcd,692.216738540971,-1.15591361630495,0.856304833414153,-1.34988566127349,0.177052661756282,0.29438571887566
BSU_24090,ptb,313.688905087088,-1.0158942843209,0.54391755307255,-1.86773579668865,0.0617989064391091,0.129292435012381
BSU_24100,bkdR,193.829728712927,0.002344890794134,0.251762350162962,0.0093139057234578,0.992568685865615,0.995902538239389
BSU_24110,yqzF,526.729267570683,0.249116012044574,0.191345499827951,1.30191727669879,0.192944665801306,0.312982810752175
BSU_24120,mmgF,1436.12142666106,-4.26562568611409,0.289020104687425,-14.7589237459012,2.695479054998e-49,1.32721713014845e-47
BSU_24130,mmgE,1542.26087106715,-5.64004028965943,0.253538230189595,-22.2453248389477,1.25182518486134e-109,2.0862148176939198e-107
BSU_24140,mmgD,1143.77650970678,-7.1131299203211,0.372928145030385,-19.0737277813707,4.1745788936758e-81,3.84860645665899e-79
BSU_24150,mmgC,1169.67855071941,-7.0590081965163,0.372910559465522,-18.9294939961842,6.51854914664785e-80,5.76425988825003e-78
BSU_24160,mmgB,845.605430122805,-6.95362685569372,0.313906220976689,-22.1519243360586,9.995709239558391e-109,1.60412622722246e-106
BSU_24170,mmgA,985.411665354243,-6.63973953054506,0.257982125777353,-25.7372076090084,4.48286683682991e-146,1.76584200036218e-143
BSU_24180,glpQ,225.542904240264,0.106402780895338,0.231885458899374,0.458859220411534,0.646335264641528,0.75403903139671
BSU_24190,yqiI,60.3646554866513,-0.402018626376951,0.411378984851858,-0.97724638637465,0.328447188514393,0.466177445212797
BSU_24200,yqiH,31.913463161225,-0.623820442298772,0.557785004167642,-1.11838869391921,0.263401020960606,0.393286224611407
BSU_24205,BSU_24205,0.119394341282747,-0.736548910145558,3.53097325532699,-0.208596570091367,0.834763188348044,
BSU_24210,yqiG,87.0789873071666,-0.408670469141201,0.357858122013971,-1.14199020226582,0.253458092289213,0.382793277758508
BSU_24220,spo0A,5762.45328436328,-1.24391040819005,0.187801654110209,-6.6235327589824,3.50714156464162e-11,3.38450877496484e-10
BSU_24230,spoIVB,194.167070192379,-5.29286041148843,0.407072641416346,-13.0022503921481,1.18795341968025e-38,4.76611311803196e-37
BSU_24240,recN,1316.29636761351,-0.017887981516473,0.164069277558176,-0.109027002390074,0.913181073184624,0.946153417051405
BSU_24250,argR,241.302430384665,0.0673611556724693,0.343257982993818,0.196240609132993,0.844421844456911,0.89870065815011
BSU_24260,yqxC,1143.47468084629,-0.278995432632582,0.163721152513711,-1.70408910729612,0.0883644413071634,0.170939212935255
BSU_24270,dxs,2355.89172096193,-0.304261096825838,0.178322188550658,-1.70624362172071,0.0879627300747717,0.17045729401341
BSU_24280,ispA,134.077570780792,-0.0026604219502864,0.259892641699813,-0.010236618985771,0.991832502399805,0.995902538239389
BSU_24290,xseB,29.0242831996757,-0.552721940724193,0.529363990892349,-1.04412455367897,0.296427767172745,0.430003855091899
BSU_24300,xseA,143.711619553794,0.523849417664806,0.296065279007778,1.76937133398558,0.0768319261980748,0.153557535155101
BSU_24310,folD,612.016443566588,0.588776387472679,0.20132607559602,2.92449145362629,0.0034501955370182,0.0109404281979164
BSU_24320,nusB,338.3412016524,0.277374650625949,0.226670152375462,1.22369287583351,0.221068108173204,0.3451849054827
BSU_24330,yqhY,1208.43408425848,0.0633748228176388,0.181611483186514,0.348958236041457,0.727120663796315,0.816644332874399
BSU_24340,accC,2257.89990933259,0.452186662757239,0.192235312063337,2.35225598202403,0.0186599285473251,0.0478989753528196
BSU_24350,accB,361.378280970649,0.953056582536992,0.281290569087099,3.38815689992751,0.0007036400066945,0.002642003595327
BSU_24360,spoIIIAH,2273.12442668429,-5.94213305698678,0.247838762536133,-23.9758018325341,4.97388647094272e-127,1.07759250392974e-124
BSU_24370,spoIIIAG,664.627030473758,-7.42051365193191,0.957717024675107,-7.74812753741036,9.325745162041511e-15,1.18848393491547e-13
BSU_24380,spoIIIAF,457.548295139596,-6.24634116154633,0.334958344438285,-18.6481133109887,1.30812599410649e-77,1.06945470423838e-75
BSU_24390,spoIIIAE,241.76913050597,-6.02524497529909,0.474221600901246,-12.7055472881207,5.50827206749751e-37,2.1121542361475e-35
BSU_24400,spoIIIAD,135.844304692826,-7.4486003820416,0.764877013106502,-9.73829812428217,2.06991793807003e-22,4.4400764483452604e-21
BSU_24410,spoIIIAC,109.903533839166,-6.14454094683259,0.672854300194652,-9.13205272680136,6.72125666817709e-20,1.2185441482515199e-18
BSU_24420,spoIIIAB,238.419716543575,-7.61091637039278,0.558719087755758,-13.622080464378,2.96013273060918e-42,1.2699262496762e-40
BSU_24430,spoIIIAA,713.917334082842,-6.63532176371735,0.288441649177549,-23.0040348980012,4.2473839477582504e-117,8.00170201984195e-115
BSU_24440,yqhV,218.161940834737,-8.3027115593624,1.24004475235965,-6.69549348405644,2.1494502500554198e-11,2.10238553803389e-10
BSU_24450,efp,871.08752663786,0.573485841513025,0.160221794144302,3.57932480144693,0.0003444831028306,0.0013949955930517
BSU_24460,papA,1729.11755836248,0.371353243170147,0.166052574793417,2.23635943996737,0.0253282357511105,0.0619283700923056
BSU_24470,yqhS,417.273088972303,-0.116222205367304,0.222498652009412,-0.522350155013019,0.601426554239071,0.71948681930367
BSU_24480,yqhR,49.5234977403915,-6.99171192549043,1.08957054535106,-6.41694285452413,1.39038082957616e-10,1.2603598607852502e-09
BSU_24490,yqhQ,1391.26429995304,-1.05108433217177,0.183043736627329,-5.74225784251635,9.34224235158751e-09,7.24149125392284e-08
BSU_24500,yqhP,1045.50050508414,-0.841615719616636,0.178496966817482,-4.71501412389383,2.41693983245434e-06,1.40383381957435e-05
BSU_24510,yqhO,201.401699530681,-3.96476371003221,0.368413623043824,-10.7617185197318,5.21877428956817e-27,1.38729748446005e-25
BSU_24520,mntR,927.091495137822,0.862034760139798,0.213726084435421,4.03336243405643,5.49843748322466e-05,0.0002635478939691
BSU_24530,lipM,625.446426578219,0.504571214656508,0.192227444081245,2.62486564844117,0.0086683163562493,0.0244188333930339
BSU_24540,yqhL,398.217458203868,0.786364105218417,0.204327269811584,3.84855191352356,0.0001188181191764,0.0005264201537745
BSU_24550,gcvPB,16694.9948143579,0.276431959274325,0.179048030064374,1.54389835607205,0.122612958427181,0.220357506787629
BSU_24560,gcvPA,9574.6937257718,0.245230668576307,0.186334682604927,1.31607634793493,0.188148418618429,0.3076228286483
BSU_24570,gcvT,7358.5588096362,0.305104147151273,0.15925601004273,1.91580931275002,0.0553893719271302,0.117937173739683
BSU_misc_RNA_37,swgA,1220.71439339783,0.0177310230986454,0.174050879700997,0.101872642810571,0.91885776484068,0.948632522052577
BSU_24580,yqhH,294.518781897265,-6.17752872589473,0.459905269291642,-13.432176446705,3.91726856052319e-41,1.64791501677155e-39
BSU_24590,yqhG,147.340246660765,-3.63390220537193,0.5406773901686,-6.72101750775775,1.8045990732969497e-11,1.77711995104447e-10
BSU_24600,sinI,687.236247719656,-0.383183233997245,0.179469018349887,-2.13509405422948,0.0327533282188423,0.0771305278110021
BSU_24610,sinR,3073.568572232,-0.550191594959873,0.155957834898318,-3.52782273053862,0.0004189926515581,0.0016640652238326
BSU_24620,tasA,118.132715341518,-1.35407608043686,0.473717001131806,-2.85840718657277,0.0042577364435456,0.0130749624449918
BSU_24630,sipW,10.9890934833269,-2.61845753676954,1.04442599527324,-2.50707809707907,0.0121733811747075,0.0328643368411262
BSU_24640,tapA,2.71092213377234,-1.94630879916269,2.67799127927025,-0.726779364155755,0.467361126377414,0.603060083559658
BSU_24650,yqzG,64.1950150335653,-3.87479842843543,0.571455938015851,-6.78057251778518,1.1970057462767598e-11,1.20060784690213e-10
BSU_24660,spoIIT,41.8861462414805,-2.90172621691291,0.734099857975344,-3.95276771325893,7.7252422335084e-05,0.0003587725037276
BSU_24670,comGG,16.1735400512332,1.7493004336087,0.709113409389677,2.46688387279871,0.013629455112182,0.0363424178468213
BSU_24680,comGF,15.8427374172501,1.5410135309062,0.799834564646222,1.92666533683477,0.0540213503740067,0.115364470759276
BSU_24690,comGE,21.033921840581,1.21892929052539,0.715113237654304,1.70452625730114,0.0882828149085852,0.170939212935255
BSU_24700,comGD,20.2689741223797,1.73144535344462,0.764050362401875,2.26614034708606,0.0234427916022572,0.0580775391724303
BSU_24710,comGC,13.6957453874388,1.2482928171419,0.966071127718174,1.2921334478656,0.196310934355746,0.31644913637033
BSU_24720,comGB,66.0226275036303,2.51511391154316,0.787598992744897,3.1933940174017,0.0014061094173571,0.0049333377371728
BSU_24730,comGA,137.864080221715,1.03677840120244,0.30151197373289,3.43859777230913,0.0005847353396796,0.0022446443315243
BSU_24740,yqxL,15.0449909479944,-2.26349669786744,0.9903571247199,-2.2855358348713,0.0222814276937129,0.0555497273859943
BSU_24750,yqhB,10.2972412796931,-2.23713954727812,1.14555642621161,-1.9528846384952,0.0508332663379401,0.109636905446637
BSU_24760,rsbRD,102.260634764607,-1.74225681774635,0.371889164259619,-4.68488190887451,2.80121392144779e-06,1.61835465621777e-05
BSU_tRNA_73,trnSL-Gln1,1.13579894760581,-0.19354120036839,2.9750850188666,-0.0650540065715914,0.948131000255768,
BSU_24770,mgsR,477.23262225124,-2.70800100980487,0.322958038553682,-8.38499336301469,5.07286183279714e-17,7.71252993737193e-16
BSU_24780,yqgY,2442.79192042418,0.049662832122769,0.212959234163025,0.233203468813901,0.815603412380755,0.880420923230148
BSU_24790,yqgX,253.340064666899,0.549275507751977,0.234097067133895,2.34635792099783,0.0189578925127661,0.0485487873864157
BSU_24800,yqgW,3841.95518660815,-0.0894646093658304,0.185178813554377,-0.483125513381473,0.629006619568995,0.741427008322213
BSU_24810,yqgV,460.358894866324,-0.611383625039705,0.220352332145874,-2.7745729717758,0.0055274232284939,0.0164939063289265
BSU_24820,yqgU,827.728977810208,-0.618560185570394,0.168678704866498,-3.66709114858309,0.000245325364669,0.0010211285351688
BSU_24830,yqgT,576.907377295264,-0.858589520214338,0.226088732976568,-3.7975776541829,0.0001461170089884,0.0006337587587056
BSU_24840,ltaSC,5164.14343992192,0.520531863685794,0.147080834384501,3.53908696441721,0.0004015135559788,0.0016034638138768
BSU_24850,glcK,423.584741671995,0.289723875454264,0.187646985393692,1.54398363952615,0.122592296097749,0.220357506787629
BSU_24860,yqgQ,74.4008309982429,0.532526622025188,0.475586938896783,1.11972507752313,0.262830935117773,0.393217238982621
BSU_24870,glpG,321.360432103233,0.620724351724238,0.279367142094868,2.22189462608116,0.0262904276736816,0.0638903102131589
BSU_24880,yqgO,37.4973320132247,0.923025527535126,0.527670549409328,1.74924586670292,0.0802485288188099,0.158774828936942
BSU_24890,folN,85.5649674223698,0.73695628260164,0.344680966908553,2.13808232352198,0.0325100623158134,0.0765992931019138
BSU_24900,rpmGA,232.724839293639,0.152791149465119,0.326581143444098,0.467850494531912,0.63989150796457,0.749364838921751
BSU_24910,yqgM,257.065433730535,1.52256929154818,0.344381318379484,4.42117272421384,9.81666624674453e-06,5.25780158802769e-05
BSU_24920,yqgL,220.687623301837,1.23578200586809,0.296279692003041,4.17099801040501,3.03268510369184e-05,0.000152090561971
BSU_24930,yqzD,429.252948897743,-0.745507375205766,0.376022335300968,-1.98261460880791,0.0474104943049853,0.104015023708102
BSU_24940,yqzC,839.064094017993,-0.367545095997808,0.295646010144712,-1.24319315460372,0.21379666463069,0.335888668544155
BSU_24950,pstBB,6.86008606846616,-1.00864110894962,1.03216414717825,-0.977209983225105,0.328465206608509,0.466177445212797
BSU_24960,pstBA,13.6088074392631,-0.890388121403643,0.80806981891633,-1.10187028467133,0.270518068861084,0.400462860394629
BSU_24970,pstA,4.4912402420415,-2.49070343535789,1.88557674405442,-1.32092392590837,0.186526731143738,0.305680910002201
BSU_24980,pstC,5.1136118562664,0.477891850152269,1.28483729593574,0.371947367704813,0.709932036792211,0.803588170172584
BSU_24990,pstS,3.17620803765265,0.11807670711361,1.72440004831382,0.0684740801469294,0.945408252682989,0.966372719715828
BSU_25000,pbpA,1186.76160330116,1.35650556210629,0.178873234542786,7.58361397988708,3.36060043572169e-14,4.05612303286409e-13
BSU_25010,yqgE,20.6793981982783,-2.56636333887463,0.798288880080224,-3.21483037395776,0.0013052162469902,0.0046092110824847
BSU_25020,sodA,8740.9442727626,0.583666596713836,0.162815131686419,3.58484245701423,0.0003372817390277,0.0013683911752876
BSU_25030,yqgC,195.428974819898,0.194184650076649,0.217621913786667,0.892302832457428,0.372230636484089,0.510080755182024
BSU_25040,yqgB,101.200622351137,0.355523261199846,0.296135799197883,1.20054131301525,0.229929177841439,0.355688371148502
BSU_25050,yqgA,1248.67304969622,0.663085095694248,0.207416404529472,3.19687874832499,0.0013892331022751,0.0048815765004891
BSU_25060,yqfZ,50.5568135680532,-3.14485432608256,0.503318108453722,-6.24824395002214,4.1509300630039e-10,3.6044048022035905e-09
BSU_25070,ispG,835.080006255689,-0.28937948630598,0.223509494436717,-1.29470780216861,0.19542104743251,0.315601713948963
BSU_25080,yqfX,26.9925288757871,-0.432206976520884,0.591003676183063,-0.731310132133608,0.464589743079983,0.600198973394623
BSU_25090,yqfW,380.975147893995,0.018475330991513,0.187994701192428,0.0982758071069354,0.921713288304584,0.9504231132672
BSU_25100,zur,1393.0583627128,0.184013187372538,0.169506280790946,1.08558329823474,0.277663392311748,0.408112441956174
BSU_25110,yqfU,477.304175125525,0.581954967373599,0.179730621484426,3.23792886580558,0.0012040082581284,0.0042847476074071
BSU_25120,yqfT,314.251846346232,-4.99505100662499,0.472357655956358,-10.574722233541,3.9033240480412e-26,1.01276066468039e-24
BSU_25130,nfo,1065.22491920471,0.342670174245269,0.14818007387576,2.31252533004254,0.0207487510859953,0.0523918056268168
BSU_25140,cshB,1161.92254624437,0.328904606185032,0.191052938704065,1.72153649358148,0.0851535159030866,0.166427688050552
BSU_25150,yqfQ,16.1705931133089,-0.527806794966515,0.895479283015686,-0.589412625146426,0.555584509334563,0.682058256672036
BSU_25160,ispH,339.529514214259,-0.0636745253821058,0.200630563876531,-0.31737201028499,0.750961342809641,0.833055683152631
BSU_25170,yqfO,968.001744320448,0.0600287158099108,0.165726281600285,0.36221603013271,0.717190601437584,0.809689128720441
BSU_25180,trmK,414.301391063796,-0.0476519305676621,0.206426506758442,-0.230842110908866,0.817437464839856,0.881302944799974
BSU_25190,cccA,4097.37674281679,0.162129282413228,0.145991606260207,1.11053838344828,0.26676709758842,0.396671871602823
BSU_25200,sigA,3709.78478652363,-1.42374360678039,0.22486229123949,-6.3316245642273,2.42593201799335e-10,2.13649663291975e-09
BSU_25210,dnaG,6190.41222589588,-1.20003341913435,0.172439244217615,-6.95916654343443,3.42291678590601e-12,3.61743864227579e-11
BSU_25220,antE,82.8398273414307,0.0077896275599455,0.338217232290935,0.0230314331034585,0.981625199603964,0.989618890154485
BSU_25230,yqxD,1766.90085954994,-1.45337641009033,0.20315962459325,-7.15386442065032,8.43683975986653e-13,9.278382405964889e-12
BSU_25240,ppsR,464.808696325782,0.344796739351426,0.207017608749803,1.6655430493748,0.0958044624149366,0.182310380168608
BSU_25250,ccpN,267.694787582141,0.424853978598314,0.247675567940348,1.71536491116734,0.0862783444403991,0.167944324555368
BSU_25260,glyS,433.552181041299,0.361736228223613,0.195191785569215,1.85323489494563,0.0638486981597012,0.132733861973942
BSU_25270,glyQ,140.246835333248,0.570543655092027,0.301632300774517,1.89152041617232,0.0585549082669767,0.123403899572379
BSU_misc_RNA_39,tboG,975.90181375256,0.282835406297075,0.189118400506524,1.49554673442428,0.1347718126061,0.237577812865024
BSU_25280,recO,3616.00393644281,0.199760581343043,0.226393747961152,0.882359089604014,0.377582651606985,0.515606412835893
BSU_25289,yqzL,466.903946239954,0.0088359631145114,0.205636081104808,0.0429689335988075,0.965726298368069,0.980893589036297
BSU_25290,era,5359.14965042096,0.125132311332517,0.20192757052764,0.619689084583862,0.535462503401678,0.663281597266859
BSU_25300,cdd,1619.10893048484,0.035708846679343,0.247736030255788,0.144140707520313,0.885389360389394,0.927336741253866
BSU_25310,unpK,68.5860504466842,1.37692417238969,0.375970417512506,3.66232051313955,0.0002499408674774,0.001037350362816
BSU_25320,rnrY,208.079638960124,0.0234646849369828,0.225154751328298,0.104215810674894,0.916998087189887,0.947834260766535
BSU_25330,pgpH,962.855014358267,-0.111340796965701,0.163206833409104,-0.68220671058918,0.495108252008745,0.629411317801706
BSU_25340,phoH,2994.94409173126,-0.28525054568774,0.136234393328069,-2.09382182222385,0.0362758554636615,0.0839205988916418
BSU_25350,yqfD,389.553486975181,-4.87034577152319,0.2730163213317,-17.8390278931566,3.51762296628093e-71,2.62790695049918e-69
BSU_25360,yqfC,48.8648376714916,-4.60565974541294,0.709253761277924,-6.49366982152414,8.377023785950209e-11,7.75590685139365e-10
BSU_25370,yqfB,2801.10047853053,-0.877333519900213,0.162285472056905,-5.40611250520674,6.44073489376121e-08,4.50851442563284e-07
BSU_25380,floA,2930.89084728616,-0.875719110043056,0.21417498542332,-4.08880200604278,4.33606752109189e-05,0.000212535979286
BSU_25390,nfeDA,5091.40023525064,-0.962995631669081,0.176050206626897,-5.47000568826346,4.50021135476004e-08,3.20714075660777e-07
BSU_25400,yqeY,18522.1173677336,0.213394832136649,0.139085686890662,1.53426881591635,0.124963534103793,0.223469662926841
BSU_25410,rpsU,5000.01924279929,0.247069743906568,0.182545274866031,1.35347104485663,0.175905194221661,0.293265566203331
BSU_25420,yqeW,109.099799097107,-3.33767901069567,0.389490939570681,-8.56933672032179,1.04082783223497e-17,1.65198058500884e-16
BSU_25430,mtaB,515.429449859502,0.585597710301784,0.201548026454496,2.90549960028508,0.0036666731742618,0.0115044857813734
BSU_25440,rsmE,174.633816091025,0.942273269465408,0.425904901226783,2.21240297247406,0.0269388336915354,0.0651009293839502
BSU_25450,prmA,415.328176728224,0.614219910561752,0.218629649881769,2.80940810587179,0.0049632686141067,0.0149971010494592
BSU_25460,dnaJ,344.363210828557,0.733082443639728,0.206358479415283,3.55247066036209,0.0003816315749054,0.0015311200130236
BSU_misc_RNA_79,surC,0.506956146953591,-0.680468324385213,3.46337866993781,-0.196475288795791,0.844238172399584,
BSU_25470,dnaK,2460.99424701988,0.605768590290626,0.142058215554635,4.26422778806237,2.00594725640244e-05,0.0001037203993077
BSU_25480,grpE,733.427686005485,0.601232932174399,0.204245816700461,2.94367317718993,0.0032434230728305,0.0103488602169181
BSU_25490,hrcA,1592.71553109352,0.370724319306051,0.156755980431162,2.36497719759312,0.0180311810743674,0.0465331194730398
BSU_25500,hemN,170.827873440235,-0.166730266401853,0.242463041541466,-0.687652292662255,0.491671769466542,0.626408049720237
BSU_25510,lepA,1419.7920638806,0.0993075126416794,0.173752417544041,0.571546077144554,0.567629535732404,0.691658824051886
BSU_25520,yqxA,168.860578818262,-6.46525950978938,0.559704989223334,-11.5511914924339,7.280404447007199e-31,2.23730443041718e-29
BSU_25530,spoIIP,645.671517661094,-5.64723796068834,0.325040612065768,-17.3739457503412,1.2997303712459701e-67,9.23234704689963e-66
BSU_25540,gpr,438.133690889718,-5.84270841617053,0.402931376919554,-14.5005049267658,1.20261978707797e-47,5.66407775805311e-46
BSU_25550,rpsT,6103.12345369314,1.15228695947547,0.164782839468424,6.99276067333624,2.6952907859559397e-12,2.8765258560460797e-11
BSU_25560,holA,328.972834013729,0.739855129492716,0.234673462954311,3.15270043821171,0.0016176772046591,0.005594090445162
BSU_25565,BSU_25565,6.38150059225107,0.885521609528069,1.26853835412094,0.698064513896159,0.485136849173958,0.620453945534463
BSU_25569,yqzM,95.3894468481043,-0.264211842470224,0.372935419000008,-0.708465404489291,0.478656288669444,0.614624883136758
BSU_25570,comEC,228.24259091552,0.614301484674069,0.230368740230012,2.66660087675402,0.0076622607485704,0.0219871363069906
BSU_25580,comEB,312.331547153869,0.226685724182577,0.244969247360782,0.925364006400045,0.354776594920288,0.493339854232865
BSU_25590,comEA,30.1991714320077,1.51766296781652,0.755263692985042,2.00944780202294,0.0444896650827814,0.0993167021142154
BSU_25600,comER,879.175653408692,-6.12426255653793,0.422953157177994,-14.4797655546537,1.62650996808439e-47,7.57813730291364e-46
BSU_25610,yqeM,1248.11458316135,0.515322450694425,0.149866665270326,3.43853951620861,0.0005848611701571,0.0022446443315243
BSU_25620,rsfS,577.080919449628,0.680801938675055,0.240591825739605,2.82969688010887,0.0046592123600055,0.014177224126337
BSU_25630,yqeK,675.02709793235,0.673729039620877,0.275075870195453,2.44924805342673,0.0143154822263738,0.03789186590524
BSU_25640,nadD,1007.94464164698,0.579462717851022,0.162541634104259,3.56501102652468,0.0003638408918501,0.0014624513769822
BSU_25650,yqeI,586.767547106236,0.401272440557027,0.187141669640865,2.1442174868221,0.0320154645759429,0.0755160631505502
BSU_25660,aroE,1297.57502411265,0.363509928203315,0.18680115065611,1.94597263949683,0.0516580262910045,0.111139139979604
BSU_25670,rgpH,810.899960398845,0.462363138451623,0.193510213676729,2.38934746474948,0.0168783310149322,0.0440034947579429
BSU_25680,yqeG,329.611526315338,0.37379650257924,0.243830404578689,1.53301842411785,0.125271315438569,0.22377430723703
BSU_misc_RNA_80,sdaM,89.8675790059537,-0.430551569761115,0.333015319643719,-1.2928881777023,0.196049736962951,0.316263406649467
BSU_25690,sda,91.1006624900008,0.690077007625869,0.337762067254866,2.04308616782937,0.0410439089408107,0.0933070605669111
BSU_25700,yqeF,78.0589946380067,0.324349363386706,0.356736861884262,0.909211797383406,0.363238338061642,0.502041846789412
BSU_25710,cwlH,13.9758618147249,-2.05852477339625,0.838463156162068,-2.45511655254934,0.0140838916601973,0.0373244663997766
BSU_25720,yqeD,46.9991235484245,0.658808630408541,0.483349615807923,1.36300642198161,0.172880486671064,0.289671751255112
BSU_25730,yqeC,65.6173369110023,-0.856531378300738,0.458071240266475,-1.86986499698708,0.0615025676380303,0.128801655667272
BSU_25740,yqeB,322.516145772954,0.807522309968226,0.249248123188731,3.23983306127753,0.0011959969824663,0.0042652303909682
BSU_25750,nucB,47.0157474683743,-2.29547379714598,0.584380649005513,-3.92804553171357,8.56390000090213e-05,0.0003939212176635
BSU_25770,spoIVCA,1119.81581371722,-3.50131019983949,0.381594039106426,-9.17548452286744,4.49548185503922e-20,8.360052737289671e-19
BSU_25780,arsC,1074.03701617514,-0.739270044875413,0.254423132610727,-2.90567149806505,0.003664659633063,0.0115044857813734
BSU_25790,arsB,1060.90225925839,-0.795753861172856,0.202383860584323,-3.93190375396217,8.42758079403282e-05,0.0003884756125589
BSU_25800,yqcK,493.265448443124,-1.04016210089232,0.26270342154264,-3.959453952995,7.51213263410062e-05,0.0003500007602533
BSU_25810,arsR,263.724651787992,-0.446166032266395,0.289032928623688,-1.54365121784199,0.12267285002172,0.220373739280312
BSU_25820,yqcI,48.9399877484915,-1.19074779854274,0.549089758026342,-2.16858497383521,0.0301142069821331,0.0716162781852814
BSU_25830,rapE,839.891589748456,-0.0898847211743409,0.2263191962873,-0.39715906846999,0.691250163826463,0.788829855111947
BSU_25840,phrE,1459.29577255895,-0.997906204755285,0.263005748321557,-3.79423724053066,0.0001480980215989,0.0006404278718443
BSU_25850,yqzI,130.843675446699,-0.108407280499033,0.365789267533711,-0.296365394288237,0.766951050208476,0.844094208928963
BSU_25860,rttG,1449.05471256732,-0.307047491153074,0.200469932316292,-1.53163862333543,0.12561163593465,0.224246761778196
BSU_25870,rttF,579.822636184972,-0.148195631138087,0.255023299318416,-0.581106242191044,0.56116885186453,0.686101759347914
BSU_25875,BSU_25875,1.12255080505291,-0.654999809365986,3.10964843813297,-0.210634681828936,0.833172347221238,
BSU_25880,yqxJ,238.717216396929,0.355017428923992,0.279607090665255,1.2697010940578,0.204191122951325,0.325576638090174
BSU_25890,yqxI,738.099936948111,0.459904240033541,0.190364364432119,2.41591561217613,0.015695698516196,0.0412428512253956
BSU_25900,cwlA,3.53254619598432,-1.72427957461418,1.47392212457833,-1.16985799036531,0.242058122113154,0.370352345733155
BSU_25910,yqxH,0.241597424251901,0.825877087578841,3.50014676783926,0.23595498770718,0.813467598621091,
BSU_25920,yqxG,11.2261835951396,0.0366675513997994,0.850889633814693,0.0430931932210903,0.96562724528338,0.980893589036297
BSU_25930,yqcE,4.10161741413425,-2.50744937284855,1.72764983998162,-1.45136434179001,0.146678433524946,0.254097779010279
BSU_25940,yqcD,3.16721415947526,-3.34049670336304,1.90722290983998,-1.75149778566959,0.0798602023795242,0.158413152337837
BSU_25950,yqcC,5.49871217505621,-1.06601008337143,1.24473396753072,-0.856415998260382,0.391767718637737,0.530395910433308
BSU_25960,yqcB,0.0,,,,,
BSU_25970,yqcA,1.36056174006729,-0.427404715405609,2.82394316926699,-0.151350324630134,0.879699373155387,0.923667352043778
BSU_25980,yqbT,4.13468955237998,1.99746749166976,1.75509309608387,1.13809774314918,0.255079670417394,0.383770906916169
BSU_25990,yqbS,0.0,,,,,
BSU_26000,yqbR,4.05662767572761,-3.12577359266384,1.90062578938558,-1.64460232525536,0.10005184703703,0.188161741845249
BSU_26010,yqbQ,1.41604913502053,-0.620198950320794,2.52851613161619,-0.245281785061965,0.806238254458353,0.873357589142011
BSU_26020,yqbP,4.23347929366048,2.08962483368497,1.56548891873086,1.33480653148221,0.181939675243075,0.299783088854026
BSU_26030,yqbO,59.151875900273,-0.731692839066281,0.451946735964708,-1.61898024886592,0.105451512843008,0.19652533554785
BSU_26050,txpA,274.045452106616,-0.983915499974835,0.372527846243106,-2.64118645061703,0.0082616239327064,0.0234277594898017
BSU_misc_RNA_81,ratA,319.198779606779,-1.0292462040072,0.313715064374411,-3.28083130486467,0.0010350162864419,0.0037529084260694
BSU_26055,bsrH,150.537689065974,-0.401438636553474,0.416938406103622,-0.962824797804076,0.335635453986945,0.473407689493956
BSU_misc_RNA_92,asrH,40.2223454237371,-0.88141523773379,0.510359397059565,-1.72704812101445,0.0841590215870994,0.165304188819992
BSU_26060,yqbM,15.1944801451163,-0.293213181112355,0.770734387144749,-0.380433500831056,0.703623650634361,0.798742802776706
BSU_26075,yqbK,9.68762661532666,-0.0805462377915038,1.03864382272067,-0.0775494313156529,0.938186469133982,0.962344636989368
BSU_26089,yqzN,1.33768514810139,-1.14327099544767,3.46532605306222,-0.329917294344463,0.741462455476659,0.826538929657927
BSU_26090,yqbJ,2.31963026719945,1.19785777243944,2.15957968964025,0.5546717160685,0.57911922564931,0.701320180195209
BSU_26100,yqbI,1.64461454843425,-0.419229902273383,2.59687341805454,-0.161436402467183,0.871749697647552,0.918155430215567
BSU_26110,yqbH,1.24535888007166,-1.03489040579647,2.56304745400517,-0.403773408166631,0.686379352664428,0.784869485537549
BSU_26120,yqbG,7.79143331820639,-0.224820434145735,0.866549249241612,-0.259443343055797,0.795293191299987,0.865395629809855
BSU_26130,yqbF,4.24811663670982,1.92474995175646,1.86528051728744,1.03188230076809,0.302127258300464,0.437029458669827
BSU_26140,yqbE,16.5548830776164,-0.656650331864164,0.650974972567349,-1.00871824499555,0.313109779175538,0.44805306247279
BSU_26150,yqbD,22.6929634081552,1.39487746003286,0.959753613674473,1.45337036522581,0.146120949961717,0.253358173743145
BSU_26160,yqbC,167.518757171035,0.777523140774783,0.335045984302081,2.3206460521961,0.0203059545500365,0.051513876501937
BSU_26170,yqbB,20.9958677724063,-0.359438917410824,0.675452792809898,-0.532145134696313,0.594625479165266,0.713715291197534
BSU_26180,yqbA,29.2371775735327,-0.919377850657383,0.732538121079664,-1.25505802933824,0.209457695059529,0.331996148437157
BSU_26190,yqaT,111.714598856408,0.957610908410294,0.297572142430473,3.21807982625268,0.0012905189618854,0.0045610266409867
BSU_26200,yqaS,134.582289463333,1.00854203985113,0.252319925854425,3.99707647517701,6.41295877895428e-05,0.0003026944486841
BSU_26210,yqaR,268.711839642494,0.779227267208231,0.233826483883028,3.33250217968483,0.0008606879624481,0.0031742433829814
BSU_26220,yqaQ,0.119394341282747,-0.736548910145558,3.53097325532699,-0.208596570091367,0.834763188348044,
BSU_26230,yqaP,2365.82625948627,-0.0183528680322246,0.179972620851666,-0.10197588914011,0.91877581297665,0.948632522052577
BSU_26240,yqaO,2.81329058770629,-1.11032568623468,2.12095316281139,-0.523503161551625,0.60062415149751,0.71872533787316
BSU_26250,yqaN,1.5193982248086,-0.900144105325351,3.3790157372122,-0.266392398062046,0.78993701924518,0.861081032550784
BSU_26259,yqzO,0.572689479723341,1.66265068534789,3.47022942232312,0.47911837605101,0.631854417597391,
BSU_26260,sknM,4.60224715960963,0.0657332272717937,1.35786111938186,0.0484093890999084,0.961389976659753,0.978014777548464
BSU_26270,yqaL,2.38338486222897,-2.21862638640478,2.02539891633054,-1.09540217905533,0.273340479888133,0.403079202580569
BSU_26280,yqaK,12.0437392685021,-2.03683040715755,1.13030259298334,-1.80202223705557,0.0715419070189475,0.144991152064125
BSU_26290,yqaJ,7.67632104657078,-3.15031544101073,1.3462353252792,-2.3400926879982,0.0192789546362774,0.0492836049787551
BSU_26300,yqaI,1.19192401225235,-2.33270532000684,3.06078829093317,-0.76212566772975,0.445985004759338,
BSU_26305,BSU_26305,0.0,,,,,
BSU_26310,sknH,0.882915593539119,-1.2948262554691,3.45801185963004,-0.374442398704679,0.708075203756442,
BSU_26320,yqaG,0.896693835769798,-0.0409404763729688,3.2775780627031,-0.0124910759071911,0.990033822551933,
BSU_26330,yqdA,2.15451703448666,-1.2616569843338,3.1946930232992,-0.394922759442742,0.692899892806715,0.790073982771522
BSU_26340,yqaF,9.48264700327742,-4.73818123444655,1.49869203848735,-3.16154427511931,0.0015693495873473,0.0054313033242619
BSU_26350,sknR,178.632940389241,-0.0774953023696144,0.229830407200549,-0.337184723786319,0.735977652358984,0.822116825901386
BSU_26360,yqaD,42.2117348519616,-2.74377828907966,0.503393256016681,-5.45056624475069,5.02096954006666e-08,3.5606973841422e-07
BSU_26370,yqaC,155.409581426823,-2.55701436930129,0.355074993924053,-7.20133609253321,5.96253728741002e-13,6.60758927528072e-12
BSU_26380,yqaB,42.83893317953,0.415428058622551,0.430590799638838,0.964786193692468,0.334651912513833,0.472624074335718
BSU_26399,BSU_26399,23.8050145210735,-3.10134877115218,1.0724576133041,-2.89181477447612,0.0038302368803527,0.0119484639327346
BSU_26400,yrkS,2.76058241122747,-1.64223433276342,2.4060913054739,-0.682532009083489,0.494902609785552,0.629411317801706
BSU_26410,psiE,23.0079711725747,-0.0020403419305772,0.570697897767446,-0.0035751698728153,0.997147433233076,0.998041398365723
BSU_26420,yrkQ,119.197790553498,-0.508988178936404,0.27803744491973,-1.83064615301493,0.0671533750569078,0.137903115697432
BSU_26430,yrkP,77.400826602563,0.0535068124955251,0.343081444774003,0.155959505565133,0.876064940442036,0.921356647314403
BSU_26440,yrkO,57.154155672539,0.447558069763633,0.390580997718467,1.14587773695595,0.251845744164175,0.381288472908235
BSU_26449,BSU_26449,7.24718152320084,-0.195712001018903,1.14011120865868,-0.171660448149751,0.863704481965634,0.912220626868169
BSU_26450,yrkN,79.3112915922599,-0.62810008890757,0.364679656045329,-1.72233377567269,0.0850090726160964,0.166363803778107
BSU_26470,yrkL,555.46062968706,0.287528596467767,0.17449660481574,1.64776040640667,0.0994018468147465,0.187345890495127
BSU_26480,yrkK,178.649211280348,-0.211024300773888,0.304778586275645,-0.692385588346537,0.48869521381303,0.623532497482879
BSU_26490,yrkJ,4.84628561210835,0.320132216477561,1.61663708835633,0.198023550729648,0.843026637759808,0.898164352449778
BSU_26500,yrkI,27.4782770455995,-0.485211862626609,0.534694300154514,-0.907456583110001,0.364165399041989,0.502525055429599
BSU_26510,yrkH,93.27025248949,-0.26451201593636,0.341517598451423,-0.774519430728498,0.438623682160127,0.573839497222171
BSU_26530,yrkF,23.1867794260045,-0.493244148376232,0.580505795230789,-0.84967997292798,0.395503035822789,0.534033859214753
BSU_26540,yrkE,15.1111020742592,0.0688194381869015,0.697311563877723,0.0986925239045216,0.921382404945645,0.950333244615444
BSU_26550,yrkD,406.042243856554,0.262479892524039,0.176061096767331,1.49084549252191,0.136002064784477,0.239259824080853
BSU_26560,yrkC,278.241425757082,-0.0870359027557802,0.20403620425522,-0.426570877817894,0.66969191300268,0.771837129606111
BSU_26569,BSU_26569,20.4925972938575,-0.682064903250897,0.710562170548003,-0.959894758716006,0.33710818435646,0.474403950248958
BSU_26570,yrkB,12.5496258825278,-0.773809320651271,0.861953763578748,-0.897738780602906,0.369324829225832,0.507382525375882
BSU_26580,bltR,81.9605108952513,-0.696309904916615,0.346643024081237,-2.00872325863806,0.0445664906907882,0.0993857973047787
BSU_26590,blt,47.5029080471621,-0.508853714077998,0.457934149307968,-1.1111940763688,0.266484820454843,0.396524288128721
BSU_26600,bltD,33.9200830663405,-0.738348738390967,0.47238585482312,-1.56302042250489,0.118047791318392,0.21473596968203
BSU_26610,yrkA,1020.96247356074,-1.08093640412453,0.192704805652696,-5.60928618496756,2.03162826135602e-08,1.51255073134976e-07
BSU_26619,yrzO,31.781312714072,0.930285844933123,0.565786700344962,1.64423420410187,0.100127834247878,0.18816662514327
BSU_26620,yrdR,156.357040983307,0.361843993126755,0.263919704578864,1.37103818642169,0.170363052423326,0.286228424253692
BSU_26630,czcR,183.787581734724,0.242433982796703,0.29141302754489,0.831925685818412,0.405450892449013,0.543233987934932
BSU_26640,yrdP,79.6972501527632,0.209327193472324,0.35828248106492,0.584251825124527,0.559050898618492,0.684906845729496
BSU_26650,czcD,55.6377869618636,0.461936417893152,0.368002899370281,1.25525211535998,0.209387252121512,0.331996148437157
BSU_26660,yrdN,40.181417581571,-0.121558831675776,0.608847999598999,-0.199653824527365,0.84175132926773,0.89790952971863
BSU_26670,gltR,61.3803563380372,-0.408978170993633,0.35906726256338,-1.13900155662741,0.254702504943281,0.383391361791423
BSU_26680,yrdK,50.9355461877189,-0.242617220640449,0.590449912641495,-0.41090228899358,0.68114418393378,0.780793055287055
BSU_26690,brnQ,173.540447045086,0.372164581976781,0.274468930762932,1.35594429920461,0.175116891221353,0.292401344763824
BSU_26700,azlD,63.3847071231363,-0.207877777083809,0.385744113910212,-0.538900710568447,0.58995536690585,0.710866686541448
BSU_26710,azlC,88.2868770295454,0.0053844299323442,0.407011377272714,0.0132291877647845,0.989444943207308,0.994616860185368
BSU_26720,azlB,76.8542273006375,0.167690161768104,0.345488892345644,0.485370631251261,0.627413461247282,0.739951695042045
BSU_26730,yrdF,5.30037088045995,-0.171109678598855,1.64608752206423,-0.103949320012025,0.917209567365355,0.947834260766535
BSU_26740,cypA,201.569607446472,-3.21920771678416,0.442769650085804,-7.2706151294704,3.57854167434182e-13,4.0591154646395596e-12
BSU_26760,yrdC,142.230119934914,0.608199707588717,0.313978326198868,1.93707545024459,0.0527361210661271,0.11306561730803
BSU_26770,yrdB,236.864932696849,0.780059574798098,0.29934246148869,2.60591020371351,0.0091630480425745,0.0256482475248549
BSU_26780,yrdA,1017.88657523431,-0.684063000430349,0.195035118729944,-3.50738372086486,0.0004525360800861,0.0017890865282967
BSU_26790,aadK,311.405268791061,-0.114053566955618,0.240866251322579,-0.473514103073212,0.635846441691758,0.746848097546866
BSU_26800,yrpB,869.833486427055,-0.642844711193269,0.188118395851219,-3.41723470628406,0.0006326071594557,0.0024002511575495
BSU_26810,murI,123.226390917515,-0.333564675021906,0.344829256269716,-0.9673328725942,0.333377655547311,0.471371219368007
BSU_26820,yrpD,2334.39610592135,1.14564799360092,0.34659776140397,3.30541082827606,0.0009483727637352,0.0034619201223798
BSU_26826,yrpDX,105.837042508957,0.550029360111374,0.334533345999071,1.64416900942635,0.100141296464431,0.18816662514327
BSU_26827,BSU_26827,6.57673033678476,0.0130990751227268,1.34068230912894,0.0097704542183729,0.992204429457161,0.995902538239389
BSU_26830,zinT,8.77105407225904,-1.19748559036825,1.23042132540546,-0.973232148730549,0.330437936126105,0.468057396938351
BSU_26840,sigZ,27.8316107234508,-0.284761632889655,0.576122218666697,-0.494272957478832,0.621113420766891,0.734467241635375
BSU_26850,yrpG,16.2994266325644,-0.578907353738388,0.675379027136567,-0.857159210573663,0.39135690162249,0.530087356902235
BSU_26860,yraO,265.565304392938,0.569914028353577,0.210372119459702,2.70907585005696,0.006747091291479,0.019705792965871
BSU_26870,yraN,128.496640704259,0.976288878878352,0.298712456828573,3.26832328736338,0.0010818671251624,0.0039064418777741
BSU_26880,prpF,28.025963355192,0.501531238349138,0.512768111846708,0.978085857451039,0.32803186193642,0.466020346810002
BSU_26890,csn,2533.76006575474,0.104729215586444,0.25640272759871,0.408455934019366,0.682938975872691,0.782022881198829
BSU_26900,yraL,1453.27896743229,0.0387201298945428,0.150012646745643,0.258112437414664,0.796320133063545,0.866078096527194
BSU_26910,yraK,130.070555690408,0.0094434455576362,0.336875934019003,0.0280324137286207,0.977636298882092,0.987877230446049
BSU_26920,yraJ,254.633541963356,-0.438132550572914,0.272107920714643,-1.61014258395065,0.107366732433373,0.199125772405069
BSU_26930,yraI,130.756145824945,-0.131341375974725,0.40091428136648,-0.327604632908211,0.743210618544688,0.827848742970214
BSU_26935,BSU_26935,2.26991907977838,-0.269323449441695,2.30469202152828,-0.116858758969063,0.906971979743588,0.941541322826501
BSU_26940,yraH,54.7513469913985,0.0898197475840755,0.4204749590695,0.213614974320574,0.830847321109496,0.891545676663557
BSU_26950,yraG,3.98157617529215,-1.08482715254243,1.79530579953984,-0.604257588217278,0.545672398915027,0.672277084020134
BSU_26960,yraF,6.20019714136201,-2.92243185116964,1.48120059453304,-1.97301558070936,0.0484937872280846,0.105909062529884
BSU_26970,adhB,30.5432010604865,-2.33474756148167,0.700604842641985,-3.33247419854725,0.000860774515348,0.0031742433829814
BSU_26980,yraE,2.08909144850072,-2.14201815788807,2.56818227928714,-0.834060017921565,0.404247163965877,0.542291938533791
BSU_26990,yraD,11.4069037858834,-4.37080596697642,1.26295180993088,-3.46078601939342,0.0005386007418959,0.0020799973392471
BSU_27000,adhR,42.640422320755,0.28844630610807,0.540564585719068,0.533601929775651,0.593616972835242,0.712782216499433
BSU_27009,yrzP,3.35059548530574,0.396325456426979,1.87272614274001,0.211630225787905,0.83239552662442,0.892543879451525
BSU_27010,adhA,43.7622605917384,0.0343674870885184,0.516630307363162,0.066522398315978,0.946961925925971,0.967276290673558
BSU_27020,sufL,517.723062921584,-0.840884851602177,0.21008731123172,-4.0025494479993,6.26635656171118e-05,0.0002967445134633
BSU_27030,sacC,292.057555377924,-0.764808688259543,0.253858472615378,-3.01273650778758,0.0025890360612729,0.0084475099800418
BSU_27035,BSU_27035,44.5459038173465,-1.7417618637764,0.535712466169798,-3.25129985536744,0.0011487862746394,0.0041240189958682
BSU_27040,levG,147.700873139254,-1.15280334132814,0.311016265942092,-3.70656929416925,0.0002100857741779,0.000882075251466
BSU_27050,levF,90.8886978384692,-1.2425934136904,0.483520566053673,-2.56988740692463,0.0101731573146618,0.0280766182448597
BSU_27060,levE,63.866887220762,-1.38980101497379,0.444014698457369,-3.1300788460435,0.001747593897626,0.0059808457950971
BSU_27070,levD,76.9138172789451,-1.12681748331174,0.423163341570255,-2.66284286141234,0.0077483588344556,0.0221901115860519
BSU_27080,levR,240.009233048668,-0.466405583773188,0.267529026276191,-1.74338310225703,0.0812667179462174,0.160350040464918
BSU_27085,BSU_27085,5.34882364473005,1.14355508059134,1.66900716466369,0.685170863734291,0.493236107353763,0.627478582843175
BSU_27090,aapA,27.8931542167994,0.551831323357743,0.502470346091213,1.09823659774256,0.272101189191026,0.40198242508173
BSU_27100,yrhP,109.75960538918,-0.128005454305149,0.316058873638155,-0.405005095511725,0.685473765444994,0.784096574887317
BSU_27110,yrhO,190.012163415057,0.331666620484178,0.252016014242512,1.3160537495249,0.18815600287498,0.3076228286483
BSU_27120,sigV,9.94445437628404,-1.36814481914148,1.06280789598247,-1.28729267472816,0.19799229580538,0.31856688367052
BSU_27130,rsiV,38.4334963280391,-1.71211315787848,0.446283946743228,-3.83637630341106,0.0001248630407698,0.0005498288167232
BSU_27140,oatA,36.2566823388031,-0.477103001031819,0.555599118440514,-0.858718067031815,0.390496080214954,0.530081301870737
BSU_27150,yrhK,6.82027802240746,-0.463233095065924,0.92122059123469,-0.502847091645079,0.61507178188848,0.730166035869256
BSU_misc_RNA_82,surF,2.29108445786374,0.77656016090491,1.94127240056807,0.400026374803282,0.689137090776816,0.787247828720259
BSU_27160,cypB,1033.60862149017,-0.600113994556723,0.208417493437006,-2.87938399344634,0.0039845285753058,0.0123233135737333
BSU_27170,bscR,101.227009842808,-0.61826842354364,0.301577175435912,-2.05011676579957,0.0403530376969497,0.0920261643899385
BSU_27180,yrhH,181.55156766438,-2.10283634164716,0.383521348295906,-5.48297076809585,4.18242149140315e-08,2.99544335904956e-07
BSU_27185,BSU_27185,395.836520798393,0.642679499903748,0.204321602174692,3.14543099243254,0.0016584231435009,0.005711361448532
BSU_27190,yrzI,649.998797452789,0.49498922975207,0.22392799420573,2.21048391697425,0.027071595499698,0.06538529726878
BSU_27200,yrhG,39.3374699090228,1.14774106548614,0.466354057478342,2.46109377002566,0.0138514158691351,0.036798396665213
BSU_27210,yrhF,232.885900776329,0.755241971914151,0.273130286483519,2.76513447716727,0.0056899333624496,0.0168866309996538
BSU_27220,yrhE,875.13354053728,0.0476419394293533,0.235212630553337,0.202548389162928,0.839488033173521,0.896303855665035
BSU_27230,yrhD,188.98968515966,-0.0357854885610938,0.347916253808499,-0.102856616123462,0.918076770327535,0.948278103892541
BSU_27240,yrhC,31.2294686907565,-0.480279568235055,0.499975026732431,-0.960607115467157,0.336749749634984,0.474391911346263
BSU_27250,mccB,42.7587218949683,0.173320093736937,0.403414971698606,0.429632279157021,0.667463152477232,0.770568746335059
BSU_27260,mccA,156.673896627209,0.464178548215903,0.243006216116848,1.91015092384594,0.0561137838707775,0.119186777211803
BSU_27270,mtnN,853.670234650722,0.492433790759682,0.160526297440451,3.06762068652555,0.002157703123005,0.0072251372735555
BSU_27280,yrrT,214.956680841354,0.0004008101163438,0.256238667281881,0.0015642062167883,0.998751944518658,0.998927972638801
BSU_27290,yrzA,73.6395406134397,1.01026020162422,0.507279817900952,1.99152453138098,0.0464232510258932,0.102263318096185
BSU_27300,yrrS,1170.45130370207,-0.539806275892651,0.18134132566512,-2.97674164403927,0.0029132939727216,0.0093993319313497
BSU_27310,pbpI,634.800542963644,-3.75004807755335,0.204517061990982,-18.3361135792118,4.26198488057091e-75,3.35766917954796e-73
BSU_27320,greA,1397.63864107607,0.226353817414275,0.17690294825051,1.2795367157688,0.200708118906158,0.321503984924355
BSU_27330,udk,513.121492772703,-0.207268629441786,0.209853946544714,-0.987680397983949,0.323309197507392,0.460575585146384
BSU_27340,yrrO,533.658070671743,0.14623006636963,0.170562605773167,0.857339542315054,0.391257261137017,0.530087356902235
BSU_27350,yrrN,279.979603617891,-0.0331469841305396,0.193231601880798,-0.171540181874534,0.863799038089106,0.912220626868169
BSU_27360,yrrM,112.186577434091,-0.580641528464407,0.300702568074247,-1.93094968288079,0.0534892752299837,0.114340912467449
BSU_27370,yrrL,90.5678155353691,1.48714068758702,0.384826587612037,3.86444371428485,0.0001113426602948,0.0004963454187833
BSU_27380,yrzB,1030.54375053985,-0.434720076411174,0.182251397012053,-2.38527705981,0.017066262929343,0.0443599983640331
BSU_27390,rimF,562.391913716126,-0.233515746421362,0.174252011719834,-1.34010358971817,0.180211669201572,0.297556850744031
BSU_27400,yrzL,442.463839657493,-0.0449675469609632,0.185002233538258,-0.243064886844536,0.807955131840449,0.874561475459572
BSU_27410,alaS,486.444116950314,0.325448137925069,0.185825342227266,1.75136573959349,0.0798829305003863,0.158413152337837
BSU_misc_RNA_40,tboA,86.5816907509291,0.0420567432928611,0.429017758435139,0.098030308689936,0.921908226416349,0.9504231132672
BSU_27420,yrrI,20.2974095246686,-0.333553519069422,0.718396349096117,-0.464302915081761,0.64243073575526,0.751526019985837
BSU_27430,glnQ,1293.38360922416,-7.15334761825167,0.335918344960277,-21.2949001612209,1.26575744864383e-100,1.56700772142106e-98
BSU_27440,glnH,1926.64508524017,-8.04914832572297,0.311280278746619,-25.858201997676,1.96755998969942e-147,8.52543743536759e-145
BSU_27450,glnM,196.777813004658,-8.31955545665907,0.778955510501566,-10.6803987448553,1.25730437857299e-26,3.3017574983980303e-25
BSU_27460,glnP,86.5984890800952,-7.17725273474806,0.928576546469885,-7.72930649824552,1.08134038988667e-14,1.36204881086597e-13
BSU_27468,yrzQ,141.391962579616,-3.94187919457189,0.457372723161011,-8.61852706765858,6.782084941618759e-18,1.10893486988808e-16
BSU_27469,yrzR,305.327276406785,-4.14731088141354,0.296464326049362,-13.9892409204169,1.8133704550340201e-44,8.100344517177739e-43
BSU_27470,yrrD,140.458942240237,-1.87807437165579,0.347471264214117,-5.40497751923016,6.48165218579715e-08,4.52983853565469e-07
BSU_27480,recDB,488.613277679178,-0.466733089816881,0.232583804254824,-2.00673082681852,0.0447783317771975,0.0997555329514637
BSU_27490,yrrB,69.9035944227676,-0.2872801980211,0.349979293054204,-0.820849129427227,0.411732210195068,0.549619049081074
BSU_27500,mnmA,727.569730028565,0.471048774418606,0.185257055314818,2.54267657238816,0.011000700322697,0.0299975044041827
BSU_27510,iscSA,733.905726255884,0.270871000028732,0.163992979096749,1.65172315010467,0.0985910011579885,0.186141528547958
BSU_27520,cymR,397.104897338312,0.212816142650049,0.188610299101173,1.12833786736053,0.259177256958788,0.388586524014681
BSU_27530,rarA,126.286718772796,0.18113187520142,0.355038930741991,0.510174686541771,0.609929084693276,0.725254943516107
BSU_27540,tcdA,1634.60348371723,-0.447174823615797,0.210932998810877,-2.11998514284972,0.0340072982513734,0.079607576079525
BSU_misc_RNA_41,ssrSB,960.571455572522,-1.34918427171662,0.280440946006417,-4.81093895499037,1.50222897317353e-06,8.94115129225399e-06
BSU_27550,aspS,853.648999509177,-0.121656102330801,0.156086278655639,-0.779415739670503,0.435734855033075,0.570922022031544
BSU_27560,hisS,257.532724584784,0.281346888162346,0.273273673373022,1.0295425998768,0.303224772364965,0.438396042261392
BSU_misc_RNA_42,tboH,2425.4247181413,0.275796249686521,0.181746158748508,1.51748048809194,0.129145416134595,0.229245017661287
BSU_27570,yrzK,35.1887565775708,-5.69426952493603,1.02884906303489,-5.53460145858431,3.11936823318683e-08,2.26782257624137e-07
BSU_27580,yrvJ,515.773117634038,-1.10299341339041,0.246712813279677,-4.47075852578455,7.79426627406156e-06,4.22156947068859e-05
BSU_27590,dtd,344.024608798981,-0.0912555736436589,0.207925268350167,-0.438886405523235,0.660743847592059,0.766123385500774
BSU_27600,rsh,2744.34560234098,-0.0538179070197714,0.166331914610821,-0.323557310968812,0.746273211614015,0.830193023343652
BSU_27610,apt,326.031755492299,0.666124378627074,0.246330470391187,2.70418993464036,0.006847113882714,0.0199653731183042
BSU_27620,recJ,755.506410013994,0.807355349544315,0.160126290832995,5.04199120172185,4.6071247591922e-07,2.9530579262692e-06
BSU_27630,yrvD,350.880350599071,0.697014377498669,0.248407116740013,2.80593562151513,0.0050170714957646,0.0151491085652599
BSU_27640,yrvC,606.445492485103,0.664288085254583,0.257226742294133,2.58250009050375,0.0098087336467814,0.0271747077311407
BSU_27650,secDF,2358.97088184861,0.0010913003479218,0.194211451865706,0.0056191349039315,0.995516602608734,0.996897027756794
BSU_27660,comN,543.933228826681,-0.327446567587017,0.185315259373625,-1.76697034390909,0.0772331950127117,0.154004341458849
BSU_27670,spoVB,401.802547301973,-4.58189579908293,0.402756272078647,-11.376348716894,5.4848349559039396e-30,1.6619433471281e-28
BSU_27680,yrbG,20.9780810864473,-2.94600942346007,1.1071379474094,-2.66092353744488,0.0077926651309713,0.0222728351005928
BSU_27690,yrzE,625.185796572657,-6.0045961581372,0.327412111899146,-18.3395663749508,3.99974650738063e-75,3.20942622527413e-73
BSU_27700,yrbF,745.857248589768,0.368776872261034,0.214165006670476,1.72192870345271,0.0850824346116515,0.166363803778107
BSU_27710,tgt,304.068421253781,0.45781443325205,0.318928584676031,1.43547632683066,0.151151409534042,0.260206220703618
BSU_27720,queA,318.423263129602,0.745553364543151,0.217859078121645,3.42218176525496,0.0006212077007141,0.0023652838024554
BSU_27729,yrzS,9.6227140475951,0.839986063046236,0.940921918696623,0.89272664006998,0.372003580417382,0.510080755182024
BSU_27730,ruvB,166.625066111704,0.513315967941913,0.269936078431201,1.90162045372065,0.0572207919741432,0.121122467818252
BSU_27740,ruvA,88.3813099057229,0.339744537259751,0.299409095575052,1.13471682150213,0.256493986922955,0.385497206152328
BSU_27750,bofC,644.510210790395,-0.915201861524472,0.265725991250633,-3.44415635526317,0.0005728443249571,0.0022024263176922
BSU_27760,csbX,1260.5592138683,0.832811830575658,0.189631900052805,4.39172855592203,1.1245303945694e-05,5.98598304627665e-05
BSU_27770,yrbE,2217.78347616164,0.347164999922742,0.149249468611533,2.32607193280095,0.0200147135722197,0.0508345568044713
BSU_27785,yrzF,503.399446301922,-0.885832811256535,0.218079781475234,-4.06196670440598,4.86610187606414e-05,0.0002347975437526
BSU_27786,BSU_27786,3.18711294638814,-0.553323392301446,1.56155316956608,-0.354341692031659,0.723082826258268,0.813796853552487
BSU_27800,yrzH,21.6887398024026,0.59646680592696,0.656181356773422,0.908996879856369,0.363351772797507,0.502041846789412
BSU_27809,yrzT,25.1228758798473,0.354961785380903,0.609364630292012,0.582511303963938,0.560222329673244,0.685718461715867
BSU_27810,alaP,235.976443876357,-4.25328610809303,0.476294112100011,-8.92995735206556,4.2617305414337803e-19,7.56806493280023e-18
BSU_27820,yrbC,67.618445504689,-0.820362772946859,0.446506575559282,-1.83729158281554,0.0661668618220359,0.136533629767474
BSU_27830,sgpA,47.949550667456,-5.86234102066378,0.839736952339039,-6.9811635707284,2.92745226388958e-12,3.10898300476312e-11
BSU_27840,safA,4326.72805211293,-6.07601854884082,0.242435838015491,-25.0623777349807,1.2796786994094e-138,4.26526754195457e-136
BSU_27850,nadA,464.063963788252,-5.44994114432786,0.266432866260155,-20.4552134307873,5.39855004718783e-93,6.15576772485917e-91
BSU_27860,nadC,7.01386320841918,3.5709894980735,1.38967639767794,2.56965542772433,0.0101799714133687,0.0280775405054912
BSU_27870,nadB,24.7268110757066,0.439526097654179,0.538182230334045,0.816686380338811,0.414107676567912,0.550824430816676
BSU_27880,nifS,27.926956738249,-0.340521757630804,0.491467118644412,-0.692867833294824,0.488392497853525,0.623329806538828
BSU_27890,niaR,212.386422549224,0.883480758049944,0.306121114006698,2.88604972877047,0.0039011051221514,0.0120998486000589
BSU_27900,pheA,605.354521525051,0.321854298605235,0.263715559647741,1.22046002532104,0.222290534524691,0.346469383487585
BSU_27910,thrR,472.619709126011,-0.189415059665031,0.173739922514648,-1.09022184955252,0.275615430811601,0.40565273835145
BSU_27920,obgE,1860.82467516325,-0.0710867279955335,0.160701359387362,-0.442352997302174,0.658233785983139,0.764645306880681
BSU_27930,spo0B,851.483099967109,-0.325933515049162,0.205063954440667,-1.58942372850548,0.111964761003266,0.205830848293233
BSU_27935,BSU_27935,2.1505901158659,0.481726570240643,2.66349924510109,0.180862289008217,0.856475669648293,0.90766812573151
BSU_27940,rpmA,6404.03427754603,0.268516930488381,0.137333505452527,1.9552179171688,0.0505573546614006,0.109423085788136
BSU_27950,rppA,7258.87009517028,0.214613038019454,0.152758835410247,1.40491407546472,0.160046830536061,0.272488375918567
BSU_27960,rplU,4747.87975339445,0.19051761021934,0.158373108078831,1.20296692115501,0.228989121483706,0.354487268091782
BSU_misc_RNA_43,ldlU,15.5613777581149,-4.80161014033498,1.04757399584054,-4.58355224490115,4.57142596313952e-06,2.56248236717769e-05
BSU_27970,spoIVFB,278.937402683657,-5.30857790529621,0.392066384000396,-13.539997617574,9.07918630984736e-42,3.85687394907536e-40
BSU_27980,spoIVFA,997.99731308409,-6.33110232933232,0.259189281775405,-24.4265591770049,8.93257080221985e-132,2.41905183037616e-129
BSU_27990,minD,1242.86601762506,-0.882649099773074,0.197127830432533,-4.47754686812303,7.55056545488636e-06,4.09982457594268e-05
BSU_28000,minC,717.828853921279,-0.928352374137937,0.183588512858888,-5.05670185831015,4.2656932363957e-07,2.75458253253391e-06
BSU_28010,mreD,200.093412599668,0.445628133873178,0.324365854784049,1.3738441556059,0.169490069642263,0.285204066702884
BSU_28020,mreC,511.401397537459,0.43669391826872,0.297978037056355,1.4655238439138,0.142778051890427,0.248856516026235
BSU_28030,mreB,512.794504630206,0.596302239409439,0.238597497024598,2.49919737987848,0.0124474960300486,0.0335416668521149
BSU_28040,ysxA,221.975852041573,-1.7329214304061,0.313794103630073,-5.52247926382013,3.34249257232542e-08,2.41786649680902e-07
BSU_28050,maf,249.734879537613,-1.20741930666413,0.331867962975013,-3.63825208025591,0.0002744946888336,0.0011338279186997
BSU_28060,spoIIB,5500.86291584442,-2.24894094643704,0.156996684574214,-14.3247671282761,1.5324089178674202e-46,6.98939772749426e-45
BSU_28070,comC,6.67753502395412,0.86689072115084,1.17793364823501,0.735941894901951,0.461766059705425,0.597977386940707
BSU_28080,folC,165.977097577009,0.149983969073723,0.340502137397606,0.440478788826474,0.659590371587869,0.765524812734368
BSU_28090,valS,474.435464315428,-0.0392807081931538,0.270215341092702,-0.145368164643465,0.884420198572791,0.926993884957887
BSU_misc_RNA_44,tboV,791.39311660797,0.0416050147936128,0.19585161503819,0.212431308189621,0.831770562708167,0.892315387030079
BSU_28099,yszA,1.83757102680298,0.709813751297829,2.20728541602302,0.321577692737507,0.747772645485827,0.830819861374309
BSU_28100,cotN,2714.82610236176,-7.27211701435469,0.226255344989366,-32.1411943425977,1.17251215675472e-226,1.01609903504364e-223
BSU_28110,spoVID,6745.91192283822,-7.9274912132462,0.333513070464294,-23.7696567700033,6.881810627431629e-125,1.41994692612673e-122
BSU_28120,hemL,2029.4754378964,0.536572607871427,0.158417208687521,3.38708535718376,0.0007063940645251,0.0026490417950007
BSU_28130,hemB,809.377001565631,0.400306469020365,0.17720169635732,2.25904422615213,0.023880633958712,0.0588053321432247
BSU_28140,hemD,542.455508929115,0.413018020258524,0.184981043447229,2.23275862521745,0.0255648660937723,0.0623719396308081
BSU_28150,hemC,758.457733535199,0.0717070348014719,0.191664962705275,0.374126985909973,0.708309842335463,0.802590624173525
BSU_28160,hemX,579.342773493242,-0.0816287924116422,0.188619913606183,-0.432768687308774,0.66518282370762,0.769622743691621
BSU_28170,hemA,2327.92622262947,-0.188353917715007,0.207336136499479,-0.90844712791048,0.363642035961638,0.502282735677965
BSU_28180,ysxD,80.0221010644287,0.255831114457838,0.327834794775196,0.780365960340688,0.435175497979411,0.570706850104355
BSU_28190,engB,745.416455642038,0.396665154696784,0.221061401242267,1.79436641796217,0.0727547033450313,0.147036441041987
BSU_28200,lonA,1792.77156645281,0.387926244178811,0.169789508840663,2.28474802022578,0.0223276071385801,0.0556328474591533
BSU_28210,lonB,1649.97390900573,-7.42008314932362,0.275533359884886,-26.9298902768929,9.813091472387949e-160,4.72445837220633e-157
BSU_28220,clpX,5173.11703677964,-0.0895105395800815,0.12723370108579,-0.703512817879336,0.481736221565487,0.616788187903332
BSU_28230,tig,3486.69535330115,0.955900386704917,0.188095630191646,5.08199146216726,3.73498204478613e-07,2.4483626626412e-06
BSU_28240,ysoA,388.780965081951,0.0470677580307346,0.230297588350978,0.204377989225847,0.838058129219365,0.895955063880462
BSU_28250,leuD,1599.05907453898,1.84460435694182,0.183849118500874,10.0332510266186,1.08871662820107e-23,2.4698477225106e-22
BSU_28260,leuC,3751.56185266052,1.87735423687322,0.217976900138974,8.61262930006019,7.14036918055703e-18,1.16312855862232e-16
BSU_28270,leuB,2005.82026589809,1.94828075377121,0.244699279524144,7.96193906888465,1.6936387768867601e-15,2.25108491418721e-14
BSU_28280,leuA,3072.6560945985,1.9147264016178,0.228671773551421,8.37325207165212,5.60495350413133e-17,8.491700536154219e-16
BSU_28290,ilvC,3861.69084910401,2.01037952928082,0.23343594610475,8.61212492260598,7.17186298899053e-18,1.16388323338187e-16
BSU_28300,ilvH,1149.8544926033,1.7814068584919,0.235860819952043,7.55278837262633,4.26036960023265e-14,5.11362367806318e-13
BSU_28310,ilvB,2811.20775572844,1.64161010981793,0.175845881414501,9.33550502640633,1.0051092387395801e-20,1.9185631416117302e-19
BSU_misc_RNA_45,tboILV,2330.80562802287,0.607882924428833,0.220173336229718,2.76092888829462,0.005763722468067,0.0170705464484855
BSU_28320,cotQ,9.29869373828166,-5.04745490141734,1.41041067363535,-3.57871292083139,0.0003452904980579,0.0013969595967183
BSU_28330,ysnE,27.0080580705273,-1.65165531360246,0.602929131257714,-2.73938548989513,0.0061554153202909,0.0181438194440958
BSU_28340,ysnF,81.5510588707212,-1.53515850675667,0.361505321772215,-4.24657235813524,2.17065699987491e-05,0.0001117037622382
BSU_tRNA_84,trnSL-Arg2,36.9936678928805,-0.670929705391904,0.536480228269228,-1.25061403950791,0.211075325900299,0.333568443262874
BSU_28350,ysnB,818.850000461669,0.200546855856865,0.17115562795084,1.17172224050071,0.241308590771889,0.369727766553958
BSU_28360,rdgB,1053.69516169047,-0.0314649377331034,0.185649818975234,-0.169485421029691,0.865414838804468,0.91325925390642
BSU_28370,rph,531.672161797525,-0.318010837362337,0.207333020309082,-1.5338166438142,0.125074767201046,0.223576306222002
BSU_28380,gerM,3966.71140802526,-7.28457857282615,0.336216625465334,-21.6663246879718,4.26468090747815e-104,5.96092334583962e-102
BSU_28390,rcmE,619.956103697138,0.692843613630357,0.17652024312427,3.92500940043798,8.67263511483999e-05,0.0003980776266165
BSU_28400,ysmB,383.466712212796,0.545485326599226,0.212575941605539,2.56607272901766,0.0102857259060173,0.0282971748258876
BSU_28410,gerE,171.66575142473,0.687634386993919,0.228746821133065,3.00609373974169,0.0026462740488538,0.0086148049990109
BSU_28420,ysmA,197.302343786058,0.520971917606169,0.275233840595237,1.89283380444601,0.0583799745276274,0.123095099575771
BSU_28430,sdhB,6537.86469302443,0.69311705979962,0.201963984644921,3.43188445711354,0.0005994028717382,0.0022943574586941
BSU_28440,sdhA,10450.264912936,0.659860153694549,0.200984435422206,3.28314056911117,0.001026574624363,0.003725416957592
BSU_28450,sdhC,996.171233271523,0.920509005577395,0.220603195796175,4.17269116276943,3.01022850408118e-05,0.0001513146184244
BSU_28460,yslB,414.070527399519,0.708801012262816,0.208821826209612,3.39428605298823,0.0006880777990462,0.0025880565132529
BSU_28470,lysCA,24.699899717136,-0.55678989199528,0.53267612528209,-1.0452690961143,0.29589861654033,0.429523854428559
BSU_28475,lysCB,0.0,,,,,
BSU_misc_RNA_46,kswC,339.67404760824,0.0847447314659687,0.244245004646064,0.346966078543848,0.728616802948904,0.817637973374503
BSU_28490,uvrC,424.478743547387,0.0559730118109941,0.195417845525424,0.286427330423679,0.774550844507737,0.850298659552071
BSU_28500,trxA,2045.36677922884,-0.321462704183219,0.176558659767833,-1.82071332329962,0.0686504458420692,0.140444939487104
BSU_28510,abfB,914.285134775999,0.251004274490415,0.184844945503603,1.35791797718116,0.174489712337437,0.291512410971239
BSU_28520,etfA,3188.86286125913,-0.25456153121189,0.224809337547905,-1.13234411874749,0.257489788520009,0.386725564525892
BSU_28530,etfB,2087.29770416411,-0.341982173316083,0.22444682663219,-1.52366677866426,0.127591972295247,0.226766208349182
BSU_28540,fadB,1378.49712247033,-0.442299254104677,0.219096311058209,-2.01874350128683,0.043513886076607,0.0976414647177307
BSU_28550,fadR,1024.35989897343,-0.420709293880881,0.236389218564344,-1.77973131108078,0.0751199436468339,0.15083165700729
BSU_28560,lcfA,2800.12090983049,-0.149759425902913,0.180498347979077,-0.8296997040675,0.406708588820505,0.544414060969802
BSU_28570,yshE,298.932846571034,-0.0241305500865049,0.265011337760039,-0.0910547838838297,0.927449060563101,0.954545553306393
BSU_28580,mutSB,1590.40782290575,0.118768247012513,0.146978666285188,0.808064530821517,0.419053434751176,0.556128187680505
BSU_28590,polX,1074.38759726433,0.240985995922013,0.250211159969781,0.963130485271389,0.33548204477953,0.473407689493956
BSU_28600,yshB,393.255515682124,-0.0444644038119776,0.21057638072663,-0.211155703496022,0.83276577488024,0.892719965996062
BSU_28610,zapA,105.972406299274,0.103920720406267,0.281347241522471,0.36936818660071,0.711853307437209,0.805262519673534
BSU_28620,rnhC,567.888749584754,0.320266281270753,0.17463961780749,1.83386957261777,0.0666733572056089,0.13717742486795
BSU_28630,pheT,624.168554922518,0.420753684102553,0.203641174281659,2.06615231711738,0.0388140995926035,0.0893157161629054
BSU_28640,pheS,107.496026324358,0.241516058062324,0.365060240702446,0.661578641370533,0.508241299584106,0.639421298100096
BSU_28645,BSU_28645,0.119394341282747,-0.736548910145558,3.53097325532699,-0.208596570091367,0.834763188348044,
BSU_28650,rlmBB,341.904605677612,0.285353127477172,0.193415046543121,1.47534089295144,0.140120917591188,0.245310681180855
BSU_28660,sspI,28.4704381949202,-4.30449210600842,0.905083296609469,-4.75590713267328,1.97557277573772e-06,1.16623390153563e-05
BSU_28670,ysfB,179.986022053537,0.0663910050835923,0.327289082637038,0.20285126698595,0.839251285588047,0.896303855665035
BSU_28680,glcD,294.247795650879,0.618763563711909,0.245712190994745,2.5182452738991,0.0117941158608175,0.0319199900218127
BSU_28690,glcF,323.04183437978,0.542894328771416,0.194119297864719,2.79670457673794,0.0051626715232719,0.0155238415755292
BSU_28700,ysfE,1985.29262329648,-0.0623953848196456,0.172920262830903,-0.360833275396195,0.718224086075755,0.810009071173799
BSU_28709,BSU_28709,555.044419149169,-0.181412149359236,0.28064832729742,-0.646403814717849,0.518017870561681,0.646291803381446
BSU_28710,cstA,4078.85547742792,0.130262142715135,0.150980364282464,0.862775390258248,0.388260972421733,0.52754305221178
BSU_28720,abfA,2106.46797905462,-1.43107427327535,0.18866989018223,-7.58506973154608,3.3230829684149903e-14,4.02204427434139e-13
BSU_28730,araQ,822.148879840519,-1.47235914497854,0.184252169686141,-7.99100030944865,1.33848221780381e-15,1.8011315061316502e-14
BSU_28740,araP,1201.25356722585,-1.44493187243028,0.171381757352048,-8.43107163069954,3.42514004390626e-17,5.28154156948251e-16
BSU_28750,araN,1738.1229426497,-1.28094711248535,0.189280526355238,-6.76745324598944,1.31068984874206e-11,1.29959247473669e-10
BSU_28760,egsA,1141.16898535311,-1.21262153093306,0.21738805880574,-5.57814232113214,2.43100725631429e-08,1.79142082340303e-07
BSU_28770,araL,697.320148943311,-1.26059696425066,0.237132520111429,-5.31600205513061,1.06071951667372e-07,7.29539312023372e-07
BSU_28780,araD,936.707546012474,-1.13628268171712,0.193057949863386,-5.88570780183458,3.963540340794691e-09,3.20410826430287e-08
BSU_28790,araB,2141.16646346834,-1.22692813521978,0.159508106875128,-7.69194844861581,1.4491100939532402e-14,1.80950836804017e-13
BSU_28800,araA,2765.14096753654,-1.28884881898581,0.168478548704059,-7.64992830778559,2.01091394065811e-14,2.47536650706579e-13
BSU_28810,abnA,4588.08228982087,-1.38366732391471,0.192093380743897,-7.20309736106651,5.88599121228878e-13,6.53948715970444e-12
BSU_28820,frvX,500.864004688505,-0.354397768375973,0.176253102319597,-2.01073208761653,0.044353762823228,0.0990643578933232
BSU_28830,ysdB,1482.90058720364,-0.985995629069511,0.287997544708264,-3.42362512176382,0.0006179179816347,0.0023548272774173
BSU_28840,ysdA,53.9040690200589,0.180773872799224,0.398998339467712,0.453069235928117,0.650498887038737,0.757284169139937
BSU_28850,rplT,4024.69989470727,0.271709491812864,0.205659458319745,1.32116214849905,0.186447304268697,0.30566635240116
BSU_28860,rpmI,1466.4668569577,0.127869518518881,0.169985368867733,0.752238380106568,0.451907716772081,0.587317377556517
BSU_28870,infC,1845.79603628963,0.152111308897428,0.17174717536905,0.885669930644108,0.375795416186227,0.51366610042111
BSU_misc_RNA_47,BSU_misc_RNA_47,204.063808491584,0.236467695492595,0.278018510636028,0.850546587533413,0.395021270695768,0.533715985632917
BSU_28890,yscB,681.614955848785,0.594759941809809,0.25796861922719,2.30555151859773,0.0211357049194703,0.0531829322973663
BSU_28900,pftB,43.3937559883263,-0.0150366693157336,0.500020542089209,-0.0300721031438162,0.976009549131451,0.987403543401022
BSU_28910,pftA,21.6404939861591,1.02304218425092,0.869100870805055,1.17712709607951,0.239144781567515,0.367191473611639
BSU_28920,lytT,170.147836335888,-0.0256660453746226,0.245449183388025,-0.104567654372872,0.916718882026984,0.947779268867316
BSU_28930,lytS,452.47323269383,0.131460055861817,0.18890703256583,0.695898157290709,0.486492611405314,0.621637418230382
BSU_28940,ysaA,1201.24559911575,-0.0362538741296587,0.144177798707692,-0.251452543003242,0.801464248825033,0.870143971475537
BSU_28950,thrS,462.332034893941,-0.158528309586523,0.184323738503758,-0.860053679864415,0.389759452886359,0.529413075033415
BSU_misc_RNA_48,tboT,212.409166615259,-1.05608252473699,0.291800781034671,-3.61919019199443,0.0002955263831335,0.0012126096762475
BSU_28960,ytxC,928.687927936499,-2.81066235191697,0.199196059898012,-14.1100298537834,3.29438497005589e-45,1.48693438283877e-43
BSU_28970,ytxB,286.884366926427,-0.538149608305837,0.201584252563083,-2.66960142701341,0.0075941333108757,0.0218350229834272
BSU_28980,dnaI,359.653677097166,-0.370919328647212,0.211956318557567,-1.74998004858473,0.0801217564969681,0.158596423435981
BSU_28990,dnaB,516.476724986105,-0.211733909363332,0.183682671463879,-1.15271575525277,0.249027072496384,0.377813132047209
BSU_29000,nrdR,229.375783332979,0.18918844725045,0.238318027863364,0.793848660743864,0.427283540356473,0.563255120281289
BSU_29010,speD,6145.44735871793,0.831831678386204,0.230779162220626,3.60444881757119,0.0003128160848147,0.0012763014081941
BSU_29020,gapB,8824.61176126786,1.05923897270124,0.248443100675063,4.26350729733731,2.01242925271944e-05,0.0001039315369729
BSU_29030,ytcD,53.3450211393331,-0.629116712559884,0.431521655275286,-1.45790299251273,0.144867283683308,0.251688027345539
BSU_29040,ytbD,6.82324415191006,0.4017547741987,1.16626063279677,0.344481124459517,0.730484488887807,0.818898677831284
BSU_29050,ytbE,9.80640907734345,-0.112133596263523,0.823288711324872,-0.136202033042664,0.891661568011098,0.930756341650707
BSU_29060,coaE,402.989961391287,-0.295301261970215,0.206554491304804,-1.42965306687256,0.152816616740395,0.262447245476073
BSU_29070,spcF,226.534763086129,-0.306377019652697,0.245581210456867,-1.24755887912894,0.212192645343374,0.334338448099215
BSU_29080,mutM,589.591024086159,-0.0743327071571797,0.194905872790635,-0.381377462325246,0.702923182063586,0.79838796520955
BSU_29090,polA,1722.52391946297,-0.205689472531425,0.179000923882833,-1.1490972675988,0.250515874971467,0.379407649860666
BSU_29100,phoR,5999.86851401964,-0.0323973906651327,0.178068828408464,-0.181937461793245,0.855631804840623,0.907450240047074
BSU_29110,phoP,2892.46145969556,-0.207018520330463,0.150522527361831,-1.3753324765324,0.16902839238082,0.284648279901318
BSU_29120,mdh,12944.7239095444,0.799060183660331,0.195627676446394,4.08459681255423,4.41534150130872e-05,0.0002154467874456
BSU_29130,icd,13856.0528143679,0.9927569272794,0.214676758429713,4.62442667078205,3.75635941082113e-06,2.13040645642513e-05
BSU_29140,citZ,45233.3248275886,0.530399680673485,0.222099607969589,2.38811623992651,0.0169349845143034,0.044124646963606
BSU_29150,ytwI,41.0088702218541,-0.343432158804287,0.45431338208851,-0.755936699961392,0.449687148779355,0.58513345815644
BSU_29160,ytvI,298.038410473239,-5.39444248449793,0.40539611663944,-13.3065963463477,2.1191801712167396e-40,8.74515017322107e-39
BSU_29170,ytzA,287.160437082944,0.816017566130292,0.21497551171794,3.79586288507574,0.0001471308048928,0.0006375177776005
BSU_29180,pyk,3664.40913056832,0.301943208645209,0.145644942883301,2.0731458481682,0.0381587082406118,0.0880413646467363
BSU_29190,pfkA,917.345520104546,0.456317982781156,0.163223528711642,2.795663017354,0.0051793373666617,0.0155523692375227
BSU_29200,accA,5595.08312933458,-1.05073355709522,0.195316261479413,-5.37965220681828,7.46298746635924e-08,5.1988946449734e-07
BSU_29210,accD,5622.64487056223,-1.09603658508524,0.219325764724186,-4.99729973112626,5.81386665238451e-07,3.65623863639798e-06
BSU_29220,maeB,3205.3716064918,0.005931527325987,0.168318578359698,0.0352398848884722,0.971888458427318,0.984613675558936
BSU_29230,dnaEC,1058.90772038006,0.394079776594564,0.18000503333782,2.18927087363709,0.028577158026519,0.068373730385923
BSU_29239,ytrH,39.9517443057481,-6.65332702973591,0.94156416100926,-7.06624923213329,1.59177421194375e-12,1.72861094244418e-11
BSU_29240,ytrI,118.399998906938,-5.7498135396854,0.526761610720092,-10.9153997228942,9.73003255062317e-28,2.7200149059258197e-26
BSU_29249,ytzJ,3476.49522217901,-0.33990888138532,0.202834870264057,-1.6757911543652,0.0937791073779156,0.179243437260039
BSU_29250,nrnA,425.691137649018,0.13114319943186,0.175479707677577,0.747341109507774,0.454857683549525,0.590619821042881
BSU_29260,ytpI,238.188777997691,0.0039273435604236,0.204989648746625,0.0191587408653886,0.984714471575734,0.991631069616335
BSU_29270,ytoI,926.09323831828,-0.148817590161714,0.175791506286628,-0.846557341166796,0.397241899889062,0.535585461705196
BSU_29280,ytnM,12.8201696135174,-0.895301538686784,0.80635886317294,-1.11030160338768,0.266869082417013,0.396687387345769
BSU_29290,sndA,12.8569946396147,0.401877151408669,0.930627787448938,0.431834463604731,0.665861729391247,0.76971421956002
BSU_29300,ribR,7.57629036964446,-1.45232442670817,1.20536204920329,-1.20488647180166,0.228247131777124,0.353464911361786
BSU_29310,cmoJ,16.6469541766671,0.169624988853183,0.656230012802902,0.258484046056775,0.796033360077233,0.865983567465391
BSU_29320,cmoI,1.58152304730744,0.156698457510105,2.86665370580216,0.0546624997616364,0.956407345526699,0.974168553870989
BSU_29330,cmoO,6.97719644989522,0.021759466300799,1.45331205575726,0.0149723290428917,0.988054256133252,0.993557459230769
BSU_29340,tcyN,1.76956118781529,0.582118407390547,2.83988612552526,0.204979489197962,0.837588150023868,0.895673606627201
BSU_29350,tcyM,1.24702061643161,3.29908772986964,3.43481378938374,0.960485176828627,0.336811087794475,0.474391911346263
BSU_29360,tcyL,1.52426118050452,-0.579039435758498,2.48603028485477,-0.232917289578524,0.815825632492631,0.880441460919195
BSU_29370,tcyK,7.67274230670722,-2.0401546200744,1.01418383041425,-2.01162211316372,0.0442597865582353,0.0989054436084752
BSU_29380,tcyJ,4.22460353218077,0.535364710522041,1.71253549367267,0.312615249435741,0.754572991060891,0.834924609363341
BSU_29390,snaA,6.21623802666221,-2.68726377130254,1.72856460496683,-1.55462154181626,0.120036230238425,0.217531152498158
BSU_29400,ascR,13.1103627608404,1.41169558525799,0.963184454537834,1.46565445341969,0.142742448357506,0.248856516026235
BSU_29410,ytkL,890.29831322197,0.449849622142092,0.232654265450819,1.93355415715422,0.0531679683116651,0.113822532951801
BSU_29420,ytkK,545.569007952743,0.294570828537494,0.240877507725229,1.22290715857752,0.221364764463403,0.345330109745936
BSU_29430,ytzD,11260.3333696723,0.319362056302609,0.137371783254333,2.32480097977134,0.0200826046010754,0.0509771093945282
BSU_29440,argH,72509.9437291309,0.446066871562604,0.154383697400927,2.88933921827375,0.0038605237180151,0.0120256285191658
BSU_29450,argG,50964.5794344704,0.348658039869653,0.169633392818899,2.05536206094681,0.039844047084494,0.0912014030729596
BSU_29460,moaB,162.136674358423,0.851282068403892,0.318968085373663,2.66886283436989,0.0076108524688359,0.0218685833869139
BSU_29470,ackA,187.543366438828,1.02166155908902,0.349708203125283,2.92146867004722,0.0034838531307669,0.0110186391354842
BSU_29479,BSU_29479,2.48200949930203,-3.08949454426514,2.14338476113228,-1.44140921419683,0.149469108673735,0.257617202817539
BSU_29480,ytxK,185.760425392564,0.526109685999362,0.301870663498427,1.74283144941013,0.081363061080436,0.160438273390384
BSU_29490,tpx,2836.27359092341,0.2859996229196,0.156709920858778,1.82502563559671,0.0679971608868334,0.139371664201821
BSU_29500,gerW,375.228072917044,-6.85080942572862,0.520839544396152,-13.153397239972,1.62696938035544e-39,6.65062106139635e-38
BSU_29510,ytfI,160.116162251418,-7.8537155370427,0.811592727170225,-9.67691709661594,3.77940773706546e-22,7.911195036089201e-21
BSU_29520,yteJ,278.470876731993,-0.266394869876666,0.303905707298455,-0.87657080297952,0.380719803548214,0.518760663136608
BSU_29530,sppA,337.853884972002,-0.267136266216733,0.225428048098237,-1.18501787364242,0.236010380072663,0.363150915076296
BSU_29540,ppnKB,4886.12438407148,-0.214362560707895,0.159909347713987,-1.34052551506434,0.180074554817573,0.297469708739819
BSU_29550,ytcJ,602.616537214534,0.0706514426001578,0.196057021601224,0.360361705095477,0.718576660437536,0.810009071173799
BSU_29560,ytcI,549.881962215593,-0.352059225550138,0.230842699640155,-1.52510443734604,0.127233050625589,0.226431522270987
BSU_29570,sspA,541.774413725494,-1.06882614214809,0.449114264394903,-2.37985347356566,0.0173195233521518,0.0449105294343947
BSU_29580,trmG,414.553027830978,0.876289266345542,0.203923999159283,4.29713653105185,1.73018635703605e-05,9.02898218157226e-05
BSU_29590,iscSB,281.387708751926,0.734027852467262,0.215641691868758,3.40392363882027,0.0006642532019371,0.0025093366381811
BSU_29600,braB,238.526111313995,1.93461773019452,0.250188816336354,7.73263073275672,1.05346543624759e-14,1.33469758340959e-13
BSU_29610,ezrA,3487.9735705568,1.10305470920178,0.152583956641407,7.22916572280342,4.85970117135868e-13,5.4411072804902195e-12
BSU_29620,hisK,184.113674324293,0.87390327013822,0.292038815434014,2.99242163696448,0.0027677371256142,0.0089697868102366
BSU_29630,refZ,14965.5452374723,-3.22238176266317,0.205958462154228,-15.6457847323124,3.5496643919480396e-55,2.0237757645145901e-53
BSU_29640,msrC,309.692215285832,0.475945375468904,0.198943255045404,2.39236748871069,0.0167400717371182,0.0436956209861044
BSU_29650,dgcP,1510.70358759814,0.20971275599797,0.156851589929451,1.33701390016063,0.181218099612955,0.2989029408538
BSU_misc_RNA_93,ldsD,71.4097198812211,0.344478995521367,0.376784131019737,0.914260891479326,0.360579775124826,0.499485986450086
BSU_29660,rpsD,1701.30991847649,1.35114806465799,0.239836673162685,5.63361743990455,1.76468247760163e-08,1.32290124142697e-07
BSU_29670,tyrS,244.361824871497,0.347199134731248,0.277630690126876,1.25057908609664,0.211088084797323,0.333568443262874
BSU_misc_RNA_83,tboY,5497.25508373979,-0.420258000751689,0.146588230382655,-2.86692867261338,0.0041447641497127,0.0127551584237963
BSU_29680,acsA,34051.1121533793,-0.366485351674815,0.200931299254687,-1.82393361827757,0.0681621084830395,0.139577701350194
BSU_29690,acuA,1071.03433333587,0.174370143037695,0.181643242110606,0.959959429327504,0.337075634091605,0.474403950248958
BSU_29700,acuB,1210.22950653961,0.27572182700233,0.183726158296574,1.50072166946013,0.133427565911215,0.235687583813002
BSU_29710,acuC,2024.33108699955,0.519590915951113,0.153199920150921,3.39158738098068,0.0006948900127668,0.0026114123376573
BSU_29720,motS,26.0810566565036,0.241549200673365,0.508911059202302,0.474639323130419,0.635044073059551,0.746310270834563
BSU_29730,motP,100.688032596411,0.378528094327663,0.308117850591087,1.22851724949237,0.21925285810317,0.343092320029265
BSU_29740,ccpA,989.803558386218,0.440407736721535,0.158230921022354,2.7833228415533,0.0053805237614919,0.0161118240902173
BSU_29750,aroX,3233.04871410475,0.446959710162607,0.203964341524954,2.19136201367788,0.0284256057010591,0.0680487013827012
BSU_29760,brxJ,2806.59440982348,-2.01035289050118,0.15043137530515,-13.3639201690683,9.82504544308608e-41,4.09345402931654e-39
BSU_29770,ytxH,5318.34801044051,-1.8831949833907,0.185404343738923,-10.1572322709036,3.07686969352004e-24,7.24569368588171e-23
BSU_29780,ytxG,3325.30602251478,-1.88862306828022,0.149896611326517,-12.5995047624277,2.1247439438422097e-36,7.86881667407546e-35
BSU_29790,murC,1379.74527109361,0.0360202451871935,0.148550210740903,0.242478586920479,0.808409347020309,0.87483459056918
BSU_29805,sftA,529.249401133236,0.0081418247886053,0.203836988291165,0.0399428232180088,0.968138710336245,0.981732981953417
BSU_29820,ytpR,863.890937254675,0.598908887765708,0.164420280431799,3.64254875489119,0.0002699518271784,0.0011161271633246
BSU_29830,ytpQ,873.758935850387,0.605669890427191,0.201035546373183,3.01275023921831,0.0025889189247603,0.0084475099800418
BSU_29840,ytpP,196.563531436389,0.708059808801113,0.229627184053448,3.0835191038893,0.0020456797553365,0.0068926363762621
BSU_29845,BSU_29845,1.61031592192562,0.545609809111217,2.26014758658569,0.241404504886978,0.809241621591409,0.87507959729363
BSU_29850,ytoQ,128.918865002231,0.608481034821072,0.359224970676501,1.69387176419046,0.0902896534651642,0.173569240667505
BSU_29860,ytoP,702.570430626559,0.114187050963973,0.21232125177012,0.537803210992764,0.590712914944856,0.710988627904462
BSU_29870,ytzB,1621.0217398417,0.0880389524418934,0.206711559907404,0.425902414365845,0.670178955565061,0.771899365886074
BSU_29880,maeC,2769.36468417527,0.238491233140051,0.155381687472395,1.53487349133354,0.124814906158943,0.2233882645133
BSU_29890,ytnP,1279.94194280013,0.432827339003901,0.207359883575941,2.08732437316106,0.0368588230371609,0.0851773346810889
BSU_29900,trmB,355.272304665279,0.503738288258035,0.214616626670589,2.34715406757005,0.0189174306357369,0.0484738184178876
BSU_29910,ytzH,21.6716107998523,-5.23567552192862,1.155273355358,-4.5319798103594,5.84334358695486e-06,3.24189600029134e-05
BSU_29920,ytmP,1118.08101412869,-0.033305490985171,0.183933454335651,-0.18107359047579,0.856309813668861,0.90766812573151
BSU_29930,amyX,553.065294833233,0.713678252349352,0.227140523152669,3.14201201284398,0.0016779115149244,0.0057610068099585
BSU_29940,ytlR,247.334184022087,0.650448434199041,0.222440805213643,2.9241416995156,0.0034540747229978,0.0109404281979164
BSU_29950,ytlQ,251.692969326889,1.39120524982036,0.33732862119804,4.12418384446425,3.72051642934554e-05,0.0001843609222496
BSU_29960,ytlP,174.686438879513,0.321583001431947,0.284217259303555,1.13146894111904,0.257857768792651,0.387144044413914
BSU_29970,ytkP,222.479349249433,0.228229018745559,0.211028330657163,1.08150890468039,0.27947080181306,0.410212393040646
BSU_29980,ytjP,922.513766468992,-0.0927225991636689,0.162511381792273,-0.570560647144025,0.568297500710093,0.692083493697817
BSU_29990,pbuO,27.1549514860841,0.400822080913081,0.490821367419339,0.816635353551416,0.414136845141986,0.550824430816676
BSU_30000,ythQ,446.058474304623,-1.0439004935264,0.246999693788521,-4.22632302702441,2.37540928219227e-05,0.000120805732626
BSU_30010,ythP,492.608581229147,-1.40833463728732,0.268232182449417,-5.25043126602789,1.51743519304169e-07,1.03057158173192e-06
BSU_30020,ytzE,2797.29370201017,-0.102801928479634,0.162851902774758,-0.631260223110939,0.527870390597255,0.65650470793855
BSU_30035,rsuA,37.5476600541775,1.74532182343473,0.846682048080592,2.06136627957488,0.0392681093318182,0.0900752421293051
BSU_30050,murJ,330.285531807111,0.848831339396529,0.232442250611106,3.65179453031837,0.0002604142071212,0.0010777218332918
BSU_30060,ytfP,586.399147393462,-0.948879975170825,0.24632194415493,-3.8521942428889,0.0001170641022213,0.0005197118390625
BSU_30070,opuD,681.694150422111,-0.309820020029451,0.196514005664029,-1.57657984214691,0.114892234022902,0.20996543653363
BSU_30080,yteV,97.7471282387307,-2.32337072601599,0.435514051156681,-5.33477787879715,9.56615864484395e-08,6.63202646529742e-07
BSU_30090,rmgU,109.468414822782,-2.00444019059332,0.380327482084882,-5.27030068825259,1.36200451042738e-07,9.30846300265272e-07
BSU_30100,rmgT,579.193055322619,-2.48951782409233,0.211889214478967,-11.7491483944288,7.13341050801438e-32,2.3066468456139e-30
BSU_30110,rmgS,204.550948639733,-2.85608398733463,0.371690726933397,-7.68403347293197,1.54156358605915e-14,1.91392407403848e-13
BSU_30120,rmgQ,614.51484068083,-2.7012646405158,0.260534246692789,-10.3681749129166,3.46071100359223e-25,8.7691583500381e-24
BSU_30135,rmgP,261.265286575739,-2.85665522602352,0.300181165336957,-9.51643725820337,1.79218103410778e-21,3.6287478601817704e-20
BSU_30150,rmgR,2164.8006031832,-0.728018500750006,0.177711763757127,-4.09662526193239,4.1921669396471e-05,0.0002061822854652
BSU_30160,ytcQ,3823.46425566853,-1.80062596554226,0.328964862667632,-5.47361183483452,4.40954382640081e-08,3.14770237228908e-07
BSU_30170,ytcP,927.722718523649,-1.87634173878518,0.32031076044896,-5.8578791925542,4.6881547327034806e-09,3.77579450869966e-08
BSU_30180,ytbQ,476.624122212155,1.65582049680643,0.265355915537689,6.23999843173365,4.3757528062568703e-10,3.78445846497226e-09
BSU_30190,bioI,490.983803771111,1.99927227634527,0.191837382568304,10.4217032654385,1.97386155219046e-25,5.06079414534986e-24
BSU_30200,bioB,1164.73677152577,2.09097439440073,0.205728392394463,10.163761890442,2.87754587949506e-24,6.81333677368966e-23
BSU_30210,bioD,614.896291879148,2.25274645948225,0.256672728085036,8.77672698727819,1.6830089614800099e-18,2.8486241523800204e-17
BSU_30220,bioFC,2082.52737833771,1.90111643373028,0.185625897662982,10.2416551659289,1.2901015240361201e-24,3.14045500204971e-23
BSU_30230,bioK,1631.78967747717,1.82980399090132,0.187543275096006,9.75670276614618,1.72678166972841e-22,3.72246018653393e-21
BSU_30240,bioW,1530.85734921229,1.81611333754816,0.14341778455082,12.6630971412379,9.468860916294161e-37,3.53694606468126e-35
BSU_30250,ytaP,173.034326522561,-1.11718576966474,0.274400318747882,-4.07137198222867,4.67370455604257e-05,0.0002268971511206
BSU_30260,msmR,400.129031333042,0.198778020825886,0.178780824578935,1.11185313801996,0.266201300255738,0.396374650861895
BSU_30270,msmE,1583.40420088278,0.732140857190294,0.225552527298365,3.24598826694504,0.0011704366321489,0.0041878628630067
BSU_30280,msmF,682.108501500957,0.786929072839478,0.250795282537662,3.13773474874395,0.0017025887665349,0.0058322007305639
BSU_30290,msmG,938.861414869016,0.308010046506892,0.154655839389743,1.99158368492435,0.0464167549306897,0.102263318096185
BSU_30300,melA,2196.57660097296,0.258802978566301,0.146609759696637,1.76525068386861,0.0775216438224322,0.154508409697607
BSU_30310,ytwF,173.85438762109,0.0466918518734169,0.248124027977788,0.188179485291915,0.850735953562079,0.903711421128828
BSU_30320,leuS,1128.30015451421,-0.620241444448359,0.173241682775657,-3.58020907272966,0.0003433193997088,0.0013915836846945
BSU_misc_RNA_49,tboL,1016.68535526557,-0.36913451852502,0.22473996191476,-1.64249613366504,0.100487226765408,0.188408114917574
BSU_30330,ytvB,460.837899044101,-1.75082357653389,0.215097557302195,-8.13967205622016,3.96349983900994e-16,5.630768787681991e-15
BSU_30340,blrA,402.211185590829,0.635661871057821,0.281395758522472,2.25896038517246,0.0238858491973403,0.0588053321432247
BSU_30350,yttB,89.1015541083427,-0.116750437623448,0.341668237318379,-0.341707027085037,0.732571383262753,0.820003049257945
BSU_30360,yttA,317.915874589389,0.447640465153576,0.256516570331744,1.74507426391464,0.0809719427602215,0.159841197257421
BSU_30370,bceB,73.6741067297289,-0.330881045420788,0.373354900273309,-0.886237317840401,0.375489658262829,0.513486477895425
BSU_30380,bceA,11.4670646287159,-1.25095672168239,1.19323320352999,-1.04837572234969,0.294465534449438,0.427730191340736
BSU_30390,bceS,319.336863250868,0.0934581200532414,0.201991438586216,0.462683570686837,0.643591196292637,0.752274252370109
BSU_30400,bceR,141.366907698744,-0.184925002735672,0.244099371743682,-0.757580822165548,0.448701964613324,0.584053232296649
BSU_30410,ytrF,222.441954699066,0.566312175005406,0.216863100259573,2.61138097872603,0.0090177371482637,0.0252741623954896
BSU_30420,ytrE,66.304620927649,0.749609967733191,0.430142097161828,1.7427031036471,0.0813854892481109,0.160438273390384
BSU_30430,ytrD,38.4335692191527,0.459513211781081,0.528384651505746,0.869656623203567,0.384488083830441,0.52323708141875
BSU_30440,ytrC,41.0061403619123,0.171955309333375,0.530538946993026,0.324114394066597,0.745851429770017,0.829936888852974
BSU_30450,ytrB,22.8712046688471,0.760589520327184,0.593092369368119,1.28241326243586,0.199697714242485,0.320359198745905
BSU_30460,ytrA,21.444071295511,0.502416541596188,0.593741739404326,0.846187000597666,0.397448432590285,0.535659116147342
BSU_30466,BSU_30466,2.14986752526516,1.42151492753055,2.07316774136378,0.685672895235888,0.492919402609019,0.627437110892381
BSU_30470,ytzC,62.0310796788025,-1.57056842110841,0.536696120538066,-2.92636440064787,0.0034294897362708,0.0108864315218033
BSU_30480,ytqA,114.61267008378,0.395746958877747,0.308231355405127,1.28392829586592,0.199167045564076,0.319741826459888
BSU_30490,ytqB,149.163510727224,0.412095590814403,0.278135377969989,1.48163672605097,0.138436981393286,0.242951575689392
BSU_30500,tbcS,535.974100478741,-0.290058491877348,0.182293835208852,-1.59115908415132,0.111573778380765,0.205373484164764
BSU_30510,ytpA,392.153859214097,-0.342150681626421,0.220969754175075,-1.54840504259842,0.121524807918395,0.218946774515761
BSU_30520,ytoA,42.3404491495136,0.452034716043398,0.582591486176909,0.7759034019013,0.437806023836083,0.573115861414425
BSU_30530,ytnA,464.059497459009,0.375005073538973,0.276135133200047,1.35804911600039,0.174448099636052,0.291512410971239
BSU_30540,asnB,1067.6284044389,0.427546508661299,0.231920805698144,1.84350217038212,0.0652557251240846,0.134965659648047
BSU_30550,metK,1500.27407500207,0.457470269543382,0.167811122836371,2.72610219043377,0.0064087153300289,0.0188136609248071
BSU_misc_RNA_50,mswG,30.4961712483042,0.408884026938636,0.498495088903762,0.820236820863794,0.412081115167311,0.549651082746475
BSU_30560,pckA,4560.29269172787,1.42918639845895,0.138083299004314,10.3501756458926,4.177187498065341e-25,1.0523112458789e-23
BSU_30570,ytmB,299.1460231208,0.3416163044419,0.328860860900011,1.03878674861758,0.298903925611183,0.433160772465972
BSU_30580,ytmA,60.1686076790012,0.301741699559018,0.358398125756307,0.841917627002847,0.399834062952192,0.537870535477133
BSU_30595,ytlA,6.46603084652816,0.906885703327532,1.40575514999072,0.645123514812318,0.51884714643884,0.646953866336545
BSU_30610,ytlC,5.21121496759226,-1.40289964323762,1.47633087425663,-0.950260993453797,0.341979653556472,0.479236041028523
BSU_30620,ytlD,6.05734890658636,-0.0678318766169312,1.44994537498549,-0.0467823669685556,0.962686682765443,0.978953625069858
BSU_30630,rppG,166.059889370367,-0.0043676564502332,0.276264095357174,-0.0158097144132555,0.98738619842494,0.993346737352047
BSU_30640,ytkC,1.90343240800477,0.0324791446628023,3.41140505369337,0.0095207529307136,0.992403652991017,0.995902538239389
BSU_30650,dps,1836.68796580673,-0.223025946825626,0.159453663445535,-1.39868813300615,0.161906524368453,0.275114105917062
BSU_30659,ytzI,552.527936835388,-0.373314327515287,0.288086489511885,-1.29584114877378,0.195030218155661,0.315205496183693
BSU_30660,ytkA,457.718918276674,0.654439413225062,0.178291775843148,3.67060909080183,0.0002419731675976,0.0010091142783451
BSU_30670,luxS,926.707990077717,-0.349127059476249,0.255633850719286,-1.36573094092937,0.17202342907502,0.288570467743732
BSU_30680,ytjA,34.6953996641459,1.92287030900541,0.815116450396629,2.35901300736815,0.0183236134872667,0.0471754113133254
BSU_30690,ytiB,464.723763958512,-0.115164528586945,0.173025525768627,-0.66559270995047,0.505671467313127,0.637293279931681
BSU_30700,rpmEB,185.846902175817,-1.8828176251229,0.377952646020577,-4.98162308148093,6.30531592337656e-07,3.94241470360615e-06
BSU_30710,ythA,55.5371492551419,-2.58333988528561,0.67697341730865,-3.81601377430127,0.0001356249364913,0.0005929998484531
BSU_30720,ythB,58.16570977087,-2.26853683061914,0.67016580096856,-3.38503819105739,0.0007116835186161,0.0026652763061051
BSU_30739,ytzL,41.0797609587948,-2.08651000069532,0.781132103788687,-2.67113589439638,0.0075595035492532,0.0217643381255246
BSU_30740,mntD,93.2890246804744,0.639413632818556,0.324293361672197,1.9717136037613,0.0486423097971194,0.106179913526911
BSU_30750,mntC,146.470200410468,0.186669091793281,0.264288635479184,0.706307675526154,0.479996821211651,0.61569752111015
BSU_30760,mntB,79.1017143214912,0.432855321742551,0.308208251351944,1.40442483237826,0.160192380583328,0.272629059335256
BSU_30770,mntA,81.8123964649349,0.975466913835747,0.325472981298384,2.99707493366851,0.0027258370175324,0.0088538619167675
BSU_30780,menC,59.7140789919696,0.647631259638383,0.791792235264262,0.817930804060279,0.413396699777343,0.550475691498226
BSU_30790,menE,55.7671657314895,0.416826054941354,0.494580068896649,0.842787813652185,0.399347124704505,0.537549267270774
BSU_30800,menB,225.069059171245,1.13062008921728,0.266061202147573,4.24947373044707,2.14273334890647e-05,0.0001103979025066
BSU_30810,menH,43.8511979457159,1.08730046784016,0.459061884355836,2.36852700015789,0.0178590767930269,0.0461714676277956
BSU_30820,menD,123.827763390001,0.742162738047011,0.321939676696228,2.30528509459644,0.0211506117704636,0.0531895535701793
BSU_30830,menF,302.699141006813,0.13724602276564,0.221632706626919,0.619249860972327,0.535751769227428,0.663450247517132
BSU_30840,yteA,14.073258737017,-2.79853964139769,0.844054947537229,-3.3155894051249,0.0009145008350189,0.0033580780662178
BSU_30850,ytdA,37.3562538701254,-0.879306854342081,0.691042285317883,-1.27243567148369,0.20321836662132,0.32432603409583
BSU_30860,ytcA,0.824194781278739,-1.36684213454006,3.43735807882263,-0.397643219937166,0.69089319708692,
BSU_30870,ytcB,2.80232759698042,-2.38271789937106,2.25778601024062,-1.05533380425062,0.291272685876634,0.424230100135616
BSU_30880,ytcC,1.72611790002092,-1.78475406022036,2.73948112767744,-0.651493467937663,0.514727992332942,0.64404169528693
BSU_30890,cotOO,6.69077653966486,-0.701202920632034,1.28864407651132,-0.544140103084449,0.586345065636363,0.707894446754628
BSU_30900,cotS,19.9896134985711,-1.90790607212705,0.66352743310884,-2.87539893141704,0.0040351730839359,0.0124532798950816
BSU_30910,cotSA,13.5480833538312,-2.5374463367915,0.942465365390149,-2.69234969259701,0.0070950508851842,0.0205913298630297
BSU_30920,cotI,7.47328108708121,-1.91285825456021,1.14743520953061,-1.66707299782331,0.0954998905935669,0.182050605341806
BSU_30930,ytaB,4.99684126311076,-1.19359421273807,1.31498232425103,-0.907688408220931,0.364042870011596,0.502516010117951
BSU_30940,glgP,1512.64019767913,-4.1077107342686,0.246727454468969,-16.6487784795154,3.0884191822618397e-62,1.99733139055829e-60
BSU_30950,glgA,1601.89566837377,-4.19504912216288,0.281683233693066,-14.8927895606807,3.67126663440502e-50,1.87148215610317e-48
BSU_30960,glgD,810.403161727617,-4.12333309542419,0.260896196435577,-15.8044967759519,2.8969428462808e-56,1.67366044705796e-54
BSU_30970,glgC,1089.95916930707,-4.5968676399905,0.319480691333673,-14.388561702433,6.1052392922606905e-47,2.81425551631548e-45
BSU_30980,glgB,2101.02159476284,-4.52170146749913,0.237657361880789,-19.0261367529917,1.03615723984539e-80,9.35347775052099e-79
BSU_tRNA_72,trnB-Glu,248.662166376562,0.0388797287947542,0.222205705707058,0.174971784234969,0.861101804459451,0.910941739439484
BSU_tRNA_71,trnB-Ser2,152.505599720155,0.0447354102286923,0.359363876056817,0.124484994762299,0.900931280409667,0.937946957716263
BSU_tRNA_70,trnB-Asn,76.7228249535003,1.18744179935483,0.482314173637032,2.46196745660734,0.0138177203778967,0.0367539486785921
BSU_tRNA_69,trnB-Ile2,23.0277939388763,0.513213483410585,0.600641419242396,0.854442379378223,0.392859922895248,0.531238152938502
BSU_tRNA_68,trnB-Gly2,60.3453592359254,-0.116155881830732,0.422567581154996,-0.274881195365829,0.783407514764654,0.85698176255371
BSU_tRNA_67,trnB-His,28.9603423112947,0.360694622670132,0.501942963232637,0.71859683089722,0.472389366584438,0.608823059313019
BSU_tRNA_66,trnB-Phe,22.9729356560102,1.07818522980052,0.769121506253515,1.40183991870477,0.16096305506114,0.273725634842982
BSU_tRNA_65,trnB-Asp,72.1777064696541,0.259804785457465,0.393978523281565,0.659438954421863,0.509613934427919,0.640341913929371
BSU_tRNA_64,trnB-Met2,21.3556832822061,0.509090089700193,0.776510119928481,0.655612949058645,0.512073191707076,0.642389444026277
BSU_tRNA_63,trnB-Ser1,154.485760108071,-0.0417397701113856,0.287750611316425,-0.145055365548768,0.884667158609658,0.927028488090846
BSU_tRNA_62,trnB-Met3,65.3644709799092,-0.0998407843222421,0.401223922768641,-0.248840556747694,0.803484117873914,0.871463500061995
BSU_tRNA_61,trnB-Met1,50.2990072383633,0.651196592588236,0.483626933829124,1.3464853734104,0.178146034348173,0.295297156400395
BSU_tRNA_60,trnB-Ala,18.6213636138316,0.0693903935948141,0.740532644204221,0.0937033554670386,0.925344804730823,0.953083762096686
BSU_tRNA_59,trnB-Pro,31.5148397253812,-0.0270028985658596,0.48125736113636,-0.056109060861115,0.955254925788285,0.973452397328466
BSU_tRNA_58,trnB-Arg,94.978721214349,-0.0572813025394877,0.307272851297236,-0.186418364973212,0.852116691688287,0.904512891985632
BSU_tRNA_57,trnB-Leu2,150.172311173479,-0.0880150987361694,0.260950245336516,-0.337286897824783,0.735900635659893,0.822116825901386
BSU_tRNA_56,trnB-Gly1,126.292844344962,0.175704236585324,0.268683451971873,0.653945136166098,0.513147152947813,0.64336418221148
BSU_tRNA_55,trnB-Leu1,117.130323841836,-0.359093537021401,0.310748755963423,-1.15557513949845,0.247854981644805,0.37701148719016
BSU_tRNA_54,trnB-Lys,13.9380166550034,0.555229458636961,0.710979415213423,0.780936053500636,0.434840105833933,0.570612410229688
BSU_tRNA_53,trnB-Thr,47.5570116071607,0.451862326069461,0.456218781580374,0.990450950976146,0.321953752088655,0.458890002565837
BSU_tRNA_52,trnB-Val,0.981768556451658,-0.032543565862719,2.4032670313577,-0.0135413857212255,0.989195867592889,
BSU_rRNA_21,rrnB-5S,0.0,,,,,
BSU_rRNA_20,rrnB-23S,16566.0671926097,-1.12724825112183,0.867663701306353,-1.29917645445423,0.193883379969462,0.314003326712871
BSU_rRNA_19,rrnB-16S,15365.4825681223,-1.0817452057885,1.00000396826482,-1.08174091315409,0.279367668101015,0.410199968106302
BSU_misc_RNA_51,tswC,3.27229794440869,-2.28994295082019,1.80694183026152,-1.26730308218542,0.205046938871111,0.326402786968598
BSU_30990,thiT,37.4375867738679,-0.0776551653339274,0.456666570536824,-0.170047843096204,0.864972511172655,0.913237302853586
BSU_31000,yuaI,1750.64521523485,-1.44242873415636,0.191435995207313,-7.53478327100557,4.8914655410825404e-14,5.83876589242718e-13
BSU_31010,floT,3339.44910529063,-1.3196086686829,0.155270184154663,-8.49878987306701,1.91577332125916e-17,2.9967674371898797e-16
BSU_31020,nfeDB,617.725365306714,-1.18734474135553,0.217483623129053,-5.45946735792132,4.77565124853853e-08,3.39784841706362e-07
BSU_31030,yuaE,1913.53344679877,-0.516461533506649,0.203618548995169,-2.53641692299312,0.0111993311887086,0.0304242646023037
BSU_31040,yuaD,198.10944328002,0.0747729184538383,0.239972544670045,0.311589471856661,0.755352536425395,0.83493432151307
BSU_31050,gbsB,1109.26586620739,-0.658777612446489,0.286622124134848,-2.29841856917002,0.0215379776458851,0.0539714257493097
BSU_31060,gbsA,736.584530899975,-0.618378098989076,0.293338406558025,-2.10807069638443,0.0350248747272737,0.081375271346059
BSU_31070,gbsR,212.982997781667,0.613826332003237,0.248808190091934,2.46706642484892,0.0136225084533462,0.0363424178468213
BSU_31080,bslA,114.224206676234,1.32466308749494,0.677813671786261,1.95431745129014,0.0506636862775971,0.109430662663262
BSU_misc_RNA_52,swdA,17.0564764308304,0.491211007567268,0.693920438025778,0.707877993858744,0.479021026629705,0.614809866228232
BSU_31090,ktrA,41.1583788613696,0.840411794845328,0.565074848399668,1.48725747965147,0.136946820079084,0.240628779968643
BSU_31100,ktrB,35.2673185690144,2.07215911732157,0.865556670543922,2.3940190028452,0.0166648853620329,0.0435255866628623
BSU_31110,yubF,219.123598028118,0.481567763397359,0.217491094585567,2.21419531827266,0.0268153457936245,0.064911113588701
BSU_31120,lytG,232.267704826658,0.40852125508664,0.228215639120665,1.79006687123068,0.0734431618072036,0.14808246631485
BSU_31130,yubD,113.000872896166,1.03990971288632,0.317185710497442,3.27855158183333,0.0010434129297128,0.003780190823115
BSU_31140,cdoA,6.09609454186918,1.29631673084459,1.54330333812005,0.839962370860727,0.400929485046944,0.538675180994855
BSU_tRNA_86,trnSL-Ala1,1.75787047810357,-1.23576027106459,3.18275164830357,-0.388267891314506,0.697817796060824,0.794232863233924
BSU_31150,uppP,581.765173509749,-0.0694417344634626,0.246758305467237,-0.281415996644873,0.778391350139159,0.852570707824312
BSU_31160,yubA,772.478187790503,-0.124256893372257,0.210334576713787,-0.590758282892025,0.554682390389654,0.681577349661521
BSU_31170,iolU,166.436666437742,0.546411630587571,0.2736225394851,1.99695402146257,0.0458301779281567,0.101369148015673
BSU_31180,rhaA,429.884498358739,-0.152684598811049,0.223915701326722,-0.681884289071191,0.49531212054677,0.629411317801706
BSU_31190,rhaM,89.4050196968708,0.0333702705884832,0.431556646785129,0.0773253542427727,0.938364721518825,0.962344636989368
BSU_31200,rhaB,435.055652097295,-0.186765569640131,0.276322855212873,-0.675896206617623,0.499106546342234,0.632419775923413
BSU_31210,rhaR,248.327883656634,-0.299234452771418,0.227734998866639,-1.31395900612821,0.188859999973686,0.308454722912168
BSU_31220,rhaE,333.470439656726,-0.506090946425616,0.292558209161166,-1.72988120168188,0.0836515025392425,0.164381841497749
BSU_31230,tlpB,382.651912479045,1.48849667468205,0.254608282860225,5.84622251075473,5.02861304236392e-09,4.03499635417831e-08
BSU_31240,mcpA,2273.77723614694,0.934861428759328,0.170092983314157,5.49617868147249,3.88109270685649e-08,2.79813222941916e-07
BSU_31250,tlpA,232.421250723697,0.708514377217067,0.240581798827308,2.94500407208962,0.0032295041245575,0.0103146961333963
BSU_31260,mcpB,1324.26778787881,1.20006177947769,0.172419249704887,6.96013804451482,3.39939472590763e-12,3.6013636546107e-11
BSU_31270,tgl,23.1402439370335,0.041142758714492,0.587494298644542,0.0700309072095099,0.94416905962428,0.965333774268996
BSU_31279,yuzH,58.237228022807,-0.854563804655922,0.426748002199057,-2.00250217986331,0.0452307488969985,0.100530001781405
BSU_31280,yugU,124.578617060614,-0.925403248435615,0.267907868110381,-3.45418466043087,0.0005519592956417,0.0021240138792322
BSU_31289,BSU_31289,1.48631683122377,-1.14809876933614,3.46374842740248,-0.331461361412186,0.740296022059842,0.825663491270346
BSU_31290,yugT,752.968285909309,-4.41542320941122,0.4052614712819,-10.8952454706454,1.21438652839433e-27,3.37303642790554e-26
BSU_31300,yugS,183.744507119108,-1.31098006804782,0.261247157919778,-5.0181601150677,5.21686900512013e-07,3.30961836005644e-06
BSU_31310,yugP,457.224616994981,-0.901487053835225,0.20931920312925,-4.30675752801608,1.65665033346352e-05,8.65894559094985e-05
BSU_31319,yuzI,26.678158288476,-3.238032753773,0.765031768981177,-4.2325467844103,2.31059828078166e-05,0.0001179248804549
BSU_31321,mstX,14.9973317863455,-1.79586190649555,0.846044983250662,-2.12265534581331,0.0337827434767306,0.0792102962579402
BSU_31322,kbfO,93.2906076047202,-3.42886161025339,1.28273685782688,-2.6730826274551,0.0075157735845686,0.0216528237645849
BSU_31330,yugN,1566.27900655102,-0.0963905670660856,0.230361823769735,-0.418431168362495,0.675631902161207,0.776528655720029
BSU_31340,yugM,1193.98915504621,-0.348545728651472,0.151658342935459,-2.29822983625636,0.0215487114115638,0.0539714257493097
BSU_31350,pgi,1255.12612069521,0.337790848223785,0.164242140822447,2.05666369503155,0.0397185866883361,0.0909622812476534
BSU_31360,bdhK,70.3130470726608,0.675762480161813,0.345852170501061,1.95390556370598,0.0507123864823056,0.109430662663262
BSU_31370,bdhJ,425.588019748783,0.113084695827704,0.182985023609604,0.617999733513538,0.536575514279661,0.664090746464945
BSU_31380,yuzA,62.3709359408011,-2.90380315308961,0.557245910363846,-5.21099051439177,1.87835056990545e-07,1.2657687432971e-06
BSU_31390,yugI,888.934637778203,-0.0337931947358044,0.221325796969377,-0.152685295607363,0.878646457196093,0.923175339241191
BSU_31400,yugH,2127.64880953965,1.07647402525117,0.193543587989122,5.56192037377993,2.6682203996436e-08,1.95293901886076e-07
BSU_31410,yugG,677.408641359235,0.893431973782273,0.23935912671802,3.73260040689734,0.0001895131140334,0.0008034836821006
BSU_31420,yugF,63.7239901814394,-2.5419026759853,0.705584383150564,-3.60254951312164,0.0003151113545089,0.0012844567253878
BSU_31430,yugE,37.1948997150946,0.0390458725042962,0.598616299896719,0.0652268782374167,0.947993360953636,0.967873523329903
BSU_31440,patB,86.1952990220767,1.4338434046229,0.496507816756266,2.88785665851212,0.0038787658841782,0.0120707961499446
BSU_31450,kinB,302.81870505121,0.326912385654115,0.242415921097732,1.34855988077745,0.177478374276424,0.294641301049711
BSU_31460,kapB,170.245454009809,0.772456336202582,0.37544813056957,2.05742490988232,0.0396453710717795,0.0908426191718777
BSU_31470,kapD,144.532249107788,-1.61168593745416,0.260063568767851,-6.19727686230765,5.74483973374738e-10,4.91944477595403e-09
BSU_31480,yuxJ,68.7796396776105,-0.690709373487275,0.404773215155351,-1.70641076935435,0.0879316269012614,0.17045729401341
BSU_31490,pbpD,1523.11778597252,0.510640229023172,0.192253750355159,2.65607421483245,0.0079056214020257,0.0225659140546624
BSU_31500,yuxK,517.318288079688,0.732946803303293,0.173137787939278,4.2333150494007,2.30271564853952e-05,0.0001176611663339
BSU_31510,yufK,89.8866011737791,1.03490698630931,0.577703520537067,1.791415405167,0.0732266586325667,0.147714670323516
BSU_31520,maeL,399.751011061307,0.471424157079156,0.203475060051457,2.31686456787351,0.0205111104239138,0.0519428157734372
BSU_31530,maeM,307.485662763902,0.532052789336857,0.208192579722367,2.55557998294834,0.0106010994459117,0.0290541201133051
BSU_31540,nupN,3421.37993076989,1.33609938839486,0.200680623098764,6.65783954506313,2.7788189518137e-11,2.69969114758044e-10
BSU_31550,nupO,1106.04524424337,1.87996531388225,0.237020215796309,7.93166653555771,2.16224389838775e-15,2.86513847453031e-14
BSU_31560,nupP,819.647207482316,1.83690277749802,0.204677793738564,8.97460708338642,2.84364909665401e-19,5.09154195694291e-18
BSU_31570,nupQ,543.037773767658,1.98131756625446,0.270789198971321,7.31682642358383,2.53903926175644e-13,2.9182114379816097e-12
BSU_31580,maeN,217.825881473435,0.83464889380178,0.252049050678188,3.31145422510416,0.0009281242294039,0.0034023369593969
BSU_31590,yufS,19.3333472357701,-2.12657314518099,0.954802702476999,-2.22723829715199,0.0259313518635167,0.0630884602047265
BSU_31600,mrpA,261.029289797721,0.337110212545872,0.249296159815167,1.35224791587569,0.176296020009452,0.293691139831202
BSU_31610,mrpB,49.4980230827143,0.173285857890056,0.555271197114085,0.312074277921627,0.754984074263719,0.83493432151307
BSU_31620,mrpC,66.813050013428,0.55525308145037,0.407133892956296,1.36380952570307,0.17262752148066,0.28935978745675
BSU_31630,mrpD,223.858979960683,0.336893727963132,0.299032982859899,1.12661059907552,0.25990715585141,0.389411378390097
BSU_31640,mrpE,102.124536271202,0.0083172942357166,0.307037171402764,0.0270888837260888,0.978388841010085,0.987877230446049
BSU_31650,mrpF,41.7557296371337,0.731218427679811,0.452575233428783,1.61568370001156,0.106162716922118,0.197448326014526
BSU_31660,mrpG,84.9691290358602,0.101976864944358,0.524649249331839,0.194371506438311,0.845884999002481,0.89966119309714
BSU_31670,yuxO,300.422089365168,0.0240830192063393,0.205137548128657,0.1173993714268,0.906543582157328,0.94152764656944
BSU_31680,comA,560.85638385173,0.334891991804556,0.288442422244376,1.16103584624881,0.245627322134642,0.374754643242747
BSU_31690,comP,3656.25574122996,-0.17634910136117,0.144736357075798,-1.21841605609029,0.223065906639561,0.3475528851022
BSU_31700,comX,155.352089393609,-0.883297853175629,0.313124297008377,-2.82091764074124,0.004788649526596,0.0145404473712269
BSU_31710,comQ,1592.48738747162,-0.467696135818321,0.149056131818006,-3.13771818786608,0.0017026849582652,0.0058322007305639
BSU_31720,degQ,390.386405274568,-1.75697277842711,0.316729217934607,-5.54723934180854,2.90215348001309e-08,2.11345059309188e-07
BSU_31725,BSU_31725,2.74995570122265,-0.215540878297247,2.17701471129038,-0.0990075433020337,0.921132280845564,0.950301469739007
BSU_31730,cotIC,242.781238015752,-7.27679772208259,0.596277893242828,-12.2037020063046,2.97007062150079e-34,1.02137428594944e-32
BSU_31740,pdeH,72.4487092234635,1.6515457198066,0.460473923207103,3.58662160129272,0.0003349898854699,0.0013603666108165
BSU_31750,pncB,878.746962138272,0.866470851381767,0.194166245392704,4.4625205046805,8.10011746219234e-06,4.37083548738224e-05
BSU_31760,pncA,621.857534265061,0.38033462197525,0.172499780621278,2.20484119229272,0.0274652403613417,0.0661149369364965
BSU_31770,yueI,222.543532940273,-0.534790443125866,0.239153898051277,-2.23617698680036,0.0253401800539252,0.0619283700923056
BSU_31780,yueH,133.713658668546,0.418465261327856,0.319178352901684,1.31107030763065,0.189834011238577,0.309578762023618
BSU_31790,yueG,129.610793776344,-0.0863038359616757,0.290778065554967,-0.296803116139313,0.766616826285872,0.843940728733913
BSU_31800,yueF,489.31787132566,-0.0099269211764301,0.175881739814957,-0.0564408857160167,0.954990586756459,0.973411953050044
BSU_31810,yuzE,14.6238110585541,-0.149918835151271,0.830263131689248,-0.18056785786242,0.856706786827312,0.90766812573151
BSU_31820,yuzF,252.137691739036,-0.230354635909997,0.230410551968739,-0.999757319887202,0.31742796507889,0.453035366497639
BSU_31830,yueE,607.397527966609,-0.530336598855335,0.223726985296137,-2.37046325973308,0.0177658095344732,0.0459852166743563
BSU_31840,bznD,399.651172313208,-0.10667322410712,0.188640913081176,-0.565482971667002,0.571745303326401,0.694330829403951
BSU_31850,yueC,106.280205757055,-0.197664538115055,0.29232560650139,-0.676179348366851,0.49892678272322,0.632419775923413
BSU_31860,yueB,660.165396677278,0.085311958250524,0.262834462937096,0.324584368796955,0.745495659111159,0.829754094767185
BSU_31875,yukAB,290.240556086126,0.197625079647823,0.238392973712218,0.828988692789208,0.407110805534661,0.544784163181496
BSU_31890,yukC,114.591101580434,0.264861456903597,0.334600620012493,0.7915749136798,0.42860857915131,0.564486618073747
BSU_31900,yukD,24.0464983572427,1.0493446905387,0.797565044774616,1.31568540699428,0.188279654183081,0.3076228286483
BSU_31910,yukE,4418.74639971994,-0.199858733706153,0.196825873358966,-1.01540884994147,0.309910976179723,0.444945082765652
BSU_31920,adeR,365.072895684264,-0.202673092380818,0.21171183672879,-0.957306381694894,0.338412635202582,0.475621780192276
BSU_31930,ald,511.916751471254,-1.64432565553425,0.284746890022221,-5.77469223774816,7.709386646846721e-09,6.04724743906402e-08
BSU_31945,yukJ,10559.2231251357,-2.42328174624197,0.13805447454497,-17.5530836956147,5.63364774192265e-69,4.06843261095847e-67
BSU_31959,mbtH,4.84716803489212,-0.998800804732442,1.59554345659137,-0.625994109158408,0.531318805205601,0.659468456876502
BSU_31960,dhbF,104.927242333589,0.0024219967880964,0.318212116287081,0.007611265140864,0.993927147690747,0.996836437324403
BSU_31970,dhbB,12.0686928779695,0.539967172818881,0.734522341292484,0.73512695593267,0.462262179002095,0.598083613501367
BSU_31980,dhbE,9.63362019272974,0.552034939713198,0.841581468766575,0.655949495326059,0.511856620417653,0.642303717425338
BSU_31990,dhbC,2.52012840369071,0.0808366714924498,1.80793573777884,0.044712137607149,0.964336758963286,0.980171516910138
BSU_32000,dhbA,2.81593256748846,1.0881549921207,1.63905118553636,0.663893233916675,0.506758647064332,0.638309656316788
BSU_32010,besA,82.6130033748,1.70163030231343,0.439037673841197,3.87581841764431,0.0001062669121492,0.0004781072353761
BSU_32020,yuiH,43.3256255845019,0.520860045778347,0.509860522122279,1.02157359351982,0.306982761055738,0.442353276905391
BSU_32030,bioYB,1269.47402309557,1.98776835078751,0.236033975327883,8.42153485754,3.7158373375702e-17,5.70947630627364e-16
BSU_32040,hisP,43.6541171755689,-0.75002629517438,0.439084521760008,-1.70815926776012,0.0876067941401417,0.170148022863843
BSU_32050,pepA,667.429417682434,-0.586425431518721,0.183966889916717,-3.18766834501687,0.001434249411562,0.0050239310430868
BSU_32060,yuiD,286.692885562376,-0.316329591581595,0.196467471162076,-1.61008634004679,0.107379008751078,0.199125772405069
BSU_32070,spsC,365.742921989213,-2.68572956266805,0.372117776837092,-7.21741805913191,5.298390125000229e-13,5.9169908277386596e-12
BSU_32080,yuiB,3462.48148907189,-0.32778200285169,0.140115316926777,-2.33937309668283,0.0193161326357187,0.0493495299000996
BSU_32090,yuiA,175.657428563643,-0.13723509603592,0.392811205877841,-0.349366550603441,0.726814141862382,0.816644332874399
BSU_32100,yumB,411.586946550963,-3.38006540174752,0.340232025706479,-9.93458918139449,2.94386904002432e-23,6.575146675477001e-22
BSU_32110,trxBB,1025.21618090338,0.217296572328457,0.188352310409422,1.15367086209943,0.248635134179764,0.377615154714657
BSU_32120,yuzG,15.5369438272985,0.327510957599849,0.685819343945253,0.477546981564862,0.632972674264133,0.744519656320521
BSU_32130,guaC,7.9682442179704,-0.735269217911238,1.23335953174391,-0.59615156731436,0.551073977466185,0.678160620380852
BSU_32140,paiB,605.630681450953,-0.888868671139949,0.247564253147122,-3.59045645661821,0.0003300993747851,0.0013430240290554
BSU_32150,paiA,339.781957608979,-0.738925654811735,0.241017484999614,-3.06585912143644,0.0021704555405219,0.0072510284171792
BSU_32160,sufA,494.997962912473,-0.217932717099148,0.228660508767305,-0.953084195753829,0.340547412971862,0.477873998446324
BSU_32170,dapF,314.728690827409,-0.297081879339798,0.249556692738426,-1.19043843737417,0.233874113135103,0.360632217869894
BSU_32180,yutK,9.18265204079187,1.38864096897772,1.02963983269573,1.34866671323513,0.177444041807354,0.294641301049711
BSU_32190,yuzB,56.2414288553164,-0.49658811029661,0.400584072136092,-1.23966014836432,0.215101123111862,0.337815573194526
BSU_32200,yutJ,255.882319212903,1.19409732263181,0.243007665411766,4.91382574540792,8.9316140040171e-07,5.46619823155453e-06
BSU_32210,yuzD,171.904713693509,0.11242224942734,0.265023296334581,0.42419761199186,0.671421702234027,0.772194061430759
BSU_32220,yutI,3134.31024161879,0.198403259621581,0.139156926487284,1.42575195234504,0.153939954466762,0.264167058496824
BSU_32230,yuxL,468.820661775932,-0.724161783330554,0.236750795513214,-3.05875121458731,0.0022226164261346,0.0074081515188012
BSU_32240,thrB,14682.7412246295,0.344970944166535,0.190585045378501,1.81006302714583,0.0702860137415146,0.143249904770453
BSU_32250,thrC,19942.2194692406,0.142420522802538,0.212563317766038,0.670014583416018,0.502848493683457,0.63578713835145
BSU_32260,hom,17254.2666515335,0.0986894456916241,0.174167666472655,0.566634712919683,0.570962385680895,0.693963539174003
BSU_32270,cotNH,169.315150577513,-2.08675149608672,0.374505165736527,-5.57202326430603,2.51797786409767e-08,1.85235960698391e-07
BSU_32280,yutG,325.282535548051,-6.59301410841268,0.40651136778549,-16.2185233449405,3.73056299722988e-59,2.2450735370829198e-57
BSU_32290,nucF,358.933136883054,0.406217756815822,0.197122113396922,2.0607416885688,0.0393276901680597,0.0901623711630701
BSU_32300,yutE,240.803064087498,0.98032214227636,0.409103096560934,2.39627162570339,0.0165628111985935,0.0433112015229363
BSU_32310,yutD,166.796238483667,0.300557579558061,0.234726288720928,1.28045981213208,0.200383469930581,0.321102653553701
BSU_32320,yutC,35.6528958621469,-2.12910313514402,0.960536626123276,-2.2165767314226,0.02665202908682,0.0646602698954036
BSU_32330,lipA,1695.27943175937,0.648183980427869,0.170578262938658,3.79992133382764,0.0001447420274106,0.0006284240528759
BSU_32340,lytH,20.627655329075,0.406719834893189,0.67295613244268,0.60437793087179,0.54559240490176,0.672277084020134
BSU_32350,fisB,204.051308600838,-3.08596715645979,0.359357335390835,-8.58746114950879,8.89121728069167e-18,1.42161049731502e-16
BSU_32360,yunC,95.112436729282,0.201392656588205,0.397367222908839,0.506817485131145,0.612282886657418,0.727453180116971
BSU_32370,yunD,290.575654467679,0.437909021679816,0.273429544641813,1.60154244580068,0.109256826669839,0.202052851028772
BSU_32380,yunE,116.296545225936,0.551330319626826,0.307726131000332,1.79162659288831,0.0731928003951988,0.147714670323516
BSU_32390,yunF,177.981334813493,0.67747204613176,0.376767812372687,1.7981155074405,0.0721587052701704,0.145968099876587
BSU_32400,yunG,18.7884328136854,-0.220842134207284,0.899287055570764,-0.245574683677748,0.806011488681943,0.873330277684136
BSU_32410,pucH,129.640981251339,-0.59405320504813,0.374276501845262,-1.58720411813011,0.112466422384799,0.206315414137736
BSU_32420,pucR,45.1584189264239,0.683602239535375,0.467166504037105,1.46329463612631,0.143386774830812,0.249516022225667
BSU_32430,pucJ,97.0142198051054,0.638351488389123,0.348520922500099,1.83160162612315,0.0670107943781132,0.137675567586707
BSU_32440,pucK,144.813665844148,0.567974782329526,0.258769418535077,2.19490690030103,0.0281702767481521,0.0675120625828225
BSU_32450,pucL,347.560526487607,0.653722837504189,0.246642157018834,2.6504910815156,0.0080374849302336,0.022912119870199
BSU_32460,pucM,136.146843433389,0.794097116208457,0.28974898724175,2.74063810806665,0.0061320005292005,0.0180871057134281
BSU_32469,yuzJ,2.09396585346106,0.444127777756942,2.09617490671693,0.211875343194784,0.832204287169865,0.892543879451525
BSU_ncRNA_2,auzJ,3.11828771293359,0.427425456387831,1.91678006626018,0.222991392654547,0.823542205522111,0.885900788611546
BSU_32470,pucE,50.2905352146547,-0.0075408744058817,0.415233710302014,-0.0181605544511235,0.985510770430715,0.991920596579858
BSU_32480,pucD,146.095980234431,-0.337449983461144,0.270125228749789,-1.24923534548384,0.211579007737901,0.333857188830417
BSU_32490,pucC,34.0312532459691,-0.501823727078511,0.538890256260558,-0.931216924500997,0.351741364892264,0.489856348671963
BSU_32500,pucB,24.9939086441911,-0.468286852545914,0.54910440952877,-0.852819326196611,0.393759504827438,0.532177147354113
BSU_32510,pucA,50.9971138225255,0.169695984211913,0.398115916741442,0.42624767580474,0.669927380706095,0.771837129606111
BSU_32520,pucG,296.482052034961,-0.0961420733061793,0.205475330258262,-0.467900809237479,0.639855524762296,0.749364838921751
BSU_32530,pucF,141.334405962875,0.50953296417499,0.28417700622218,1.79301264007482,0.0729709029659004,0.147372957662357
BSU_32539,BSU_32539,0.0,,,,,
BSU_32540,bsnA,788.372335287588,-0.850691794467298,0.177736021878828,-4.78626552723938,1.69913231882542e-06,1.005784199108e-05
BSU_32550,frlP,557.055684024074,0.324900707532273,0.329333293902329,0.986540728034103,0.323867839595268,0.461163111720768
BSU_32560,frlR,220.24302117031,0.626095790643615,0.306839227991959,2.0404685370282,0.04130368165874,0.0937280484908519
BSU_32570,frlD,237.027082177392,0.639915422663214,0.378276694355248,1.69165965604599,0.0907108848980188,0.174224407918048
BSU_32580,frlM,110.684602525197,0.659262008101128,0.390110468485949,1.68993672653743,0.0910400603637489,0.174779167725354
BSU_32590,frlN,183.388564447026,0.16590692972874,0.301946251439336,0.549458484541157,0.582690847672525,0.704071233397951
BSU_32600,frlO,686.214001759137,0.749268217435368,0.370773848501441,2.02082272108373,0.0432981199015077,0.097308482123046
BSU_32610,frlB,1016.1958978151,0.461145933946662,0.302643817320266,1.52372494515117,0.127577435348351,0.226766208349182
BSU_32620,yurQ,246.248355948881,0.461426446035148,0.213186255669302,2.16442868038791,0.0304314646727879,0.0722518007820219
BSU_32630,dadA,287.346688613678,0.381935768326947,0.232015558776147,1.64616446561433,0.0997299029953568,0.187800812550579
BSU_32640,sspG,0.500723435030787,0.916531328842994,3.47304758402572,0.263898292974326,0.791858291043761,
BSU_32650,yurS,1.75466134544214,2.9049871197505,2.64071346784303,1.10007661002439,0.271298743978024,0.401026005283383
BSU_32660,glxB,330.716431362846,0.858058021398227,0.200858560471291,4.27195146368119,1.93769757637232e-05,0.0001004311435217
BSU_32669,yuzN,112.736300330808,0.678379139887016,0.290183100867697,2.33776239160222,0.0193995775649276,0.04953351183785
BSU_32670,sufB,12058.078961418,-0.471678224730238,0.182785063952013,-2.58050747983473,0.0098655219082406,0.0272971305417666
BSU_32680,sufU,2323.74255002157,-0.518509138099626,0.200430448538761,-2.58697788624343,0.0096821805754603,0.0268584432992763
BSU_32690,sufS,4197.0317138428,-0.413891325230911,0.156561986639067,-2.64362591530653,0.0082023251476618,0.0233053605670942
BSU_32700,sufD,5929.1028228433,-0.447931432741642,0.18421110615164,-2.4316201237775,0.0150314630436594,0.0396658522339684
BSU_32710,sufC,2560.32753298723,-0.289400151066961,0.185746185002876,-1.55804088822864,0.119223555772003,0.216329843869384
BSU_misc_RNA_84,bsrI,8.04603258071283,-2.06639198267284,1.09692526905578,-1.8838037931714,0.0595915202944821,0.125162412717398
BSU_32719,yuzK,0.0,,,,,
BSU_32720,yurZ,27.9112673264465,-2.82037619625131,1.03477550139098,-2.72559235550132,0.0064186216610584,0.018820724377861
BSU_32730,metQ,704.648483751059,-0.0962030080886556,0.22077451424577,-0.43575232592998,0.663016436666214,0.76814177007345
BSU_32740,metP,160.081638857531,-0.0244922107805344,0.274443230921111,-0.0892432679003649,0.928888579725672,0.955123022467782
BSU_32750,metN,185.374833768301,-0.195434532834263,0.24368553978255,-0.801994788072602,0.422555973121383,0.559405753600658
BSU_misc_RNA_53,mswH,213.393327430189,-1.32871985084212,0.233470090734502,-5.69117802910828,1.26165876764948e-08,9.59082007057051e-08
BSU_32760,yusD,1013.66326244875,-1.07416712030606,0.192423523640039,-5.58230667428935,2.37349377341032e-08,1.75500827989537e-07
BSU_32770,yusE,275.613676798949,0.430300294373388,0.203625503054301,2.11319450618442,0.034584123334809,0.080566132478348
BSU_32780,yusF,477.230469824949,0.544250383777814,0.192495343566725,2.82734311227201,0.0046936007922873,0.0142718401634954
BSU_32790,yusG,857.992695483148,0.920346873377622,0.189148749537334,4.86573067825629,1.1403471759691e-06,6.87221740399739e-06
BSU_32800,gcvH,3056.06036054174,0.874391951853042,0.185016770563301,4.72601456176579,2.28969236385642e-06,1.33170966611945e-05
BSU_32810,yusI,48.1413707891999,-0.386001969797027,0.461194262901355,-0.836961776949919,0.402614053551449,0.540603251948692
BSU_32820,fadE,2975.19396063607,-1.58452620391573,0.313229967266099,-5.05866733552228,4.22196663756918e-07,2.73041514038616e-06
BSU_32830,fadA,1200.16569512136,-1.41552329890776,0.341521345326855,-4.14475791418843,3.40172892641414e-05,0.0001696167023953
BSU_32840,fadN,2273.75849470559,-1.31490558428002,0.329849641230541,-3.98637870083659,6.70894013557961e-05,0.0003152910803412
BSU_32849,yuzL,1.30991398269189,-3.14415769044899,3.44411530347728,-0.912907209370882,0.36129134553474,0.499992143149802
BSU_32850,putM,12.9396508600171,-5.19697046369902,1.28328172597969,-4.04975022903216,5.12723275004893e-05,0.0002468477722884
BSU_32859,yuzM,17.4020547175062,-5.60887088017747,1.26543471286942,-4.43236685633441,9.32042577427513e-06,5.01059613894964e-05
BSU_32860,yusN,36.2486398177564,-2.29437939227259,0.920036143177231,-2.49379267248049,0.0126386342634195,0.0339722098408169
BSU_32870,mdtR,69.5711081929395,0.180343478832874,0.461112396322997,0.391105249546464,0.695719440502474,0.792469068269512
BSU_32880,mdtP,262.622448770258,0.427059927741556,0.224263768876004,1.90427517508492,0.0568743555902447,0.12068392887979
BSU_32890,yusQ,117.777529434204,0.139116874269658,0.279567658388914,0.497614334474013,0.618755898353816,0.732732797913935
BSU_32900,yusR,79.3588465863384,0.464472848071817,0.468853711600887,0.990656225128066,0.32185347303321,0.458890002565837
BSU_32910,yusS,83.7359022750911,0.179202142121089,0.313266996223186,0.572042839755188,0.567292952166595,0.691443139729355
BSU_32920,yusT,344.304753959797,0.0566347110334998,0.189095013622087,0.299503989812689,0.764555528240952,0.842099416336565
BSU_32930,yusU,36.2652328477277,0.545811933138036,0.435671671930336,1.25280565229247,0.210276444120427,0.332892887239243
BSU_32940,feuV,1516.80517596449,0.465954007505321,0.197630078758884,2.35770794826127,0.0183881531854895,0.0473134606607636
BSU_32950,cotNW,63.2911576551631,-3.83055517858982,0.73988892183343,-5.17720304434047,2.2523704605983e-07,1.5107617965592e-06
BSU_32980,yusZ,101.327752677138,0.437302756981795,0.298487073809856,1.46506430379082,0.142903374533041,0.248974797688648
BSU_32990,mrgA,309.233359259552,-0.187878008258501,0.226205203438183,-0.830564484825586,0.406219704935892,0.543927682783443
BSU_33000,htrB,771.181667294417,-0.195523604194487,0.18206954323587,-1.07389517609316,0.282869665629528,0.41407914228809
BSU_33010,cssR,68.316986872039,0.836645450289298,0.410325908889522,2.03897787627776,0.0414522356273805,0.0939396113877823
BSU_33020,cssS,369.311302252479,0.328311646751231,0.223329055895198,1.47008030565131,0.141540005595843,0.247195825976133
BSU_33029,spxO,278.415313488251,-0.845665390146673,0.290373482714587,-2.91233683682436,0.0035873556179899,0.0113047359220002
BSU_33030,yuxN,193.247578703162,0.0079169703892502,0.379881533858606,0.0208406297322074,0.983372786929337,0.990919601340655
BSU_33040,fumC,6745.70193365374,-1.02932301629258,0.151898036376093,-6.77640765377652,1.2320074542287399e-11,1.23002034543159e-10
BSU_33049,yvzF,83.5064898758279,0.233097359542689,0.343231909144543,0.679124968665214,0.497058683136327,0.630675043639738
BSU_33050,gerAA,33.1003273179968,-3.92127118031673,0.792374267483397,-4.94876138869425,7.46872398101277e-07,4.61654507984712e-06
BSU_33060,gerAB,23.4306429633012,-2.85313157362944,0.838127379976111,-3.40417416468456,0.0006636442425016,0.0025092238243976
BSU_33070,gerAC,70.824936677804,-1.82169443444692,0.594608219937175,-3.06368861607631,0.0021862633828346,0.0072925937165685
BSU_33080,liaR,460.902641545969,-0.265933580178057,0.278929246806721,-0.953408734374603,0.340383017690391,0.477873998446324
BSU_33090,liaS,1346.890722632,-0.152412498332259,0.374059536942677,-0.407455186353437,0.683673701702222,0.782581926137058
BSU_33100,liaF,1053.7477860798,-0.304099345250142,0.420016180261983,-0.724018167729781,0.469054581487088,0.60488497070939
BSU_33110,liaG,1801.16203196292,-0.401636179939169,0.401733668587666,-0.999757330151492,0.317427960110369,0.453035366497639
BSU_33120,liaH,5119.11479540158,-0.392996350579235,0.757940508408118,-0.51850553733384,0.604105597641784,0.721496569620135
BSU_33130,liaI,1301.92033683811,-0.452835954537697,0.694830724969713,-0.651721258522981,0.514581006046981,0.64404169528693
BSU_33140,yvqJ,635.876201981108,0.101392663636012,0.208756000676467,0.48569939693926,0.627180311294331,0.739878107497505
BSU_33150,yvqK,46.1828455990083,0.626758817983393,0.443030480787609,1.41470811865846,0.157154093014032,0.268618810662643
BSU_33160,yvrA,94.7037074480325,0.227701148171003,0.429552616522599,0.53008907270624,0.596050174983336,0.715029182780397
BSU_33170,yvrB,99.3980748457137,0.0173384095540323,0.317057848670725,0.054685318867595,0.956389165706569,0.974168553870989
BSU_33180,yvrC,415.785768067563,-0.383060761048474,0.212159310959114,-1.8055335837808,0.0709912251041583,0.144250945431331
BSU_misc_RNA_85,srbL,6.47901113369162,-0.652565262625802,0.967978408639762,-0.674152705061686,0.500214234441649,0.633380560442918
BSU_33190,yvrD,140.711572131951,-0.264458593313885,0.290544845250942,-0.910216091032257,0.36270855974615,0.501633000121311
BSU_33200,yvrE,150.267608970371,-0.0497361092398344,0.312219796903912,-0.159298384449148,0.873433793529855,0.919482173800987
BSU_33210,yvrG,150.879676133308,1.81734983137089,0.414559124261935,4.38381336945948,1.16619691751135e-05,6.19256279850085e-05
BSU_33221,yvrH,114.64867153134,0.961240058850059,0.402719317330073,2.38687348107073,0.0169923379165608,0.0442209010164911
BSU_33222,rsoA,11.4006965287234,0.760043721289299,0.814327067682996,0.933339626609552,0.35064464140391,0.488849173488784
BSU_33230,sigO,9.48976909854052,0.676225553668109,0.822554794329194,0.822103959918661,0.411017731952845,0.548995016199654
BSU_33239,yvrJ,0.925189174989802,-0.979458607807346,3.25085582002802,-0.301292540189895,0.763191428863821,
BSU_33240,oxdC,54.8290626718549,-2.65896801240914,0.418733446079416,-6.35002538561214,2.15279399513058e-10,1.9036849756940402e-09
BSU_33250,rsiO,4.10113858281223,0.559676245814927,1.42274614798829,0.393377445868533,0.694040725310091,0.790972767692958
BSU_33260,yvrN,727.275276614363,1.15199709398662,0.234459557721948,4.91341494106547,8.95035725597489e-07,5.46994329903233e-06
BSU_33270,yvrO,308.278745313355,1.06524594343551,0.244926881832845,4.34924062015579,1.36609755838116e-05,7.20109576698972e-05
BSU_33280,yvrP,477.308096658555,0.538993587665546,0.191378090809258,2.81638083746351,0.0048568056329547,0.0147061766649846
BSU_33290,fhuC,210.210728657255,0.85229793221924,0.332647482101586,2.56216558993511,0.0104021709404226,0.0285631221070032
BSU_33300,fhuG,76.4927306485417,1.04598058709648,0.452494389658783,2.31158796882593,0.0208004002775272,0.0524916333153904
BSU_33310,fhuB,88.194676779674,0.717301879197363,0.322560549379369,2.22377435981402,0.0261636293210083,0.0636178483995111
BSU_33320,fhuD,136.326274348191,1.32216870745036,0.428304440031852,3.08698342550927,0.0020219887054262,0.0068340694700562
BSU_33330,lysP,9.432965377176,-2.10444512371776,1.22677582256727,-1.71542761522132,0.0862668559858338,0.167944324555368
BSU_misc_RNA_54,kswB,49.6925145146659,-0.774017538785597,0.408693378752073,-1.89388323625165,0.0582405100843491,0.122860822879983
BSU_33340,sspJ,26.4663611959322,-1.73472423433797,0.854120483254672,-2.03100647783051,0.0422543374847387,0.0954080481091051
BSU_33350,yvsG,67.9318643752043,-0.0159501364736251,0.425386977821997,-0.0374955917910101,0.970089854918173,0.983251307920572
BSU_33360,ltaSP,295.230318783323,0.499283514050021,0.220814986666227,2.26109432873193,0.0237534164985223,0.0586458995373774
BSU_33370,yvgK,845.852520519175,-0.0014063924370391,0.197065714784733,-0.0071366672715011,0.994305811704608,0.996836437324403
BSU_33380,modA,129.04677704034,0.126475170183705,0.265863032640056,0.475715517602389,0.634277064255387,0.745611101307268
BSU_33390,modB,88.0526407938517,1.58478358554551,0.494616341122931,3.20406637182177,0.001355012354959,0.0047733890520629
BSU_33400,pgoN,322.585458298968,-0.289768171343199,0.266018196815018,-1.08927951099788,0.276030645202561,0.40612590345083
BSU_33410,yvgO,157.675571339145,-1.97723086416309,0.344286327231883,-5.74298398678898,9.30225268278213e-09,7.22341592732885e-08
BSU_33420,nhaK,282.152292393932,-0.4654534924912,0.200969171063596,-2.3160442471244,0.0205558529170714,0.0519956279566084
BSU_33430,cysI,1525.37904219373,0.323823814061541,0.190959321025621,1.69577380314467,0.0899287254555352,0.173038263393654
BSU_33440,cysJ,584.456103220188,0.68237143673565,0.221885715568947,3.07532837337433,0.0021027090711072,0.0070628204690756
BSU_33450,helD,2978.78452719272,0.862820472692445,0.211930199491318,4.0712483391391,4.67618638243178e-05,0.0002268971511206
BSU_33460,yvgT,76.462966849844,2.2187453561333,0.488947685120155,4.53779703566459,5.68449305905817e-06,3.15780877242295e-05
BSU_33470,bdbC,574.198842514662,-0.19846741661044,0.171865724699823,-1.1547818330681,0.248179778379393,0.37712549761086
BSU_33480,bdbD,1052.59887132613,-0.19513302714345,0.166974234161859,-1.16864154594232,0.242548082054308,0.370970998779144
BSU_33490,cadA,795.798803539765,0.100748112642326,0.175666799724009,0.573518233386229,0.566293857119312,0.690907490020303
BSU_33500,copA,410.77372104838,0.410831954660589,0.198251860152198,2.07227288735245,0.0382399994073669,0.0880882070346204
BSU_33510,copZ,115.003734260015,-0.450674617530115,0.351687313270792,-1.28146396109292,0.200030750596388,0.32065602750061
BSU_33520,csoR,204.489078230908,-0.381631289296685,0.242281908349861,-1.57515388538875,0.115220928560887,0.21038865716575
BSU_33530,iolW,183.843296412373,-0.0877616559717659,0.355619812973102,-0.246785057441116,0.805074575322629,0.8727515974163
BSU_33540,azoRB,3597.01038219709,-0.741513946521677,0.156154993747215,-4.74857658232849,2.0485331729397e-06,1.20438185052208e-05
BSU_33550,yvaC,25.5759771342532,-3.91244836906996,0.781168930168327,-5.00845363656092,5.48690888981758e-07,3.45563607842726e-06
BSU_33560,yvaD,71.6558566545293,0.854538659198947,0.655019385835292,1.30460056248446,0.192028896651438,0.311867019936538
BSU_33570,yvaE,42.9915107462314,0.174314581303697,0.540063913664204,0.32276657797966,0.74687202628477,0.830645916296691
BSU_33580,yvaF,86.3873923547367,0.991240685369735,0.503167597070085,1.97000103174702,0.0488382523145388,0.106393236439868
BSU_33590,yvaG,221.546231750936,-0.391247323778863,0.298142500936908,-1.31228296049498,0.189424679229916,0.30914393035903
BSU_misc_RNA_55,ssrA,365369.022709213,-0.902539668693872,0.154556412100327,-5.83954852748529,5.234246914140681e-09,4.19223509777663e-08
BSU_33600,smpB,169.74177902501,-0.927019292210839,0.302102908625184,-3.06855467373531,0.0021509696524785,0.0072193272689307
BSU_33610,rnr,1776.18634551502,-1.0906361400565,0.167881328550037,-6.49647074797502,8.22260946754538e-11,7.6292434310223e-10
BSU_33620,estA,379.20147940071,-0.459949746876707,0.184945905231682,-2.48694204016319,0.0128846388722588,0.0345668738508109
BSU_33630,secG,2581.20086300475,-0.454859785893582,0.205920577398287,-2.20890885039528,0.0271809814894545,0.0656129207764937
BSU_33640,yvaM,183.099032264706,-1.02155392113936,0.382876331123188,-2.6681041320642,0.0076280611887206,0.0219035050568102
BSU_33650,yvzC,0.899568422665171,0.651922385642214,3.41775259628075,0.190745926534192,0.848724655062968,
BSU_33660,rghRA,134.275411878703,0.49481189417904,0.278190165426089,1.77868219540099,0.0752918798145243,0.151036905202006
BSU_33670,rghRB,122.719350012238,0.124607481374065,0.261072969737008,0.477289860760337,0.633155729968462,0.744519656320521
BSU_33680,catR,196.283235981809,0.283079690684972,0.248481653796604,1.13923779224638,0.254603986721464,0.383391361791423
BSU_33690,yvaQ,255.183722963949,0.837940844338784,0.215782452193343,3.88326685428517,0.0001030623513726,0.0004651762171849
BSU_33700,opuBD,130.140365132954,1.02072938775955,0.390698316476353,2.61257687764142,0.0089862479225746,0.0252022085750912
BSU_33710,opuBC,91.215159759561,1.09000014677073,0.369231044449333,2.95208153040421,0.0031563957804338,0.0101233626325832
BSU_33720,opuBB,94.7747423144609,0.647504481208972,0.320201976200833,2.02217515610476,0.0431582599089341,0.0971453195768372
BSU_33730,opuBA,195.299251315056,0.350903421754102,0.272855870045588,1.28603948192675,0.198429282919091,0.319151478429258
BSU_33740,yvaV,208.168805571309,0.571428611759902,0.264409855664038,2.16114717178305,0.0306839726969251,0.0727715674306386
BSU_33750,sdpA,752.257871414886,0.41772845432223,0.333647885528897,1.25200390123872,0.210568442412454,0.332990168238381
BSU_33760,sdpB,612.002712501436,1.28114525458175,0.393304296363924,3.25738942194597,0.0011244205810784,0.0040499703888717
BSU_33770,spbC,19108.2166559913,0.827370952018774,0.735584777379653,1.12477987237051,0.26068232563145,0.390437786713125
BSU_33780,sdpI,3217.90328216922,-2.44420942833491,0.261256090858182,-9.35560744366228,8.3120701315859e-21,1.59363716283901e-19
BSU_33790,sdpR,1475.28027254662,-2.3093626829134,0.244973563029351,-9.42698736286375,4.2203636237851e-21,8.350153233726411e-20
BSU_33800,opuCD,206.178113645687,-0.240563192647079,0.23535997854713,-1.02210747184831,0.30673003715927,0.442136144714278
BSU_33810,opuCC,251.264361988981,-0.102659385977172,0.328851597697755,-0.312175421058849,0.754907210511724,0.83493432151307
BSU_33820,opuCB,169.390772396798,-0.248345706794745,0.311095579154544,-0.798293911696421,0.424699950306205,0.561044172157557
BSU_33830,opuCA,272.291180560548,-0.14237831108167,0.321398796128609,-0.442995782176784,0.657768785507272,0.764310042264148
BSU_33840,opcR,111.735551868936,0.797675951844454,0.311882055184991,2.55762054463607,0.0105391023502666,0.0289207919466151
BSU_33850,yvbG,24.1548536855118,-2.53906809370374,0.953069316119678,-2.66409593799672,0.0077195543381027,0.0221222413670629
BSU_33860,yvbH,210.931308768819,-0.0802794844368506,0.223854880761174,-0.358622890704354,0.719877220095692,0.8110317198842
BSU_33870,yvbI,182.640461472385,1.03637151980461,0.290091547009077,3.57256711024462,0.0003534988515774,0.001422201043533
BSU_33880,yvbJ,312.633437073146,1.23689032976729,0.244814997897687,5.05234703914752,4.36413824262063e-07,2.80145348226299e-06
BSU_33890,yvbK,193.034625428804,0.335646955896785,0.253353205623959,1.32481827127528,0.185231433195404,0.304133308084761
BSU_33900,eno,1567.78407777954,-0.413281196872281,0.166446715899206,-2.48296396020543,0.0130294269169526,0.0348927730724076
BSU_33910,pgm,931.554198336918,-0.150540926363929,0.18687017434963,-0.805590977200408,0.420478729845101,0.556996128529141
BSU_33920,tpiA,363.664896239529,-0.398324286770338,0.232665599072281,-1.71200335743056,0.0868960497329899,0.168919059440577
BSU_33930,pgk,838.08941281953,-0.278736788427711,0.163997293957917,-1.69964260812278,0.0891981706941642,0.172158429228425
BSU_33940,gapA,1134.33591691704,-1.60224412722808,0.247586140644399,-6.4714612985116,9.705962029955709e-11,8.92907292479789e-10
BSU_33950,cggR,118.471191800791,-1.84486358601922,0.334984502471694,-5.50731025586806,3.64357788871473e-08,2.63127049863349e-07
BSU_33960,araE,518.743291790694,-1.45305581545954,0.179149437067911,-8.11085895239921,5.02631734415639e-16,7.04823076123937e-15
BSU_33970,araR,224.214956579647,0.610353604019814,0.225177655523662,2.71054249410496,0.0067173240517566,0.0196397875278417
BSU_33980,yvbT,87.1093333746651,0.287925028069942,0.33671310752781,0.855104899788202,0.3924930773067,0.530962380259111
BSU_33990,yvbU,72.3016354699716,0.400911688492167,0.329745619220995,1.21582112126098,0.224053071082394,0.348464449748748
BSU_34000,cyeB,11.610656313502,0.232801577969628,0.845567841487813,0.275319810602072,0.783070545720066,0.856829463284102
BSU_34010,yvbW,74.0953195301957,0.508953383243104,0.551085249204676,0.923547461989998,0.355721978476396,0.494495775661926
BSU_misc_RNA_56,tboX,223.287795872255,1.02144818703838,0.270349641212668,3.77824872434312,0.0001579350997226,0.0006795757568004
BSU_34020,yvbX,259.904197902065,1.39988219850179,0.254940398522933,5.49101753434292,3.99624672936591e-08,2.87636828543895e-07
BSU_34030,lutC,8781.56670051243,-0.125848548957309,0.141485200748789,-0.889482068027428,0.373744056230174,0.511507579167828
BSU_34040,lutB,10889.98878183,-0.0484576904899997,0.164618430498864,-0.294363701215911,0.768480001003911,0.845132955418768
BSU_34050,lutA,4143.4923131776,-0.105235115465933,0.185637248779869,-0.566885774043774,0.570791789970497,0.693950849029787
BSU_34060,yvfU,223.082935093237,0.597651139971597,0.225878699293912,2.64589419825699,0.0081475295164535,0.0231725111834132
BSU_34070,yvfT,389.531932449884,0.460212692148897,0.19315924330468,2.38255588640394,0.0171929220872236,0.0446356689058958
BSU_34080,yvfS,9.66235967852561,-1.10623633731542,0.883215552762484,-1.2525100286735,0.210384076325268,0.332941637223297
BSU_34090,yvfR,18.547136359131,0.520318001540041,0.756126144102923,0.688136504203743,0.4913668245463,0.626203661987976
BSU_34100,rsbQ,166.973614220728,0.46814038732583,0.238386101224248,1.96379061078504,0.0495543793907812,0.107574712374877
BSU_34110,rsbP,307.273088529866,0.537055423788729,0.248597900973454,2.16033772483894,0.0307465345685437,0.0728402046394203
BSU_34120,ganB,599.350850025235,-0.495140186706023,0.188480522041372,-2.62700984347517,0.0086138842189115,0.0242994533336873
BSU_34130,ganA,1931.21509749066,-0.5444988777705,0.245721887229608,-2.21591525244028,0.0266973067480184,0.0647338724897392
BSU_34140,ganQ,613.617925315641,-0.30881685096088,0.226429862664524,-1.36385213207685,0.172614108871536,0.28935978745675
BSU_34150,ganP,540.048169554034,-0.240344914145642,0.250585351710898,-0.95913393382599,0.337491277433778,0.474788865298883
BSU_34160,ganS,765.59964161965,-0.48505932293402,0.2055579980171,-2.35972001874463,0.0182887322061379,0.0471136008615908
BSU_34170,ganR,65.4778704517386,0.424007124242343,0.349287237781452,1.21392103225839,0.224777880581084,0.349340945680716
BSU_34180,lutR,1275.00300889938,0.0289629704502816,0.183387967160866,0.15793277442721,0.874509771891897,0.920281220850076
BSU_34190,lutP,9906.65908066789,0.389929947204802,0.204010708876145,1.91132097600586,0.0559633450535728,0.118983893089858
BSU_34200,sigL,2829.2470856673,-0.0647157385637873,0.190997343416767,-0.338830569085842,0.734737371224859,0.821154766447592
BSU_34210,yvfG,172.879476739837,0.9393915240045,0.279295600919828,3.36343114932968,0.000769800354779,0.0028582218828257
BSU_34220,epsO,6.52323455735592,0.123779744184499,1.20334024147505,0.102863462816443,0.918071336279706,0.948278103892541
BSU_34230,epsN,11.5725003514364,-0.717568198550689,0.846310684892561,-0.847877985425393,0.396505925946812,0.534887975444438
BSU_34240,epsM,4.35891243722507,-0.57340740776135,1.783378447018,-0.321528730326504,0.74780974349454,0.830819861374309
BSU_34250,epsL,2.55013434700756,0.350080981029601,2.14867965371603,0.162928419983013,0.870574793895222,0.917363954753891
BSU_34265,epsK,4.80683093751899,-1.18359195853185,1.65261259237888,-0.716194445080509,0.47387129261512,0.610551385935568
BSU_34280,epsJ,8.3423777451512,-0.722545481337164,1.01277550315257,-0.713431040825953,0.475579070782339,0.612023793792657
BSU_34290,epsI,8.10267627852602,-0.850931587402752,1.30946129520577,-0.649833324985017,0.515799890289245,0.644266625720178
BSU_34300,epsH,5.53909876686162,-2.58595536168556,1.40908687496848,-1.83519938168709,0.0664761527370925,0.136966794964252
BSU_34310,epsG,4.05888195784257,-1.82746910797075,1.67487368942466,-1.09110861285218,0.275225093439428,0.40521587831228
BSU_34320,epsF,4.88515875543268,-0.872671437412588,1.45620717991942,-0.599276977511456,0.54898819775472,0.675977795075647
BSU_34330,epsE,8.84734363279996,1.0531835927029,0.952469607037444,1.1057398419029,0.268839139903627,0.398658450787958
BSU_34340,epsD,11.8965863153755,1.14176138302508,0.961479806816044,1.18750427718918,0.235028770476527,0.361897534639229
BSU_34350,epsC,31.3715377458121,-0.455945592982033,0.547952151027693,-0.832090159928928,0.405358055638135,0.543233987934932
BSU_34360,epsB,22.4264329070502,-3.13882585310139,0.89092985372238,-3.5230897696234,0.00042654685912,0.001690967557701
BSU_34370,epsA,10.8951079881126,-0.546880030982458,0.780381023070079,-0.700785917154918,0.483436628034047,0.618462034033518
BSU_34380,slrR,11.3331542681827,-5.08968329817674,1.46003946262156,-3.48599022730386,0.0004903189169188,0.0019140106909993
BSU_34390,pnbA,478.839277493604,-0.267151675581153,0.223306011655904,-1.19634788871162,0.231560828037206,0.357574151063868
BSU_34399,BSU_34399,61.5007314236107,0.470734042995755,0.434969864879444,1.0822221974532,0.27915380742423,0.410024897481081
BSU_34400,padC,29.1127747317666,-0.530315136806225,0.557070642010208,-0.951971072990968,0.341111652490457,0.478483907491469
BSU_34430,racX,1573.83516079752,-0.618798034407633,0.206951731289462,-2.99005971369297,0.0027892291437677,0.0090259371769571
BSU_34440,pbpE,2460.09812491084,-0.943009925750355,0.199387303741337,-4.7295384814156,2.25030800551678e-06,1.31409495793857e-05
BSU_34450,sacB,12.3721976864318,-1.7970332859399,1.12413211039583,-1.59859616972166,0.109910361364812,0.202915038685015
BSU_34460,levB,5.48904782235987,1.40460336715479,1.28196035641626,1.09566833336515,0.273223945529682,0.403079202580569
BSU_34470,aspP,53.63135167082,-7.04261840251573,1.03950930307112,-6.77494504542585,1.24453556597994e-11,1.23967186376807e-10
BSU_34480,yvdT,1871.28106379095,-0.34933059388281,0.202409634469415,-1.72585951651227,0.0843726894101885,0.165573760513744
BSU_34490,psmA,196.129576165515,-0.468158903858071,0.291546170055537,-1.60577963952979,0.108322335735278,0.200495805527962
BSU_34500,psmB,174.410842106846,-0.0307480057080825,0.293126766728824,-0.104896615383228,0.916457844685726,0.947735522917244
BSU_34510,yvdQ,49.0014594017929,-2.67370413577618,0.526946121070811,-5.07396112973167,3.89618677769861e-07,2.53867327936362e-06
BSU_34520,cotNP,100.242071722533,-0.508258667960721,0.356593004798018,-1.4253186717687,0.154065105176996,0.264206140527191
BSU_34530,cotR,47.8205029116391,-2.16574493948559,0.667522232259634,-3.24445364486859,0.0011767616919024,0.0042000893006699
BSU_tRNA_81,trnQ-Arg,6.42479410297795,-0.764537009591137,1.20151147887304,-0.636312696994152,0.524572630849287,0.652965587322597
BSU_34540,clpP,2286.82946371177,-0.784528953117288,0.141007069258807,-5.56375618074401,2.64028784353576e-08,1.93576433604746e-07
BSU_34550,mdxM,894.404745786716,-0.345153997054164,0.274088775370942,-1.25927811741668,0.207929894290883,0.329901220052141
BSU_34560,mdxL,1878.3235032772,-0.431335578012359,0.259658365575141,-1.66116572850235,0.0966801665508895,0.18333267468928
BSU_34570,mdxK,2004.69415235058,-0.0314638234604899,0.280833307211171,-0.112037363989845,0.910793780879495,0.944736292269017
BSU_34580,mdxJ,613.376423949093,0.124315971301607,0.351663706957956,0.353508106870039,0.723707552209335,0.814288450720086
BSU_34590,mdxG,279.726875564427,-0.0230676992725116,0.272736748240477,-0.0845786254376414,0.932596392596583,0.957795726267123
BSU_34600,mdxF,653.108345331781,-0.209000628822849,0.304909185690908,-0.685452057960355,0.493058703574558,0.627437110892381
BSU_34610,mdxE,987.677532097005,0.0105698607398299,0.180965303168469,0.0584082172370353,0.953423469539944,0.972272038954243
BSU_34620,mdxD,1515.96780527705,-0.520230226534615,0.237759045095849,-2.18805651042589,0.0286654862434595,0.0685094053463376
BSU_34630,mdxR,228.809318755389,-1.25793483216477,0.217842760450629,-5.77450831766274,7.71781175583292e-09,6.04724743906402e-08
BSU_34640,yvdD,426.831376571219,0.990333030196372,0.258212299149312,3.83534414688631,0.0001253885975884,0.0005515825313205
BSU_34650,yvdC,130.7984829587,0.406850871406485,0.264263147758529,1.53956718845355,0.123665888598151,0.221789857324416
BSU_34660,yvdB,626.086022258537,0.24299781187946,0.184480914756683,1.31719756593769,0.187772409601822,0.307257496527452
BSU_34670,yvdA,356.878415876394,-0.16990776537789,0.196919073249095,-0.862830413400146,0.388230714800868,0.52754305221178
BSU_34680,yvcT,1243.21617899938,0.192542130861184,0.155551106680029,1.23780624240267,0.215787913258524,0.338526078258213
BSU_34690,psdB,348.429092895617,0.395234127428731,0.186852605575766,2.1152187105492,0.0344113109639599,0.0803363202623051
BSU_34700,psdA,154.185200862785,0.827562395452843,0.271369517838983,3.04957757246661,0.0022916344331431,0.0076089287347196
BSU_34710,psdS,198.082097339534,1.07778983955905,0.241126567781865,4.46980956712358,7.8289271011766e-06,4.2350488301371e-05
BSU_34720,psdR,123.731292211899,0.318288099962669,0.294365207956972,1.08126942776877,0.279577282581747,0.410229720767595
BSU_34729,yvzJ,4.68048108929523,1.68922335917239,1.35871577194548,1.24324998211633,0.213775729486254,0.335888668544155
BSU_34730,yvcN,1335.99320998111,-0.23931426975897,0.184325107621209,-1.29832703122987,0.194174981480739,0.314057556833162
BSU_34740,crh,655.317839850787,-0.261873464674775,0.167036823898509,-1.56775888431576,0.116937413658749,0.21298436880343
BSU_34750,whiA,1735.2423822689,-0.157217116263179,0.194926529681884,-0.806545504707617,0.419928381137733,0.556766296915665
BSU_34760,mgfK,1391.31989363639,-0.167976083937404,0.211034477198482,-0.795965124596297,0.426052306506631,0.56248770386753
BSU_34770,yvcJ,815.715394659762,-0.255446626873691,0.206335964564311,-1.23801309874931,0.215711203951302,0.338526078258213
BSU_34780,yvcI,516.264329083394,-0.344382087184028,0.200991838336698,-1.71341329097715,0.0866365328506228,0.168565827050628
BSU_34790,trxB,468.085437952642,-0.824883046717929,0.20933963312706,-3.94040552377037,8.13439824628142e-05,0.0003761914301537
BSU_34800,cwlO,1107.92444154564,2.03224154379254,0.284102161365935,7.15320690987257,8.4773674472616e-13,9.29935016429987e-12
BSU_34810,yvcD,582.446385172256,0.19312865864964,0.225069651084083,0.858083965205465,0.390846100826064,0.530087356902235
BSU_34820,bmrA,506.19056339942,0.0428325532096214,0.187378153486754,0.228588831795961,0.819188505697379,0.88253202267199
BSU_34830,yvzA,174.531136052376,-0.545415465548482,0.242101257176516,-2.25284028637166,0.024269221039633,0.059613681839416
BSU_34840,yvcB,867.762949089329,-0.460457294046143,0.159457509163863,-2.88764885680588,0.0038813290290125,0.0120707961499446
BSU_34850,yvcA,249.352805894868,-0.542088672904398,0.239898881412182,-2.25965485838598,0.0238426800155184,0.0587787534657115
BSU_34860,hisIE,195.88850916383,-1.81570718456147,0.40651895461195,-4.46647607439286,7.95185505899182e-06,4.29618303872962e-05
BSU_34870,hisF,198.559242210361,-1.79732111413345,0.315456423119356,-5.69752581469364,1.21558580555858e-08,9.25682477238197e-08
BSU_34880,hisA,198.369242766837,-1.60954692928392,0.329976898990894,-4.87775639508733,1.0729932581952e-06,6.4934075248042e-06
BSU_34890,hisH,165.596425254726,-1.37905566606939,0.346983023646235,-3.97441826282371,7.05514854018755e-05,0.0003301291428146
BSU_34900,hisB,186.242126407092,-1.79051511510783,0.398562862438999,-4.49242838168814,7.04156020739746e-06,3.8475511196284e-05
BSU_34910,hisD,242.453786397964,-1.41644742285053,0.389565426217915,-3.63596799798706,0.0002769387136053,0.0011417463806392
BSU_34920,hisG,99.3444514983689,-1.4460944366767,0.487212945346438,-2.9680952661232,0.0029965144211585,0.0096534550088325
BSU_34930,hisZ,86.6697445786756,-1.4672255681231,0.394856587939196,-3.71584421518892,0.0002025263424903,0.0008561430653764
BSU_34940,yvpB,139.102111285457,0.683766203070835,0.3361382543102,2.03418145451494,0.0419333036843421,0.0947325364255758
BSU_34950,pelC,344.363492219846,0.612428250390708,0.210808604359537,2.90513877387189,0.0036709030215533,0.0115094231493421
BSU_34960,hprF,507.396533584302,0.424958797444699,0.17438606450432,2.43688507251204,0.0148143869035601,0.0391168424455368
BSU_34970,ppaX,442.229155832805,0.54180249588414,0.182143939988962,2.97458425417268,0.0029338587454889,0.0094586383513418
BSU_34980,yvoD,497.378992417346,0.463894404580777,0.20055324830139,2.31307350297134,0.0207185982514966,0.0523673117594251
BSU_34990,lgt,562.238688499531,0.793605445096103,0.20249761941721,3.91908530766982,8.88856526483808e-05,0.0004071263561579
BSU_35000,hprK,521.413192929327,1.20689559095667,0.230980753083941,5.22509159245,1.74068922859168e-07,1.17666246918686e-06
BSU_35010,nagA,254.166022960789,0.730917052965247,0.365961823767845,1.99724945471066,0.0457980911548523,0.101369148015673
BSU_35020,nagBA,186.412570968558,0.693886406760664,0.405598553149834,1.71077140530216,0.0871233201723741,0.169284908657801
BSU_35030,nagR,201.146125574106,0.616745779774333,0.297153865527387,2.07550986651221,0.0379393053934469,0.0875817849066626
BSU_35040,yvnB,115.299873997915,-1.26518751119465,0.470093781389785,-2.69135130325327,0.0071163214180085,0.0206254319091847
BSU_35050,yvnA,748.913069797409,0.889954001950638,0.222364297204131,4.00223423067624,6.27471332339067e-05,0.0002968158605922
BSU_35060,cypX,135.301439723467,0.390259632715872,0.354621098567188,1.10049750083308,0.271115417923713,0.400936213605272
BSU_35070,pchC,87.4220066992252,0.957417377383581,0.52346293633295,1.82900700494794,0.0673985588659324,0.138275547143033
BSU_35080,pchR,18.7287169183242,1.07527977425014,0.609655244175962,1.76375055332057,0.0777739857553248,0.154900743711044
BSU_35090,pchE,59.3164075850429,0.0163009329795566,0.414031076942593,0.0393712788419908,0.96859437831223,0.981965241279104
BSU_35100,yvlD,695.81571525768,-0.873444203475222,0.184711437031887,-4.72869583773764,2.25966602981769e-06,1.31778370218036e-05
BSU_35110,yvlC,148.899956738982,-1.1742470560677,0.261408165649163,-4.49200602877749,7.05554258235791e-06,3.85033576944041e-05
BSU_35120,yvlB,2329.86594097574,-0.951435961939868,0.162534507310518,-5.85374747604935,4.80618206174683e-09,3.86367103405362e-08
BSU_35130,yvlA,479.180282978978,-0.942610389448551,0.234414136782239,-4.02113286505496,5.79189234715752e-05,0.000276390633703
BSU_35140,yvkN,29.5594638078594,-1.62747830688134,0.81381415382944,-1.99981568177841,0.0455201706030486,0.100941094791714
BSU_35160,uvrA,1853.93955235651,-0.420458445204156,0.161385245589096,-2.60530907685754,0.0091791415177756,0.0256767076801302
BSU_35170,uvrB,725.650142063611,-0.444676479169141,0.19397319600314,-2.29246353791038,0.0218789092460814,0.0547667901578688
BSU_35180,csbA,96.4464145227719,-0.762599406975446,0.359781504508887,-2.11961814995582,0.0340382605918337,0.0796370319354294
BSU_35190,yvkC,62.108632184449,-0.463235551351175,0.389787757538315,-1.1884302223259,0.234663955411473,0.361521546228881
BSU_35200,yvkB,25.4043751709,-0.38065249618464,0.540694074632381,-0.704007153108615,0.481428318973723,0.616788187903332
BSU_35210,yvkA,28.3949190737164,-0.0103963232622306,0.569202043605584,-0.0182647328466629,0.985427661882094,0.991920596579858
BSU_35220,minJ,812.351249022503,0.36315774783272,0.169705063980847,2.13993465671541,0.0323600478381509,0.0762873162582741
BSU_35240,ctpB,337.379276311722,-5.24564418401247,0.413905698522161,-12.6735249182166,8.29035762975661e-37,3.1236625747596e-35
BSU_35250,ftsX,159.480210520018,1.89496239457524,0.332048325183921,5.7068873740761,1.15060861302623e-08,8.79832839596868e-08
BSU_35260,ftsE,133.001994676389,2.06929337988662,0.387121814304007,5.34532879168004,9.02530722986805e-08,6.26709234407344e-07
BSU_35270,cccB,311.18340403139,0.118080552235839,0.25055462065309,0.471276689801421,0.637443159558727,0.748302906848428
BSU_35280,yvjA,39.2419290015154,1.13377783720905,0.457130713171009,2.48020490538538,0.0131306901180277,0.0351422361219358
BSU_35290,prfB,1800.85640399956,0.260337648010135,0.161411967186695,1.61287699138825,0.106771234880534,0.198387547486001
BSU_35300,secA,7215.36840667099,-0.146738911517406,0.153805967698919,-0.954052132779741,0.340057254107694,0.477623365331811
BSU_35310,hpf,20860.3237907308,-1.09474937982502,0.131357958091213,-8.33409254934397,7.80948221024736e-17,1.1749474450347901e-15
BSU_35319,yvzG,422.78141827854,1.4143364473487,0.307430781759767,4.60050369469473,4.2147054444973e-06,2.37790607955818e-05
BSU_35320,fliT,543.843073278274,1.32395708641725,0.235236647959838,5.62819228168599,1.82108023168984e-08,1.35813091977833e-07
BSU_35330,fliS,624.080347072144,1.27686721931233,0.193618092564224,6.59477222609652,4.2590923784304e-11,4.07277181221076e-10
BSU_35340,fliD,2422.16515259667,1.46683340200747,0.199059341309389,7.36882475526551,1.72138762048719e-13,1.9996709274989197e-12
BSU_35350,yvyC,279.403830700653,1.89402698347466,0.375799983232946,5.0399868759457,4.65563771404596e-07,2.97974567429264e-06
BSU_35360,hag,62163.312626645,1.41597089321188,0.172604489379231,8.20355773076585,2.33375510018349e-16,3.3933425668104204e-15
BSU_35370,csrA,83.6909324469988,0.698490593381875,0.372817404652533,1.8735460970039,0.0609930134830281,0.127981950325405
BSU_35380,fliW,114.739354269102,0.491152971401265,0.340674171179101,1.4417088612892,0.149384522751815,0.257617202817539
BSU_35390,yviE,243.332547401318,0.29712517856764,0.263689329413841,1.12680015997661,0.259826982876069,0.389411378390097
BSU_35400,flgL,2817.68922709815,1.07086670959081,0.155686334751952,6.8783603345597,6.0545368289090394e-12,6.2314270973071e-11
BSU_35410,flgK,3456.73521787339,1.1211087316297,0.157409291998134,7.12225255192042,1.06177267420586e-12,1.1588566743914298e-11
BSU_35420,flgN,912.085381372262,0.925546096837498,0.188893790644667,4.89982277172133,9.5923143429066e-07,5.84578031614828e-06
BSU_35430,flgM,754.932848185802,0.867660302330781,0.214174890107378,4.05117659635905,5.09607262073929e-05,0.0002456204968371
BSU_35440,yvyF,961.799885854174,0.905410956224447,0.208247294520957,4.34776815855983,1.37529868627309e-05,7.24078883064559e-05
BSU_35450,comFC,311.141798580843,0.605446362602118,0.195609843449676,3.09517328946628,0.0019669793969838,0.0066637386451377
BSU_35460,comFB,33.1827093718559,0.767608392310237,0.450457617769792,1.70406351680909,0.0883692215497278,0.170939212935255
BSU_35470,comFA,124.45758173424,0.583283310828232,0.323245112296848,1.80446134725336,0.0711590133576963,0.144485475575866
BSU_35480,fakBA,249.773929633371,0.0110422487841709,0.206402252040495,0.0534986836384152,0.957334579453503,0.974883838489314
BSU_35490,degU,2627.00257721665,0.0716109658205334,0.233222455925808,0.307050046001206,0.758805279657314,0.837682363504494
BSU_35500,degS,2421.93373583973,0.180999456652634,0.227716993344815,0.794843871746366,0.426704327281928,0.562881399027904
BSU_35510,yvyE,470.689696915224,-0.301378150245429,0.358157285725031,-0.841468712929679,0.400085405425433,0.537985788382121
BSU_35520,tagV,953.551541947791,-0.10634543140775,0.258781644630457,-0.41094657837735,0.681111707191646,0.780793055287055
BSU_35530,tagO,3395.66425978831,-0.184704231535019,0.138496385324567,-1.33363936612616,0.182322075008827,0.300152564974638
BSU_35540,tuaH,162.518938616184,-2.73507773968019,0.480948403189824,-5.68684233389728,1.2940982899784e-08,9.78591254882441e-08
BSU_35550,tuaG,106.745919236502,-3.42933959101638,0.356893463272358,-9.60886074957145,7.33561004836456e-22,1.5281345355559402e-20
BSU_35560,tuaF,147.330665706076,-3.73032774372039,0.396935871606537,-9.39780959736005,5.57107285129769e-21,1.0873630029131901e-19
BSU_35570,tuaE,102.212139242894,-2.15821950177139,0.385747801127152,-5.59489774268339,2.20751839263904e-08,1.63615112041017e-07
BSU_35580,tuaD,116.0179593435,-3.30135191494857,0.370031210174912,-8.92182017129862,4.58686575422625e-19,8.112199719617289e-18
BSU_35590,tuaC,54.6828032455985,-2.47345906546476,0.499107505317374,-4.95576411717537,7.20465799094949e-07,4.46606338695052e-06
BSU_35600,tuaB,66.5617406472993,-2.28749761307711,0.527261072223679,-4.33845344096764,1.43488873926557e-05,7.54535546994867e-05
BSU_35620,lytC,1266.65041603694,2.2550299324601,0.291390186646006,7.7388671129121,1.0030655199820201e-14,1.27456976483346e-13
BSU_35630,lytB,1224.73468928522,2.22080423946061,0.266097863435247,8.3458176281112,7.07228718049215e-17,1.06774286944504e-15
BSU_35640,lytA,222.246882788329,2.57445324477945,0.409113213004239,6.29276484588331,3.1186060000260503e-10,2.7354088660147504e-09
BSU_35650,tagU,1270.43498573113,-0.592261233461328,0.19528035244311,-3.03287671315459,0.0024223454224278,0.0079816961675529
BSU_35660,mnaA,341.882898101637,0.318970348519997,0.199818004363457,1.59630434472666,0.110420860551806,0.203683945836941
BSU_35670,gtaB,1086.55151929715,0.396642660311788,0.179208987504947,2.21329669808462,0.0268771971201901,0.0650245087223807
BSU_35678,BSU_35678,3.04840339087272,-1.57957709590135,2.15957858359234,-0.731428394364705,0.46451752700952,0.600198973394623
BSU_35680,ggaB,575.544818725267,1.11915503990846,0.19366971630817,5.77867857320371,7.52896056828448e-09,5.93145202588666e-08
BSU_35700,tagH,761.553020555433,0.199053240994528,0.195325749224056,1.01908346331848,0.308163344196882,0.443281164301936
BSU_35710,tagG,245.20852408645,0.160183862814227,0.296529435160046,0.540195487600652,0.589062224260252,0.710227429749276
BSU_35720,tagF,2038.45180845382,0.144331634630389,0.174287748998373,0.828122661861539,0.407601036679241,0.545103485163936
BSU_35730,tagE,2173.89475959791,-0.108965574275659,0.18241982003215,-0.597334073986338,0.550284359394138,0.677381286720113
BSU_35740,tagD,3026.56678660071,0.23115163608661,0.192234973015616,1.20244319990531,0.229191860293165,0.354674403803674
BSU_35750,tagA,2360.16772453144,-0.0603412107744914,0.14754141325072,-0.408978126513891,0.68255571337927,0.781997331060914
BSU_35760,tagB,911.378945291676,0.0745352967299403,0.159300863275104,0.467890099259673,0.639863184068314,0.749364838921751
BSU_35770,tagC,92.8839924764206,0.241459317308417,0.302190239606218,0.799030827809199,0.4242725368134,0.560777700814938
BSU_35780,lytD,1717.460387355,1.03556186811521,0.158613546804097,6.52883621216935,6.628268413722849e-11,6.2299971879959e-10
BSU_35790,pmiA,756.159565684676,0.030016863216665,0.154091147082249,0.194799401425982,0.845549990905996,0.899525683917427
BSU_35800,gerBA,49.953691598046,-4.9800164804984,0.980526775748278,-5.07891941726728,3.79587659895794e-07,2.4807742538891e-06
BSU_35810,gerBB,19.6568072158649,-1.07070679931073,0.694641905402034,-1.54137950933301,0.123224448063042,0.221124825186555
BSU_35820,gerBC,74.09747758352,-0.619034280116906,0.58941072779545,-1.05025960832484,0.293598770384659,0.426614175746723
BSU_35830,ywtG,53.8096304251996,-1.68233404835654,0.380694510841402,-4.41911821801235,9.91044281323039e-06,5.30147514934905e-05
BSU_35840,tagT,842.628757844303,0.233099606150283,0.206153623694528,1.13070826489901,0.258177901538653,0.387356249088291
BSU_35850,ribZB,200.253310090339,0.703562569326392,0.307628806993253,2.28705034552185,0.0221928846620748,0.0553608343355039
BSU_35860,pgdS,1137.12781803379,1.93193346055998,0.224047977668035,8.62285605372644,6.530452507851349e-18,1.07183525441363e-16
BSU_35870,edmS,12.8840300808546,-0.750682548613343,1.13384589964926,-0.662067525089217,0.507927947191533,0.639421298100096
BSU_35880,capA,59.3495714567238,-0.491198878412086,0.481982582301491,-1.01912163727284,0.308145223095102,0.443281164301936
BSU_35890,capC,23.4838886517102,-0.242060837905769,0.74060307857291,-0.326842872935666,0.743786730750183,0.828277539023527
BSU_35900,capB,42.9361108167092,-0.450834311264801,0.446353325106751,-1.0100391011022,0.312476556988511,0.447590387249989
BSU_35910,rbsR,6442.84956844815,0.613830980463364,0.221402433012895,2.77246718615604,0.0055633128070409,0.0165562049401843
BSU_35920,rbsK,5394.86097197989,0.980408357518313,0.244580947834533,4.00852301129191,6.10996860022973e-05,0.0002902905037806
BSU_35930,rbsD,2873.24275122895,0.574392497213224,0.197307996992315,2.91114656257747,0.0036010505829626,0.0113314104400704
BSU_35940,rbsA,18837.9080266693,0.337732513480262,0.19241453713679,1.75523387424809,0.0792193119564649,0.157313143312265
BSU_35950,rbsC,9617.31592008882,0.36958030010838,0.180957988439062,2.04235415798091,0.0411164135296548,0.0933739097610034
BSU_35960,rbsB,15513.3316564652,0.377904904164688,0.198584029702513,1.90299746022279,0.0570408766369989,0.12091884465172
BSU_35970,ywsB,21135.4473075098,0.209560431332588,0.208261054273727,1.00623917449853,0.314300531920862,0.449353307984398
BSU_35980,ywsA,9.41695308212541,-1.96245162697177,1.18182698148838,-1.66052362800204,0.0968091586285386,0.183496974775791
BSU_35990,ywrO,313.401879794616,-0.159856608882902,0.19925148018138,-0.802285678065648,0.422387725078834,0.559353915882209
BSU_36000,alsD,57.3364164869076,0.869327392179663,0.448057374678776,1.94021444865829,0.052353633283743,0.112356757314739
BSU_36010,alsS,23.9137013879922,0.899284110091999,0.767273084739906,1.1720522040687,0.241176097605919,0.36965547609708
BSU_36020,alsR,112.602542901082,0.172165748309444,0.310664975527763,0.554184610019092,0.579452509725007,0.701527724123625
BSU_36030,ywrK,15.913755743725,-1.06612534469168,0.934199161067388,-1.14121847794592,0.253779016761904,0.382921562675204
BSU_36040,ywrJ,24.9590171216837,-1.23456483082762,0.529866564186318,-2.32995420785507,0.0198085714983551,0.050426916997765
BSU_36050,cotB,108.482256286096,-2.74866017161865,0.42301606102773,-6.49776787420481,8.152045537131519e-11,7.58000285673624e-10
BSU_36060,cotH,34.9542182217472,-3.29130840001,0.727398376145671,-4.52476731863211,6.04619878198357e-06,3.34587219953191e-05
BSU_36070,cotG,0.0,,,,,
BSU_36079,BSU_36079,0.0,,,,,
BSU_36080,ywrF,54.4639637783774,0.237252633842085,0.381610032378996,0.621714875688744,0.534129368334854,0.662123622025457
BSU_36090,ywrE,19.489546363981,-1.68748594945989,0.733391955303726,-2.30093326938804,0.0213954032430945,0.0537116351403989
BSU_36100,hpxW,9.20936901094903,-1.67630311694195,0.927132495834372,-1.80805130277886,0.0705985162964171,0.143616606156045
BSU_36110,chrS,67.4019076149938,0.203123734964273,0.497128092958479,0.408594359967579,0.682837370363141,0.782022881198829
BSU_36120,chrB,66.9826956059931,-0.127435906773018,0.47294997592101,-0.269449018418603,0.787584169196452,0.859814110639513
BSU_36130,chrA,53.6601978010702,-0.300246587878228,0.538203577573047,-0.557868064036563,0.576934480563541,0.699456380604875
BSU_36140,ywqO,13.319072836069,-0.780394409459844,0.794554283911044,-0.982178845752991,0.326011747329283,0.463606465762318
BSU_36150,ywqN,31.9364094995958,-1.31121894591881,0.51999612428652,-2.52159369017974,0.0116824560540121,0.0316375513012716
BSU_36160,ywqM,40.4820604201534,0.230413545998896,0.536200092580585,0.42971560278921,0.667402532105242,0.770568746335059
BSU_36170,nfi,1495.28235050317,-1.72056318240672,0.145230983101687,-11.8470807376,2.22818404041448e-32,7.426708805473799e-31
BSU_36180,rttO,839.301368066007,-1.84525550794788,0.184372172867745,-10.0083189303818,1.40113070722557e-23,3.16203091375437e-22
BSU_36190,rttN,3812.00281246819,-1.75209040667764,0.190416549758964,-9.20135570618991,3.53461714533972e-20,6.630084887773599e-19
BSU_36200,ywqI,936.611981090827,-1.95524636355664,0.209458559696841,-9.33476467319627,1.01215843247771e-20,1.9235449508447e-19
BSU_36210,ywqH,1250.79426005941,-2.03446874486857,0.17519847155012,-11.6123658321217,3.5661007295776996e-31,1.1037081758042999e-29
BSU_36215,BSU_36215,62.1740193368543,0.460276869035571,0.390786528022804,1.17782174161519,0.238867679102812,0.366896013311764
BSU_36220,ywqG,238.386622799724,0.14769167348461,0.236246757868647,0.625158519918087,0.531867023151842,0.659634399947368
BSU_36230,uglF,316.986018717114,-1.74661474228891,0.306922400898347,-5.69073725859257,1.26492017655568e-08,9.59877254818873e-08
BSU_36240,ptpZ,24.279579955343,0.164790469091277,0.5574267960188,0.295627103447892,0.767514872759718,0.84430112664385
BSU_36250,ptkA,130.532921895027,0.470976664817137,0.318457639640338,1.47893033858146,0.139158933881112,0.243823558636013
BSU_36260,tkmA,211.301080908396,-0.08714459024227,0.213957297788646,-0.407298985091662,0.683788408113294,0.782581926137058
BSU_36269,ywzD,230.318770604028,-0.473021765446402,0.459579447479667,-1.02924917125962,0.303362601546066,0.438449016844264
BSU_36270,ywqB,123.664861803987,-0.181452970386947,0.281624895707299,-0.644307279479781,0.519376196134756,0.647427231833112
BSU_36280,hepA,507.128279838369,-0.444905519267139,0.202520572604399,-2.1968411087609,0.0280317959910158,0.0672545803040262
BSU_36290,ywpJ,270.182866934848,-0.201582836170202,0.227485809577547,-0.886133673764321,0.375545499296239,0.513486477895425
BSU_36300,glcR,178.711478023443,-0.165368907095834,0.232817409490389,-0.710294421099383,0.477521578684221,0.613612396334143
BSU_36310,ssbB,620.081849841552,0.740421452450451,0.300805561297463,2.46146197981445,0.0138372062783914,0.0367831992664233
BSU_36320,ywpG,17.5093835572553,0.930090009572369,0.696844997761881,1.33471577260312,0.181969389331488,0.299783088854026
BSU_36330,ywpF,1514.89307322256,-0.376105073306817,0.164403157017797,-2.28769982358735,0.0221550079904865,0.0552981852665771
BSU_36340,ywpE,3.29096847345151,1.55322776168486,1.5954109883152,0.973559648931035,0.330275229697342,0.467998360260141
BSU_36350,ywpD,28.7258003080216,-0.0135022733162978,0.482268778601341,-0.0279974029325653,0.977664222495858,0.987877230446049
BSU_36360,mscL,38.8501677728867,1.41555921256705,0.78385474907582,1.80589479649899,0.070934774057979,0.144232931015121
BSU_36370,fabZ,55.9058536300831,0.723710201148561,0.466123719452084,1.55261397553264,0.120515384827366,0.218053969827047
BSU_36380,rapD,270.253687021381,-1.25347688091308,0.215533717524736,-5.81568812206482,6.038495951871141e-09,4.79208845411312e-08
BSU_36390,flhP,1597.11464636161,1.25321429887632,0.153709862973382,8.15311571186127,3.54665963612749e-16,5.071840331135451e-15
BSU_36400,flhO,1849.50476536343,1.12103322433485,0.160206990696364,6.99740516604244,2.60746435683389e-12,2.78966495263241e-11
BSU_36410,mbl,3300.1501814386,-1.73178258299038,0.297498087696976,-5.82115534387678,5.84422181035234e-09,4.64642442279939e-08
BSU_36420,spoIIID,3018.86324125282,-8.08693899951409,0.27534107799633,-29.3706230046135,1.30329089846675e-189,9.41193243842738e-187
BSU_36430,usd,35.5958434437168,-6.94906823550155,1.13085034232273,-6.14499370555821,7.99666858285235e-10,6.780736784637821e-09
BSU_36440,ywoH,161.822951739845,0.397810150313876,0.27240310031675,1.46037306422468,0.144187571462531,0.250607600139249
BSU_36450,ywoG,361.466188036053,0.663712575014784,0.208761734372129,3.17928272157234,0.0014764001076584,0.0051507581855749
BSU_36460,ywoF,1178.88607373778,0.0447627615090291,0.224165239479097,0.199686452783877,0.841725809502926,0.89790952971863
BSU_36470,pucI,3.43974452297442,-1.99586113725801,2.11372968288581,-0.944236698485078,0.345048705678298,0.482560036604436
BSU_36480,ywoD,53.3236766971007,-1.78956874613645,0.680992340497774,-2.62788380971857,0.0085917856649731,0.0242565412711327
BSU_36490,ywoC,20.3320034026064,-2.63561440921024,0.880716603649914,-2.9925794498339,0.0027663065328699,0.0089697868102366
BSU_36500,ywoB,3.66459940984875,1.07025827509745,1.87747870806181,0.570050818952996,0.568643230706805,0.692309951855181
BSU_36510,amtB,15.3557407233128,1.50004004743258,0.882731412582226,1.69931649202849,0.0892595668190519,0.172200223965695
BSU_36520,glnK,313.951842582003,-0.24931924660291,0.199746553148931,-1.24817796689096,0.211965890851493,0.334224237649024
BSU_36530,bcrC,143.811535678193,-1.69446755943096,0.339855076688946,-4.98585331118013,6.16889363163618e-07,3.86269018871092e-06
BSU_36540,ywnJ,111.901282117193,-3.50160235385825,0.469094581313039,-7.46459774499409,8.35544702049856e-14,9.78490592968115e-13
BSU_36550,spoIIQ,10328.4493896542,-7.16599622710586,0.180227131842371,-39.7609180918071,0.0,0.0
BSU_36560,ywnH,160.820480327273,-0.4184389121929,0.285403645540326,-1.46613022899799,0.142612811809668,0.248768644754949
BSU_36570,ywnG,264.663369902216,-1.21341219782761,0.347712899746657,-3.48969566188572,0.0004835709135857,0.001891076505927
BSU_36575,BSU_36575,2.99569770371779,-0.590022235329234,1.83138755065969,-0.322172243180696,0.747322211086505,0.830819861374309
BSU_36580,ywnF,529.059512197441,-0.898098999600252,0.180641546578102,-4.97171894623893,6.63618627695182e-07,4.13735181842191e-06
BSU_36590,clsA,167.03356351405,-0.0065424598642075,0.254809009287919,-0.0256759361942929,0.979515817663304,0.988412211908499
BSU_36600,mta,133.244450041775,-0.307504421316649,0.343777668108182,-0.894486320210543,0.37106174580929,0.509123035019523
BSU_36610,ywnC,32.4909092779889,1.24542114418449,0.489472469965126,2.54441510116642,0.0109460917363712,0.0299050539052311
BSU_36620,ywnB,34.7479882352025,0.669438837720841,0.548350560047947,1.22082274824759,0.22215313880769,0.346379831037683
BSU_36630,ywnA,148.59849454871,0.321416123922382,0.329842952535111,0.974451997388569,0.329832162397168,0.467657971095199
BSU_36640,ureC,3074.88907709655,-0.392209088394755,0.154426447824486,-2.5397792536193,0.01109224543938,0.0302281128860589
BSU_36650,ureB,386.886353964714,-0.313546212278698,0.211692769616454,-1.48113803247405,0.138569794935829,0.243086203019008
BSU_36660,ureA,457.795460677415,-0.608967304075055,0.206972116390361,-2.94226736768013,0.003258184844524,0.0103883112077429
BSU_36668,ywzE,16.1850365044096,0.754359373733254,0.856640989060917,0.880601539461954,0.378533525072743,0.516280681936895
BSU_36670,csbD,92.3294964151438,-2.37150214707308,0.511143473518525,-4.6396017359833,3.49081255356109e-06,1.99022247297108e-05
BSU_36680,ywmF,0.906326517604803,1.04574071337271,3.44190269071459,0.303826344711563,0.761260194755454,
BSU_36690,rapB,1448.1770776831,0.0034077781018759,0.14429345541897,0.0236169969870164,0.981158114297504,0.989378196241817
BSU_36700,moaA,191.064618985053,0.29932864374679,0.22749667732783,1.31574951890593,0.188258127728979,0.3076228286483
BSU_36710,fdhD,79.889298813253,-0.291188102567056,0.324736332648873,-0.89669086360567,0.369883897208508,0.5079895171488
BSU_36720,ywmE,26.3987751936944,-3.91597734232435,0.867407043811259,-4.51457867475704,6.34427672020333e-06,3.5018791119288e-05
BSU_36730,ywmD,40.7467136957455,-1.00391092300671,0.539751750593653,-1.85994935987247,0.0628926909040253,0.13101636042651
BSU_36739,BSU_36739,0.0,,,,,
BSU_36740,ywmC,6.22010581578451,-2.45359984517132,1.327778347934,-1.84789867148314,0.0646170027676823,0.133900274027914
BSU_36750,spoIID,1202.7287322825,-5.92233311018087,0.246432863424932,-24.0322375346863,1.28040292210619e-127,3.08221436749228e-125
BSU_36760,murAA,2810.70530674172,-0.0578578101571554,0.174345049844546,-0.331858060832494,0.73999643998314,0.825541857478616
BSU_36770,ywmB,1075.02955964699,-0.312726057742876,0.225085075197764,-1.3893682531732,0.164720798848836,0.279129926246386
BSU_36780,ywzB,140.871007750477,0.831134289647738,0.466279639249528,1.78248033944918,0.0746709345451116,0.150138821059846
BSU_36790,ywmA,53.4597112618011,-0.629288714892474,0.436486694173629,-1.44171339766465,0.149383242481178,0.257617202817539
BSU_36800,atpC,5720.52820679617,1.25650962730261,0.156492730257982,8.02918848199035,9.811951725958629e-16,1.3454173047018601e-14
BSU_36810,atpD,11507.6707098212,1.24935209869632,0.187005547406848,6.6808290771088,2.3759421273546398e-11,2.31868406257379e-10
BSU_36820,atpG,5952.51608182585,1.44930751538667,0.226845923852964,6.38895110289079,1.67027452830273e-10,1.50463607715919e-09
BSU_36830,atpA,9941.99946977762,1.41945455833325,0.219617297448862,6.46330946980059,1.02437493367429e-10,9.40384870256502e-10
BSU_36840,atpH,2672.12653162538,1.42678273137493,0.176284051472499,8.0936574775598,5.78993563538359e-16,8.0668138611309e-15
BSU_36850,atpF,3600.28614704334,1.42143961929184,0.185133908342062,7.67789991591128,1.61717755383313e-14,1.99769819462762e-13
BSU_36860,atpE,1178.28356079007,1.31218990707492,0.201780940754947,6.50304187385326,7.8711873861378e-11,7.35039977244291e-10
BSU_36870,atpB,4726.42699563337,1.54264584303298,0.173613445906591,8.88552055964007,6.36221601955608e-19,1.11609238917962e-17
BSU_36880,atpI,2355.61598435057,0.68817387472144,0.136765534408878,5.0317784937253,4.85950542996071e-07,3.10106583623266e-06
BSU_36890,upp,354.557244821291,0.870852597518672,0.193449085936346,4.50171471890657,6.74074197077724e-06,3.69716898219972e-05
BSU_36900,glyA,1445.28733592998,0.360599917408457,0.23967547753189,1.50453405213505,0.132443912302166,0.234140951450545
BSU_36910,ywlG,858.15759913403,0.307584788694804,0.212080902959624,1.45031817765017,0.146969812305184,0.254321164823627
BSU_36920,rpiB,710.934316350736,0.137228266049306,0.201966185378922,0.679461592998071,0.496845434981567,0.630589124128626
BSU_36930,prpB,236.765317816811,0.412896441620367,0.317872229385194,1.29893838923571,0.19396507377831,0.314003326712871
BSU_36940,mntP,45.2316533969873,-1.53803019286614,0.571025834220923,-2.69345115526085,0.0070716506309572,0.0205371730455346
BSU_36950,tsaC,190.323246081508,0.0847995158010439,0.279935944394378,0.302924713667985,0.761947236912653,0.840497940066888
BSU_36960,ywlB,561.572480520425,-7.18953529671414,0.920615574165414,-7.809486932949,5.74212509139063e-15,7.40494881577249e-14
BSU_36970,spoIIR,86.705811817382,-3.58101347318971,0.381705522413766,-9.38161295268849,6.49710908818811e-21,1.26242034435512e-19
BSU_36980,ywlA,29.0316572997433,2.52837194203448,0.808302168211367,3.12800341440297,0.0017599813673844,0.0060141950038461
BSU_36990,ywkF,50.4741103300123,0.852907003800221,0.393612702141512,2.16686859737972,0.0302448750178546,0.0718875718334415
BSU_37000,prmC,122.559456981119,0.401227834558066,0.329396955760986,1.21806782831715,0.223198198258619,0.347634001816893
BSU_37010,prfA,1371.01424086527,0.25412039258279,0.14357235353326,1.7699813810179,0.0767302424455319,0.153425076380475
BSU_37020,ywkD,11.9323203674962,2.34452705878527,1.0782797313422,2.17432173733517,0.0296809810460479,0.070702413893637
BSU_37030,racA,12126.2335388636,-3.65781008383313,0.168250051682178,-21.7403207146864,8.530071101699401e-105,1.23202660278878e-102
BSU_37040,ywkB,37.5274766629026,-1.26903508982176,0.453907169272571,-2.79580314154436,0.0051770924328672,0.0155523692375227
BSU_37050,maeA,15.8392651991958,1.2150957995185,0.827700576443388,1.46803788000214,0.14209393373396,0.248019994171492
BSU_37060,tdk,108.288409647118,0.117331241688076,0.400152295361975,0.293216465450833,0.769356699318419,0.845882410085437
BSU_37070,rpmEA,5987.43154708648,-0.0090532350307042,0.187438138485207,-0.0482998556423389,0.96147726960187,0.978014777548464
BSU_37080,rho,927.257916387015,-0.0808978728446355,0.232652841345009,-0.347719255767305,0.728051034033037,0.817477359540075
BSU_37089,BSU_37089,95.6610861562235,-0.778090169338648,0.376893874813257,-2.0644808030488,0.0389721521948763,0.0895406652959384
BSU_37090,glpX,2856.73067390007,-0.527571766368226,0.16105779362538,-3.27566741411693,0.0010541261695337,0.0038158134441015
BSU_37100,murAB,2960.66533322495,-0.346443757373174,0.173612449671175,-1.99550065694796,0.0459883025736623,0.101615153009525
BSU_37110,tal,6282.68751704087,-0.70032202031619,0.13587894977753,-5.15401407990572,2.54968785913248e-07,1.69705030623979e-06
BSU_37120,fbaA,8089.23336361426,-0.646319214983317,0.17361085756945,-3.72280411508691,0.0001970223771835,0.0008336894143908
BSU_37130,spo0F,1992.1675413472,-2.12926835316351,0.165011097834945,-12.9037887820936,4.28500031490587e-38,1.6879005785897398e-36
BSU_37140,ywjG,53.4351901532312,0.292119250952739,0.556303497343155,0.525107701727329,0.599508322418307,0.717588276529979
BSU_37150,pyrG,192.635595870863,0.836003451532452,0.22815551600203,3.66418251104222,0.0002481298117456,0.0010318104359826
BSU_37160,rpoE,475.92272633358,-4.20704409850837,0.440398484822923,-9.55281238126864,1.26222341111408e-21,2.6043876382653903e-20
BSU_37170,acdA,1005.95022696699,-1.29665765276334,0.330239812896625,-3.92641226807269,8.62223210112741e-05,0.0003961837931514
BSU_37180,fadF,1063.55441825857,-1.30937443433631,0.329156641692797,-3.97796753424879,6.95068592553935e-05,0.0003255926715174
BSU_37190,clsB,14.2033343614565,-4.17524139634708,1.0882281336205,-3.83673355554244,0.0001246816182057,0.0005495884554275
BSU_37200,uvsE,17.8416042247882,-4.30376881917139,1.24161191345953,-3.46627538969058,0.0005277224546077,0.0020434507558671
BSU_37210,ywjC,35.4196528714456,-2.58256454958318,0.515486421801339,-5.00995650003457,5.44423398116243e-07,3.43375048622661e-06
BSU_37220,ywjB,156.168862392878,0.301450317075572,0.349016835472791,0.863712825391978,0.387745666365579,0.527173508742408
BSU_37230,ywjA,271.307539300615,0.125489367990395,0.243461821174422,0.515437563824398,0.606247288883818,0.722672584682963
BSU_37240,clsC,77.430892468815,-1.92952850909484,0.441600463500723,-4.3693987406598,1.24589093978926e-05,6.58347005134984e-05
BSU_37250,narI,3.69706345060698,-0.624844224772648,1.7172442293709,-0.363864506914987,0.715959189866618,0.808509556865274
BSU_37260,narJ,0.657133640902144,0.768967454478226,3.43276913244281,0.224007914546533,0.822751144802168,
BSU_37270,narH,3.14083844033838,-0.482374216881207,1.77137896280557,-0.272315651822581,0.785379322410621,0.858787281490716
BSU_37280,narG,10.5762176732846,-0.152096329763327,0.836507430801017,-0.181823046828984,0.855721597238021,0.907450240047074
BSU_37290,arfM,0.915124559953655,1.59181291666828,3.45157707061833,0.461184230889307,0.644666434242254,
BSU_37300,ywiC,6.82468095014189,0.716360748809891,1.49200575467624,0.480132698258486,0.631133038942968,0.74293403528333
BSU_37310,fnr,246.240487709883,0.226805691315484,0.251842749097731,0.900584559722497,0.367809247088806,0.505942053217713
BSU_37320,narK,6.08173474562636,1.45844583739531,1.24214244222988,1.17413735157227,0.240340014586672,0.368634790514708
BSU_37330,argS,1728.65244630608,-0.0699357176047909,0.160232380037135,-0.436464325054541,0.662499877374927,0.76791151481557
BSU_37340,ywiB,246.140883631303,-0.407178318604765,0.229882063150975,-1.77124875696522,0.0765193446177418,0.153074016726074
BSU_37350,sboA,0.615911087369843,-0.318365042148408,3.44774135101089,-0.0923401757080943,0.926427769108217,
BSU_37360,sboX,10.4582597859989,0.472278898451313,1.01650628775735,0.464609913523769,0.642210831678495,0.751471653703192
BSU_37370,albA,708.98272878358,0.823432021522549,0.263283745023836,3.12754599205507,0.001762722383141,0.006018814882703
BSU_37380,albB,12.1716782932109,0.225268693061642,1.3617957005422,0.1654203291815,0.868613153722699,0.915965148474192
BSU_37390,albC,231.553017733856,0.45459650823476,0.359662205317721,1.26395406999514,0.206246512897872,0.32771035584396
BSU_37400,albD,147.324153626318,0.551702927269555,0.369277326330333,1.49400704546922,0.135173777795643,0.238189499466662
BSU_37410,albE,231.032499161871,0.617007437035783,0.293534675846141,2.10199164803001,0.0355540074291742,0.0825592251825359
BSU_37420,albF,220.090448097962,0.777877274327541,0.327466477270758,2.37544093310159,0.0175279975291261,0.0454239313957557
BSU_37430,albG,106.440560543129,0.736278162138673,0.368044574651798,2.00051355962863,0.0454448372071547,0.100869078904252
BSU_37440,ywhL,44.9371807067097,0.551639132234064,0.43191570114975,1.27719166208965,0.201534589935495,0.322351191653931
BSU_37450,ywhK,60.0352398954218,-0.143961453079013,0.492594364229781,-0.292251522820628,0.770094320703956,0.846138087677907
BSU_37460,rapF,8527.46735592945,-0.438591860298489,0.185084400851352,-2.36968571246983,0.0178032116272625,0.0460545170035393
BSU_37470,phrF,1850.52240433295,-0.695299591878268,0.220890522531177,-3.14771129114484,0.0016455413194674,0.0056823833895805
BSU_37480,ywhH,1142.22208756228,-0.0824716870360143,0.160903117046605,-0.512554937093771,0.608262681972437,0.724429473468137
BSU_37490,speB,87.3244287919908,0.337239586030669,0.346814184795901,0.972392712913786,0.330855215789433,0.468494764404161
BSU_37500,speE,223.53173434399,0.297970264152662,0.238311884188831,1.25033741043548,0.211176317909802,0.33358621418271
BSU_37510,pbpG,546.597947380144,-5.81648943881587,0.345908388347112,-16.8151153159638,1.89124204532654e-63,1.2416290579393801e-61
BSU_37520,ywhD,350.787341998121,0.25893347941467,0.201631930532164,1.28418886200847,0.199075881374007,0.319741826459888
BSU_37530,ywhC,193.367074568324,0.24691587928225,0.376884386022706,0.655150195761556,0.51237105666306,0.642577073378014
BSU_37540,hmtB,89.3333548402455,0.20278972639705,0.378953104384948,0.53513145571451,0.59255895992055,0.712021241572574
BSU_37550,ywhA,87.9635546054225,-0.426924349142588,0.368838473132055,-1.15748323518772,0.24707498484229,0.376266685725191
BSU_37560,thrZ,48.4989937597453,-1.36365131568056,0.44484182405602,-3.06547460678704,0.0021732483104981,0.0072547649687121
BSU_misc_RNA_57,tboTB,56.9988467228146,-0.0778833720768539,0.384851529838844,-0.20237251521247,0.839625513534359,0.896303855665035
BSU_misc_RNA_58,tboTA,79.0551117436123,0.0549454288446678,0.317455791931495,0.173080568196169,0.862588098761893,0.911830746995678
BSU_37569,BSU_37569,2078.3848509303,-0.261856419275842,0.1853939926284,-1.4124320619207,0.157822781550825,0.26933679104361
BSU_37570,mmr,54.7531358919721,1.31403811963706,0.599105968521686,2.19333171205003,0.0282834884286864,0.067745912305969
BSU_37580,ywgB,15.861040868334,0.60448127037585,0.738662621112429,0.818345551945621,0.413159902492654,0.550475691498226
BSU_37590,ywgA,166.857635368953,0.343782714088468,0.288574314848904,1.191314321472,0.233530213739845,0.360230123223478
BSU_37600,ywfO,529.154622112613,-0.098045324602495,0.173895237318526,-0.563818343241362,0.572877766790949,0.695511169376627
BSU_37610,ywzC,71.9685849415403,0.279818738355281,0.395432898182259,0.70762634986002,0.47917732510195,0.614828353469573
BSU_37620,psrF,1936.14927726849,-7.6088593945651,0.272794170640304,-27.8923093433615,3.3074153468343303e-171,1.79137883722914e-168
BSU_37630,ywfM,18.1587549084524,0.80945149836914,1.00471655518579,0.805651598145967,0.420443765239287,0.556996128529141
BSU_37640,lipL,148.099851952227,1.13590064548285,0.435179689148375,2.61018763928471,0.0090492571571695,0.0253461094130678
BSU_37650,cysL,53.9524889816457,1.2682962452403,0.691081907180013,1.83523288927594,0.0664711899303238,0.136966794964252
BSU_37660,pta,124.074042485003,0.100810586578956,0.258178060752509,0.390469222230287,0.69618960978883,0.792796210043364
BSU_37670,hemQ,882.187697459724,-0.0572336902364828,0.189353187463531,-0.302258921558983,0.762454690472836,0.840640247791043
BSU_37680,bacG,464.438927804776,0.880643024252652,0.207406395240067,4.2459781591273,2.17641831973774e-05,0.0001118673852837
BSU_37690,bacF,317.07304557864,0.999812701571498,0.391708266802334,2.5524421777803,0.0106970663571278,0.0292616089175726
BSU_37700,bacE,310.82832773519,0.790081899572412,0.314163106438348,2.51487804704229,0.0119073564501823,0.0321862604483093
BSU_37710,bacD,779.47538109132,0.277002497459937,0.240740915261686,1.15062492455358,0.249886574495402,0.378719316994956
BSU_37720,bacC,740.963409977647,-0.130654842989639,0.193537394619031,-0.675088363397815,0.499619626314215,0.63281258135618
BSU_37730,bacB,698.071284789345,-0.160686408070082,0.178822735363269,-0.89857929834065,0.368876789515331,0.506927728820149
BSU_37740,bacA,623.093036746452,0.305933095269264,0.225267753586578,1.35808650105655,0.174436238044046,0.291512410971239
BSU_37750,ywfA,79.8253755509926,-3.15274010155632,0.479747874902272,-6.57166037931603,4.9757252472720693e-11,4.71768435370457e-10
BSU_37760,rocC,728.554620084085,-0.669346957830862,0.234195087410094,-2.85807428854724,0.0042622059359093,0.0130794180738634
BSU_37770,rocB,503.446842269259,-0.103898318962616,0.195944415180675,-0.530243839135777,0.595942879400175,0.715029182780397
BSU_37780,rocA,570.728025578737,-0.32423208311178,0.208662652751844,-1.55385776436657,0.120218348211838,0.21771132901673
BSU_37790,rocG,228.472130032635,-0.267320875164748,0.288413637947011,-0.926866278126078,0.353995967695373,0.492412368547047
BSU_37800,bslB,2216.31698764655,0.6313327695377,0.233309837113413,2.70598435689107,0.0068102253902501,0.0198711829063664
BSU_37810,spsL,107.14731736877,-3.23808059642882,0.508120040570301,-6.37266853870688,1.85767092096361e-10,1.65964703103821e-09
BSU_37820,spsK,104.842245341668,-2.54462078150157,0.351535079900091,-7.23859701917877,4.53349852560422e-13,5.0890282672132295e-12
BSU_37830,spsJ,98.1691272655582,-2.13922397223465,0.45219051957531,-4.73080234907131,2.23634179138327e-06,1.30770161701265e-05
BSU_37840,spsI,19.0108168713997,-0.735790763778997,0.770055163844685,-0.955503966891651,0.339322900242043,0.476746474302455
BSU_37850,spsG,22.5904374062265,-0.637774084886337,0.594742191947901,-1.07235385940503,0.283561123946034,0.41471029740138
BSU_37860,spsF,15.9754550876195,-1.71010655161328,0.778431463186774,-2.19686206491754,0.0280302988419502,0.0672545803040262
BSU_37870,spsE,21.5539271858036,-0.427879212191586,0.608352805561448,-0.703340575205693,0.481843530129882,0.616788187903332
BSU_37880,spsD,19.8090023036844,-1.18434914160399,0.687702958238129,-1.72218125197288,0.0850366899376916,0.166363803778107
BSU_37890,spsC,26.9052991606354,-0.187891682719487,0.52143418523002,-0.360336333983554,0.718595631108258,0.810009071173799
BSU_37900,spsB,15.3473720232839,-0.413227161208,1.12591309858431,-0.367015146841777,0.71360771969141,0.806274380553553
BSU_37910,spsA,4.6332985681241,-3.23152727771404,1.57807380908249,-2.04776687827604,0.0405828472261251,0.0924043494644246
BSU_37920,gerQ,1339.6367932994,-7.89779622002544,0.402458006461432,-19.623901359215,9.664370581579929e-86,9.51720857499678e-84
BSU_37930,ywdK,135.147201746919,0.447420108431004,0.276071569030012,1.62066709731477,0.105089053714956,0.196018454475638
BSU_37940,ywdJ,374.365589800128,0.0138226566711953,0.18257258494617,0.075710472496573,0.939649444062385,0.962757399177658
BSU_37950,ywdI,115.746556304799,-0.319161571433559,0.331481057928232,-0.962835021187424,0.335630322653728,0.473407689493956
BSU_37960,ywdH,101.997609822256,0.0128673264560746,0.293044988094727,0.0439090480261523,0.964976902976601,0.980592148357789
BSU_37970,ung,145.640340737145,0.478141371134411,0.242018290580426,1.97564146902987,0.048195398395448,0.105441048734039
BSU_37980,ywdF,162.180158487535,0.600675666646394,0.293330824754711,2.04777546699598,0.0405820052680289,0.0924043494644246
BSU_37990,ywdE,77.575039005469,0.273279615291271,0.370006567087824,0.738580445861129,0.460161801639245,0.596078052766173
BSU_38000,ywdD,533.929989849217,0.606916666949747,0.18919460536478,3.207896259936,0.0013370971984336,0.0047141107899211
BSU_38018,ywzG,928.427663124482,0.507418004376107,0.172244011443561,2.94592537716396,0.0032199007080562,0.0102965533343231
BSU_38020,pdxK,422.143762015063,0.056574473321736,0.183420492928491,0.308441398332694,0.757746485117807,0.836939974513244
BSU_38030,ywdA,147.636323373081,0.426542888518029,0.241880681258588,1.76344338993334,0.0778257371472291,0.154900743711044
BSU_38040,sacA,194.002230845977,0.643880004977308,0.287164627729133,2.24219817764131,0.0249485668885462,0.0611088450437474
BSU_38050,sacP,102.989257868316,0.59821348238048,0.329715128990291,1.81433434435487,0.0696262671006525,0.142064354422557
BSU_38060,nirC,10.1866125506615,0.792473573649042,1.03615170957636,0.764823882762352,0.444376424264344,0.579790137409636
BSU_38070,sacT,14896.1666336903,-4.22277770983658,0.169598853525025,-24.8986217894067,7.70033494597756e-137,2.38325366578006e-134
BSU_38080,ywcI,3253.41005748155,-3.73054548484178,0.163391195017877,-22.8319860469446,2.20698934405223e-115,3.98453534490763e-113
BSU_38090,vpr,26320.2945293744,-2.6677481813803,0.134440759341819,-19.8432989700503,1.25918495323768e-87,1.33074351277534e-85
BSU_38100,ywcH,109.348605692369,0.424016585228002,0.331954314389345,1.27733415969608,0.201484298561123,0.322351191653931
BSU_38110,nfrAA,437.914408339453,-0.736528992399772,0.211347246269447,-3.48492353413855,0.0004922776991793,0.0019199273362233
BSU_38120,rodA,524.937833690539,-0.628037327990946,0.321791251805372,-1.95169173949701,0.0509748139277211,0.109887496889958
BSU_38130,ywcE,5293.90123897101,-0.840334047346976,0.245602693492372,-3.42151804362469,0.0006227259278402,0.0023669047766067
BSU_38140,qoxD,2160.62753343418,1.33048458660779,0.247165025044594,5.38298080955321,7.3262351698681e-08,5.11184814670507e-07
BSU_38150,qoxC,2224.31227731566,1.42926485601032,0.207208091386165,6.89772704554603,5.28411498837761e-12,5.4775287666603294e-11
BSU_38160,qoxB,7940.39717931859,1.38090782984757,0.200330946481011,6.89313285892384,5.457685740855139e-12,5.6439504332041296e-11
BSU_38170,qoxA,4136.19857697697,1.4618886974667,0.229478432229854,6.37048407234376,1.88432512033347e-10,1.6799960383549302e-09
BSU_38180,ywzA,168.945595444157,-3.29973260586384,0.374880650526936,-8.80208834792007,1.3429339475251199e-18,2.29997343661121e-17
BSU_38190,galT,1451.00993830212,-0.736339395098098,0.142455068794088,-5.16892379703557,2.35445868179072e-07,1.57436257225296e-06
BSU_38200,galK,573.031322957705,-0.546844815874982,0.173730607384376,-3.14765960994481,0.0016458322533864,0.0056823833895805
BSU_38210,ywcD,69.7679487779995,-0.785618734780393,0.391012552556373,-2.00919057366356,0.044516927009543,0.0993263876067712
BSU_38220,slrC,100.994697178401,0.47963316086375,0.310567460667146,1.54437673487566,0.122497092795085,0.220332047771318
BSU_38229,slrA,223.596893622621,-0.372758763749434,0.211622781050476,-1.76143022929333,0.0781656123409161,0.155434418665989
BSU_38230,vbfB,179.816548976188,-1.78312019526396,0.335513185739442,-5.31460541955784,1.06888687717993e-07,7.33991575090435e-07
BSU_38240,vbfA,538.45190033759,-1.65258747259658,0.289678376077144,-5.70490450469964,1.16408333253978e-08,8.88023429558954e-08
BSU_38250,ywbO,47.3252452637512,-0.0770886641194042,0.380641967943667,-0.202522765778715,0.839508062623664,0.896303855665035
BSU_38260,efeB,742.000154323577,0.760628837905221,0.17451604483297,4.35850376183589,1.30954671894224e-05,6.91140795758431e-05
BSU_38270,efeM,411.629959591558,1.19102736728411,0.235639642445372,5.05444395910685,4.31646475918592e-07,2.77908496308359e-06
BSU_38280,efeU,308.438211588482,1.22796444753646,0.300724871818277,4.08334847766932,4.43913778494082e-05,0.0002163642747148
BSU_38290,thiE,159.836760093663,0.267497449179738,0.238832067924554,1.12002316734217,0.262703889721888,0.393217238982621
BSU_38300,thiM,122.220550668077,0.552566695322508,0.297741081403637,1.85586313019873,0.0634730694343625,0.132098371690246
BSU_38310,cidR,94.1368116181996,0.374783831197195,0.294360554270529,1.27321349875145,0.202942291797602,0.324124198436789
BSU_38320,cidA,0.657133640902144,0.768967454478226,3.43276913244281,0.224007914546533,0.822751144802168,
BSU_38330,cidB,8.72901556477271,-1.33991694418073,0.985104505135197,-1.36017746055972,0.173773773350881,0.290718826227555
BSU_38340,ywbF,282.435362337008,1.7697533031129,0.272916436667529,6.48459772054271,8.89688452639281e-11,8.21965898781664e-10
BSU_38350,ywbE,91.4337501344345,0.616904291870034,0.332823348712969,1.85354871963042,0.0638037498766651,0.13272282679577
BSU_38360,rlmI,247.956521502722,0.706856895896206,0.224691733022491,3.14589631931608,0.0016557869159331,0.0057076568868245
BSU_38370,glxA,608.28861471055,0.622532474069825,0.206411671433901,3.01597516141028,0.0025615424239874,0.0083830538694394
BSU_38380,ywbB,73.6014508169742,-0.199960299371738,0.50259859713337,-0.397852880036345,0.690738635206874,0.788453768796466
BSU_38390,ywbA,42.4658009923241,-1.35287984230865,0.545835512425326,-2.4785485947907,0.0131918139950511,0.0352840308892324
BSU_38400,epr,2114.56788384045,0.992480681621197,0.175605128954018,5.65177502236325,1.58799352236387e-08,1.19250882710618e-07
BSU_38410,sacX,33.1491137702997,0.0876578368375652,0.485655849023813,0.180493732369868,0.856764974438466,0.90766812573151
BSU_38420,sacY,78.4630051148684,-0.0462947736916814,0.361950186748162,-0.127903715446602,0.898225170698295,0.935804199239171
BSU_38430,gspA,463.977927778979,-1.7826321493021,0.338584762540663,-5.26495089715683,1.40226831685356e-07,9.56854900303383e-07
BSU_38440,ywaF,2.63504096511497,-3.259939816734,1.77560201973426,-1.83596311589119,0.0663631118854066,0.136864047500936
BSU_38450,tyrZR,1385.52244694528,0.554599618559414,0.187551041316078,2.95705966049398,0.0031058801631115,0.0099835153907732
BSU_misc_RNA_59,tboYB,399.991042061106,0.188006873717592,0.236396592986494,0.795302805943286,0.426437381739939,0.562824604044824
BSU_38460,tyrZ,90.9533052749805,0.249263719945927,0.342671614625205,0.727412803708757,0.466973113371471,0.60273890385421
BSU_38470,eapD,344.427872555555,-1.31146169103402,0.198466147198038,-6.60798685090302,3.8958128088295e-11,3.74291727287322e-10
BSU_38480,relQ,170.418167235007,-3.30501993267738,0.418599784263709,-7.89541719064834,2.8934573422712603e-15,3.81074488269343e-14
BSU_38490,menA,317.806798237134,-0.0057794982679909,0.214946327848088,-0.0268880995821225,0.978548985244896,0.987877230446049
BSU_38495,BSU_38495,0.82900674881582,0.730112240088906,3.44127028411339,0.212163584900456,0.831979415046183,
BSU_38499,ywzH,15.2240961659537,-0.599011778464804,0.752272948953837,-0.796269198962732,0.425875584188559,0.56242575625999
BSU_38500,dltA,461.42665402287,0.0330334371080852,0.279035113603683,0.118384516849743,0.905762993268882,0.941028972603907
BSU_38510,dltB,276.402621163253,0.0762269339976495,0.254483945008211,0.299535336090416,0.76453161462121,0.842099416336565
BSU_38520,dltC,36.8641830436197,0.10002522690608,0.509144727473942,0.196457355853104,0.844252207319931,0.89870065815011
BSU_38530,dltD,326.210367210285,0.147385172762199,0.365182311310022,0.403593405807315,0.686511735561346,0.784869485537549
BSU_38540,dltE,371.874037824729,-0.123684646372642,0.290086725943913,-0.426371272143476,0.669837331191092,0.771837129606111
BSU_38550,ilvK,1219.66536977365,0.11329675420631,0.173750783941791,0.652064708060635,0.514359429833733,0.64404169528693
BSU_38560,licH,2405.73674389209,0.0198222659002074,0.195427420640127,0.101430320449808,0.919208868345904,0.948768943912054
BSU_38570,licA,624.747989747971,-0.0203398959988568,0.282373563847064,-0.0720318705538353,0.942576544685671,0.964160568489852
BSU_38580,licC,1615.33551295512,-0.0224390997755354,0.192510942160055,-0.116560126524545,0.907208636695279,0.941541322826501
BSU_38590,licB,480.908902274235,0.0522152872819695,0.222957630385706,0.234193766733346,0.814834553906921,0.879984386637912
BSU_38600,licR,1904.50006005791,0.350746277397329,0.215060073498563,1.63092233575226,0.10290670811878,0.192278898783387
BSU_38610,yxzF,24.2633665303135,-0.962959018554368,0.759301725142733,-1.26821655564308,0.204720626371824,0.326003114321615
BSU_38620,aag,48.9822414359172,-1.03137325844568,0.425851021189784,-2.42191096680743,0.0154391326597418,0.0406426256468173
BSU_38630,katX,555.297321413565,-4.91292340032115,0.262931442740235,-18.6851878539871,6.53484238877976e-78,5.44528309049667e-76
BSU_38640,yxlH,80.9445939019319,0.80411915267605,0.374894967511804,2.14491850347586,0.0319593635319391,0.0754658976478975
BSU_38650,yxlG,436.18760335082,-2.85536031146041,0.312202920385746,-9.14584754022299,5.91640931680597e-20,1.07713451973615e-18
BSU_38660,yxlF,430.296542899864,-3.03186219242523,0.253268700809593,-11.970931199685,5.0459101515824895e-33,1.7215691879375502e-31
BSU_38670,yxlE,117.487052467196,-2.99623229693059,0.366941886379792,-8.16541367487666,3.20335548487882e-16,4.61134196544184e-15
BSU_38680,yxlD,120.404161427476,-2.85561076736802,0.408822750341007,-6.98496051158136,2.8493611381997897e-12,3.03348447464857e-11
BSU_38690,yxlC,44.0695816300484,-3.52961194827726,0.73217657605374,-4.82071137443518,1.43047196125802e-06,8.53751378530443e-06
BSU_38700,sigY,186.873500745546,-2.66039902946479,0.441027687062943,-6.03227213960628,1.6167021496689901e-09,1.33942072935291e-08
BSU_38710,yxlA,11.3643290272107,0.491991983723741,1.13079570526439,0.435084765031637,0.663500901379275,0.768174444720738
BSU_38720,nnrA,47.8738680194251,-1.44313284545243,0.525040824657061,-2.74861073211789,0.0059848415778323,0.017673610192361
BSU_38730,cydD,99.3057240143108,-6.45880069905832,1.68678769498951,-3.82905372042003,0.0001286369276134,0.0005635832227997
BSU_38740,cydC,127.464436975103,-5.78695514234778,0.57228037008473,-10.1120979241189,4.88273214719387e-24,1.11941155522704e-22
BSU_38750,cydB,83.8482476328054,-5.9818456966388,0.860592759179035,-6.95084362822806,3.63108181942134e-12,3.82809672105904e-11
BSU_38760,cydA,4.34467702404595,-2.56789988215743,1.96579579233804,-1.30629025261229,0.191453870621132,0.311400008033545
BSU_38770,cimH,374.09769696511,0.79166419834107,0.213300502256064,3.71149711307613,0.000206037018237,0.000867598056386
BSU_38780,yxkI,134.829257266011,0.772720160265412,0.282597907744569,2.73434494413826,0.0062504526302144,0.0183989206839123
BSU_38790,yxzE,33.1574493211894,-0.0634713771022877,0.530105900113377,-0.119733391174693,0.904694348294772,0.940960300326752
BSU_38800,yxkH,31.6556981527538,1.68102849776127,0.553144637801704,3.03903967042323,0.0023733359988406,0.0078441379732849
BSU_38810,msmX,2738.30394457856,-0.116762897956203,0.149587395831385,-0.780566419431608,0.435057548652351,0.570706850104355
BSU_38820,yxkF,305.79615476396,-0.0413062931575668,0.197480033996198,-0.209166933596751,0.834317924631726,0.893058193534899
BSU_38830,aldY,95.3264327117855,-2.53258919092313,0.576650908310427,-4.39189317908742,1.12367907140697e-05,5.98598304627665e-05
BSU_38840,gdnE,157.35380662168,1.34533794490293,0.268119580417379,5.0176788387057,5.229950949354e-07,3.31306688063609e-06
BSU_misc_RNA_60,gdwB,1.86852791535615,2.13374746898287,2.22822876255344,0.95759802801293,0.338265493937351,0.475569235960591
BSU_38850,yxkC,1117.27699086974,2.4791760116714,0.240505993931448,10.3081672566466,6.47238138218211e-25,1.60256163022829e-23
BSU_38860,galE,2023.93558624732,0.322262492905842,0.182273478609392,1.76801636400677,0.0770581680168092,0.15386776129808
BSU_38870,yxkA,10.134992135702,-1.66606751263656,1.13839754847024,-1.46351994070559,0.143325161307769,0.24950900921919
BSU_38880,yxjO,78.9353243169378,0.0038025853667654,0.341657809631624,0.0111298066649359,0.991119882431575,0.995715847571532
BSU_38890,yxjN,21.6778638471553,1.36648849463232,0.793452556763953,1.72220567314756,0.0850322675309606,0.166363803778107
BSU_38900,yxjM,61.5196632495375,0.568645050743009,0.356111391342675,1.59681791868269,0.110306300519733,0.203559284562181
BSU_38910,yxjL,19.782231977911,1.3940130336467,0.74126894527232,1.88057660116138,0.0600295371852139,0.126021310379618
BSU_38920,pepT,674.961936557239,0.69884840069956,0.240012586779137,2.91171563157498,0.0035944971113953,0.011319008709067
BSU_38930,yxjJ,1384.84622662766,-1.08076071937386,0.293593473995748,-3.68114694330541,0.0002321871362635,0.0009701705510415
BSU_38940,yxjI,314.609983048479,-1.34605903791842,0.313258917951082,-4.29695360860762,1.7316141686791e-05,9.02898218157226e-05
BSU_misc_RNA_61,mswI,175.110414795151,-1.14207545905085,0.253082230227904,-4.51266553966429,6.40179329724441e-06,3.52053912542446e-05
BSU_38950,yxjH,336.124157767373,-0.0516292318029987,0.240207815483466,-0.214935686830525,0.829817460985985,0.891072343747837
BSU_misc_RNA_62,mswJ,43.589408670541,-0.53016974131715,0.430865461525607,-1.23047630561969,0.218518794531547,0.342314510739405
BSU_38960,yxjG,754.845560041992,0.112213753431669,0.196118495328682,0.572173232532737,0.567204619843073,0.691443139729355
BSU_38970,yxjF,288.885428970247,-4.60983356302127,0.297674905546026,-15.4861342932668,4.30403839744647e-54,2.3909485097609703e-52
BSU_38980,scoB,305.657802503012,-5.54089884825143,0.362696457965816,-15.2769588082761,1.08905759933724e-52,5.97327414927628e-51
BSU_38990,scoA,295.746024074163,-5.8249149839254,0.52422082563131,-11.1115672997359,1.1020798002291e-28,3.18176130942865e-27
BSU_39000,yxjC,493.159028454014,-5.43157286372919,0.318625317535907,-17.0468966676419,3.6859062996114e-65,2.53508444384384e-63
BSU_39010,rlmA,318.505188187319,0.865040900996912,0.196627899481765,4.39938026738232,1.08560453281301e-05,5.79301039492459e-05
BSU_misc_RNA_63,gswB,0.327620945561456,0.182132209318748,3.49964041125418,0.0520431209826717,0.958494334372546,
BSU_39020,nupG,1121.91203262776,1.08564278919399,0.166477173572194,6.52127115026489,6.97140259487532e-11,6.52420895110038e-10
BSU_39040,yxiS,87.7334949034598,-0.511899720010179,0.369356125808798,-1.38592454339087,0.165769945537988,0.280688227438882
BSU_39050,katE,264.775734932429,-2.2078232516778,0.351182595632034,-6.28682423086576,3.24025882344749e-10,2.8323668798685502e-09
BSU_39060,citH,838.773186257922,-9.56152729815258,1.54859708092357,-6.17431571835985,6.64506365331776e-10,5.656789942991331e-09
BSU_39070,bglS,1418.5282394943,-1.23282568460884,0.212416608833051,-5.80381021701452,6.48246474104166e-09,5.12564228520685e-08
BSU_39080,licT,804.667731004944,0.213359093359555,0.17407884034463,1.22564633896435,0.220331791753724,0.344408430647949
BSU_39090,yxiP,327.124333047431,-0.367927891551958,0.21911655965776,-1.67914233468537,0.0931243072415275,0.178227748797499
BSU_39100,yxiO,176.242470715526,0.212063107174749,0.268812885764244,0.788887432132749,0.430177801862331,0.565809560374118
BSU_39110,deaD,650.766881067896,-0.132660227852722,0.231357950617851,-0.573398180172529,0.566375122213736,0.690907490020303
BSU_39120,yxiM,336.925421627478,-0.155956200398049,0.199959534172158,-0.77993880633757,0.435426895236363,0.570863763104134
BSU_39139,yxzJ,21.4721411371304,-0.448915367496892,0.572702742048864,-0.783854056453234,0.433125750758332,0.56870723576844
BSU_39140,yxiK,179.1563752444,0.299920499025599,0.271136623049739,1.106160044527,0.268657253371317,0.39852512114273
BSU_39150,yxiJ,34.6666539616467,0.409753052604329,0.501769257825374,0.816616494960582,0.414147625634525,0.550824430816676
BSU_39160,yxiI,105.391400777106,0.201256226221879,0.285081555651904,0.705960179576193,0.480212901294556,0.615792394586952
BSU_39170,yxzG,145.75557465477,-0.0570741371129362,0.286703746091981,-0.199070078054109,0.84220792701818,0.897954465494531
BSU_39180,yxiH,162.158615672609,-0.550978552760643,0.337730108723955,-1.63141673936743,0.102802415159784,0.192166895982462
BSU_39190,yxiG,184.828852653975,-0.539552012365005,0.30341800236521,-1.77824653830385,0.0753633725878218,0.151110362528011
BSU_39200,yxzC,136.556773158774,-0.194700522875158,0.361870530018009,-0.538039178999926,0.590550000485691,0.710988627904462
BSU_39210,yxiF,121.631166725763,0.155066236495517,0.341219690049501,0.454446917975402,0.649507189581258,0.756943155582461
BSU_39220,wapI,513.757198912493,0.175177951513409,0.20804111491217,0.842035246674027,0.399768224583414,0.537870535477133
BSU_39230,wapA,10037.1879253311,0.440739277497055,0.17034404314359,2.58734775436519,0.0096717925944593,0.0268552093973621
BSU_39240,yxxF,309.852422961917,0.799927307661176,0.324540329390577,2.46480093602937,0.0137089389950022,0.0364869979516858
BSU_39250,yxiE,1789.12598210208,-0.124925457116021,0.189481501105304,-0.659301601408541,0.509702114272421,0.640341913929371
BSU_39260,bglH,1945.86222943031,0.18259310887294,0.166562920193247,1.0962410400892,0.272973303919044,0.402858762221124
BSU_39270,bglP,1629.91700513018,0.32531171018675,0.166249064106549,1.9567731820629,0.0503741414073404,0.109081036840583
BSU_39280,yxxE,251.310204121325,0.483255534172341,0.288690314270617,1.67395825313121,0.0941388042402462,0.17985160439726
BSU_39290,rtbE,108.97536380644,0.759942637616916,0.434992800475794,1.74702348357419,0.0806332646822129,0.159319087264663
BSU_39300,rtbD,442.655496964599,0.276704008428822,0.193542941517706,1.42967760156476,0.152809571690079,0.262447245476073
BSU_39310,yxiC,128.99584673106,0.351028078106721,0.470649186768512,0.745838063626304,0.455765243401168,0.591620970538425
BSU_39320,yxiB,229.657508633325,-0.702735214309577,0.22830542050578,-3.0780487504535,0.0020836082602752,0.0070040920029267
BSU_39330,abnB,703.10151349519,-1.91687113427287,0.170366681652875,-11.2514437428471,2.27831872599024e-29,6.761613040901169e-28
BSU_39339,yxzL,0.328283313785034,-0.308434354656752,3.47952050549856,-0.088642775396594,0.929365812018795,
BSU_39340,hutP,11524.5178403214,0.0593158598673022,0.194097964678179,0.305597536613276,0.759911096303298,0.838475879878327
BSU_39350,hutH,17725.489682191,0.355639476694505,0.175981651764006,2.02088952529792,0.0432912024662194,0.097308482123046
BSU_39360,hutU,18054.2937972306,0.269629801429485,0.191799315696223,1.40579125869527,0.159786118492072,0.272258455142017
BSU_39370,hutI,16792.4961060231,0.149044985340528,0.189740144042332,0.785521620070424,0.432147799305693,0.567767257244259
BSU_39380,hutG,17066.8482921969,0.122202404027739,0.187405543901273,0.652074647760243,0.514353017982618,0.64404169528693
BSU_39390,hutM,16976.303763214,0.0901484653329041,0.177178813202095,0.508799351929726,0.610892873713842,0.726199951111682
BSU_39400,pdp,1065.26196834272,0.668938490986729,0.171229359374629,3.90668103548278,9.35725426881903e-05,0.0004263405125845
BSU_39410,nupC,628.03575350958,0.563751160386714,0.175091787829289,3.21974643914402,0.0012830402730302,0.0045382967371756
BSU_39420,deoC,510.893524664529,0.758142231994477,0.254003697704441,2.98476848505037,0.002837930269559,0.0091698373288587
BSU_39430,deoR,466.638872187526,-0.104787840761018,0.219561186675707,-0.477260313389499,0.633176767491604,0.744519656320521
BSU_39440,yxxB,38.1003608723119,0.307889715049384,0.490273860067771,0.627995371825093,0.530006971861061,0.658028713201713
BSU_39450,yxeR,155.115583735175,0.0179154756046955,0.267143798001221,0.0670630414733178,0.946531516260964,0.967064621541796
BSU_39460,yxeQ,54.6665514044076,0.520628520915989,0.528123346489741,0.985808569866173,0.324227059588259,0.461522946516402
BSU_39470,sndB,56.2484301822546,1.77594850771701,0.55917097529166,3.17603843223566,0.0014930117013831,0.0051878265453835
BSU_39480,yxeO,31.6046917038887,0.802675649727733,0.505485099252111,1.58793137703827,0.112301857397676,0.206192780932779
BSU_39490,yxeN,33.7129783143168,0.514224909457072,0.489036935869493,1.05150525806971,0.293026595740863,0.426211560706667
BSU_39500,yxeM,53.9762367296471,0.795706675495476,0.515886393950025,1.54240678728301,0.122974773259948,0.220824572124059
BSU_39510,snaB,18.3510505475743,0.754572185734536,0.659426401181073,1.14428567673822,0.252505181409984,0.381753297644613
BSU_39520,yxeK,55.6606428816055,0.861010040503564,0.452771587197217,1.90164326748826,0.0572178073584957,0.121122467818252
BSU_39530,yxeJ,0.875874006846588,-1.52260607562597,3.4526233294032,-0.440999764630903,0.659213167388668,
BSU_39540,yxeI,364.268539734589,-0.47157899438494,0.208042727478888,-2.26674106852784,0.0234060480300505,0.0580528941695529
BSU_39550,hadM,215.063380172965,0.447448745361917,0.248821605580075,1.7982712727811,0.0721340298018834,0.145968099876587
BSU_39560,yxeG,32.093134925785,0.419572264423097,0.465517313818249,0.90130324258339,0.367427110210878,0.505576903316524
BSU_39570,yxeF,51.8134517636476,0.337664664879754,0.534794172616565,0.631391817954329,0.527784364542815,0.65650470793855
BSU_39580,cotNE,1.66142109152569,-0.870033009570623,3.28708372494649,-0.264682339232106,0.791254183666644,0.861866359433778
BSU_39590,yxeD,9.77471512393665,-5.75757513135431,1.43910391104391,-4.00080570080436,6.31271765809991e-05,0.0002982879565163
BSU_39600,yxeC,85.2254019600522,1.02234268022282,0.407775040946994,2.50712421694224,0.0121717928588104,0.0328643368411262
BSU_39610,frxB,135.439844918324,0.353192219701798,0.261428945164287,1.35100655927692,0.176693331545145,0.294126855776071
BSU_39620,yxeA,8.71741981676097,-1.35088049329634,0.96060238264477,-1.40628476225204,0.159639583056551,0.27211578024549
BSU_39630,tpeM,24.2454505980687,-0.671904348519337,0.634361155837399,-1.0591826790409,0.289516591799217,0.422240118568162
BSU_39640,tpeL,11.4673150313157,-0.750630269892034,0.741406236548541,-1.01244126753834,0.311327115330726,0.446382756091621
BSU_39650,tpeK,93.1767765702277,0.468171968793484,0.311648477970091,1.5022437197284,0.133034177600114,0.235088536517657
BSU_39660,tpeJ,97.1282118210008,0.397991554599888,0.324571202917934,1.22620722670987,0.220120702466978,0.344325994147803
BSU_39670,iolJ,1604.18434388529,0.500010629955157,0.175247634227842,2.85316621909478,0.0043285973849087,0.013264365253755
BSU_39680,iolI,1628.74530255134,0.433079411432479,0.184934280878147,2.34180168963825,0.0191909088511331,0.0490874899952537
BSU_39690,iolH,1220.70668980882,0.449527568850469,0.157883407264718,2.84721223489154,0.0044103948082007,0.0134959327005182
BSU_39700,iolG,1386.34555449882,0.463215496433525,0.217006846826632,2.13456627386319,0.0327964547766688,0.0771901350066843
BSU_39710,iolF,1721.16001783002,0.415518659342977,0.143793947362295,2.88968115115485,0.0038563274792451,0.0120211992572442
BSU_39720,iolE,1198.14987009515,0.347615282441071,0.156547540015549,2.22050938907467,0.0263842090519551,0.0640822745639694
BSU_39730,iolD,2968.00403442305,0.281938640586427,0.204326970060706,1.37984055899553,0.167635741569921,0.283105109159166
BSU_39740,iolC,1080.21268609197,0.434901759081872,0.222103383366981,1.95810506120605,0.0502176860030433,0.108810029216148
BSU_39750,iolB,959.150849819954,0.592130285740492,0.206786430754226,2.8634871426562,0.0041900581887268,0.0128853954093351
BSU_39760,iolA,975.162027816509,0.559487426723558,0.175259174437531,3.19234315988965,0.0014112356240328,0.0049473171188788
BSU_39770,iolR,659.229793574362,0.649286175853388,0.202950904445133,3.19922780156381,0.0013779624067249,0.0048502933455233
BSU_39780,iolS,1618.84669897057,-0.0752052939287119,0.166305437223943,-0.452211877038284,0.65111635272111,0.757606923411214
BSU_39790,yxcE,174.308281243636,0.14366453493737,0.36052000972096,0.398492541505713,0.690267155075734,0.78824306573072
BSU_39800,yxcD,65.0592746670312,-0.369615136601395,0.360873564688882,-1.02422336454611,0.305729785405198,0.441134585468107
BSU_39810,csbC,37.1174268995202,-0.681921632626962,0.609890954423061,-1.11810419171086,0.263522496401589,0.393332062317633
BSU_39820,htpG,2881.28250210348,1.09588069784488,0.230620374435679,4.75188153053028,2.01532447672306e-06,1.18808176294436e-05
BSU_39830,yxcA,54.7576742576406,0.5721833647835,0.57289319565855,0.998760971712652,0.317910496478899,0.453574639856131
BSU_39840,yxbG,17.6036573335599,-3.13561290923796,0.807257709117511,-3.88427744179215,0.000102634657107,0.0004637288521844
BSU_39850,yxbF,198.166242654088,1.56191557435004,0.246115400266613,6.34627322247224,2.2059332197145602e-10,1.9467023708804903e-09
BSU_39860,aldX,63.6457307099885,0.414818264475007,0.357386557387181,1.16069912508099,0.245764277788924,0.374829688655185
BSU_39870,yxbD,325.578542260409,0.652403598196542,0.22422616262819,2.90957839419636,0.0036191660864161,0.011380149965487
BSU_39880,yxbC,14310.4803365205,0.195929923926445,0.146815083260154,1.33453538679851,0.182028457598648,0.299783088854026
BSU_misc_RNA_86,srlX,239172.747451278,-0.884146834176357,0.226256465247528,-3.90771964553183,9.31713282977018e-05,0.0004249593321199
BSU_39890,yxbB,19845.0585714063,0.109833689716469,0.198833230342377,0.552391013953471,0.580680485905654,0.702621766386261
BSU_39900,yxbA,4241.63368610765,0.0334295735778145,0.282632197411085,0.118279424227069,0.905846260034825,0.941028972603907
BSU_39910,yxnB,8682.24861285969,0.178904945526413,0.219477773740756,0.815139239282301,0.414992612973651,0.551583739881849
BSU_39920,asnH,11014.733114317,1.03433364251486,0.250528085965519,4.12861351863448,3.64957247379445e-05,0.0001813485955154
BSU_39930,yxaM,3283.93646862304,2.1065376792447,0.371301155002429,5.67339382294923,1.39995884155979e-08,1.05679819868964e-07
BSU_39940,yxaL,638.379354579663,1.02397116335176,0.188238950458241,5.43974114209118,5.33580421420029e-08,3.77778425819115e-07
BSU_39950,yxaJ,22.0988526349832,0.806662555469769,0.567480126704512,1.42148159470226,0.155176800539046,0.265658268168979
BSU_39960,yxaI,82.5412322224361,-0.119314018048778,0.333088657254077,-0.358204986721498,0.720189915655655,0.811159035434773
BSU_39970,yxaH,26.6828663441167,-2.23403108065794,0.723019156109054,-3.08986430273913,0.0020024796109896,0.0067764104857872
BSU_39980,qdoI,22.6511352408851,-2.04618346485415,0.806455681584489,-2.53725469555115,0.011172563714597,0.0303705888176592
BSU_39990,qdoR,25.4166156105781,0.88008936976946,0.65568203981095,1.34225023156531,0.179514874364261,0.297111516661704
BSU_40000,yxnA,45.0506917154194,-0.81382274441841,0.465616794509599,-1.74783803766261,0.0804920766723768,0.159184011054956
BSU_40010,yxaD,143.69514448006,0.172750371626106,0.264558304293623,0.652976560638889,0.51377138960093,0.643774271584971
BSU_40021,yxzK,3.15893961845688,2.51098031887169,2.25212098745799,1.11494024204529,0.264876030416904,0.394808338423269
BSU_40022,yxaC,14.4699539792783,0.859999079157873,0.830917415071075,1.03499946391701,0.300669161553537,0.435388751586347
BSU_40030,yxaB,212.376563537377,0.489198878620696,0.241095171655181,2.02906957971086,0.0424512038207685,0.0957527673895836
BSU_40040,glxK,164.789703155677,0.301598094045353,0.24529357352484,1.22953932184779,0.218869664262632,0.342616421694359
BSU_40050,gntR,70.2922903889886,0.0434725095655613,0.365301880083817,0.119004341164592,0.905271916473041,0.941028972603907
BSU_40060,gntK,158.263220004928,0.246289524354131,0.242797821201978,1.01438111402675,0.310400932506035,0.445353390910149
BSU_40070,gntP,154.290162471175,0.480194772632563,0.243348399732755,1.97328099613522,0.0484635568349022,0.105896415413833
BSU_40080,gntZ,275.296476954372,0.439685378456339,0.254127903068061,1.73017355885781,0.0835992709460071,0.164381841497749
BSU_40090,ahpC,4591.03214387542,-0.182222434753431,0.159996622510119,-1.1389142589051,0.254738917746943,0.383391361791423
BSU_40100,ahpF,10752.2964699762,-0.151780552966456,0.165962995263029,-0.914544550885601,0.36043077953257,0.499439260541933
BSU_40110,bglA,501.419443022259,-0.26428837088008,0.182126373967779,-1.45112629830777,0.14674469479179,0.254097779010279
BSU_40120,ptsJ,57.0763167697511,-0.272577075294603,0.484700543264166,-0.562361810983252,0.573869532692762,0.696214149629963
BSU_40130,yydK,157.662564411052,-0.106114099451153,0.271210045916953,-0.39126168461933,0.695603817207673,0.792469068269512
BSU_40139,yyzN,59.3955628992119,0.266419687435077,0.483023217176134,0.551567042662315,0.581245021757466,0.703108509010358
BSU_40140,liaM,452.279763753244,0.321773824835796,0.209905330740826,1.53294737060821,0.125288822837995,0.22377430723703
BSU_40150,liaL,818.603653866888,-0.0050533800646687,0.204979312218714,-0.0246531223564492,0.980331646643354,0.988960840337627
BSU_40160,liaK,125.572628875268,1.20470104099366,0.351205375107404,3.43018964509084,0.0006031595285879,0.0023066992386332
BSU_40170,liaE,472.42751714001,1.20086748317565,0.408601365933233,2.93897079965189,0.0032930409748331,0.0104840165642558
BSU_40180,liaD,5808.1697072201,-0.577991407540313,0.392050356398866,-1.47427849026688,0.14040662412972,0.245711592227009
BSU_40190,fbp,981.200567205081,-0.219051611432711,0.158623828241748,-1.38095022583158,0.167294265338637,0.282716868842556
BSU_40200,yydD,645.18268574941,0.907881269541606,0.277402565149378,3.27279334656737,0.0010649030513925,0.0038483944300951
BSU_40210,yydC,105.963295332063,0.492952181120882,0.364301538269279,1.35314328746125,0.176009858951734,0.293327199553024
BSU_40220,yydB,971.374842276245,0.407426910720085,0.235072062770267,1.73320004903457,0.0830601183252175,0.163442094778913
BSU_40230,rlmH,105.218069983024,0.547109748619259,0.307521485971945,1.77909438389346,0.0752242893010565,0.150971211459693
BSU_40239,yyzF,15.4750305644146,0.165795739136961,0.686063000597162,0.241662557217995,0.809041644699547,0.87507959729363
BSU_40240,yycS,75.4547972228102,0.408973852523217,0.398028345773062,1.02749931472568,0.304185407954096,0.439345124221699
BSU_40250,yycR,1201.46672668428,-1.49491560745165,0.158934822124488,-9.4058406299454,5.1615937659778405e-21,1.01659935399918e-19
BSU_40259,yyzG,9.35872439717242,-0.960862371364721,1.09092649973287,-0.880776451575797,0.378438827749436,0.516280681936895
BSU_40260,yycQ,72.5760459887672,-0.627547234042325,0.342036654775884,-1.83473678998972,0.0665446983586922,0.137042860260558
BSU_40270,yycP,656.037490479985,-0.412648348190339,0.236929275678583,-1.7416520056818,0.0815693553899962,0.160727611143635
BSU_40280,yycO,636.105675536574,-0.445460749376395,0.276568385630524,-1.61067125716784,0.107251393626337,0.199108949692767
BSU_40290,yycN,169.39282269744,-0.875075119751891,0.325122330538369,-2.6915257352605,0.0071126010483789,0.0206254319091847
BSU_40300,rapG,3966.09905709456,-0.569814826027619,0.146767138401009,-3.88244147999072,0.0001034129082814,0.0004662727695977
BSU_40310,phrG,1014.56100273919,-1.54368620983436,0.196764142294364,-7.84536344800551,4.3170136279261806e-15,5.6512447280375e-14
BSU_40320,argI,978.760612887345,-0.230966356711543,0.182599776932689,-1.26487754033064,0.205915229670351,0.327303994923562
BSU_40330,rocE,784.031154849303,-0.22369068431484,0.196095403695329,-1.14072375027405,0.253984899868114,0.382921562675204
BSU_40340,rocD,727.617225318726,-0.873283198156878,0.159056462686264,-5.49039745640146,4.01030267329261e-08,2.88169842178721e-07
BSU_40350,rocR,291.938659408369,0.0775381611998023,0.210873219631294,0.367700371509364,0.713096663506436,0.806049690724555
BSU_40358,BSU_40358,3.61016877673805,-3.89747035472875,2.01728793106113,-1.93203473570508,0.0533552186895084,0.114166993867477
BSU_40360,htrC,605.73586924089,-0.337243958149587,0.258931863124496,-1.30244286693847,0.192765036716878,0.312828053967878
BSU_40370,walJ,333.015272590325,0.033748717716619,0.298926572193121,0.112899691282098,0.910110081088038,0.944326384423963
BSU_40380,walI,319.158192657677,0.332647504984558,0.210526471919862,1.58007447686285,0.114089811562389,0.20893962531692
BSU_40390,walH,525.019720068196,0.375091038843665,0.185610364237745,2.02085180094371,0.0432951086286442,0.097308482123046
BSU_40400,walK,600.806062856409,0.348671753761319,0.174547941592583,1.9975701264651,0.0457632846687199,0.101369148015673
BSU_40410,walR,277.847673452032,0.197525680086488,0.209711601746924,0.941892000447636,0.346247936132987,0.483814585993914
BSU_tRNA_1,trnY-Phe,24.709550862768,1.03810911241559,0.616218929482032,1.68464333493972,0.092057405222727,0.176486434038048
BSU_tRNA_2,trnY-Asp,70.4451514128588,1.15183193675499,0.397879420061155,2.89492715300015,0.0037924653230391,0.0118476944806985
BSU_tRNA_3,trnY-Glu,46.2008365222161,0.599180702385713,0.424120009449538,1.41276216409451,0.157725666576958,0.269277113190686
BSU_tRNA_4,trnY-Lys,33.1077880393265,0.406478086955268,0.53657139805002,0.757547063508174,0.448722181009819,0.584053232296649
BSU_40420,purA,231.670506238064,0.613422028206945,0.291956999077334,2.10106978132235,0.0356348411115998,0.0826583332636842
BSU_40430,yycE,20.2033556042372,-0.757601383972121,0.743847595728179,-1.01849006210806,0.308445121248635,0.443281164301936
BSU_40440,dnaC,325.783944623695,-0.073231064969396,0.231023082922288,-0.316985922112509,0.751254284377776,0.833167344307372
BSU_40450,yycD,12.4099695589828,-3.08094848235992,1.08793176955335,-2.83193171537293,0.0046267728180397,0.0140884094311779
BSU_40460,yyzB,23.5133992649555,-5.11713624243913,1.22748539419424,-4.16879603345355,3.06212858116537e-05,0.0001533896317016
BSU_40470,yycC,40.2638003206818,0.354612667735781,0.430778443049843,0.823190374209953,0.410399741899658,0.548338600570835
BSU_40480,yycB,1578.73390596028,0.294228553904816,0.200439311806235,1.4679184001053,0.142126389459454,0.248019994171492
BSU_40490,yycA,188.321748224854,0.186357492967782,0.271559017898492,0.686250430605998,0.492555201349369,0.627164762693746
BSU_40500,rplI,646.684087940582,0.166359321309736,0.188300581220059,0.883477471135997,0.376978349560794,0.515120526221041
BSU_40510,gdpP,943.17361707445,0.0292561464620973,0.14861453774054,0.196859250157441,0.843937683275428,0.89870065815011
BSU_40520,yybS,436.890702423866,0.0506142782408496,0.186086817698866,0.271992819624417,0.785627540401915,0.858787281490716
BSU_40529,yyzH,11.2373289217348,-1.25021267332826,0.84451340955667,-1.48039410526893,0.138768102223775,0.243335567355571
BSU_40530,cotF,8.82407527211278,-3.53003371339788,1.12174404841813,-3.14691548252552,0.001650026491418,0.0056923286523203
BSU_40540,hypR,125.443519787104,-0.797665497013575,0.336053953844828,-2.37362330627984,0.0176145105451814,0.0456208453032103
BSU_40550,ppaC,2522.40730253926,0.137597145028585,0.143274503439203,0.960374258682902,0.336866888612506,0.474391911346263
BSU_40560,yybP,59.8053519941515,0.301549017298744,0.407843407276868,0.739374504818303,0.4596796192262,0.59563151618036
BSU_misc_RNA_94,mswM,3.46146240188393,-1.43880994837629,1.79600493617445,-0.801116923119939,0.423063959945469,0.559907189506327
BSU_40570,yybO,5.93863528098182,-1.443436147937,1.15927802628587,-1.24511645628402,0.213088945890485,0.335506686970739
BSU_40576,BSU_40576,32.0094056839501,-1.25243226425836,0.506826943084729,-2.47112408159599,0.0134689075980602,0.0360029467133835
BSU_40580,yybN,1942.04446300695,0.123261999378192,0.273818022120955,0.450160286833652,0.652594869293892,0.758908633561576
BSU_40590,yybM,268.161413739398,0.453525807954981,0.416785382392925,1.08815190530703,0.276528052656307,0.406719637528778
BSU_40600,yybL,43.8117195932381,2.00185015438672,0.604647078272174,3.31077454323796,0.0009303813602091,0.0034077281773339
BSU_40610,yybK,16.3383628469351,2.5015964936234,0.734177021442707,3.40734784740007,0.0006559746996387,0.0024823915926067
BSU_40620,yybJ,55.2139145261972,1.55997349138074,0.499960319180243,3.12019460652106,0.0018073159509333,0.0061613690128987
BSU_40630,ictI,522.756985032456,-1.43023986107235,0.280952616350467,-5.0906799860096,3.56781726461577e-07,2.34232609205759e-06
BSU_40640,yybH,98.5610214934175,-0.117431863682066,0.304453912074796,-0.385713104757927,0.699709156301007,0.795531334191757
BSU_40650,yybG,67.3141017402539,1.51965016351755,0.514529155231421,2.95347726764688,0.0031421574987808,0.01008516180905
BSU_40660,yybF,80.819875125807,1.33448439196778,0.369889565358113,3.60779139761832,0.0003088146164799,0.0012611628022693
BSU_40670,yybE,34.1164132371338,-0.159828094425543,0.505781189503302,-0.316002448771376,0.752000649453188,0.833580203218145
BSU_40680,yybD,9.0009999041271,1.16907432531342,1.10943436653285,1.05375708611493,0.291994145523732,0.424995173850967
BSU_40690,yybC,12.9894117295991,0.0710185561484555,0.82886739344627,0.0856814451985789,0.931719652464843,0.957122156028962
BSU_40700,yybB,263.973162613364,1.30715479778926,0.305825929841237,4.27417910073172,1.91842784324922e-05,9.95514711951963e-05
BSU_40710,yybA,89.509258542075,1.0048663761524,0.362414470775115,2.77269937373978,0.0055593452710857,0.0165557684258519
BSU_40720,yyaT,103.697049265005,-0.403816239985141,0.323182120378267,-1.24950055873294,0.21148204926959,0.333825763018263
BSU_40730,yyaS,123.70481515883,-0.610984315185477,0.364520312369927,-1.67613242514022,0.0937122567350789,0.17919470804638
BSU_40740,yyaR,59.4626343513633,0.244356502312457,0.432004423934509,0.565634259221153,0.57164243366836,0.694330829403951
BSU_40750,yyaQ,267.504055567686,0.0527203969589351,0.239050768762321,0.220540587390258,0.825450166234999,0.887292376654987
BSU_40760,yyaP,353.722799709902,-0.166013298033891,0.205807832011928,-0.806642276005655,0.41987260967948,0.556766296915665
BSU_40770,tetB,633.173266905805,0.415358421643259,0.169970290239879,2.44371190433966,0.0145370297893229,0.0384078963884976
BSU_40780,tetL,16.6069465851973,0.686699868985961,0.682482896944467,1.00617886845278,0.314329535310573,0.449353307984398
BSU_40790,yyaO,157.091289677219,-0.340262013126398,0.278261607110538,-1.22281336854074,0.22140019498597,0.345330109745936
BSU_40800,yyaN,7.35744663623894,-0.818971820402133,1.28182187808624,-0.638912343753139,0.522879957417979,0.651607378628733
BSU_40810,yyaM,9.21293458578201,-0.651811778572028,0.974025876099436,-0.669193493279932,0.503372056354899,0.635892454864658
BSU_40820,yyaL,313.65302307187,0.22291367256068,0.279038048587475,0.798864791698108,0.424368816287141,0.560777700814938
BSU_40830,yyaK,197.169051481977,0.706513313879041,0.2475886668394,2.85357695446264,0.0043230056302813,0.0132566053758027
BSU_40840,yyaJ,200.54172525562,-0.870895699501731,0.250100694194873,-3.48218025665754,0.0004973487795232,0.0019362194624206
BSU_40850,maa,69.2848484785391,0.139387175588135,0.404872123534046,0.344274568403112,0.730639808099641,0.818898677831284
BSU_40860,yyaH,28.146562552137,-0.341063215754976,0.665673459756543,-0.512358140100272,0.608400381710259,0.724429473468137
BSU_40870,ccpB,75.3549575179237,0.0265638804774876,0.373992438339647,0.0710278544545416,0.943375586821618,0.964750157587461
BSU_40880,exoA,13.1404517595411,-2.32928288524685,0.900182861108182,-2.58756635555064,0.0096656577136393,0.0268552093973621
BSU_40890,rpsR,1466.81522538005,0.143545874235897,0.216892500879806,0.661829586793527,0.508080442232753,0.639421298100096
BSU_40900,ssbA,1414.62612289735,0.56873139715601,0.148450614539397,3.83111514169633,0.0001275637879068,0.0005594472601218
BSU_40910,rpsF,644.629479944388,0.374984966150845,0.191509168274271,1.95805229342236,0.0502238768595189,0.108810029216148
BSU_40920,engD,424.292089711338,0.298650499562801,0.21930509572723,1.36180374000183,0.173259830965637,0.290035567282468
BSU_40930,yyaE,169.13275076787,-0.0603860250147535,0.287851603573357,-0.209781791260247,0.833837985312521,0.892961220722929
BSU_40939,yyzM,139.534894284168,-0.579485741375669,0.359250935391465,-1.61303892151101,0.106736052096759,0.198387547486001
BSU_40940,yyaD,21.2158621459356,-3.80215994752103,0.955215367906823,-3.98042166747459,6.87931314061309e-05,0.0003225980934878
BSU_40950,sprC,635.440938589524,-6.59860979852501,0.442112124770293,-14.9251952815215,2.25973070658767e-50,1.1656444228148e-48
BSU_40960,parB,1489.48612106618,0.29598624787781,0.146718343117964,2.01737725213971,0.0436561593202402,0.0978087581874875
BSU_40970,parA,772.562306096395,0.560986835264763,0.183487384506501,3.05735915727159,0.0022329654952666,0.0074312131267208
BSU_40980,yyaB,184.578712682842,-1.34704296786871,0.354936405729724,-3.79516709507239,0.0001475440517255,0.0006386697064202
BSU_40990,nocA,1851.66683654435,-0.579627640807503,0.203800164185242,-2.84409800710787,0.00445373461246,0.0136189358333022
BSU_41000,rsmG,840.64300808748,0.0060217225210066,0.195570798389806,0.0307904992493015,0.97543661732987,0.987054381805307
BSU_41010,trmF,1413.76054142469,0.390410594209323,0.176267812149099,2.21487173097201,0.0267688699471166,0.0648710925508145
BSU_41020,mnmE,1109.1764206241,0.430741064374825,0.162562283926512,2.64969865070021,0.0080563594453951,0.0229508254285978
BSU_41030,jag,1103.60472491558,0.339448179743019,0.170493624644048,1.99097286160529,0.0464838708902551,0.102344823459083
BSU_41040,oxaAA,724.793612426755,0.11941463378531,0.159606291610192,0.748182496946659,0.454350086958785,0.590137567983338
BSU_41050,rnpA,187.579054150607,1.04453289233505,0.424942269241812,2.45805834801684,0.013969047636785,0.0370881638542828
BSU_41060,rpmH,598.418393556241,0.568597323577839,0.188448435163853,3.01725680599815,0.0025507361966675,0.0083539984430539
