,gene_name,baseMean,log2FoldChange,lfcSE,stat,pvalue,padj
BSU_00010,dnaA,5565.33496270455,-0.308568104933654,0.16878690017461,-1.82815197514997,0.0675267463052945,0.255513527251882
BSU_00020,dnaN,3618.13513392681,0.121786526974684,0.176596597993881,0.689631218031188,0.490426130303232,0.739622633989611
BSU_00030,rlbA,247.645505881998,-0.0035971429513357,0.238478077605987,-0.0150837468477039,0.987965367624983,0.994943932280255
BSU_00040,recF,2387.13644764632,-0.141921920901211,0.181964347795429,-0.779943558288488,0.43542409806193,0.69574567493474
BSU_00050,remB,164.604563413879,-0.269561671091563,0.253012468778712,-1.06540864326858,0.286691047141053,0.569845441001645
BSU_00060,gyrB,5053.40855710804,0.0132224002080567,0.182734703140213,0.0723584517928763,0.942316648748839,0.980226410586802
BSU_00070,gyrA,9703.42512751932,-0.343812176803679,0.193225881020549,-1.77932777424943,0.0751860400102323,0.270854448516174
BSU_rRNA_1,rrnO-16S,1118.61202009904,0.102194055763483,0.410927883604664,0.248690974355489,0.803599830968271,0.922622029051687
BSU_tRNA_5,trnO-Ile,3.79073242502386,1.54899414464346,1.60968652650306,0.962295527197176,0.335901175139051,
BSU_tRNA_6,trnO-Ala,113.357791879264,0.148375629618029,0.460181571383686,0.322428447475395,0.74712813601689,0.896977511999968
BSU_rRNA_2,rrnO-23S,1839.58453440882,0.0024254805167317,0.371068248254972,0.0065364808984279,0.994784679947119,0.996532105984667
BSU_rRNA_3,rrnO-5S,1.40646527186427,2.01488494758242,3.40996266683503,0.590881820255393,0.554599607770315,
BSU_00080,yaaC,8.58241567283278,1.66608894973992,0.95904405480043,1.737239224205,0.0823449540977246,
BSU_00090,guaB,13216.0543663003,0.23466701650726,0.185067511143114,1.26800763168956,0.204795225202644,0.475742911635513
BSU_00100,dacA,7607.69143376568,0.0305078365130865,0.191474764474689,0.159330847575579,0.873408218334566,0.956160828382564
BSU_00110,pdxS,11295.5402583708,-0.112672466658698,0.191598238460335,-0.588066297290219,0.556487793848486,0.787779974874608
BSU_00120,pdxT,10508.1165412465,-0.100564233308845,0.179263934434687,-0.560984191415729,0.574808314092268,0.799245834154069
BSU_misc_RNA_1,tboS,4075.86852099857,-0.358802190410845,0.163678847867577,-2.19211092383257,0.0283714981698799,0.155149343416658
BSU_00130,serS,3928.398491357,-0.1892876914266,0.158556877378143,-1.19381571179134,0.232550064268325,0.513175970655793
BSU_tRNA_7,trnSL-Ser1,223.946152302104,-0.0138589757085531,0.41793776386858,-0.0331603815368812,0.973546691687924,0.988791839595009
BSU_00140,dck,590.377079360023,0.0938296165011831,0.234924092585384,0.399403975422744,0.689595565197389,0.868137967917999
BSU_00150,dgk,432.9501408141,-0.249598001356033,0.228323316152888,-1.09317789160394,0.274315701992196,0.557527627289147
BSU_00160,sleL,23.5682776792741,0.117248227207759,0.587248903631219,0.199656783491228,0.841749014945925,0.93960878520858
BSU_00170,yaaI,16.9797725982078,-0.432058503732074,0.78760100094058,-0.548575361402659,0.583296898271583,0.802938351000055
BSU_00180,tadA,202.832703430874,-0.627736163940779,0.247743633340425,-2.53381350502035,0.0112828762440589,0.0854672523079378
BSU_misc_RNA_2,scr,10562.9583834531,0.0339227325894869,0.344054812823053,0.0985968843485799,0.921458343897901,0.974168884756468
BSU_00190,dnaX,2914.814304798,-0.126844817526293,0.196066034083493,-0.646949473524195,0.517664644878164,0.75940915948564
BSU_00200,ebfC,3046.4774910458,-0.254487801486486,0.238665862717715,-1.06629326284289,0.286291094070031,0.56944396986924
BSU_00210,recR,1236.90238090967,-0.100001677775281,0.189631788105753,-0.527346595073567,0.597952922503658,0.811844790476169
BSU_00220,yaaL,506.529955077497,-0.310320668155206,0.26156212635936,-1.18641285141128,0.235459298976863,0.516741902977262
BSU_00230,bofA,123.102079953566,-0.184262755889911,0.331575004119974,-0.555719682124288,0.578402499406577,0.801178443470562
BSU_rRNA_4,rrnA-16S,1121.69860829953,0.0248370281150023,0.406830028362409,0.0610501349051777,0.951319281605698,0.982535074565782
BSU_tRNA_8,trnA-Ile,3.97014889531937,0.784514724982557,1.56733670092561,0.500540008103717,0.616694892539515,
BSU_tRNA_9,trnA-Ala,117.490540882335,0.11221736260334,0.482724907632486,0.23246648521558,0.816175715168186,0.927620339299467
BSU_rRNA_5,rrnA-23S,1823.83517234772,0.0601819651845659,0.37482257263496,0.160561208364516,0.872439009649802,0.955512689605768
BSU_rRNA_26,rrnA-5S,6.08101363794818,2.30095917002003,1.9158163046113,1.20103329556268,0.22973828603294,
BSU_00240,csfB,164.438801207902,0.190132600702955,0.48874809374074,0.389019626138558,0.697261628133651,0.873228416849004
BSU_00250,xpaC,604.632768046827,-0.331475006740714,0.282204633250047,-1.1745909446037,0.240158407867754,0.522612715727843
BSU_00260,yaaN,1186.80361746094,-0.304347155357263,0.268148783843475,-1.13499360688847,0.256377997048625,0.539800086612928
BSU_00270,yaaO,1556.25857469072,-0.372383212642716,0.213738706690473,-1.74223573450356,0.0814672034838199,0.284778525663231
BSU_00280,tmk,628.630508921432,-0.139133742521744,0.272468602298981,-0.510641377934153,0.60960219634495,0.821241278921478
BSU_00290,darA,788.675457007824,-0.331575255556031,0.214951097422012,-1.54256135247847,0.12293724117821,0.361388414420776
BSU_00300,yaaR,771.92952587318,-0.520405754244889,0.267794854609616,-1.94330004959775,0.0519799155273419,0.221148094943401
BSU_00310,holB,1963.59083068078,-0.456565712811469,0.219338161991445,-2.081560767475,0.0373826080962813,0.181989477463848
BSU_00320,ricT,3124.86831674842,-0.42599843269142,0.163970776425392,-2.59801436559796,0.0093764571146073,0.0756178117202271
BSU_00330,dnaH,1611.48267188596,-0.454923265030096,0.231917316159526,-1.96157523967367,0.0498119573197748,0.216375771077847
BSU_00340,trmNF,428.373485937606,-0.489628794531272,0.220191027589241,-2.2236546143227,0.0261716910187679,0.148405384299605
BSU_00350,yazA,103.026603228135,-0.0444757995973353,0.312242918036722,-0.142439738511874,0.886732675576586,0.961821499663118
BSU_00360,rsmI,816.695559870991,-0.190036398491175,0.179245169131602,-1.06020373888933,0.28905192051588,0.572652737816076
BSU_00370,abrB,1587.50828435922,-0.385121756043799,0.423533642248364,-0.909306174591818,0.363188532218805,0.633866161726748
BSU_00380,metS,5330.04992954708,-0.234511969463901,0.19829074587577,-1.18266724162117,0.236941051839522,0.518783627012524
BSU_00390,dayD,570.344578515037,-0.042973815176642,0.246993198187839,-0.173987848620675,0.86187501197501,0.949918566483776
BSU_00400,yabE,3996.59573401257,0.28339659499838,0.177287992127573,1.59850981218431,0.109929563450535,0.339425754511283
BSU_00410,rnmV,325.044331813513,-0.0469063263227755,0.222711509699584,-0.210614738259588,0.833187910808189,0.935871170496987
BSU_00420,rsmA,710.428343710178,0.281749656675497,0.215207867562533,1.30919775316127,0.190467373130082,0.459027994449133
BSU_00430,prtG,10.5119305297516,-0.256129069381159,0.865995679659928,-0.295762525607217,0.767411443495628,0.905559113932766
BSU_00440,veg,742.974288779925,-0.475424985758633,0.325054622221333,-1.46260029317445,0.143576782993638,0.395554532581507
BSU_00450,sspF,14.2783340102714,-2.91477223388266,1.54991667223834,-1.88059931613823,0.0600264448467411,0.239629418549763
BSU_00460,ispE,1463.46326923911,-0.0567120115640196,0.185180920201661,-0.30625191570633,0.759412847030961,0.903230597941239
BSU_00470,purR,3703.35978941057,0.0951994682081258,0.17189526548497,0.553822514771065,0.579700318148892,0.80143334490631
BSU_00480,ridA,3655.2915420509,0.0858214690705513,0.161199395032873,0.532393245353371,0.594453662459463,0.809917754449889
BSU_00490,spoVG,11581.8403730177,-0.821787728986101,0.293000109756913,-2.80473522575775,0.0050357928015009,0.0501975065130688
BSU_00500,glmU,8004.7822881168,0.17942690540633,0.170217437539479,1.05410413880021,0.291835241502618,0.57592790682444
BSU_00510,prs,5793.74206510474,0.111790042858941,0.162369411738019,0.688492011286663,0.491142999308547,0.740144527459313
BSU_00520,ctc,6275.07102972514,0.217334880476688,0.161366738393019,1.34683815661785,0.178032362767211,0.442976437262626
BSU_00530,pth,854.913287844969,0.0725417104374076,0.188348598552369,0.385146005836821,0.700129244386831,0.87429555854851
BSU_00540,fin,490.716513549824,0.209130787639118,0.223735511724868,0.934723263315884,0.349930934861103,0.62217165133263
BSU_00550,mfd,3249.30599188188,-0.0728038164754336,0.184015638972611,-0.395639288496939,0.692371149071517,0.869986033079476
BSU_00560,spoVT,844.266797372497,-0.0718022606261935,0.189712270043837,-0.37847979263335,0.70507420244694,0.877389076546288
BSU_00570,yabM,371.244437170471,-0.0902077978969981,0.236407498068788,-0.381577566844983,0.702774726462999,0.876133353366809
BSU_00580,yabN,1537.62218101618,-0.158790243750234,0.203642569826169,-0.779749754119573,0.435538186789057,0.69574567493474
BSU_00590,hslR,549.78351466387,0.165421594150255,0.211247872099738,0.783068688484364,0.433586777078248,0.693768851173273
BSU_00600,spcP,739.286740684548,0.0636870503088147,0.265239377611543,0.240111596107301,0.810243744752373,0.925238252462078
BSU_00610,spcQ,656.15870427825,0.0676693643831093,0.240558897042336,0.281300609601649,0.778479842786721,0.912180819747512
BSU_00620,divIC,1994.44169879841,-0.521695259752876,0.2619614227996,-1.99149651188134,0.0464263283248553,0.208709349856782
BSU_00630,yabR,8195.12454552709,-0.189065961578367,0.165770988504277,-1.14052502964648,0.254067631052151,0.538195398123998
BSU_tRNA_10,trnSL-Met1,9.05931083490973,0.391641888269237,0.848819785038627,0.461395805296191,0.644514660458469,
BSU_tRNA_11,trnSL-Glu1,74.2198868641731,0.142822458878537,0.362885660038716,0.39357427037293,0.693895380414024,0.871352739418932
BSU_00640,spoIIE,191.73726072663,0.264328961597323,0.273220711149395,0.967455799691517,0.333316227027372,0.609100435841584
BSU_00650,yabS,124.858251490642,0.531683027305723,0.604347626459971,0.879763573193977,0.37898740188437,0.647099105356032
BSU_00660,prkT,49.0653225900342,-0.437161156211141,0.473100271883355,-0.924034886876846,0.355468152276805,0.626345894374175
BSU_00670,tilS,3213.94609309485,-0.4305354018651,0.258688550106815,-1.66430018525106,0.0960524554193814,0.314554062374217
BSU_00680,hprT,2116.24829923596,-0.289881976472464,0.221931993923215,-1.30617479412526,0.191493122448129,0.459286433976877
BSU_00690,ftsH,16230.7906408935,-0.316348024334554,0.214715469742713,-1.47333596742528,0.140660466877226,0.389951411786818
BSU_00700,coaX,1148.35954161956,-0.144965651087548,0.193047073273806,-0.750934208061978,0.452692251867817,0.709719580791801
BSU_00710,hslO,1291.25396921912,0.170152315466217,0.243175137845951,0.699710985972614,0.484107814236168,0.734373881650606
BSU_00720,yacD,1710.47539815886,0.145253365720332,0.266730414291331,0.544569940050715,0.586049333696405,0.804231330393967
BSU_00730,cysK,14203.5744771054,-0.209166692587659,0.303073511816914,-0.69015167750462,0.490098807921934,0.739408330016765
BSU_00740,pabB,1674.77736389335,-0.32166560321991,0.18832350532602,-1.70804808811864,0.0876274200252553,0.298224311977307
BSU_00750,pabA,1397.39478522793,-0.485376174722844,0.183928819286545,-2.6389348695088,0.0083166957293341,0.0700400093923941
BSU_00760,pabC,1069.51490381281,-0.515184261759787,0.19722362658037,-2.61218329006766,0.008996600623324,0.0740503704913596
BSU_00770,folP,1463.65871105952,-0.512654396163233,0.178218580456569,-2.87654853298624,0.0040205036310991,0.044214464174512
BSU_00780,folB,561.091490152551,-0.365286529120227,0.221256717359009,-1.65096243621619,0.0987462453792646,0.320340799949558
BSU_00790,folK,761.79223310867,-0.37940593083574,0.227210824623412,-1.66984091301364,0.0949508432972919,0.312742381553457
BSU_00800,yazB,476.948845807911,-0.45324545866411,0.241806767642156,-1.87441180031345,0.0608736882963935,0.241703298646762
BSU_00810,dusB,3712.58968386002,-0.160844021102881,0.186315064651238,-0.863290477364049,0.38797777854328,0.655571116063237
BSU_00820,lysS,5393.3014748535,-0.028629611081636,0.158292322632508,-0.180865443159253,0.856473193827058,0.947102767245877
BSU_rRNA_6,rrnJ-16S,1128.18799182857,0.152459662785025,0.406283976386166,0.375253939722482,0.707471618089822,0.877389076546288
BSU_rRNA_7,rrnJ-23S,1832.41828119612,-0.0047411964502512,0.365689207387795,-0.0129650981064461,0.989655638196178,0.995641458588494
BSU_rRNA_8,rrnJ-5S,1.42374360799194,-0.967509430642079,1.99127838878618,-0.48587351527068,0.62705684730371,
BSU_tRNA_12,trnJ-Val,3.20260037369526,2.16540253432846,1.63823957940316,1.32178624027467,0.186239341499356,
BSU_tRNA_13,trnJ-Thr,30.588486931478,-0.347449308319683,0.469670861956464,-0.739771905100407,0.459438409106015,0.715040206296769
BSU_tRNA_14,trnJ-Lys,127.500776757433,0.267164105740557,0.345034115095348,0.774312144950442,0.438746223341981,0.698355232687874
BSU_tRNA_15,trnJ-Leu1,298.134661237343,-0.170708454340516,0.283917280399527,-0.601261233906917,0.547666005345503,0.781094209838959
BSU_tRNA_16,trnJ-Gly,368.697374667444,0.129339202260668,0.293749754262805,0.440304035607649,0.659716918254827,0.851467810434294
BSU_tRNA_17,trnJ-Leu2,331.412389475601,0.115594566976167,0.228724006872485,0.505388868255581,0.613285735836331,0.822959593211922
BSU_tRNA_18,trnJ-Arg,95.254318190011,-0.257742947936673,0.36002046965194,-0.715911926302005,0.474045733791085,0.725395577921747
BSU_tRNA_19,trnJ-Pro,25.5206558777638,-0.0977319486041755,0.590120757073543,-0.165613473908012,0.868461143084024,0.953328315869375
BSU_tRNA_20,trnJ-Ala,111.563520044955,0.126219154882703,0.338265046894551,0.373136852422265,0.709046591860398,0.877406693957442
BSU_rRNA_9,rrnW-16S,1130.65256199561,0.0153540573264468,0.40568024143901,0.03784768336753,0.969809125756133,0.987987023654406
BSU_rRNA_10,rrnW-23S,1847.22730145355,0.0089636963917243,0.37149417678185,0.0241287668877459,0.980749897340437,0.9916724999225
BSU_rRNA_11,rrnW-5S,1.37254672467362,-1.42433881942556,2.87977009925949,-0.494601572462959,0.620881392003545,
BSU_00830,ctsR,538.062045797617,-0.598730328291035,0.336097980089213,-1.78141602675538,0.0748445119431764,0.270633416374239
BSU_00840,mcsA,490.350349147284,-0.159888267699824,0.431308188154856,-0.370705384434801,0.710856979451253,0.87755095186033
BSU_00850,mcsB,2105.43821384943,-0.741999975724421,0.359869310308331,-2.06185955420507,0.0392211091791999,0.187238103468297
BSU_00860,clpC,6439.01791603184,-0.626794811079301,0.331869919070757,-1.88867618021645,0.0589352322512702,0.235977379284925
BSU_00870,radA,891.184006300486,-0.717924083528909,0.278601850654181,-2.57688196199401,0.0099695988988349,0.0784983013888543
BSU_00880,disA,1019.50274406201,-0.829627753926216,0.314463360117301,-2.6382334451198,0.0083339189532533,0.0700400093923941
BSU_00890,yacL,1291.61536554891,-0.698692639809303,0.275186347778608,-2.5389800237162,0.0111176171033781,0.0846975715203917
BSU_00900,ispD,956.244276231899,-0.507472404065181,0.268267937941666,-1.89166252202501,0.0585359598246706,0.235086068028255
BSU_00910,ispF,364.687114396489,-0.521882239507345,0.246595758410796,-2.11634718646684,0.0343152903069891,0.173181591536663
BSU_00920,gltX,7611.86826717243,-0.217255784592224,0.161924198590301,-1.34171289086891,0.179689105666376,0.444986916761895
BSU_00930,cysE,545.928061641325,-0.147191274237482,0.217872807242821,-0.675583502595786,0.499305118707777,0.74616013242913
BSU_00940,cysS,1734.81429911188,-0.0406947403888197,0.182954541388186,-0.222430884087623,0.823978471909124,0.9312916364273
BSU_00950,mrnC,376.264980361342,-0.150409535248339,0.201564390562075,-0.746210850184961,0.455540054766629,0.71222004058295
BSU_00960,rlmB,1081.96821449389,-0.0813656835890616,0.186803522597214,-0.435568250843439,0.663150010242088,0.853415487068477
BSU_00970,raeA,845.390721902062,-0.295420171593322,0.177886819910975,-1.66071984276951,0.0967697262926359,0.316124997839773
BSU_00980,sigH,3825.77326290239,-0.649910196051713,0.205955818287846,-3.1555806553782,0.0016017897239657,0.0230842764551312
BSU_00990,rpmGB,622.005322951776,-0.462496862108002,0.249314744749694,-1.85507224040173,0.0635859112732443,0.246475892930292
BSU_01000,secE,1316.91941573048,-0.0611316282197992,0.18648517278749,-0.327809591004117,0.743055635113102,0.893995809334389
BSU_01010,nusG,2883.15804822459,0.205588079665612,0.217361438133416,0.945835109627047,0.34423269488287,0.619303047849361
BSU_01020,rplK,44436.2403904563,0.0845817115810325,0.188906251012024,0.447744376524888,0.654337691070987,0.848365073970569
BSU_01030,rplA,26391.4055006296,0.296478295992592,0.193729958085749,1.53036886458915,0.12592545126829,0.366930220045995
BSU_misc_RNA_3,ldlJ,15556.400190551,0.701469395805424,0.272019158427483,2.57874996695289,0.0099158529567424,0.0782294170026007
BSU_01040,rplJ,29145.4874889134,0.525082717413598,0.292103599934928,1.79759070935987,0.0722418917101536,0.266977849701263
BSU_01050,rplL,27288.8423129246,0.508673210624711,0.259776452146338,1.95811901510675,0.0502160490013063,0.217421331467695
BSU_01060,rlmG,932.204426912886,0.255865757291102,0.205466241622933,1.24529341302043,0.213023916049343,0.487609789489093
BSU_01070,rpoB,35730.1422692927,0.0092290122610039,0.222640711020821,0.0414524918586918,0.96693516627755,0.987987023654406
BSU_01080,rpoC,42486.9868764542,0.0513348065858404,0.228908801003651,0.224258771881041,0.822555954467796,0.930709469160451
BSU_01090,rulS,6651.03396047479,0.335956442447396,0.255385906022398,1.31548544584889,0.188346805545779,0.456075574373279
BSU_01100,rpsL,40969.962356045,0.401762016088525,0.295224863650655,1.36086781824697,0.173555465202654,0.436637048045633
BSU_01110,rpsG,28830.7114358085,0.489356866786163,0.280579547045347,1.74409315268826,0.0811428478557349,0.284641694762824
BSU_01120,fusA,107332.687908309,0.474329326536059,0.254045570592458,1.86710331311771,0.0618871618526571,0.243973135628232
BSU_01130,tufA,155145.331131705,0.371048082003068,0.187589776206928,1.97797603635803,0.0479314101071057,0.211896112012808
BSU_01140,ybaC,243.971452072444,-0.131064792909449,0.263244245138126,-0.497882841999748,0.618566621503658,0.825306802487501
BSU_01150,rpsJ,17412.6988097922,0.529964103907483,0.330349660414723,1.60425200147675,0.108658516489383,0.338350076307035
BSU_01160,rplC,33877.6486446855,0.535309554701458,0.331339583922226,1.61559192042418,0.106182571920721,0.334818978757912
BSU_01170,rplD,24466.5214301447,0.672890324837715,0.360424251727872,1.86693964574216,0.061910016631112,0.243973135628232
BSU_01180,rplW,8809.40784292136,0.480494522121998,0.357399266289423,1.34441944190476,0.178812790371453,0.443751069508302
BSU_01190,rplB,40812.042010027,0.641530473134945,0.383557697423855,1.67257879960108,0.0944102433162617,0.312249951382367
BSU_01200,rpsS,14739.4799941148,0.620164168434247,0.370349740821724,1.67453652609083,0.0940252020805695,0.312010479389554
BSU_01210,rplV,22144.9634654781,0.644843279132778,0.400533301156833,1.60996171172365,0.107406215249558,0.336815091340327
BSU_01220,rpsC,26438.4004778689,0.679308127575399,0.385425713870622,1.76248782353796,0.077986911886115,0.277225068788398
BSU_01230,rplP,11910.2008704408,0.630033630152758,0.353531587488734,1.78211410931657,0.0747306254030267,0.270633416374239
BSU_01240,rpmC,6923.49494622634,0.656670381197716,0.445706863387516,1.47332346692355,0.140663835915085,0.389951411786818
BSU_01250,rpsQ,8206.3089308981,0.441931667772153,0.404561476469395,1.09237209540782,0.274669583067604,0.557626374114862
BSU_01260,rplNA,19188.0762635533,0.749277645520569,0.399254215198129,1.87669313684952,0.0605601638260476,0.240793001985639
BSU_01270,rplX,17783.6789046317,0.603939770718772,0.385922791905997,1.56492382255018,0.117600772126287,0.352713961178164
BSU_01280,rplE,28133.9713500323,0.744701600785799,0.399385872858762,1.86461678139816,0.0622351389145224,0.244097412627976
BSU_01290,rpsNA,12556.1369350081,0.480231402184709,0.358676902069649,1.33889692760716,0.180604230015355,0.445870183191897
BSU_01300,rpsH,19486.8837239633,0.72230859861974,0.348213913565709,2.07432434627124,0.0380491981907762,0.183931302322565
BSU_01310,rplF,25050.6294784425,0.534685138859234,0.346004877394839,1.54531098776704,0.122271058986615,0.359960226751156
BSU_01320,rplR,22016.4680049457,0.402057938764512,0.348951396542092,1.15218893733819,0.24924344260812,0.533989040289223
BSU_01330,rpsE,18158.0081765781,0.706357438800742,0.307691444522391,2.2956681161453,0.0216948648104062,0.132424924041501
BSU_01340,rpmD,5474.62258079833,0.328101801056231,0.270992010627529,1.21074344699851,0.2259937454763,0.505086294244963
BSU_01350,rplO,26550.9335080832,0.541805415125521,0.274371277988951,1.97471622794037,0.0483003602873422,0.212775522058708
BSU_01360,secY,75522.5136109283,0.483589436479079,0.251324191486024,1.9241658895617,0.0543337932344626,0.225389019707423
BSU_01370,adk,33388.5867794798,0.283786480944051,0.243808479042356,1.16397297607828,0.244434963517488,0.528555800358968
BSU_01380,mapA,34846.2402143146,0.424219099648247,0.233846289820613,1.8140937791815,0.0696632891389841,0.261860499287029
BSU_01389,ybzG,12743.9029196022,0.456478350133593,0.256868443582901,1.77709003008099,0.0755534282703576,0.27169070226422
BSU_01390,infA,7679.86696902282,0.467001431468437,0.224561601131624,2.07961391936598,0.0375609592384309,0.182362891069754
BSU_01400,rpmJ,6067.84834708019,0.351710833731345,0.257449599201205,1.36613471072632,0.171896685326879,0.435740162386459
BSU_01410,rpsM,10033.5929586666,0.374554913981314,0.265379268708289,1.41139477776251,0.158128241945585,0.416665308149687
BSU_01420,rpsK,8019.71535537619,0.455709164473913,0.260308319759827,1.75065155387416,0.080005949165214,0.281643517696238
BSU_01430,rpoA,37297.9066274932,0.255324940026878,0.226456075450329,1.12748107781671,0.259539136385808,0.544159785951757
BSU_01440,rplQ,9511.14586581671,0.185359273629295,0.242913960382861,0.763065545253746,0.445424306905437,0.702542012313909
BSU_01450,ecfA,1228.08086441483,0.143826012313258,0.227677899230081,0.631708272079204,0.527577521718682,0.768365365450923
BSU_01460,ecfAB,980.046556099281,0.110642356290774,0.23951254390022,0.46194806538762,0.644118564197549,0.841709744509834
BSU_01470,ecfT,655.238977897913,0.0658609361468908,0.280243633938406,0.23501313917934,0.814198535205061,0.926824790199653
BSU_01480,truA,1692.98361340463,0.375200397595504,0.267308423114145,1.40362354924853,0.16043097880682,0.419244663314788
BSU_misc_RNA_4,ldlM,294.859064082769,0.388191157693163,0.398087234477914,0.975140934127844,0.329490356158446,0.60850325992453
BSU_01490,rplM,11997.5128822625,0.299103241245336,0.231827194844772,1.29019911337672,0.196981533918604,0.466676726055232
BSU_01500,rpsI,10506.0926346899,0.339604031881505,0.198179945331082,1.7136145199463,0.0865995450883612,0.296742818877887
BSU_01510,ybaJ,1460.99666616158,-0.788476234098141,0.27249393648105,-2.89355515311796,0.003809073879671,0.0428197185956053
BSU_01520,ybaK,5.10433302903209,-1.04202827195483,1.26075160906631,-0.826513537211773,0.408512842096213,
BSU_01530,cwlD,19.6954344733658,0.035570751755097,0.828944577080858,0.0429108926441862,0.965772565675314,0.987987023654406
BSU_01540,salA,7444.97795233538,-0.742932017021983,0.304021747797444,-2.44368050116259,0.0145382950676891,0.10272013081454
BSU_01550,gerD,11.6162733099514,0.321661106864831,0.719229523135558,0.447230121286617,0.65470891517504,0.848570775772325
BSU_01560,kbaA,232.801181689095,-0.651568357745579,0.293843341416159,-2.21740045088443,0.0265957389368119,0.149746389049017
BSU_01570,pdaB,7.05872796758733,2.09122528750229,1.26394491615002,1.65452248810981,0.0980213979870207,
BSU_rRNA_23,rrnI-16S,835.254774783751,0.0414660828676544,0.420498166811439,0.0986118041419398,0.921446497356219,0.974168884756468
BSU_rRNA_14,rrnI-23S,1696.54267522981,0.0657986311264595,0.389514507896049,0.168924724991295,0.865855850940277,0.951311193669482
BSU_rRNA_15,rrnI-5S,1.17900136971354,0.238110578766442,2.9384519011175,0.08103266168008,0.935415977640795,
BSU_tRNA_23,trnI-Asn,0.930158275882372,0.813180941392398,2.73074093971415,0.297787655198636,0.765865237077722,
BSU_tRNA_24,trnI-Thr,65.3456866213049,-0.22205698352938,0.605980585320322,-0.366442405761235,0.71403498168193,0.878962105622684
BSU_tRNA_25,trnI-Gly,32.2174884508104,-0.354859930494831,0.488391668391125,-0.726588829133432,0.467477873445136,0.720529602622774
BSU_tRNA_26,trnI-Arg,102.122679174815,-0.256769471370048,0.332494516941526,-0.772251746380541,0.439965338770432,0.69967048222351
BSU_tRNA_27,trnI-Pro,19.0081709501373,-0.451746402647416,0.581074359094295,-0.777433035165311,0.436903328471924,0.697100960882247
BSU_tRNA_28,trnI-Ala,27.5797079076071,0.0770571541742166,0.613409782249386,0.125621006387682,0.90003193398852,0.965553273841496
BSU_rRNA_16,rrnH-16S,996.600262750461,0.0514808093408902,0.421251692003068,0.122209145549296,0.902733383647356,0.965553273841496
BSU_rRNA_29,rrnH-23S,1265.89711906589,0.0504640878263256,0.36019334883234,0.140102775328634,0.888578787827541,0.962084762952955
BSU_rRNA_24,rrnH-5S,0.67557235989018,-1.74667484453971,3.48989644432267,-0.500494748886084,0.616726752694791,
BSU_rRNA_25,rrnG-16S,1052.69989551211,0.0781744849963686,0.400952828584259,0.194971775788185,0.845415043234346,0.940495787488992
BSU_rRNA_27,rrnG-23S,1818.99104175566,0.0203861434120784,0.368062416270747,0.0553877345550063,0.955829567245177,0.985197942794409
BSU_rRNA_28,rrnG-5S,0.731927448542464,-1.2749344490957,3.45194654016323,-0.369337831354541,0.711875930439359,
BSU_01580,ybaR,854.014009684281,0.532356151489258,0.243139441404834,2.18950964275216,0.0285598184622167,0.155714319803932
BSU_01590,ybaS,352.19978020374,-0.259775521831266,0.232803986900301,-1.11585512469129,0.264484153242086,0.547624865011621
BSU_01600,eesA,235.898572070066,-2.16180161791828,0.314656136964014,-6.8703621635243,6.40391141487325e-12,2.324037669834e-09
BSU_01610,feuC,320.029960782444,-1.97504770922361,0.349309257990994,-5.65415219906521,1.56617386206577e-08,1.68977461009906e-06
BSU_01620,feuB,395.003811443329,-2.38725942450445,0.334233271289468,-7.14249486681692,9.16519407183779e-13,4.57343184184705e-10
BSU_01630,feuA,1430.97561893689,-1.95050073502311,0.30342302636923,-6.42832140448555,1.29020720090842e-10,3.20848572098767e-08
BSU_01640,btr,365.009945006404,-1.24577395988981,0.409100270384618,-3.04515555249715,0.0023255999497696,0.0308826311836587
BSU_01650,ybbC,326.262388971956,-0.629987504500446,0.484077560174373,-1.30141852531548,0.193115235965803,0.461074175822659
BSU_01660,nagZ,408.426436995165,-1.03835566283621,0.481958689512682,-2.15444951077885,0.03120493739463,0.16369265450639
BSU_01670,amiE,279.967023168748,-0.651186905042546,0.495016509709914,-1.31548522578398,0.188346879458158,0.456075574373279
BSU_01680,murP,241.140389560176,-1.01817957824697,0.530846407759313,-1.91803045733073,0.0551071493068227,0.226324835424729
BSU_01690,murR,198.679694128313,-0.874259019151777,0.46179875478906,-1.8931601917184,0.0583365695350908,0.234521234223648
BSU_01700,murQ,424.003570155477,-1.14992073310973,0.385652523230201,-2.98175342787354,0.0028660272677738,0.0342550324938722
BSU_01710,ybbJ,55.1603823400949,-0.640691625005717,0.402908921272204,-1.59016490124543,0.111797639783496,0.341001430704158
BSU_01720,ybbK,126.164526689016,-0.0437610059174654,0.4092385508794,-0.106932755536908,0.91484232700552,0.971290045054797
BSU_tRNA_75,trnSL-Glu2,63.0064153288449,0.632434549236242,0.396742413229337,1.59406841352922,0.110920712644706,0.340611911444358
BSU_tRNA_78,trnSL-Val1,2.8818819728767,1.16855083230388,1.57800580095662,0.740523787425547,0.45898223294692,
BSU_tRNA_76,trnSL-Thr1,68.419848745652,-0.411362059617706,0.398900053463627,-1.03124092374988,0.302427854076208,0.586064074501079
BSU_tRNA_77,trnSL-Tyr1,106.412330895743,0.324156836151587,0.340619947393462,0.95166721336241,0.34126578222085,0.617924914885751
BSU_tRNA_74,trnSL-Gln2,39.0411148530131,0.258917868778931,0.441527291887405,0.58641418896696,0.557597211528648,0.788632007736291
BSU_01730,sigW,1608.949798359,-0.126776842307528,0.250295317411376,-0.506509045469527,0.612499341305993,0.822959593211922
BSU_01740,rsiW,2055.6771337743,0.0735742541284827,0.290806038438492,0.253001122409789,0.800267345851813,0.922248049838463
BSU_01750,cdaA,1161.40196881586,-0.313391411260738,0.221700718245963,-1.41357869176161,0.157485641322982,0.416256563054915
BSU_01760,cdaR,2556.14408279608,-0.313795832471134,0.195466107011482,-1.60537208863889,0.108411943102598,0.338328190969597
BSU_01770,glmM,3204.73100350042,-0.359823466228767,0.201829851957605,-1.7828059761167,0.0746178926228999,0.270633416374239
BSU_misc_RNA_5,glmSA,607.828236010137,-0.248757792870186,0.303422604604188,-0.819839356381139,0.412307691747485,0.675115793870369
BSU_01780,glmS,19419.7744429094,-0.0352011330066927,0.175437693378159,-0.200647491020166,0.840974220678567,0.939331026566547
BSU_01790,ybbU,8.4289929049118,0.651818779586578,0.826700877788996,0.788457829305639,0.430428956166828,
BSU_01800,alkA,169.157812840166,-0.13603999924897,0.249521555416343,-0.545203395442043,0.585613636509625,0.803952975997382
BSU_01810,adaA,6.25872827044757,0.264239065650186,1.1611558882179,0.227565539073079,0.819984012875688,
BSU_01820,adaB,38.4205438475492,-0.152207914085163,0.514228975908655,-0.295992488202766,0.767235818052462,0.905559113932766
BSU_01830,ndhF,89.7282516969399,0.70154288519278,0.353555399810454,1.9842516492999,0.0472277933302002,0.210887417197046
BSU_01845,ybcC,262.85232874269,0.488749916192775,0.324398453418357,1.50663454477838,0.131904357678308,0.377193550037109
BSU_01860,ybcF,73.0958536750804,0.490669400538185,0.36896633275269,1.32984870700133,0.183568124246979,0.45087554849435
BSU_01870,ybcH,40.1004351611594,-0.334265690660942,0.511208329901589,-0.65387371666125,0.513193168567047,0.754859754022073
BSU_01880,ybcI,111.059354050047,0.682542197586831,0.561138323942321,1.2163528464632,0.223850538313422,0.503735562727126
BSU_01889,ybzH,258.709900720158,0.0873424161538288,0.268956274666834,0.324745783536833,0.745373480742235,0.895452775666064
BSU_01890,ybcL,49.0858693573797,-0.340322044390403,0.492823661803622,-0.690555407069747,0.489844979153999,0.739408330016765
BSU_01900,ybcM,4.16093668443242,-1.75044729435408,1.30737083034565,-1.33890649364671,0.180601115420656,
BSU_01910,skfA,71.8656389435738,-0.389100088087954,0.360973475570968,-1.07791877913605,0.281070004075028,0.56432700588765
BSU_01920,skfB,110.716802740518,0.0392686447105252,0.353297443837702,0.111148963558776,0.911498221946082,0.968667726823233
BSU_01935,skfC,160.030752923859,-0.261440176302545,0.270954737805463,-0.964885052094015,0.334602389212312,0.610202255703769
BSU_01950,skfE,201.113021447312,-0.272444535182308,0.326381336441521,-0.83474299772384,0.403862426578673,0.667861974690168
BSU_01960,skfF,166.151133808352,-0.806811502252275,0.284325620008458,-2.83763208615627,0.0045449537385101,0.0471799976457594
BSU_01970,skfG,89.061026428143,-0.562334105304869,0.411148316527474,-1.36771593777714,0.17140100919385,0.435452316653617
BSU_01980,skfH,128.521264568002,-0.346390299696674,0.312520633918531,-1.10837577459597,0.26769956272253,0.549753658658857
BSU_01990,ybdG,176.650850275447,-0.168800803575733,0.285665717610667,-0.59090325919259,0.554585242113503,0.785908514915549
BSU_02000,ybdJ,141.649963647924,-0.0613560696211459,0.270170086191512,-0.227101639881971,0.820344708921921,0.929767045245113
BSU_02010,ybdK,217.763698049899,0.103266024071629,0.233917917574905,0.441462651267665,0.658878094418389,0.850819912636553
BSU_02019,ybzI,385.746029879902,0.233088245878296,0.249669586648305,0.933586861769566,0.350517045051875,0.62217165133263
BSU_02030,ybdM,144.653612766432,-0.149030607365288,0.283934327981978,-0.524877032039422,0.599668676906838,0.812883850606393
BSU_02040,ybdN,126.360014948348,-0.905689818187914,0.436743448533309,-2.07373418245755,0.0381040047647198,0.183931302322565
BSU_02050,ybdO,546.578593346098,-0.0327024751467346,0.245844902717232,-0.133020757336379,0.894176964400659,0.964295971650913
BSU_02060,ybxG,657.58208280258,-0.435320319215693,0.227583401221917,-1.91279468044865,0.0557743424373553,0.227767930719088
BSU_02070,csgA,1.76629517380845,-0.107334731143018,3.07332890442034,-0.0349245832389236,0.972139877977874,
BSU_02080,ybxH,0.755071244869154,1.80371918790386,3.47173358684164,0.519544240013177,0.603381270613649,
BSU_02090,ybxI,228.270997115203,-0.503024079365096,0.300258879414688,-1.67530126118392,0.0938751381313262,0.311771673394554
BSU_02100,cypC,45.9628105896651,0.584649507273018,0.581055055569899,1.00618607766796,0.314326068041904,0.596872012163367
BSU_02110,ybyB,144.773321304531,0.420157728060042,0.589280884565622,0.713000776140489,0.475845276862006,0.726692557472504
BSU_02120,ybeC,3229.2114461406,-0.18294597833316,0.23938341391165,-0.764238321042077,0.44472523390483,0.702427505570962
BSU_02130,glpQA,7483.48712237759,-0.339080538928176,0.298535143097605,-1.13581448204011,0.256034214781486,0.53964550443912
BSU_02140,glpT,6839.58954388161,-0.530388006369607,0.252432047885663,-2.10111200543697,0.0356311352763539,0.176403481417541
BSU_02150,ybeF,9.7260565707813,0.452705264776503,1.2467616589783,0.363104897809809,0.716526526040751,0.879926156692804
BSU_02160,ybfA,56.9074109582076,-1.05202724628337,0.434763997975459,-2.41976624371449,0.0155304869759995,0.108269939265224
BSU_02170,ybfB,154.765509858322,-0.864699411886269,0.336427822433401,-2.570237519691,0.0101628808793992,0.0798348528175928
BSU_02190,ybfF,360.324918094737,-0.506188654074589,0.217718654439654,-2.32496684942949,0.0200737328842455,0.126374674248832
BSU_02200,ybfG,1372.54857271986,-0.399353190150442,0.272172267557099,-1.46728097515174,0.142299636888002,0.393666077932712
BSU_02210,ybfH,107.514593336985,0.272004937196406,0.327513349606328,0.830515572947965,0.406247346775167,0.669336349629055
BSU_02220,ybfI,90.638078261316,-0.193022202765038,0.335506568973234,-0.575315718424686,0.565077792876878,0.792061288330231
BSU_02230,purT,4306.16804831368,0.280584079055716,0.203647881177462,1.37779031843308,0.16826803603472,0.431146341367524
BSU_02240,mpr,659.128540215337,-0.397987108114456,0.231034891564713,-1.72262771834609,0.0849558691550017,0.292870319228641
BSU_02250,ybfJ,332.883863033983,0.0428146656773486,0.264084493923788,0.162124875418488,0.871207517581454,0.955411568813247
BSU_02260,cesB,812.546517987069,-0.454368165881816,0.217188666317763,-2.09204363001632,0.0364346129680091,0.17934275581787
BSU_02270,pssA,646.172405655267,-0.486692135226292,0.20938081960401,-2.32443514237238,0.0201021839048117,0.126374674248832
BSU_02280,ybfM,343.787157066373,-0.592381343244572,0.259399910939747,-2.28366054983793,0.0223914882537415,0.13482175129553
BSU_02290,psd,937.846152957081,-0.328726289214069,0.21298729308039,-1.54340798673841,0.12273181707501,0.361050415448372
BSU_02300,ybfN,42.5555649080268,-1.23891735663632,0.461884599887984,-2.68230929746691,0.0073115825125234,0.0640084153289329
BSU_02310,ybfO,96.0147825434222,-0.704226197513821,0.517194283127726,-1.36162796165306,0.17331532621603,0.436637048045633
BSU_02320,ybfP,109.6840954275,-0.709515644055809,0.338552732841339,-2.09573155148129,0.0361060113157974,0.177944687867485
BSU_02330,ybfQ,1299.10811092651,-0.464318108192325,0.259372801995037,-1.79015727408924,0.073428631539234,0.268431407604965
BSU_02340,gltP,156.247995449317,-0.330059334963982,0.533954383920329,-0.618141445980205,0.536482103837258,0.775674233436557
BSU_02350,gamP,1665.72913645557,-0.557322972679452,0.302081722318318,-1.84494105900315,0.0650461130667844,0.25064100710676
BSU_02360,gamA,847.248120816468,-0.404932120327266,0.305977231800758,-1.32340605196057,0.18570038027702,0.452850285929055
BSU_02370,gamR,277.152270366901,0.191949100549738,0.218714280210132,0.87762491029539,0.380147306343256,0.648247777412336
BSU_02380,ybgB,112.968075405837,0.0260603249974372,0.332374387204618,0.0784065379303545,0.937504673027323,0.980226410586802
BSU_02390,ilvE,315.668963558613,-0.365150758481076,0.347218274066078,-1.05164614236745,0.292961929331535,0.577106091260486
BSU_02400,ybgF,809.640222819944,0.145956794788833,0.426291613916748,0.342387206372157,0.732059515182415,0.887964310570496
BSU_02410,ybgG,509.294876477985,0.717056163756887,0.352391682379631,2.03482715288496,0.0418682679227936,0.196402027670731
BSU_02420,glnT,17.4372879143104,1.06703998015004,0.974714347910185,1.0947207070849,0.273639013936201,0.556876080253421
BSU_02430,glsA,3.60616273761001,-0.861997972288136,1.92414734584482,-0.447989585698628,0.654160712643663,
BSU_02440,glnJ,173.380334199634,-0.264354091015649,0.329481665237814,-0.802333237040193,0.42236022114825,0.684834282219259
BSU_02450,glnL,222.929870730659,-0.194526969867245,0.283174621511429,-0.686950577805908,0.492113873020258,0.741048125649518
BSU_02460,kdgD,59.4749499977341,-0.234519315608714,0.395263279005341,-0.593324318410932,0.552964126994923,0.784448017826406
BSU_02470,gucD,89.7836510993095,-0.022164435424452,0.312843548608903,-0.0708483058800759,0.943518485855136,0.980646508402535
BSU_02480,gudP,92.9975023508861,0.434470992447559,0.303489994541609,1.43158259007446,0.152263315091574,0.411326750255169
BSU_02490,gudD,130.089419406965,0.665180952694701,0.442896781326902,1.50188707784654,0.133126274434313,0.379329113163296
BSU_02500,garR,431.541093974846,0.476207973318987,0.316258060591467,1.50575758426009,0.132129415503024,0.377296585613785
BSU_02510,garD,335.205972220375,0.356953502834123,0.253482884125399,1.40819568179419,0.159073134585499,0.417776285042969
BSU_02520,ycbJ,717.742443126335,-0.495242340138726,0.181760193917265,-2.72470186934414,0.0064359572755255,0.0589362652362493
BSU_misc_RNA_6,tboW,557.537552513891,0.15762578786899,0.221426114907096,0.711866294249552,0.476547575828703,0.727486777326264
BSU_02530,rtpA,9.3665167733425,-0.837962612355234,0.790191425991491,-1.06045520717186,0.288937557673666,0.572652737816076
BSU_02540,ycbK,74.1287167561936,0.80539665285131,0.363408315213048,2.21623066709177,0.0266757086099767,0.149901953437449
BSU_02550,ycbL,158.9729885216,-0.198068614719328,0.263890273438802,-0.750571865109917,0.45291035864113,0.709719580791801
BSU_02560,ycbM,280.868692249538,-0.167469814115553,0.26724603274153,-0.626650328154815,0.530888470433789,0.771217894458401
BSU_02570,ycbN,357.576494675106,-0.243924057034733,0.213006778358093,-1.14514692403199,0.252148300324337,0.536380816421769
BSU_02580,ycbO,246.734247643523,0.144203038896047,0.348683757881918,0.413563969173699,0.679193465180628,0.863333562284574
BSU_02585,BSU_02585,0.672677292596248,-0.0780024393817087,3.4183692094733,-0.0228186116249646,0.981794961959812,
BSU_02590,ycbP,34.726010030249,0.764199941035582,0.634947408588208,1.20356415460418,0.228758081045866,0.508464509763417
BSU_02600,cwlJ,28.3822050061466,-0.238196414398726,0.526434107015574,-0.45247147026452,0.650929369657903,0.845358928987897
BSU_02610,ycbR,188.179230413951,-0.158578118629417,0.281957009113369,-0.562419494830349,0.573830239778183,0.799119738559537
BSU_02619,yczK,0.442751837315193,-1.16593710747302,3.48276786262412,-0.334773132595332,0.737796229286263,
BSU_02620,phoD,18.9119716617582,-0.229901145800781,0.615807160691305,-0.37333301799007,0.708900605160075,0.877406693957442
BSU_02630,tatAD,2.70109721221594,1.09873965169842,1.6880173394275,0.650905429722106,0.515107536213031,
BSU_02640,tatCD,6.74653511732299,0.427081305756191,1.09339809508488,0.39060000897755,0.696092919002492,
BSU_02650,pcp,158.996423718153,-0.512547470341611,0.287332706665663,-1.78381179187514,0.0744542528275303,0.270633416374239
BSU_02660,ycbU,149.725353468373,-0.249571343457885,0.373903560417059,-0.667475172420153,0.504468663235795,0.750033111224317
BSU_02670,lmrB,325.619917668579,0.92413217521384,0.211544935282607,4.36849113867593,1.25107892517745e-05,0.0004499375738115
BSU_02680,lmrA,198.292697646259,0.323233134310212,0.265696508190833,1.21655017791222,0.223775408587024,0.503735562727126
BSU_02690,ansZ,41.2236488095515,-0.0226657314960697,0.5338254441179,-0.0424590692441099,0.966132740317411,0.987987023654406
BSU_02700,estA,204.83094072778,0.584216751637663,0.409020061291434,1.42833275657205,0.15319610376909,0.41237953219569
BSU_02710,yczC,17.2445565253335,0.36402190946479,0.884359549484517,0.411622071223151,0.680616451687187,0.863333562284574
BSU_02720,yccF,1576.83725507103,0.123141059524246,0.1839580680769,0.669397438294303,0.503241985302736,0.748767053793709
BSU_02730,natK,167.088644269033,-0.50392275484568,0.266570043779358,-1.89039528861233,0.0587051130642899,0.235528453620749
BSU_02740,natR,158.504507074879,0.0413757059371418,0.300866013353528,0.137522033399379,0.890618178066007,0.963252214831129
BSU_02750,natA,122.075454265133,-0.17639971922895,0.290916622074665,-0.606358337213459,0.544276827968825,0.779043778146844
BSU_02760,natB,150.557512464957,-0.0292771117025972,0.320552760019827,-0.0913332073658835,0.927227832585406,0.975417067719355
BSU_02770,yccK,529.684647556377,-1.36403845029257,0.372828547650266,-3.65862125872431,0.0002535757570539,0.0053578950690358
BSU_02780,ycdA,250.689282146769,-0.453867343390186,0.305988611169861,-1.48328181776097,0.137999551062856,0.386330269895944
BSU_02785,BSU_02785,3.31523313348248,-1.86643507038258,1.72887287286742,-1.07956756085079,0.280334793325643,
BSU_02790,ycdB,292.271340673902,-0.791201153520913,0.317148590803491,-2.49473330944469,0.0126051829124638,0.0918246171287508
BSU_02800,ycdC,149.997651317883,0.228477616184851,0.268521703289428,0.850872065035967,0.39484042415874,0.661714094559903
BSU_02810,cwlK,82.0882499049922,0.390444484178026,0.396550828780252,0.984601357104692,0.324819922807875,0.605059601178268
BSU_02820,rapJ,1072.43626658586,-0.28323382528842,0.301648894797944,-0.93895197420876,0.347755402523759,0.621971132112386
BSU_02830,ycdF,53.0116556872513,1.69873018475874,0.675471885796534,2.51487918369179,0.0119073180623093,0.0883531853247931
BSU_02840,ycdG,133.171773750645,0.677808125184976,0.357495809726266,1.89598900670744,0.0579614982033359,0.233857199783346
BSU_02850,znuA,1219.01161696613,0.479442510304065,0.186609297134822,2.56923163885922,0.0101924301738109,0.0798348528175928
BSU_02860,znuC,484.369907330829,0.732070928702657,0.225349769996312,3.24859851738317,0.0011597504061892,0.0182272583523919
BSU_02870,znuB,572.202268275174,0.680705647781017,0.195765706099569,3.4771444975904,0.0005067846157654,0.009588076711544
BSU_02880,yceB,74.9049196429982,-0.322583133595556,0.394437910639259,-0.817829942037648,0.413454298360256,0.675742948187628
BSU_02890,yceC,2229.20981176273,-0.335954691261632,0.326738036870694,-1.02820808522696,0.303851955991478,0.587682659068788
BSU_02900,yceD,2325.70466664435,-0.35319548146111,0.270356348727137,-1.30640720339651,0.191414117500408,0.459286433976877
BSU_02910,yceE,2523.53219721027,-0.441392196799855,0.281285758289477,-1.56919496914454,0.11660251611054,0.350509973127466
BSU_02920,yceF,3759.28435861153,-0.422718806903675,0.252297268681309,-1.67547912473692,0.0938402635163293,0.311771673394554
BSU_02930,yceG,1941.24516581166,-0.144436213915511,0.273302971236893,-0.528483877294976,0.597163534442654,0.811670694414394
BSU_02940,yceH,1339.31133568038,-0.162621751376858,0.285004841868536,-0.570592942599445,0.568275603565834,0.794869029234342
BSU_02950,niaP,139.737800542085,-0.934736414976996,0.390042678618349,-2.39649778400692,0.0165525935748963,0.111055384119304
BSU_02960,yceJ,5.98997119392384,0.883344599006673,1.28391000175403,0.688011307490306,0.491445660724433,
BSU_02970,yceK,397.65180471004,0.140249800997948,0.238828083234398,0.587241663955824,0.557041414037768,0.788269877645789
BSU_02980,opuAA,746.424512697658,-0.210059349566636,0.237183774503409,-0.885639626936691,0.375811750801881,0.64415650888841
BSU_02990,opuAB,541.859542416304,-0.101479406541083,0.216501415019006,-0.468723987472205,0.639266938722181,0.839734655932525
BSU_03000,opuAC,857.847861223676,-0.052206787048491,0.20864534258681,-0.250217840481005,0.802418889285578,0.922622029051687
BSU_03010,amhX,466.200147169143,-0.140155323470212,0.426959140045222,-0.32826401949228,0.742712046473626,0.893995809334389
BSU_03020,ycgA,409.541692830018,-0.1730905319835,0.36414544963459,-0.475333502470486,0.634549283308078,0.838078609314259
BSU_03030,ycgB,325.079843108411,-0.221642125818408,0.281122180904794,-0.788419203013618,0.430451542029962,0.691205895310579
BSU_03040,amyE,3451.94881335764,-0.168442057922401,0.273474741532272,-0.615932780404599,0.53793888547258,0.776911895355199
BSU_03050,lctE,22.1941669844296,-0.298807364291313,0.903409976840138,-0.330754997123735,0.740829556385609,0.893201929656101
BSU_03060,lctP,41.2786117928307,-0.915609982509238,0.75658907287387,-1.21018134590728,0.226209314414714,0.505086294244963
BSU_03070,mdr,911.445620299996,0.0428301211332999,0.226235354733582,0.189316657353301,0.849844640710672,0.942907116652863
BSU_03080,ycgE,116.342865795016,-0.209724107977921,0.383816783213768,-0.546417241637695,0.584779160976291,0.803847770575733
BSU_03090,ycgF,208.627212016619,-0.276533637629625,0.285509349785624,-0.968562458067527,0.332763542099205,0.609100435841584
BSU_03100,ycgG,264.106654137909,-0.256226723663718,0.270033736534268,-0.948869304081201,0.342687088248851,0.619007627280277
BSU_03110,ycgH,6.51778012488027,-0.0946136464807927,1.09743660132102,-0.0862133141603837,0.931296846946325,
BSU_03120,ycgI,1.8339084537787,-2.86489785906676,2.49983997264599,-1.14603250224628,0.25178170391411,
BSU_03130,nadE,4810.47049677447,-0.369781869443454,0.18711150851705,-1.97626470105529,0.0481248053044047,0.212515733158389
BSU_03140,tmrB,193.223295152451,-0.26714591080511,0.379592217838676,-0.703770778879996,0.481575534116268,0.732640827817127
BSU_03150,aroK,287.93120317085,-0.389348208426907,0.29519828101787,-1.31893792566949,0.18718986569309,0.454970126778167
BSU_03160,ycgJ,18.7693060128073,0.0023518149079809,0.661603538117926,0.0035547193636104,0.997163750274946,0.997413603382005
BSU_03170,ycgK,137.260403635185,-0.362515651240244,0.323418947481436,-1.12088563166526,0.262336547680054,0.546010165974335
BSU_03180,cah,456.817757689145,-0.454918278545938,0.277158722969363,-1.64136374158509,0.100721931749139,0.323843332391194
BSU_03190,ycgL,296.160011038287,-0.422537464196534,0.314456306612117,-1.34370802973825,0.179042819733757,0.443937227563453
BSU_03200,putB,11387.4283010018,-0.910280734014581,0.270455548364505,-3.36573140953926,0.0007634100314916,0.0132501428074553
BSU_03210,putC,24744.1413980527,-0.902213537644846,0.28951289709648,-3.11631553099406,0.0018312621334621,0.0255608336950382
BSU_03220,putP,14290.8003952552,-0.362923594240678,0.248385180982009,-1.46113223343612,0.143979155851392,0.395878726793763
BSU_03230,putR,854.754033273586,-0.339023286237088,0.218510254985858,-1.55152116892193,0.120776838310053,0.357739548204877
BSU_03240,ycgQ,215.29449209038,0.158504286595011,0.306815544036489,0.516611005132647,0.605427731782547,0.818167740445473
BSU_03250,ycgR,116.040980393469,-0.234116502375034,0.338942082409639,-0.690727161143966,0.489737017122224,0.739408330016765
BSU_03260,ycgS,68.0851469379212,-0.210270239167656,0.386824281408014,-0.543580765928877,0.586729998517338,0.804888712742685
BSU_03270,ffoR,944.386029100286,-1.64353746511657,0.340651464962725,-4.82468926207734,1.40221709679961e-06,7.88401500059724e-05
BSU_03280,nasF,987.383335456352,0.688258158382746,0.192911775769853,3.56773533205069,0.0003600799392885,0.0071514383962179
BSU_03290,nasE,136.422517740154,0.671375427747574,0.3163687351635,2.1221295062567,0.0338268642192346,0.171009001386347
BSU_03300,nasD,232.448661494173,0.606745410163262,0.278891808272599,2.17555837843114,0.0295882984280422,0.157977635992134
BSU_03310,nasC,22.4892778604291,-0.0125750424850441,0.582687379376376,-0.0215811135269526,0.982782099245935,0.992227147240711
BSU_03320,nasB,12.5256289505201,0.340026215748551,0.781875667947746,0.434885276122029,0.663645702512461,0.853549257391968
BSU_03330,nasA,64.733603873354,0.537279972572807,0.52542427691146,1.02256404239834,0.306514018091346,0.590637332253415
BSU_03340,folEB,4.62875331213568,0.387091317669663,1.2634644361379,0.306372942995455,0.759320706857255,
BSU_03350,yciB,3.79921042669605,0.884237047979236,1.44862307942688,0.610398288234555,0.541598001800393,
BSU_03359,yczL,3.89166779698149,-1.09613910221342,1.87128204114445,-0.585769049300037,0.558030725391316,
BSU_03360,zinU,10.0816357671957,0.938865377279763,1.13750444543188,0.825372930233515,0.409159898426306,0.672167207620499
BSU_03370,yckA,521.884703863233,0.749082721368021,0.259411309788742,2.88762553173975,0.0038816168297123,0.0430428177339211
BSU_03380,yckB,960.36852972197,0.438421024393156,0.180343662167194,2.43103095015727,0.0150559283903721,0.105629641712417
BSU_03385,BSU_03385,1.3499714119173,-0.336821319293559,3.40035304248956,-0.0990548084521707,0.921094753184076,
BSU_03390,yckC,433.502175871879,0.198668252876485,0.212643101348526,0.934280264050815,0.350159342057285,0.62217165133263
BSU_03400,yckD,3.16664344835601,0.342996766199081,2.31247326466302,0.148324640738739,0.882086569941181,
BSU_03410,bglC,71.0203260000378,-0.0722576525475701,0.489973594325356,-0.147472544203247,0.882759049318908,0.959571558379927
BSU_03420,nin,391.772958029493,0.821511119273709,0.229061263697697,3.58642533448124,0.0003352419950082,0.0067933301729599
BSU_03430,nucA,520.583886849357,0.688655526129707,0.248211852236966,2.77446673042935,0.0055292289167199,0.0539674372507234
BSU_03440,tlpC,525.071400517129,0.162415387016218,0.266620821407274,0.60916242834659,0.542416781316938,0.777682684671783
BSU_03450,hxlB,20.7911977221223,0.575795396602352,0.609642698002768,0.944480100374691,0.344924366119842,0.619405339428884
BSU_03460,hxlA,49.4983221084409,0.198424087372609,0.386804085390426,0.512983432355238,0.607962909967292,0.820760208518576
BSU_03470,hxlR,77.3690522561319,-0.359331330791101,0.543898392791611,-0.660658931067617,0.508831067050873,0.752037622979299
BSU_03480,srfAA,61484.4437282123,-0.286486007439816,0.331325424668822,-0.864666536611775,0.387221841366984,0.654718166343498
BSU_03490,srfAB,58999.0608589359,-0.166255213423621,0.307307713448585,-0.541005663534824,0.588503679050584,0.805129225457094
BSU_03500,comS,0.0,,,,,
BSU_03510,srfAC,18183.4121412681,-0.0774039588157078,0.274684692100371,-0.281792036621481,0.77810297745398,0.912180819747512
BSU_03520,srfAD,2374.60927942427,0.0084122388106677,0.262405086721118,0.0320582154705261,0.974425625492676,0.988791839595009
BSU_03530,srfT,252.259848529052,0.200839619740155,0.327723950915629,0.612831680989528,0.539987640559165,0.777634788463879
BSU_03540,ycxB,146.581091765567,0.171094010274497,0.281049103182684,0.608769102398751,0.542677496261367,0.777682684671783
BSU_03550,ycxC,58.3052350294195,0.105475427950365,0.458377081661784,0.230106242589568,0.818009214158752,0.928752213572736
BSU_03560,ycxD,82.4802535041152,0.276617051849444,0.327737065688952,0.844021262190635,0.398657524347589,0.664762254467659
BSU_03580,yczE,419.60863578805,0.759412975162872,0.246323102407523,3.0829953331234,0.0020492836868108,0.0279206159650138
BSU_03590,tcyC,1109.92422814618,0.571717035701196,0.214802919192512,2.66158876169093,0.0077772832415061,0.0670559712744979
BSU_03600,tcyB,1038.64301684845,0.567581594130307,0.181468421521933,3.12771549655932,0.0017617062025081,0.0249427513189815
BSU_03610,tcyA,3868.05656690396,0.741077689735036,0.191446387137838,3.87094110687747,0.0001084159847702,0.0027392190582464
BSU_03620,bsdA,37.8650641098918,-0.524765607446985,0.568604150504988,-0.922901471930747,0.35605855349162,0.626713291683663
BSU_03630,ubiX,10.2792373160475,-0.175142236441954,1.19204163288449,-0.146926274729304,0.883190212745444,0.959571558379927
BSU_03640,bsdC,36.7641642759417,-0.254223882932762,0.570773812202154,-0.445402149674523,0.656029158996658,0.849454558129958
BSU_03651,bsdD,7.47738990049992,0.0910523692482064,1.1633996563873,0.078264050318659,0.937618013406682,
BSU_03652,yclD,17.0959818764062,0.397660969329891,0.937637261891307,0.42410960559286,0.671485880526684,0.858607186118681
BSU_03660,yclE,179.502826710666,-0.0526169333022422,0.352082772224235,-0.149444782457948,0.881202677167223,0.959021835500604
BSU_03670,dtpT,703.600182919187,-0.946881733526696,0.224442965640369,-4.21880779745137,2.4559752205179e-05,0.0007719884315202
BSU_03680,yclG,30.6744584718956,-0.147296079135262,0.742170173218707,-0.198466718888009,0.842679921288372,0.939749299870526
BSU_03690,yczF,3.77603967532885,-1.59456274758729,1.73973094270913,-0.916557099975593,0.359374773301779,
BSU_03700,gerKA,22.3352097384936,0.202986069344494,0.595298584300835,0.340981945359229,0.733117173637296,0.888393691375862
BSU_03710,gerKC,34.4708410254664,0.513362825378309,0.665752775994238,0.77110129148414,0.440646895169756,0.70026369646404
BSU_03720,gerKB,37.1063749986306,-0.219525751478956,0.609099076028178,-0.360410580345061,0.71854011557245,0.880961959878753
BSU_03730,yclH,10.3795077237535,0.0663483288912686,1.00143197995133,0.0662534552716135,0.947176039071375,0.981979368334564
BSU_03740,yclI,9.61609775403969,1.70025096674839,1.22269545516511,1.39057600939458,0.164354035433336,0.42582573961063
BSU_03750,yclJ,225.508300849913,-0.370281852570343,0.361246005969956,-1.02501300070052,0.305357053386129,0.589654710921013
BSU_03760,yclK,726.246986083145,0.447680577250908,0.261871980489788,1.70953981565189,0.0873510030277641,0.297859773956014
BSU_03770,rapC,1927.72588580928,-0.26139329495739,0.229540474503509,-1.13876777297241,0.254800026714205,0.538319314719537
BSU_03780,phrC,537.861166215356,-0.751238647479428,0.205896781665061,-3.64861772682534,0.0002636550784376,0.0055395319638062
BSU_03788,yczM,34.6303907063014,0.98879616385637,0.816349968974495,1.2112405235937,0.22580323599056,0.5050476976542
BSU_03789,yczN,15.6057986531896,-0.132897424387035,0.669988043698025,-0.198357904498568,0.842765050352443,0.939749299870526
BSU_03790,thrD,1348.66011161387,-0.0761936358806146,0.321586479939528,-0.236930470133391,0.812710731145658,0.926425253778831
BSU_03800,pbtN,2322.2161818009,-1.06459473161099,0.2886388568035,-3.6883278412364,0.0002257326814616,0.0049403928941478
BSU_03810,pbtO,1700.79247083165,-1.32518250209172,0.282721376612391,-4.68723843230479,2.76916282145632e-06,0.0001348109510152
BSU_03820,pbtP,2196.2201860719,-1.12542639264649,0.273641852621448,-4.11277142683062,3.90937411455819e-05,0.0011391402529427
BSU_03830,pbtQ,4837.0196553389,-0.898916824332468,0.277194635233359,-3.2429084479781,0.0011831622350115,0.0185222887928076
BSU_03840,ycnB,278.518765974522,0.936300898398885,0.337954641163745,2.77049279505303,0.0055971538512298,0.0543102785205955
BSU_03850,ycnC,260.56975217164,0.646450489823675,0.287262518717651,2.25038230782578,0.0244246871109691,0.141927005035697
BSU_03860,nfrAB,416.537526532096,-0.567001415071159,0.225384566787333,-2.51570647961076,0.011879407024304,0.0883102287542303
BSU_03870,ycnE,121.458098515222,-0.188845074623043,0.48557647161767,-0.388909030114075,0.697343441952677,0.873228416849004
BSU_03880,yczG,778.050038252468,0.039543306154033,0.219219285518441,0.180382424203762,0.85685235145878,0.94725964747257
BSU_03890,gabR,118.965796373805,-0.770353122819493,0.307597956473792,-2.50441560682192,0.0122653862474683,0.0896765968862514
BSU_03900,gabT,39.6516846454911,0.0974389855673061,0.544074656886458,0.179091204366905,0.857866088253771,0.947593089183468
BSU_03910,gabD,880.673802424708,-0.883964842639603,0.432860457886187,-2.04214736304702,0.0411369159350029,0.193653972184589
BSU_03920,glcU,0.106259635098906,-0.683503597303803,3.52791621474838,-0.193741448406975,0.846378335554089,
BSU_03930,gdh,6.16693291605581,1.66154996089548,1.65165964051129,1.00598811046877,0.314421289411134,
BSU_03940,cutI,809.612015134279,-0.211841648899053,0.238469271916486,-0.888339395665373,0.374358214379194,0.64233788999916
BSU_03950,cutJ,1910.16228843932,-0.210419406531451,0.23005172611483,-0.914661281117364,0.360369476766746,0.631407534569111
BSU_03960,cutR,953.213504830479,-0.267222307754544,0.2978612874231,-0.897136751359588,0.369645950031373,0.638592293594971
BSU_03970,ycnL,155.496956368341,-0.574776039320004,0.349602230528877,-1.64408573266391,0.100158494596713,0.323227736806855
BSU_03981,mtlA,954.836413168654,-0.573411096229501,0.821335252000732,-0.698144996008269,0.485086520827176,0.734622682527347
BSU_03982,mtlF,367.026020994711,-0.651498948066071,0.562191443195421,-1.15885603730117,0.24651487131569,0.531301480332899
BSU_03990,mtlD,1034.64365713525,-1.09073287434604,0.42608232985358,-2.55991107333848,0.0104698950348108,0.0811019327418153
BSU_04000,ycsA,2601.51664856183,-0.350870447159531,0.236976881662891,-1.48061044899163,0.138710409353231,0.387167240959024
BSU_04010,sipU,672.325514309454,-0.275437285807423,0.228021689353273,-1.20794336095234,0.227069049260449,0.505836855272161
BSU_04020,yczH,392.656449839349,0.476185877583054,0.233456217739201,2.03972240360294,0.041377982211789,0.19435480595634
BSU_04030,ycsD,487.515993657032,0.0393464599643044,0.231635901722644,0.169863391951292,0.865117571661693,0.951311193669482
BSU_04039,yczO,10.5851117584118,1.75777338452299,0.90568129544122,1.94082995129833,0.0522789067882258,0.221312190772638
BSU_04040,ribZ,1576.4381618792,-0.198445428713999,0.179555093769038,-1.10520634390501,0.26907018862155,0.551117595165329
BSU_04050,pxpA,439.058570657126,-0.410650635882049,0.209092889203688,-1.96396270311236,0.0495344173200691,0.215828640244843
BSU_04060,pxpG,606.950714270983,-0.207880313141313,0.23940219384242,-0.868330861153866,0.385213232193337,0.652541013021634
BSU_04070,pxpI,371.537127301739,-0.680249242419906,0.271100445675707,-2.50921476991457,0.0120999891307914,0.0893780682438281
BSU_04080,pxpB,442.465410271467,-0.304891045152739,0.242269450752698,-1.25847911986213,0.208218533893405,0.480189709591261
BSU_04090,pxpC,551.180918106428,-0.390560159692679,0.267275680803302,-1.4612633611814,0.14394318060328,0.395878726793763
BSU_04100,pxpR,528.093808682247,-0.323170280003159,0.244004865471119,-1.32444195069303,0.185356309986358,0.452545920334048
BSU_04110,lipC,189.722429291621,-0.240758222358258,0.289472198839588,-0.831714490453278,0.405570119530614,0.668924404958892
BSU_04120,yczI,503.77786873905,0.0281912213792286,0.253262922988156,0.111312074608517,0.911368880757229,0.968667726823233
BSU_04130,yczJ,245.03478460377,0.562868278612457,0.360334385460308,1.56207206784727,0.118271012217681,0.353926447356057
BSU_04140,pbpC,5032.82582171436,-0.0891311584821184,0.17676255354011,-0.50424231092528,0.614091111090028,0.822959593211922
BSU_04150,ycsN,2856.88248057661,-0.492043214747156,0.233875608294141,-2.10386717253696,0.0353900352567707,0.176249018387435
BSU_04160,mtlR,1795.91380310669,0.52821754911108,0.257153590517832,2.0540936179324,0.0399666316436526,0.189710812748467
BSU_04170,ydaB,203.363664170949,-0.551893160124474,0.384079461715261,-1.43692442615852,0.150739468529324,0.409076790189709
BSU_04180,ydaC,3.01747509301257,1.03249128863027,1.96471888017135,0.525516041531717,0.599224504743252,
BSU_04190,ydaD,10.1960993252046,-0.0995509425898447,0.986490719330433,-0.100914221126595,0.919618553913015,0.973868554072766
BSU_04200,lyxE,11.058320742463,1.05961259870699,1.02738064102816,1.03137294629824,0.302365962481687,0.586064074501079
BSU_04210,ydaF,158.631863070921,0.0672041777356785,0.32688019950805,0.205592684527297,0.837109092360147,0.938116936558026
BSU_04220,ydaG,220.461486767362,-0.141332724008815,0.315252901453348,-0.448315379040945,0.653925603092383,0.848106240267964
BSU_misc_RNA_64,bsrC,0.706393341334412,-1.12717149061798,3.47489551196315,-0.324375650069888,0.745653652398907,
BSU_04230,amj,152.067825038579,-0.811709952501808,0.286238810297836,-2.83577880881077,0.004571409438795,0.0471799976457594
BSU_04240,ydzA,25.1431155632557,0.0859715819207068,0.535515596870173,0.160539828201398,0.872455850103463,0.955512689605768
BSU_04250,lrpC,341.702504619216,0.144656744193806,0.327802963330058,0.441291752595154,0.659001796060176,0.850819912636553
BSU_04260,topB,1979.2643419618,0.104811595843879,0.187340184273025,0.55947204413512,0.575839605170008,0.800081942659246
BSU_04270,epsJ,215.192746493026,0.843799253788483,0.239678328597591,3.52054880691855,0.0004306547284023,0.0084688358412925
BSU_04280,epsK,63.575193801718,1.46834290329439,0.49909541877789,2.94200837765622,0.0032609110496573,0.0375145732283343
BSU_04290,ydaL,139.790691964343,0.962507842068697,0.286560458356963,3.35882992226973,0.0007827322504276,0.0134683928608075
BSU_04300,ydaM,102.64987039382,1.00246808640776,0.334459632308248,2.99727676996266,0.0027240327872556,0.0339623387044549
BSU_04310,ydaN,336.468159266677,1.01416715859045,0.217137688189006,4.67061783262459,3.00295165835332e-06,0.0001444311207246
BSU_misc_RNA_7,swaO,207.863040859454,0.0249410008344352,0.373364603277545,0.0668006570936106,0.946740400294606,0.981979368334564
BSU_04320,kimA,993.19410633266,0.347430342635863,0.18068288000072,1.92287361500148,0.0544959241105549,0.225389019707423
BSU_04330,nudT,20.2081887331282,-0.0859940026714562,0.603726335401115,-0.142438713749868,0.88673348496576,0.961821499663118
BSU_04340,poxB,212.076963190229,0.0865821348749745,0.364099418580015,0.237798058597962,0.812037724500296,0.926187027487195
BSU_04345,BSU_04345,36.4898620012045,-0.135085160262953,0.454302246239931,-0.297346450256401,0.766202022181819,0.905333553840219
BSU_04359,ydzK,322.6277279093,-1.11574415917814,0.286262159823412,-3.89763061896276,9.71384310462996e-05,0.0025017846241085
BSU_04360,mntH,408.103864636261,0.0738819124637409,0.243214369487645,0.303772810049754,0.761300982876331,0.903691205364946
BSU_04370,ydaS,46.3613664156623,-0.0450095910211077,0.623068841426084,-0.0722385521928675,0.942412065088213,0.980226410586802
BSU_04380,ydaT,15.155118234433,-0.397415835323556,0.784668952831314,-0.506475799621693,0.612522674366072,0.822959593211922
BSU_04390,ydbA,433.061709881087,-0.176850225089572,0.239559989231217,-0.738229391548691,0.460375065179867,0.715660926868391
BSU_04400,gsiB,358.740442736721,0.259168752843447,0.401625487413004,0.645299566302016,0.518733073713346,0.759920157894928
BSU_04410,ydbB,79.1539268875186,-0.0262452127514563,0.485332950251627,-0.0540767173089096,0.956874041994982,0.98551113922703
BSU_04420,ydbC,176.658937185119,-0.468825107379776,0.295893627581683,-1.58443799959955,0.113094080288635,0.343847348448004
BSU_04430,ydbD,352.523230019568,-0.287359120516397,0.247214270334134,-1.16238888688749,0.245077535356806,0.528837578996957
BSU_04440,dctB,374.238894468045,-0.0481276191604017,0.244467937464113,-0.196866794311081,0.843931779429247,0.940004370391059
BSU_04450,dctS,388.345683007855,-0.0933514755832227,0.216392117642133,-0.431399611965564,0.666177832015392,0.854858836732439
BSU_04460,dctR,178.70752943097,0.0056087207798547,0.245986580825422,0.0228009217455455,0.98180907277018,0.991997423057089
BSU_04470,dctP,5862.70156447201,-0.966109376265533,0.965431334228464,-1.00070232031324,0.31697074530581,0.598590173307989
BSU_04480,ydbI,731.393960796039,-0.244589268076784,0.190535066918671,-1.28369686500379,0.199248041781507,0.469261464773909
BSU_04490,ydbJ,557.18491827151,-0.0988501973291645,0.209669274142614,-0.471457717080321,0.637313907704658,0.839101952360486
BSU_04500,ydbK,510.681564050335,-0.0251848317989241,0.199151088547837,-0.126460929651784,0.899367074321717,0.965553273841496
BSU_04510,ydbL,373.708601611441,0.0256999999986228,0.277497416146976,0.0926134749485768,0.926210638299619,0.975313282433465
BSU_04520,ydbM,779.505767772695,-0.0103897705803485,0.245279932904932,-0.0423588283692798,0.966212649072742,0.987987023654406
BSU_04530,fbpB,214.528899446842,-2.63805963987544,0.489863887701464,-5.38529111066694,7.23274900409219e-08,6.14322000517788e-06
BSU_04536,fbpA,0.318471793460391,-0.275400453764688,3.48076885453069,-0.0791205809044795,0.936936713634035,
BSU_04540,ydbO,297.738855366415,-1.47172721958849,0.264552963092312,-5.56307214398864,2.65066241517372e-08,2.71319086189063e-06
BSU_04550,ydbP,606.307081651194,-0.16618161866927,0.256988693508429,-0.646649533100252,0.517858792287897,0.75940915948564
BSU_04560,ddlA,3500.55761123177,-0.4390647857891,0.175052155228671,-2.50819411629379,0.0121349982435258,0.0893780682438281
BSU_04570,murF,1469.61297242642,-0.643684624124161,0.186073426852465,-3.45930439941072,0.0005415724727922,0.010150034325759
BSU_04580,cshA,9438.96353251164,0.0102597921192984,0.208413663049733,0.0492280207025109,0.960737581040759,0.986585801345217
BSU_04590,ydbS,303.106977396337,-0.370361454575276,0.32970273877087,-1.12331931471356,0.261301903584276,0.544993311968876
BSU_04600,ydbT,1382.44092976638,-0.200032725333118,0.274263359380266,-0.72934542107673,0.465790394706283,0.719595687177819
BSU_04610,ydcA,149.999295178163,-0.43524664498172,0.401231480254721,-1.08477690909348,0.278020474921541,0.561009642170908
BSU_04620,acpS,123.954636610723,0.587358023222901,0.378048260955024,1.55365884170217,0.120265815573203,0.357484092158023
BSU_04630,ydcC,553.722718982342,0.166527046801365,0.232852227379744,0.71516192340212,0.474508994120922,0.725395577921747
BSU_04640,alrA,1179.61744918083,0.0289322522270075,0.235147164004741,0.123038916286586,0.90207628133356,0.965553273841496
BSU_04650,ndoAI,2437.21076867956,-0.354209130204819,0.213367786306638,-1.66008719655447,0.0968969122334382,0.316178302958157
BSU_04660,ndoA,4414.14723869152,-0.137849184587532,0.203512002597158,-0.677351619699786,0.498182886669584,0.745966272912596
BSU_04670,rsbRA,1127.93041180149,-0.583657402914018,0.202066333319456,-2.88844456830564,0.0038715225958377,0.0430428177339211
BSU_04680,rsbS,700.987905562473,-0.656848355647975,0.183681357896025,-3.57602079585992,0.0003488639122795,0.0070336602920207
BSU_04690,rsbT,688.193127617396,-0.767062756675733,0.202723986626652,-3.783778966859,0.0001544650126434,0.0036486646773537
BSU_04700,rsbU,1627.34449595063,-0.387324308262215,0.197554027092823,-1.96059940646123,0.0499257716796402,0.216634435375134
BSU_04710,rsbV,650.961882930216,-0.424513531585468,0.187958617292462,-2.25854785324861,0.0239115246961859,0.140305161583778
BSU_04720,rsbW,1005.11958633971,-0.545040224905283,0.221901950379339,-2.45622097495558,0.0140406790596358,0.100089983582261
BSU_04730,sigB,1139.58107091344,-0.536121606767664,0.200968730168883,-2.66768669094509,0.007637544364241,0.0661368266855756
BSU_04740,rsbX,849.628275845971,-0.208630809102758,0.198345614845891,-1.05185491126112,0.292866121260478,0.577106091260486
BSU_04745,BSU_04745,0.516043332495641,-0.662618688829151,3.46698934994247,-0.191122216409504,0.848429842279316,
BSU_04750,ydcF,19.0668726087946,0.0605963452801381,0.768384163632727,0.0788620434258481,0.937142354134188,0.980108010925774
BSU_04760,ydcG,131.547203457569,0.077899007855178,0.28824012269503,0.27025733658044,0.786962284935941,0.916439160287128
BSU_04770,ydcH,149.278953597406,0.0048771973907337,0.27885645601497,0.0174899927383138,0.986045716264713,0.994013762456751
BSU_04780,tex,1245.04776829707,-0.395457928390697,0.238249065996903,-1.65985090743582,0.0969444496044047,0.316178302958157
BSU_04785,cmpA,0.314918575067181,1.57586551067771,3.49918696351692,0.450351903773059,0.652456719074098,
BSU_04790,ydcK,237.664265701261,-0.320733252334733,0.245933007954394,-1.30414886152334,0.192182831942948,0.459397524021706
BSU_tRNA_45,trnS-Asn,35.0093049672312,0.278970072737518,0.59975478386517,0.465140221041126,0.641831044407123,0.841709744509834
BSU_tRNA_46,trnS-Ser,552.978762286883,0.339656294449381,0.29802759974165,1.13968066965548,0.254419363338345,0.538195398123998
BSU_tRNA_47,trnS-Glu,916.477958108392,0.481402526684153,0.323060005686149,1.49013346812057,0.136189145734321,0.384760842017982
BSU_tRNA_48,trnS-Gln,235.396470548648,0.229181575831289,0.298185735748625,0.768586650383881,0.44213873293574,0.700960215202333
BSU_tRNA_49,trnS-Lys,80.4474878731959,0.139781511000938,0.390103434497772,0.358319098576756,0.72010452711093,0.88126618709542
BSU_tRNA_50,trnS-Leu1,2761.2778640633,0.765251105758813,0.306486397681245,2.49685177400498,0.0125301320341747,0.0914447661433734
BSU_tRNA_51,trnS-Leu2,1224.28145769325,0.485412328951428,0.299726203603746,1.61951915820203,0.105335607805349,0.332708337434048
BSU_04800,ydcL,495.802476055526,-0.171888739862901,0.233592449386693,-0.735848869748155,0.461822676607724,0.71735257782803
BSU_04810,immA,364.379169204095,-0.0286430322621532,0.233458548051343,-0.122690012857675,0.902352572698774,0.965553273841496
BSU_04820,immR,278.157763326597,-0.112211474874852,0.283541864728756,-0.395749230831209,0.692290033279268,0.869986033079476
BSU_04830,xis,7.78176448063465,0.188503613191629,1.26242555464352,0.149318597439877,0.881302241144911,
BSU_04839,ydzL,20.6048384193455,1.66372664618962,0.770998937152584,2.1578844872783,0.0309368138824701,0.162928444615858
BSU_04840,ydcO,19.7024168210025,0.646046018896799,1.05677721414143,0.611336060478626,0.540977122697657,0.777634788463879
BSU_misc_RNA_65,sncO,0.51929497728526,1.00257101199371,3.480952259242,0.288016306265582,0.773334256715567,
BSU_04849,BSU_04849,10.673040983451,-0.0188905431494467,1.18872231276635,-0.0158914684670849,0.987320976321381,0.994796904965914
BSU_04850,helP,16.5145638607522,1.63465784767062,1.14372236434087,1.42924358099151,0.152934235650582,0.412095617732988
BSU_04860,conQ,31.0401740332961,1.9864199758147,0.786839292310139,2.52455615171762,0.0115844496441264,0.0869269228935198
BSU_04870,nicK,15.3454334682911,2.44316872635598,0.98301981122406,2.48537079157513,0.0129416557987373,0.0935379879926335
BSU_04880,ydcS,4.21086240376903,1.68952248354123,2.23846541595812,0.754768186944749,0.450388085252361,
BSU_04890,ydcT,10.3078896051557,3.40957133780962,1.24431908140365,2.74011014438794,0.0061418597884417,0.0576376428421017
BSU_04900,yddA,6.74924406511992,1.07504362320621,1.5187144797056,0.707864208560519,0.479029588088346,
BSU_04910,conB,18.5280460457629,3.18690159506815,0.838711227875126,3.79976026211329,0.0001448361331081,0.0034812844884207
BSU_04920,conC,2.84647480784227,1.23368953131299,1.97702732762652,0.624012381656895,0.532619453670287,
BSU_04930,conD,4.12721282701255,2.67052595295907,1.71828500197183,1.5541810292789,0.120141241320397,
BSU_04940,conE,22.3031833784386,0.791849883611891,0.777819730046801,1.01803779593537,0.308659994605606,0.592389758877682
BSU_04950,yddF,1.2946786865872,1.80434922479519,2.88043847244126,0.626414777492521,0.531042919309945,
BSU_04960,conG,31.3860864250491,1.78170066650716,0.649712776742364,2.74228971675844,0.0061012501522408,0.0575796468268215
BSU_04970,cwlT,7.62831201040574,2.9146953317158,1.27783220748458,2.28096874898262,0.022550296194154,
BSU_04980,yddI,2.07547241348288,1.31274958156508,2.83165421597466,0.463598123725437,0.64293569887653,
BSU_04990,yddJ,186.030396150362,-0.954490286540298,0.355337954883852,-2.68614785845855,0.0072281094678791,0.0637062259016937
BSU_05000,yddK,1046.26114252162,-0.687799543581142,0.262956850777235,-2.61563652571963,0.0089061308333359,0.0736092635334927
BSU_05010,rapI,176.817444320348,-0.416125671504542,0.256266505852583,-1.62380046553535,0.104418400685999,0.330561661806906
BSU_05020,phrI,51.9601516921205,-0.591798731752703,0.46014327944514,-1.28611838570438,0.198401748461024,0.468650757311484
BSU_05030,yddM,291.128980941125,0.242952578257212,0.231323529932299,1.05027179175554,0.293593170441113,0.577156763777224
BSU_05040,yddN,196.006429568944,0.409185512628794,0.271744869039942,1.50577088750349,0.132125999218544,0.377296585613785
BSU_05050,lrpA,410.875563987842,-0.086354542948431,0.235694894851825,-0.366382746655246,0.714079492236976,0.878962105622684
BSU_05060,lrpB,28.1015614837916,-0.588090449416956,0.629454587232865,-0.934285747288381,0.350156514361971,0.62217165133263
BSU_05070,yddQ,137.401574839319,0.300438513231296,0.287084938872964,1.04651436752745,0.295323615020637,0.579043158724156
BSU_05080,yddR,101.954787976849,0.433883599339256,0.324552652752189,1.33686659363264,0.181266186988323,0.446675690405793
BSU_05090,yddS,182.642489860584,0.338572512294401,0.245396839801697,1.3796938565631,0.167680925258083,0.430921814460484
BSU_05099,ydzM,47.169147245839,1.35445214448404,0.675802865097943,2.0042119002969,0.0450473663399759,0.204813239219635
BSU_05100,yddT,640.099729661326,0.623848247123528,0.212965586728915,2.9293382874935,0.003396845125885,0.0388544577149945
BSU_05109,ydzN,62.5776212009719,0.0677634617107395,0.503119569287072,0.134686595090629,0.892859672178203,0.963550303067592
BSU_05110,sufLC,68.3716213956691,-1.32841382087597,0.407723979856084,-3.25812041112928,0.0011215280729918,0.017865570570069
BSU_05120,cspC,4503.26598507444,-0.833152153404647,0.182355656081887,-4.56883088414059,4.90452311740241e-06,0.0002199871492659
BSU_misc_RNA_66,sncZ,2.23959764912147,2.09650399286498,2.23129769861456,0.939589546552538,0.34742814034625,
BSU_05130,cdnL,112.387235862911,-0.041511867628279,0.324078704276008,-0.1280919328563,0.898076220106294,0.965553273841496
BSU_05140,ydzE,41.8138913650931,-0.187769492008858,0.602762066465307,-0.311515110945797,0.75540905710852,0.900920946167532
BSU_05150,ydeC,96.9905660343706,0.819107009246929,0.398870113882992,2.05356826881046,0.0400174959256413,0.189726655267411
BSU_05160,ydeD,126.618242517411,-0.0944170393515703,0.293421518501715,-0.321779533531445,0.747619720223796,0.896977511999968
BSU_05170,ydeE,173.338433390735,0.590524398068482,0.253196336378494,2.33227860448079,0.0196860393336529,0.125045156351986
BSU_05180,ydeF,335.326674924527,0.683489938220235,0.330579052756583,2.0675536835164,0.0386820112063224,0.185599265307258
BSU_05190,ydeG,73.8392567814219,0.771930091304629,0.367936545898015,2.09799787466231,0.0359053331188066,0.177393675507767
BSU_05200,ydeH,84.9079709310926,0.56171961613505,0.479868158502921,1.17057072069021,0.241771372054901,0.524917727516313
BSU_05210,ydeI,196.513669219246,0.295128842559587,0.313400448807316,0.941698851047393,0.346346843459824,0.621365067563902
BSU_05220,ydeJ,181.717694209784,0.0175271828605568,0.338907773039795,0.0517166741362958,0.958754450979372,0.985667722974415
BSU_05230,ydeK,80.7891248606486,0.861384928414924,0.394133305101947,2.18551672052205,0.0288509813412366,0.156449542518469
BSU_05240,ydeL,198.999053082743,-0.153668460448107,0.263521736137781,-0.583133910319118,0.559803157392588,0.789016827787691
BSU_05250,ydeM,301.220225000788,-0.138574873870658,0.311857429819936,-0.444353286534395,0.656787181180466,0.850160320127244
BSU_05260,ydeN,260.895097017844,0.41777746568074,0.30015443068448,1.3918750582093,0.163960235867055,0.425652807771421
BSU_05270,ydzF,81.7918235975706,0.511083024963855,0.457812407033401,1.11635905255527,0.264268473579324,0.547624865011621
BSU_05280,ydeO,981.276374948084,-0.101333814851211,0.183308329501005,-0.552805293284043,0.580396743518072,0.80143334490631
BSU_05290,ydeP,58.0691010437617,-0.429077107452675,0.590023718420716,-0.727220099898972,0.467091135056838,0.720211591790999
BSU_05300,ydeQ,36.1129001803212,0.223194411680572,0.494920639641189,0.450970102686332,0.652011096994986,0.846173049156042
BSU_05310,ydeR,9.99700851125197,1.23172042787664,1.06068504519815,1.16124992376652,0.245540277552135,0.529549858448472
BSU_05320,ydeS,250.484247498029,-0.154707364020115,0.335141199230739,-0.461618459250071,0.644354954714943,0.841709744509834
BSU_05329,ydzO,191.325636270583,-0.116554198273534,0.291479149352249,-0.399871478054439,0.689251180802199,0.867978143142706
BSU_05330,aseR,66.2719036103157,0.481847360852544,0.339520577375206,1.41919928558572,0.155840924197708,0.414744646264834
BSU_05340,arsF,418.2294358648,0.550957995036563,0.227901363512473,2.4175282962114,0.0156263189879109,0.108487418086505
BSU_05350,ydfB,166.981916409195,-0.607343487935615,0.416551731365636,-1.45802655997727,0.144833222266145,0.397370600196872
BSU_05360,ydfC,2.28216635978608,0.133384340566119,1.72739244392921,0.0772171610654474,0.93845078985019,
BSU_05370,ydfD,72.6056296464632,0.953358973868675,0.411456119097999,2.31703681053193,0.0205017266436781,0.127455955174549
BSU_05380,ydfE,48.7765791817843,-0.209444191698592,0.385935761816734,-0.542691847764161,0.587341988110864,0.805129225457094
BSU_05390,ydfF,688.122665927152,-0.215072023869134,0.284563240469896,-0.75579693116366,0.449770956986357,0.706327954480541
BSU_05400,ydfG,847.70760490322,0.0103103934093702,0.188389255130452,0.0547292009951982,0.956354205190016,0.985484250675928
BSU_05408,ydzP,1.38062031902058,-0.246012056005766,2.87970435838673,-0.0854296224156801,0.931919843956688,
BSU_05409,ydzQ,2.88385477881202,1.84348320680497,2.71139934373505,0.679901030095223,0.496567129355652,
BSU_05410,ydfH,191.523403387225,0.560165257756133,0.309298176905352,1.81108489988788,0.0701277105777986,0.262863681339504
BSU_05420,ydfI,146.105941728161,0.574089884902207,0.295622504674168,1.94196949090517,0.0521407938194211,0.221148094943401
BSU_05430,ydfJ,39.5230461066115,-0.369813387837509,0.507739902946312,-0.728352027665261,0.466398121341007,0.719599365668614
BSU_05440,cesA,582.388586358067,0.173905804437065,0.328814831955687,0.528886739697013,0.596884021210344,0.811567102408615
BSU_05450,ydfK,33.0067504714753,0.872595293196058,0.89825613195657,0.971432603855853,0.331332899307677,0.609100435841584
BSU_05460,ydfL,276.469026112738,0.0536739395378047,0.240023723057668,0.223619310849991,0.823053536268506,0.930773290873619
BSU_05470,mneP,644.234301734464,-0.46656444454334,0.246372274064746,-1.89373762252455,0.0582598448941748,0.234448891953171
BSU_05480,ydfN,7.86745131139402,-0.36335577162518,0.910448293366258,-0.399095450310222,0.689822874514288,
BSU_05490,ydfO,10.1274903930826,-0.324556083368834,1.26572994456945,-0.25641811253761,0.797628003487233,0.921622952252512
BSU_05500,ydfP,29.2620792200906,-0.719391126531243,0.519316385736615,-1.38526560357004,0.165971267216938,0.42883967555341
BSU_05510,ydfQ,10.824767906209,0.443957829034719,1.03368251390373,0.429491476409039,0.667565595513842,0.855512634764448
BSU_05520,ydzH,4.99664361272049,0.901634179353619,1.32647311275806,0.679722921393336,0.49667991967727,
BSU_05529,ydzR,2.99615049954832,2.21680810597558,2.21708452773039,0.999875321959378,0.317370848495897,
BSU_05530,ydfR,2.03326760890745,2.76581717925214,2.1462812051131,1.28865554646945,0.197517863297029,
BSU_05540,ydfS,42.0230982946058,2.0092629319828,0.681121790523183,2.94993195040706,0.0031784392742289,0.0369922145268857
BSU_05550,cotP,0.312620981157552,-0.668044630023762,3.48845395477321,-0.19150163329795,0.848132601033264,
BSU_05560,ydgA,0.100408822796067,-0.68006285846481,3.5274330201876,-0.192792564613642,0.84712142682835,
BSU_05570,ydgB,0.10595252326258,0.668767475312844,3.52796954449401,0.189561578374895,0.84965269725,
BSU_05580,ydgC,501.959943960935,-0.381135560983908,0.29684558040735,-1.28395228408282,0.19915865153977,0.469261464773909
BSU_05590,ydgD,335.430347111777,-0.339586008403961,0.316048898270368,-1.07447300168551,0.282610738931905,0.566310171771419
BSU_05600,ydgE,271.634582975886,-0.261255402785897,0.295927172665728,-0.882836815668174,0.37732444590728,0.645538226119918
BSU_05610,vmlR,259.478773941112,0.243230696087505,0.267407515763082,0.909588107100936,0.363039772956705,0.633866161726748
BSU_05620,ydgF,1471.40638524278,-0.353415096170795,0.203988150392789,-1.73252757814744,0.0831796712318713,0.289497164392005
BSU_05630,dinB,48.6928369909106,-0.333482566490032,0.418453029408946,-0.796941455916969,0.42548503291756,0.68822376475158
BSU_05640,ydgG,45.9459261455635,0.587303230284463,0.511438721241448,1.14833548163671,0.250830096935188,0.536074619381717
BSU_05650,ydgH,667.162586901105,0.366762513884987,0.203968800675665,1.79813046245334,0.0721563358812944,0.266977849701263
BSU_05660,ydgI,117.633633256888,-0.225316152639839,0.389074498711535,-0.579107994448364,0.562516306113209,0.790005961252683
BSU_05670,ydgJ,90.3908678226718,-0.351709435265943,0.414769183148344,-0.84796424024625,0.396457886163394,0.663310931083097
BSU_05680,ydgK,414.215575782182,0.347834506886693,0.245075415926287,1.41929579338677,0.155812798020848,0.414744646264834
BSU_05690,ydhB,5.60559899555532,-0.450730723905804,1.30744430833765,-0.344741815029113,0.730288479165969,
BSU_05700,ydhC,616.564091084978,-0.0540036598419176,0.218640627002147,-0.24699736998736,0.804910259475364,0.92306993008599
BSU_05710,spoL,36.0827312246531,0.872301186795431,0.853400720541955,1.02214723493727,0.306711219880092,0.590637332253415
BSU_05720,ydhE,400.370505293371,-0.0725865184507653,0.266380128021708,-0.272492242532634,0.785243555248775,0.916439160287128
BSU_05730,ydhF,20.0247716509529,0.145866209960052,0.814066116534182,0.179182264188891,0.857794589477302,0.947593089183468
BSU_05740,phoB,63.6675851963605,0.961999623460284,0.450471425302835,2.13553972444216,0.0327169489595377,0.168523948705128
BSU_05750,fra,522.901531343739,0.332959258196364,0.214624578029441,1.55135661187271,0.120816246932946,0.357739548204877
BSU_05760,ydhH,332.123163505411,0.427939381329984,0.385451054190108,1.11023014901114,0.26689986418743,0.548642769225654
BSU_05770,ydhI,173.05244878732,0.163235762930339,0.309226843451994,0.527883546939483,0.59758016493348,0.811844790476169
BSU_05780,ydhJ,309.544035664318,0.781088802920054,0.32424531821276,2.40894396633208,0.0159987541118324,0.109744206819248
BSU_05790,ydhK,181.251201045703,0.720825582365689,0.358800226982201,2.00898864649115,0.0445383378042761,0.204364418982379
BSU_05800,pbuE,505.610069041071,0.109495971826747,0.285439033133443,0.383605460769472,0.701270892012365,0.875108909319588
BSU_misc_RNA_8,aswA,0.85766963433113,1.95341298778731,3.27138720030459,0.597120691676433,0.550426804088089,
BSU_05810,gmuB,86.3270077205181,-1.6843545442842,0.404829720650445,-4.1606494245974,3.1734390546166e-05,0.0009597249019719
BSU_05820,gmuA,88.6146910497187,-1.89394581823305,0.439042957273754,-4.31380525949795,1.60468309786712e-05,0.0005522323212659
BSU_05830,gmuC,287.659118273955,-1.21950782396662,0.36115832616618,-3.37665709361353,0.0007337245973671,0.012903209659426
BSU_05840,gmuD,348.26059586897,-1.09285575691154,0.349663042047654,-3.12545400998542,0.0017753082734975,0.0250425110523045
BSU_05850,gmuR,271.375838484893,-0.749690903322058,0.25135909274296,-2.98254936847935,0.0028585854142889,0.0342550324938722
BSU_05860,gmuE,276.453305624215,-0.634248835665394,0.360950064686547,-1.75716504225088,0.0788896819001047,0.278450583682775
BSU_05870,gmuF,267.058664227111,-1.40873473258917,0.240476737533572,-5.85809150206267,4.6821666680786505e-09,6.33063933427224e-07
BSU_05880,gmuG,285.117091414521,-0.848902308661564,0.331932211937222,-2.55745684851495,0.0105440639010526,0.0811019327418153
BSU_tRNA_79,trnE-Arg,443.162438058623,0.237692082070734,0.390178046897284,0.609188763849923,0.542399327136976,0.777682684671783
BSU_tRNA_80,trnE-Gly,606.542197941281,0.867187405339851,0.333728933236241,2.59847834267934,0.0093637951599898,0.0756178117202271
BSU_rRNA_30,rrnE-16S,1157.24285031158,0.084755393155235,0.399418749040461,0.212196831918497,0.831953478228097,0.935274087605341
BSU_rRNA_12,rrnE-23S,1840.47329976404,0.0450512002206605,0.366492548969871,0.122925282784846,0.902166264689652,0.965553273841496
BSU_rRNA_13,rrnE-5S,1.29027151169284,-1.70257550748741,3.43590240228084,-0.495524991151436,0.620229585631342,
BSU_tRNA_21,trnE-Met,10.4154973433227,0.0904257460002852,1.07891487914693,0.0838117517405842,0.933206104358818,0.978288952989858
BSU_tRNA_22,trnE-Asp,44.0438796349395,0.636745769212998,0.54738864292758,1.16324256529604,0.244731101121433,0.528661556102143
BSU_05900,thiL,1217.87816891529,-0.0616251960363632,0.185914537186817,-0.33147056152171,0.740289073814253,0.893010575806048
BSU_05910,tsaE,486.240855716568,-0.326029884867229,0.207278334026867,-1.57290865153793,0.115739971544909,0.348832183897435
BSU_05920,tsaB,769.404695042067,-0.152731515755171,0.198694475082065,-0.76867520192542,0.442086149736131,0.700960215202333
BSU_05930,rimI,437.207217033772,-0.230651678272418,0.196334350402345,-1.17479023818169,0.240078646549037,0.522612715727843
BSU_05940,tsaD,1301.97006725786,0.055256831936251,0.181104114104588,0.305110859625972,0.760281720527988,0.903230597941239
BSU_05950,ydiF,985.023215868397,-0.414458514029121,0.229441589965877,-1.80637919258998,0.0708591294478843,0.264557186302223
BSU_05960,moaC,521.392575949983,-0.26749259034927,0.262682569266273,-1.01831115439609,0.30853010914454,0.592389758877682
BSU_05970,rex,881.211173969444,-0.459290796932901,0.217411349514221,-2.11254287303368,0.0346399127082,0.17372177328032
BSU_05980,tatAY,1307.02436965862,-0.402519519940651,0.228538614525487,-1.76127575104277,0.0781917422286964,0.277705903004409
BSU_05990,tatCY,2921.71962066059,-0.166595487680768,0.210369648709731,-0.791917886931671,0.428408556638239,0.689877756393646
BSU_06000,ydiK,169.076248677232,-0.327418507831762,0.262419285592157,-1.24769224599073,0.212143781996347,0.48615268526373
BSU_06010,ydiL,679.472045626693,-0.552164001447764,0.206753429284257,-2.67064011155344,0.0075706768309125,0.0657003084978321
BSU_06020,groES,5642.92920384481,-0.759858007829474,0.273205460834226,-2.78126947210084,0.0054146771306126,0.0531090690550508
BSU_06030,groEL,33135.0462275425,-0.771770689886832,0.283333435829333,-2.72389556717094,0.0064516903577757,0.0589362652362493
BSU_06040,ydiM,59.6064842571645,-0.585908419041409,0.410708738999764,-1.42657889498121,0.153701311135887,0.412637380254197
BSU_06048,ydzU,35.6809586109944,-0.194223653132725,0.533804028445789,-0.363848234151063,0.715971342011692,0.879926156692804
BSU_06060,bsuMA,883.927844107959,-0.100088390905456,0.257172587589847,-0.389187634045519,0.697137350397031,0.873228416849004
BSU_06070,bsuMB,1381.87740470614,-0.101018996565998,0.205732062293792,-0.491022135488729,0.62341079169815,0.82982856967623
BSU_06090,bsuRA,1620.18336050443,-0.664106793354553,0.184659592223735,-3.59638394819976,0.0003226714381779,0.0065719611286037
BSU_06100,bsuRB,1354.19515345929,-0.427810050855582,0.227582923048878,-1.87979855924296,0.0601355369044481,0.23967072542723
BSU_06110,bsuRC,1917.62091736285,-0.38319131703993,0.175297370629985,-2.18595016949093,0.0288192511890762,0.156449542518469
BSU_06120,ydjB,77.5458578781573,0.648309808074584,0.329291576878418,1.96880167485715,0.0489758699031707,0.214467873292439
BSU_06130,ydjC,25.3699833132188,0.629971135641778,0.568392425617123,1.10833837195807,0.267715709527259,0.549753658658857
BSU_06140,gutR,1297.46809612318,-0.195347332061049,0.205361722821304,-0.951235358650702,0.341484912862239,0.617924914885751
BSU_06150,gutB,205.440317990015,0.441139290302081,0.256225047559039,1.72168683157502,0.085126264054949,0.293204526408418
BSU_06160,gutP,121.160951496828,0.207946920629795,0.295803713508462,0.70298955399641,0.482062259396084,0.732822749241877
BSU_06170,ydjE,8251.49221923614,0.419306731781527,0.207163234045613,2.02404028742477,0.0429660066785643,0.19944220774515
BSU_06180,pspA,861.529395048966,0.119472839932462,0.423007234688527,0.282436871370375,0.777608546047016,0.912180819747512
BSU_06190,ydjG,927.48872068655,0.184891692453169,0.389738645366016,0.474399176605983,0.635215280109382,0.838078609314259
BSU_06200,ydjH,711.798104585283,0.0973546724041066,0.390356602128131,0.249399323268397,0.803051908567869,0.922622029051687
BSU_06210,ydjI,902.14753105101,0.190743280234551,0.373036614615427,0.511325893387686,0.609122876688616,0.821106340331911
BSU_06220,ydjJ,132.359373584218,1.65862257314848,0.309602802573075,5.35725955761334,8.44936978074893e-08,6.88364982954076e-06
BSU_06230,iolT,12965.8951769508,0.749735003038111,0.259254319149445,2.89189011584387,0.0038293185217011,0.0428197185956053
BSU_06240,bdhA,6879.57380589446,-1.09178574412069,0.190699761938675,-5.72515525463413,1.03339192285102e-08,1.21332369294743e-06
BSU_06250,walM,3209.867101035,0.241239120415843,0.261017232976093,0.92422679401378,0.355368248115927,0.626345894374175
BSU_06260,ydjN,802.260779290301,0.52989007860287,0.236435829629053,2.24115811649283,0.0250158347888292,0.143852600183796
BSU_06269,ydzJ,6.49630276649437,-0.908781094314095,1.19818524690638,-0.758464600244824,0.448172897438819,
BSU_06270,ydjO,1238.27978447408,-0.0247605028610836,0.198682778271603,-0.124623296877978,0.900821783939233,0.965553273841496
BSU_06280,ydjP,173.144932305032,0.0154687728019859,0.439137709642069,0.0352253347010307,0.971900060593901,0.987987023654406
BSU_06290,yeaA,222.22110128388,-0.466652459485733,0.451922841309958,-1.03259321465823,0.301794304891867,0.585974156190824
BSU_06300,cotA,11.3465755116774,-1.19174493633572,0.98532882643781,-1.20948956770518,0.226474816614836,0.505359121255687
BSU_06310,gabP,627.319738383568,0.0447587354459919,0.318822125885675,0.140387795613789,0.888353600048489,0.962084762952955
BSU_06319,ydzX,0.106259635098906,-0.683503597303803,3.52791621474838,-0.193741448406975,0.846378335554089,
BSU_06320,mneS,600.801344504804,-0.359038873943461,0.284465755014437,-1.26215148085308,0.206894283674378,0.478517949263103
BSU_06330,yeaC,527.967376132813,-0.0432139249745865,0.192138842160031,-0.22490988541814,0.822049378852996,0.930709469160451
BSU_06340,yeaD,505.297967643074,0.215161696203397,0.252082539241658,0.85353669020738,0.393361750048402,0.660622678247042
BSU_06350,yebA,1382.7805743058,0.146087556256178,0.193444692600901,0.755190304225992,0.450134805401681,0.706353023524238
BSU_06360,guaA,8989.71744731789,0.591534153268041,0.208004872977627,2.84384757337713,0.0044572365359552,0.047072191141623
BSU_misc_RNA_9,gswC,50.9008961666542,0.0023523122507296,0.629584526227279,0.003736292988053,0.997018876446222,0.997413603382005
BSU_06370,pbuG,336.507649963688,0.496209859333975,0.24396754345069,2.0339175134346,0.04195991285459,0.196600906238877
BSU_06380,yebC,431.424318813871,0.335791221316023,0.20372060134465,1.64829290263059,0.0992925804573781,0.321472815235891
BSU_06390,yebD,52.6940828254323,0.370471283918983,0.4197270297924,0.882648144205106,0.377426407756485,0.645538226119918
BSU_06400,yebE,199.608502538546,0.670799182364909,0.287532020356086,2.33295471417123,0.0196505222496903,0.125045156351986
BSU_06410,yebG,130.198598068894,-0.0403711413445011,0.448564593062561,-0.0900007311519359,0.928286633812724,0.975960032178139
BSU_misc_RNA_10,gswD,168.116802785938,0.777560483396225,0.324264178918395,2.39792284793784,0.0164883377515761,0.111010555289002
BSU_06420,purE,594.315226420802,0.24527846972561,0.232492403888888,1.05499562834247,0.291427324132635,0.57592790682444
BSU_06430,purK,1339.5619494421,0.10281093035305,0.22332665265664,0.460361220347127,0.64525696509503,0.841978927246465
BSU_06440,purB,1647.52762737867,0.297510251531117,0.217616768256798,1.36712926082994,0.171584793110255,0.435452316653617
BSU_06450,purC,828.670558565474,0.439370755960665,0.203362264040456,2.16053237818624,0.0307314798853617,0.162490155897171
BSU_06460,purS,237.855342113461,0.365959891897732,0.288352095587011,1.26914247372724,0.20439025394563,0.475742911635513
BSU_06470,purQ,744.662470149211,0.446979781966513,0.210645794595301,2.12194970626052,0.0338419616971979,0.171009001386347
BSU_06480,purL,2556.03015557782,0.491306985375505,0.227527956624491,2.15932579303365,0.0308249004503637,0.162553504092275
BSU_06490,purF,2132.88076999348,0.578884570002789,0.261858800116265,2.21067449230564,0.0270583861353286,0.151496602317296
BSU_06500,purM,854.992543822175,0.744356185952321,0.307726124656756,2.41889175572139,0.0155678720286169,0.108269939265224
BSU_06510,purN,556.758979379028,0.771435569055634,0.287386924130646,2.68430991211326,0.0072679699953941,0.063766453234315
BSU_06520,purH,1779.47752365661,0.773484619029477,0.345685405734403,2.23753912140497,0.0252511253982255,0.144416178495295
BSU_06530,purD,1359.61219936109,0.706627746912662,0.311395031614017,2.26923256691053,0.0232541867937129,0.138553304000749
BSU_06540,yezC,194.967904344323,0.106456558361616,0.267178490196708,0.398447338643311,0.690300469148491,0.868477615140491
BSU_06550,yecA,55.5908763171921,0.162648273210934,0.390863667441179,0.416125331565669,0.677318294508591,0.862198543264762
BSU_06559,yezF,4.30305206919704,2.50678745993027,1.6027956483886,1.5640093997326,0.117815360976967,
BSU_06560,yerA,4427.14197483967,-0.367458633991793,0.210364165539102,-1.74677390063134,0.0806765655392878,0.283254924918942
BSU_06570,yerB,4393.9117382407,-0.451471278777825,0.176911294144355,-2.5519641409069,0.0107117542874074,0.0819182435159586
BSU_06580,yerC,2444.33656636074,-0.498284912143318,0.164159537958348,-3.03536985021088,0.0024024088513683,0.0311592531828191
BSU_06590,yerD,37.7777438754168,0.54597270261341,0.593767244932825,0.919506266593028,0.357830829377457,0.62837951560947
BSU_06600,pcrB,510.916713274558,0.0526173540853937,0.230046637174927,0.228724726131874,0.819082875496105,0.929067969638044
BSU_06610,pcrA,2107.99036456175,-0.0234919334311064,0.196054267287898,-0.119823627182822,0.904622865002205,0.965576063392728
BSU_06620,ligA,3130.57540624462,0.0530042155546659,0.187727296224494,0.282346875604498,0.777677545507491,0.912180819747512
BSU_06630,yerH,2510.77867990271,0.175986645095241,0.206401646608299,0.852641672133661,0.393858045776434,0.661010615006433
BSU_06640,yerI,889.43035185906,-0.715966898954177,0.216274430526059,-3.31045559668187,0.0009314422905166,0.0153649488584396
BSU_06650,sapB,570.283402751846,0.212696963317821,0.212435318438333,1.0012316449139,0.316714830895783,0.598590173307989
BSU_06660,opuE,60.646234047574,-0.488047660510647,0.487418170549712,-1.00129147823977,0.316685911598899,0.598590173307989
BSU_06670,gatC,2609.2130572368,-0.175080014798795,0.190013844293137,-0.921406624081018,0.356838171679551,0.627532150372144
BSU_06680,gatA,6057.68631279731,-0.194882778078613,0.192095970541307,-1.01450737113045,0.310340713957492,0.593617695313038
BSU_06690,gatB,7430.00412270361,-0.060474296439891,0.195676396646391,-0.309052586189917,0.757281525456845,0.901940030381465
BSU_06700,yerO,227.357837968625,0.803987616160551,0.333083655659265,2.41377084255076,0.0157883887479182,0.109232665306221
BSU_06710,srfP,5526.65660480268,-0.0905806375573844,0.164628359414515,-0.550212842304484,0.582173396201434,0.802368803407326
BSU_06720,dagK,1578.78378897557,0.0767091625172571,0.186319688122668,0.411707229065098,0.680554025724749,0.863333562284574
BSU_06730,rlmCD,1060.86044866353,0.426386330334868,0.18666585597949,2.28422240423936,0.0223584635093118,0.13482175129553
BSU_06740,yefB,15.2305978509543,-0.283066519489022,0.830578271186028,-0.340806555274815,0.733249215200837,0.888393691375862
BSU_06750,yefC,94.5263503421905,0.883892473941194,0.340440181728285,2.59632241251314,0.0094227600947164,0.0756854291712435
BSU_06760,yeeA,1012.19159509726,0.623536419844045,0.197011193303944,3.16497966124223,0.0015509379202839,0.0225139788282668
BSU_06770,yeeB,1092.05920958309,0.407679251055181,0.202666142256861,2.01158045697877,0.0442641812115155,0.203433355841071
BSU_06780,yeeC,804.015395619015,0.254612776569221,0.246896547921814,1.03125288187444,0.302422247812527,0.586064074501079
BSU_06790,yeeD,17.7371583982861,0.0389688169209883,0.610650339334583,0.063815271049308,0.949117318505053,0.981979368334564
BSU_06800,yezA,11.6473662757098,0.4824979511125,0.900500164212134,0.535811063993139,0.592089134833649,0.807798983682819
BSU_06811,yezG,228.734648106459,-0.320978739989142,0.332202940265101,-0.96621282079261,0.333937698784506,0.609825843342978
BSU_06812,yeeF,474.748271013197,-0.58177191721687,0.224725193269755,-2.58881484871402,0.0096306861118455,0.0762811487271578
BSU_06820,yeeG,11.6454883009534,-1.10651572432818,1.22556819225733,-0.90285936867383,0.366600537387431,0.636291019674184
BSU_06830,rapH,351.31919404486,0.460706624895395,0.230880321864942,1.99543478272217,0.045995480497567,0.207374108716486
BSU_06839,phrH,41.6680992651027,0.294519090099327,0.473587014717023,0.621890129895787,0.534014115647189,0.773217451806482
BSU_06840,yeeI,2743.73035841022,-0.439680263956982,0.197110912010188,-2.23062365991314,0.0257060682223757,0.146180376558011
BSU_06850,cotK,63.2928868505214,-0.179056127914262,0.38185410101479,-0.468912412982902,0.639132243292416,0.839734655932525
BSU_06860,yezE,473.682357202977,-0.204812535706857,0.206066936979759,-0.993912651436044,0.32026539451412,0.601678315785785
BSU_06870,yesE,40.1682994403017,-0.832071124550619,0.444181412763185,-1.87326867050657,0.0610312938466774,0.241703298646762
BSU_06880,yesF,68.2723960735596,0.162934482846265,0.367234018590964,0.443680254545661,0.657273773207912,0.850478809578779
BSU_06890,cotJA,1.28082571989717,-1.24942072608663,3.40112899855841,-0.367354700929075,0.713354456429679,
BSU_06900,cotJB,0.212212158361485,-0.007483743247227,3.49432842909936,-0.0021416828438063,0.998291185631124,
BSU_06910,cotJC,4.76337093166069,-2.50169205472507,1.90203235359834,-1.31527313402018,0.188418123877027,
BSU_06920,yesJ,1014.08168206533,0.0922901541736827,0.217282848563418,0.424746613843965,0.671021399072109,0.858288184907357
BSU_06930,yesK,38.6216995888911,-0.414571970677252,0.504905975416786,-0.821087471454531,0.411596445812385,0.675058755827051
BSU_06940,yesL,341.738294814473,-0.46933922055808,0.365273633509667,-1.28489761510711,0.198828064460357,0.469102620168879
BSU_06950,yesM,509.614823357272,-0.627634081438791,0.338459096284759,-1.85438680280212,0.0636838415106348,0.246475892930292
BSU_06960,yesN,204.902143537658,-0.323675523124277,0.363518103139196,-0.89039726035415,0.373252612929348,0.641146484859707
BSU_06970,yesO,69.1473714980874,0.002884170804549,0.49046035948817,0.0058805380470684,0.995308036524964,0.996806242299965
BSU_06980,rhgP,46.6879768765872,-1.02698505906051,0.643216477148814,-1.59663984917306,0.110346010838108,0.340155424915621
BSU_06990,rhgQ,28.3400232777299,-1.24357022886361,0.863741830400192,-1.43974760176595,0.149938820537123,0.408291795077895
BSU_07000,rhgH,61.0974521711743,-0.0263529664303002,0.36122992270836,-0.0729534425961059,0.941843166161295,0.980226410586802
BSU_07010,rhgR,120.049393916912,0.0734061523998465,0.292448229605362,0.251005630975789,0.801809755644554,0.922622029051687
BSU_07020,rhgT,27.0770107539208,-0.77065697415357,0.558659975179334,-1.37947411375978,0.167748622162222,0.430921814460484
BSU_07030,yesU,30.2188576660105,-0.17062760328561,0.663553866806215,-0.257142052546339,0.79706911545686,0.921622952252512
BSU_07040,yesV,18.4737339178389,-0.900659582504372,0.635199751703622,-1.41791551411785,0.156215432380421,0.414969408263295
BSU_07050,rhgW,128.036539495717,0.125538802794645,0.305038185212462,0.41155110697766,0.680668474537575,0.863333562284574
BSU_07060,rhgX,109.541682307174,-0.0014801186358682,0.322717794642583,-0.004586417794245,0.996340580882037,0.997413603382005
BSU_07070,yesY,38.8114051834902,0.511729134384334,0.424496467923639,1.20549680162801,0.228011571997215,0.50737023155679
BSU_07080,rhgZ,116.0198234121,0.260790170423063,0.340545539788324,0.765801162996187,0.443794622112942,0.701944391301201
BSU_07090,yetA,92.2836314190536,0.523215033097528,0.327807386294863,1.59610507564004,0.110465335675595,0.340208406025589
BSU_07100,lplA,238.856774810502,0.214674952641469,0.236236683033143,0.908728271516374,0.363493577019731,0.633930257519776
BSU_07110,lplB,106.467433096745,0.444929005210368,0.2995721172212,1.48521501045386,0.137486876984997,0.386330269895944
BSU_07120,lplC,77.7239259794313,1.00336563311955,0.382516641749641,2.62306400194806,0.0087142900788549,0.0724738458224767
BSU_07130,lplD,216.468589698547,0.421841670883915,0.243438075036419,1.73285001050393,0.0831223313274282,0.289497164392005
BSU_07140,yetF,148.784378120452,0.348394547984696,0.269283535985438,1.29378332288215,0.195740274777379,0.465393196492733
BSU_07150,hmoA,1436.0939285515,-1.13252482147593,0.280352199850604,-4.03965020456211,5.35309771509161e-05,0.0014918218597721
BSU_07160,yetH,619.147030256776,0.33252441075062,0.211431847501339,1.57272622209156,0.115782225366759,0.348832183897435
BSU_07190,yezD,85.7666321495484,-0.349323062875937,0.668206676244778,-0.522776971997766,0.601129466469054,0.814565115459764
BSU_07200,calJ,1619.73388868807,0.222389235677137,0.23325490527916,0.953417187136884,0.340378736616893,0.617632689352107
BSU_07210,yetK,320.822266548654,-0.362983595749554,0.325611738865924,-1.11477429227151,0.264947155528367,0.547756352628207
BSU_07220,flvL,120.439767787335,0.669913544788672,0.318888767902202,2.10077497929975,0.0356607238236362,0.176403481417541
BSU_07230,flvM,32.9903139051577,0.331513776578714,0.910316017116824,0.364174385977182,0.715727792678148,0.879926156692804
BSU_07240,yetN,346.422033952161,0.0941980495987913,0.218162542943546,0.431779206126907,0.665901893900545,0.854858836732439
BSU_07250,cypD,20.9076363723234,0.167654721743648,0.696580592517704,0.240682447292539,0.80980124415036,0.925238252462078
BSU_07260,ltaSA,5854.32098410577,0.0730614490217719,0.170822231173764,0.427704570533634,0.668866221880364,0.856354701009112
BSU_07270,spmH,3.14596448911759,-0.183145406459792,1.55831821193088,-0.117527604476149,0.906441970413464,
BSU_07280,spmG,7.73821537972348,0.451787733476671,1.02813480529759,0.439424607696171,0.660353899304699,
BSU_07290,yfnF,14.7489256354994,0.846520710664777,1.04959687350427,0.806519847795008,0.419943168519017,0.683092098707582
BSU_07300,yfnE,41.4975875594391,1.39242628042302,0.717151608157966,1.94160657883697,0.0521847458508727,0.221148094943401
BSU_07310,yfnD,99.9656848629398,1.41047800499736,0.334099119076645,4.22173518115079,2.42428831621971e-05,0.0007689215892433
BSU_07320,yfnC,794.949865821009,0.392032338469624,0.230315056913311,1.70215679219436,0.088725980028815,0.300164501927991
BSU_07330,pynN,573.460592317112,-0.0636571771753979,0.240356328784672,-0.264845021960817,0.791128852370874,0.919140019559323
BSU_07340,mtrA,420.569282924148,0.059596187015668,0.219862159348663,0.271061592373242,0.786343660897852,0.916439160287128
BSU_07350,vdhT,5707.11384620474,0.171917734362967,0.175202521609841,0.981251484187032,0.32646874113739,0.606451007268711
BSU_07360,yfmS,2808.49537782924,0.127558641091404,0.208333193873345,0.612281887105096,0.540351271402026,0.777634788463879
BSU_07370,ettA,1723.11346901914,-0.0961157786162256,0.206804860420307,-0.464765568956557,0.642099347119353,0.841709744509834
BSU_07380,yfmQ,1417.32572112496,0.222934799308559,0.29166076888824,0.764363339500019,0.444650749322346,0.702427505570962
BSU_07390,copP,191.922154526055,-0.472704998222724,0.338231460573921,-1.39757844353279,0.162239695361857,0.422684672393914
BSU_07400,copO,58.0330836834012,-0.378193076700379,0.572967513708653,-0.660060243647051,0.50921517009977,0.752326779806915
BSU_07410,yfmN,1.18057775711216,-0.0730931832530734,3.40664595575459,-0.0214560550765783,0.982881858353247,
BSU_07420,ettM,1393.74841981521,0.0300575640916684,0.213523584953558,0.140769292994992,0.888052202104668,0.962084762952955
BSU_07430,yfmL,968.598686326437,0.286983737492686,0.219522534228497,1.30730878495585,0.191107861831588,0.459286433976877
BSU_07440,yfmK,173.678560278837,-0.736529741381203,0.27273455777756,-2.70053691539123,0.0069227653932592,0.0616410646461119
BSU_07450,yfmJ,1128.60758376843,0.0107489261441255,0.271761621943874,0.0395527744765427,0.968449678458676,0.987987023654406
BSU_07460,yfmI,201.548531895809,0.097096552131406,0.279931537426039,0.346858210490342,0.728697842991239,0.886878594274703
BSU_07480,yfmG,273.512590052127,-0.345222777673891,0.226915735859363,-1.52136993217541,0.128167029909854,0.371024498477256
BSU_07490,fecF,597.572307448643,-0.632831704448282,0.23415561683169,-2.70261167769962,0.0068797068865038,0.0616410646461119
BSU_07500,fecE,506.074476476495,-0.522512616122905,0.215971214749215,-2.41936230589639,0.0155477458076278,0.108269939265224
BSU_07510,fecD,359.665355772952,-0.0348747094269417,0.363440568474341,-0.0959571177574907,0.923554630412621,0.974244902496177
BSU_07520,fecC,5551.05052440546,-0.499662232558338,0.327027300900726,-1.5278914976888,0.126539479542033,0.368045783959182
BSU_07530,yfmB,42.3969733495624,-0.0808280223753711,0.514857664600701,-0.156991005345249,0.87525193689644,0.956822025266579
BSU_07550,yflT,62.336777790867,0.405480037078277,0.571466227582961,0.70954330721042,0.477987386682737,0.728478340119928
BSU_07560,pelA,5750.48374383458,-0.240416901264207,0.213361955581388,-1.12680304513097,0.259825762759837,0.544189110670132
BSU_07570,maeS,121.901630555787,-0.0366924464997631,0.325152005408121,-0.112847055806123,0.910151811442494,0.968628640703396
BSU_07580,citS,895.263624378123,-0.119417232815929,0.206288912541929,-0.578883427831619,0.562667832991882,0.790005961252683
BSU_07590,citT,375.568132508769,0.080793520748543,0.243896672641565,0.331261266804073,0.740447145771047,0.893010575806048
BSU_07600,yflP,736.942654921082,0.193840020954257,0.256234480830936,0.75649467755338,0.449352662332312,0.705948771361901
BSU_07610,citM,214.60642660013,0.456006237950893,0.321620182043863,1.41784086761291,0.156237229614161,0.414969408263295
BSU_07620,yflN,163.378391526522,-0.125690113691336,0.355176546455112,-0.353880668489527,0.723428315113182,0.881516175772965
BSU_07630,nosA,753.015973531773,0.373933722881803,0.248824489159931,1.50280112759101,0.132890335083334,0.378927298323335
BSU_07640,acyP,40.7028773083658,-0.821191890546216,0.471277208994417,-1.74248165384111,0.0814241989594117,0.284778525663231
BSU_07650,yflK,490.835449431845,0.310589963148819,0.268897069179476,1.15505150017651,0.248069337465568,0.532701880130473
BSU_07660,yflJ,222.40004744612,0.222665560137125,0.254166840607757,0.876060620672205,0.380997079204003,0.648531046845744
BSU_07670,yflI,109.862000372793,0.271522685344112,0.298043883983625,0.911015793093844,0.362287052410435,0.633162272507609
BSU_07680,yflH,929.886609843841,-0.107152216311294,0.248569112627738,-0.431076150928563,0.666413000979797,0.854858836732439
BSU_07690,mapB,986.159896192742,-0.188155359480296,0.18516313886915,-1.01615991513981,0.309553241298947,0.592777339109334
BSU_07700,nagP,2431.90787775445,-0.44573906962349,0.273236523065778,-1.63133048474703,0.102820604256648,0.327034235142968
BSU_07710,ltaSB,8064.55363027732,0.0728304741210629,0.176864397851445,0.411787080983004,0.680495491320949,0.863333562284574
BSU_07720,yflD,0.635715139575478,1.07093987432123,3.47276337679682,0.308382621596589,0.757791203998326,
BSU_07735,yflB,38.746041285922,-0.369356664419895,0.472722372529734,-0.781339504714603,0.434602841203341,0.69480758593662
BSU_07750,yflA,42.240272033486,0.437008921814173,0.743147650328149,0.588051273015806,0.556497878042684,0.787779974874608
BSU_07760,yfkT,12.1558918531806,1.91723016229479,0.889482630313962,2.15544418401747,0.031127091970397,0.163499146244507
BSU_07770,yfkS,4.65384957692193,0.79383785307217,1.96484695318124,0.404020196986277,0.686197867244156,
BSU_07780,yfkR,12.3288022446919,0.567717870758024,0.718751235387407,0.789866984300938,0.429605454582429,0.690968966435558
BSU_07790,yfkQ,5.2985745877716,1.46545214123088,1.54973146922204,0.945616818355331,0.344344062893377,
BSU_07800,treP,214.850937766807,-0.663060400598765,0.286921501950124,-2.31094705726873,0.0208357793840384,0.12885946332776
BSU_07810,treA,210.856078172454,-0.331506536960684,0.275832172474754,-1.20184144578358,0.229424964244725,0.509222407468496
BSU_07820,treR,1067.14825911657,-0.111546349959288,0.201467782904492,-0.55366842455485,0.579805788499292,0.80143334490631
BSU_07830,hypO,625.55409620355,-0.213369124621935,0.208705177562296,-1.02234705968541,0.306616667425508,0.590637332253415
BSU_07840,yfkN,1318.15684061117,0.0647130792891105,0.257949906364837,0.250874598874954,0.801911063657956,0.922622029051687
BSU_07850,sufLB,153.988293793078,0.0353260492685919,0.307646730503686,0.114826668922356,0.908582510123845,0.968246695017593
BSU_07860,yfkL,626.894797093845,0.288625817070506,0.236225178528699,1.22182495053313,0.221773831073786,0.501314345213225
BSU_07870,yfkK,476.37204765795,-0.0729141605411007,0.241308054258939,-0.302162150223379,0.76252845617429,0.903784653545908
BSU_07880,yfkJ,197.318893644887,-0.0197161052420564,0.25956482949407,-0.0759583079128477,0.939452267792582,0.980226410586802
BSU_07890,yfkI,218.82236563728,0.0199418532611554,0.239667948819636,0.0832061748738996,0.933687602928698,0.978288952989858
BSU_07900,rbn,350.532030154922,-0.0243314628818876,0.21919115492502,-0.111005678537579,0.911611843743057,0.968667726823233
BSU_07910,yfkF,192.393998935594,0.561242135177483,0.390888568219524,1.435811074583,0.15105610765718,0.409379485246071
BSU_07920,chaA,45.5649385649382,0.0755362690346769,0.588656784178554,0.128319712037439,0.897895966112183,0.965553273841496
BSU_07930,yfkD,71.4715135868869,0.613805357633684,0.366855486020903,1.67315300172098,0.0942971797752087,0.312212650927472
BSU_07940,mscC,809.10472021105,0.127522180669594,0.200492106579426,0.636045891507829,0.524746511035253,0.766759909243313
BSU_07955,yfkA,621.687102953808,0.181976544469724,0.229083643820863,0.794367251343463,0.426981663351314,0.68942950174197
BSU_07970,yfjT,179.179066177549,-0.135049268915806,0.275681541708625,-0.489874179021179,0.624222935616728,0.830632652993993
BSU_07980,pdaA,117.157928184879,-0.213886330128895,0.280026174411829,-0.76380834962355,0.44498146033685,0.702427505570962
BSU_07990,yfjR,216.192536578573,-0.684119723333952,0.26644230420611,-2.56760924423151,0.0102402517049811,0.0799412449429825
BSU_08000,yfjQ,495.190256769328,-0.169831794537439,0.199354299981288,-0.851909362142577,0.394264400211723,0.661303985565209
BSU_08010,yfjP,555.966427386959,-0.0177325071515029,0.222362116316203,-0.0797460801564193,0.936439209464209,0.979886061384305
BSU_08020,yfjO,1265.30582893524,0.229360534685912,0.204831097113184,1.11975446071635,0.262818410164403,0.546721615990207
BSU_08029,yfzA,110.607082521352,-0.260212403305492,0.334195437152195,-0.77862344717468,0.436201562900393,0.696526655639348
BSU_08030,dusC,1136.4187714789,0.38012319504229,0.19264742553109,1.9731548137452,0.0484779268334518,0.213132030747951
BSU_08040,yfjM,235.982811499178,-0.034539708505636,0.256952924180407,-0.134420375311182,0.89307017067888,0.963550303067592
BSU_08050,yfjL,431.139180806983,0.191738394161951,0.236190227649918,0.811796474687963,0.416908425254334,0.679582863869049
BSU_08060,acoA,613.901290182338,0.624483232399442,0.343345198142565,1.81882034692135,0.0689388431290048,0.25962628468961
BSU_08070,acoB,583.034408413355,0.801158560403869,0.369465688089335,2.16842479892247,0.0301263805660678,0.159768415403082
BSU_08080,acoC,814.853671137792,0.852749482708798,0.378627865349851,2.25221004777569,0.0243090013617983,0.141873586895174
BSU_08090,acoL,902.747431002945,0.554102676561313,0.314228953969445,1.76337243771365,0.0778376952798483,0.277188295769094
BSU_08100,acoR,3201.46782082615,-0.0822252727927101,0.232070083023682,-0.35431224792693,0.723104889844274,0.881516175772965
BSU_08110,sspH,564.197417720069,-0.269104736252696,0.228852939072693,-1.17588499122232,0.239640837219335,0.522443966934005
BSU_08120,yfjF,70.7485700357252,-0.652057310215823,0.527174457254335,-1.23689094045245,0.216127573866973,0.49301787135826
BSU_08130,yfjE,74.3120588339281,-0.12549857589565,0.400150424798401,-0.313628495980922,0.753803214100507,0.900144310705721
BSU_08140,yfjD,41.0927105420686,-1.26905517075146,0.479183463407977,-2.64837012889776,0.008088091890651,0.0689619189007611
BSU_08150,yfjC,44.9709060133626,-0.0730361423532474,0.503677473553514,-0.145005774901878,0.884706312271798,0.960758323881669
BSU_08160,yfjB,93.6390360143526,-1.41720851131154,0.373405030249883,-3.79536534460488,0.0001474261952457,0.0035031272108399
BSU_08170,yfjA,16.1944372699299,0.36828939501656,1.05817158484755,0.348043172100126,0.727807761287283,0.886065441615991
BSU_08180,malA,2666.77113141736,0.873375075316696,0.235565116322533,3.7075738927358,0.0002092543684908,0.0047015491131683
BSU_08190,malR,773.405924076197,0.820583419938197,0.198163036364645,4.14095098153532,3.45868875009342e-05,0.0010227470733609
BSU_08200,malP,941.860502332135,0.413193198401109,0.185015071854584,2.23329480273838,0.0255295100324212,0.145383457987768
BSU_08210,yfiB,365.762668056441,-0.51942492353007,0.304178103728044,-1.70763416946826,0.0877042440534464,0.298224311977307
BSU_08220,yfiC,419.04759207252,-0.480809116664344,0.324121691863842,-1.48342159359801,0.137962433788313,0.386330269895944
BSU_08230,catD,8.72296380835678,0.505836225747077,1.09903233642361,0.460255998829963,0.645332480332307,
BSU_08240,catE,96.9995995482722,0.124925834779143,0.320304712493549,0.390021844532366,0.696520393940119,0.873228416849004
BSU_08250,yfiF,84.434753312019,0.892026479662259,0.351014926035138,2.54127791583701,0.0110448088173449,0.084303779730097
BSU_08260,yfiG,462.950085334442,0.441987291023336,0.26086686815617,1.69430213252968,0.0902078855597463,0.30414685739401
BSU_08270,yfiH,268.219342952828,0.359736713759329,0.273332946304618,1.31611179194775,0.188136523701085,0.456075574373279
BSU_08280,yfiI,508.691859624462,0.056805349870286,0.215230765132323,0.263927649169311,0.791835669850632,0.919432226307075
BSU_08290,linJ,313.006213292361,0.449783336294981,0.252563640736004,1.78087128845725,0.0749334800363799,0.270709911588442
BSU_08300,linK,346.235249336172,0.521802217965093,0.224303048546088,2.32632691061208,0.0200011174678168,0.126136589149328
BSU_08310,bifL,6.78877878199596,-0.549346308007005,1.27638018159256,-0.430393949960566,0.666909095552162,
BSU_08320,bifM,8.78622346170444,-0.707198119396811,1.22854508645687,-0.57563871867037,0.56485940456754,
BSU_08330,bifN,12.4477104534263,1.47769802983822,0.890896959724652,1.65866323114957,0.0971836724954538,0.316441452366926
BSU_08340,padR,433.58199044483,-0.0220828484501949,0.261303488116544,-0.0845103469891136,0.932650676564736,0.978288952989858
BSU_08350,estB,667.911660002865,0.163562804453818,0.267553330393062,0.611327858313437,0.540982551635099,0.777634788463879
BSU_08360,icaC,51.0781228227908,0.352807796557185,0.419996653421898,0.840025256588844,0.400894225614386,0.665246147303393
BSU_08370,yfiR,319.188727673343,-0.309446216012284,0.227399959402406,-1.36080154466821,0.173576413648081,0.436637048045633
BSU_08380,yfiS,85.3123780858706,-0.227683263267043,0.325379968072747,-0.699745791406983,0.484086073836338,0.734373881650606
BSU_08390,bstA,658.870982449159,-0.131954662929141,0.193862046567907,-0.68066269424696,0.496084946871056,0.744220634313888
BSU_08400,yfiU,15.4402697909145,-0.0645631411661705,0.702221619705798,-0.0919412609273121,0.926744708796145,0.975366432247354
BSU_08410,yfiV,295.249243696841,-0.509810084598446,0.212526113706091,-2.39881149524749,0.0164483798400391,0.111010555289002
BSU_08425,mprF,1955.15163303358,-0.158222494891201,0.167083107842056,-0.946968828475282,0.34365466311865,0.619292704735993
BSU_08440,sxzY,13992.3981584474,-0.572483035412427,0.245534531555197,-2.33157850256892,0.0197228758358634,0.125045156351986
BSU_08450,sxzZ,1038.19119561393,-0.9578771640396,0.268394714160865,-3.56891217859636,0.0003584665520654,0.0071514383962179
BSU_08460,sxzA,1385.40691963678,-0.707210335640363,0.261888724296963,-2.70042300423151,0.0069251364399231,0.0616410646461119
BSU_08470,yfhB,1330.98233941462,0.0701874863471491,0.258527038080511,0.271489925650605,0.786014247019342,0.916439160287128
BSU_08480,yfhC,3477.31305959073,-0.611181374673034,0.2780285934028,-2.19826805291056,0.0279300096029383,0.154000826429461
BSU_08490,yfhD,36.2751605108009,-0.224644741295019,0.465094523308446,-0.48300878646562,0.629089497504219,0.835034502426297
BSU_08500,yfhE,11.4484159035148,-0.552754544906807,0.843382072402972,-0.655402293923433,0.512208774963671,0.754859754022073
BSU_08510,yfhF,80.6062429752572,-0.132792975724575,0.372514755668057,-0.356477089038869,0.72148330696057,0.881516175772965
BSU_08520,recX,856.231426306234,-0.298797109243671,0.187284567174208,-1.59541767777233,0.110618865486276,0.340208406025589
BSU_08530,yfhH,561.358515071024,-0.214123545767491,0.200674300006793,-1.06702026996104,0.285962682834368,0.56932465958767
BSU_08540,yfhI,273.377102993798,1.37731743948845,0.219009447298072,6.28884943768622,3.19827468190409e-10,7.09306251675618e-08
BSU_08550,sspK,3.8444661081993,3.67390603626506,1.8595855995377,1.97565846776744,0.0481934718059704,
BSU_08560,yfhJ,193.024963644346,0.318276345856244,0.441201320813686,0.721385750317481,0.47067221136693,0.723529676971044
BSU_08570,yfhK,18.2214159194773,0.0539925612542222,0.848464550437338,0.0636356123852103,0.949260374613506,0.981979368334564
BSU_08580,spdL,62.4131039731917,0.0113936511174414,0.508158668177961,0.0224214439916851,0.982111774818876,0.992052177398014
BSU_08590,ephM,250.454162838772,-0.319967551797782,0.431340503520042,-0.741798067157204,0.45820969182593,0.713684389297351
BSU_08600,csbB,1062.19614569554,-0.179501053729622,0.228002626385095,-0.787276254557021,0.431120166901532,0.691436886835013
BSU_08610,yfhO,1884.68013224365,-0.3999337939645,0.239245565099554,-1.67164559058005,0.0945942290688286,0.312599472220831
BSU_08620,yfhP,437.07630379446,-0.0378448623612861,0.246416791324558,-0.153580696176829,0.877940358559717,0.957578664308849
BSU_08630,mutY,857.673648085301,-0.023219221708443,0.233880887442589,-0.0992779784715957,0.920917562660435,0.974163645840293
BSU_08640,yfhS,2.88639042921744,-0.0810907870947341,1.89406332732184,-0.0428131340304206,0.965850494147773,
BSU_08650,fabL,2598.66136151201,0.366318663517714,0.201628791403152,1.81679739767556,0.0692481414466547,0.260545316357253
BSU_08660,sspE,1174.46835168962,0.651671631700149,0.230549949773319,2.82659628571112,0.0047045598132317,0.0484036153979925
BSU_08670,ygaB,36.1966071264154,-1.04137243337546,0.819401371046711,-1.27089417979031,0.203766297270067,0.475137300643756
BSU_08680,ygaC,731.104578824593,-0.500672371523776,0.240797191188681,-2.07922845383801,0.0375963575527073,0.182362891069754
BSU_08690,ygaD,813.481300174378,-0.388523366626154,0.231006778187322,-1.68186998526556,0.0925940540245727,0.309290076841828
BSU_08700,ygaE,2047.89922626635,1.01848257165405,0.256448555319049,3.97148882506648,7.1424851717558e-05,0.0019008533870432
BSU_08710,gsaB,1600.21585168002,-0.139155081628805,0.176300970127251,-0.78930411743262,0.429934280703324,0.691170056402986
BSU_08720,bcp,908.405031298965,0.185440785229594,0.219797598998527,0.843688857724225,0.398843295483625,0.66479433635517
BSU_08730,perR,2064.55590936376,-0.0154502115180344,0.20535581248894,-0.075236300013989,0.940026702953211,0.980226410586802
BSU_08740,ygzB,464.034788113534,-0.350068503521391,0.260026058292031,-1.34628239116033,0.178211462485916,0.442976437262626
BSU_08750,ygxA,1116.01096457575,-0.0411031310691369,0.204614776989087,-0.200880560407077,0.840791968421493,0.939331026566547
BSU_rRNA_22,rrnD-16S,1165.14732233063,0.079043699458557,0.402599846545953,0.196333158436847,0.844349409725948,0.940207208821753
BSU_rRNA_17,rrnD-23S,1816.24189497715,0.0121744606861065,0.372851726851958,0.0326522845660318,0.973951874980948,0.988791839595009
BSU_rRNA_18,rrnD-5S,0.422647707526366,0.910797499563208,3.47617416175068,0.262011469271295,0.793312599804818,
BSU_tRNA_29,asnTA,1.63348184155185,-1.33059955532615,1.8284631331207,-0.727714730050458,0.466788231476786,
BSU_tRNA_30,trnD-Ser,146.073268120445,-0.0628070081948801,0.332309002414058,-0.189001825826621,0.850091385779553,0.942918814123917
BSU_tRNA_31,trnD-Glu,349.667440109054,-0.216410001832276,0.297199945919029,-0.728162991965134,0.466513817222037,0.719599365668614
BSU_tRNA_32,trnD-Val,10.6139697897463,-0.629926867500706,0.772163374832029,-0.815794802023258,0.414617506684423,0.676591636552157
BSU_tRNA_33,trnD-Met,18.3611507045904,-0.29578325129681,0.686090941892822,-0.431113768213859,0.666385650040407,0.854858836732439
BSU_tRNA_34,trnD-Asp,125.780989575094,0.522122711393668,0.357352590918991,1.46108556272376,0.143991961749635,0.395878726793763
BSU_tRNA_35,trnD-Phe,42.4303397843188,0.957738662652374,0.480030970596263,1.99516014865194,0.0460254159125267,0.207374108716486
BSU_tRNA_36,trnD-Thr,70.69054515096,-0.354406661875587,0.418626679334092,-0.846593586532374,0.39722168993686,0.663754284733338
BSU_tRNA_37,trnD-Tyr,275.596331602119,0.293331241491391,0.292553287964343,1.00265918572463,0.316025328708075,0.598469218312445
BSU_tRNA_38,trnD-Trp,153.226149165509,0.188688316632137,0.284792585787135,0.662546449763159,0.507621076426752,0.751362008563439
BSU_tRNA_39,trnD-His,115.742432847247,0.243342063236892,0.332313122822592,0.73226739037568,0.464005378870656,0.718225911523021
BSU_tRNA_40,trnD-Gln,436.888987254681,0.381001235029965,0.312017296597987,1.22109011001675,0.22205190386003,0.501658856937882
BSU_tRNA_41,glyTB,150.347448296437,0.748857320502005,0.316940139682544,2.3627721034391,0.018138820111698,0.118510916343533
BSU_tRNA_42,cysTA,12.8898829227736,-0.201520804614975,0.841533743270404,-0.239468477914879,0.810742336450989,0.925238252462078
BSU_tRNA_43,leuTA,87.328226483718,0.115617322208385,0.428680412864822,0.269705166689861,0.78738708536042,0.916666446415514
BSU_tRNA_44,leuTB,21.6687330605059,0.273910909756026,0.879473603438459,0.311448699182241,0.755459536863346,0.900920946167532
BSU_08760,spo0M,1669.19425130377,-0.489370092804007,0.35022146697092,-1.39731609554545,0.162318537770508,0.422684672393914
BSU_08770,ygzA,17.9287179883773,1.95028218222876,0.748808211938019,2.60451494940361,0.0092004407168739,0.0750657573742763
BSU_08779,ygzC,5.63866614440948,2.57254982625986,1.52907065946598,1.68242704176817,0.0924860613349679,
BSU_08780,ygaJ,222.002722475263,0.55324766976619,0.249496377092044,2.21745772910397,0.0265918285621065,0.149746389049017
BSU_misc_RNA_11,tswD,145.687373034984,0.337081153842396,0.307951211913672,1.09459271729344,0.273695107579462,0.556876080253421
BSU_08790,thiC,3700.91558707126,0.677981285308939,0.34247412099804,1.97965698352087,0.0477420852611104,0.211527640801723
BSU_08800,ygaK,5.21009540269677,0.847033258949501,1.31628027350776,0.643505244283757,0.51989631297902,
BSU_08810,senS,0.106259635098906,-0.683503597303803,3.52791621474838,-0.193741448406975,0.846378335554089,
BSU_08820,katA,560.008971805026,1.01303800681775,0.276366512381405,3.66555990481108,0.0002467980301865,0.0052782269197317
BSU_08830,ssuB,1.26414885417091,0.382844969314843,3.40002554371017,0.112600615610986,0.910347196968121,
BSU_08840,ssuA,1.26175802130166,1.22260218888076,3.40929929396714,0.35860805504644,0.719888320035884,
BSU_08850,ssuC,1.20295147634998,-0.23875047831783,2.56613511374404,-0.0930389351048191,0.92587262961426,
BSU_08860,ssuD,12.3288713848297,-0.415624323710533,0.905500094895988,-0.458999757209605,0.646234340428278,0.842181051771048
BSU_08870,ygaN,276.010416283927,0.253763103125777,0.221179951402998,1.14731512289471,0.251251406027854,0.536074619381717
BSU_08880,rpsNB,5.11792528115972,0.475891157692402,1.54987623905783,0.307051070078793,0.758804500185758,
BSU_08890,ygaO,144.413846317377,-0.0712667185293493,0.311820353911198,-0.228550566489464,0.81921824978104,0.929067969638044
BSU_08899,ygzD,44.1059440539612,-0.5617523172837,0.438438955391461,-1.28125548694034,0.200103942319509,0.470444604086856
BSU_tRNA_82,trnSL-Gly1,4.29016637183781,1.30401692089242,1.35379027351092,0.963234074293196,0.335430068889782,
BSU_08900,yhzB,179.953471408065,0.178022662047384,0.262470072557017,0.678258897530922,0.49760755461146,0.745696094729188
BSU_08910,queG,157.847850476076,0.153696727590849,0.264041050632859,0.582094061595596,0.560503324906975,0.789251948158252
BSU_08920,yhbB,12.5381416667486,-0.598840507044904,0.974137230195255,-0.614739369857441,0.538726855348626,0.777230793838712
BSU_08930,trmL,1179.81955046807,-0.003692728895159,0.205622204596011,-0.0179588041204704,0.985671717655636,0.994013762456751
BSU_08940,yhbD,115.074282695354,-1.07052620120514,0.363143365654433,-2.94794371164102,0.0031989530619748,0.0370151322417494
BSU_08950,yhbE,235.063408440588,-0.469846066906959,0.256321119864417,-1.83303688418453,0.0667970861063311,0.254059665513793
BSU_08960,yhbF,337.947232496501,-0.535201527294891,0.241156048554371,-2.21931620833564,0.0264652196813915,0.14952264897905
BSU_08970,prkA,30.8600173182378,0.906982851767789,0.597922986098306,1.51688908581057,0.129294689649314,0.373206363759988
BSU_08980,yhbH,119.078780916871,0.415042002133549,0.294647528383453,1.40860506928609,0.158951979070802,0.417732916689033
BSU_08990,yhbI,148.440348967562,1.43696509006462,0.30609668029924,4.69448113145117,2.67284278943009e-06,0.0001333748551925
BSU_09000,yhbJ,267.406477613359,1.32448047767638,0.262369410535578,5.04815128780715,4.46105829089792e-07,2.96809078287741e-05
BSU_09010,yhcA,540.038180574445,1.35712259234656,0.264748415331798,5.12608391119445,2.9583079962452e-07,2.07185360017734e-05
BSU_09020,yhcB,193.489851581095,1.63264366448402,0.344935447710559,4.73318609415289,2.21022672437015e-06,0.0001160950668906
BSU_09030,yhcC,169.813539908366,1.2169774410828,0.288281681519682,4.22148724354418,2.42695691995641e-05,0.0007689215892433
BSU_09040,yhcD,0.0,,,,,
BSU_09050,yhcE,124.093145636001,-0.0477857756808085,0.288736742653121,-0.165499462388189,0.86855087295013,0.953328315869375
BSU_09060,yhcF,170.937195832399,-0.676849103525153,0.260915251832799,-2.59413391425234,0.0094829542972241,0.0758989453915172
BSU_09070,yhcG,194.217586687797,-0.193464043410541,0.247068919274091,-0.783036749336802,0.433605531983296,0.693768851173273
BSU_09080,yhcH,372.618755175236,-0.221796671219499,0.246992520099735,-0.897989425468991,0.36919118707198,0.638592293594971
BSU_09090,yhcI,438.599664991602,-0.0516761452105556,0.244175397075039,-0.211635348317566,0.8323915299492,0.935503093343808
BSU_09100,cspB,34453.1834678217,0.343891828705911,0.35716949174861,0.962825315853001,0.335635193965973,0.611527017029741
BSU_09110,yhcJ,780.479897095993,0.0408408180740123,0.259045889235467,0.157658622549648,0.874725807047868,0.956822025266579
BSU_09120,dgcK,1184.91905374754,0.447008867434947,0.222940025460852,2.00506331920843,0.0449562782526661,0.204813239219635
BSU_09130,tcyP,3573.80098948762,0.290794904617839,0.39742518027169,0.731697232719488,0.464353385838201,0.718225911523021
BSU_09140,yhcM,26.6892643667165,0.404133805360868,0.677434351676258,0.596565267705824,0.550797665930563,0.784159872466051
BSU_09150,yhcN,85.324126773107,0.888383697785136,0.45354351492868,1.95876176936371,0.0501406927579015,0.21733077686161
BSU_09165,yhcO,11.2681789588463,1.25355777404709,0.846410771567166,1.48102767138239,0.13859919988743,0.387167240959024
BSU_09180,yhcQ,37.2114492146069,0.808430670491483,0.674049577341059,1.19936381190315,0.230386512476993,0.510543527511338
BSU_09190,mncR,1033.9870604644,-0.417705865163434,0.309041279874993,-1.35161835121961,0.176497436653912,0.440636502265427
BSU_09200,srtA,279.50619320812,0.0038211113424218,0.431855092442275,0.0088481331106049,0.99294030331588,0.996187176434578
BSU_09210,yhcT,254.871999636478,0.067618997222662,0.234831765557381,0.287946552129206,0.773387651801458,0.9093165477353
BSU_09220,yhcU,64.8301112989312,0.116974076402696,0.445338278997532,0.262663422210207,0.792810011908398,0.919815004969489
BSU_09230,yhcV,55.3930831646438,-0.0358376875361444,0.710963210339153,-0.0504072320690809,0.959797873356959,0.986079236518352
BSU_09240,glpW,605.789757306229,-0.519429065864714,0.317765512611399,-1.63463008177332,0.102126617604299,0.32511121010874
BSU_09250,yhcX,2060.96429667354,-0.514545317343088,0.23425896653126,-2.19648077920819,0.028057549426975,0.154482014458383
BSU_09260,yhxA,3725.45475039528,0.114386228396026,0.213390078224223,0.536042862666897,0.591928927469805,0.807798983682819
BSU_09270,glpP,2377.4855123103,0.117852049530617,0.211782332293795,0.556477248381261,0.577884643577736,0.801178443470562
BSU_09280,glpF,4362.87608929213,-0.893403542096811,0.294853424849778,-3.02999208013942,0.0024456015163671,0.0313917725187707
BSU_09290,glpK,11814.8152392099,-0.46679717140256,0.282374060225502,-1.65311633451663,0.098307189558856,0.319318389519083
BSU_09300,glpD,965.045507887441,-0.920753488720423,0.32636833078301,-2.82120966366861,0.0047842922774659,0.0488462781883481
BSU_09310,pgcA,6641.13149844199,-0.544878275780298,0.236990297808309,-2.29915857661408,0.021495936258821,0.131613155744193
BSU_09320,yhcY,363.190735452003,-0.0734618258817118,0.255536214747614,-0.28748107564428,0.773743990115324,0.9093165477353
BSU_09330,yhcZ,221.352472894605,-0.422755142638747,0.244350915377241,-1.73011483090242,0.0836097609734164,0.289731046706491
BSU_09340,azr,242.849855477839,0.0315801247798051,0.314258085025128,0.100491049505632,0.919954488328758,0.973868554072766
BSU_09350,yhdB,5.55336269295588,1.03811788019354,1.46567552140324,0.708286291906985,0.47876748807489,
BSU_09360,yhdC,19.2539309468496,-0.211691981382845,0.60798034801615,-0.348188855237838,0.727698356982234,0.886065441615991
BSU_09370,lytF,2270.01130183877,0.372746932594831,0.281128135020127,1.3258969351045,0.184873838340673,0.452215908490176
BSU_09380,nsrR,653.657072404733,-0.180961833047791,0.182810693412433,-0.989886475839403,0.322229610558691,0.603349252040475
BSU_09390,ygxB,64.4598633592469,0.473900035311676,0.5155127336581,0.919279009751827,0.357949653931847,0.62837951560947
BSU_09400,spoVR,43.3057132015099,0.115332774458151,0.470102212748761,0.245335527743598,0.806196644980228,0.923485516320345
BSU_09410,phoA,142.114966435253,1.05391441456713,0.266641774269199,3.95254801111212,7.73234084731084e-05,0.0020307568856884
BSU_09420,lytE,7599.5600747223,-0.993026488512159,0.201665829248857,-4.92411873747217,8.4741372745045e-07,5.04906805967492e-05
BSU_09430,citR,131.523863885091,-0.199075995771855,0.356353899226652,-0.55864688503166,0.576402735507016,0.800257489531347
BSU_09440,citA,263.712801500513,0.563710320184819,0.248328075155986,2.27002250885538,0.023206217378241,0.138474170065677
BSU_09450,yhdF,260.84317570925,0.853852348003109,0.265163076535375,3.22010273511515,0.001281446644854,0.019524942771975
BSU_09460,bcaP,1009.04860082615,-0.180905096808333,0.460763750147168,-0.392620072109735,0.694600112277642,0.871963411387531
BSU_09470,yhdH,779.755279439945,0.0409486066517399,0.222553260818951,0.183994637962424,0.854017661397873,0.94569722726777
BSU_09480,yhdI,371.547500515324,0.224727410894101,0.266698664744992,0.842626681723274,0.399437263833828,0.664943873288692
BSU_09490,yhdJ,137.001118465751,0.086313074104551,0.298819971778175,0.288846403374351,0.772698920081841,0.909111137331774
BSU_09500,asiMB,66.7380734934581,0.275607259250295,0.418445335388679,0.658645791795704,0.510123250344604,0.753110952431826
BSU_09510,asiMA,802.318693009305,0.062804713412846,0.228408077673343,0.274967129239036,0.783341492298271,0.915427177182288
BSU_09520,sigM,373.988702246623,0.118368120840707,0.267564298263074,0.442391311580462,0.658206065136573,0.850819912636553
BSU_09530,akrN,204.377592496145,0.902931039850743,1.07951180123995,0.836425353399207,0.402915654456913,0.667861974690168
BSU_09540,plsC,809.112484021118,-0.305557688950346,0.305479690019474,-1.00025533262413,0.317186957598024,0.598681009329226
BSU_09550,yhdP,1786.48625248247,-0.0615472450008131,0.173859962610738,-0.354004706296952,0.723335356223264,0.881516175772965
BSU_09560,cueR,929.253027741086,-0.0038377658852675,0.207989210447771,-0.0184517546703765,0.98527846520027,0.993993336638736
BSU_09570,yhdR,2595.19757782112,0.220629344145864,0.228084892864696,0.967312395726032,0.333387888856178,0.609100435841584
BSU_09590,yhdT,4557.8209389902,-0.114123862308078,0.211689614110985,-0.539109406889681,0.589811365133674,0.806068801647938
BSU_09600,crcBA,109.613540876971,0.815639609222743,0.354437390222296,2.30122338027371,0.0213790080014653,0.131299999910538
BSU_09610,crcBB,126.660709733685,0.784831086595473,0.342152057247009,2.29380788445437,0.0218015363448378,0.132872874944416
BSU_09620,yhdW,635.913006549183,0.813940279216712,0.260965425363327,3.11895829910614,0.0018149164575536,0.0254215666615938
BSU_09630,yhdX,25.9694043193252,-0.122556617497788,0.588927382772106,-0.208101407886501,0.835149787890191,0.93675424721147
BSU_09640,mscY,124.747747227326,-0.181047459476963,0.280181354764326,-0.646179541922947,0.518163087002488,0.75940915948564
BSU_09650,srtN,176.383270774639,-0.40840373577512,0.312509108867246,-1.30685386181371,0.191262348274882,0.459286433976877
BSU_09660,yheN,1932.27315449003,0.0655922663076177,0.190117125884114,0.345009772279008,0.730087024083518,0.887537096767006
BSU_09670,dat,3247.13447180001,-0.379812351059923,0.232314040686657,-1.6349091511529,0.102068093820835,0.32511121010874
BSU_09680,nhaC,211.969869889792,0.18848915440772,0.300315574286594,0.627636961071633,0.530241790099027,0.770566174416341
BSU_09690,nhaX,30.4516739296209,0.757425815036335,0.737524046109326,1.02698456956352,0.304427729995607,0.588511137114994
BSU_09700,bmrB,45.1237061010225,-0.001785987560764,0.426458972485951,-0.0041879469679181,0.996658511540512,0.997413603382005
BSU_09710,bmrC,448.616234759801,0.226210727309551,0.236159967019929,0.957870760925629,0.338127932032009,0.614666076808642
BSU_09720,bmrD,571.424694914102,0.193601374018691,0.263318138534839,0.735237515713622,0.462194854882212,0.717651443286578
BSU_09730,yheG,522.863472229581,0.0637850841179894,0.250814996095738,0.254311285652323,0.799255081668417,0.921747848292315
BSU_09740,yheF,0.0,,,,,
BSU_09750,sspB,3.23236938476226,-1.58792704049058,1.74017213819142,-0.912511472652885,0.361499532929881,
BSU_09760,yheE,80.1482427598967,-0.234939932898936,0.359815696324381,-0.652945203055103,0.513791605832718,0.755453440325676
BSU_09770,spaD,21.1722478939452,0.618687496739026,0.636873118511011,0.971445455549291,0.331326502255155,0.609100435841584
BSU_09780,spaC,8.97268422333308,0.732522649333505,1.15101423777913,0.636414933273893,0.524506010118849,
BSU_09790,yheB,590.680552431298,-0.3217143121062,0.216854813833312,-1.48354701663893,0.137929134428996,0.386330269895944
BSU_09800,yheA,3336.264541706,0.718238967195472,0.195967620373998,3.66509000734272,0.0002472516117209,0.0052782269197317
BSU_09810,yhaZ,269.331667956901,-0.22860762807196,0.255144620446212,-0.895992350033316,0.370256848980816,0.638831928023028
BSU_09830,yhaX,688.496638763539,-0.278859796501151,0.227504095055641,-1.22573528372291,0.220298307839477,0.49910944659205
BSU_09840,hemZ,1236.47093616677,0.531070597887071,0.242239545676792,2.19233650064573,0.028355218013129,0.155149343416658
BSU_09850,khtU,75.1444175982305,-0.105765753738878,0.438394440771205,-0.241257059630637,0.809355889450872,0.925238252462078
BSU_09860,khtT,76.6270091472325,-0.73233013646389,0.500399209966357,-1.46349179190976,0.143332857983511,0.39515522725841
BSU_09870,khtS,132.801521165166,0.110478106644894,0.347536356772113,0.317889350256776,0.75056887117866,0.897805322553999
BSU_09880,yhaR,619.501576790311,-0.892748806232486,0.200845838017724,-4.44494551166007,8.79141463446953e-06,0.000344071835498
BSU_09889,yhzD,14.0581702140821,-1.19391946193229,0.947819779648907,-1.25964818161375,0.207796306157606,0.479507966682802
BSU_09890,yhaQ,584.873274340851,-0.048918402324015,0.222316978098244,-0.220038985517325,0.82584079261981,0.931923778574289
BSU_09900,yhaP,1082.20223982543,-0.0329142006889934,0.221426757887261,-0.14864599474356,0.881832977597245,0.959055128038132
BSU_09910,yhaO,778.392747770349,-0.125038095124836,0.221872988486627,-0.563557087222326,0.573055598485658,0.799035259921323
BSU_09920,sbcE,2103.08990128642,0.0559272214670314,0.233437093641561,0.239581553190971,0.810654666755927,0.925238252462078
BSU_09930,yhaM,2119.75369628013,-0.214329654619908,0.176040039147916,-1.21750515199454,0.223412077429456,0.503591763466058
BSU_09940,yhaL,19.8661626603164,1.35621310942018,0.645192933781339,2.1020272207132,0.0355508913833511,0.176297091183028
BSU_09950,prsA,5896.00483041685,-0.0646831887011104,0.166436054318634,-0.388636878985831,0.697544781741044,0.873228416849004
BSU_09958,sscA,0.0,,,,,
BSU_09959,sscB,0.10595252326258,0.668767475312844,3.52796954449401,0.189561578374895,0.84965269725,
BSU_09965,yhaJ,486.061204832968,0.638938295202681,0.300154400343631,2.12869874461675,0.0332791927778972,0.169236353591549
BSU_09980,yhaI,515.194355980965,-0.332152014439899,0.191958873811999,-1.73032904311161,0.0835715033888114,0.289731046706491
BSU_09990,scoC,2850.28296803016,-0.229463371558087,0.211737209216796,-1.08371774808433,0.278489963933042,0.561480775768032
BSU_10000,yhaH,1353.91449950436,-0.373550690224617,0.171182444120806,-2.18217874001727,0.0290963437179837,0.157175377702559
BSU_10009,yhzF,2.24843718423137,-0.186527834633029,1.99816197659768,-0.0933497067893539,0.925625744140063,
BSU_10010,trpP,4821.43740762353,-0.173227259055465,0.158956593851731,-1.08977712001709,0.275811334964214,0.558025874827131
BSU_10020,serC,5174.16179237545,0.0963920617283786,0.202226241891171,0.476654566820523,0.633608120211608,0.838078609314259
BSU_10030,hinT,1767.87376253147,-0.415311906550795,0.179101136918864,-2.31886806357315,0.0204021912554363,0.127455955174549
BSU_10040,ecsA,1236.43604806723,-0.190838506716611,0.210814983779475,-0.905241664018717,0.365337373759886,0.635968883649955
BSU_10050,ecsB,1415.87981170501,-0.278129680954192,0.179341325294082,-1.55083988867662,0.120940058785975,0.357739548204877
BSU_10060,ecsC,925.389621614324,-0.0573301151069283,0.21130894466176,-0.271309457338381,0.786153033266132,0.916439160287128
BSU_10070,sndC,1462.94636918888,0.0723954142761441,0.284638130625458,0.25434193977126,0.79923140157692,0.921747848292315
BSU_10080,yhfA,15.8597549870241,-0.334244489124392,0.834102666153277,-0.400723439316966,0.688623751716663,0.867978143142706
BSU_10090,yhgB,10.3294102312297,0.358627169953062,0.94063124197018,0.38126223534943,0.70300867297912,0.876133353366809
BSU_10100,hmoB,929.479464759644,-0.25088364555406,0.288354652678913,-0.870052358175135,0.38427179169955,0.651385559432954
BSU_10110,pbpF,563.828207844307,0.30254366100902,0.20523702424036,1.47411833770646,0.140449731976064,0.389899395026737
BSU_10120,hemE,1202.03665681446,0.0354474190349355,0.222686982619203,0.159180472149784,0.873526688655113,0.956160828382564
BSU_10130,hemH,1460.92500994179,-0.0530170403833224,0.227914262119769,-0.232618353455485,0.816057774231778,0.927620339299467
BSU_10140,hemY,1465.83657152693,-0.0334015317344238,0.251483019008707,-0.132818239044869,0.894337129484942,0.964295971650913
BSU_10150,yhgD,374.416847939912,0.129071124895753,0.312121862112652,0.413527985582656,0.679219822909289,0.863333562284574
BSU_10160,yhgE,1182.16947158919,0.171147658980095,0.250865151255019,0.682229708366761,0.495093712126273,0.743170393138246
BSU_10170,fabHB,110.204486517763,0.666758981846155,0.454924041997348,1.46564903213016,0.142743926039794,0.394348617820664
BSU_10180,yhfC,94.6017954440239,-1.40085517876796,0.373677486281996,-3.74883483804748,0.0001776580300475,0.0041474319061397
BSU_10200,yhfE,1254.24843706744,-0.173680473926073,0.288850770943986,-0.60128097757355,0.547652857236593,0.781094209838959
BSU_10210,yhfF,690.300828789371,-0.308911500373118,0.286643352656841,-1.07768590309134,0.281173951580796,0.56432700588765
BSU_10220,gltT,7156.16720539765,-0.355096826641535,0.183883289074206,-1.93109895102124,0.053470816720505,0.223279812079766
BSU_10230,yhfH,14.9842188475954,0.356854764278982,0.669460784931749,0.533048047489985,0.594000320780444,0.809576401691885
BSU_10240,yhfI,1209.65271824421,-0.453383947134283,0.272165750382088,-1.66583762467462,0.0957457599826573,0.314182893253587
BSU_10250,lplJ,2065.12208585491,-0.498383756919176,0.221616914658638,-2.24885251961407,0.024521880662827,0.142077427584913
BSU_10260,yhfK,1902.19354285562,-0.509894829170041,0.24461610873692,-2.08446954619176,0.0371174775479792,0.181362264836638
BSU_10270,lcfB,353.693850962594,-1.00252027825383,0.216056196372125,-4.64009037966743,3.48256833666734e-06,0.0001616559627904
BSU_10280,yhfM,11.0012701228557,1.7874612143392,1.06193619999883,1.68320960745209,0.092334521610652,0.308954243477044
BSU_10290,yhfN,147.105182708227,-0.131697358167065,0.264094544929301,-0.498675041554988,0.618008330130869,0.825306802487501
BSU_10300,aprE,328.88737074756,0.261144603966859,0.320262970883583,0.815406799126291,0.414839493750289,0.676591636552157
BSU_10310,yhfO,251.631478171616,-0.817972593337842,0.251495434449419,-3.25243515902613,0.0011442069869752,0.0180540485850009
BSU_10320,yhfP,1219.31650667671,-0.340095851116094,0.253924117823765,-1.33936017590947,0.180453447392513,0.445773615093386
BSU_10330,yhfQ,5234.09921437956,-1.47563035442183,0.343325523364633,-4.29805025842666,1.72307098728688e-05,0.0005780251580881
BSU_10340,phoE,713.004674818195,-0.051768128614259,0.21324738332387,-0.242760908984454,0.80819061989204,0.925206397468747
BSU_10350,yhfS,358.033430830481,-0.0493101700943216,0.244445153724022,-0.201722837794496,0.840133407632876,0.939168913099017
BSU_10360,yhfT,572.134998009766,-0.19238080567656,0.239301787349099,-0.803925485921717,0.421440010222375,0.68417589296776
BSU_10370,bioY,74.7024182421879,-0.129048011432728,0.482648298501955,-0.267374839677811,0.789180569504172,0.918486540367538
BSU_10380,hemAT,3795.1471943616,0.50525600367166,0.21555480428294,2.34397932049083,0.019079229215664,0.122829858282582
BSU_10390,yhfW,4.19388418090506,0.955926298707682,1.40488633205433,0.680429638253975,0.496232459802372,
BSU_10400,yhxC,6.68207460909972,-1.14741396411732,1.11673304849722,-1.02747381360424,0.304197409875536,
BSU_10410,yhzC,432.46984408531,-0.597754954616412,0.237465654109977,-2.51722699375959,0.0118282596808284,0.088247698690931
BSU_10420,comK,234.604400402952,0.790874236675885,0.264438433592911,2.99076887550088,0.002782760259106,0.0339623387044549
BSU_10430,yhxD,52.6738087371908,1.02361186240381,0.52486314600284,1.95024525954862,0.051146893691308,0.220257173263971
BSU_10440,yhjA,4800.48972682314,0.215439535540671,0.200824455675695,1.07277539887163,0.283371901248853,0.566670910134483
BSU_10450,yhjB,72.1537271681413,0.678118319706392,0.421172719748504,1.61007180168582,0.107382182209824,0.336815091340327
BSU_10460,yhjC,9.65206317690753,1.0333502836302,1.49714483336835,0.690213973023116,0.490059637498018,0.739408330016765
BSU_10470,yhjD,23.9988680179251,-0.414985843592414,0.897015650327379,-0.462629435106242,0.643630006169753,0.841709744509834
BSU_10480,yhjE,284.850876855625,-0.671709796698391,0.262476052096657,-2.55912793313057,0.010493511649828,0.0811019327418153
BSU_10490,sipV,352.167131086508,0.0987083963017769,0.207106980209573,0.476605840140652,0.633642823942275,0.838078609314259
BSU_10500,yhjG,83.4604939835095,-0.292945959327776,0.385787315768413,-0.75934575180183,0.447645755555791,0.704646994742128
BSU_10510,yhjH,152.247933309423,-0.531138785567854,0.282984045431544,-1.87692131108622,0.0605288795531475,0.240793001985639
BSU_10520,glcP,91.7787750422284,-0.0584171804916603,0.308519951766651,-0.189346524129642,0.84982123378084,0.942907116652863
BSU_10530,ntdC,150.247781539253,-0.0180827355697172,0.314980356191897,-0.0574090898503542,0.954219322292525,0.984199139891059
BSU_10540,ntdB,53.1143757218251,-0.156592974098811,0.419064653843885,-0.37367258885343,0.708647921304419,0.877406693957442
BSU_10550,ntdA,38.7160711665468,0.784657480446591,0.551328822473926,1.42321142748473,0.154674873885075,0.413848590180442
BSU_10560,ntdR,430.517220402237,0.171006470583922,0.261228963491253,0.654622934220111,0.512710554353194,0.754859754022073
BSU_10570,yhjN,523.224746255085,-0.662992106432999,0.33489181651637,-1.97972023720857,0.0477349732960855,0.211527640801723
BSU_10580,yhjO,1.37541604175116,0.159278306908645,2.40177178552707,0.0663170030843258,0.947125446519968,
BSU_10590,yhjP,232.14697409503,0.0846655324751835,0.234370956530546,0.36124583748989,0.717915678999912,0.880961959878753
BSU_10600,yhjQ,5.23496603722624,-0.071490532727437,1.22281453182071,-0.0584639214427645,0.953379099835198,
BSU_10610,yhjR,3.63916725297328,2.8351051724304,2.05009286986732,1.38291548353801,0.166690782109786,
BSU_10620,addB,1626.66346394902,-0.435500015857878,0.265470045595357,-1.64048646197051,0.100904061050001,0.323843332391194
BSU_10630,addA,2744.23944081891,-0.410542781726916,0.237098758285066,-1.73152649426075,0.0833579036614214,0.289595230605898
BSU_10640,sbcD,605.64709304057,-0.397949564110941,0.215890577608946,-1.84329287789376,0.0652862604480173,0.251081649044783
BSU_10650,sbcC,2301.26207837891,-0.282717021635202,0.18956600480548,-1.49139093755395,0.135858886022843,0.38437184479319
BSU_10660,hlpB,316.089285473246,-0.138840700771254,0.227430022087118,-0.610476574275981,0.541546156668856,0.777644696914414
BSU_10670,gerPF,10.113739536005,0.11178238150444,0.916104210025071,0.122019285886025,0.902883744470012,0.965553273841496
BSU_10680,gerPE,4.31985085715316,1.37064914599109,1.3873445927168,0.987965897720467,0.323169350017938,
BSU_10690,gerPD,0.413857900502969,0.410988537234132,3.47377017783073,0.118311953927471,0.905820486060317,
BSU_10700,gerPC,8.38802745999123,2.18916741447783,1.02181230731116,2.14243594328834,0.0321584181385076,
BSU_10710,gerPB,1.27270962504546,-0.136604963830538,2.44069536474912,-0.0559696903610007,0.955365952886131,
BSU_10720,gerPA,0.634552754051525,1.1665449051771,3.46422185987931,0.336740818677746,0.736312289741609,
BSU_10730,pchI,13.6597873478905,-0.495724056545262,0.931865987101674,-0.5319692567459,0.594747288440971,0.81000397240763
BSU_10740,yisJ,0.210742661001206,-0.0203093995915133,3.53199787820682,-0.0057501165889217,0.995412096033185,
BSU_10750,mblK,1772.08548438659,-1.07819640948676,0.224172501267551,-4.80967292326336,1.51177463177194e-06,8.38195045837998e-05
BSU_10760,yisL,719.956290709991,-0.100984904135084,0.272871810910077,-0.370081848316545,0.711321506416855,0.87755095186033
BSU_10770,wprA,17841.6655561893,-0.121121324313391,0.182458489450957,-0.663829480764979,0.506799454785897,0.750792573427009
BSU_10780,yisN,2.01452813636206,2.46177431599169,2.07660169574019,1.18548218516898,0.235826854217932,
BSU_10790,asnO,10.9393685724525,1.05945600654693,0.750843328336308,1.41102140295291,0.158238303223493,0.416680281311467
BSU_10800,yizA,81.0290616344005,0.392537138952845,0.505186698778756,0.777014002747438,0.437150508945433,0.69720528634046
BSU_10810,farP,324.857679963476,0.269726701109212,0.235588130518107,1.14490785472098,0.25224732987538,0.536380816421769
BSU_10820,yisQ,33.1864587621006,0.47602654836776,0.499140946681287,0.95369164067342,0.340239752783791,0.617632689352107
BSU_10830,yisR,255.888508573282,-0.0316858419917861,0.263089168163098,-0.120437653184349,0.904136465541681,0.965576063392728
BSU_10840,iolQ,490.192754264191,0.183125878004565,0.209220084907842,0.875278671668778,0.381422296151003,0.648607965179956
BSU_10850,iolX,594.732530064775,0.0200314637507528,0.277005019169347,0.0723144432935583,0.942351670703751,0.980226410586802
BSU_10860,yisT,623.472911951091,-0.964746646151305,0.239342276263587,-4.03082422884971,5.55815988033575e-05,0.00152654128504
BSU_10870,yisU,10.814070871611,3.64286729943612,1.17553974849754,3.098889088261,0.0019424772327312,0.026739203838149
BSU_10880,yisV,164.150444190894,0.397793861244031,0.281602848782478,1.41260595538685,0.157771617020652,0.416256563054915
BSU_10890,yisX,514.749597595986,0.731485605448009,0.192577446766385,3.79839704872279,0.0001456348971859,0.0034812844884207
BSU_10900,yisY,67.7726560625316,0.200232036920277,0.346738480658894,0.577472787386574,0.563620116436758,0.790573262408833
BSU_10910,yisZ,2.10890812123847,0.28833598991139,2.04484846627677,0.141006042582895,0.887865168749838,
BSU_10920,yitA,5.31987961505367,0.845561141590589,1.18824425403502,0.711605495855964,0.476709102830791,
BSU_10930,yitB,3.86925016095394,1.6597733575686,1.58750335627519,1.04552431401656,0.295780709182729,
BSU_10940,slpH,9.20277605331911,0.884040993993885,1.13248103507476,0.780623221593748,0.435024129842814,
BSU_10950,slpS,5.1321430834621,0.388856795718904,1.27544827889071,0.30487852949796,0.760458668737696,
BSU_10960,yitE,1.25067062036863,0.213016371602041,2.84512878844049,0.0748705550580022,0.940317704441703,
BSU_10970,yitF,54.8822477885331,0.480360552185155,0.486113106736007,0.988166222076427,0.323071247875012,0.604361296840043
BSU_10980,yitG,94.8995972354686,0.0156895739107932,0.381970965385515,0.0410753050168567,0.967235861725933,0.987987023654406
BSU_10990,yitH,794.545254435522,0.0566143525881047,0.182184177939855,0.310753399270462,0.755988098792725,0.901136007877145
BSU_11000,yitI,630.275347843875,0.0635287560007952,0.193343854811284,0.32857913204846,0.742473823243888,0.893995809334389
BSU_11010,samT,253.783790918672,-0.804250095902502,0.263884086572638,-3.04774003748468,0.0023056929701638,0.030783700123392
BSU_misc_RNA_12,mswK,513.144155692265,0.228681656534532,0.291310904792817,0.785008912375501,0.432448343184094,0.692919150325638
BSU_11020,yitK,1154.53352611478,0.416665154901739,0.230996476433396,1.80377277322617,0.0712669357458181,0.264895351487249
BSU_11030,yitL,1098.70535955394,-0.203983250030137,0.199048880784199,-1.02478973620197,0.305462410366898,0.589654710921013
BSU_11040,yitM,62.2839873973721,0.863735053854272,0.395479721366768,2.18401856577937,0.0289608838436662,0.156655621008016
BSU_11055,yitO,2.4185062081272,0.999600801566251,1.83923117634818,0.543488395814914,0.586793578406435,
BSU_11070,yitP,0.419401600969482,1.75450846008685,3.49325319473515,0.502256310172749,0.615487237476398,
BSU_11079,yizB,72.2513332344343,-0.494813375676556,0.390180349460137,-1.26816580168938,0.204738746868942,0.475742911635513
BSU_11080,yitQ,146.265210538618,-0.507082626747623,0.270849517657466,-1.87219320578194,0.0611798787202171,0.242051611348966
BSU_11090,yitR,77.7449194927968,-0.515393652842978,0.402033188723005,-1.28196792528509,0.199853898106807,0.470274197140923
BSU_11100,nprB,95.4604946367919,0.511557651533189,0.339202645054662,1.50811810872156,0.131524301298159,0.377187507745871
BSU_11110,fakBB,679.346635627567,0.305619757418144,0.225047823651515,1.35802138611833,0.174456898207582,0.43778028147285
BSU_11120,yitT,1808.55392532839,1.0687612293431,0.174320153793967,6.1310250483504,8.73146554857776e-10,1.5843641122692e-07
BSU_11130,ipi,657.122344341739,0.888968796882095,0.210460697611437,4.22391832285644,2.40091092063085e-05,0.0007689215892433
BSU_11139,yizC,320.47327067973,-0.388883734306501,0.246909422889121,-1.57500564278236,0.115255142073825,0.348514412845049
BSU_11140,ribZC,1516.58166810417,-0.23197914656403,0.233464932033236,-0.99363593728503,0.320400141656242,0.601678315785785
BSU_11150,yitV,449.646596575329,-0.150094614743247,0.21463835368956,-0.699290747264742,0.484370348293098,0.734373881650606
BSU_11160,yitW,1761.45773600799,-0.0301592593430166,0.217348840617489,-0.138759697347978,0.889640042667445,0.962711588595403
BSU_11170,yitY,1206.6429295853,-0.269893891085193,0.183801607396732,-1.46839788241151,0.141996176470326,0.393098985069031
BSU_11180,yitZ,258.870522742244,-0.353689741041006,0.237508466638289,-1.48916687496304,0.136443431210665,0.384934400984435
BSU_11190,argC,83.6560373866903,0.733842947366135,0.452830757249596,1.62056780732685,0.105110361082864,0.33248855898795
BSU_11200,argJ,100.888178466562,0.377703422632288,0.377116900251486,1.00155528002169,0.316558428697327,0.598590173307989
BSU_11210,argB,61.735021309041,0.453140810465464,0.435289769161471,1.04100955861742,0.29787111199901,0.580759846595624
BSU_11220,argD,75.1254236581553,0.849039033885721,0.422061382688187,2.01164823106543,0.0442570313539713,0.203433355841071
BSU_11230,carA,101.918391088784,0.308159369322405,0.352692184499494,0.873734612973391,0.382262796556474,0.649082553744553
BSU_11240,carB,236.633236258131,0.400171875862866,0.299508159520395,1.33609674108266,0.181517655064088,0.44701941950391
BSU_11250,argF,130.520544998273,0.0497136414123654,0.393120753061866,0.126458959556739,0.899368633711182,0.965553273841496
BSU_11260,yjzC,0.44736949363663,-0.0584727456346332,3.45818296663233,-0.0169085170445957,0.986509598120145,
BSU_11270,yjzD,1182.18968387869,0.0262075287971409,0.402642782551389,0.0650887832412493,0.948103311171829,0.981979368334564
BSU_11280,yjaU,73.2056769289153,0.0457720005464625,0.375216802923908,0.121988141761724,0.90290840963184,0.965553273841496
BSU_11290,yjaV,13.0734911283384,1.70380636589254,1.01118199312735,1.68496509774968,0.09199530555175,0.308091660874653
BSU_11300,med,2133.73742736009,0.25132275565547,0.220967612106326,1.13737372305285,0.255382087309823,0.538830754994844
BSU_11310,comZ,742.270786835494,0.492972258411346,0.211522650221687,2.33058851094521,0.0197750678842159,0.125106293175578
BSU_11320,yjzB,14.1372061053036,1.31293532141875,0.889338815882382,1.4763049784531,0.139862038270569,0.389350946147916
BSU_11330,fabHA,1837.69592385125,0.0103985121388092,0.286268446163517,0.0363243391933933,0.971023742873507,0.987987023654406
BSU_11340,fabF,4423.66469321145,0.106921341102091,0.235913452427764,0.453222739109503,0.650388360098308,0.845358928987897
BSU_11350,yjaZ,28.8920826577631,0.0466163969802809,0.911633145610094,0.0511350395767846,0.959217914959782,0.985890297765049
BSU_11360,appD,319.917116502074,-0.631427302720219,0.303259817686918,-2.08213309477122,0.0373303143706808,0.181989477463848
BSU_11370,appF,434.794111248957,-0.285222324020251,0.293936861910144,-0.970352347666567,0.331870892576774,0.609100435841584
BSU_11390,appB,695.731136936198,-0.0946763640485303,0.383311545231376,-0.246995858137749,0.804911429516366,0.92306993008599
BSU_11400,appC,707.586522825119,-0.0632442964120144,0.37360781113055,-0.169279909380468,0.865576477912435,0.951311193669482
BSU_11410,yjbA,136.559894569453,0.0404382579424797,0.372522192927234,0.1085526143415,0.913557346838502,0.970183806485581
BSU_11420,trpS,2595.91250109532,-0.233191785367032,0.200022203363836,-1.16582950015235,0.243683387399361,0.527826414811855
BSU_misc_RNA_13,tboWA,924.237154912714,-0.493042847073684,0.25684194924125,-1.91963520184381,0.0549039943418263,0.225955407641825
BSU_11430,oppA,61007.1884531043,-0.435297307766547,0.275781150065275,-1.57841573894197,0.114470131776572,0.346710748142698
BSU_11440,oppB,1998.77837621311,-0.452774805342665,0.321256016746861,-1.4093893397783,0.158720074469031,0.417673393065506
BSU_11450,oppC,3184.96189174467,-0.496189678245967,0.309431270535497,-1.60355376296413,0.108812449452702,0.338565314275283
BSU_11460,oppD,4460.40836266317,-0.378857371405497,0.309736728672133,-1.22315933609065,0.221269520965961,0.500741455610043
BSU_11470,oppF,2204.27059165151,-0.37502889287686,0.346834859981048,-1.08128950157246,0.279568355927386,0.563086214360306
BSU_11480,yjbB,60.021000066173,-0.184628404080763,0.405522899513105,-0.45528477997775,0.648904374451366,0.844337113041021
BSU_11490,yjbC,1104.84613240645,-0.7214910381343,0.345109286439784,-2.09061612214885,0.036562489353812,0.179514755459499
BSU_11500,spxA,3809.49028769843,-0.724682897394025,0.287389895146873,-2.52160187129638,0.0116821843903156,0.0873319851800369
BSU_11510,yjbE,18.6163831145167,1.0954242198498,0.683729765684992,1.60213036615767,0.109126784312174,0.338865686807642
BSU_11515,BSU_11515,8.68225077825233,-1.94053459026309,1.17680316361273,-1.64898825076723,0.0991500417715193,
BSU_11520,mecA,2394.78120159056,-0.592286523001348,0.277687162804774,-2.13292727333511,0.0329306926364077,0.169160746977303
BSU_11525,BSU_11525,0.413029803953619,-0.97457593908291,3.47473224072146,-0.280475119107468,0.779113011789232,
BSU_11530,coiA,15.8763482815518,-0.0641615785125881,0.646673973454417,-0.0992178147666101,0.920965330511339,0.974163645840293
BSU_11540,pepF,4640.21039639793,-0.304286107436171,0.231821403104323,-1.31258849856602,0.189321647266169,0.457766211924013
BSU_11549,yizD,1.97759364466159,2.12513278708981,2.97625317441111,0.714029574285223,0.475208892182028,
BSU_misc_RNA_67,roxS,1.89315790775593,0.521546045545925,2.4638503598922,0.211679269989734,0.832357261773252,
BSU_11550,spxH,1304.80835452054,-0.154268436654702,0.272004935970768,-0.567153077954737,0.570610183992338,0.796680154798425
BSU_11560,yjbI,633.966754314415,-0.322742330659786,0.301038843122566,-1.07209530608109,0.283677226957238,0.566786531538185
BSU_11570,cwlQ,2435.99932959725,0.277681223542407,0.203543078665665,1.36423810312175,0.172492639582621,0.436637048045633
BSU_11580,yjbK,622.181600525118,0.20483997482318,0.221315286516641,0.925557280959796,0.354676102559455,0.626212738353535
BSU_11590,yjbL,518.185472016444,-0.460779928381706,0.202323985783955,-2.27743599749826,0.0227602025282766,0.136219982747947
BSU_11600,relP,1272.67418081846,-0.578805836741575,0.201291988959895,-2.87545391017471,0.0040344704245474,0.0442346499723802
BSU_11610,ppnKA,1102.68159263693,-0.280058764490859,0.237229337440527,-1.1805401790201,0.23778544000816,0.519561837171634
BSU_11620,yjbO,2269.73770811216,-0.301703293861821,0.187734061132834,-1.60707807651563,0.108037241885953,0.338021577465931
BSU_11630,prpE,83.7865519383492,0.0580368896712384,0.394142608649358,0.147248453726224,0.882935916837991,0.959571558379927
BSU_11640,kefQ,206.643283557991,0.581653652916538,0.36214149671265,1.60615024292028,0.108240902830849,0.338262378969606
BSU_misc_RNA_14,tswA,210.242604146287,-0.290988739439882,0.407072403282291,-0.714832882537831,0.474712313889151,0.725395577921747
BSU_11650,tenA,2213.96851064719,0.337000378934787,0.359735326281697,0.936800904203924,0.348860980121779,0.622089420653026
BSU_11660,tenI,1943.48657538542,0.354127787425969,0.357553977586565,0.990417698094921,0.321969998466604,0.603146050623503
BSU_11670,thiO,2930.32638732552,0.350614814055821,0.353194839918674,0.99269517679407,0.320858526139993,0.601891076262228
BSU_11680,thiS,635.141684590244,-0.0372415626464749,0.408056699221316,-0.091265656751971,0.927281506010759,0.975417067719355
BSU_11690,thiG,2520.4612354929,0.418570961486525,0.327188122435566,1.27929754408782,0.200792297122726,0.47123036455845
BSU_11700,thiF,2997.01781491592,0.409798201015793,0.360401165568523,1.13706125331018,0.255512680161633,0.538830754994844
BSU_11710,thiD,3367.85438443041,0.476970298127269,0.331454477596847,1.43902203881951,0.150144278647729,0.408572570117064
BSU_11720,fabI,3023.56055136814,-0.124886782147848,0.293273195293262,-0.425837697246645,0.6702261158329,0.857545722565685
BSU_11730,cotO,9.97782743959065,-0.129877911528336,1.03278318210214,-0.125755254131831,0.899925662522189,0.965553273841496
BSU_11740,cotZ,4.31570387898158,1.09799705000728,1.46982931693362,0.747023506306117,0.455049371876295,
BSU_11750,cotY,0.990200573409385,1.46849612030642,2.66969100806555,0.550062204153914,0.582276709241864,
BSU_11760,cotX,12.2693248374949,-0.244695527331516,0.965180257730949,-0.253523137643504,0.79986398379836,0.922049385885953
BSU_11770,cotW,2.86741578803015,0.97971133451194,1.82492708879682,0.536849576361906,0.591371523529999,
BSU_11780,cotV,2.36492431580041,2.58176293889668,2.31235473842046,1.1165081620047,0.264204678424514,
BSU_11790,yjcA,16.4964793994659,1.16661762531085,1.08709786283993,1.07314866967283,0.283204417043645,0.566670910134483
BSU_11799,yjzK,0.812161761725129,1.11539799333182,3.48076649352994,0.320446084333761,0.748630195539558,
BSU_11800,yjcB,0.0,,,,,
BSU_11809,yjcZ,0.783242763544167,-1.24762564878985,3.42963993095277,-0.363777444252945,0.716024207200451,
BSU_11810,spoVIF,1.10941745759755,0.173985373897878,3.4235418819168,0.0508202849268095,0.959468726727549,
BSU_11820,yjcD,706.892443002433,0.91043325801307,0.282317081887044,3.22486068475778,0.0012603398415321,0.0193510640284479
BSU_11839,yjzE,151.758844801742,0.140802660375996,0.329182581652602,0.427734236936601,0.668844620614983,0.856354701009112
BSU_11840,yjcF,2635.02170420789,-0.206307716312757,0.183055830561715,-1.12702073285342,0.259733715235263,0.544189110670132
BSU_11850,yjcG,2873.92303960455,-0.402076965042931,0.179422877722739,-2.24094591585059,0.0250295785341944,0.143852600183796
BSU_11860,yjcH,3614.7304438667,-0.412811031819127,0.184693357822785,-2.23511574365995,0.025409751051133,0.145115488120348
BSU_misc_RNA_15,mswA,12.6706381038719,0.449011362036209,0.833816277755646,0.538501554856662,0.590230831962191,0.806366009990783
BSU_11870,metI,750.997931383348,-0.184421795758271,0.212965663165469,-0.865969626356996,0.386506818596438,0.654063255547682
BSU_11880,metC,846.579649464639,-0.179349447466051,0.199929921998009,-0.89706155873875,0.369686069764023,0.638592293594971
BSU_11890,yjcK,377.466945308578,-0.140699494917823,0.260806773578108,-0.539477916878891,0.589557130489767,0.806068801647938
BSU_11900,yjcL,189.416590556408,0.392913288515728,0.422505670027721,0.929959800279007,0.352391898731084,0.624389018967815
BSU_tRNA_83,trnSL-Val2,0.550694842651076,2.401143435671,3.46670042752254,0.692630784191226,0.488541286251923,
BSU_11910,yjcM,4520.03714323371,-0.568372384741296,0.190039605946161,-2.99081016250013,0.0027823840667433,0.0339623387044549
BSU_11920,yjcN,2865.7295139633,-0.0443521156551588,0.213432490154507,-0.207803955353994,0.835382044106421,0.93675424721147
BSU_11928,yjzF,36.5568598996468,0.687941957808944,0.523012517192646,1.31534511162674,0.188393943422229,0.456075574373279
BSU_11929,yjzG,31.2317082774907,-0.208622443782606,0.537864271568987,-0.387871912692844,0.698110824522018,0.873349549198337
BSU_11930,yjcO,99.6584679099179,0.161829675512571,0.319739021394304,0.506130514839483,0.612765030126817,0.822959593211922
BSU_11940,yjcP,364.339373446491,-0.446435956964684,0.278680452004549,-1.6019636603625,0.109163645599857,0.338865686807642
BSU_11950,yjcQ,575.275774011205,-0.235002491366528,0.233054789373719,-1.00835727082908,0.313282978108893,0.595974267515353
BSU_11960,yjcR,2.9168084594272,1.11505806668695,1.59934865890365,0.697195111572056,0.4856806977989,
BSU_11970,yjcS,350.252677528931,0.883177477738559,0.264816659720145,3.33505255549968,0.0008528327947101,0.0144037910419389
BSU_11980,yjdA,995.035043973496,0.737089177030205,0.253026565668629,2.91309007448459,0.0035787135683395,0.0406102340314471
BSU_11990,yjdB,285.015022541765,0.30010103475759,0.255723811061635,1.17353575137068,0.240581028734393,0.523093391452993
BSU_12000,manR,2040.79181089407,-0.695769587364417,0.291162019542193,-2.3896303111869,0.0168653396588884,0.11253292515379
BSU_12010,manP,2820.33231894052,-1.45821592601507,0.403763426393682,-3.6115602124727,0.0003043603966334,0.006230803606979
BSU_12020,manA,2135.70760361158,-1.36121374976717,0.408245381750203,-3.33430287424554,0.0008551348890129,0.0144037910419389
BSU_12030,yjdF,2271.6897103964,-0.290473413268199,0.297533012780819,-0.976272886673518,0.32892925231398,0.60850325992453
BSU_12040,yjdG,238.342980336769,0.151586815103649,0.279517874221848,0.542315283148359,0.587601328965814,0.805129225457094
BSU_12050,yjdH,3.79916295206314,0.967753130388198,1.5048340165673,0.643096261603491,0.520161640110347,
BSU_12060,trnE,466.32992976501,0.521968159709435,0.216833951998977,2.40722522878658,0.0160742530686114,0.109877428510097
BSU_12069,yjzH,51.5687205968253,-0.0564754056933172,0.467960635313272,-0.120684094839538,0.903941257385814,0.965576063392728
BSU_12070,yjdJ,32.1351397321559,0.560340047246858,0.665988284088902,0.841366223151245,0.400142801736864,0.665016679655937
BSU_12080,ctaO,56.2618834188325,0.553764306574591,0.598991078702461,0.924495082254245,0.355228610724464,0.626345894374175
BSU_12090,cotT,1.40131409421199,-1.95656961589197,3.45595174795896,-0.566144946047783,0.571295251488086,
BSU_12100,pdaC,969.462683193651,0.448791095381516,0.455809286108744,0.984602791252581,0.324819218078283,0.605059601178268
BSU_12110,yjfA,116.442454312705,2.08184811297354,0.441228000162924,4.7183046230176,2.3781821020328e-06,0.0001217141404014
BSU_12120,yjfB,437.78238382841,1.56546199777683,0.222713481462928,7.02904012587763,2.07959173140705e-12,8.30173019177693e-10
BSU_12130,yjfC,1.78594976000977,1.0687626181754,3.04224396986299,0.351307333916266,0.725357793495392,
BSU_12140,yjgA,266.055645462747,0.239718913657889,0.237649916229551,1.00870607261793,0.313115618574029,0.595974267515353
BSU_12150,yjgB,9.20702251063551,0.411614926405792,1.32229787282858,0.311287596285161,0.755581995934093,0.900920946167532
BSU_12160,yjgC,204.819310662276,0.923215261996293,0.249039104716171,3.70710962460486,0.0002096382119599,0.0047015491131683
BSU_12170,yjgD,49.9611041431383,1.17609924076222,0.639747443717057,1.8383805239281,0.0660063529638913,0.252392108268059
BSU_12180,yjhA,513.028910621269,-0.76143194140047,0.261738443860807,-2.90913298852422,0.0036243265113586,0.0409867179414841
BSU_12190,yjhB,40.2154616907686,-0.745724378046371,0.570239781349563,-1.30773825754755,0.190962102376012,0.459286433976877
BSU_12200,yjiA,48.247852701643,1.18110452789613,0.617542690014174,1.91258765911232,0.0558008607823819,0.227767930719088
BSU_12210,cypE,120.877612458663,-0.0812146545374999,0.382406119463066,-0.212378020130883,0.831812132055136,0.935274087605341
BSU_12220,ppuG,122.723702420289,0.143260640494277,0.356459139411232,0.401899193076948,0.687758216613933,0.867740455348552
BSU_12229,yjzI,169.666584739339,0.50946385979773,0.314662398768737,1.61908083644962,0.105429871456431,0.332708337434048
BSU_12230,yjjA,1388.04566783239,0.0402397151355427,0.187681008819809,0.21440483183984,0.83023137401328,0.93410329848789
BSU_12240,yjkA,165.056872446279,-0.0217528145215837,0.449354876939462,-0.048408987279144,0.961390296890894,0.986598988480321
BSU_12250,yjkB,143.033487306129,0.364782142302435,0.330375268826967,1.10414482172843,0.269530320784382,0.551494126381984
BSU_12260,yjlA,504.934436174437,0.392900575706672,0.297380536507428,1.32120474433557,0.18643310483175,0.454082339529191
BSU_12270,yjlB,71.282187865198,0.23530962218689,0.466286444496027,0.504646071024471,0.613807445070353,0.822959593211922
BSU_12280,yjlC,5285.9075641678,0.0431686916367373,0.168410210083468,0.256330608550051,0.797695564366409,0.921622952252512
BSU_12290,ndh,14868.7510370624,0.135461771482596,0.174784549128623,0.775021431573511,0.43832699571653,0.697966241284558
BSU_12300,uxaC,311.207490466319,-1.10480828226521,0.242738195063848,-4.55143980111829,5.32800429926271e-06,0.0002363265906961
BSU_12310,exuM,53.1423922032734,-0.982374185888685,0.471212390572057,-2.0847800387763,0.0370892714437416,0.181362264836638
BSU_12320,yjmC,40.5777804823077,-0.378727051471245,0.525554609864231,-0.720623593367553,0.471141133755911,0.723870575561582
BSU_12330,yjmD,45.0127867281203,-0.42173852593657,0.483661494715218,-0.871970439128903,0.383224504328625,0.650162439982946
BSU_12340,uxuA,52.9911830875909,-0.458010835710834,0.434317820572071,-1.05455225186836,0.291630151224884,0.57592790682444
BSU_12350,uxuB,48.4879875412452,-0.386275033556682,0.39403272945531,-0.980312051972556,0.326932107431489,0.60702928970535
BSU_12360,exuT,57.7748351079969,-0.529921411043438,0.369461556971158,-1.43430730760658,0.151484585857699,0.410163028084898
BSU_12370,exuR,573.915552792064,-0.117471821873931,0.201101655658525,-0.584141495450446,0.559125118992797,0.789016827787691
BSU_12380,uxaB,47.2911311587811,0.060742676674768,0.819275916376806,0.0741419044067578,0.94089747210164,0.980226410586802
BSU_12390,uxaA,71.4865572658626,-0.441436624895305,0.44847201563408,-0.984312531231568,0.324961869971495,0.605059601178268
BSU_12400,yjnA,14.7968081111428,2.20865755723367,1.22944181420345,1.79647180673178,0.0724195126592224,0.266977849701263
BSU_12410,yjoA,2007.22654640607,0.200650499864828,0.199566445542541,1.0054320470525,0.314688854968887,0.596872012163367
BSU_12420,yjoB,479.523262085141,-0.140912904307151,0.391924537131635,-0.35954090891692,0.719190479973677,0.881218046671245
BSU_12430,rapA,1420.62401378224,-0.856163054411402,0.203256906681036,-4.2122212149718,2.5287171360447e-05,0.0007886436568039
BSU_12440,phrA,17.2697183195468,-1.67159979229172,0.784642481969543,-2.13039674846029,0.0331388720241742,0.169160746977303
BSU_12450,yjpA,95.7337543784546,-0.327682581706217,0.337932501901464,-0.969668735213176,0.332211639346076,0.609100435841584
BSU_12460,xlyB,488.165087876475,-0.793611732711638,0.282696315272279,-2.80729422294476,0.0049959587567207,0.0499846299669907
BSU_12470,yjqA,861.2679291711,0.539441480943462,0.195913836761614,2.75346289910012,0.0058968453458831,0.0563162837817352
BSU_12480,pghB,361.739534937862,0.861818241921232,0.41588797310977,2.07223650993572,0.0382433901095784,0.184381175504151
BSU_12490,xpdC,547.444301351943,0.629266212348361,0.233438835010491,2.69563636367566,0.0070254315211632,0.0623233836277416
BSU_12500,xkdA,84.3929151833806,-0.207848056273936,0.377002620153908,-0.551317272514138,0.581416200023793,0.802286025058756
BSU_12510,xre,680.814969628626,-0.0345950345246561,0.230526046502911,-0.150069959770118,0.880709420182555,0.959021835500604
BSU_12519,yjzJ,0.577505058430369,2.02731317221517,3.48349715325809,0.581976411354043,0.560582569747516,
BSU_12520,xkdB,19.1818658418186,0.472044007085146,0.658645481463692,0.716689054081315,0.473565981347676,0.725395577921747
BSU_12530,xkdC,30.3428436738713,-0.0619701346693653,0.499107689278123,-0.124161851240951,0.901187126754655,0.965553273841496
BSU_12539,ykzK,11.6000040318233,1.2594113745935,1.00836423590879,1.24896473887578,0.211677971062889,0.485642793381065
BSU_12540,xkdD,21.3659242922147,-0.4014243727847,0.680923544562915,-0.589529288552322,0.55550627070119,0.786934362185646
BSU_12550,xtrA,21.9962454069654,1.30796601056773,0.740218247042336,1.76700049721001,0.0772281450325767,0.275263174080398
BSU_12560,xpf,43.5147889494986,0.963539425314206,0.604818640725285,1.59310471013055,0.111136702882539,0.340771883284076
BSU_12570,xtmA,407.225610367514,-0.700567779658523,0.339013115352718,-2.06649167224588,0.0387820779339762,0.185678338289734
BSU_12580,xtmB,543.911219805654,-0.561541968821751,0.249548301498108,-2.25023358384192,0.024434121466368,0.141927005035697
BSU_12590,xkdE,641.505326207228,-0.564604837982132,0.267826057810428,-2.10810270889238,0.0350221061859753,0.175328495099092
BSU_12600,xkdF,1041.04018635926,-0.754150542981164,0.261098802559977,-2.88837227741758,0.0038724125860016,0.0430428177339211
BSU_12610,xkdG,1038.27281229739,-0.632020497863498,0.259961708243336,-2.43120612698812,0.0150486505373433,0.105629641712417
BSU_12619,ykzL,397.902691742881,-0.958592783468185,0.274743631281795,-3.48904460131048,0.0004847502590278,0.0092589618853556
BSU_12620,xkdH,318.523028156312,-0.847811263840308,0.244526524790883,-3.46715459423205,0.0005259992767927,0.0099046656271546
BSU_12630,xkdI,532.493178989449,-0.739097691547082,0.27130486947025,-2.72423304819498,0.0064451010072753,0.0589362652362493
BSU_12640,xkdJ,374.426276420222,-0.332491372853405,0.308344698507435,-1.07831065188685,0.280895145037362,0.56432700588765
BSU_12649,ykzM,194.253770451758,-0.632187041447401,0.344990842044695,-1.83247484976862,0.0668807054377753,0.254059665513793
BSU_12650,xkdK,1901.63455292399,-0.447034900853403,0.270116414100124,-1.65497125505191,0.0979303288695837,0.31835331665096
BSU_12660,xkdM,917.077191151332,-0.487092495390844,0.273145994343828,-1.78326794270212,0.0745426971649174,0.270633416374239
BSU_12671,xkdN,440.899409837991,-0.828661464062605,0.309500851825535,-2.67741254725115,0.0074193218302427,0.0646679754286657
BSU_12672,xkzB,104.057642119939,-0.490312282555244,0.447553387442497,-1.09553920562883,0.273280479231695,0.556876080253421
BSU_12680,xkdO,2065.50028233492,-0.526192258679687,0.232485240093823,-2.26333619487987,0.0236149726989457,0.139366179318537
BSU_12690,xkdP,354.181980283607,-0.460407409764341,0.292881508186524,-1.57199207493539,0.115952389171125,0.349081400883205
BSU_12700,xkdQ,373.65579657023,-0.359526333871465,0.300011985219237,-1.1983732370183,0.230771746600367,0.510624827933911
BSU_12710,xkdR,100.409207488343,-0.435991463238839,0.382514995103472,-1.13980227917837,0.254368683984132,0.538195398123998
BSU_12720,xkdS,175.794660703179,-0.938788010166078,0.330220527332651,-2.84291233421834,0.0044703364596598,0.0470859713640162
BSU_12730,xkdT,344.498403694439,-0.654574101635691,0.278063990207385,-2.35404124477786,0.0185705504249621,0.120935786780504
BSU_12740,xkdU,226.992323455558,-0.751279306639883,0.345331650059842,-2.17552983200264,0.0295904350891965,0.157977635992134
BSU_12749,xkzA,98.3859653849022,0.215755161389255,0.386347513188877,0.558448427966915,0.57653821139583,0.800257489531347
BSU_12750,xkdV,1190.60113620008,-0.218065052008089,0.298916801555946,-0.729517547601871,0.465685137880946,0.719595687177819
BSU_12760,xkdW,199.20354454429,-0.217756240514963,0.319206682417433,-0.682179454596125,0.495125484357723,0.743170393138246
BSU_12770,xkdX,91.200484454064,-0.158911830265799,0.335036085833307,-0.474312580003288,0.635277021990218,0.838078609314259
BSU_12780,xepA,302.387868104866,-0.490303610926712,0.244537010936896,-2.00502823293786,0.0449600288468159,0.204813239219635
BSU_12790,xhlA,162.148472181753,-0.172652179832477,0.285846622217566,-0.604002868717012,0.545841734917246,0.779606513699337
BSU_12800,xhlB,121.878898393933,-1.01883691486264,0.445228471992453,-2.28834627377539,0.0221173637438032,0.133846480674858
BSU_12810,xlyA,730.597086660524,-0.52186139695368,0.275282435923019,-1.89573081625744,0.057995648242864,0.233857199783346
BSU_12815,spoIISC,56.4206547995934,0.0246168877209593,0.377880798567521,0.0651445847851429,0.94805888227473,0.981979368334564
BSU_12820,spoIISB,472.519004820604,0.460802375782346,0.211980340000794,2.17379770114823,0.0297203312673805,0.158402620052581
BSU_12830,spoIISA,540.197244418809,0.062906016009616,0.201128158728972,0.312765832527628,0.75445857562526,0.90065748621293
BSU_12840,pitB,4125.74445627182,0.405618750865309,0.20990157033064,1.93242361277418,0.0533072419092324,0.222956302148183
BSU_12850,ykaA,3082.7698271767,0.42181587576236,0.191088735435546,2.20743454500822,0.0272837151797594,0.152118143851396
BSU_12860,steT,990.417293701218,0.566110937139477,0.256928556560209,2.20337880973077,0.027568060457231,0.152637583003143
BSU_12870,mhqA,213.012766433658,-0.178063070374908,0.307330688042395,-0.579385910040801,0.56232880916433,0.790005961252683
BSU_12875,BSU_12875,0.0,,,,,
BSU_12880,ykcB,21.0926524805806,0.217625791844402,0.610313484890896,0.356580343105653,0.721405995291448,0.881516175772965
BSU_12890,ykcC,29.5974484826111,1.23283760785488,0.518187238088201,2.37913541136851,0.0173532999448037,0.114882874593129
BSU_12900,htrA,917.532559920632,0.0028136658232568,0.214906023675978,0.0130925405213358,0.989553962491113,0.995641458588494
BSU_12910,proCC,426.682150604559,0.277499425951124,0.241678297243184,1.1482182269428,0.250878486646763,0.536074619381717
BSU_12920,dppA,213.754733200678,-0.446241505832971,0.368437529307401,-1.21117277784331,0.225829193465117,0.5050476976542
BSU_12930,dppB,106.723066971423,-0.527100805851345,0.414385251651625,-1.27200667434583,0.203370747861984,0.474562262662268
BSU_12940,dppC,112.138904835017,-0.0908275959746048,0.458555199149056,-0.198073418735965,0.842987621569845,0.939749299870526
BSU_12950,dppD,96.3091319280305,-0.354556077243409,0.427077613906605,-0.830191201079775,0.406430689253715,0.669336349629055
BSU_12960,dppE,407.48682985613,0.315553336710423,0.315666506600834,0.999641489077731,0.317484037258649,0.598958542881157
BSU_12970,ldcA,125.355226536581,0.0340684720813297,0.423405280953098,0.0804630306089725,0.935868998166108,0.979886061384305
BSU_12980,aeeB,182.84857871484,-0.0338813425026628,0.381433841160111,-0.088826262503648,0.929219985725375,0.976314478516355
BSU_12990,eepC,213.830607530704,0.190370140200847,0.35308441095551,0.539163254717677,0.589774212423373,0.806068801647938
BSU_13000,ykfD,232.239544859878,0.214334772087409,0.343526784774008,0.623924484457338,0.532677179705534,0.772410934029965
BSU_13010,pgl,3522.67951203575,-0.171389457479931,0.184191920511965,-0.930493894648317,0.352115423787533,0.624176186394242
BSU_13020,ddaH,39.2310751350094,0.87696380097453,0.764329942610087,1.14736287574946,0.251231677728741,0.536074619381717
BSU_13030,ykhA,762.908249299374,0.672433659114759,0.240622183664737,2.79456220068085,0.00519700420525,0.051480001953742
BSU_13040,hmpA,135.039887709293,0.313589563484961,0.334849182031826,0.936509868658289,0.349010733890004,0.622089420653026
BSU_13050,ykzH,1.8737374753211,2.32038311276908,3.15180280857604,0.736208212790256,0.461603994935832,
BSU_13060,ykjA,3.29499456115389,1.32812592814833,1.46993920441107,0.903524393500641,0.366247647797913,
BSU_13070,ykkA,67.8956724019199,-0.448533130940666,0.363901020236692,-1.23256903937485,0.217736593952759,0.495480622817089
BSU_13080,ykkB,102.74936607648,0.0036678562120873,0.414697581009578,0.0088446530195762,0.992943079918133,0.996187176434578
BSU_misc_RNA_16,gdwA,32.1510642322656,1.19614757525604,0.872633642492043,1.37073282189777,0.170458259220812,0.43397281301625
BSU_13090,gdnC,56.6673738928462,0.158511886659527,0.531985492280824,0.297962799661935,0.765731556265708,0.905333553840219
BSU_13100,gdnD,62.4504818767249,1.15248263899093,0.494035061879869,2.33279523644655,0.0196588948129569,0.125045156351986
BSU_13110,purU,2750.20204281156,0.429774924922552,0.239604264644862,1.79368645862609,0.0728632278778045,0.267386379222974
BSU_misc_RNA_17,pswB,1187.91170725399,0.44928735629752,0.2993374180181,1.50093950590017,0.13337120888455,0.379755967094953
BSU_13120,proB,1058.64495614149,0.323941373217378,0.283236325308458,1.14371407998105,0.252742232233534,0.536673931423547
BSU_13130,proA,1791.75327147997,0.466630470641549,0.294856914568152,1.58256580594346,0.11352046236191,0.344618772432505
BSU_13140,ohrA,274.054150751128,-0.748845668929471,0.312120529317569,-2.39921952768302,0.0164300612271943,0.111010555289002
BSU_13150,ohrR,217.255603941791,-0.292535342970867,0.291620309738253,-1.00313775550624,0.315794400237683,0.598315731252411
BSU_13160,ohrB,156.265342634187,0.17792694415617,0.374228195780243,0.475450396743097,0.634465980707559,0.838078609314259
BSU_13169,ykzN,4.09393778302498,0.432126435052698,1.4020731521732,0.308205341770439,0.757926088042798,
BSU_13170,guaN,32.2770322558172,0.757100342511751,0.494086434557979,1.53232367771657,0.125442580990644,0.36659354561834
BSU_13180,metE,1532.34181614801,0.523896888062151,0.267904551467871,1.95553560098803,0.0505198855786383,0.218263401763987
BSU_misc_RNA_18,mswB,901.360818438321,-0.407269524063603,0.351777831548305,-1.15774641702423,0.246967535683694,0.531766128613435
BSU_13190,ispA,37.8708454274852,0.117328394043833,0.833421422159299,0.140779191564153,0.888044382060745,0.962084762952955
BSU_13200,rsbRB,1602.58807491969,-0.456049665536384,0.207399265455589,-2.19889720696258,0.0278852322694373,0.153966593664722
BSU_13210,thiX,818.880388660798,1.02594779791423,0.364012867469747,2.81843827402474,0.0048257888740648,0.0491442581256811
BSU_13220,thiW,1573.61829110254,0.891665045146754,0.316015987192854,2.82158207585428,0.004778740752673,0.0488462781883481
BSU_13230,thiV,571.40070526674,0.996642940562663,0.3138332214479,3.1757088556927,0.0014947088178494,0.0218566945086259
BSU_13240,thiU,1035.32746504694,1.1670320641846,0.322433838954466,3.61944660637621,0.0002952337189158,0.0061065958855557
BSU_misc_RNA_19,tswB,47.8958362031559,1.04350772265129,0.493550453922279,2.11428783898073,0.0344906904032595,0.173627788259536
BSU_13250,ykoG,112.0903686358,0.025178297543234,0.33231106778635,0.0757672553940384,0.939604267625688,0.980226410586802
BSU_13260,ykoH,192.929849570803,0.036848984708569,0.258396121258788,0.142606570598109,0.886600907938171,0.961821499663118
BSU_13270,ykoI,150.155237488113,-0.0288424401647978,0.312444067558286,-0.0923123309403765,0.926449891529985,0.975313282433465
BSU_13280,ykoJ,524.821908816005,0.0695522987125536,0.272001578013785,0.255705497079979,0.798178250201177,0.921622952252512
BSU_13290,ykzD,4.0251891104823,-1.62205148656544,1.64979443151314,-0.983183998916609,0.325516888530199,
BSU_misc_RNA_68,swmG,451.334252756566,0.56505762511032,0.403062569630135,1.40191044191684,0.16094199194329,0.419647571415815
BSU_13300,mgtE,2156.72419406567,0.14530292830533,0.475174573359083,0.305788517424577,0.759765671739369,0.903230597941239
BSU_13310,tnrA,166.707572240742,0.181407281768136,0.251918872120988,0.720101992521672,0.471462200811583,0.723875809861476
BSU_13320,ykzB,2.04842845291865,0.503649900719338,1.75512769216171,0.286959121532072,0.774143620715474,
BSU_13330,ykoL,4.31421326968178,1.14216343997988,1.31128242690487,0.871027794276034,0.383738977228324,
BSU_13340,ykoM,3708.43718643135,-1.05374002990421,0.273417018756822,-3.85396649665546,0.0001162195058041,0.0028996766698134
BSU_13350,ykoN,15.0770786229965,0.811919678374924,0.803887072457294,1.00999220685696,0.312499023769143,0.595747900136781
BSU_13360,ykoP,2.52753293049233,-0.0184698383214054,1.99927735298877,-0.0092382571601655,0.992629042089546,
BSU_13370,ykoQ,93.8120250426503,0.944214215611438,0.374252513174498,2.52293353383894,0.0116380395817258,0.0871652045220439
BSU_13380,ykoS,13.2845115221859,0.0629720847969214,0.735118715620732,0.0856624698280848,0.931734737159843,0.978039724097316
BSU_13390,ykoT,33.7617631774264,0.59990249897943,0.518462212504115,1.15708046702568,0.247239486249444,0.531804961317951
BSU_13400,ligD,147.875772828008,0.573523796539937,0.358496937071726,1.59980110632072,0.109642713326019,0.339425754511283
BSU_13410,ligV,48.3889127650886,0.299496332878779,0.638140362683256,0.469326734982653,0.638836108271188,0.839734655932525
BSU_13420,dgcW,1418.89192463331,0.859130453209711,0.261580722250568,3.28437984962344,0.0010220706735265,0.0165857972712114
BSU_13430,ykoX,596.137456569799,0.0135687653860747,0.217094423733895,0.0625016762416094,0.950163327103928,0.982401450867361
BSU_misc_RNA_87,mnrW,0.719722726717491,-0.516759783034039,3.44033004819999,-0.150206455716193,0.880601732757215,
BSU_13440,ykoY,355.572217443474,0.434039517371945,0.209507037180461,2.07171808266316,0.0382917399769499,0.18439158744027
BSU_13450,sigI,571.714437619958,-0.110247623844205,0.209756145093683,-0.525599017825987,0.599166839291113,0.812733273003779
BSU_13460,rsgI,1077.92266798058,-0.206143168827622,0.178554550635141,-1.15451086569536,0.248290786457028,0.532890763191643
BSU_13470,sspD,10.0185295468598,0.251625851935233,0.834305284658135,0.301599254568236,0.762957576315798,0.903784653545908
BSU_13480,htpK,1490.61459780421,0.589539035754188,0.195703419627572,3.01241049786506,0.0025918185254959,0.0328008524163481
BSU_13490,htpX,1198.37850830276,-0.159472938632846,0.233012458474864,-0.684396618432525,0.493724750762898,0.742074248887609
BSU_13500,ktrD,780.925658798809,0.764531136521562,0.199845796277661,3.82560529549163,0.0001304511604376,0.0031948529599212
BSU_13509,ykzP,1.79282799024397,0.0637559697295049,2.6689062799281,0.0238884258353285,0.980941606495269,
BSU_13510,ykzE,0.812345864596991,-0.263853909561145,3.462023176372,-0.0762137906418202,0.939249011255315,
BSU_13520,ykrP,7.33866691425297,2.18626200098705,1.31862496539283,1.65798620408779,0.0973202509887004,
BSU_13530,kinE,512.587051396865,-1.22967885374167,0.206124108868248,-5.96572065486848,2.4355666061644203e-09,3.73953149684938e-07
BSU_13540,ogt,210.931591103826,-0.429782078109612,0.277649881430721,-1.54792818889372,0.121639586910397,0.358437987325916
BSU_13545,BSU_13545,68.2730134494731,0.160177539896543,0.471273114137,0.339882618149905,0.733944926949095,0.888425266663287
BSU_13550,mtnA,28516.3471084981,0.0559498200970892,0.216963517982882,0.257876626528077,0.79650212424124,0.921622952252512
BSU_13560,mtnK,26886.8611944733,0.137317099338826,0.241516531455696,0.56856190551915,0.569653483240323,0.796238342120228
BSU_misc_RNA_20,mswC,3284.40213348205,-0.0884712247418529,0.272448532176594,-0.324726376886876,0.745388169724031,0.895452775666064
BSU_13570,mtnU,1335.71523617024,0.522496029538329,0.223224625529376,2.34067378677076,0.019248977570709,0.123341763181814
BSU_13580,mtnE,2576.68309371868,0.708635875342703,0.233806716282824,3.03086192992635,0.0024385673053937,0.0313917725187707
BSU_misc_RNA_21,mswD,210.481170979973,0.655869908967381,0.359208268763564,1.82587642323758,0.0678688782994995,0.256099113888055
BSU_13590,mtnW,866.709230650382,0.0553324700457472,0.185764161518139,0.297864074499344,0.765806908403267,0.905333553840219
BSU_13600,mtnX,492.112075124203,-0.298344582168461,0.226402402071595,-1.31776244173468,0.187583184417831,0.45549396118977
BSU_13610,mtnB,530.093168989518,-0.0471848477284564,0.225479879798613,-0.209264116029331,0.834242062848756,0.936576719462546
BSU_13620,mtnD,793.531079633015,0.0054646654140431,0.23046272742303,0.0237117102411635,0.981082565211113,0.9916724999225
BSU_13630,ykvA,317.7414508751,-0.368843147136956,0.244783701617376,-1.50681252346407,0.131858718590197,0.377193550037109
BSU_13640,spo0E,832.317427161139,0.642163326328579,0.22338680438634,2.87466991657206,0.0040445008116029,0.0442346499723802
BSU_13650,eag,156.470567700498,0.863601225009768,0.364838239288852,2.36707979594768,0.0179290667266778,0.117718477587003
BSU_13660,kinD,1618.45759264397,0.227462632695349,0.224977386650399,1.01104664820741,0.31199410363243,0.595638671305911
BSU_13670,mhqR,1713.94821891995,0.816309746732508,0.18247464787808,4.47355156579299,7.69309947648553e-06,0.0003195952857157
BSU_13680,motB,2736.69330233405,0.539136131986877,0.224703770343513,2.39931947364603,0.0164255768875372,0.111010555289002
BSU_13690,motA,2350.31920762387,0.449090612905775,0.231991484833147,1.93580645095129,0.0528914105425719,0.222956302148183
BSU_13700,clpE,191.767250971007,-0.281671504925626,0.508929296801152,-0.553459010310581,0.579949140990659,0.80143334490631
BSU_13710,ykvI,26.6927225855497,1.49698296853906,0.646219128427505,2.31652531267805,0.0205296040023134,0.127455955174549
BSU_misc_RNA_22,qswA,5.78814815134945,2.10654225764621,1.85770425558468,1.13394920171683,0.256815856847574,
BSU_13720,queC,419.381198451561,0.28554097224579,0.220010003709762,1.29785449493686,0.194337339419062,0.462884641384782
BSU_13730,queD,218.629223997239,0.262200044306382,0.27909817347958,0.939454533282948,0.347497425515987,0.621971132112386
BSU_13740,queE,418.041407354243,0.2379007183165,0.284718015919,0.835566086496545,0.403399054135398,0.667861974690168
BSU_13750,queF,709.863261112753,0.187148400984654,0.23544297128979,0.794877842219831,0.426684564539369,0.689326095362671
BSU_13760,ykvN,97.383826625541,0.640963865769201,0.486039811689697,1.31874766295567,0.187253486547227,0.454970126778167
BSU_13770,ykvO,69.4797457069921,0.279709619552479,0.421738496246256,0.663229992144598,0.507183265606238,0.750992431862056
BSU_13780,ykvP,33.0335239434006,1.57797949632824,0.687133817129541,2.29646606962258,0.0216492470551776,0.132348842640534
BSU_13789,ykzQ,20.0688646121069,0.116787442814676,0.691329305215732,0.16893171160773,0.86585035540136,0.951311193669482
BSU_13800,ykvR,43.748519472815,1.18563571256843,0.863969026456076,1.3723127522659,0.169966097474317,0.433359641678243
BSU_13810,ykvS,822.216556492615,0.428965752187176,0.32849580321184,1.30584850093365,0.191604082670127,0.459286433976877
BSU_13819,ykzS,72.2139799374803,1.10056383648453,0.491289857839648,2.24015175343543,0.0250810726325574,0.143855807398232
BSU_13820,ykvT,51.9823547878044,1.27458534088278,0.410274485393492,3.10666489450431,0.0018921075086865,0.026200213869688
BSU_13830,ykvU,12.266927724086,0.335063373806379,0.724586339080032,0.462420219282343,0.643780002436797,0.841709744509834
BSU_13840,stoA,152.379440235866,1.08785743841716,0.316691563097019,3.43506921301814,0.0005924025049615,0.0108980221189245
BSU_13850,pfeT,533.138498670001,1.41663497018482,0.316343560592428,4.47815333282535,7.52915156043338e-06,0.0003195952857157
BSU_13860,papB,2200.36727696507,-0.361870004514428,0.213121591807748,-1.69795092766041,0.0895170240550128,0.302328223373614
BSU_13870,ykvZ,629.201537078408,-0.439738511666669,0.239504919396146,-1.83603122965225,0.0663530380137946,0.253232626913067
BSU_13880,glcT,1272.02504267322,0.272972168798394,0.182051368751158,1.49942387509051,0.133763703658397,0.380551170138231
BSU_misc_RNA_88,gswA,172.215888496998,0.490383847303373,0.334980287240253,1.46391852291792,0.143216211702149,0.39515522725841
BSU_13890,ptsG,1433.14716847393,0.680877574597013,0.195793737793888,3.47752477821212,0.0005060662740665,0.009588076711544
BSU_13900,ptsH,2282.12629115906,0.27191714245026,0.171089777526472,1.58932430903528,0.111987193299888,0.341001430704158
BSU_13910,ptsI,22930.7429501041,-0.0195835277743327,0.207569418995512,-0.094346883414248,0.924833608400334,0.974382624632919
BSU_13920,splA,20.0423820863655,-0.210945958336937,0.581075157799952,-0.36302697767293,0.716584731818599,0.879926156692804
BSU_13930,splB,125.541757506327,-0.240072124358769,0.384753723797339,-0.623963095118013,0.532651821962145,0.772410934029965
BSU_13940,ykwB,154.289005322114,0.156167000873682,0.376161295479395,0.415159674188851,0.678025017202034,0.86254807797021
BSU_13950,mcpC,7190.25343171952,0.431065537068265,0.200309831401078,2.1519939089018,0.0313978341055517,0.164488390747195
BSU_13960,ohaC,1613.68688512995,0.607160888270679,0.303634438116815,1.99964434876485,0.0455386814650396,0.206111583229522
BSU_13970,ykwD,123.762983056892,0.485965959951582,0.385800503733297,1.25963018515789,0.207802801192697,0.479507966682802
BSU_13980,pbpH,2255.71166904785,-0.280540559239864,0.209367363051125,-1.33994408274302,0.180263524875585,0.445580180373581
BSU_13990,kinA,779.676601073863,-0.459901895953498,0.246680954862052,-1.86435915253645,0.0622712850844475,0.244097412627976
BSU_14000,dapX,4016.48621102022,0.209250486003952,0.187395038085184,1.11662767670953,0.264153552785925,0.547624865011621
BSU_14009,ykzT,1044.5342365218,1.15358039669817,0.309454466785969,3.72778718846555,0.0001931683822768,0.0044573883355436
BSU_14010,cheV,2907.79034877228,0.685550596431902,0.262439464115091,2.61222373221756,0.0089955363655699,0.0740503704913596
BSU_14020,kre,570.687216695816,0.240540774828658,0.266829970407606,0.901475851686416,0.3673353676313,0.636779090220717
BSU_14030,ykuC,716.869669047064,0.140036090912169,0.222944122444884,0.628121923002424,0.529924072562164,0.770566174416341
BSU_14040,ltdD,36.2250507811231,-0.673071438158136,0.493819986279109,-1.36298946348784,0.172885831319493,0.436637048045633
BSU_14050,ppeE,82.6848578541712,-0.137072934230593,0.324143930046878,-0.422876757898164,0.672385181107932,0.858965669495317
BSU_14060,fadH,116.252935290599,-0.474447486609105,0.305976340820163,-1.55060187116873,0.12099712346022,0.357739548204877
BSU_14071,ykuG,2171.60604490916,-0.25454512015917,0.24129272643809,-1.05492247494033,0.291460782368907,0.57592790682444
BSU_14072,ykzU,657.696704281573,-0.0690223880546778,0.260891790763209,-0.264563280633556,0.791345910212911,0.919140019559323
BSU_14080,ykuH,341.291028841427,-0.0808519460526702,0.234521971118292,-0.344752117113534,0.730280733529429,0.887537096767006
BSU_14090,ykuI,1475.08675709479,0.164032972081235,0.16791069347921,0.976906048580788,0.328615667043087,0.60850325992453
BSU_misc_RNA_69,fsrA,7.01143042586476,-0.242800180973409,1.2567370801729,-0.193198867769546,0.846803225421271,
BSU_14100,ykuJ,2145.68721649826,0.526098101626666,0.194570271512838,2.70389765885666,0.0068531392597965,0.0616410646461119
BSU_14110,ykuK,4117.69203783075,0.308887236892664,0.173289812218607,1.78248930469726,0.0746694738121238,0.270633416374239
BSU_14120,abbA,3160.64841880409,0.280903528610481,0.252632690669194,1.11190490773937,0.266179038358399,0.548642769225654
BSU_14130,ykuL,666.161741660838,-0.46800354222239,0.225666878148801,-2.07386899691055,0.0380914790771155,0.183931302322565
BSU_14140,ccpC,2914.58877466252,-0.278259653083395,0.174825538476636,-1.59164190488441,0.111465188706017,0.341001430704158
BSU_14150,fldN,435.710870988527,-4.41076015873638,1.05815726067706,-4.16834087204972,3.06824850463701e-05,0.0009421883100393
BSU_14160,ykuO,1434.58109076232,-3.20007150317467,0.52571152182616,-6.08712453563622,1.1495655286151e-09,1.83562623609259e-07
BSU_14170,fldP,857.223720707259,-3.0420899058976,0.532745017051472,-5.71021747464544,1.12831899299875e-08,1.28692840572886e-06
BSU_14180,dapH,5198.36739760226,0.221349010276032,0.187990091106635,1.1774504122692,0.239015778652187,0.521679053241952
BSU_14190,dapI,1366.51114845905,-0.174806499889227,0.185681148642404,-0.941433749022526,0.346482625350012,0.621365067563902
BSU_14200,ykuS,344.011274301273,-0.0776757985349291,0.227945677311764,-0.340764516576864,0.733280865000868,0.888393691375862
BSU_14210,mscT,132.243840166966,0.11460426116402,0.317683625730051,0.360749663759517,0.71828659479844,0.880961959878753
BSU_14220,ahpA,312.47294935835,-0.529721745566009,0.282742362923947,-1.87351389472718,0.0609974558550826,0.241703298646762
BSU_14230,ykuV,222.126287681634,-0.279220775075341,0.335549819402803,-0.832129117435635,0.405336068076737,0.668924404958892
BSU_14240,rok,2805.10822448188,-0.258826606463487,0.186016165531271,-1.39141996462655,0.164098114018091,0.425652807771421
BSU_14250,sppO,8.36512437253907,2.3011995704133,1.29226878253688,1.78074375974306,0.074954320833766,
BSU_14260,mobA,458.733442900354,0.200092423657334,0.216886089788959,0.922569187595359,0.356231759110393,0.626741816821811
BSU_14270,moeB,974.58868207862,0.189422644879804,0.202791010580067,0.934078114892645,0.350263600109775,0.62217165133263
BSU_14280,moeA,1029.93596167349,0.216394001777397,0.214730011665082,1.00774922005272,0.313574869378045,0.596090894551027
BSU_14290,mobB,545.098239439542,0.237345189405905,0.202096610735494,1.17441449681976,0.240229041422994,0.522612715727843
BSU_14300,moaE,637.938606715889,0.101365576831989,0.18417639365697,0.550372253573293,0.58206407556733,0.802368803407326
BSU_14310,moaD,196.877188739875,0.0735463190128066,0.254159816155982,0.289370365957733,0.77229796994047,0.908907280661072
BSU_14320,yknU,81.1211498530509,0.0097856980686923,0.401081894091907,0.0243982543536357,0.980534940736443,0.9916724999225
BSU_14330,yknV,95.9734945824572,0.709096368172084,0.353586422585914,2.0054400363741,0.0449160251855825,0.204813239219635
BSU_14340,skiW,705.299196515563,0.0859447314161048,0.27816065489465,0.308975154838686,0.757340426312292,0.901940030381465
BSU_14350,skiX,1194.79925621572,0.143593475550557,0.241710226396353,0.594072818893045,0.552463409787742,0.784448017826406
BSU_14360,skiY,675.624359827216,-0.0921675516826797,0.246824887571725,-0.373412716154472,0.708841296724264,0.877406693957442
BSU_14370,skiZ,1144.58514970493,0.0613358873700123,0.263969984251214,0.232359325034623,0.816258938313749,0.927620339299467
BSU_14380,fruR,655.709118446219,-0.0966575940707571,0.228750756246637,-0.422545462392009,0.67262692455971,0.858965669495317
BSU_14390,fruK,726.373391611099,-0.402920176962584,0.262266367055932,-1.53630136218212,0.124464485580158,0.364535749402781
BSU_14400,fruA,1401.75238539393,0.100504972173709,0.283682920290019,0.354286299897643,0.723124333878971,0.881516175772965
BSU_14410,sipT,800.688531879997,-0.239220469974276,0.214964791134824,-1.11283558908137,0.265779047451195,0.548642769225654
BSU_14420,ykoA,26.4703102513111,-0.178282818905599,0.612293379385574,-0.291172214020186,0.770919612331248,0.907820381246709
BSU_14430,ykpA,5144.62352884552,-0.0956131760969453,0.176522267053162,-0.54164937768531,0.588060069114165,0.805129225457094
BSU_14440,panE,621.192513128401,-0.481982038841899,0.190329920546485,-2.53235033912696,0.0113300725160272,0.0855206745860502
BSU_14450,ampS,2682.08786129213,0.0811560878318482,0.17652152484466,0.459751794594262,0.645694387690349,0.841978927246465
BSU_14460,ykpC,115.257646081703,-0.366796895949285,0.360584238943565,-1.01722941918904,0.309044303940825,0.592777339109334
BSU_14470,mreBH,314.208050628798,-0.0742751596078877,0.289344475308789,-0.256701495781528,0.797409216766364,0.921622952252512
BSU_14480,abhA,1143.31854141833,-0.38135967631794,0.172885536385012,-2.20585067028778,0.0273944571310238,0.152252410167516
BSU_14490,kinC,1329.99092932838,-0.251783663919073,0.169928473210138,-1.48170379667751,0.138419126431202,0.387167240959024
BSU_14500,ykqA,1014.67341045994,-0.196292778355288,0.194294953546622,-1.01028243282802,0.312359995154172,0.595747900136781
BSU_14510,ktrC,1914.04278419516,-0.185598892647692,0.188091166118853,-0.986749651657827,0.323765382612474,0.604361296840043
BSU_14520,adeC,3462.27166821679,1.42240455166159,0.194637823120493,7.30795550863222,2.71237562754038e-13,1.54682907216303e-10
BSU_14530,rnjA,11198.3198201246,-0.275787645951078,0.167847083809774,-1.64308869532482,0.100364583464651,0.323631193207502
BSU_14540,rnpZA,1235.95514113412,-0.458024667991823,0.193554099817036,-2.36639093888885,0.017962465673805,0.117744109966879
BSU_14550,ykrA,2157.83390147437,0.229792279696833,0.204455593583746,1.12392268496537,0.261045826732859,0.54474382661661
BSU_14560,defB,585.261653370426,-0.206053897595436,0.232999274790114,-0.884354244368571,0.376505014550052,0.644900347016209
BSU_14569,ykzV,0.0,,,,,
BSU_14568,BSU_14568,3.65467879008368,3.26067391959751,2.09419574186114,1.55700532401031,0.119469221379884,
BSU_14570,ykyA,501.5946434655,0.250522269146545,0.218786511017656,1.14505354092113,0.252186979133347,0.536380816421769
BSU_14580,pdhA,20784.2179567686,0.110311385094761,0.179179894875413,0.615645997400897,0.538128186068193,0.776911895355199
BSU_14590,pdhB,16645.8519914165,0.160673879303094,0.187055776235164,0.858962404353107,0.390361258253182,0.657519891538693
BSU_14600,pdhC,37121.6049291184,0.18555941446735,0.186813955404323,0.993284543789796,0.320571307629069,0.601678315785785
BSU_14610,pdhD,39270.5467868289,0.138146051356469,0.188806690755366,0.731679850982944,0.464363997405039,0.718225911523021
BSU_14620,slp,13.3719830120226,2.07881029117028,0.949632190168118,2.18906889708768,0.0285918327696098,0.155714319803932
BSU_misc_RNA_70,srrA,0.95271743567559,1.06557951653289,3.45515907431746,0.308402447937476,0.757776119508215,
BSU_14629,rgpA,0.0,,,,,
BSU_14630,speA,1555.49774618095,0.861147770020175,0.263760110672245,3.26489008449901,0.0010950656182191,0.0176983884531619
BSU_14640,yktA,843.415395851265,0.385924874862275,0.19165266516063,2.01366818738899,0.0440443821665276,0.203433355841071
BSU_14650,yktB,983.244430955445,-0.25594552829898,0.303218869117866,-0.844094990010302,0.398616327086041,0.664762254467659
BSU_14660,ykzI,40.9833585967845,-0.283178409742956,0.447705896876431,-0.632509894818549,0.527053744843999,0.768253177226265
BSU_14670,suhB,868.89325647575,-0.0189721526672679,0.185891190065751,-0.10206052616349,0.918708632909133,0.973840908808619
BSU_14680,ykzC,432.958582154243,-0.222218407879097,0.203644401628525,-1.09120803764816,0.275181351955481,0.557626374114862
BSU_14690,yktD,121.468228090486,0.0927689974980698,0.362297735180957,0.256057348665827,0.797906555110646,0.921622952252512
BSU_14700,nprE,907.341793558096,-0.346283889736451,0.222959951093991,-1.55312148229918,0.120394114809176,0.357599186248684
BSU_14710,ylaA,143.44064713233,0.291014547300878,0.27944456563625,1.04140349495896,0.297688321175396,0.580759846595624
BSU_14720,ylaB,13.6253951058714,0.396806536857716,0.787852910400884,0.503655608323904,0.614503408273955,0.822959593211922
BSU_14730,sigP,76.1574063087811,0.76018400442196,0.385403312429854,1.97243765142864,0.0485596672373666,0.213256536426367
BSU_14740,sigQ,68.3209417109872,0.540586953902562,0.338959892073273,1.59484047093602,0.110747914328889,0.340343090069996
BSU_14750,ylaE,56.4245088289267,-0.125210279070206,0.482435779482995,-0.259537713401747,0.79522038752036,0.921218742594683
BSU_14760,ylaF,235.56410145686,-0.216862817671345,0.267845770946253,-0.809655560008308,0.41813816603828,0.680753490548455
BSU_14770,bipA,8333.34879011169,0.607019881394294,0.283832342195078,2.13865649242005,0.0324634986546057,0.167868246928997
BSU_14780,ylaH,1096.69694270488,0.153086728961362,0.25551451624506,0.599131240021366,0.54908537075083,0.78200099894303
BSU_14790,ylaI,504.730036175828,0.422274101447234,0.247692068818912,1.70483497295975,0.0882252069164905,0.299231118105888
BSU_14800,ylaJ,33.5266535371499,-0.94983123238082,0.486112677437528,-1.95393223930657,0.0507092312616805,0.218608262631348
BSU_14810,ylaK,82.9978825795446,0.561358303208935,0.370907805874304,1.51347125705727,0.130159996827415,0.374675533440328
BSU_14820,ylaL,1131.92762982093,-0.179411417193461,0.252303261298924,-0.711094324622689,0.477025786669868,0.72793843286931
BSU_14830,glsB,145.013466558446,0.608238021839942,0.315942667828885,1.92515314889144,0.0542102014127986,0.225389019707423
BSU_14840,ylaN,3783.73627313396,-0.164438630090695,0.195160067366961,-0.842583384548128,0.399461486878038,0.664943873288692
BSU_14850,ftsW,1920.82392096048,-0.158563621751347,0.193407427243061,-0.81984246423006,0.412305919816489,0.675115793870369
BSU_14860,pycA,23088.8398713692,-0.275806278256602,0.182287817554618,-1.51302638846923,0.130272956015825,0.374675533440328
BSU_14870,ctaA,1188.70951102054,-0.0454476100336983,0.281033821389731,-0.161715802777605,0.871529659532063,0.955411568813247
BSU_14880,ctaB,4940.54660471874,0.42441047428379,0.20625823570282,2.0576655901163,0.0396222456701784,0.188300005613515
BSU_14890,ctaC,1249.44603742949,-0.0843247032358562,0.210292756347906,-0.400987198514582,0.688429548968253,0.867978143142706
BSU_14900,ctaD,1632.64882907621,-0.0563495909871753,0.187822508328462,-0.300015112611699,0.764165628116304,0.904402368052263
BSU_14910,ctaE,399.950231997371,-0.0222579281986099,0.2334429290785,-0.0953463370532212,0.924039738626479,0.974317653617777
BSU_14920,ctaF,142.887380278636,-0.0777605399058736,0.401356644447431,-0.193744244630435,0.846376145972993,0.940889327408574
BSU_14930,ctaG,618.423194090733,0.140059053330007,0.25257528084552,0.554523993247265,0.579220289948999,0.80143334490631
BSU_14940,ylbA,1119.1536074136,0.321047583203002,0.195788150721758,1.63977024155693,0.101052947828037,0.323843332391194
BSU_14950,ylbB,194.97919663481,0.377836574242054,0.278206825774057,1.3581139614055,0.174427525763073,0.43778028147285
BSU_14960,ylbC,1090.0983260325,0.476028454555255,0.191175591526785,2.49000644252517,0.0127740779727908,0.0925483108300923
BSU_14970,ylbD,8.46569608616989,1.55436695213672,1.03558624737065,1.50095364445333,0.133367551699757,
BSU_14980,ylbE,6.47664680364445,2.03376632868767,1.21927815542501,1.66800850129129,0.0953140391824733,
BSU_14990,ricF,1026.50797656851,-0.263486259110755,0.193559951369787,-1.36126433823791,0.17343016848363,0.436637048045633
BSU_15000,ylbG,350.484666099415,-0.593456172728552,0.261908834330717,-2.26588833570686,0.023458220965571,0.139363121895812
BSU_misc_RNA_23,csfG,93.6583989822312,-0.496186455907141,0.426273326935301,-1.16401009529374,0.244419920630226,0.528555800358968
BSU_15010,rsmD,885.565569744864,0.0428850885063039,0.179831193615723,0.238474135905165,0.811513373316326,0.925853497078815
BSU_15020,coaD,833.290311649941,0.295168399529028,0.190698696688034,1.54782599281156,0.121664196599854,0.358437987325916
BSU_15030,spoVV,12.4738231571406,1.94265223219638,0.773827697145887,2.51044546397276,0.0120578945530355,0.0893044806228529
BSU_15040,ylbK,595.383819058422,-0.037383154365019,0.229973539216054,-0.162554155110422,0.870869485688186,0.95534789416522
BSU_15050,ylbL,741.075450108436,-0.0288300406664884,0.211052781954838,-0.136601092861489,0.891346112621791,0.963252214831129
BSU_15060,ylbM,457.053540911301,0.347972508982556,0.261983838321021,1.32822127965073,0.18410501651685,0.451164656804951
BSU_15069,ylzH,0.0,,,,,
BSU_15070,ylbN,11789.3004384434,0.305966282354411,0.26292769742413,1.16368981036203,0.244549740296346,0.528555800358968
BSU_15080,rpmF,15096.8064947078,0.468646555178375,0.236623928089734,1.98055437149472,0.0476412701969345,0.211527640801723
BSU_15090,gerR,34.785025714816,0.478880689987242,0.479676158901343,0.998341654261237,0.318113715548684,0.599579769816028
BSU_15100,ylbP,2063.95980099623,0.0726476329752748,0.20494959661669,0.354465850016505,0.722989792496565,0.881516175772965
BSU_15110,panE,576.795979754965,0.174825898072281,0.196326857455075,0.890483861141036,0.373206130454659,0.641146484859707
BSU_15120,bshC,2726.50148626164,0.132576045712768,0.189881065122666,0.698205719602018,0.48504855006113,0.734622682527347
BSU_15130,mraZ,3791.53431081421,-0.543618469940808,0.16447542003423,-3.30516541515852,0.0009492036078186,0.0155860196763013
BSU_15140,rsmH,7764.21802020637,-0.233770458386823,0.169606535392283,-1.37831043978426,0.16810746131369,0.431084797128096
BSU_15150,ftsL,2121.13275183962,-0.227326607745941,0.168979843231471,-1.34528831012433,0.178532147156032,0.443497406003037
BSU_15160,pbpB,4806.63645290715,0.0569780128066937,0.193317040165217,0.294738698450989,0.768193498553178,0.906081977278725
BSU_15170,spoVD,79.4889721434214,-0.615173154440186,0.451471003573645,-1.36259726443282,0.173009471463348,0.436637048045633
BSU_15180,murE,2775.11800963016,0.192570218228012,0.197191633434111,0.976563837290573,0.328785129502974,0.60850325992453
BSU_15190,mraY,2216.04227956841,0.173807980389729,0.235190221741363,0.739010232240285,0.45990078408572,0.715480876878486
BSU_15200,murD,4210.99374763861,0.335219201120195,0.210703254016514,1.59095407750049,0.11161991101267,0.341001430704158
BSU_15210,spoVE,2870.90986195273,0.298312860129678,0.208393245984253,1.4314900596741,0.152289813846979,0.411326750255169
BSU_15220,murG,1736.76456921527,0.229088881182079,0.191213732536304,1.19807755511798,0.230886825826545,0.510624827933911
BSU_15230,murB,1874.04928633614,0.0322261038292411,0.183483490076964,0.175634896718629,0.860580784873828,0.949477211482267
BSU_15240,divIB,807.912062586769,0.171261338204737,0.191349798377654,0.895017082101805,0.370777956570243,0.639309481163466
BSU_15250,ylxW,894.093272763619,-0.0753829680497779,0.188489041791969,-0.399932894417153,0.689205943407493,0.867978143142706
BSU_15260,ylxX,1485.1234004123,0.398118900739635,0.189342188713535,2.1026423294492,0.0354970467894534,0.176249018387435
BSU_15270,sbp,653.565760996359,0.20677620321914,0.191479235317762,1.07988839038339,0.280191883716233,0.563489168662571
BSU_15280,ftsA,8222.49740644513,-0.262445646342047,0.237570229676333,-1.10470763403144,0.269286294439767,0.551277378155667
BSU_15290,ftsZ,12212.3972403482,-0.118830060049437,0.200101856018125,-0.593847865352504,0.55261387141697,0.784448017826406
BSU_15300,bpr,237.868778424703,0.390336685781829,0.252019746082436,1.54883373961559,0.121421692589018,0.358252325805882
BSU_15310,spoIIGA,20.6580711528712,-0.126334132415551,0.840583870020837,-0.150293310306346,0.88053321064658,0.959021835500604
BSU_15320,sigE,22.0294760626474,1.31770980057914,0.93084362639889,1.41560812494028,0.156890271136411,0.416100330686436
BSU_15330,sigG,165.875804817455,0.322859729041279,0.384340223890468,0.840036272480524,0.400888049299894,0.665246147303393
BSU_15340,ylmA,389.598757151598,0.260946329569544,0.369517464216788,0.706181317093181,0.480075387332755,0.730637036306656
BSU_misc_RNA_24,tswE,114.15914738719,0.198547039190445,0.378290468572133,0.524853401514094,0.599685105219396,0.812883850606393
BSU_15350,thiQ,473.302830796431,0.419146481876034,0.242120621348162,1.73114739067729,0.0834254797587131,0.289595230605898
BSU_15360,ylmC,145.389239058607,0.337617257239349,0.287189691844302,1.17558974721971,0.239758854564904,0.522443966934005
BSU_15370,ylmD,3161.70664911412,0.115160041716366,0.186718397418749,0.616757873398514,0.537394442094219,0.776660529409788
BSU_15380,ylmE,3168.7532148819,0.196203634907632,0.171988129001692,1.14079754251936,0.253954183524748,0.538195398123998
BSU_15390,sepF,2061.43758314977,0.155757119275716,0.175059997744511,0.88973564082317,0.373607851702723,0.641480664084847
BSU_15400,ylmG,2554.09386263955,0.242284974654131,0.182328682898506,1.32883631254552,0.183901979150617,0.45094391939144
BSU_15410,ylmH,1973.37687407742,0.226592256465332,0.178149480876559,1.27192206988433,0.203400809472731,0.474562262662268
BSU_15420,divIVA,4169.14984020765,0.275777993363876,0.168308314306413,1.63852864013485,0.10131146460829,0.323843332391194
BSU_misc_RNA_25,iswA,3402.58511622658,0.0364500799167504,0.193531602201825,0.188341746268077,0.850608762088181,0.943230605071117
BSU_15430,ileS,10513.3791314659,0.171972763393301,0.259098703256665,0.66373455842017,0.506860216780007,0.750792573427009
BSU_15440,ylyA,5.1701674841017,0.750356453659252,1.24741929985131,0.60152705168879,0.547488999593105,
BSU_15450,lspA,771.528166246375,0.04024366380341,0.214176549244252,0.18789948734077,0.850955444622748,0.943352994983063
BSU_15460,rluD,1386.00966261009,0.185607997769061,0.194822136649149,0.952704866918271,0.340739626738725,0.617924914885751
BSU_misc_RNA_26,pyaA,51.6553650277331,0.0157802954628252,0.445769127363712,0.0354001533398021,0.971760662442406,0.987987023654406
BSU_15470,pyrR,5347.45159426041,-0.140947407766072,0.182567939579147,-0.772027159264558,0.440098341899608,0.69967048222351
BSU_misc_RNA_27,pyaB,346.564489848836,-0.142459075373542,0.313592616485096,-0.45428070651119,0.649626800755582,0.845001690653725
BSU_15480,pyrP,3574.15837047145,-0.0363691630629105,0.303024717049191,-0.120020450533105,0.904466947875745,0.965576063392728
BSU_misc_RNA_28,pyaC,64.1510166876962,-0.609191083057523,0.515413919698599,-1.18194534484781,0.237227388062732,0.518783627012524
BSU_15490,pyrB,1358.95055885783,-0.452123334925529,0.447459985302284,-1.0104218249149,0.312293235850634,0.595747900136781
BSU_15500,pyrC,2548.57643128005,0.0050811846237758,0.486235711980866,0.0104500440806285,0.991662222920931,0.996187176434578
BSU_15510,pyrAA,2280.06729582058,0.0066818252951412,0.824640355036166,0.0081027144188792,0.993535040006386,0.996447493313454
BSU_15520,pyrAB,7828.46550823258,0.312044227078419,0.957601934026482,0.325860063550989,0.744530232530573,0.895230327789773
BSU_15530,pyrK,2141.33416622867,0.384087312005092,1.0245919711342,0.374868555313697,0.70775822581594,0.877389076546288
BSU_15540,pyrD,1987.22927990096,0.466745200279922,1.01243723626821,0.461011491438542,0.644790360590315,0.841978927246465
BSU_15550,pyrF,1486.89818951919,0.307694204032786,0.987603169744756,0.311556517292577,0.755377584564778,0.900920946167532
BSU_15560,pyrE,2136.27425944827,0.563357835515296,1.00202187769082,0.562221093229589,0.573965391748703,0.799119738559537
BSU_misc_RNA_29,mswE,94.3230474862652,-0.307345910044031,0.409883679895952,-0.74983690524602,0.453352938632037,0.709719580791801
BSU_15570,cysH,3021.85528752674,0.0861570073840562,0.270433178074598,0.318588895036726,0.750038275462242,0.897805322553999
BSU_15580,cysP,3136.49035616194,0.183516919956124,0.329999993275484,0.556111889986991,0.578134367399333,0.801178443470562
BSU_15590,sat,5135.66378846059,0.289463682016735,0.402877806855146,0.718490016306138,0.472455201534885,0.724842876451676
BSU_15600,cysC,2961.38981787818,0.283841049415701,0.426455736644748,0.66558150125707,0.505678633654269,0.750497435762223
BSU_15610,sumT,3587.99986822267,0.142276478777993,0.421386578079369,0.337638847982469,0.735635363155637,0.889895869611304
BSU_15620,sirB,3249.45995569763,0.360218497426871,0.371879066636472,0.968644190394832,0.332722746996024,0.609100435841584
BSU_15630,sirC,3258.03646543164,0.296950095190609,0.378362717147686,0.784829164536052,0.432553738129131,0.692919150325638
BSU_15640,fbnA,718.612653700507,-0.0993706428298367,0.220690883028396,-0.450270720141398,0.652515248647492,0.846552119792261
BSU_15650,tcaB,83.2443330002709,0.418853920236543,0.388223587582908,1.07889869042822,0.280632892709514,0.564091897128086
BSU_15660,yloC,3807.16107906198,-0.145696675939091,0.1602649740119,-0.909098677595475,0.363298040588877,0.633866161726748
BSU_15670,remA,1750.3403225299,0.0621745916273395,0.221504156044439,0.280692663910404,0.778946135992214,0.912180819747512
BSU_15680,gmk,4243.42697353609,0.101369605310827,0.163006052798252,0.62187632649623,0.534023192741931,0.773217451806482
BSU_15690,rpoZ,2343.03845433615,0.0772169958263623,0.199589499719345,0.386879048922623,0.698845752272269,0.87366931002943
BSU_15700,coaBC,1024.88947859285,0.172900948658235,0.17820011746212,0.970262820926528,0.331915504340963,0.609100435841584
BSU_15710,priA,1449.51999164523,0.0103157368979354,0.193524174954385,0.0533046421738624,0.957489181542453,0.985616796135005
BSU_15720,defA,620.642084751157,0.0630574960872619,0.190329006871693,0.331307860655055,0.740411954344271,0.893010575806048
BSU_15730,fmt,1645.19853682716,0.0443708554037544,0.169943948938687,0.261091116693791,0.794022242011019,0.92063223645309
BSU_15740,rsmB,2795.22356561766,0.0785542942025814,0.166447458725966,0.471946491726921,0.636964982097379,0.839101952360486
BSU_15750,rlmN,3075.90093450804,0.198177416315776,0.181330419314867,1.09290772648385,0.274434315536867,0.557527627289147
BSU_15760,prpC,1885.00855073661,0.0991058690887494,0.171296846715114,0.578562133449971,0.562884661421899,0.790005961252683
BSU_15770,prkC,5340.29285552791,0.234912503300646,0.167554841694137,1.40200367190503,0.160914150204652,0.419647571415815
BSU_15780,rsgA,3035.56221023177,0.173031736173653,0.192789874860943,0.897514645405827,0.369444362074419,0.638592293594971
BSU_15790,rpe,1779.27672438277,0.242386944700204,0.186434590818129,1.30011787853606,0.193560570909238,0.461861206855754
BSU_15800,thiN,639.591775945044,0.202228110261104,0.239186593162857,0.845482631726814,0.39784142588761,0.664233781741255
BSU_15810,spoVM,137.09907753083,0.261187888601909,0.339747007141901,0.768771712808112,0.442028844239507,0.700960215202333
BSU_15820,rpmB,9921.85124293079,0.0108542828393098,0.187923726203172,0.0577589805109271,0.953940612411169,0.984199139891059
BSU_15830,yloU,2106.76271900147,0.275464597687165,0.176186419893441,1.56348371147884,0.117938863968966,0.353197258037594
BSU_15840,yloV,9743.00038847479,0.385737743090983,0.156669611423891,2.46210952835848,0.0138122479405475,0.0988145049796873
BSU_15850,sdaAB,1021.87494348453,0.118047222508298,0.198580828701845,0.594454274765553,0.552208316519135,0.784448017826406
BSU_15860,sdaAA,1464.22248238618,0.310248290422424,0.167026696514147,1.85747725900899,0.063243283659557,0.245891798509696
BSU_15870,recG,1901.3973174615,0.445443663622148,0.168115090098459,2.6496352193088,0.0080578720001121,0.0689619189007611
BSU_15880,fapR,2100.54730544624,0.167562163826789,0.300269832114404,0.558038623616865,0.576818010140669,0.80036756916286
BSU_15890,plsX,3107.78744142872,0.26295168551172,0.300146819550562,0.876076867665839,0.380988247320407,0.648531046845744
BSU_15900,fabD,3082.0829491817,0.274412293418545,0.286118467627552,0.959086268334675,0.33751528742964,0.614197047019326
BSU_15910,fabG,3726.8341879582,0.381730367687944,0.281968527445985,1.35380487725202,0.175798637244041,0.439441552835448
BSU_15920,acpA,13175.1247404405,0.159176507870868,0.219977645562178,0.723603107325175,0.469309433181988,0.722425131193282
BSU_15930,rnc,3544.7499566201,0.175755451683024,0.196605778533737,0.893948555295716,0.371349416886758,0.639528417692812
BSU_15940,smc,5187.04798658665,0.0336281405634623,0.187418834205994,0.179427754451302,0.857601840099607,0.947593089183468
BSU_15950,ftsY,1630.41909135046,0.103538189497796,0.208117673183655,0.497498304271486,0.618837698417758,0.825392613459302
BSU_15960,ylqB,256.674248721346,-0.026792688901241,0.395066020648506,-0.067818256951738,0.945930310275599,0.981979368334564
BSU_15970,ylxM,1489.14424484637,-0.295513853874444,0.265923634854624,-1.11127337002594,0.266450698309623,0.548642769225654
BSU_15980,ffh,6281.62063497927,-0.254515988674303,0.209303966614067,-1.21601130065347,0.223980617194551,0.503735562727126
BSU_15990,rpsP,1863.98899440236,0.0115353093499252,0.289699949805661,0.0398181268504307,0.968238124554432,0.987987023654406
BSU_16000,ylqC,1469.32517595812,0.19358322588455,0.316851952308189,0.610957970984063,0.541227404935364,0.777634788463879
BSU_16010,ylqD,393.475368594999,0.210484699246991,0.211300060893796,0.996141214331148,0.319181537181054,0.60102485680508
BSU_16020,rimM,771.614697412138,-0.0229472262386005,0.237261710640251,-0.0967169383406932,0.922951188042806,0.974244902496177
BSU_16030,trmD,797.212655235884,0.122525173026886,0.250874250391364,0.488392781785083,0.625271653671268,0.831473831264392
BSU_misc_RNA_30,BSU_misc_RNA_30,111.359352256096,0.577155849947315,0.336077933022114,1.71732742092691,0.0859193645750842,0.2951722060101
BSU_16040,rplS,37996.7036680566,0.356638881778752,0.187751162291881,1.89952955510505,0.0574948844799011,0.232542633073724
BSU_16050,rbgA,1388.51045025472,0.0838523064941525,0.187800787872617,0.446496031481127,0.655238978614672,0.848982149506579
BSU_16060,rnhB,391.47668258222,0.47069314154188,0.2378498613561,1.97895066601353,0.0478215609962052,0.211644868621786
BSU_16070,ylqG,1177.93490488406,0.656239084386211,0.233664835152685,2.80846317314884,0.0049778575426567,0.0499846299669907
BSU_16080,ylqH,130.948413761556,0.819649803714098,0.319054438176277,2.56899671541708,0.0101993424190812,0.0798348528175928
BSU_16090,sucC,52773.7831424162,-0.0219276827895565,0.168705193193846,-0.129976335490522,0.896585149389557,0.965516028152984
BSU_16100,sucD,52985.1876030945,0.0924183445927231,0.183690664818599,0.503119440957925,0.614880299077877,0.823139555304791
BSU_16110,dprA,852.986281450044,0.0855724572237578,0.20830666085773,0.410800388578079,0.68121890822728,0.863333562284574
BSU_16120,topA,5241.91812877996,0.10980182188068,0.168732696357633,0.650744190372878,0.515211632060213,0.756786084755293
BSU_16130,trmFO,1861.56491802655,0.493635198793956,0.189567256825818,2.60401087750891,0.0092139832448385,0.0750657573742763
BSU_16140,codV,3599.35625552174,0.354803382953493,0.18328439670726,1.93580789924077,0.0528912330954954,0.222956302148183
BSU_16150,clpQ,2265.52679259379,0.442515120830701,0.18356225515986,2.41070867453293,0.0159215603649966,0.109584256857011
BSU_16160,clpY,5969.41782561995,0.375210901966111,0.205500127541923,1.82584267199331,0.0678739635504916,0.256099113888055
BSU_16170,codY,4635.89218520568,0.420989480832154,0.211676998731635,1.98882960054572,0.046720014365642,0.209087777295564
BSU_16180,flgB,1759.43043846073,0.501951627055016,0.192905126900672,2.60206473057336,0.009266436029258,0.0753393332562079
BSU_16190,flgC,2607.22576398154,0.217313017010295,0.193750793490902,1.12161097817903,0.262027881841518,0.545874565852549
BSU_16200,fliE,2322.93965158056,0.35134393468598,0.195575210478473,1.79646456126224,0.0724206640102526,0.266977849701263
BSU_16210,fliF,8830.53028214284,0.388849315467787,0.176667965595373,2.2010176783174,0.0277347723591066,0.153347938029853
BSU_16220,fliG,5149.0337139384,0.225806429460164,0.2008362369908,1.12433111097629,0.260872584850504,0.54474382661661
BSU_16230,fliH,3015.89539001594,0.444448822029036,0.168455419761091,2.63837650732382,0.0083304035241081,0.0700400093923941
BSU_16240,fliI,7714.67038714318,0.394520615305162,0.184445451542048,2.13895551235766,0.0324392715179371,0.167868246928997
BSU_16250,fliJ,1532.32527899533,0.284111604682063,0.214359883668078,1.32539540430984,0.185040040484644,0.452345279617085
BSU_16260,ylxF,2995.73257810908,0.547571969133553,0.192539959661034,2.84393935730302,0.0044559527919509,0.047072191141623
BSU_16270,fliK,9532.86802906526,0.448757513100217,0.1942131493858,2.31064433340078,0.0208525083441215,0.12885946332776
BSU_16280,flgD,2026.03141203256,0.404106347522376,0.217947377695925,1.8541464081581,0.0637182168096346,0.246475892930292
BSU_16290,flgE,6403.24835101842,0.52213556152924,0.20174644954011,2.58807806888037,0.0096513104193401,0.0762931310772395
BSU_16299,swrD,610.945624312823,0.476107022830699,0.199112618989254,2.39114439480299,0.0167959457628702,0.112310578702475
BSU_16300,fliL,1386.865046082,0.332383614546139,0.233232194188337,1.42511892795442,0.154122826113125,0.412901107867252
BSU_16310,fliM,5412.73931896928,0.53275760697996,0.191676860339407,2.7794570822821,0.0054449848118677,0.0532754396298437
BSU_16320,fliY,7358.41787036405,0.58407109122876,0.186671159397482,3.12887696800064,0.0017547576494353,0.0249427513189815
BSU_16330,cheY,2941.30355437468,0.590575544987558,0.207550353065521,2.84545671093665,0.0044347786876237,0.047072191141623
BSU_16340,fliZ,3087.4772393527,0.646970273947902,0.211598396175703,3.05753864698805,0.002231628627112,0.0300968293224036
BSU_16350,fliP,2200.56317943531,0.715442292952118,0.207647504221408,3.44546540848025,0.000570076926103,0.0105358661527936
BSU_16360,fliQ,708.39340202159,0.325638975331545,0.249670738743457,1.30427368850039,0.192140283055075,0.459397524021706
BSU_16370,fliR,1818.2329799271,0.676074260430792,0.202397129795606,3.34033521677672,0.0008367732159551,0.0142752080260386
BSU_16380,flhB,3806.99453455123,0.682122337223419,0.230346807526867,2.96128409395844,0.0030635920617366,0.0361830163031147
BSU_16390,flhA,7139.88251261176,0.687332671536271,0.22536806744222,3.04982280469921,0.0022897641708256,0.0306736193622013
BSU_16400,flhF,2891.0280231301,0.729817777732877,0.227403187182279,3.20935597594716,0.0013303267598169,0.0198901289332925
BSU_16410,flhG,2635.20289849873,0.598247641270901,0.256888543572554,2.32882180322665,0.019868507855449,0.125498549618596
BSU_16420,cheB,3293.69902791179,0.795414720922166,0.2384695190234,3.33549849129404,0.0008514661586284,0.0144037910419389
BSU_16430,cheA,6811.76154000204,0.751397146214728,0.251466219200848,2.98806395786537,0.0028075079590356,0.0339623387044549
BSU_16440,cheW,2156.84247015322,0.973543990480131,0.251651520412417,3.86861954533256,0.0001094532702835,0.002748034307999
BSU_16450,cheC,1695.19809041,0.822353741201801,0.282314187610219,2.91290263575841,0.0035808623194061,0.0406102340314471
BSU_16460,cheD,1480.50361802034,0.736291178268112,0.296889444323735,2.4800180415483,0.0131375735158676,0.094325887545582
BSU_16470,sigD,2230.00025353629,0.879763437395207,0.265299087483511,3.3161193494489,0.0009127683867532,0.0151193834021527
BSU_16480,swrB,1670.00971869164,0.768659516163551,0.280090201678571,2.74432847545898,0.0060634832241791,0.0574872583928973
BSU_16490,rpsB,25191.1543878901,0.48519566975685,0.228655091608179,2.12195436517231,0.0338415704241673,0.171009001386347
BSU_16500,tsf,23292.7597361605,0.419645505219737,0.185834012172551,2.25817384188039,0.0239348234064511,0.140305161583778
BSU_16510,pyrH,7086.38210422287,0.163398385465805,0.185800308430765,0.879430108840171,0.379168112929425,0.647130870805586
BSU_16520,frr,7940.92872845285,0.354525953541037,0.169946275430197,2.08610605112469,0.0369690177014936,0.181080145600445
BSU_16530,uppS,2244.36260474867,-0.0928709920176473,0.220212041583957,-0.421734394493772,0.673218896560304,0.859446701333141
BSU_16540,cdsA,1661.58327381523,-0.0281765345297065,0.230084456756946,-0.122461703527724,0.902533373819108,0.965553273841496
BSU_16550,dxr,4334.20861628317,-0.100359865931814,0.172073570117782,-0.583238122293382,0.559733011116431,0.789016827787691
BSU_16560,rasP,6918.77211173737,-0.0058936870615015,0.166803745574743,-0.0353330618637738,0.971814160227383,0.987987023654406
BSU_16570,proS,9297.49165460249,0.0259009377534056,0.16522312998844,0.156763388729034,0.875431327599088,0.956822025266579
BSU_16580,polC,4489.06899033787,0.138495005830277,0.183393296962174,0.755180304429785,0.450140804570556,0.706353023524238
BSU_misc_RNA_71,surG,280.319442211611,0.375256531266161,0.318905652984046,1.17670078204896,0.239314955607146,0.52204661354302
BSU_16590,rimP,3160.28247789109,-0.160156852935008,0.22392301124496,-0.715231775620439,0.474465837440506,0.725395577921747
BSU_16600,nusA,8513.80546657942,-0.0233217890993468,0.186823598315181,-0.124833207954821,0.900655596870406,0.965553273841496
BSU_16610,rulR,1158.28468292959,0.0096528487291657,0.210788966926765,0.045793899319785,0.963474521348923,0.987468623677766
BSU_16620,rulQ,1569.89230992576,0.0602400649171916,0.196868215181731,0.305991827383528,0.759610868335006,0.903230597941239
BSU_16630,infB,16323.0799905341,0.0912761700693632,0.189252074613756,0.482299442453396,0.629593243291586,0.835272923635763
BSU_16650,rbfA,2652.64547584385,-0.198249188676202,0.217375165354427,-0.912013975253151,0.361761360808697,0.632567390428523
BSU_16660,truB,373.114257489073,-0.0235581038173668,0.241910586555356,-0.0973835174095452,0.922421833711445,0.974244902496177
BSU_16670,ribC,1547.44656950447,0.0272992404598688,0.239227920152391,0.114113939721078,0.909147472109919,0.968246695017593
BSU_16680,rpsO,19948.2987863333,0.521483890895775,0.196935698640674,2.64799066139485,0.0080971761933205,0.0689619189007611
BSU_16690,pnpA,14626.1473224593,0.0963141817922414,0.191249853755381,0.503603950021485,0.614539716273732,0.822959593211922
BSU_16700,ylxY,843.398395939847,0.228895135470759,0.217313777824834,1.05329325071722,0.29220661126357,0.576328454626567
BSU_16710,mlpA,1024.83407967528,0.178758459867243,0.23822418098743,0.750379155996241,0.453026381098414,0.709719580791801
BSU_16720,ymxH,12.4873511021338,0.25370046396972,0.823644159750929,0.308021930303542,0.758065645126757,0.902265371301733
BSU_16730,spoVFA,11.2986710757933,-0.225574799381945,1.21522587959957,-0.185623761943149,0.85273981807157,0.944544215799585
BSU_16740,spoVFB,15.1775412126518,-0.186321667893738,0.9407239447851,-0.198062002064061,0.842996553816722,0.939749299870526
BSU_16750,asd,9885.34982362542,-0.0446081751084267,0.179260199036418,-0.24884595324679,0.803479943361384,0.922622029051687
BSU_16760,dapG,5776.92629792909,0.0467253430329212,0.165735142272982,0.281927793901186,0.77799887716788,0.912180819747512
BSU_16770,dapA,7646.88445900628,0.122316215417268,0.17268182108686,0.708332901792494,0.478738549656776,0.729158447245269
BSU_16780,rnjB,11436.9721933765,0.0563236102267685,0.21879730999583,0.25742368691755,0.796851719347037,0.921622952252512
BSU_16790,tepA,40.491902365072,-0.152730525677517,0.45498685040664,-0.335681186260692,0.737111294608815,0.890937435909491
BSU_16799,tepJ,31.1735991026174,0.0842890830581811,0.615906659184056,0.136853664108529,0.891146464818202,0.963252214831129
BSU_16800,spoIIIE,1974.11049206477,0.480720672834274,0.18556407429606,2.5905912804399,0.0095811208412308,0.0761909051756845
BSU_16810,ymfC,2137.78145989525,0.241005402387643,0.214317156220676,1.12452687707132,0.260789575029983,0.54474382661661
BSU_16825,bcbE,104.030823420258,0.425461045621515,0.34658246022079,1.22758966322322,0.21960104410411,0.497812247622717
BSU_16845,ymfF,989.667906289137,-0.780546903511439,0.200992129203305,-3.8834699975834,0.0001029762435366,0.0026183513643202
BSU_16860,ymfH,1783.63814726265,-0.573372990408934,0.250100359884212,-2.2925716327413,0.0218726791041414,0.132900662075697
BSU_16870,efpI,180.601856346198,-0.249155451597608,0.296638237265208,-0.839930326901355,0.400947452508007,0.665246147303393
BSU_16880,ymfJ,126.549045774146,-0.319538586913866,0.34857711805774,-0.916694098265325,0.359302959560189,0.63020097300715
BSU_16910,rodZ,3604.61405928159,-0.19606099392363,0.159385834342199,-1.23010300590885,0.218658534586042,0.496804137773181
BSU_16920,pgsA,581.336252467941,-0.184762372817161,0.239749672908989,-0.770647027690829,0.440916178266575,0.700412806860394
BSU_16930,cinA,2364.07780033801,-0.0388652999880546,0.170808056582167,-0.227537861888607,0.820005531679906,0.929696700501614
BSU_16940,recA,4637.180657457,-0.330025138214815,0.188755273524181,-1.74842870375506,0.0803898211904254,0.282745520874166
BSU_16950,pbpX,1688.38116600599,-0.256469728929378,0.175877010454438,-1.45823338858616,0.144776223614492,0.397370600196872
BSU_16960,rny,37422.4866861621,-0.081355324093052,0.154337106886686,-0.527127440277747,0.598105092382368,0.811844790476169
BSU_16970,pdeB,982.185674656166,0.111942155447339,0.210530001426194,0.531715929744021,0.594922757289372,0.81000397240763
BSU_16980,spoVS,3563.49315610494,-0.627077781856123,0.218986529186637,-2.86354500518925,0.0041892929622393,0.0453215650549034
BSU_16990,tdh,2721.43418257813,-0.955828682327985,0.189855587499808,-5.03450382954335,4.79088100579983e-07,3.13527819264802e-05
BSU_17000,kbl,2539.55397967274,-0.758003222447267,0.232358640739285,-3.26221232847448,0.0011054630903315,0.0177943897443687
BSU_17010,miaB,3426.7621208499,-0.0756034065749903,0.25064441094672,-0.301636115840068,0.76292947311466,0.903784653545908
BSU_17020,ricA,2525.41442389637,-0.250266861672417,0.32683052197478,-0.765738952899047,0.443831644547803,0.701944391301201
BSU_17030,cotE,17.5095483054341,1.60572637580187,0.864518469488837,1.8573650332205,0.0632592377428502,0.245891798509696
BSU_17040,mutS,1398.38545910899,-0.0682130800139806,0.204624152172173,-0.33335791151665,0.738864129651218,0.892449502441048
BSU_17050,mutL,840.072721969558,-0.0931044960291957,0.22574754633979,-0.412427499384896,0.680026110633476,0.863333562284574
BSU_misc_RNA_89,surX,54.7375195438229,0.38108051890633,0.366095698378826,1.04093143020762,0.297907373355503,0.580759846595624
BSU_17060,ymzD,335.197530755465,0.1018330042912,0.235883308873928,0.431709241223279,0.66595275003988,0.854858836732439
BSU_17070,ymcC,143.939323025673,-0.0721086176392192,0.37058002024587,-0.194583122941645,0.845719316450074,0.940495787488992
BSU_17080,pksA,449.115401205464,0.0082535224338127,0.228897596208383,0.0360577068983238,0.971236345386585,0.987987023654406
BSU_17090,pksB,177.431331478008,0.0952887873494305,0.2556686577138,0.372704218817852,0.709368596182556,0.877446654679184
BSU_17099,BSU_17099,37.6241166437608,0.503873593028743,0.462190046407039,1.09018702792443,0.27563076637412,0.557970598055521
BSU_17100,pksC,803.67157426281,0.530425899523775,0.234569027133358,2.26127850725244,0.0237420162842377,0.139584873352985
BSU_17110,pksD,303.687685100114,-0.13847205153031,0.246510651613097,-0.561728471464367,0.574301032864547,0.799119738559537
BSU_17120,pksE,885.823283999161,0.276214099897241,0.22495244385778,1.2278777467822,0.219492864353911,0.497812247622717
BSU_17130,acpK,44.9853155707913,0.0227264597256078,0.520807398966028,0.0436369755320819,0.965193777544673,0.987987023654406
BSU_17140,pksF,211.772533101586,-0.0300151803241252,0.311018302026914,-0.0965061545526918,0.923118586117501,0.974244902496177
BSU_17150,pksG,220.223694712392,0.679656399733874,0.420979151055283,1.61446569985748,0.106426450964032,0.335070767902418
BSU_17160,pksH,154.518246402726,0.0095928365892513,0.345736812897846,0.0277460664626585,0.977864682107233,0.990677255465979
BSU_17170,pksI,169.985486358148,0.449675341853082,0.365877574480237,1.22903225892401,0.21905971137125,0.497313466330855
BSU_17180,pksJ,2637.73058849982,0.602080937198066,0.282172403513195,2.13373430463731,0.0328645362737008,0.169066016500791
BSU_17190,pksL,2433.38772993383,1.04292769085079,0.266073445117742,3.91969852680816,8.86598028864458e-05,0.0023132675367496
BSU_17200,pksM,1868.36376756752,0.988364529488149,0.229224001651217,4.31178464021418,1.61942127199678e-05,0.0005525410015223
BSU_17210,pksN,4386.33541565877,0.76099086817738,0.170634745543152,4.45976501301096,8.20495623980956e-06,0.0003275418530931
BSU_17220,pksR,2782.17507774468,1.15899528795415,0.343972730655101,3.36943944872264,0.0007532123819758,0.0131302350604699
BSU_17230,pksS,1111.30602630506,0.409843481642149,0.188400137612933,2.17538844097965,0.02960101997047,0.157977635992134
BSU_17240,ymzB,69.1141882001891,0.504553267875174,0.428425564362482,1.17769178556367,0.238919502901536,0.521679053241952
BSU_17250,ymaE,140.804411691292,-0.0176007367463582,0.267116639117135,-0.0658915775690033,0.947464146137912,0.981979368334564
BSU_17260,aprX,28.3664758406086,0.725859840412056,0.64569065740155,1.12416035773714,0.260945003501775,0.54474382661661
BSU_17270,pghC,93.9167691411759,0.137922914991194,0.372944646002365,0.36982141041467,0.711515561294426,0.87755095186033
BSU_17280,ymaD,152.553893436184,0.680365812156377,0.592788229114097,1.14773839752716,0.251076574810777,0.536074619381717
BSU_17290,ebrB,115.586611265954,0.599577574653201,0.332969174040661,1.80069994881864,0.0717501856894266,0.266195856200921
BSU_17300,ebrA,69.0228194770579,0.478763407395462,0.419891418073916,1.14020765080553,0.25419980080408,0.538195398123998
BSU_17310,ymaG,5.11891866154935,2.45406190162586,1.31051014375945,1.87260046273729,0.0611235773969699,
BSU_17320,ymaF,16.2070067246048,0.870276041637892,1.01828604573822,0.854647910850018,0.392746095398723,0.659866335366877
BSU_17330,miaA,756.001599303809,0.0690646832136022,0.188693731890897,0.366014718780036,0.714354092532547,0.878962105622684
BSU_17340,hfq,586.276783014838,-0.806582046387861,0.272791643479157,-2.95676962864696,0.0031088029199718,0.0363939626291127
BSU_17350,ymzC,85.7436167010381,-0.417711154103256,0.325253640571202,-1.28426280907935,0.199050015093022,0.469261464773909
BSU_17360,ymzA,383.531060069426,-0.330306717752937,0.243747263514853,-1.35511969648352,0.175379424248715,0.439218733752115
BSU_17370,nrdI,879.572908321772,0.222329131746766,0.247417687601177,0.898598373876761,0.368866625186867,0.638558355483943
BSU_17380,nrdE,4903.39651893903,0.268358092280965,0.180752983572702,1.48466756662429,0.137631907360864,0.386330269895944
BSU_17390,nrdF,3030.68435102021,0.36052700317372,0.193255502473074,1.86554586317123,0.0621049298529417,0.244097412627976
BSU_17400,ymaB,548.790026508567,0.189720368358898,0.257765766767842,0.736018481964563,0.461719450251455,0.71735257782803
BSU_17410,cwlC,87.0110289905075,-0.0191057891653574,0.510325320271733,-0.0374384503500319,0.970135415202226,0.987987023654406
BSU_17420,spoVK,38.5656062847817,0.944106205776247,0.570116076415963,1.6559894464148,0.0977239560606184,0.317941346857366
BSU_17430,hflX,1259.08675390865,0.537196859713176,0.198462358471912,2.70679469824604,0.0067936255633483,0.0613578127802866
BSU_17440,ynbB,1078.35794862881,0.382078040151594,0.20327245933639,1.87963505434498,0.0601578323842896,0.23967072542723
BSU_17450,glnR,1253.89206838258,0.291556785887602,0.216551489924304,1.34636241011094,0.178185667499873,0.442976437262626
BSU_17460,glnA,14108.861179531,0.320376997468973,0.159838706149535,2.00437681952485,0.0450297105012153,0.204813239219635
BSU_17470,ynxB,24.0952208409737,0.232535522354489,0.577918747535481,0.402367155151361,0.687413838456002,0.867580159063029
BSU_17480,ynzF,86.0471762578188,0.319452847680271,0.362251907208923,0.881852769641959,0.377856430826933,0.645809981347054
BSU_17490,ynzG,11.3777298421384,-0.0854504545076395,0.848000163303739,-0.100767026004726,0.919735403005803,0.973868554072766
BSU_17500,ynaB,374.016578694411,-0.0716153654669377,0.231424110722537,-0.309455074682344,0.756975381272502,0.901940030381465
BSU_17510,ynaC,479.740233814727,-0.232079753302983,0.237040692936276,-0.979071358711278,0.327544722204924,0.607884021869855
BSU_17520,ynaD,81.1383628523309,-0.489932992269016,0.364456474514328,-1.34428395852179,0.178856580871457,0.443751069508302
BSU_17530,ynaE,417.39030813991,-0.250568486918139,0.253616295262182,-0.987982600483567,0.3231611696572,0.604361296840043
BSU_17540,ynaF,159.952654157865,-0.0334321070084936,0.277918898320633,-0.120294471554515,0.904249883372256,0.965576063392728
BSU_17550,ynaG,105.19291169253,-0.412990490864486,0.565236039722844,-0.730651377196313,0.464992121827014,0.718918880841766
BSU_17559,ynzI,113.78744141953,-0.15705894123564,0.306733869155934,-0.512036514480231,0.608625454484633,0.821106340331911
BSU_17560,ynaI,78.0057456294469,-0.141755805727291,0.464889945399613,-0.30492336332514,0.760424521241032,0.903230597941239
BSU_17570,xynP,305.572574603862,-0.23622508446279,0.316811335251741,-0.745633309727013,0.455888955434881,0.71222004058295
BSU_17580,xynB,498.065864137531,-0.472426996079779,0.263148258022983,-1.79528832768682,0.0726077737710908,0.267143071791884
BSU_17590,xylR,429.446696811256,0.126487652888732,0.221431051825003,0.571228162654869,0.567844990172081,0.794823702933712
BSU_17600,xylA,449.755461608125,-0.575057244089711,0.255860568176985,-2.24754149569436,0.0246054417355272,0.142354961461195
BSU_17610,xylB,452.004655774906,-0.296110053794569,0.239024512143009,-1.23882714429475,0.215409519146252,0.491660835009627
BSU_17620,yncB,368.922809077436,0.218946037508266,0.236459506186583,0.925934596748679,0.354479970471973,0.626143381470848
BSU_17630,yncC,3112.89076040335,0.805825552424982,0.198725327912607,4.05497155742201,5.01404034436126e-05,0.0014195779471411
BSU_17640,alrB,8.79167539150688,0.381100033343399,0.834805555114819,0.456513533011867,0.648020741539959,
BSU_17650,yncE,352.104998552652,0.395739783116259,0.257146156533135,1.53896829900806,0.123812035616542,0.363157712109651
BSU_17660,dutA,655.631135508165,0.071636616212554,0.184108135777559,0.38910076358117,0.697201608648107,0.873228416849004
BSU_17670,cotU,14.2951465556258,2.70508382961011,1.07489066379363,2.51661301072522,0.0118488894033915,0.088247698690931
BSU_17679,BSU_17679,169.346035869566,0.603745053722244,0.284167618447048,2.12460890871965,0.0336192598872196,0.170531239478755
BSU_17680,thyA,1050.8362013959,0.287285586975679,0.176142924088872,1.630980003663,0.102894538912717,0.327034235142968
BSU_17689,BSU_17689,36.2622272156612,-0.699794242219438,0.476122478838398,-1.46977778475558,0.141621947728979,0.392335055748843
BSU_17690,yncM,929.972524332719,-0.445354086308648,0.204676766161259,-2.17588979277583,0.0295635022282985,0.157977635992134
BSU_17699,ynzK,16.3634603929206,1.35635241342,0.9810811600057,1.38250785838362,0.166815819258646,0.430186531318162
BSU_17700,cotC,61.0443229916335,0.1000543637334,0.492425125849236,0.203186958750016,0.838988905641001,0.938689380975021
BSU_17710,tatAC,2173.37015199247,0.0713100559158257,0.174687257416957,0.40821555601859,0.683115428474017,0.864369635040019
BSU_17715,BSU_17715,1.79048209437907,-1.09191035825415,2.71754789808025,-0.401799857520637,0.687831327019458,
BSU_17720,yndA,5.96138640645207,-0.573824194277923,1.37925654485247,-0.416038768436153,0.67738163472639,
BSU_17730,flvS,1311.05450394796,-0.015189963878333,0.181350205330162,-0.0837603897424792,0.933246941710988,0.978288952989858
BSU_17740,ynzB,49.0968353349884,0.26052805017303,0.411952074064246,0.632423203026281,0.527110376090462,0.768253177226265
BSU_17750,yndD,9.90273202508149,1.6987727745267,1.01796029342672,1.66880062561986,0.0951568987059332,0.313141097712914
BSU_17760,yndE,4.51000838107184,0.0207735509326154,1.3197500370003,0.0157405193030585,0.987441401265879,
BSU_17770,yndF,48.3655681302224,1.10612843293911,0.468875960617829,2.35910672724954,0.018318986355125,0.119492473087678
BSU_17780,yndG,269.593081577396,0.0869358973412384,0.262233941040926,0.331520385942988,0.740251445030848,0.893010575806048
BSU_17790,yndH,161.998956816172,0.473787590178315,0.261596166073099,1.81114118486707,0.0701189997125854,0.262863681339504
BSU_17800,yndJ,634.250102501703,0.537238273899395,0.203413381139526,2.64111569696042,0.0082633495302109,0.0700367119418301
BSU_17810,yndK,195.309228857713,0.606938317906797,0.313732288589494,1.93457396634412,0.0530425972681344,0.222956302148183
BSU_misc_RNA_72,surA,25.9239046797902,0.0904565017305034,0.635940393678835,0.142240534851425,0.886890015095175,0.961821499663118
BSU_17820,pghL,14.2271722238208,1.87381560596193,1.09476040715172,1.7116216422524,0.0869664172932602,0.297234535817376
BSU_17830,yndM,8.27497915530397,0.743254246343195,1.02940411404934,0.72202377686201,0.470279859269388,
BSU_17840,fosB,39.0599711738115,-0.574552940786952,0.66176859947774,-0.868208224506849,0.385280352628254,0.652541013021634
BSU_17845,yzzP,60.8363754405191,-0.0700156886944772,0.77324266555859,-0.0905481446033477,0.927851637189878,0.975759677466279
BSU_misc_RNA_73,ncrF,6.3212026187553,-0.404253052620921,1.7727025381767,-0.228043365378555,0.819612527873309,
BSU_17850,lexA,2114.03647846258,-0.122736023526461,0.187694206071087,-0.653914822922001,0.513166683522185,0.754859754022073
BSU_17860,dinK,28.1465558603297,-0.154362275997212,0.520764030662715,-0.296415011230276,0.7669131628533,0.905506461434598
BSU_17870,dinL,173.619771270878,0.355886828339326,0.315472661920293,1.12810671508913,0.259274853548922,0.54389133755507
BSU_17880,ynzC,997.610113506866,0.318595862659875,0.188478510056819,1.69035643673027,0.0909597839875537,0.305906872517535
BSU_17890,tktA,22642.0207755842,-0.0090468618648842,0.23870521029064,-0.0378997251625511,0.969767632181603,0.987987023654406
BSU_17900,pcfA,64.0931399100637,-0.131949613859549,0.363481856630013,-0.363015681395786,0.716593170192461,0.879926156692804
BSU_17910,yneF,2932.63649197472,0.0648608981162461,0.171085634172964,0.379113643467417,0.704603475212832,0.877389076546288
BSU_17920,spo0D,75.7265691962085,-0.196002884129464,0.390349428290918,-0.502121611878954,0.61558197869757,0.823734387426767
BSU_17930,ccdA,142.021664595567,-0.749169840048014,0.38339701231371,-1.95403150255906,0.0506974917348489,0.218608262631348
BSU_17940,yneI,389.942920846471,-0.0615478807609123,0.203032380680981,-0.303143176248427,0.761780751348652,0.903723256874835
BSU_17950,yneJ,961.59857797266,-0.164226671228436,0.206230128838019,-0.796327249339141,0.425841851262029,0.688243186331181
BSU_17960,yneK,603.12567696038,0.41769226145204,0.208435643979841,2.00393873848389,0.0450766231993614,0.204813239219635
BSU_17970,cotM,29.1526544746026,0.410770847827834,0.824237870130198,0.498364443947411,0.61822719311384,0.825306802487501
BSU_17980,sspP,1.05598035455219,-2.44789859768244,3.04301401913605,-0.804432244573563,0.4211473852948,
BSU_17990,sspO,0.10595252326258,0.668767475312844,3.52796954449401,0.189561578374895,0.84965269725,
BSU_18000,citB,61034.6417339594,0.0028764228300889,0.432631274727617,0.0066486705842057,0.994695167474222,0.996532105984667
BSU_18010,yneN,2632.77979912065,-0.149368486177406,0.445610749740375,-0.335199467841457,0.737474623435608,0.891040767782974
BSU_18019,ynzL,2.17563258977399,2.73723850156334,2.56480632063619,1.06723009824944,0.285867944369826,
BSU_18020,sspN,7.01123923476086,0.0443211349474861,1.15864687931427,0.0382524958542306,0.969486365857161,
BSU_18030,sspT,8.48130275245515,-0.496602857308449,1.04234896684903,-0.476426679646122,0.633770431142187,
BSU_18040,yneP,233.004201649748,0.726757122947826,0.308915428317179,2.35260869587138,0.0186422403638977,0.121204924320325
BSU_18050,yneQ,211.356487256764,0.43660531727602,0.269653241330313,1.61913617326483,0.105417967260997,0.332708337434048
BSU_18060,yneR,914.989839455703,0.131128374145626,0.187447378071216,0.699547657027278,0.484209840910262,0.734373881650606
BSU_18070,plsY,1302.12015044245,0.0680604247982407,0.243092518624038,0.279977455429229,0.779494801421399,0.912319164056022
BSU_18080,yneT,666.946622583257,0.0064547143142921,0.260060083135969,0.024820088636661,0.980198467578698,0.9916724999225
BSU_18090,parE,2058.22993623151,0.14317294009142,0.207178859808883,0.691059600499267,0.48952808712246,0.739408330016765
BSU_18100,parC,4593.95716456846,0.407310284518557,0.175677648788734,2.31850942522791,0.0204216513203008,0.127455955174549
BSU_18120,alsT,1950.67723699672,0.213334407686942,0.226769793561045,0.940753194404231,0.346831351960705,0.6214321171576
BSU_18130,eglS,158.312888316128,0.694631613153956,0.308749843451312,2.24982013072177,0.0244603655973345,0.141927005035697
BSU_18140,ynfE,1.12682364268079,-0.234877592311364,3.02421201878633,-0.0776657161774077,0.938093966227577,
BSU_18150,xynC,388.908919583275,0.165877024286369,0.213705045323513,0.776196107280759,0.437633204178785,0.697219168892288
BSU_18160,xynD,233.555805800253,-0.0859549207031547,0.287631652457108,-0.298836793408794,0.765064575892451,0.905197921447145
BSU_18170,yngA,12.5918514529577,2.92380453175725,1.27500121509835,2.29317783946717,0.0218377684347916,0.132890810353183
BSU_18180,yngB,206.610858685602,0.273028204461702,0.254166999319703,1.07420792310757,0.282729502089288,0.566310171771419
BSU_18190,yngC,823.192157736929,-0.309711976490351,0.215430858754895,-1.43763979905369,0.150536282355146,0.409076790189709
BSU_18200,nrnB,32.0521528344878,0.73568936800682,0.526856845966044,1.39637431617285,0.162601805206075,0.423146288385039
BSU_18210,ldeE,24.7230514166714,0.279297712627036,0.650980665040215,0.42904148713815,0.667893033120956,0.855657570031725
BSU_18220,ldeF,3.14880376924513,0.892788952756247,1.81295831352865,0.492448693438828,0.622402183620941,
BSU_18230,ldeG,5.69867270462052,0.08857486375632,1.75085854419532,0.0505893888743756,0.959652718450876,
BSU_18239,lgeHB,1.51816726611006,-1.0411848833113,3.46506076436894,-0.300480988390668,0.763810295882011,
BSU_18240,ldeHA,12.2515260089758,2.22784332192603,1.01571741381656,2.19336923008428,0.0282807873877411,0.155149343416658
BSU_18250,ldeI,12.4037230646202,0.751500360622451,1.06888918517346,0.703066670564638,0.482014201688309,0.732822749241877
BSU_18260,ldeJ,1.16901684609902,-2.35037071696157,3.43414130005531,-0.684412932258705,0.49371445207314,
BSU_18270,ynzE,0.937248719800004,-0.392058059732974,3.41728508228639,-0.114727934688627,0.908660771442401,
BSU_18275,BSU_18275,0.0,,,,,
BSU_18280,yngK,19.4541359046826,1.08235665947332,0.637688739140705,1.69731185928077,0.0896377163106984,0.302479935344301
BSU_18290,yngL,2.81788410382691,1.0946528411003,1.60694363274979,0.681201766378785,0.495743830502116,
BSU_18300,ppsE,572.381099650651,0.870218047307834,0.377142787138834,2.30739676585009,0.0210327113725037,0.129772154248895
BSU_18310,ppsD,2022.58620305266,0.795865863675438,0.280668214159514,2.83561095815118,0.0045738123970212,0.0471799976457594
BSU_18320,ppsC,1495.67484392305,0.438097355080934,0.229916920730957,1.90545938806124,0.0567203817378033,0.230578170974858
BSU_18330,ppsB,2159.51225055994,-0.187125584726876,0.199715433082225,-0.936961064245015,0.348778586400986,0.622089420653026
BSU_18340,ppsA,1738.16263333663,-0.0309673175766653,0.271853824095247,-0.113911649687942,0.909307830566371,0.968246695017593
BSU_18350,dacC,710.288542764845,-1.25765826001924,0.288220629169108,-4.36352617661287,1.27982618698877e-05,0.0004561666195052
BSU_18360,galM,504.039518586764,-1.1841583556168,0.251593461650132,-4.70663405897051,2.51840393482528e-06,0.0001272590950357
BSU_18370,yoeA,486.691020221993,0.0192059735076263,0.260262467384155,0.0737946339349719,0.941173796884632,0.980226410586802
BSU_18380,iseA,208.702595435572,-0.515912152283391,0.360617654908499,-1.43063476028176,0.152534919766769,0.411582750763786
BSU_tRNA_85,trnSL-Arg1,10.1785536185963,0.232922606269692,0.904098730473996,0.257629613247633,0.796692772930608,0.921622952252512
BSU_18390,yoeC,224.565194606887,-0.422245205267306,0.284431154039588,-1.48452516283971,0.137669652701493,0.386330269895944
BSU_18400,yoeD,448.239399125055,0.509897470812482,0.256185887248112,1.99034176429342,0.0465533002963613,0.209044741038329
BSU_18410,ggt,54.0682383728621,-0.108273265339947,0.435476938278748,-0.2486314562785,0.803645873820294,0.922622029051687
BSU_18420,ftsR,230.172417231551,0.688009075889885,0.25001168591244,2.75190766935128,0.0059249223177929,0.0564493792186862
BSU_18430,yogA,93.0493742294852,0.405093271372081,0.342666395105746,1.1821797443752,0.237134388037915,0.518783627012524
BSU_18440,gltB,1006.88899642992,-0.314576146394591,0.261848741758262,-1.20136588888026,0.229609301964753,0.509222407468496
BSU_18450,gltA,2203.09851083345,-0.241033528963312,0.242372717546406,-0.994474672741012,0.319991829888051,0.601678315785785
BSU_18460,gltC,330.193067644345,0.26471392149766,0.215116210912226,1.23056240334055,0.218486574039571,0.496696129593375
BSU_18470,proJ,96.207349289875,0.43185165247613,0.41314438820796,1.04528020905552,0.295893481850688,0.57950358991249
BSU_18480,proH,96.1655640961113,0.446031220043026,0.41125475055254,1.08456186692983,0.278115751967993,0.561009642170908
BSU_18490,rtp,131.986569997226,-0.585050919447937,0.433378146804663,-1.34997789750492,0.177023072723985,0.441165334325499
BSU_18500,yoxD,2010.75815556163,0.145644684661155,0.214743811206847,0.678225294794952,0.497628856803246,0.745696094729188
BSU_18510,yoxC,15.7803973086553,1.11951620671239,0.797035619157904,1.40459996994262,0.160140265581345,0.419199960787364
BSU_18520,yoxB,7.19351435435923,-1.41375509638822,1.11076564629646,-1.27277531592914,0.203097782742471,
BSU_18530,yoaA,64.8678533199316,0.745104852742386,0.370443080695271,2.01138823093666,0.0442844654874476,0.203433355841071
BSU_18540,yoaB,33.4641620552803,0.166452538466792,0.63385614410516,0.262603021229336,0.792856571167337,0.919815004969489
BSU_18550,yoaC,85.9061841046662,0.0481020403477991,0.416001075977907,0.115629605607928,0.907946098397394,0.968087827137392
BSU_18560,yoaD,120.001087029098,0.487876162684136,0.384813306659807,1.26782560332676,0.204860236748859,0.475742911635513
BSU_misc_RNA_31,mswF,11.7584034071576,-0.335496182460698,1.23915810812574,-0.270745258624137,0.786586965006011,0.916439160287128
BSU_18570,yoaE,1216.39450768376,0.432724788661209,0.227419233388238,1.90276249820297,0.0570715426946506,0.231534144753095
BSU_18580,yoaF,591.985515264472,0.381116921190773,0.254694589723247,1.49636834298246,0.134557694389095,0.382044321480276
BSU_18590,yoaG,133.018807061387,0.457167132844062,0.396915273028743,1.15180030578203,0.249403142213429,0.533989040289223
BSU_18595,BSU_18595,46.8837132009957,2.10854294947016,0.48036566572247,4.38945390965633,1.1363565887681e-05,0.0004266495301159
BSU_18596,BSU_18596,3.86053635544156,0.47678693991627,1.40828672456964,0.338558144160574,0.734942618358609,
BSU_18600,yozQ,17.3230646308378,0.709775835226842,0.684723886059819,1.03658693624839,0.299928404150854,0.58347793712494
BSU_18610,yoaH,2513.68810079258,1.47820792310812,0.28826214521049,5.12799875970094,2.92838371464636e-07,2.07185360017734e-05
BSU_18620,yoaI,38.4833061134786,0.457914554451127,0.493091282440784,0.928660819523044,0.353064891788544,0.624504458988758
BSU_18630,exlX,209.696042832844,-0.448803435865292,0.258584495569927,-1.73561618563447,0.0826317221226846,0.288596530808186
BSU_18640,yoaK,91.2052678399036,-0.270827655589597,0.363898223455091,-0.744240114772148,0.456731223369668,0.712772104648833
BSU_18650,pelB,15.6631166912421,0.272687827070223,0.672871706512412,0.405259761156555,0.685286581089233,0.865716465730449
BSU_18660,yoaM,2.00676845584679,-0.0103792615056187,1.98567228730608,-0.0052270767799756,0.995829415130819,
BSU_18669,yozS,48.8246771689598,0.514146069892578,0.562747115238643,0.913636082655963,0.360908099952463,0.631598420152137
BSU_18670,oxdD,7.62725936615907,2.15317900814849,1.14463784343695,1.88110066471614,0.0599582266083529,
BSU_18680,yoaO,90.3077488082879,-0.235409071297389,0.389977978640968,-0.603647088273458,0.546078299240452,0.779665440117269
BSU_18689,BSU_18689,2.89897080152906,0.778921680920165,2.35761955696094,0.330384806412203,0.741109220340616,
BSU_18690,yoaP,20.9848458765813,1.2363243434992,0.665370282948644,1.85809973060463,0.0631548530971036,0.245891798509696
BSU_18700,yoaQ,16.4585581080531,1.1373264412333,0.768295330091679,1.48032455318658,0.138786653760612,0.387167240959024
BSU_18709,yozT,3.60020210567153,1.49179233724939,1.49810112111307,0.995788813068246,0.319352766888051,
BSU_18710,yozF,8.59043375279446,2.42089074084254,1.04118457960446,2.32513119024701,0.0200649463125967,
BSU_18720,yoaR,2.73856789380125,3.12285538880014,2.21363971721305,1.4107333567053,0.158323251470265,
BSU_18730,yoaS,31.8206787012396,0.819675392529289,0.806479371673318,1.01636250264975,0.309456794922818,0.592777339109334
BSU_18740,yozG,48.8610008460699,-0.502745960606482,0.509734779841479,-0.986289302768059,0.323991167555268,0.604379785458239
BSU_18750,yoaT,116.289750159649,0.117751709240319,0.502293556534986,0.234428070414869,0.814652668673939,0.927050585332487
BSU_18760,yoaU,39.715468743992,0.0956186036436539,0.445164704300577,0.214793766711325,0.82992811292383,0.934049345021688
BSU_18770,yoaV,41.4442513769749,0.738157275885467,0.42694555415245,1.72892601575585,0.083822337220157,0.289964272255517
BSU_18780,yoaW,37.2436659047777,0.757259294523683,0.523217648905006,1.44731221530558,0.147809499443318,0.403594748137978
BSU_18790,yoaZ,87.5500479965333,0.813420665478889,0.388951864270551,2.09131447924641,0.0364998827137006,0.179442773144203
BSU_18800,penP,1853.40851485459,0.494425221479638,0.167439764634321,2.95285425513728,0.0031485057626132,0.0367509795448893
BSU_18810,yobA,23.4067226771598,2.23466933243776,0.653098546605179,3.42164187021028,0.0006224424195639,0.0112945006313609
BSU_18820,yobB,0.944619928012323,-0.617415717717376,2.68409817731144,-0.230027248234198,0.818070596346568,
BSU_18830,yppS,376.050481920171,0.875839870837192,0.32068698984365,2.73113627485857,0.0063116367318214,0.0580917474102453
BSU_18840,xynA,3968.11544941245,0.309013712035358,0.23680396410327,1.30493470920359,0.191915081058345,0.459307556106063
BSU_18849,yozV,681.266256348117,0.952660238322789,0.217687333359552,4.37627777243836,1.20723151689335e-05,0.000442134698664
BSU_18850,yobD,323.697281808478,0.131874400481374,0.285075672145438,0.462594368326511,0.6436551461143,0.841709744509834
BSU_18860,yozH,28.8948863202189,1.24015641549646,0.529206554233565,2.34342603200095,0.01910755059957,0.122829858282582
BSU_18870,yozI,304.434947371551,0.668818210987519,0.25332199234851,2.64019007898606,0.008285953976334,0.0700400093923941
BSU_18880,yobE,247.990210601427,0.492151597474126,0.306737818904163,1.60446989951341,0.108610514192937,0.338350076307035
BSU_18890,yobF,1058.59899875831,0.395112103576509,0.182406582339826,2.1661066092473,0.0303030412772046,0.160437321987534
BSU_18898,yozW,19.3062381862028,-0.0862544883041273,0.635585590475938,-0.135708690688753,0.892051577110273,0.963492937181875
BSU_18899,yozX,0.459149193929786,-0.20941856216688,3.47952736388862,-0.0601859218985534,0.952007558085599,
BSU_18900,yozJ,28.0265222820921,0.290199981632181,0.550375715306451,0.527276138029812,0.598001842352663,0.811844790476169
BSU_18908,yozY,76.4468838020348,-0.356336158563635,0.327066789927795,-1.08949049410459,0.275937644516222,0.558025874827131
BSU_18910,rapK,929.324600108817,-0.559902959323299,0.208444726147578,-2.68609798708407,0.0072291884602873,0.0637062259016937
BSU_18920,phrK,342.644576703978,-0.972884229682833,0.292840131924024,-3.32223668692802,0.000892989102576,0.0148778266775485
BSU_18950,yozL,0.317857569787739,1.01189148375532,3.49339486060917,0.289658490989728,0.772077514879976,
BSU_18960,yozM,15.6666832412809,-1.8496129810966,0.791727595515704,-2.33617344093182,0.0194822039215847,0.124636150729112
BSU_18970,yobI,3887.17596039216,0.29074024080602,0.212829445876336,1.36607150203715,0.171916521983636,0.435740162386459
BSU_misc_RNA_74,asrE,302.089348656342,-0.148132444312563,0.395462450456346,-0.374580302482889,0.707972624528717,0.877389076546288
BSU_18978,bsrE,44.8733639473215,-0.370251395570661,0.600553442079081,-0.61651698188403,0.53755336742466,0.776660529409788
BSU_18980,yobJ,730.358249292466,0.0318224436136071,0.359404884802365,0.0885420453623108,0.929445868175694,0.976314478516355
BSU_18990,rttM,242.59963468979,-0.0211943660881861,0.279672899989791,-0.0757826950303722,0.939591983894556,0.980226410586802
BSU_19000,rttL,718.635047424972,-0.37948850134728,0.237493724975608,-1.59788853952354,0.110067785082047,0.339559967579237
BSU_19010,yobM,303.496652047937,0.194004132850721,0.349525625575636,0.555049812245424,0.578860589561061,0.80143334490631
BSU_19020,yobN,10.9333439197818,0.0907281955806538,1.12974617369393,0.0803084778627748,0.93599191563543,0.979886061384305
BSU_19030,yobO,667.459310450962,-0.884638648504643,0.329996086615448,-2.68075496766582,0.0073456281436629,0.064165749561275
BSU_misc_RNA_75,bsrF,7.54179753616476,1.02674420204708,1.36847801029424,0.750281841815143,0.453084976454343,
BSU_19040,csaA,226.083983395565,-0.44483600077767,0.263565732766049,-1.68776113688696,0.0914570905740813,0.307061989547294
BSU_19050,yobQ,329.207488409719,-0.711174672150251,0.280352911334573,-2.53671227726804,0.011189887900473,0.0850857761879778
BSU_19060,yobR,416.212610591656,-0.38441866910114,0.253353075436059,-1.51732387080558,0.129184934247623,0.373206363759988
BSU_19070,yobS,51.6066019733992,-0.715273433251877,0.426854831123081,-1.67568311542814,0.0938002788128863,0.311771673394554
BSU_19080,yobT,31.0034660607972,-0.769519749972445,0.499089275331811,-1.54184789777509,0.123110559527629,0.361631606794919
BSU_19090,yobU,17.4987318496636,-0.551530985885481,0.72051074040934,-0.765472261485155,0.443990377764412,0.701944391301201
BSU_19100,yobV,140.609045708041,0.391229921839046,0.276748604770058,1.4136653811285,0.157460174507516,0.416256563054915
BSU_19110,yobW,1.45667007700229,0.923269885314947,2.32613443563926,0.396911662184829,0.691432603939064,
BSU_19120,czrA,320.332192940037,0.442130036171533,0.319145820957228,1.38535430244843,0.165944156908004,0.42883967555341
BSU_19130,yocA,3585.62527285237,-0.0445393312173933,0.216967532918963,-0.205281087995911,0.837352519011014,0.938116936558026
BSU_19140,yozB,1586.17624492348,0.451845983863295,0.251943081273302,1.79344470020648,0.0729018455063553,0.267386379222974
BSU_19150,yocB,112.996956843247,0.313632185206289,0.358622736948607,0.874546293062378,0.381820821185595,0.648607965179956
BSU_19160,yocC,138.709327785906,0.894666264625624,0.530506649650482,1.68643741829639,0.0917115794091457,0.307399349287414
BSU_19170,yocD,1312.37766163418,0.589008476132362,0.250911375993693,2.34747617081805,0.0189010821271942,0.122290307701393
BSU_19180,desE,284.497966012947,0.400141925007121,0.335523038219608,1.19259150468594,0.233029394558554,0.513175970655793
BSU_19190,desK,174.745734183848,0.280893050299733,0.289618617297976,0.969872216504419,0.332110190435766,0.609100435841584
BSU_19200,desR,154.612098910874,0.513216652587591,0.288491100753054,1.77896874894211,0.0752448856223538,0.270854448516174
BSU_19210,walL,5632.14719791429,0.64213243849035,0.30721857180538,2.09014850474969,0.0366044616593268,0.179514755459499
BSU_19220,recQ,446.484794108104,0.255356566347574,0.214112806857359,1.19262630804561,0.233015757860161,0.513175970655793
BSU_misc_RNA_32,ssrSA,267.876846658291,-0.386856151012516,0.324723650273845,-1.19133962274159,0.233520285003176,0.513899105696074
BSU_19230,azoJ,1345.45187604858,-0.261151132577081,0.226765654899465,-1.15163441612382,0.249471332700251,0.533989040289223
BSU_19240,yocK,92.075566049192,0.264370209418026,0.445796282564888,0.593029192385752,0.553161615776887,0.784448017826406
BSU_19250,yocL,42.8335371286275,0.633289922768213,0.474678747168054,1.33414425344812,0.182156585094046,0.448316330268454
BSU_19259,yoyB,3.10352215837001,0.370709847975449,1.85940703332364,0.199369928870719,0.84197338156205,
BSU_19260,yocM,52.8924237460187,0.584361545721877,0.445917700243127,1.31046950009669,0.190037055588554,0.458507464602572
BSU_19270,yozN,6.04262526730961,1.43379182896035,1.6246817466897,0.882506270462948,0.37750309036272,
BSU_19280,yocN,18.3183712962827,1.2410309109595,0.696264768688462,1.78241233330994,0.0746820157360482,0.270633416374239
BSU_19290,yozO,743.315331655037,0.28623131154899,0.226210046122631,1.26533421682705,0.205751545715259,0.476653134500548
BSU_19300,yozC,615.185176479778,-0.227226206187638,0.264110289996871,-0.860345903941606,0.389598395989201,0.656789187833146
BSU_19310,dhaS,5898.00383495294,-0.550961994141542,0.325463467606089,-1.69285357337978,0.0904833422715571,0.30456113182804
BSU_19320,sqhC,46.0815869206591,0.374015201427058,0.565646077836731,0.661217704995764,0.508472708551821,0.751786315755136
BSU_19330,sodF,3.79617539452197,1.748552177247,1.66221428118871,1.05194149577186,0.292826392130476,
BSU_19340,yocR,990.419406133451,1.70089168093239,0.347654989262645,4.8924702174989,9.95781883173482e-07,5.84582540827726e-05
BSU_19350,yocS,257.727625193067,0.684286945601191,0.37152368787087,1.84183934414171,0.065498653135859,0.251656037842492
BSU_19360,odhB,46672.8154321855,-0.233010521282411,0.174764678201841,-1.33328155139736,0.182439425556477,0.448459474643754
BSU_19370,odhA,89991.3621407686,-0.345899576537458,0.183931195152444,-1.88059223043037,0.0600274094563535,0.239629418549763
BSU_19380,yojO,1907.39241807247,-0.17537593524339,0.220927170758538,-0.793817866047206,0.427301470181179,0.689485638222825
BSU_19390,yojN,904.217207777939,-0.326165213044588,0.24161770672146,-1.3499226421373,0.177040797993349,0.441165334325499
BSU_19400,sodC,55.7296306844236,0.14942761887734,0.865107127003086,0.172727300715911,0.862865783451926,0.950366731737264
BSU_19410,cwlS,1175.05307013135,0.0428108205366809,0.355131128231727,0.120549332720691,0.904048002682535,0.965576063392728
BSU_19420,yojK,72.2858258401974,-0.581873280540679,0.373969488415329,-1.55593784671132,0.119722872630931,0.356847100923332
BSU_19430,cdaS,7.92111357200519,1.03567016639128,1.04395365659752,0.992065270183315,0.32116568680965,
BSU_19440,mdtK,397.523134007897,0.518469153421632,0.264228474525607,1.96220015406169,0.049739186016817,0.216295022417357
BSU_19450,rsbRC,392.410027425658,0.986686108462408,0.215378139430092,4.58118038847053,4.62358807032958e-06,0.0002121536043305
BSU_19460,bshBB,1246.18722773217,0.0076943809722881,0.213324075518195,0.0360689760571909,0.971227359743816,0.987987023654406
BSU_19470,yojF,423.653829230642,-0.226279974083461,0.252238489293174,-0.897087414048288,0.369672274114257,0.638592293594971
BSU_19479,yoyC,307.072071760719,-0.453007416565719,0.325392269970501,-1.39218862392394,0.163865286736332,0.425652807771421
BSU_19480,yojE,357.2337728865,-0.103683509771235,0.223258615605952,-0.464409892938844,0.642354103576108,0.841709744509834
BSU_19490,gerT,3.38925453394265,1.12922074039982,1.85473316243968,0.608831913543007,0.542635857889947,
BSU_19510,yojB,121.928272784339,0.768964980611611,0.276176164117569,2.78432783317339,0.0053638788981776,0.0528448748763224
BSU_19520,yojA,752.281886383936,1.05589463026226,0.219691049191725,4.80627059749159,1.53771740017942e-06,8.40899707057018e-05
BSU_19530,yodA,646.632140698896,1.29128497596211,0.314743460342877,4.10265863683206,4.08429631708992e-05,0.0011814862969436
BSU_19540,arxR,306.090856157656,-0.112603982919703,0.256664810243573,-0.438719989751782,0.660864440904162,0.851600029435922
BSU_19550,noxC,1661.56852681469,0.273909602523253,0.247305046292838,1.10757789470625,0.268044154475739,0.550145123222184
BSU_19560,yodD,29.4848755478046,-0.883198891149277,0.521456060394172,-1.69371680229713,0.0903191100756458,0.304264883900403
BSU_19570,yodE,33.3320786197606,-0.515418249652814,0.506197762567498,-1.0182151873579,0.308575703479941,0.592389758877682
BSU_19579,yoyD,41.9653220674292,0.688506706485041,0.631378236355147,1.09048216558697,0.275500805195252,0.557970598055521
BSU_19580,yodF,1303.68028706505,1.0501111193674,0.396675899289089,2.64727733963516,0.0081142775614676,0.0689619189007611
BSU_19590,ctpA,3429.94533454065,0.144930818222797,0.189905396008167,0.763173776360543,0.445359765842405,0.702542012313909
BSU_19600,yodH,14.5690945678823,0.0459003175474311,1.08566998196753,0.0422783334805365,0.966276817217788,0.987987023654406
BSU_19610,yodI,5.32958917988563,0.733016661476719,1.05036873330447,0.69786603336015,0.485260978245636,
BSU_19620,ldcB,1566.11813290432,-0.102036374095947,0.217899355059894,-0.468272951371977,0.639589408885128,0.839881881667576
BSU_19630,deoD,2599.75992578524,0.180219398899155,0.209317469585391,0.860985942817515,0.389245785278725,0.656471979227997
BSU_19639,yoyE,0.329944381917221,-0.663534564849621,3.48781919674225,-0.190243394918345,0.849118407777591,
BSU_19640,yodL,334.627639562893,0.297007992342698,0.229981309723421,1.29144404256104,0.196549746904171,0.46641753204395
BSU_19650,pgpB,286.051047914501,0.566426152936223,0.359705979953405,1.57469206658615,0.115327539921921,0.348514412845049
BSU_19660,yozD,4.89325439765496,1.73428656460895,1.75843265773864,0.986268400428401,0.324001421851465,
BSU_19669,yoyF,0.10595252326258,0.668767475312844,3.52796954449401,0.189561578374895,0.84965269725,
BSU_19670,yodN,24.3979595925329,0.0866025203107371,0.684649352979325,0.126491787268734,0.899342649640769,0.965553273841496
BSU_19680,yozE,338.460713856305,1.18721103157831,0.364435680572622,3.25766958304658,0.001123311175623,0.017865570570069
BSU_19689,yokU,2.03132937967173,-0.0500007622810954,1.81889514907573,-0.0274896341916702,0.978069207441305,
BSU_19690,kamA,6.1125568186453,3.07087024887162,1.48766264646409,2.06422488066803,0.0389963995253265,
BSU_19700,kamB,4.2104854227272,-1.36296281994535,1.67923560287818,-0.811656695230413,0.416988649396976,
BSU_19710,yodQ,4.9194283482989,0.464952572886459,1.52425962425256,0.305035025194252,0.760339476475475,
BSU_19720,yodR,5.85625417222733,1.68099113536487,1.39597164033928,1.2041728404714,0.228522781046774,
BSU_19730,yodS,5.83533183172541,1.42408773467487,1.51800239133731,0.938132734705578,0.348176201085394,
BSU_19740,yodT,9.29728538629538,-3.08148609543051,1.23647344499955,-2.49215711659026,0.0126969857792007,0.0921740353513786
BSU_19745,BSU_19745,0.211905046525159,0.962875617648747,3.51160359857379,0.27419826601152,0.783932260597447,
BSU_19749,yoyG,77.0599586720181,0.482136028988269,0.40786175718535,1.18210648704964,0.237163450742559,0.518783627012524
BSU_19750,cgeE,365.899295246502,1.00437139608007,0.329959806673692,3.04392042838516,0.0023351689633395,0.0308826311836587
BSU_19760,cgeD,296.942782248376,0.9726056694678,0.339028422744943,2.86880274400919,0.0041202867212832,0.0448179416658381
BSU_19770,cgeC,0.0,,,,,
BSU_19780,cgeA,0.629009053585012,0.403733004579818,3.43652052901789,0.117483076609235,0.906477254078526,
BSU_19790,cgeB,18.0202636942663,1.91460006808322,0.864028860319633,2.21589828304456,0.0266984691618303,0.149901953437449
BSU_19800,phyC,25.6550582631452,0.502725481708435,0.91177336051165,0.551371101066526,0.581379306999817,0.802286025058756
BSU_19820,sprB,3.80226467602952,-1.69476763684997,1.67534037935281,-1.01159600624242,0.311731256236112,
BSU_19830,yotM,23.7488043927541,-2.77453681279303,0.631978554773216,-4.39023886465367,1.13226214842788e-05,0.0004266495301159
BSU_19840,yotL,28.5929943051901,0.26562916494548,0.654050505327587,0.406129439212705,0.684647495965504,0.865182907215667
BSU_19850,yotK,7.67494366310163,-1.81319956021015,1.26427772603198,-1.43417820537028,0.151521414914692,
BSU_19860,yotJ,11.1498506836498,-2.71657183531503,1.07421788222686,-2.5288834604797,0.0114426014466588,0.086186537688796
BSU_19870,yotI,8.55377728567262,-0.572225311856063,1.0980340707923,-0.521136207953153,0.602271889233247,
BSU_19880,yotH,4.44130763035405,-1.29206284313624,2.12114565982047,-0.609134425612998,0.542435340781501,
BSU_19890,yotG,8.39150353971154,-0.877983935345292,1.20893980013854,-0.726242890874038,0.467689882495095,
BSU_19900,yotF,1.2561057007842,-1.59281465659245,2.92409110015019,-0.544721283311127,0.585945224560755,
BSU_19910,yotE,7.83241596662042,-0.522320200233521,1.12799354393557,-0.463052473165003,0.64332675545175,
BSU_19915,BSU_19915,0.10595252326258,0.668767475312844,3.52796954449401,0.189561578374895,0.84965269725,
BSU_19920,yotD,3.74572772052683,-2.32231836888764,2.07821079897551,-1.11746044724263,0.263797502109557,
BSU_19930,yotC,5.46328806719256,-2.6177298990521,1.51303037709438,-1.73012382215298,0.0836081548810125,
BSU_19940,yotB,38.2777761167198,-1.73183414240962,0.495024557505458,-3.49848126956919,0.0004679159541561,0.0089899318124768
BSU_19950,sspC,10.6649190226133,0.144137768881812,1.13371940788831,0.127137074552058,0.89883190829036,0.965553273841496
BSU_19970,yosX,31.8033882319423,-1.31132368709728,0.539860094104264,-2.4290065174627,0.0151402601678558,0.106034944894878
BSU_19980,yosW,26.8981050867566,-2.22888914682638,0.869176862147334,-2.56436778737969,0.0103363950941088,0.0802779945830392
BSU_19990,yosV,20.593798302377,-1.03740514471564,0.645536712400195,-1.60704282930467,0.108044973157948,0.338021577465931
BSU_19999,yojW,9.95246229294393,-2.78416853053951,1.07389118411271,-2.59259836725441,0.0095253936976829,0.0758989453915172
BSU_20000,yosU,17.878129293833,-0.47011009199089,0.71095205528401,-0.661240217954067,0.508458273089424,0.751786315755136
BSU_20010,yosT,194.051175288017,0.495199703565101,0.240247542536343,2.06120611406542,0.0392833804901489,0.187238103468297
BSU_20020,dutB,45.0446052756214,-0.706191635993117,0.450947449129362,-1.56601758665351,0.117344500021776,0.3524749767396
BSU_20040,nrdFB,220.172308027893,-0.286363182579733,0.272681937419535,-1.05017290580252,0.293638624055997,0.577156763777224
BSU_misc_RNA_76,srdFi,0.0,,,,,
BSU_20050,yosQ,0.0,,,,,
BSU_20060,nrdEB,234.95404196203,-1.45781938309165,0.26405795230915,-5.5208312052079,3.37399776757118e-08,3.23846541050349e-06
BSU_misc_RNA_33,srdEi,0.0,,,,,
BSU_20070,nrdIB,12.3793073526215,-1.19781073796969,1.06807914912154,-1.12146252359186,0.262091035160653,0.545874565852549
BSU_20080,yosL,23.3845441180897,-2.09931773504155,0.679225612736217,-3.09075172619681,0.0019965049378687,0.027388480109869
BSU_20090,yosK,23.9070285208044,-1.64825998335441,0.650902989280193,-2.5322667286828,0.0113327747635322,0.0855206745860502
BSU_20100,yosJ,23.4558627843667,-1.33928959712079,0.633954900431243,-2.11259443883114,0.0346354951190878,0.17372177328032
BSU_20110,yosI,6.26643181761636,-0.617923343525569,1.94633087176472,-0.31748113976392,0.750878548122945,
BSU_20120,yosH,37.5326910159947,-1.82968234418275,0.477221045814104,-3.83403531808084,0.0001260580300004,0.0031063188627259
BSU_20130,yosG,30.6738926645967,-2.12362800348221,0.584003209006811,-3.63632933985719,0.0002765507157002,0.0057800547490849
BSU_20140,yosF,5.51214695597051,-0.978590006804544,1.50509897190308,-0.650183160757326,0.515573916930899,
BSU_20150,yosE,27.9428143986341,-0.801655898948653,0.731145959680249,-1.096437569455,0.272887330292901,0.556366814366324
BSU_20160,yosD,35.7393672210881,-1.23268273713143,0.827683020980672,-1.48931741486119,0.136403804011962,0.384934400984435
BSU_20170,yosC,43.6073944113237,-1.51677209326992,0.554285540879101,-2.73644535425606,0.0062106909187131,0.058063414865346
BSU_20180,yosB,14.7265750265375,-1.63244980949205,0.738999919494772,-2.20899862967252,0.0271747362185703,0.151762080172129
BSU_20190,yosA,0.536305727975867,-1.06529254047094,3.45840709902121,-0.308029827018467,0.758059636384106,
BSU_20200,yorZ,29.0983671221388,-0.606248465639321,0.601324827604584,-1.00818798394597,0.31336422532934,0.595974267515353
BSU_20210,yorY,8.55213441145837,-2.81739519352463,1.24493961172706,-2.26307779669422,0.0236308939929108,
BSU_20220,yorX,5.59553593298695,-4.47799860329189,1.64116003990752,-2.72855693192739,0.0063612108637773,
BSU_20230,yorW,13.6900472053252,-1.60422002558616,1.25663631780537,-1.27659848983819,0.201744035311548,0.472851944722433
BSU_20240,yorV,18.9780418830976,-3.40243955050184,0.925523925304429,-3.67623078936905,0.0002367053971671,0.0051354779646263
BSU_20250,mtbP,66.4179241289693,-2.14570324259589,0.413639606425446,-5.18737376514411,2.13280401260412e-07,1.5766951145029e-05
BSU_20260,yorT,7.73981237122225,-2.66775530647464,1.22688707397047,-2.17440982391412,0.0296743709673675,
BSU_20270,yorS,19.4725540538902,-2.10642022235401,0.735464169488864,-2.86406912768836,0.0041823672651701,0.0453215650549034
BSU_20280,yorR,35.834224247653,-2.25271092259099,0.504770734139923,-4.46283980078475,8.08805225547443e-06,0.0003267509996397
BSU_20290,yorQ,3.09477972190288,-1.89356454339356,1.80950601515121,-1.04645385400132,0.29535153970558,
BSU_20300,yorP,8.8263202595824,-0.453516237424942,1.06752435661456,-0.424829873543287,0.670960698643959,
BSU_20310,yorO,5.5783048915111,-0.887689161985218,1.16608748736728,-0.761254341206757,0.44650516639033,
BSU_20320,yorN,10.728638105086,-2.46183335222822,1.32591819025759,-1.85670079067997,0.0633537349640706,0.246019562234017
BSU_20330,yorM,24.0328797218287,-1.79433941389689,0.74487281510965,-2.4089205264294,0.0159997816555116,0.109744206819248
BSU_20340,dpoL,276.840046522413,-0.502244963903093,0.34935050263455,-1.43765347442045,0.150532400198292,0.409076790189709
BSU_20350,yorK,64.1299767534743,-1.6733962444099,0.457396027521228,-3.65852815442792,0.0002536678777674,0.0053578950690358
BSU_20360,yorJ,69.779991112247,-1.8329855217906,0.409504498900244,-4.47610594441142,7.6016773827042e-06,0.0003195952857157
BSU_20370,yorI,45.9665917298682,-1.83893458938883,0.57589536332182,-3.19317484826006,0.0014071771311273,0.0207286018725479
BSU_20380,yorH,30.7086423211518,-1.94342079213599,0.646188321640066,-3.00751456975185,0.0026339349843536,0.0331693011278857
BSU_20390,yorG,134.136296984732,-2.29444261672107,0.376002069286663,-6.10220741889532,1.04613492146137e-09,1.74007108603075e-07
BSU_20400,yorF,168.403143581695,-2.08719128913576,0.295298698049284,-7.0680680372909,1.57105522125682e-12,6.96850271473024e-10
BSU_20410,yorE,36.8892258570592,-1.57227259014233,0.738457521728312,-2.12913071352098,0.0332434473161232,0.169236353591549
BSU_20420,yorD,1425.74075790246,-0.927935286245625,0.227950808352072,-4.07076988651174,4.68580190365671e-05,0.0013361229428141
BSU_20430,yorC,147.944598944221,-0.71766300690838,0.340643220597385,-2.10678787515517,0.0351359709617419,0.175328495099092
BSU_20440,yorB,542.350936892198,-0.406840273971269,0.25261277201011,-1.61052931225104,0.107282351615053,0.336815091340327
BSU_20450,yorA,117.267290410068,-0.0007441026429937,0.339951492639273,-0.0021888494656011,0.998253552200032,0.998253552200032
BSU_20460,pghZ,31.9900936074965,0.262290242285829,0.570732498355265,0.459567736271713,0.64582652185087,0.841978927246465
BSU_20470,yoqY,6.3358076641116,-0.486878399355251,1.11410273847091,-0.437013914913706,0.662101256651427,
BSU_20480,yoqX,6.26559968227779,-1.05246344365071,1.24656039148144,-0.844293987553978,0.398505145034614,
BSU_20490,yoqW,166.444770571799,0.287363741472386,0.306881993160689,0.936398185220065,0.349068211989674,0.622089420653026
BSU_20500,yoqV,13.185911011654,-0.084190025722597,1.06747803729505,-0.0788681572652598,0.937137491142838,0.980108010925774
BSU_20510,yoqU,24.2435186506546,0.256805144319946,0.539910033749939,0.475644326400658,0.634327790437647,0.838078609314259
BSU_20520,yoqT,2.42936692174296,0.6093714871364,2.17989162722583,0.27954210178416,0.779828832671303,
BSU_20530,yoqS,24.5375608580086,-1.25893304195197,0.632842172898404,-1.98933177317511,0.0466645948592445,0.209087777295564
BSU_20540,yoqR,7.00150412801016,-0.924073638487061,1.17381455162219,-0.787239889989444,0.431141450056079,
BSU_20550,yoqP,9.459316342847,-0.0299909216772669,0.930693134876529,-0.0322242859148689,0.974293188874438,0.988791839595009
BSU_20560,yoqO,88.6518802822434,-0.118360692561602,0.323534281793014,-0.365836633773869,0.714486982150704,0.878962105622684
BSU_20570,yoqN,10.137148293288,-0.542872882512468,0.905975391370791,-0.599213717815306,0.549030376210687,0.78200099894303
BSU_20580,yoqM,42.5964122207077,0.197264366960852,0.492390454501343,0.40062589588709,0.688695576979614,0.867978143142706
BSU_20590,yoqL,68.4727862304503,-0.359982618137713,0.383582637797691,-0.938474744854263,0.348000489821138,0.622089420653026
BSU_20600,yoqK,9.37712455157447,-2.04441219090594,1.07559004153912,-1.90073551441632,0.0573366642980645,0.232137894399466
BSU_20610,yoqJ,32.51949550027,-0.766821801376656,0.480621837675702,-1.5954784848833,0.110605277472062,0.340208406025589
BSU_20620,yoqI,16.8548497837879,-0.676936376900691,0.633285442294537,-1.06892774046407,0.285102230922522,0.56849555736399
BSU_20630,yoqH,47.2189933644959,-0.75588732239584,0.569873147862767,-1.32641329957499,0.184702835902886,0.452074629628647
BSU_20640,yoqG,17.4637495240568,-0.373601771772238,0.86293868261624,-0.432941272999329,0.665057434720869,0.854492848215549
BSU_20650,yoqF,13.0049193830219,-1.72349158577786,0.774162597728675,-2.22626563312983,0.0259963940035382,0.14762105954783
BSU_20660,yoqE,7.97533207075197,-1.83475560154402,1.09650282375245,-1.67327941323955,0.0942723032395651,
BSU_20670,yoqD,41.4881151006144,-0.853971197140894,0.533522255143762,-1.60062900639596,0.109459113772998,0.339425754511283
BSU_20680,yoqC,20.3078574466019,-1.72298837436806,0.735440267759195,-2.34279852477729,0.0191397155167238,0.12283881727132
BSU_20690,yoqB,10.3372759327794,-0.2510312306168,0.961086472209859,-0.261195259610298,0.793941933555257,0.92063223645309
BSU_20700,yoqA,20.1211615937694,-1.08168916264672,0.590579712366515,-1.83157182679417,0.0670152374213486,0.254059665513793
BSU_20710,yopZ,9.93525971910841,-2.58065186349918,1.23065719560733,-2.09697052331915,0.0359961847793071,0.177622706599498
BSU_20720,yopY,7.44072406799217,0.184343467430989,1.18394436734527,0.155702812155218,0.8762672804287,
BSU_20730,yopX,17.1135087875444,-1.77566003576511,0.712517967954844,-2.49209159014169,0.0126993285178503,0.0921740353513786
BSU_20740,yopW,6.90187103734575,-4.37244311831275,1.49651437219936,-2.92175150438867,0.0034806912492032,
BSU_20750,yopV,19.3207777172958,-2.22304722990829,0.767206112368701,-2.8975880067545,0.003760442170661,0.0424058902409004
BSU_20760,yopU,239.508134123979,-0.523323327045639,0.255529162441774,-2.0479984438758,0.0405601518738166,0.191843751516915
BSU_20770,yopT,601.573861682293,-0.12103756999785,0.317668118849177,-0.38101894025858,0.703189194435685,0.876133353366809
BSU_20780,yopS,303.28720683095,0.957656174997532,0.477829472387787,2.004179797056,0.0450508039110369,0.204813239219635
BSU_20790,yopR,1700.09029534342,-0.25770731236613,0.212161191656244,-1.21467696497332,0.224489321457196,0.504304278742536
BSU_20800,yopQ,1972.92325664924,-0.169762535177936,0.18433475194507,-0.920946991202854,0.35707810315664,0.627677581594587
BSU_20810,yopP,478.315840642247,-0.770910981254164,0.276138859184845,-2.79175116291084,0.005242365434984,0.0518007990506345
BSU_20820,yopO,153.974675376967,-1.11727576068111,0.325624405222102,-3.43117942870112,0.0006009629581879,0.010954539402221
BSU_20830,yopN,150.491560688049,-0.901406664026266,0.302246414243019,-2.98235685039921,0.0028603837928448,0.0342550324938722
BSU_20840,yopM,103.799753936453,0.580082487291461,0.596963871235569,0.971721263618236,0.331189235416853,0.609100435841584
BSU_ncRNA_1,aimX,16.3296496258756,-0.291153072833162,0.664578913196183,-0.438101581395216,0.661312648109057,0.851600029435922
BSU_20850,aimP,4.14172052162619,0.806106981888814,1.61822944324769,0.498141339136065,0.618384425101149,
BSU_20860,aimR,147.827725251224,-1.06717643251684,0.388606840961157,-2.7461596658395,0.0060297410480375,0.0573112530089663
BSU_20870,yopJ,431.283439491476,1.31427197744902,0.238309757817152,5.5149734089253,3.48832697023171e-08,3.23846541050349e-06
BSU_20880,yopI,601.49916132925,0.954450480266783,0.325502168699529,2.93224000343861,0.0033652656835899,0.0386038523243997
BSU_20890,sieB,579.272126038645,1.08985610816599,0.285138877651586,3.82219400294371,0.0001322695614194,0.003219634690162
BSU_20900,yopG,111.380236260301,1.16302395782991,0.414726795955234,2.80431351234765,0.0050423847975302,0.0501975065130688
BSU_20910,yopF,78.6725218604275,1.09678958485027,0.456609430036499,2.40203007800913,0.0163043677676801,0.110880811121941
BSU_20920,yopE,77.6563914989207,0.137301624996878,0.400666734815146,0.342682865998907,0.731837054049754,0.887964310570496
BSU_20928,yoyH,73.3097713693187,0.88342863391615,0.488664626185023,1.8078424067914,0.0706310315459941,0.264006627276787
BSU_20929,yoyI,84.0877659455034,0.027057901794042,0.518027202829676,0.0522325886483195,0.958343366379457,0.985667722974415
BSU_20930,yopD,197.543245281175,-0.338611954789582,0.327586277161491,-1.03365732448754,0.301296390266746,0.585577015552508
BSU_20940,yopC,853.576129893973,-0.139889492688213,0.20983019623487,-0.666679511330345,0.504976868724595,0.750497435762223
BSU_20950,yopB,14.061922815629,0.707348869347716,0.83200992168054,0.850168791159333,0.395231250195023,0.662091124959518
BSU_20960,yopA,565.750699839017,-0.322279359846209,0.302773017412028,-1.06442563013347,0.287135928163471,0.5699883765433
BSU_20970,yonX,37.7148361556745,-0.594908951394458,0.585510063443963,-1.01605247891934,0.309604396804349,0.592777339109334
BSU_20980,yonV,27.1902240303078,-0.722080825897406,0.708429635542347,-1.01926964891101,0.308074968924466,0.592389758877682
BSU_20990,yonU,223.103816034442,-0.582212673080095,0.410222209142913,-1.41926170768893,0.155822731496577,0.414744646264834
BSU_20999,yoyJ,45.3974441604034,-1.42423386704941,0.457989970203494,-3.10974903318646,0.0018724636546671,0.0260448603116076
BSU_misc_RNA_90,apbT,2.06260923294989,1.249569872296,2.08279070937513,0.599949801327321,0.548539690869493,
BSU_21000,spbT,8.00000130692874,-0.771106371913916,1.04157476157508,-0.740327435303672,0.459101337677053,
BSU_21010,yonS,1638.00333031318,0.341440066572982,0.247348296855486,1.38040193085489,0.16746292601474,0.430921814460484
BSU_21020,yonR,280.359846064316,0.315426915722879,0.265177001652517,1.1894957472074,0.234244643534053,0.515209155365256
BSU_21030,yonP,2.81410077688082,-2.03350987272662,3.09411476452806,-0.657218631978179,0.511040346942728,
BSU_21040,yonO,76.4422988206184,-2.65001437369446,0.605002520295419,-4.38017080061166,1.18586320782834e-05,0.0004383301783009
BSU_21050,hupN,51.0897234561322,-1.77795780612484,0.43994494023307,-4.0413189095502,5.31514177438613e-05,0.0014918218597721
BSU_21058,BSU_21058,24.4235096142022,-1.80960888111655,0.654226748818967,-2.76602704549044,0.0056743828521057,0.0548477877617584
BSU_21060,yonK,7.24332136305635,-3.06946823215118,1.41888283677973,-2.16329928912072,0.0305181677378575,
BSU_21070,yonJ,148.402264189339,-2.62202433473268,0.347213037123493,-7.5516298479314,4.2984469359207403e-14,2.8599000280326002e-11
BSU_21080,yonI,175.057377625738,0.574313889740279,0.357235599526508,1.6076614158877,0.107909353352818,0.338021577465931
BSU_21090,yonH,55.3597267108962,-2.00325875844078,0.713071610255502,-2.80933742085593,0.0049643585889296,0.0499846299669907
BSU_21100,yonG,11.7673443058967,-2.22370376303337,1.02151773269709,-2.17686261516204,0.0294908195112035,0.157977635992134
BSU_21110,yonF,34.355987682175,-2.23297571457876,0.55982969474745,-3.98866965352043,6.64448750210897e-05,0.0017922158181364
BSU_21120,yonE,92.7154694734709,-0.307238995244943,0.516259636445132,-0.595124959527213,0.55175994574377,0.784448017826406
BSU_21130,yonD,294.427327293456,-1.88017615205918,0.244719648663538,-7.68297994185261,1.55429932876619e-14,1.24095258408693e-11
BSU_21140,yonC,95.0088161575722,-1.88649181332811,0.322177648635406,-5.85543975914659,4.75749448968355e-09,6.33063933427224e-07
BSU_21150,yonB,213.432863557644,-1.62047901253437,0.258029640477256,-6.28020490024751,3.38127102658638e-10,7.10422838849095e-08
BSU_21160,yonA,90.3557708249061,-2.64630378740932,0.46534007859149,-5.68681682312698,1.29429153806618e-08,1.4352255055445e-06
BSU_21170,yomZ,35.7120265849712,-1.88423258488785,0.683565275822819,-2.75647791298317,0.0058427558563717,0.05606798408326
BSU_21180,yomY,30.9969377359319,-1.11961034954337,1.05111991709816,-1.06515948497513,0.286803764336911,0.569845441001645
BSU_21190,yomX,71.3500652882139,-2.38997329231234,0.433246756758549,-5.51642512039458,3.45964794664897e-08,3.23846541050349e-06
BSU_21200,yomW,77.8941183426416,-1.43465366460693,0.505186809575801,-2.83984782938334,0.0045135058769406,0.0471799976457594
BSU_21210,yomV,69.8899012322798,-1.65362818364178,0.412771845240985,-4.00615546507624,6.17150370438008e-05,0.0016759620944139
BSU_21220,yomU,85.5153118984203,-1.59571836594836,0.377597900147263,-4.22597256321083,2.37910980380236e-05,0.0007689215892433
BSU_21229,youA,86.2160445136976,-2.13852721077109,0.42759876114157,-5.00124744295755,5.69605492651379e-07,3.60930972486398e-05
BSU_21230,yomT,30.4263213868252,-1.71368790491682,0.536042241039897,-3.19692698394878,0.0013890008166423,0.0206129786618448
BSU_21240,yomS,15.1544817141095,-2.6791942133153,0.926172751481196,-2.89275862308685,0.00381874646167,0.0428197185956053
BSU_21250,yomR,98.7767005311631,-1.32310944270769,0.424153407754687,-3.11941250150918,0.0018121207286472,0.0254215666615938
BSU_21260,yomQ,21.9300244548994,-1.71007492081095,0.659563564980548,-2.59273709405308,0.0095215526229991,0.0758989453915172
BSU_21270,yomP,5.59058240331006,-1.84751795778657,1.5621975512614,-1.1826404133682,0.236951688740256,
BSU_21280,yomO,21.8228873613648,-2.07102231882491,0.737343596978512,-2.80876151540686,0.0049732472175943,0.0499846299669907
BSU_21290,yomN,39.8896665094998,-0.763791623222192,0.427428131075883,-1.78694748354453,0.0739459769454451,0.269582045631248
BSU_21300,yomM,37.9558160918375,-0.640363347295199,0.893757153104175,-0.716484724145821,0.473692096611358,0.725395577921747
BSU_21310,yozP,19.6193420005855,0.178960899163238,0.720970741260232,0.248222138460738,0.803962538245881,0.922622029051687
BSU_21320,yomL,859.548746632961,0.706610162394577,0.231346322692946,3.05433928739132,0.0022555682910163,0.030317268073189
BSU_21329,youB,74.4375739335436,0.934463832834547,0.435346995411653,2.14648049184523,0.0318346635471148,0.166122845594879
BSU_21330,yomK,130.106844412023,0.719936111517034,0.32418277387516,2.22077226038628,0.0263663903170706,0.149297347724462
BSU_21340,yomJ,348.740032120312,-0.0998853433390162,0.351191068422641,-0.284418803096693,0.77608945096647,0.911488404900897
BSU_21350,cwlP,234.41407934766,-0.372034288004768,0.336526076887319,-1.10551399596097,0.268936933226346,0.551117595165329
BSU_21360,yomH,18.5605780878781,-0.207556762093801,0.964278671419513,-0.215245621671022,0.829575823470772,0.933916155469634
BSU_21370,yomG,135.349698047135,-0.0346502854311559,0.308976308484593,-0.112145444422914,0.910708085226055,0.968667726823233
BSU_21380,yomF,19.7243195118514,-2.11536363374806,0.681070586024915,-3.10593891023019,0.001896758970025,0.026200213869688
BSU_21390,yomE,52.6975797691379,-1.90270206567894,0.445734920326115,-4.26868521830611,1.96628518985395e-05,0.0006525751242107
BSU_21400,yomD,22.7097403136436,-0.419384299601904,0.625910305542995,-0.670038975054223,0.502832944920514,0.748767053793709
BSU_21409,BSU_21409,4.2529761103235,-0.0476878175341815,1.71544157859908,-0.0277991498685288,0.977822344008472,
BSU_21410,blyA,13.1236971693846,-1.15531438366363,0.837091986350215,-1.38015224432011,0.167539774249569,0.430921814460484
BSU_21420,bhlA,2.22944173822634,-0.928814956795164,2.25331678563032,-0.412199013790841,0.680193559946625,
BSU_21430,bhlB,5.57756366281005,-1.25719332292926,1.81234549932977,-0.693683033060852,0.487881008682195,
BSU_21440,bdbB,2641.86651866713,-0.845671817266776,0.189508985377475,-4.46243652026482,8.10329382874108e-06,0.0003267509996397
BSU_21450,sunS,6440.17160897286,-1.16061414167212,0.223534949900147,-5.19209252150754,2.07943615796694e-07,1.57043542968792e-05
BSU_21460,bdbA,1062.96928679686,-0.957050439221836,0.315063035262053,-3.03764749306693,0.0023843268992578,0.0311592531828191
BSU_21470,sunT,11151.2428241425,-1.10838889298187,0.172657033380871,-6.41959885026421,1.36633910963904e-10,3.20848572098767e-08
BSU_21480,sunA,21842.6501288909,-0.752572495183531,0.251379138998548,-2.99377465521464,0.0027554937611345,0.0339623387044549
BSU_21490,sunI,2542.25388245206,-1.30867705399323,0.314916501209674,-4.15563188644062,3.24389754526199e-05,0.0009736570677207
BSU_21500,uvrX,18.5347166862694,-0.612875384373182,0.651428382457778,-0.940817748930222,0.346798263644796,0.6214321171576
BSU_21510,yolD,1.08469826808122,-2.12117130155172,2.98235648823411,-0.711240024430377,0.476935510126336,
BSU_21520,yolC,25.357297115168,-0.761582161548939,0.722474182007205,-1.05413062572434,0.291823116397552,0.57592790682444
BSU_21530,yolB,1951.62339212436,0.211300586656015,0.257997123409588,0.819003653465396,0.412784329141915,0.675375745357716
BSU_21540,yolA,4230.41387566731,0.0787226376930137,0.26152625458358,0.301012369937241,0.763405061888994,0.903811020145516
BSU_21546,bsrG,89.8184094905017,-0.859928572778603,0.448156433542174,-1.91881340625155,0.0550079525996153,0.226150099668038
BSU_misc_RNA_77,asrG,49.8349685740077,0.206584416408474,0.397811274439188,0.519302568032305,0.603549762848543,0.816459048895759
BSU_21550,yokL,613.849616246687,-0.154125026424759,0.195729068093333,-0.787440659305979,0.431023953048868,0.691436886835013
BSU_21560,yokK,658.249796557346,-0.0498351082843974,0.187418092131928,-0.265903401947541,0.790313605014934,0.919041105433589
BSU_21570,yokJ,601.878355754628,-0.0259578411421595,0.22386155755229,-0.115954884911833,0.907688297149546,0.968071515421049
BSU_21580,yokI,955.252274630638,-0.0987763779051848,0.203403886526244,-0.48561696431715,0.627238766337789,0.833534339287767
BSU_21590,yokH,868.085140693606,-0.208764966521923,0.243519969302585,-0.857280686753545,0.391289779490856,0.658359571380276
BSU_21600,yokG,1529.32271100083,0.0973420335151001,0.177168686907188,0.549431365183024,0.582709454183646,0.802406395688553
BSU_21610,nukF,1399.86703082746,0.419689334492398,0.217513129979867,1.92948965669909,0.0536701029129247,0.223877796058929
BSU_21620,yokE,598.213500163877,0.454512017154362,0.287543074071814,1.58067454283683,0.113952471991337,0.345404911305556
BSU_21630,aacD,362.843083137814,-0.121556043133545,0.272788144964158,-0.445606033024331,0.655881851868577,0.849454558129958
BSU_21638,BSU_21638,79.3520861110397,0.316643342613126,0.426497354171696,0.742427448883198,0.45782839394196,0.71336883240293
BSU_21639,BSU_21639,224.385164510384,0.55295882510918,0.280073296677478,1.97433611725557,0.0483435367002125,0.212775522058708
BSU_21640,yokC,218.378704005648,0.220173507970286,0.273177656810304,0.805971873911983,0.420259066739935,0.683092098707582
BSU_21650,yokB,387.470567196377,-0.100729177173809,0.215431501312638,-0.467569397047597,0.640092553992501,0.84026618728644
BSU_21660,sprA,716.66346083615,0.0453281806085136,0.233053057003357,0.194497258226742,0.845786542356083,0.940495787488992
BSU_21680,msrB,415.175888873776,-0.573977211733988,0.29706222584778,-1.93217838483478,0.0533374921221229,0.222956302148183
BSU_21690,msrA,330.840702459909,-0.222202354482617,0.389693219770257,-0.570198153854501,0.568543308103558,0.794964933782628
BSU_21700,ypoP,1021.11525882905,-0.0864463034182937,0.251032069307616,-0.344363585324876,0.730572870735567,0.887537096767006
BSU_21710,dinF,243.997784481908,0.0105722171126963,0.260562805054051,0.0405745444385404,0.967635078035389,0.987987023654406
BSU_21720,ypmT,113.06340242519,0.0852397444038364,0.388665080269405,0.219314131191699,0.826405354747741,0.931923778574289
BSU_21730,ypmS,840.927197372332,0.322115308914264,0.183123748835111,1.7590034660349,0.0785769198544695,0.278148584731983
BSU_21740,ypmR,1316.16342794716,0.0727157501847216,0.187125253596306,0.388593996733303,0.697576508349567,0.873228416849004
BSU_21750,scuA,720.330580253469,-0.401436541555535,0.226741638543789,-1.77045797205002,0.076650879739223,0.273663567213848
BSU_21760,ypmP,2853.31328183623,0.318668561595802,0.286727576562912,1.11139837128949,0.266396913085524,0.548642769225654
BSU_21770,ilvA,2666.99686482877,-0.0641730767596461,0.295496845628049,-0.217170090676442,0.828075792627519,0.932982980018348
BSU_21780,silP,203.448458805791,-0.344513955510578,0.266496184748992,-1.29275379996554,0.196096223853935,0.465961979538635
BSU_21790,yplQ,69.4928669972198,0.666547960458419,0.437823087755253,1.52241391351893,0.127905400746832,0.370804909064162
BSU_21800,ypkP,1053.95741037578,0.322479751854124,0.184983876943725,1.743285724043,0.0812837177826171,0.284778525663231
BSU_21810,dfrA,546.849476522081,0.0136352545417665,0.213591982817197,0.0638378574042091,0.9490993338717,0.981979368334564
BSU_21820,thyB,751.96601348269,0.0715199617497997,0.1992906878415,0.358872572142865,0.719690418972785,0.88126618709542
BSU_21830,ypjQ,2119.52888637705,-0.35415448296397,0.207152014126006,-1.70963572069614,0.0873332559288857,0.297859773956014
BSU_21840,ypjP,1779.16744413714,-0.327096686009193,0.189122507038567,-1.7295492278055,0.0837108439610344,0.289829739022072
BSU_21850,rsmJ,302.485666184852,0.205729395557489,0.309194649564728,0.665371783913809,0.505812727474376,0.750497435762223
BSU_21860,brxA,1175.62152898608,-0.0324524177038833,0.188864705967415,-0.171828916036236,0.863572031904768,0.950476854525457
BSU_21870,ilvD,6373.11205236014,0.0249114276152319,0.402919181117631,0.0618273559132424,0.950700318288121,0.982447753198597
BSU_21880,ypgR,2158.61165975724,-0.16241959657203,0.253501400953212,-0.640704926920729,0.521714412505959,0.762887888177212
BSU_21890,hdhQ,453.638491339335,-0.647975928589274,0.244370868017567,-2.65160873653193,0.0080109313606835,0.0689216336031222
BSU_21900,bsaA,281.749079747838,-0.519574354824035,0.342786251437452,-1.51573860574989,0.129585461650176,0.373775406725075
BSU_21910,metAA,1099.87205073919,-0.253705196021617,0.178044844148154,-1.42495109721068,0.154171337679371,0.412901107867252
BSU_21920,ugtP,3240.97199563522,-0.243410914212501,0.169360437208686,-1.43723598158034,0.150650952280556,0.409076790189709
BSU_21925,BSU_21925,27.2794063599222,0.15269257634224,0.544030137703521,0.280669333847553,0.778964031693203,0.912180819747512
BSU_21930,cspD,30466.3339336863,-0.280299210907236,0.16718977788485,-1.67653318554134,0.0936338016287251,0.311748236949016
BSU_21940,degR,502.204403405642,0.742555845314036,0.212268101969743,3.49819797898735,0.0004684132808104,0.0089899318124768
BSU_21950,ypzA,37.3380006104064,0.786419788203129,0.556845862010212,1.41227553593405,0.157868846809905,0.416256563054915
BSU_21960,ypeQ,44.2871394801303,0.401247452821433,0.423365733399062,0.947756091641974,0.343253638261174,0.619292704735993
BSU_21970,ypeP,192.945972062747,0.319622724504426,0.304254586963607,1.0505107834008,0.293483335762524,0.577156763777224
BSU_21980,queP,252.864712425675,0.0628852595297961,0.25632687980635,0.245332286560445,0.806199154402907,0.923485516320345
BSU_21990,ypdQ,211.524393256649,0.0940207130363549,0.262451513273586,0.358240315948743,0.720163478841827,0.88126618709542
BSU_22000,sspL,139.178677828901,0.0522007811184993,0.380582095674393,0.137160370158768,0.890904034825222,0.963252214831129
BSU_22010,exnP,598.56896097809,0.321742692152555,0.194902822526247,1.65078518608538,0.0987824460766297,0.320340799949558
BSU_22019,ypzF,2178.71372018947,0.49320731830846,0.219577931853102,2.24616068721522,0.0246937173159042,0.142614706641541
BSU_22020,ypbS,1290.2161220262,0.329388439494298,0.307395283790769,1.07154682216432,0.283923629465085,0.566876294699248
BSU_22030,dynA,2864.48232842102,-0.0145261426788812,0.164424159224763,-0.0883455493850167,0.929602037284735,0.976314478516355
BSU_22036,fbpC,0.800566164303836,-0.147560256555473,3.43058067616909,-0.0430132011121374,0.965691010627676,
BSU_22040,bpsB,3.50101272565749,-0.0510394503549022,1.34101215802855,-0.0380603934493305,0.969639529862466,
BSU_22050,bpsA,9.95730983612686,-0.344704472074552,0.793972001278144,-0.434151924148009,0.664178121735216,0.853764782390163
BSU_22060,pbuX,13.9965347701241,1.30893035670416,1.03067336332392,1.26997592378138,0.204093206414688,0.475621762993249
BSU_22070,xpt,20.5085152952161,1.27763804965929,0.9208623787313,1.3874364716903,0.165308710178056,0.427681381095787
BSU_misc_RNA_34,gswA,244.708766237448,0.106323521022349,0.282014760605966,0.377014028605776,0.706163179566714,0.877389076546288
BSU_22080,ypwA,3274.03875417139,-0.217545592749312,0.203785806842183,-1.06752082551944,0.285736714689785,0.569192098324163
BSU_22090,kdgT,389.421676021724,0.0185129214219974,0.246284348930301,0.0751688911715484,0.940080335555497,0.980226410586802
BSU_22100,kdgA,193.986922086692,-0.267397935404279,0.270851570260033,-0.98724897606302,0.323520597479021,0.604361296840043
BSU_22110,kdgK,394.090141967385,-0.282974245958369,0.209865297031419,-1.34836130585232,0.177542202926376,0.442138786077412
BSU_22120,kdgR,395.585143016171,-0.0886848184698698,0.246291267931381,-0.36008105043569,0.718786523213388,0.880993491147634
BSU_22130,kduI,419.21912407693,-0.295398778944781,0.244507256297694,-1.20813910972493,0.226993758388913,0.505836855272161
BSU_22140,kduD,314.412473005769,-0.325348427009625,0.255213784588097,-1.27480742286206,0.202377412748971,0.473836147621051
BSU_22150,ypvA,3068.77418633792,1.11864229379594,0.254823604437606,4.38986920487517,1.13418859044743e-05,0.0004266495301159
BSU_22160,yptA,95.0883802345658,0.480446418463195,0.353066677059127,1.3607809790068,0.173582914641388,0.436637048045633
BSU_22169,ypzG,39.5563788127639,1.61356536018619,0.748458017809741,2.15585286254007,0.0310951561833042,0.163499146244507
BSU_22170,rlmKB,1686.19551612991,-0.0585642854545736,0.203688376296637,-0.28751903529971,0.773714928902197,0.9093165477353
BSU_misc_RNA_35,rnpB,96483.1984683852,-0.375299652844931,0.195245879559466,-1.92218987510375,0.0545818703624866,0.225389019707423
BSU_22180,gpsB,1581.77115381574,0.0858932815541431,0.203137204844688,0.422833826131526,0.672416506135513,0.858965669495317
BSU_22190,ypsA,1249.68930557457,0.378113812744832,0.216345033435458,1.74773511894663,0.0805099046535316,0.282918608606424
BSU_22200,cotD,1845.0360016392,0.799214125225391,0.216244632611402,3.69587959513244,0.0002191268101323,0.0048597457002686
BSU_22205,BSU_22205,90.158075675421,-0.272969656795525,0.349111200447776,-0.781898880486816,0.434274003005248,0.69456002403724
BSU_22210,yprB,742.21153019657,0.0584070524173205,0.213585714415964,0.273459545630337,0.784499985495088,0.916189204161143
BSU_22220,yprA,1280.77796721878,0.0399208238658562,0.178224767430697,0.223991448783231,0.82276395708097,0.930709469160451
BSU_22230,ypqE,1672.88040046485,-0.0086605762808734,0.222057552905966,-0.0390014938358837,0.968889197612561,0.987987023654406
BSU_22240,ypqA,0.42234059569004,1.75160202309085,3.49354779264591,0.501382012514058,0.616102296524542,
BSU_22250,yppG,13.9585046005812,1.39504506131144,0.752297095249647,1.85438049690794,0.0636847430280379,0.246475892930292
BSU_22260,yppF,1019.81358506257,-0.23105552773873,0.225172809303325,-1.02612534991949,0.304832502702891,0.589008398252634
BSU_22270,yppE,255.967707553628,0.429218987014942,0.32072293462649,1.33828591807694,0.180803250492135,0.446029817300083
BSU_22280,yppD,18.7718398710135,-0.192345592993513,0.839505150419475,-0.229117823633844,0.818777340647166,0.929067969638044
BSU_22290,sspM,4.99554112198011,1.0251264926457,1.47453157157265,0.69522179952536,0.486916312808963,
BSU_22300,yppC,6.35274776527363,2.57995012647368,1.49954826297745,1.72048488879646,0.0853443381749852,
BSU_22310,recU,528.641166123412,0.377411607252476,0.230191674342434,1.63955368208077,0.101098000315696,0.323843332391194
BSU_22320,ponA,9639.81300267829,0.364031456297243,0.172132853560811,2.11482845236535,0.0344445709423587,0.173614554547849
BSU_22330,ypoC,783.869897942245,-0.0062409032738565,0.22311789695914,-0.0279713252899628,0.97768502129865,0.990677255465979
BSU_22340,nth,476.548373103307,-0.008696215868298,0.200402431555552,-0.0433937642412659,0.965387648435489,0.987987023654406
BSU_22350,dnaD,1404.14610043838,0.156526777293552,0.195282621505771,0.801539717598098,0.422819260354246,0.685300238462911
BSU_22360,asnS,9861.69785871622,-0.249238751049129,0.16076770712012,-1.55030357472789,0.121068669745689,0.357739548204877
BSU_22370,aspB,9696.84680134434,0.0522818679348795,0.165646434632561,0.315623261381096,0.752288479525294,0.898943553739447
BSU_22380,tseB,2688.43515113696,-0.303454398755949,0.195250835015248,-1.55417721379912,0.120142151183338,0.357382613654162
BSU_22390,ypmA,328.611072492281,0.225996322287931,0.231698219486438,0.97539084585481,0.329366422720278,0.60850325992453
BSU_22400,dinG,5346.10350467944,0.0503514988912201,0.158492476015283,0.31769015259983,0.750719981634581,0.897805322553999
BSU_22410,panD,719.645641586867,-0.0754675187440655,0.21886163005174,-0.344818407530934,0.730230893644711,0.887537096767006
BSU_22420,panC,1259.32680638459,-0.150567111701771,0.219513883204356,-0.685911567431938,0.492768875348673,0.741659027178306
BSU_22430,panB,1812.16621643661,-0.164521084538002,0.207501111093946,-0.792868451020077,0.427854470171411,0.68966129095521
BSU_22440,birA,1506.91316469727,-0.0886864488530727,0.166038364655242,-0.534132271401366,0.593250023798427,0.808829950479276
BSU_22450,cca,1944.74980343335,-0.0007065725774241,0.195602386164186,-0.0036122901733471,0.997117815709646,0.997413603382005
BSU_22460,bshA,1793.87559500364,-0.130164753009984,0.199023042929888,-0.654018505062446,0.513099883572628,0.754859754022073
BSU_22470,bshBA,863.609156454128,-0.163833015149691,0.198381762219488,-0.825847161133831,0.408890797364051,0.672001672736637
BSU_22480,mgsA,600.364891233927,-0.035433628265326,0.205270218571151,-0.172619430680072,0.862950577701757,0.950366731737264
BSU_22490,dapB,1562.73626260328,-0.0024449346523728,0.222785585626602,-0.0109743843862083,0.991243883894505,0.996187176434578
BSU_22500,ypjD,436.798031376347,-0.307432080160057,0.240296864705181,-1.27938448359384,0.200761695149958,0.47123036455845
BSU_22510,ypjC,719.059423317917,0.177945149342452,0.213935095413518,0.83177165952365,0.405537843547388,0.668924404958892
BSU_22520,ypjB,745.401358597644,0.399834837565441,0.27094145655956,1.47572410159221,0.140017973074091,0.389420449017391
BSU_22530,ypjA,370.797951502187,0.380790596244263,0.340447847633734,1.11849905614305,0.263353909410481,0.546986891970157
BSU_22540,qcrC,2657.0690988406,-0.535908973264685,0.292466780614232,-1.83237553386126,0.0668954905886777,0.254059665513793
BSU_22550,qcrB,2053.67480769592,-0.443025760492684,0.299877252766671,-1.47735700659294,0.139579964410039,0.388836858286725
BSU_22560,qcrA,1208.82939613359,-0.287337769289076,0.259766648827364,-1.10613803036753,0.268666780197796,0.55085659298901
BSU_22570,ypiF,281.235792058808,-1.2426574126399,0.412349738698609,-3.0136005822673,0.0025816744743295,0.0328008524163481
BSU_22580,ypiB,1592.56796799843,-0.617389530019274,0.337011288701619,-1.83195504339884,0.066958118787676,0.254059665513793
BSU_22590,ypiA,1468.59074853843,-0.0484677285280701,0.242950782150467,-0.199496079407773,0.841874709897609,0.93960878520858
BSU_22600,aroA,2464.72976036909,-0.15663927535899,0.164627891142486,-0.95147471228565,0.341363449515074,0.617924914885751
BSU_22610,tyrA,1914.8405127335,-0.210729084471986,0.176611694003429,-1.19317741478599,0.2327998979272,0.513175970655793
BSU_22620,hisC,2449.27340652622,0.137443840349286,0.174642805676272,0.786999726768364,0.43128202610701,0.691436886835013
BSU_22630,trpA,1317.26535503868,-0.121595553174336,0.198398895016577,-0.612884225812733,0.539952894095825,0.777634788463879
BSU_22640,trpB,95.0628542349159,0.323229275513569,0.305569542337694,1.05779284493073,0.290149895545951,0.574542848719958
BSU_22650,trpF,37.0716503449939,0.0727265534893247,0.450932282929657,0.16128043221219,0.871872534330587,0.955411568813247
BSU_22670,trpD,41.8861482327754,0.118481878142203,0.474164279850125,0.249875166007134,0.802683888790199,0.922622029051687
BSU_22680,trpE,389.785240244561,0.238399496002131,0.369765100739499,0.644732278750353,0.519100694593564,0.76009003045946
BSU_22690,aroH,1870.02094709212,0.35134004434161,0.199693937924639,1.75939263851965,0.078510841421296,0.278148584731983
BSU_22700,aroB,3003.3509530654,0.299108703687196,0.192282949454974,1.55556540262681,0.119811471050052,0.356847100923332
BSU_22710,aroF,3099.87780482588,0.218408648575903,0.207178697537517,1.05420417818947,0.29178944754496,0.57592790682444
BSU_22720,cheR,985.116948332043,0.301012155118525,0.26296272595374,1.14469514273091,0.252335464238498,0.536380816421769
BSU_22730,ndk,27747.8699651955,0.0701289658837373,0.159556549025781,0.439524208263028,0.660281744951031,0.851600029435922
BSU_22740,hepT,3374.78309478484,-0.0802111650114174,0.161773367886595,-0.495824288381299,0.620018386987688,0.826139319377454
BSU_22750,menG,1516.24931990173,-0.0963486803880487,0.173067976115287,-0.556710042786122,0.577725554213411,0.801178443470562
BSU_22760,hepS,3359.97954568147,-0.113479425850526,0.181634262937927,-0.624768829487351,0.532122791335776,0.772323113830414
BSU_22770,mtrB,1000.06133840823,-0.0434613942469077,0.206344782267502,-0.210625118645186,0.833179810142068,0.935871170496987
BSU_22780,folEA,1747.97691235165,-0.002725433095957,0.205055577109957,-0.0132911922434356,0.989395475140341,0.995641458588494
BSU_22790,hbs,57123.7455249043,0.0553737534383983,0.183986057706257,0.300967117447591,0.763439569120911,0.903811020145516
BSU_22800,spoIVA,76.1165862712854,-0.181789521313849,0.414018888159675,-0.439085091315298,0.660599881320781,0.851600029435922
BSU_22810,yphF,1820.20751098655,-0.008582435991769,0.205053404901429,-0.0418546377998196,0.966614578475798,0.987987023654406
BSU_22820,yphE,232.655992375915,-0.139659086622642,0.242972621422847,-0.574793512967833,0.565430954511359,0.792278122291802
BSU_22830,gpsA,2789.13461694867,0.301302587276951,0.212940574262399,1.41496090315633,0.157079959505125,0.416100330686436
BSU_22840,der,3344.91390426245,0.436604384552563,0.215264291164889,2.02822484950897,0.0425373048416225,0.197912495253796
BSU_22849,ypzH,15.4953367633449,-0.909242175693457,0.81661891580455,-1.11342286848408,0.265526857897602,0.548642769225654
BSU_22850,yphB,36.8138228264735,0.39379396767131,0.554496099427871,0.710183476633337,0.47759036595672,0.728243216539047
BSU_22860,yphA,17.4768424527368,1.09475931794648,0.618251188516573,1.77073548467126,0.0766046987289255,0.273663567213848
BSU_22869,ypzI,48.3076710669964,0.399831037327642,0.461965576955533,0.865499633030295,0.386764617262614,0.654222183098456
BSU_22870,fni,3763.596975263,0.354505839803892,0.176132609338402,2.01272121690302,0.0441439660395404,0.203433355841071
BSU_22880,rpfA,20771.34571305,0.341836454951241,0.189387992198128,1.80495315982668,0.0710820120634586,0.264895351487249
BSU_22890,cmk,3845.65087753194,0.303026289638559,0.204061109334851,1.48497815495706,0.137549610946841,0.386330269895944
BSU_22900,ypfB,232.795001772017,0.379269422709798,0.247783874676259,1.53064610522105,0.125856880391549,0.366930220045995
BSU_22910,dgrA,878.932026188779,0.12222488251269,0.178243728315381,0.685717717351762,0.492891132040092,0.741659027178306
BSU_22920,sleC,65.5732541115941,1.82608792313524,0.758581468569516,2.40724035426117,0.0160735872885008,0.109877428510097
BSU_22930,sleB,2.2506639358407,3.26049332240266,1.98515110526318,1.6424408770487,0.100498669389496,
BSU_22940,prsW,814.020002697453,0.0346412455944364,0.177452691899852,0.195213976319879,0.84522543802664,0.940495787488992
BSU_22950,ypdA,2088.64104548888,-0.0318467359179484,0.242244628508736,-0.131465189193246,0.895407322531839,0.964768159661836
BSU_22960,gudB,33395.3371911759,-0.132953023288528,0.166163181305768,-0.800135278126816,0.423632423546779,0.686061109451823
BSU_22970,mecB,2552.02185146578,-0.251925556926498,0.199183343147455,-1.26479229109032,0.205945795544738,0.476653134500548
BSU_22980,ypbG,146.40331025419,0.0629919477954472,0.291359148133877,0.216200343112284,0.828831586106488,0.933341520941354
BSU_22990,ypbF,135.170437314901,0.238161215190534,0.331435405007264,0.718575057439365,0.472402786199754,0.724842876451676
BSU_23000,ypbE,692.581716335238,0.338847209484681,0.245858956775179,1.3782178771487,0.168136029340793,0.431084797128096
BSU_23010,ypbD,453.356193493158,0.112168729107299,0.231129953150399,0.485305896437877,0.627459373460405,0.833550022913124
BSU_23020,recS,1241.16694068317,-0.0045662924436084,0.194182209342121,-0.0235155036039545,0.981239071817103,0.9916724999225
BSU_23030,gmmB,678.345905705013,0.0061951558258994,0.212158298530798,0.0292006292886071,0.976704579349195,0.990600782713919
BSU_23040,fer,3720.81242023768,0.0085174630378779,0.238313066447162,0.0357406463894685,0.971489160110285,0.987987023654406
BSU_23050,fmnP,726.858354219047,-0.10058922388263,0.231763923467314,-0.434015882962976,0.664276907340643,0.853764782390163
BSU_misc_RNA_78,fswB,178.586419485544,-1.03279832758665,0.34188591878031,-3.02088583019505,0.002520363734041,0.0322477308535001
BSU_23070,serA,14817.9306113812,0.216802209284247,0.222764124089252,0.973236647375876,0.330435700788292,0.609100435841584
BSU_23080,aroC,739.309685031859,0.229126032231228,0.179504982283451,1.27643271688928,0.201802597057249,0.472851944722433
BSU_23090,rsiX,1552.95855653452,0.116600398090939,0.245685933739237,0.474591265020058,0.635078333444187,0.838078609314259
BSU_23100,sigX,1020.82806179661,0.0145291963161894,0.2021385633385,0.0718774096155954,0.94269946805513,0.980269933960949
BSU_23110,resE,4839.67598089485,-0.0192377257567175,0.200515683230046,-0.0959412523091602,0.923567231072803,0.974244902496177
BSU_23120,resD,1589.11562507462,-0.151244189723068,0.224553067779627,-0.673534283982693,0.50060744517846,0.747633715358179
BSU_23130,resC,2047.79602434698,-0.153173865770181,0.2338705676989,-0.654951442916867,0.512499017585618,0.754859754022073
BSU_23140,resB,3581.53662394421,-0.286929890415162,0.208793362693933,-1.37422898272762,0.169370605697895,0.432583146478566
BSU_23150,resA,1749.19495146705,-0.301629267154958,0.213560572467064,-1.41238274308089,0.157837294879793,0.416256563054915
BSU_23160,rluB,1642.28531420243,0.164087579103285,0.170282837926933,0.963617831960808,0.335237563309307,0.611081439603085
BSU_23170,spmB,16.629300014835,0.719834975500802,0.709890988148981,1.01400776671042,0.31057904629243,0.59378905785411
BSU_23180,spmA,16.9929618798662,1.93392696368336,0.907358517173544,2.13138128653668,0.0330577432772418,0.169160746977303
BSU_23190,dacB,46.1899727836479,0.686044769755864,0.429171978156374,1.59853113593986,0.109924821746701,0.339425754511283
BSU_23200,ypuI,1093.74075577132,0.38479818791262,0.247198610739638,1.5566357220264,0.119556997571036,0.356847100923332
BSU_23210,spcB,884.425461782686,0.394387520352005,0.2163933451365,1.82254921057405,0.0683716940062877,0.257733524526063
BSU_23220,scpA,1275.86200081476,0.203066768178507,0.228789632551356,0.887569799007061,0.374772205081718,0.642650619710576
BSU_23230,ypuF,160.068577596985,-0.285067063812541,0.263867312239807,-1.08034246982994,0.279989704168506,0.563366380564856
BSU_23240,ypzK,2774.35823072156,0.0750355608592456,0.169722104215701,0.442108358283624,0.658410796365722,0.850819912636553
BSU_23250,ribH,1497.70404046338,0.0953928687837542,0.252408794133048,0.377930052363673,0.705482556708011,0.877389076546288
BSU_23260,ribBA,3245.03014557464,0.0247308270320788,0.244727448731151,0.101054569727678,0.919507141465553,0.973868554072766
BSU_23270,ribE,1633.98265308555,0.0159251440316454,0.306533950675798,0.0519523008676075,0.958566700443669,0.985667722974415
BSU_23280,ribD,3351.21622617133,0.0485009883797323,0.266790667052737,0.181794171870881,0.855744258482642,0.946821252733566
BSU_misc_RNA_36,fswA,251.02042694773,-0.321037005808253,0.283493724343671,-1.13243073211409,0.257453390580753,0.54120797008866
BSU_23300,ypuD,118.149334591377,-0.175385845862612,0.360320904161997,-0.486749016881241,0.626436204146608,0.832745030620466
BSU_23310,sipS,1682.909365251,0.187924943728339,0.206337286340164,0.910765800314584,0.362418785741455,0.633162272507609
BSU_23320,ypzC,5.52849175309195,0.768266492435298,1.43634432051687,0.534876269889684,0.592735418484453,
BSU_23328,ypzJ,140.550719502831,0.14494199450447,0.351657303599906,0.412168304257306,0.68021606712074,0.863333562284574
BSU_23340,ypuB,2.60999858834907,0.968425747482924,2.01877371621676,0.479709904930693,0.631433683858763,
BSU_23350,ypzD,7.45931132805028,0.323212250806048,1.12178176416382,0.288124001593992,0.773251820681548,
BSU_23360,ppiB,535.535368561239,0.329954505820304,0.285459281522506,1.15587240344921,0.247733352040317,0.532266706859498
BSU_23370,ypuA,1464.21764890982,-0.295025870617838,0.213928001728685,-1.37908954523871,0.167867146870988,0.430948971259797
BSU_23380,lysA,4074.93034186979,0.50957904660839,0.276781815376967,1.84108571552781,0.0656089986269386,0.25183761780648
BSU_23390,spoVAF,96.9697576039007,0.205899284136759,0.355100776114548,0.579833382482781,0.562026983396115,0.790004125956793
BSU_23401,spoVAEA,12.9607205888607,1.66088495401579,0.968507487517655,1.7148911860999,0.0863651789119761,0.296193981285746
BSU_23402,spoVAEB,1.73850458687004,-0.458436286323562,1.92668199889753,-0.237940815654003,0.811926998134068,
BSU_23410,spoVAD,3.83957483992293,-0.318103364114229,1.39760357678043,-0.227606289364988,0.81995233007476,
BSU_23420,spoVAC,0.613540337709426,-0.0992103018121974,3.43489863145888,-0.0288830362863024,0.976957875060408,
BSU_23430,spoVAB,0.0,,,,,
BSU_23440,spoVAA,0.424809504246774,-2.14296356869363,3.47516869857607,-0.616650227533326,0.537465457264307,
BSU_23450,sigF,399.410343566985,-0.309907123078848,0.27562870224456,-1.12436448220067,0.26085843330775,0.54474382661661
BSU_23460,spoIIAB,168.707601664967,-0.607161312285178,0.356536017420847,-1.7029452358764,0.0885783174646933,0.299924989767858
BSU_23470,spoIIAA,142.727766700417,-1.01967803183977,0.371657736493285,-2.74359425814938,0.006077059880211,0.0574872583928973
BSU_23480,dacF,5.81838634001612,-1.22996147533456,1.28470076336322,-0.957391410054624,0.338369732490706,
BSU_23490,pupG,3741.70079564023,-0.49354951805699,0.215698287352568,-2.2881475978076,0.022128927165683,0.133846480674858
BSU_23500,deoB,4215.01603865943,-0.512889310058352,0.199787172563041,-2.5671783802662,0.0102529853233485,0.0799412449429825
BSU_23510,ripX,1858.87458297567,0.159540902951764,0.180427960817987,0.88423602543902,0.376568814853403,0.644900347016209
BSU_23519,yqzK,22.3848021349546,0.28430804321176,0.596435166177698,0.476678873638138,0.633590808903471,0.838078609314259
BSU_23520,fur,1767.25789879416,0.0612479540732227,0.22416867297962,0.273222628564122,0.784682086429596,0.916189204161143
BSU_23530,spoIIM,4.72774011220438,0.0563433402436345,1.31807628723171,0.0427466458424572,0.965903495524805,
BSU_23540,yqkK,5.85825018669742,1.0749208810649,1.28849585981303,0.834244730301949,0.404143089832102,
BSU_23550,mleA,2290.47033460891,-0.262575828710135,0.320180146111069,-0.820087790887098,0.412166061783525,0.675115793870369
BSU_23560,mleN,1151.91483389901,-0.0096671760404333,0.363422335820917,-0.0266003904757163,0.97877846181634,0.991076901935567
BSU_23570,ansB,737.986292328785,-0.0501915348923526,0.251679173699834,-0.199426651615654,0.841929014201175,0.93960878520858
BSU_23580,ansA,415.63285164494,0.003977016372565,0.246931125647828,0.0161057718508807,0.987150008841913,0.994796904965914
BSU_23590,ansR,121.895840456752,0.15585214541372,0.319025531905936,0.48852561888267,0.625177583971074,0.831473831264392
BSU_23600,yqxK,982.760805161215,-0.11938948306321,0.181136005006954,-0.659115138697172,0.509821835039353,0.752944419340398
BSU_23610,nudF,418.507526803635,0.0757091975662622,0.232820445207125,0.325182771207695,0.745042747303125,0.895452775666064
BSU_23616,mciZ,0.0,,,,,
BSU_23620,yqkF,1066.37582539476,-0.171473753940472,0.269720106989529,-0.635747018842495,0.524941324811474,0.766763910957703
BSU_23630,yqkE,151.871660298749,0.324509506325141,0.285220230952045,1.13775066110125,0.255224612481587,0.538792518787147
BSU_23640,yqkD,157.408718972057,-0.299518154398633,0.279087375438709,-1.07320567233759,0.283178846218877,0.566670910134483
BSU_23650,yqkC,558.029742175992,0.102344199459887,0.20198408269015,0.506694379561019,0.612369274775172,0.822959593211922
BSU_23660,yqkB,504.792932134234,-0.0447753134964189,0.219240637931428,-0.204229078691257,0.838174488699524,0.938567337696634
BSU_23670,yqkA,1443.24461744481,-0.177256556900223,0.242015226739623,-0.732419027051254,0.463912848888215,0.718225911523021
BSU_23680,yqjZ,468.413084629128,-0.274467091947487,0.246879326403179,-1.11174595275449,0.26624739589365,0.548642769225654
BSU_23690,yqjY,865.659128759028,-0.444361942197511,0.307933478379675,-1.44304524644645,0.14900772576387,0.406033338736771
BSU_23700,yqjX,3.90986275116172,-0.607161497553619,1.51358599766149,-0.401141063997482,0.688316269134669,
BSU_23710,polYB,11.5633295330375,0.357910355225023,0.885183169872602,0.404334794657849,0.685966542276294,0.866301308689328
BSU_23720,yqzH,120.027925350539,0.34281146305885,0.397339895876472,0.862766277981375,0.388265983466864,0.655571116063237
BSU_23730,yqjV,192.067848196773,-0.237045270892724,0.289898031544342,-0.817684996444917,0.413537079765124,0.675742948187628
BSU_23740,yqjU,24.7848222363867,-0.0448159146180021,0.585661245074402,-0.0765219057858416,0.939003886772008,0.980226410586802
BSU_23750,yqjT,508.56573648469,0.0668639588942475,0.20776018788333,0.321832395202663,0.747579671066479,0.896977511999968
BSU_23760,coaA,826.000927548152,-0.0817312721606406,0.222200162254544,-0.367827238879387,0.713002057047613,0.87848895423891
BSU_23770,dsdA,698.106365978091,-0.234062879925654,0.189516453229704,-1.23505308344895,0.216810748706417,0.493935879609113
BSU_23780,yqjQ,462.985432370762,-0.0806352932134505,0.212888299537852,-0.37876808349025,0.704860090179545,0.877389076546288
BSU_23790,yqjP,341.987462680231,-0.241406152791582,0.230951412261011,-1.04526813855875,0.295899058977799,0.57950358991249
BSU_misc_RNA_91,pswI,122.679375942084,0.350080239360819,0.422345202787224,0.828895976680923,0.40716327220805,0.669996345412607
BSU_23800,proI,271.365874063257,0.376461153258021,0.321739045189832,1.17008227284289,0.241967861615159,0.524965056286801
BSU_23810,yqjN,685.142840866564,0.0450833943418354,0.219871141542303,0.205044618523351,0.837537265003207,0.938116936558026
BSU_23820,yqjM,625.88238079719,0.552932870387123,0.222571712189431,2.48429086045095,0.0129809732835468,0.0935379879926335
BSU_23830,yqjL,426.0571852063,-0.103429719833186,0.254328504064484,-0.406677655788678,0.684244753571916,0.864968417444459
BSU_23840,rnz,724.627948003957,0.027188029696084,0.201657917254914,0.134822525523339,0.892752195649991,0.963550303067592
BSU_23850,zwf,4179.28876184613,-0.10604695082714,0.207162100118736,-0.511903242757041,0.608718728554217,0.821106340331911
BSU_23860,gndA,13559.9646152759,0.301040317685436,0.237299006869139,1.26861178922442,0.20457955748499,0.475742911635513
BSU_23870,polYA,343.129069325352,0.273932797483356,0.228523460677783,1.1987075491982,0.230641681598582,0.510624827933911
BSU_23880,mifM,184.584299034492,-0.0884192176408086,0.263459208974461,-0.335608756987424,0.737165919541345,0.890937435909491
BSU_23890,oxaAB,1068.72208259297,-0.466625458645661,0.193185795036677,-2.41542323832386,0.0157169349355198,0.108927090733672
BSU_23900,yqjF,17.9438744282102,0.791766605491813,0.649534545002648,1.2189753594839,0.222853544906423,0.502900707329814
BSU_23910,yqjE,3132.89197738381,-0.122221962309808,0.163894582598674,-0.7457352181621,0.455827380132713,0.71222004058295
BSU_23920,yqjD,2139.57709640822,-0.317402094653239,0.192372353113755,-1.64993612395827,0.0989560013129625,0.320643147111483
BSU_23930,yqjC,2.96092920628758,2.03673808291818,1.77255445047805,1.14904119440104,0.250538994705471,
BSU_23940,yqjB,11.2992402357524,-0.681163456474022,0.978327018968935,-0.696253341946852,0.486270187346993,0.736135983272353
BSU_23950,yqjA,547.460280058413,0.291857344070852,0.299337685798576,0.975010357590733,0.329555122233676,0.60850325992453
BSU_23960,artR,128.329096798332,0.7893338680308,0.398640225854183,1.98006577569903,0.0476961381934211,0.211527640801723
BSU_23970,artQ,72.9543800434093,0.226105387281345,0.352156752064752,0.642058929597835,0.520834921230628,0.761880910792477
BSU_23980,artP,208.025797920541,0.334838795405377,0.256067394397561,1.30761980139306,0.191002297243518,0.459286433976877
BSU_23990,brxB,1586.21865679633,-0.301455242912941,0.205631713424546,-1.46599587141775,0.142649411616762,0.394348617820664
BSU_24000,bmrU,14.5671506411926,1.42355263184559,0.824163353269337,1.72726999592807,0.0841191851015097,0.290487704952618
BSU_24010,bmr,957.057705528286,0.320496647404731,0.264843103666102,1.21013778712091,0.226226025578656,0.505086294244963
BSU_24020,bmrR,124.939687885489,0.0346578212383361,0.280538678295386,0.123540259934653,0.901679295631131,0.965553273841496
BSU_24030,bkdB,8796.69965837718,0.121554549967209,0.258742315380448,0.469789990819546,0.638505066164685,0.839734655932525
BSU_24040,bkdAB,5030.3388459798,0.0202513231650283,0.253162754576005,0.0799932960081158,0.936242587895596,0.979886061384305
BSU_24050,bkdAA,6546.45177299086,0.0720996305793098,0.266436908446372,0.270606767657424,0.786693490144109,0.916439160287128
BSU_24060,lpdV,8497.63249779912,-0.023533014024798,0.271729638972253,-0.0866045165842251,0.930985875677487,0.977510682720812
BSU_24070,buk,6624.08510534075,-0.0447117831055357,0.277256950498979,-0.161264787140838,0.871884856008682,0.955411568813247
BSU_24080,bcd,7301.44606796258,0.127038638195148,0.281348535713438,0.451534740968195,0.651604192061417,0.845919978767211
BSU_24090,ptb,6043.65926306255,0.158741652982654,0.293431481677014,0.540983714751453,0.588518807586122,0.805129225457094
BSU_24100,bkdR,770.635802969728,-0.361188556182308,0.386335706809006,-0.934908551854025,0.349835429485749,0.62217165133263
BSU_24110,yqzF,301.475579354467,-0.135171283039086,0.267478941531962,-0.505352990650047,0.613310930244169,0.822959593211922
BSU_24120,mmgF,119.800688899966,-0.0819103631373993,0.335527142251285,-0.244124402538065,0.807134473708983,0.924291686473396
BSU_24130,mmgE,47.9024048401648,0.291866993694715,0.412919707319653,0.706837161125788,0.479667678207681,0.730294954769284
BSU_24140,mmgD,12.649058902653,-0.0067431658137971,0.744859640790814,-0.0090529348678872,0.992776901701355,0.996187176434578
BSU_24150,mmgC,13.1878691365053,1.02023982693798,1.1486497889416,0.888207908763964,0.374428925357727,0.64233788999916
BSU_24160,mmgB,2.71563988394645,0.653590536788732,1.49600016955197,0.436892020529966,0.66218965909943,
BSU_24170,mmgA,7.44392534838679,0.072582286168913,1.15966859214186,0.0625888177542657,0.950093934098746,
BSU_24180,glpQ,270.258292780799,0.048965890467792,0.234797825681775,0.208544905923261,0.834803523455349,0.936631721650858
BSU_24190,yqiI,19.0058873212039,0.946002507822142,0.905770882665293,1.0444169998471,0.296292501805918,0.579519680161306
BSU_24200,yqiH,13.1012631343991,1.59155251808191,1.01684373230849,1.56518889531697,0.117538624518378,0.352713961178164
BSU_24205,BSU_24205,9.49439719871192,1.23994856593702,1.15735595889712,1.071363184684,0.284006159668962,0.566876294699248
BSU_24210,yqiG,391.369469498455,-0.294088908897443,0.299595833761666,-0.981618820278374,0.326287672100588,0.606396828224184
BSU_24220,spo0A,2597.15901269306,-0.315703475068636,0.22091710068452,-1.42905856581685,0.152987401172417,0.412095617732988
BSU_24230,spoIVB,18.9209116132259,0.18671678396207,0.635330917262073,0.293889025213375,0.768842704596508,0.906444204592221
BSU_24240,recN,2134.36367530798,0.0942332572054968,0.166685912719662,0.565334260514155,0.571846429709068,0.797906657601748
BSU_24250,argR,546.050598249828,0.197100264546221,0.20610442540446,0.956312627249179,0.338914312244361,0.615815172726212
BSU_24260,yqxC,2164.64953694001,-0.095354157608971,0.168043756620677,-0.567436479203526,0.570417671567571,0.796680154798425
BSU_24270,dxs,4577.04345138956,-0.199216652632737,0.168391048941752,-1.18305963342296,0.23678551439102,0.518783627012524
BSU_24280,ispA,702.17272066296,0.155334874718771,0.226951639726588,0.684440416054738,0.493697102198048,0.742074248887609
BSU_24290,xseB,109.195541320717,0.153615724404884,0.331449523402333,0.463466421155226,0.643030078357527,0.841709744509834
BSU_24300,xseA,1207.80315032882,0.3366527133675,0.19804944458026,1.69984174447442,0.0891606970939117,0.301379765282723
BSU_24310,folD,5137.00373347264,0.372345634784144,0.173835207256579,2.14194604568548,0.0321978239754205,0.167579808748212
BSU_24320,nusB,2448.43670566941,0.270489039222777,0.215866088157709,1.25304090851529,0.210190819273794,0.48278581734234
BSU_24330,yqhY,3272.02163891985,0.184760380524901,0.229483236044818,0.805114934359814,0.420753358490242,0.68351654601878
BSU_24340,accC,10702.9777071883,0.0436033075018716,0.22072527359985,0.197545604047679,0.843400597614387,0.939910470777646
BSU_24350,accB,1905.20432663678,0.0608299268151976,0.229062668179884,0.265560194939438,0.790577944904545,0.919041105433589
BSU_24360,spoIIIAH,29.0479383385595,0.0443833099274779,0.573771090641123,0.0773536879975682,0.938342181963292,0.980226410586802
BSU_24370,spoIIIAG,4.6040981700508,0.0136741898199791,1.31586912380281,0.0103917552077377,0.991708728187478,
BSU_24380,spoIIIAF,4.17475498087371,-0.790855801597713,1.69664304056137,-0.466129753101182,0.641122627473555,
BSU_24390,spoIIIAE,6.66894079414328,0.999648715163958,1.18108063733384,0.846384813674156,0.397338107513048,
BSU_24400,spoIIIAD,2.13831833412762,-0.185271957656545,2.13737399475669,-0.0866820491458427,0.930924245409339,
BSU_24410,spoIIIAC,3.83273101046882,-0.0919439667685279,1.46605339447644,-0.0627152920316135,0.94999322008503,
BSU_24420,spoIIIAB,2.87195983968961,1.06262908641756,1.83478475041363,0.579157356838728,0.562483001360032,
BSU_24430,spoIIIAA,13.8583869516393,2.58358302041503,0.994742036178559,2.59723921021799,0.0093976452172102,0.075635886506257
BSU_24440,yqhV,1.08785113567847,-0.0166852766109341,3.15784650039544,-0.0052837516354403,0.995784195763133,
BSU_24450,efp,6077.53324830847,-0.030453263742844,0.163685233122826,-0.18604771586202,0.852407342646894,0.944544215799585
BSU_24460,papA,9110.38547023327,-0.16994590453148,0.173948936090961,-0.976987317948369,0.328575430911026,0.60850325992453
BSU_24470,yqhS,1075.9495507635,-0.318792494901563,0.222298264261892,-1.4340755019391,0.151550718042391,0.410163028084898
BSU_24480,yqhR,11.3802162208446,2.64608583911882,1.13904003111715,2.32308414702826,0.0201746324385645,0.126630711784197
BSU_24490,yqhQ,640.52841924924,0.208042938179274,0.20945481251453,0.993259289112022,0.320583611642376,0.601678315785785
BSU_24500,yqhP,447.119759622375,-0.12626156378692,0.252107225617007,-0.500824851322319,0.616494394169754,0.823918855549266
BSU_24510,yqhO,18.5772369443297,0.285895154797904,0.653982786203726,0.437160061134764,0.66199527205533,0.852204168347268
BSU_24520,mntR,2546.45506841044,0.20521335284286,0.188473621218988,1.08881737144755,0.276234429546638,0.558343211519077
BSU_24530,lipM,1068.8577766939,-0.0140798747508351,0.231839808511025,-0.0607310489137397,0.95157340385384,0.982535074565782
BSU_24540,yqhL,1812.67413963954,0.257354245510646,0.247098916301624,1.0415029307393,0.297642193723333,0.580759846595624
BSU_24550,gcvPB,9273.25322269613,-0.191850030097942,0.315432879294508,-0.608211897653254,0.543046944650649,0.777682684671783
BSU_24560,gcvPA,6489.69560305254,-0.265805680707037,0.330223932342296,-0.804925551039452,0.420862642814168,0.68351654601878
BSU_24570,gcvT,5832.43358443786,-0.292572251071206,0.345975154166258,-0.845645265412934,0.39775066578424,0.664233781741255
BSU_misc_RNA_37,swgA,1216.77237546484,-0.215128467627756,0.298622768531241,-0.720402093537116,0.471277461393926,0.723870575561582
BSU_24580,yqhH,14.9769985932484,0.0709284681796333,0.75054656628753,0.0945024217890579,0.924710058747394,0.974382624632919
BSU_24590,yqhG,72.0660448492643,-0.0172424826502872,0.396234271726369,-0.0435158790660958,0.965290306851677,0.987987023654406
BSU_24600,sinI,211.195122157886,-0.525208012301147,0.370801873176953,-1.4164114323406,0.156655078646864,0.415802575770133
BSU_24610,sinR,1028.335259351,-0.323555034998164,0.202220654645862,-1.60000982869326,0.109596403002539,0.339425754511283
BSU_24620,tasA,1320.36748000644,-1.7841940644989,0.179549606710889,-9.93705359305969,2.87196227864402e-23,5.73243670817346e-20
BSU_24630,sipW,151.409823231851,-1.56953738985479,0.298218908440939,-5.26303780689223,1.41694426504816e-07,1.10910617766123e-05
BSU_24640,tapA,111.539208552656,-1.82266705789848,0.339933692524027,-5.36183113937624,8.23825338361231e-08,6.85148073070424e-06
BSU_24650,yqzG,3.25672629276763,-0.339052726255881,1.62510611243553,-0.208634207736593,0.834733804262805,
BSU_24660,spoIIT,8.11186557650262,1.24338248181576,1.0792395213234,1.15209131731118,0.249283550690845,
BSU_24670,comGG,13.0306197567105,0.352511431845033,0.992370171744406,0.355221712504097,0.722423499822291,0.881516175772965
BSU_24680,comGF,8.52703515023021,0.798870370840755,1.30231918908882,0.613421331370917,0.539597784976625,
BSU_24690,comGE,4.89905041257771,3.1348387539451,1.43395253297935,2.18615238778636,0.0288044583037834,
BSU_24700,comGD,2.30172820909667,1.35534649167234,2.02466476735859,0.669417729553593,0.503229045013937,
BSU_24710,comGC,3.17563823877722,2.83780618528117,1.65566614509222,1.71399662528167,0.0865293456573034,
BSU_24720,comGB,9.39129803870191,0.42281836903105,1.03839558484137,0.407184290075386,0.683872639056,0.864968417444459
BSU_24730,comGA,14.3676158944217,1.37319638527028,0.859071248122833,1.59846623696332,0.109939253653078,0.339425754511283
BSU_24740,yqxL,12.2934555634122,1.08555715475995,0.843052854802973,1.28765017350384,0.197867765481153,0.46766614553035
BSU_24750,yqhB,7.66343074403906,-0.214148464836896,1.15045979048092,-0.186141633639692,0.852333693487678,
BSU_24760,rsbRD,134.581459016563,0.271999490095434,0.54302183334759,0.500899730713637,0.616441692041805,0.823918855549266
BSU_tRNA_73,trnSL-Gln1,0.411986157721794,-0.790709505508654,3.50584328537793,-0.225540459497013,0.821558853932885,
BSU_24770,mgsR,227.47949991203,0.410359181821653,0.453192245460997,0.905485885805982,0.365208033883397,0.635968883649955
BSU_24780,yqgY,540.370738085704,0.108548072773334,0.214115712117925,0.50695986623135,0.612182978848609,0.822959593211922
BSU_24790,yqgX,2204.0559702609,-0.0551996225177315,0.222491254144196,-0.24809794313064,0.804058627021748,0.922622029051687
BSU_24800,yqgW,997.174306622299,0.136296860724398,0.294840015633532,0.462273957052717,0.643884873050061,0.841709744509834
BSU_24810,yqgV,1062.08082447579,0.160218468731418,0.195705499895164,0.818671262776183,0.412973996597742,0.675375745357716
BSU_24820,yqgU,2004.93408082384,0.147533454891427,0.193960707360465,0.760635784944029,0.446874639550772,0.703717381099283
BSU_24830,yqgT,1030.1134308076,0.295526040515804,0.215474002326156,1.37151599415912,0.170214161101636,0.433627907541629
BSU_24840,ltaSC,8488.97307052585,0.133829833030951,0.184552027352647,0.725160459902318,0.468353596840225,0.721600755919018
BSU_24850,glcK,1251.74253434198,0.179975169357862,0.19047076938099,0.944896531592547,0.344711702441229,0.619405339428884
BSU_24860,yqgQ,239.880567437758,-0.128733265154862,0.254282385876671,-0.506261040107194,0.612673409319995,0.822959593211922
BSU_24870,glpG,966.6966663642,-0.207075310480742,0.199471279588493,-1.03812093103296,0.299213757915141,0.582931057781671
BSU_24880,yqgO,129.251441744912,0.152907052379195,0.383463177973962,0.398752895094344,0.690075288680319,0.868468017784311
BSU_24890,folN,366.334957299768,-0.105669656303242,0.328705852184578,-0.321471782753371,0.747852892463147,0.896977511999968
BSU_24900,rpmGA,1376.27571843278,0.325965144472849,0.399812874311377,0.815294267435183,0.414903889348617,0.676591636552157
BSU_24910,yqgM,195.499667020517,0.640298378080908,0.357154773530331,1.7927756410808,0.0730088059501606,0.267386379222974
BSU_24920,yqgL,123.917278160534,0.670507037268187,0.39925140358056,1.67941059506606,0.0930720498153456,0.310395674906315
BSU_24930,yqzD,1793.79862332472,0.268415268535522,0.221306040965475,1.2128691443059,0.225179854306806,0.50444330998472
BSU_24940,yqzC,3759.77131645373,0.513686467815602,0.205045082549833,2.50523670905767,0.0122369467372743,0.0896328282113747
BSU_24950,pstBB,14.6637194831708,1.54436256677764,0.863952187088007,1.78755559608338,0.0738477348681281,0.2694699795188
BSU_24960,pstBA,16.616515129863,1.67992405317156,0.863684231536271,1.94506741217611,0.0517668654026931,0.221148094943401
BSU_24970,pstA,9.67907384162421,-1.36487877380982,1.17026828712781,-1.16629561684496,0.243494944748422,0.527704570811999
BSU_24980,pstC,9.0546701226181,1.33078204148463,1.02852446956722,1.2938749449924,0.195708620149624,
BSU_24990,pstS,26.7004810283961,1.87825933012635,0.834323754452151,2.25123559062475,0.0243706198235144,0.141927005035697
BSU_25000,pbpA,6376.67059653793,0.10744280587097,0.160140223216063,0.670929537334334,0.502265418616533,0.748709317071396
BSU_25010,yqgE,19.8982224830733,0.213819388348269,0.920497008259546,0.232286891135641,0.81631519337651,0.927620339299467
BSU_25020,sodA,42246.6760955894,0.0573697581570339,0.193008938857527,0.297238866223613,0.766284151037706,0.905333553840219
BSU_25030,yqgC,489.907581480521,-0.378471593004746,0.194260426541796,-1.94826913408077,0.0513827683756354,0.220796567659351
BSU_25040,yqgB,456.402480141842,0.532973989650568,0.266450576920205,2.00027335579828,0.0454707544765293,0.206037743326112
BSU_25050,yqgA,6249.23092316302,-0.818495582568405,0.251156202622012,-3.25891048687432,0.0011184094977243,0.017865570570069
BSU_25060,yqfZ,20.7816047041021,0.671023170572405,0.63207195612313,1.06162465218072,0.288406117647714,0.571940994361488
BSU_25070,ispG,2448.96598466286,-0.219819975027807,0.185225031110783,-1.18677250968489,0.235317365014526,0.516741902977262
BSU_25080,yqfX,6.88277554042652,-0.704360977430499,1.12694133491418,-0.625020092535818,0.531957871008174,
BSU_25090,yqfW,1210.99103729625,0.208769135915605,0.245717059036274,0.849632242606261,0.395529580195324,0.6623129547566
BSU_25100,zur,870.19062120364,-0.184544046753479,0.267119023298769,-0.690868229729443,0.489648353107295,0.739408330016765
BSU_25110,yqfU,524.376715309472,-0.15771997076991,0.291005332760041,-0.541983094515878,0.587830151959269,0.805129225457094
BSU_25120,yqfT,5.98472952437335,1.71590154244245,1.06038033643754,1.61819441900177,0.10562070524174,
BSU_25130,nfo,1547.45493817246,0.178379216366484,0.193983234796431,0.919559963796242,0.357802756637678,0.62837951560947
BSU_25140,cshB,1783.36866192421,0.0713936007467905,0.196293224215119,0.363708941214139,0.716075365881653,0.879926156692804
BSU_25150,yqfQ,3.41856321998419,1.23930795740486,1.82383531823975,0.679506502045898,0.496816989234912,
BSU_25160,ispH,748.740599252115,-0.0292088723079233,0.216019200382915,-0.135214241401449,0.892442487489779,0.963550303067592
BSU_25170,yqfO,2487.47283852218,0.0677366066412511,0.170656957679876,0.396916759575157,0.691428844886642,0.869623172270786
BSU_25180,trmK,1388.68453680167,-0.0542546659311566,0.177956374015902,-0.304876216045561,0.76046043078169,0.903230597941239
BSU_25190,cccA,1356.56527505734,-0.456625670125877,0.214274807356914,-2.1310282611305,0.0330868140064336,0.169160746977303
BSU_25200,sigA,4449.77506980696,-0.0124058445480744,0.264694568273407,-0.0468685271065337,0.962618012247159,0.987245921800852
BSU_25210,dnaG,6708.06653509218,-0.335253577359888,0.233474637249704,-1.4359314626596,0.151021844659246,0.409379485246071
BSU_25220,antE,6.24942700169213,-0.475168251659163,1.3183371909517,-0.360429983254997,0.718525607861335,
BSU_25230,yqxD,2182.55140798574,-0.0859135371069308,0.250062051180316,-0.343568873011362,0.731170536945128,0.887964310570496
BSU_25240,ppsR,1381.95780098949,-0.0713535940357947,0.1754645104176,-0.406655419184058,0.684261087747896,0.864968417444459
BSU_25250,ccpN,1151.78376546766,0.113365081823248,0.182374881888336,0.62160468946957,0.534201836693957,0.773217451806482
BSU_25260,glyS,5392.80714747749,0.221188827161481,0.233709339341817,0.946426992538694,0.343930843286497,0.619292704735993
BSU_25270,glyQ,1972.26889921391,0.106213097407207,0.222708953600161,0.476914357012766,0.633423108100948,0.838078609314259
BSU_misc_RNA_39,tboG,1009.57854921665,0.0175350344410052,0.275648213966172,0.0636138148283346,0.94927773138102,0.981979368334564
BSU_25280,recO,2587.33272283901,0.0692078579380566,0.181280685363956,0.38177182416929,0.70263061968286,0.876133353366809
BSU_25289,yqzL,371.457773722003,0.125362921721156,0.228780801216563,0.547960847477268,0.583718786859398,0.803242122420791
BSU_25290,era,3705.34707660637,-0.0537874303557109,0.167996923727348,-0.320169138590928,0.748840116645525,0.897439131086441
BSU_25300,cdd,1197.87871115842,-0.05075649665682,0.180587380465192,-0.281063364040563,0.778661800209292,0.912180819747512
BSU_25310,unpK,313.412054603164,0.9396184624198,0.233169000948186,4.02977436365394,5.5830417739442e-05,0.00152654128504
BSU_25320,rnrY,961.886643003944,0.121059187079845,0.196726238207951,0.615368789555558,0.538311198034189,0.776911895355199
BSU_25330,pgpH,3676.21912235878,0.0914603997534749,0.164581562464748,0.555714737324024,0.578405880281102,0.801178443470562
BSU_25340,phoH,7682.72837636502,0.105039853101139,0.171091054927045,0.613941232321753,0.539254162158542,0.777634788463879
BSU_25350,yqfD,37.9311983359377,-0.180534939692154,0.482278482318971,-0.374337537980289,0.708153207573182,0.877389076546288
BSU_25360,yqfC,5.53808214126519,2.88301091553464,1.46958996977041,1.9617791185558,0.0497882058104917,
BSU_25370,yqfB,821.515736879514,0.127642439737404,0.360567389339064,0.354004392830363,0.723335591142508,0.881516175772965
BSU_25380,floA,937.112869668034,-0.071776252792211,0.363837824884898,-0.197275400969973,0.843612028255588,0.939910470777646
BSU_25390,nfeDA,1420.90345839451,-0.0544310586163927,0.360021097267152,-0.151188524865815,0.879827002073328,0.95897916500592
BSU_25400,yqeY,37276.1147911744,-0.201865353462142,0.247260633204303,-0.816407168606367,0.414267297961405,0.676382434953754
BSU_25410,rpsU,10498.6433708976,-0.696853190123444,0.260674786861249,-2.6732665575914,0.0075116536658015,0.0653301120563832
BSU_25420,yqeW,15.3207215122073,0.0798875517850003,0.769381895197551,0.103833417817153,0.917301546212321,0.97298881680195
BSU_25430,mtaB,4201.15322660388,0.734831250790931,0.212817110764903,3.45287673603789,0.000554642385362,0.010346413095165
BSU_25440,rsmE,1853.74999040555,0.399573320763829,0.214505431186064,1.8627655185907,0.0624952633028094,0.244384033372953
BSU_25450,prmA,3235.95025823564,0.562919727468193,0.208350821126722,2.70178789996616,0.0068967742441345,0.0616410646461119
BSU_25460,dnaJ,3115.52363110995,0.525239985315318,0.19428800721145,2.70340919572911,0.0068632197487655,0.0616410646461119
BSU_misc_RNA_79,surC,11.6630131088982,0.292978083774123,1.05754303954737,0.277036558152297,0.781752034969131,0.914104898534496
BSU_25470,dnaK,13932.0294451564,-0.0189626530318586,0.281992873455744,-0.0672451498489185,0.946386542061786,0.981979368334564
BSU_25480,grpE,3843.80049709009,-0.241468075100339,0.323937606613416,-0.745415382995358,0.456020647226959,0.71222004058295
BSU_25490,hrcA,2019.03028633933,-0.499385252520744,0.39835195328584,-1.25362822599845,0.209977166869039,0.48278581734234
BSU_25500,hemN,516.295368887385,0.254920648755871,0.198326168049382,1.285360632251,0.19866629143057,0.468998128557561
BSU_25510,lepA,4410.94501513172,-0.0429670699745602,0.191536407221962,-0.224328474141043,0.822501721576522,0.930709469160451
BSU_25520,yqxA,12.5422110538461,-0.512619359912387,0.842529390907825,-0.60842905356695,0.542902946949179,0.777682684671783
BSU_25530,spoIIP,19.6244813448727,0.516667085167837,0.579133782959853,0.892137706985838,0.372319126148694,0.640497265743153
BSU_25540,gpr,35.1778845557338,-0.188168856884273,0.50160630043696,-0.375132562570197,0.707561880971288,0.877389076546288
BSU_25550,rpsT,28246.9323889897,0.203168461698584,0.239710225798387,0.847558592971592,0.396683842761273,0.663410934354001
BSU_25560,holA,882.78028240763,0.181069029477652,0.191690311018792,0.944591453346337,0.344867492033593,0.619405339428884
BSU_25565,BSU_25565,1.54006731951111,1.3946525670527,2.26011150302212,0.617072460888692,0.537186932264914,
BSU_25569,yqzM,67.2524224700969,0.139367434308914,0.576475514945722,0.241757768882926,0.808967863849711,0.925238252462078
BSU_25570,comEC,157.675545935892,0.622644249644917,0.277257875183202,2.24572250376476,0.0247217878246358,0.142614706641541
BSU_25580,comEB,522.142789778046,0.0518827052877109,0.206233774374362,0.251572301603382,0.801371670277318,0.922622029051687
BSU_25590,comEA,9.75367695971375,0.0792730355684335,0.93900810277595,0.0844220995900696,0.93272083707342,0.978288952989858
BSU_25600,comER,12.8785273436977,-1.47596703221299,1.13399474886279,-1.30156425653042,0.193065385259788,0.461074175822659
BSU_25610,yqeM,2743.85983270201,0.689511499745805,0.268715185354781,2.56595658647074,0.0102891705182136,0.0800669955335449
BSU_25620,rsfS,1267.3047792655,0.709573147127724,0.239292642305259,2.96529446242873,0.0030239333518803,0.0358205992305822
BSU_25630,yqeK,1448.75378697452,0.595437404919409,0.249818191237863,2.38348297203252,0.0171496778514362,0.113912668856794
BSU_25640,nadD,1946.75855617558,0.47544675172833,0.260207369542266,1.82718403619657,0.0676721032768611,0.255821057084498
BSU_25650,yqeI,957.287018210594,0.388645240465083,0.233163161563133,1.66683809680566,0.0955466026583116,0.313927603137432
BSU_25660,aroE,2444.97416573257,0.296808988046405,0.259248354472893,1.14488282346046,0.252257700128628,0.536380816421769
BSU_25670,rgpH,1925.09556367688,0.29647172342909,0.220700015418457,1.34332443460399,0.179166943400091,0.443969235290604
BSU_25680,yqeG,782.632659580037,0.336002425356261,0.263994774333679,1.27276165296957,0.203102632493311,0.474562262662268
BSU_misc_RNA_80,sdaM,152.392250030094,0.594829889075405,0.365954467764224,1.6254204866236,0.10407299360281,0.329729674970172
BSU_25690,sda,233.295555737342,0.678042870473665,0.441921824351641,1.5343050130381,0.124954633046333,0.365435088000705
BSU_25700,yqeF,184.888037673536,0.557323560134736,0.290081186170519,1.92126751649148,0.0546979901432363,0.225389019707423
BSU_25710,cwlH,3.87406337802515,-0.615951427303604,1.81602891655567,-0.339174900624288,0.734477976176298,
BSU_25720,yqeD,176.898556797804,0.27097621236943,0.258420088993227,1.04858803131413,0.294367766763026,0.578007679774426
BSU_25730,yqeC,32.0063177626437,0.0040595078965606,0.605406887756789,0.0067054207321663,0.994649888416695,0.996532105984667
BSU_25740,yqeB,375.301486932913,0.531620849836159,0.211946490721312,2.50827861328068,0.0121320965350481,0.0893780682438281
BSU_25750,nucB,11.0318504872539,1.36836859175984,1.00088492537582,1.36715875828186,0.171575549142909,0.435452316653617
BSU_25770,spoIVCA,254.472828927216,-0.070777134764711,0.229759381441767,-0.308048943727896,0.758045090220231,0.902265371301733
BSU_25780,arsC,260.416481559281,0.484740364715373,0.286982193325152,1.68909561634774,0.0912011077955175,0.306460288147901
BSU_25790,arsB,216.454536461905,0.402910685830499,0.265575080245361,1.51712534722104,0.129235039773516,0.373206363759988
BSU_25800,yqcK,85.9544993495324,0.161543137639952,0.316492432940647,0.510417061599215,0.609759306293402,0.821241278921478
BSU_25810,arsR,64.2264807491413,-0.613641114375479,0.445977751776036,-1.37594557560719,0.168838483602644,0.431991001804554
BSU_25820,yqcI,21.5465373994006,-0.138278885147245,0.637498036309205,-0.216908723276719,0.828279479254766,0.932982980018348
BSU_25830,rapE,37.9614237902731,0.0120902018976374,0.49409416406925,0.0244694286572122,0.980478168807814,0.9916724999225
BSU_25840,phrE,172.390904899348,-0.619029272502937,0.347879939728451,-1.779433654571,0.0751686929994996,0.270854448516174
BSU_25850,yqzI,39.1525487609484,-0.90236083076905,0.520243093203718,-1.73449843459181,0.0828296832659419,0.289035048599336
BSU_25860,rttG,902.09139337858,-0.174071973829478,0.185851016586625,-0.936621047474031,0.348953521466071,0.622089420653026
BSU_25870,rttF,417.349555345424,-0.566732341383114,0.239654774362702,-2.36478635942133,0.0180404744471484,0.118061596709863
BSU_25875,BSU_25875,2.84332477217526,2.36664745004892,1.84441212590635,1.28314459485888,0.199441422637218,
BSU_25880,yqxJ,56.2314762889869,-0.374481930881203,0.368456735508802,-1.0163525179261,0.309461547911624,0.592777339109334
BSU_25890,yqxI,154.092611486855,-0.0626033190370106,0.284328800584959,-0.220179309687287,0.825731509726254,0.931923778574289
BSU_25900,cwlA,6.55746981333433,0.876235496707101,1.15464848408804,0.758876410251525,0.447926491515505,
BSU_25910,yqxH,0.628367652774084,1.82308363943933,3.47340208097596,0.524869737777977,0.599673747970282,
BSU_25920,yqxG,13.1416784224922,1.20553618315177,0.970810891438297,1.24178271358875,0.214316742355025,0.489726637367637
BSU_25930,yqcE,0.619391150012265,-0.721937844275918,3.4355489027306,-0.210137554351829,0.833560315648995,
BSU_25940,yqcD,1.84043851421168,0.216051595656851,2.20881880366435,0.097813182004078,0.922080639854085,
BSU_25950,yqcC,4.81636187500671,1.08535699384815,1.33591045471698,0.812447413683938,0.416534949329258,
BSU_25960,yqcB,0.0,,,,,
BSU_25970,yqcA,2.04912075227878,-0.419239164644728,1.78990239479535,-0.234224595633698,0.814810621481534,
BSU_25980,yqbT,2.83903299307237,0.639668894315904,1.60289467263128,0.399071071379778,0.689840837156629,
BSU_25990,yqbS,0.524526027682711,-0.303131669547723,3.46827023876157,-0.0874013985876614,0.930352457722489,
BSU_26000,yqbR,1.58012202430774,-0.826079900703356,2.23832030327013,-0.369062416802668,0.712081201571843,
BSU_26010,yqbQ,6.16070535802911,0.449462629117244,1.04017042665368,0.432104795137472,0.665665249740124,
BSU_26020,yqbP,2.06474084132464,0.612030645111203,1.64723905287908,0.371549377755149,0.710228385541613,
BSU_26030,yqbO,90.6606164409816,0.848896451544972,0.324236314506513,2.61814119382954,0.0088410214915801,0.0732227340132528
BSU_26050,txpA,218.845078508062,0.177981181110355,0.357452908179685,0.497915045695718,0.618543922110391,0.825306802487501
BSU_misc_RNA_81,ratA,213.246325500204,0.175326989759148,0.578192563955998,0.303232868578523,0.761712401973734,0.903723256874835
BSU_26055,bsrH,56.5424922702875,-0.211299850452446,0.502185387877689,-0.420760650455066,0.673929868065864,0.859848488194094
BSU_misc_RNA_92,asrH,54.6032642179936,0.0369272702331272,0.380079911460698,0.0971565955464753,0.922602036650673,0.974244902496177
BSU_26060,yqbM,8.48208022897333,2.50708035752191,1.319207775214,1.90044389111884,0.0573748916370458,
BSU_26075,yqbK,7.67282255310177,0.527939477685918,1.04063956521566,0.507322127019559,0.611928815539431,
BSU_26089,yqzN,0.162432352345026,0.656789752183128,3.52625070255861,0.186257248160651,0.85224303177894,
BSU_26090,yqbJ,3.32345778290501,1.34752342786369,1.57881738024131,0.853501769569908,0.393381106757745,
BSU_26100,yqbI,6.71908248802659,0.914504039691355,1.54308427217221,0.592646854214905,0.55341751550059,
BSU_26110,yqbH,8.57490987239102,0.401137701925946,1.23460395148943,0.324912050898598,0.745247636013003,
BSU_26120,yqbG,84.6858105273035,1.18289678365284,0.416524679245286,2.83992003978292,0.0045124843256531,0.0471799976457594
BSU_26130,yqbF,4.13268173697712,1.58498230976481,1.36376857421524,1.16220767931749,0.245151116086612,
BSU_26140,yqbE,11.5895758256727,-0.832348391681857,1.05028668501576,-0.792496376043618,0.428071304006748,0.68966129095521
BSU_26150,yqbD,19.4758886528161,0.269304506219752,0.641983060117238,0.41948849268791,0.674859162877071,0.860652289983245
BSU_26160,yqbC,366.578987908882,-0.0229956749397879,0.259529930156771,-0.0886050981707474,0.929395756270283,0.976314478516355
BSU_26170,yqbB,49.9529770869908,0.93540993935941,0.413209565887507,2.26376641922677,0.0235884849259816,0.139366179318537
BSU_26180,yqbA,44.0454233305298,0.911782111116284,0.533386855367681,1.70941991153449,0.0873731952160551,0.297859773956014
BSU_26190,yqaT,86.9626060343415,1.11920500212826,0.590970635133532,1.89384198738635,0.0582459866295038,0.234448891953171
BSU_26200,yqaS,109.923082754778,0.477853011784735,0.437617958172844,1.09194104780316,0.274859013945216,0.557626374114862
BSU_26210,yqaR,349.504635451448,0.0566072856157538,0.278045629988297,0.203589912987075,0.838673976327279,0.93867568218249
BSU_26220,yqaQ,0.210435549164881,1.2831621174914,3.51280397392298,0.365281446678166,0.714901326378558,
BSU_26230,yqaP,2042.04802166546,-0.416099303270072,0.170795408946514,-2.43624407609444,0.0148406669283691,0.104671276286306
BSU_26240,yqaO,4.51854702431027,2.2232403171919,1.48381545062898,1.49832670649809,0.134048388649514,
BSU_26250,yqaN,5.00151872236033,1.85753478310199,1.46832904317779,1.2650671126697,0.205847270856502,
BSU_26259,yqzO,1.4014748823802,2.14295089183897,2.43975475410553,0.878346845408493,0.379755520918015,
BSU_26260,sknM,5.72013298330334,-0.268466850251217,1.65124779858695,-0.162584229018174,0.870845805181193,
BSU_26270,yqaL,4.46024170187192,1.28099106838293,1.61706413017895,0.792170851159237,0.428261062329413,
BSU_26280,yqaK,7.58749514434104,0.596504645515689,1.04142426558774,0.572777747961387,0.56679518747334,
BSU_26290,yqaJ,5.85297614994754,1.18678563445931,1.64212295199123,0.722714235873887,0.469855467608146,
BSU_26300,yqaI,0.0,,,,,
BSU_26305,BSU_26305,0.0,,,,,
BSU_26310,sknH,0.0,,,,,
BSU_26320,yqaG,0.212519270197811,-0.979437081299774,3.51179359350121,-0.278899387228304,0.7803220388108,
BSU_26330,yqdA,0.626898155413805,1.05408959671544,3.47196840198921,0.303599997082783,0.761432653802224,
BSU_26340,yqaF,0.0,,,,,
BSU_26350,sknR,199.85777232271,-0.0857294355596593,0.24875020452705,-0.3446406636033,0.730364531467474,0.887537096767006
BSU_26360,yqaD,4.6059862189127,-1.48636024023039,1.54534053027337,-0.961833467195383,0.336133263776106,
BSU_26370,yqaC,41.8989613439034,-1.52261455220999,0.555431461921609,-2.74131851829612,0.0061193154858408,0.057613932593105
BSU_26380,yqaB,32.3035853545139,0.374714042925577,0.467007570967958,0.802372522888469,0.42233750245823,0.684834282219259
BSU_26399,BSU_26399,5.26770849534357,0.761595089300219,1.13714982577063,0.669740320967904,0.503023343293441,
BSU_26400,yrkS,0.88342549183019,1.822707221126,3.46665610765692,0.52578253063525,0.599039313615511,
BSU_26410,psiE,46.075852669496,0.530643537398568,0.520735192241398,1.01902760809102,0.308189859834938,0.592389758877682
BSU_26420,yrkQ,194.412974011006,0.776012071713487,0.321689006363791,2.41230522760206,0.0158520046195526,0.109483049206322
BSU_26430,yrkP,116.877540996295,0.124007341088462,0.329351734486113,0.376519471749407,0.706530742359409,0.877389076546288
BSU_26440,yrkO,86.1115044923864,0.130286992261496,0.367770153656104,0.354262005674679,0.723142538803639,0.881516175772965
BSU_26449,BSU_26449,22.6749518410237,0.0303241616893437,0.649519186662664,0.046687091485556,0.962762618629939,0.987245921800852
BSU_26450,yrkN,130.485452098196,0.495879400014447,0.395293551145473,1.2544586132951,0.209675359661147,0.482434602747722
BSU_26470,yrkL,780.064899497777,0.0474377430496885,0.206132135185966,0.230132691377265,0.81798866250348,0.928752213572736
BSU_26480,yrkK,200.47114780624,0.663032009113626,0.326503419400358,2.03070464110704,0.0422849652735494,0.197659931348957
BSU_26490,yrkJ,15.2301887609074,1.07642950581331,0.656685869517637,1.63918481541866,0.101174775243004,0.323843332391194
BSU_26500,yrkI,20.9591080939718,1.44966137370985,0.788421820736475,1.83868753449226,0.0659611579338308,0.252392108268059
BSU_26510,yrkH,49.9286750172985,1.31695972069131,0.395771271798183,3.32757785755323,0.000876045055943,0.0146939994257334
BSU_26530,yrkF,21.5394097014945,2.09048068630542,0.754602599093925,2.77030676652257,0.0056003519331679,0.0543102785205955
BSU_26540,yrkE,14.7407052700735,3.59716107073862,1.13910991837361,3.15787002879805,0.001589263972959,0.022986745579901
BSU_26550,yrkD,524.017418269616,-0.1818153416179,0.220536784818857,-0.824421838593676,0.409699910343052,0.672500839674943
BSU_26560,yrkC,242.298881292732,0.549163957758657,0.272405701891888,2.01597820436449,0.0438022549625136,0.202852206276513
BSU_26569,BSU_26569,11.7518190779519,-0.917207178368072,0.857594595814543,-1.06951137850503,0.284839304451827,0.568255124123784
BSU_26570,yrkB,13.2304947140057,0.832655882148614,1.07104897394042,0.777420923233085,0.436910471975797,0.697100960882247
BSU_26580,bltR,64.5986618925277,-0.458152946029887,0.368789126227395,-1.24231685114108,0.214119680391039,0.489556565934152
BSU_26590,blt,53.8281652065108,0.893649106735332,0.376347644467903,2.37453088885095,0.0175712659472034,0.115941311836754
BSU_26600,bltD,66.5154793652441,0.776224356783273,0.443367345753083,1.75074769086752,0.0799893805831924,0.281643517696238
BSU_26610,yrkA,460.352949437188,-0.244349876222162,0.259369702474688,-0.942091053391281,0.346146024563995,0.621319662796523
BSU_26619,yrzO,8.85876129849323,-0.1511448044243,1.05273962342747,-0.14357282756415,0.885837798778478,
BSU_26620,yrdR,59.4668428143431,0.219489583611432,0.459625953322596,0.477539577616888,0.632977945148833,0.838078609314259
BSU_26630,czcR,195.972439682033,-0.168034199412379,0.267728420315246,-0.627629293948405,0.530246813908239,0.770566174416341
BSU_26640,yrdP,135.342937483181,-0.0645080181171494,0.352344527929322,-0.18308221925924,0.854733506943674,0.94622744307242
BSU_26650,czcD,75.4793178793577,-0.621955902162874,0.499651850011906,-1.24477854359601,0.213213165252822,0.487763298389263
BSU_26660,yrdN,43.5513395562526,0.127061657298228,0.42822532385066,0.29671682224599,0.766682712830496,0.905502186277911
BSU_26670,gltR,104.122807477603,0.135206428549386,0.462495409165238,0.292341125706352,0.770025817699658,0.907035427635596
BSU_26680,yrdK,112.629561021881,0.158429990414209,0.283304790437129,0.559221007769608,0.57601089759586,0.800081942659246
BSU_26690,brnQ,375.095871975464,-0.329923477937095,0.20117873730127,-1.6399520265555,0.101015142084276,0.323843332391194
BSU_26700,azlD,113.41800845234,-0.241592182376916,0.297896246673553,-0.810994381683709,0.417368897200888,0.679833736797473
BSU_26710,azlC,211.96325698679,-0.224795182546276,0.248410020335639,-0.904936049852352,0.365499267329122,0.635968883649955
BSU_26720,azlB,207.487070086436,-0.480848773769922,0.244331272465769,-1.96801976643121,0.0490657634331075,0.214467873292439
BSU_26730,yrdF,27.1952128389021,1.22182819646781,0.63499916309129,1.92414142802919,0.054336858477247,0.225389019707423
BSU_26740,cypA,123.996976375821,0.437293926964906,0.347927443680112,1.25685379209971,0.208806583334887,0.480990121565417
BSU_26760,yrdC,972.877059249033,0.0070369117185443,0.254000251106577,0.0277043494559056,0.977897954672287,0.990677255465979
BSU_26770,yrdB,609.33626827564,0.686947423670616,0.390797396385879,1.75780962213043,0.078779907585022,0.278450583682775
BSU_26780,yrdA,1053.98072285707,-0.141953309442647,0.210006689073924,-0.675946609456227,0.499074543610451,0.74616013242913
BSU_26790,aadK,467.962877335366,-0.158168368525179,0.215467525772557,-0.734070565659803,0.462905731708061,0.718016364069979
BSU_26800,yrpB,536.588976212617,0.136595970893161,0.207595812061172,0.657990012115036,0.510544549130458,0.753454284705652
BSU_26810,murI,243.555523273683,0.306854385369059,0.225856210978753,1.35862717274543,0.174264760169932,0.43778028147285
BSU_26820,yrpD,3999.87166105602,-0.229874161137787,0.180656803702198,-1.27243567043687,0.203218366993052,0.474562262662268
BSU_26826,yrpDX,172.100811610182,0.119641188466233,0.252109234231404,0.474560913371455,0.635099971384089,0.838078609314259
BSU_26827,BSU_26827,22.0934816948513,-0.426638100292356,0.962145532104796,-0.443423667268962,0.657459320230489,0.850478809578779
BSU_26830,zinT,39.0457259166693,1.25530407371262,0.646149660803427,1.94274507882858,0.0520469666789296,0.221148094943401
BSU_26840,sigZ,42.4259126412745,0.12819901798602,0.453891204283572,0.282444376044632,0.77760279231693,0.912180819747512
BSU_26850,yrpG,75.9389012073407,0.728970209967171,0.330768963452447,2.20386520657333,0.0275338251136959,0.152637583003143
BSU_26860,yraO,1067.98595599625,-0.0345131827353978,0.210236480868637,-0.16416362466114,0.869602335881139,0.954220045309925
BSU_26870,yraN,698.069580681134,-0.266339746875547,0.227380305322088,-1.17134043996586,0.241461962431135,0.524723001646757
BSU_26880,prpF,18.5051458337284,1.27435597392269,0.83734268959309,1.52190493780028,0.128032901760434,0.370905184200039
BSU_26890,csn,278.998787841423,0.0085870459142027,0.235475927503886,0.0364667675597584,0.970910176720898,0.987987023654406
BSU_26900,yraL,1174.26417559105,0.266998605190531,0.19457663009048,1.37220284402281,0.170000300317667,0.433359641678243
BSU_26910,yraK,116.343737179499,0.289603531568721,0.322126020662093,0.89903799442676,0.368632423290064,0.638463961288468
BSU_26920,yraJ,253.322498447341,0.616259454651791,0.235061120645969,2.62169878607851,0.008749272121314,0.0726135016804272
BSU_26930,yraI,174.535026961802,0.424720127014597,0.254988217835078,1.66564608600582,0.0957839261861944,0.314182893253587
BSU_26935,BSU_26935,0.926804142081768,0.576529400963035,2.7533223418902,0.209394080813377,0.834140613176794,
BSU_26940,yraH,87.0073181886637,-0.495263094390959,0.379459807069561,-1.30517932377531,0.191831792970482,0.459307556106063
BSU_26950,yraG,0.10595252326258,0.668767475312844,3.52796954449401,0.189561578374895,0.84965269725,
BSU_26960,yraF,2.71120445379102,0.008730694124366,1.72164392258596,0.0050711381196944,0.995953834530767,
BSU_26970,adhB,17.6496224925056,0.0425876505714383,0.748285591959251,0.056913631678956,0.954613995405356,0.984199139891059
BSU_26980,yraE,0.634552754051525,1.1665449051771,3.46422185987931,0.336740818677746,0.736312289741609,
BSU_26990,yraD,5.49265126607537,1.77699927157336,1.26853813914763,1.40082447404173,0.161266568112883,
BSU_27000,adhR,73.5116959681488,0.828025413593232,0.519765738082526,1.59307425042657,0.111143535079125,0.340771883284076
BSU_27009,yrzP,5.29870064435005,-0.661063146469837,1.16108083527704,-0.569351526943518,0.569117605318008,
BSU_27010,adhA,165.647249315204,0.589296213183227,0.260403572171497,2.26301124930471,0.0236349958413451,0.139366179318537
BSU_27020,sufL,702.018873116327,-0.517614166618768,0.381369495034887,-1.35725109993765,0.174701439136422,0.438070442859672
BSU_27030,sacC,2118.364503974,0.141518321325781,0.199505232389405,0.709346414782535,0.478109531842237,0.728478340119928
BSU_27035,BSU_27035,259.381371671981,-0.0557985477538708,0.27632196048224,-0.201933091588127,0.83996903159384,0.939168913099017
BSU_27040,levG,1010.48696267899,0.166253542475086,0.210945860562461,0.788133704220558,0.430618502414181,0.691205895310579
BSU_27050,levF,817.863376008279,-0.0616483585950116,0.237280946985145,-0.25981166789119,0.795009050276931,0.921218742594683
BSU_27060,levE,666.26628079213,0.0480044842761555,0.192280338567984,0.249658829569736,0.802851199336689,0.922622029051687
BSU_27070,levD,608.218517585337,0.173454109855999,0.296007645651323,0.585978478611043,0.557889977416655,0.788632007736291
BSU_27080,levR,331.125072067079,0.246461859194884,0.318745966906088,0.773223459381051,0.439390144742391,0.699101418019779
BSU_27085,BSU_27085,11.3568059567509,1.89126061633276,1.06471148436029,1.77631277967203,0.0756813779854239,0.27169070226422
BSU_27090,aapA,139.393541713505,0.781256204391315,0.343137179010892,2.27680429921153,0.0227979146855916,0.136241430276769
BSU_27100,yrhP,577.202051049362,-0.0819064024408808,0.372938256271573,-0.219624565363004,0.82616355808984,0.931923778574289
BSU_27110,yrhO,282.050585562808,0.254238590104013,0.245337055638625,1.03628287802761,0.300070191612601,0.58347793712494
BSU_27120,sigV,9.98418425663404,-0.712702259777675,0.833345624717799,-0.855230097378889,0.392423777221431,0.659866335366877
BSU_27130,rsiV,40.9769794107402,-0.263895818944881,0.455026337427254,-0.579957240358796,0.561943453541528,0.790004125956793
BSU_27140,oatA,101.732629477307,-0.0726871523018146,0.329739744850941,-0.220437946704522,0.825530094959177,0.931923778574289
BSU_27150,yrhK,19.3889339792199,1.20838514394002,0.774820706764951,1.55956743720143,0.118862136583827,0.35516291110976
BSU_misc_RNA_82,surF,12.6418113812547,1.16456910286657,1.041774319268,1.1178708107192,0.263622173196125,0.547060670718138
BSU_27160,cypB,579.483271262105,-0.274724844039429,0.303963149999695,-0.903809702063242,0.366096316289478,0.635968883649955
BSU_27170,bscR,77.8473927373737,-0.610823024197611,0.363257701841134,-1.68151431091954,0.0926630590938943,0.309290076841828
BSU_27180,yrhH,76.9175768730276,-0.293970885417398,0.349321490790674,-0.841548238993276,0.400040872660822,0.665016679655937
BSU_27185,BSU_27185,70.0235195856401,-0.183894038547267,0.371430749577617,-0.495096431182359,0.620532052870318,0.826547866218989
BSU_27190,yrzI,98.8908695066863,0.405859981064015,0.401077712022792,1.01192354722755,0.311574609541418,0.595122412100164
BSU_27200,yrhG,870.117424279964,-0.216158274460785,0.373740295349745,-0.578364915826121,0.563017775491955,0.790005961252683
BSU_27210,yrhF,1018.14945644444,0.281933855971324,0.188065577914385,1.49912524715007,0.133841143004528,0.380551170138231
BSU_27220,yrhE,1572.19847727758,-0.440007379043022,0.302159283343462,-1.45621002993599,0.145334567688134,0.398198760611551
BSU_27230,yrhD,263.27157416061,-0.518597645266692,0.300411355938877,-1.72629174967742,0.0842949388859257,0.29084303892188
BSU_27240,yrhC,80.8130299080262,0.0734601430950705,0.471404476507137,0.155832510627333,0.876165043885889,0.956822025266579
BSU_27250,mccB,414.027120661369,-0.063544346898673,0.363582409096827,-0.174772885895451,0.861258094312634,0.949763069750286
BSU_27260,mccA,620.992530958994,-0.0996229800567312,0.292875334853775,-0.34015489937543,0.73373988025772,0.888425266663287
BSU_27270,mtnN,2658.58995186449,-0.0145447691379887,0.179656425758058,-0.0809588027626467,0.935474715544951,0.979886061384305
BSU_27280,yrrT,628.796419508505,0.0588206589504391,0.256351539375018,0.229453113852342,0.818516758225139,0.929064230547271
BSU_27290,yrzA,358.591532543702,0.633429216758213,0.340059119398994,1.86270322018627,0.0625040325836134,0.244384033372953
BSU_27300,yrrS,1531.3725146354,0.277789271028943,0.179108356575394,1.55095650666646,0.120912107321705,0.357739548204877
BSU_27310,pbpI,156.777640132852,0.104761819516303,0.252132941031528,0.415502310359372,0.677774224205569,0.862503890031442
BSU_27320,greA,5600.19613234673,0.12766704121947,0.195249826496045,0.653865068720334,0.513198740585147,0.754859754022073
BSU_27330,udk,1884.23857064662,0.098979732525867,0.204991904858786,0.482847030442747,0.629204354533643,0.835034502426297
BSU_27340,yrrO,2821.78430103961,0.0021042249154543,0.211777010303916,0.0099360403305092,0.992072317268264,0.996187176434578
BSU_27350,yrrN,1858.81492283666,-0.0977329866703514,0.238094432890601,-0.410479932200923,0.681453921532739,0.863333562284574
BSU_27360,yrrM,960.625133318097,0.180281945230505,0.199266000944304,0.904730081279118,0.365608400709659,0.635968883649955
BSU_27370,yrrL,761.742379681039,-0.0925616418787232,0.239583423813932,-0.386344098457369,0.69924184507616,0.87366931002943
BSU_27380,yrzB,3219.6521633416,0.235559570626937,0.18270727967573,1.28927304399151,0.197303178855468,0.467161500587799
BSU_27390,rimF,1454.82986716046,-0.0207842395300338,0.187305206331632,-0.110964558525054,0.911644451321364,0.968667726823233
BSU_27400,yrzL,1457.42961534634,-0.0819896044382247,0.190504553878994,-0.4303813361349,0.666918269662039,0.854984484079555
BSU_27410,alaS,5719.5692016046,0.226490237796851,0.204593364845114,1.10702631030246,0.268282553191469,0.550351465745295
BSU_misc_RNA_40,tboA,983.111373919256,-0.10644038994283,0.24733307996894,-0.430352421747211,0.666939299454843,0.854984484079555
BSU_27420,yrrI,39.7545518090523,0.739509220879192,0.531359903818263,1.39172943905854,0.164004344104519,0.425652807771421
BSU_27430,glnQ,0.794353223512319,1.5130740154422,3.41673240063179,0.442842411411095,0.657879724260742,
BSU_27440,glnH,2.82612017105586,-2.14328584102936,1.75352882535829,-1.22227009333105,0.2216055048839,
BSU_27450,glnM,0.210742661001206,-0.0203093995915133,3.53199787820682,-0.0057501165889217,0.995412096033185,
BSU_27460,glnP,0.307077280691039,-1.58228331433234,3.4987052297796,-0.452248249113579,0.651090152864173,
BSU_27468,yrzQ,10.7433242146391,0.439769872434924,0.867974928833332,0.506661952812428,0.612392030822377,0.822959593211922
BSU_27469,yrzR,32.4494439424577,-0.403238489099401,0.503587869418681,-0.800731140654522,0.423287310524932,0.68578041542838
BSU_27470,yrrD,46.7650939636211,-0.0767503377530011,0.423671298637505,-0.181155386262474,0.856245611746544,0.947102767245877
BSU_27480,recDB,1932.85329242798,0.0173112272541676,0.180814089897874,0.0957404772158253,0.923726692371751,0.974244902496177
BSU_27490,yrrB,435.792059966734,0.216918093108054,0.228569432666822,0.94902494431199,0.342607925530829,0.619007627280277
BSU_27500,mnmA,2328.44802354191,-0.0431705346944814,0.178026628165755,-0.242494817428585,0.808396772137021,0.925206397468747
BSU_27510,iscSA,1881.06699818983,-0.107185284026921,0.186793469973768,-0.573817082802594,0.566091587576916,0.792647357982129
BSU_27520,cymR,633.508652718897,-0.100760547504982,0.279550792086581,-0.360437352915011,0.718520097534121,0.880961959878753
BSU_27530,rarA,352.951431086955,-0.141454576310748,0.241393240613435,-0.585992283592032,0.557880700319584,0.788632007736291
BSU_27540,tcdA,1980.84807466007,0.204003396757184,0.19197249621512,1.06266991771875,0.287931667542006,0.57128390498394
BSU_misc_RNA_41,ssrSB,1200.7324768205,0.0957172934318451,0.279265621334301,0.34274642533699,0.73178923347837,0.887964310570496
BSU_27550,aspS,12592.3750084656,0.157789940911938,0.289439108705203,0.545157638225901,0.585645103757612,0.803952975997382
BSU_27560,hisS,5711.18836834437,-0.103155430607887,0.251204779203926,-0.410642786872084,0.681334484830029,0.863333562284574
BSU_misc_RNA_42,tboH,5216.98934694569,0.23455802556934,0.24665323800308,0.950962685381049,0.341623318425063,0.617924914885751
BSU_27570,yrzK,17.9809512761942,1.84123043218577,0.947207564377151,1.94385106436148,0.0519134138405338,0.221148094943401
BSU_27580,yrvJ,2203.4727901542,-0.0026970515382981,0.238714783745719,-0.0112982174626061,0.990985518505071,0.996187176434578
BSU_27590,dtd,959.202395222629,-0.0094542440824642,0.201089125238478,-0.0470151932445485,0.962501118461087,0.987245921800852
BSU_27600,rsh,6806.40002502924,0.0351927758905848,0.197555210524353,0.17814147142551,0.858611873394523,0.947892311557228
BSU_27610,apt,2223.58484984954,0.252509320295985,0.173640054437016,1.45421124817476,0.145887747433736,0.399166475500667
BSU_27620,recJ,4370.86057451127,0.0539940754744303,0.168454929839334,0.320525350762533,0.748570116093104,0.897384955989091
BSU_27630,yrvD,831.18947050708,0.152507652918029,0.213318908118235,0.714927965192373,0.4746535558372,0.725395577921747
BSU_27640,yrvC,1063.80661544684,0.214005187312379,0.173659725964035,1.23232480141481,0.217827778818635,0.495480622817089
BSU_27650,secDF,8460.73984683099,-0.406654211607785,0.180328124790012,-2.25507924557706,0.0241283551102295,0.141112822342002
BSU_27660,comN,1090.18311619726,-0.48749146125595,0.223452750569902,-2.18163106076177,0.0291367725830864,0.15718107588065
BSU_27670,spoVB,23.8018099150796,0.518859282383892,0.553339681614229,0.937686740394708,0.348405419999681,0.622089420653026
BSU_27680,yrbG,9.53961099096353,1.18417700144971,0.883473170744772,1.34036554890675,0.180126530388269,0.445517415929351
BSU_27690,yrzE,6.48444872919215,1.24441225596541,1.21867286361407,1.02112083818377,0.307197191509866,
BSU_27700,yrbF,4472.90315004321,0.375697835666862,0.2138090520734,1.7571652463895,0.0788896471148611,0.278450583682775
BSU_27710,tgt,2020.106997781,0.37358619303598,0.190119877372974,1.96500333472804,0.0494138515828688,0.215584803845696
BSU_27720,queA,2071.72415480845,0.214609898936257,0.178466190157302,1.20252412374073,0.229160525359152,0.509075579985383
BSU_27729,yrzS,86.095392127625,-0.263519381441965,0.359084861417421,-0.733863801447298,0.463031750848956,0.718016364069979
BSU_27730,ruvB,928.442022956084,0.0715898314109048,0.177267205655744,0.403852653659659,0.686321074545404,0.866474930292616
BSU_27740,ruvA,433.769990111948,0.456285271855327,0.23603651417003,1.93311307557541,0.0532222696610809,0.222956302148183
BSU_27750,bofC,213.065605025751,0.396146315393225,0.249181666502018,1.58978917251128,0.111882335294266,0.341001430704158
BSU_27760,csbX,1243.1390197056,-0.109359849661704,0.18845365147055,-0.580301038522429,0.561711627217864,0.790004125956793
BSU_27770,yrbE,3013.05344387067,-0.123641733550874,0.166418853071915,-0.742955087531121,0.457508872253923,0.713149323716384
BSU_27785,yrzF,250.272647724952,-0.507208351864313,0.404751031478112,-1.25313665047878,0.210155979850625,0.48278581734234
BSU_27786,BSU_27786,2.55111910193239,-0.310406002134851,1.96043715705066,-0.158335094302046,0.874192755668353,
BSU_27800,yrzH,42.4966840864055,1.29521675832243,0.473948239777925,2.73282322755185,0.0062794024102074,0.0580917474102453
BSU_27809,yrzT,49.2034398579861,0.469047096055993,0.428289619660076,1.0951633533128,0.27344507749308,0.556876080253421
BSU_27810,alaP,66.5277649122168,1.12172578741247,0.42073566702757,2.66610576502173,0.0076735547546862,0.0663048280967693
BSU_27820,yrbC,142.438367809747,-0.147970419082933,0.400848191205103,-0.369143287482669,0.71202092511914,0.87755095186033
BSU_27830,sgpA,25.0146444815621,2.54373791709457,0.722924673610234,3.51867630190477,0.0004337055362921,0.0084870220631283
BSU_27840,safA,44.4835529464729,0.860021671396696,0.417287827145405,2.06097953367094,0.0393049926619322,0.187238103468297
BSU_27850,nadA,15.4302473401754,0.409685490908166,0.677515902483535,0.604687638188864,0.54538656341022,0.779514200191048
BSU_27860,nadC,5.09172004607376,-0.390785989713808,1.34636743232012,-0.290252111223745,0.771623372221765,
BSU_27870,nadB,22.0091294687981,-0.110502810475366,0.650817011321111,-0.169790906742055,0.86517457846103,0.951311193669482
BSU_27880,nifS,53.1649711920441,0.538159847114243,0.604287048703609,0.890569884409685,0.373159961508221,0.641146484859707
BSU_27890,niaR,799.123276431583,0.132798510387835,0.210084119782254,0.632120650173259,0.527308042484961,0.768253177226265
BSU_27900,pheA,1521.5229117744,0.41470200191134,0.195097004490829,2.12561952447011,0.0335349525702366,0.17032001356283
BSU_27910,thrR,617.769320832804,0.13617728851724,0.253977621714701,0.536178296331208,0.591835331874071,0.807798983682819
BSU_27920,obgE,2393.22627947205,0.186404253951547,0.191797403057164,0.971881010797576,0.33110974771162,0.609100435841584
BSU_27930,spo0B,858.555618901217,-0.0811389236244479,0.238821770624444,-0.339746763506087,0.73404724203745,0.888425266663287
BSU_27935,BSU_27935,4.99844248492634,2.55853529491092,1.59799178041516,1.60109415221536,0.109356067235155,
BSU_27940,rpmA,13920.5481638227,0.101396051899336,0.18090666638342,0.560488200498006,0.575146485778893,0.799437594439185
BSU_27950,rppA,19432.4785413406,0.273177256653695,0.190974296737015,1.43043991427747,0.152590799381363,0.411582750763786
BSU_27960,rplU,12198.0245804598,0.370885434984597,0.209246273510125,1.77248286797638,0.0763144366961503,0.273226216404513
BSU_misc_RNA_43,ldlU,4.60651945928126,0.514021042509928,1.30843702774657,0.392851189327157,0.69442939428587,
BSU_27970,spoIVFB,19.7473599995232,2.0638274857254,0.823532925898772,2.50606553887692,0.0122082988450505,0.089587369465885
BSU_27980,spoIVFA,38.7411714072317,0.544351395856373,0.558087291594116,0.975387549681505,0.329368057125231,0.60850325992453
BSU_27990,minD,2995.3788316442,0.0767833331312779,0.199704113546985,0.384485485889667,0.70061865134875,0.87456837279056
BSU_28000,minC,2586.63702353955,0.0921767142190762,0.178847036720709,0.515394137410402,0.60627762836189,0.819039016047603
BSU_28010,mreD,1394.85218677235,0.492267510005693,0.253232499823988,1.94393496232849,0.0519032944847249,0.221148094943401
BSU_28020,mreC,4357.21398493799,0.397999389919522,0.198653404482969,2.00348637847605,0.0451251082252103,0.204813239219635
BSU_28030,mreB,5054.91224014629,0.253453510410847,0.187172096970305,1.35412016274551,0.175698044517434,0.439441552835448
BSU_28040,ysxA,586.029094360671,0.158339755142855,0.212225683518248,0.746091389684418,0.455612210278545,0.71222004058295
BSU_28050,maf,557.547453688132,0.0440437999084509,0.241407895040243,0.182445565424067,0.855233069780111,0.946517996829
BSU_28060,spoIIB,101.186795161773,0.67804952852015,0.419988467537137,1.61444796924143,0.106430294013093,0.335070767902418
BSU_28070,comC,14.0522374971289,-0.673359931202204,0.941258790939042,-0.715382355717953,0.474372812121841,0.725395577921747
BSU_28080,folC,1849.07263915046,0.0321274541153684,0.308911942800282,0.10400198135473,0.917167776205491,0.97298881680195
BSU_28090,valS,7472.69369685084,-0.0467825679382249,0.266633121880288,-0.175456700984168,0.860720790563215,0.949477211482267
BSU_misc_RNA_44,tboV,2210.43013824619,-0.035751289053341,0.251949031910389,-0.141898894321041,0.887159867684443,0.96185284948297
BSU_28099,yszA,7.17703901721815,1.3505731785575,1.43388431398613,0.941898286621866,0.346244717431312,
BSU_28100,cotN,19.7419067577862,0.0577382624052741,0.790169336910732,0.0730707453556844,0.94174982123239,0.980226410586802
BSU_28110,spoVID,38.510917458944,0.0833353246796995,0.437085957747616,0.190661180489856,0.848791054182417,0.942662986684709
BSU_28120,hemL,3130.92753362813,0.254339955529862,0.212715615733047,1.19568069628255,0.231821187197901,0.512136236465976
BSU_28130,hemB,1404.97996760032,0.35761534308812,0.199432951313313,1.79316076271819,0.0729472220546291,0.267386379222974
BSU_28140,hemD,1173.92601059499,0.18254286225143,0.222520130461755,0.820343138720225,0.412020520670669,0.675115793870369
BSU_28150,hemC,1146.35106355827,0.204994408768929,0.206230453968525,0.994006485580523,0.320219709988219,0.601678315785785
BSU_28160,hemX,766.496356432212,0.121124440478602,0.23976969473503,0.505169932390566,0.613439486749009,0.822959593211922
BSU_28170,hemA,2690.85455645511,0.101513242891038,0.209828742522184,0.483790931932528,0.628534251282449,0.834700176686473
BSU_28180,ysxD,187.034922154978,0.774744687564896,0.316704134134761,2.44627273237688,0.0144341766410099,0.102346772914585
BSU_28190,engB,2154.72239191885,0.129923647116745,0.202185108878352,0.642597507984212,0.520485300506966,0.76164857757471
BSU_28200,lonA,5596.79963673018,-0.0131287003120669,0.217056945346006,-0.0604850505526957,0.951769321980431,0.982535074565782
BSU_28210,lonB,29.2623092474917,-0.236647280533129,0.535890257388364,-0.441596534496482,0.658781192196402,0.850819912636553
BSU_28220,clpX,12255.4927044614,-0.103142327816138,0.170398618049239,-0.6053002600428,0.544979508672935,0.779514200191048
BSU_28230,tig,39431.4624189104,0.0512139186498593,0.175033032053062,0.292595734925815,0.769831174205436,0.907035427635596
BSU_28240,ysoA,1201.80906402382,0.144029460109655,0.222910353672506,0.646131764347114,0.518194025661043,0.75940915948564
BSU_28250,leuD,622.106372191824,0.590060590472925,0.965841495193226,0.610929012068256,0.541246577125557,0.777634788463879
BSU_28260,leuC,1524.68425617785,0.798729526235901,0.910893486821236,0.876863802180915,0.380560619365191,0.648531046845744
BSU_28270,leuB,768.007881134133,0.736692149568571,0.966677162862358,0.762087052296969,0.446008049961645,0.703184887617254
BSU_28280,leuA,1085.00732768363,0.564477716801358,0.890696835444386,0.633748425208818,0.526245016450915,0.768106071543713
BSU_28290,ilvC,1768.36421618295,0.646075417392246,0.845894695771431,0.763777596220821,0.444999789977195,0.702427505570962
BSU_28300,ilvH,374.25230193463,0.830474267258425,0.450020466899106,1.84541443854956,0.0649772743935526,0.250617661235809
BSU_28310,ilvB,1125.79044289068,0.333331540951062,0.419720894850007,0.794174283532353,0.427093977406787,0.68942950174197
BSU_misc_RNA_45,tboILV,757.654971105408,0.440046106717291,0.391194124184009,1.12487913164642,0.260640256118581,0.54474382661661
BSU_28320,cotQ,0.10595252326258,0.668767475312844,3.52796954449401,0.189561578374895,0.84965269725,
BSU_28330,ysnE,44.3964139534127,-0.171584954150246,0.584902845656878,-0.293356333319847,0.769249798831301,0.906656391182331
BSU_28340,ysnF,94.257496508057,1.30749790166623,0.568118198215764,2.30145400336157,0.0213659824426073,0.131299999910538
BSU_tRNA_84,trnSL-Arg2,23.4835053844633,-0.0553083405703334,0.732374730194129,-0.0755191820390538,0.9398016360557,0.980226410586802
BSU_28350,ysnB,1386.00457714727,0.0242309476575443,0.182695762170732,0.132630047734222,0.894485967691215,0.964295971650913
BSU_28360,rdgB,1818.04080778036,-0.0440491516539072,0.190570304250248,-0.231143838633243,0.817203058805229,0.928365000213567
BSU_28370,rph,1673.05682894565,-0.22200160945693,0.251201986730619,-0.883757379255911,0.37682719843404,0.645066113271307
BSU_28380,gerM,49.7603141888712,0.500560221848522,0.488852493873519,1.02394940830154,0.305859171457187,0.590135240433586
BSU_28390,rcmE,2801.50481603461,0.015602876170428,0.166954372509229,0.0934559301198626,0.925541359079958,0.974871004075776
BSU_28400,ysmB,1735.37800325663,-0.12841722233679,0.167219937502397,-0.767954014663768,0.442514505381765,0.700999168842859
BSU_28410,gerE,401.903302943711,-0.823639646829037,0.226772331539695,-3.63201119482631,0.0002812209188114,0.0058470516036205
BSU_28420,ysmA,448.816901286133,-0.584988238131041,0.212134769735627,-2.75762544188339,0.005822286925679,0.0560061913429176
BSU_28430,sdhB,21216.4969450349,-0.355817560093735,0.175296658768227,-2.02980229397406,0.0423766397017006,0.197794896494477
BSU_28440,sdhA,46808.9315184165,-0.266163971076316,0.178510866814961,-1.49102391257903,0.135955216886203,0.38437197295306
BSU_28450,sdhC,7937.79143287006,-0.219282732938203,0.171807130531999,-1.27633080337933,0.201838605663083,0.472851944722433
BSU_28460,yslB,787.305815176036,-0.189695868375669,0.255112294102826,-0.743577917492325,0.457131866805531,0.713067380472046
BSU_28470,lysCA,259.033872388009,0.120155409362613,0.254703717400217,0.471745801706584,0.637108240610644,0.839101952360486
BSU_28475,lysCB,0.0,,,,,
BSU_misc_RNA_46,kswC,338.324845989085,-0.473244957896937,0.318235432375208,-1.48709071885801,0.136990852476115,0.385933297872019
BSU_28490,uvrC,691.423641082852,-0.182915882618893,0.202713414927971,-0.902337335118582,0.366877698402939,0.636495337689931
BSU_28500,trxA,3651.92993115872,-0.190816995403016,0.195317551768651,-0.976957747397094,0.328590070800506,0.60850325992453
BSU_28510,abfB,534.895312445437,0.0612178901785156,0.263379619508678,0.232432146013099,0.81620238358398,0.927620339299467
BSU_28520,etfA,1705.57955998666,-0.219562149378304,0.191898105002367,-1.14416007065623,0.252557259083817,0.536566566398402
BSU_28530,etfB,1164.42021024225,-0.201519738019834,0.224159653141261,-0.899000936144564,0.368652162016513,0.638463961288468
BSU_28540,fadB,758.067863625064,-0.653584371271811,0.226917422799284,-2.88027408036415,0.0039732959741717,0.0438160152731863
BSU_28550,fadR,480.450316016345,-0.207333622332815,0.221941510422614,-0.934181361287562,0.350210348513631,0.62217165133263
BSU_28560,lcfA,1221.90058163677,-0.345528523574387,0.209971088490321,-1.64560047794539,0.0998460406891049,0.322958872592415
BSU_28570,yshE,646.630788754601,-0.17090500934089,0.206185595349238,-0.828889181377637,0.407167117728203,0.669996345412607
BSU_28580,mutSB,2886.13734449691,0.225277916388669,0.166106106168921,1.35622898871383,0.175026321287476,0.438609588562212
BSU_28590,polX,2012.39739828838,-0.0223666518088653,0.169148415817174,-0.132230926910013,0.894801639758337,0.964375849329179
BSU_28600,yshB,674.830501110499,-0.0439250268917242,0.186739127354031,-0.235221335314739,0.814036947318793,0.926824790199653
BSU_28610,zapA,186.445047686865,-0.061265792260007,0.279007286294738,-0.219584918636451,0.826194437941212,0.931923778574289
BSU_28620,rnhC,616.615879981585,0.309847064144108,0.240519418695607,1.28824136456209,0.19766195705834,0.46766614553035
BSU_28630,pheT,4694.2124686922,-0.215329351172928,0.209317868761429,-1.02871939432152,0.303611553610938,0.587502337379963
BSU_28640,pheS,1530.19351563538,-0.339815318463126,0.218381438002859,-1.55606319644565,0.119693065503457,0.356847100923332
BSU_28645,BSU_28645,0.212212158361485,-0.007483743247227,3.49432842909936,-0.0021416828438063,0.998291185631124,
BSU_28650,rlmBB,898.8213088451,-0.089225818338633,0.212082211118283,-0.42071335388365,0.673964408707244,0.859848488194094
BSU_28660,sspI,10.8225204341532,0.221870096425844,0.900992934917456,0.246250650618221,0.805488208898526,0.923360213600299
BSU_28670,ysfB,216.383455838537,0.203525268492781,0.241890148031846,0.841395443959899,0.40012643699925,0.665016679655937
BSU_28680,glcD,293.578957432471,0.228758102645393,0.283181799697329,0.807813577319923,0.419197907884001,0.682200590408859
BSU_28690,glcF,309.977147757958,0.2429397093562,0.250736128672834,0.968905879827127,0.332592151524665,0.609100435841584
BSU_28700,ysfE,2023.58960983348,0.140832443489832,0.168428722553246,0.836154554608761,0.403067960856295,0.667861974690168
BSU_28709,BSU_28709,599.340872538267,-0.0657066877088193,0.20452149907308,-0.321270321245497,0.748005545452879,0.896977511999968
BSU_28710,cstA,4211.46515882225,0.0018191950752914,0.191479804313715,0.009500715137096,0.99241964011411,0.996187176434578
BSU_28720,abfA,213.212368268023,-0.90658772957018,0.321817134825754,-2.81708968063819,0.0048460992045932,0.0492255166023821
BSU_28730,araQ,84.7830334407739,-0.948524696087946,0.33440519560986,-2.83645322662558,0.0045617659633211,0.0471799976457594
BSU_28740,araP,125.036828317398,-0.919415075368506,0.370414571383543,-2.48212447996951,0.0130601642762561,0.0939390554789445
BSU_28750,araN,271.922956332246,-0.540873528883639,0.358852495868849,-1.50723078454305,0.131751512039693,0.377193550037109
BSU_28760,egsA,220.192298457523,-0.543295853225906,0.282669203518465,-1.92201996702629,0.0546032453740712,0.225389019707423
BSU_28770,araL,172.618277506864,-0.646252866468436,0.327163649795476,-1.97531989532589,0.0482318568530583,0.212753118847966
BSU_28780,araD,234.0224952494,-0.426466432047579,0.336171368474097,-1.26859831633889,0.204584365135205,0.475742911635513
BSU_28790,araB,550.679577642952,-0.874489739591283,0.210647026650805,-4.15144592114726,3.30381336650996e-05,0.0009842405193364
BSU_28800,araA,639.402236517924,-0.673242339447564,0.263564773588133,-2.55437147492109,0.0106379695243056,0.0816668737327458
BSU_28810,abnA,473.981524245261,-0.428961629069425,0.279295562590545,-1.53586983298512,0.124570308205698,0.364578204074155
BSU_28820,frvX,3346.70053594422,-0.372021425766235,0.206178690534466,-1.80436409214679,0.0711742483286752,0.264895351487249
BSU_28830,ysdB,362.464413478696,0.357847215408105,0.409738835903655,0.873354400538806,0.382469937361219,0.64915815899064
BSU_28840,ysdA,270.860963210458,0.159796191079094,0.273898986400183,0.583412860263828,0.559615402550517,0.789016827787691
BSU_28850,rplT,19558.1558190909,0.483928207210702,0.161882446239166,2.98938037108572,0.0027954388985686,0.0339623387044549
BSU_28860,rpmI,7820.13685227165,0.0272608708520762,0.193756869290392,0.140696280611446,0.888109883509764,0.962084762952955
BSU_28870,infC,12717.3155583893,0.203602118393135,0.230962672040141,0.881536902022632,0.378027289878077,0.645809981347054
BSU_misc_RNA_47,BSU_misc_RNA_47,2239.02361728136,0.484302281464749,0.358418210901457,1.35122119003574,0.17662458864582,0.44067834867132
BSU_28890,yscB,342.320673787373,0.53099615258792,0.325897721442692,1.62933373770548,0.10324238777069,0.327878768480983
BSU_28900,pftB,125.464876299254,-0.658925153627951,0.45346850582332,-1.4530780973016,0.14620207156049,0.399478897788827
BSU_28910,pftA,53.3231784936262,-0.965964587191038,0.490913860130421,-1.96768652434138,0.0491041172818861,0.214467873292439
BSU_28920,lytT,543.250006224855,0.0782167715865728,0.191620864532376,0.408185046954306,0.683137825288392,0.864369635040019
BSU_28930,lytS,1149.41553237348,0.119575475522168,0.219064720266829,0.545845425847306,0.58517219485585,0.803856642073144
BSU_28940,ysaA,4180.35764722031,-0.175468721065774,0.169124377653035,-1.03751288549161,0.299496893664882,0.582931057781671
BSU_28950,thrS,8424.26866372947,0.0102761882036955,0.189091576636911,0.0543450342234311,0.956660270421007,0.98551113922703
BSU_misc_RNA_48,tboT,857.425491209425,-0.0542944405579758,0.217534985776614,-0.249589464260846,0.802904847080291,0.922622029051687
BSU_28960,ytxC,957.078987295718,0.192115249381033,0.202844453066725,0.947106250511257,0.343584640007849,0.619292704735993
BSU_28970,ytxB,740.606517791457,-0.0817984087498018,0.196115908386041,-0.417092164643713,0.676610995817931,0.861690592712249
BSU_28980,dnaI,877.921223311255,-0.360319322109708,0.184805547830906,-1.94972134948781,0.0512093402584506,0.2202884550773
BSU_28990,dnaB,1115.77984877979,-0.195894082413662,0.178195237944049,-1.09932276908079,0.271627304265408,0.554931524374366
BSU_29000,nrdR,526.814721501938,-0.416131513422142,0.227354305188824,-1.83032167821293,0.0672018516398966,0.254525419114295
BSU_29010,speD,29712.3762539393,0.298240736620901,0.265333525638637,1.1240220620559,0.261003666673647,0.54474382661661
BSU_29020,gapB,48301.3977735334,0.46443376706251,0.289357149902639,1.60505371033265,0.108481985080432,0.338328190969597
BSU_29030,ytcD,349.843348550537,0.44425615435345,0.231166696219353,1.92179998944095,0.0546309296702344,0.225389019707423
BSU_29040,ytbD,88.8125499808138,0.716108924881111,0.51894437478171,1.37993388054806,0.167607003711517,0.430921814460484
BSU_29050,ytbE,111.054797716972,0.589314470413937,0.328050950990571,1.79641140693074,0.0724291110286743,0.266977849701263
BSU_29060,coaE,763.126413238732,-0.154010473788691,0.210342684894709,-0.732188399448187,0.46405358387336,0.718225911523021
BSU_29070,spcF,404.535749519018,-0.224002956233647,0.250975891402328,-0.892527784170944,0.372110107304456,0.640497265743153
BSU_29080,mutM,984.546252961167,-0.19302325726875,0.199450586754958,-0.967774827887044,0.333156837918946,0.609100435841584
BSU_29090,polA,3147.6335972141,-0.248932770109163,0.214856242892774,-1.15860152238348,0.246618648060336,0.531301480332899
BSU_29100,phoR,6604.64427836406,-0.63401858064044,0.186910918103465,-3.39208959580134,0.0006936175521114,0.0123612556608438
BSU_29110,phoP,2749.81444465932,-0.612304688485332,0.221760294482648,-2.76111054918014,0.0057605173933732,0.0555458585370681
BSU_29120,mdh,52271.6462484443,-0.278172411716211,0.196685365493389,-1.41430152171419,0.157273390361763,0.416256563054915
BSU_29130,icd,74498.569342874,-0.275741441654603,0.177650899552518,-1.5521533656692,0.120625531463179,0.357739548204877
BSU_29140,citZ,47676.1861179031,-0.219889649336808,0.174559848556631,-1.25968056889939,0.207784617751662,0.479507966682802
BSU_29150,ytwI,148.459103002445,0.12344721062952,0.319399403706804,0.38649793705576,0.699127930135486,0.87366931002943
BSU_29160,ytvI,10.0992802559259,1.49083148843774,0.910140549968493,1.6380233673682,0.101416819328942,0.323884754208908
BSU_29170,ytzA,1427.6652286113,0.539765920333043,0.178770963061676,3.01931539154277,0.0025334664022255,0.0323118143057005
BSU_29180,pyk,18189.3366530601,0.340441363370628,0.192329096667086,1.77009807288763,0.0767108045371482,0.273663567213848
BSU_29190,pfkA,7975.83971554171,0.215149301102861,0.213769213140943,1.00645597156691,0.314196280793386,0.596872012163367
BSU_29200,accA,5824.11418154726,-0.0498384501569245,0.169180072396536,-0.294588183176264,0.768308490252626,0.906081977278725
BSU_29210,accD,6114.38792489593,0.0304582931159608,0.158225554987484,0.192499202283538,0.847351192711747,0.941711013726418
BSU_29220,maeB,6908.40184966226,0.0377037843358119,0.170607780702298,0.220996862983659,0.825094875572333,0.931923778574289
BSU_29230,dnaEC,3042.01761605816,0.0233688690542966,0.203296049930523,0.114949941537393,0.908484799795278,0.968246695017593
BSU_29239,ytrH,3.54844660586586,2.79452362756098,1.7614832939412,1.58646047746977,0.112634890793439,
BSU_29240,ytrI,4.34819965534109,2.76030026222678,1.53018606587298,1.8038984433256,0.071247229070779,
BSU_29249,ytzJ,537.567630214985,0.190955375982814,0.26719456883813,0.714667879714639,0.474814289857096,0.725395577921747
BSU_29250,nrnA,2550.81636474278,0.222143064782784,0.193739689966227,1.14660586491858,0.251544551443832,0.536380816421769
BSU_29260,ytpI,220.904059953842,0.232074237240191,0.251338332029404,0.92335393239198,0.355822790589102,0.626574583163518
BSU_29270,ytoI,1038.26282421335,-0.330416695748069,0.200970349499249,-1.64410668823215,0.100154166677518,0.323227736806855
BSU_29280,ytnM,49.1140424172197,-0.0048387936136095,0.625490044595564,-0.0077360042024941,0.993827623249683,0.996447493313454
BSU_29290,sndA,60.5706741634073,0.454902327929073,0.683289242662127,0.665753680179059,0.505568555989913,0.750497435762223
BSU_29300,ribR,23.7528632134092,-0.212346771120472,0.772256251330316,-0.274969313300702,0.783339814317449,0.915427177182288
BSU_29310,cmoJ,65.6564360851757,-0.521620500774298,0.679058515034324,-0.768152507075083,0.442396585360336,0.700999168842859
BSU_29320,cmoI,7.68023565199187,1.37765080022435,1.27302099245989,1.08219016684264,0.279168036899871,
BSU_29330,cmoO,22.6283804009733,0.270542232452695,1.19255680561127,0.22685899001182,0.8205333918834,0.929767045245113
BSU_29340,tcyN,9.2766957389394,-1.53568148244408,1.47462674594194,-1.04140351900585,0.297688310019661,0.580759846595624
BSU_29350,tcyM,10.1429175384116,4.6666474515635,1.71823760355127,2.71595001873922,0.0066085894042387,0.0602317098212811
BSU_29360,tcyL,21.2366437641466,0.969460034072563,1.0601231622051,0.914478683831461,0.360465373567886,0.631407534569111
BSU_29370,tcyK,42.0898498230859,1.16798564595588,0.962602820602375,1.21336196088121,0.224991463036187,0.504304278742536
BSU_29380,tcyJ,41.8168125423536,1.21373026731257,0.890521541335421,1.36294318663249,0.172900416587776,0.436637048045633
BSU_29390,snaA,21.180995629175,1.50032871884332,1.14500949030787,1.31031989825684,0.190087638756828,0.458507464602572
BSU_29400,ascR,153.254554624142,0.471548145179677,0.503366460328249,0.936788964588893,0.348867122906262,0.622089420653026
BSU_29410,ytkL,1358.97187378307,-0.265737353417737,0.263389876786163,-1.00891255449988,0.313016573682053,0.595974267515353
BSU_29420,ytkK,944.810809400187,-0.560294215161898,0.253997791639764,-2.20590191570068,0.0273908680734726,0.152252410167516
BSU_29430,ytzD,57.6296672232009,0.0788771218334458,0.44161287632506,0.178611462803875,0.858242793215758,0.947746951733694
BSU_29440,argH,376.879978871054,0.454763203913586,0.288987647985375,1.57364235836336,0.115570154729165,0.348775172126878
BSU_29450,argG,246.184199459208,0.595740785878116,0.383037180314427,1.55530798704472,0.11987273605666,0.356847100923332
BSU_29460,moaB,308.151911717136,0.0898619157934057,0.241359606111899,0.372315472505967,0.709657979979941,0.877446654679184
BSU_29470,ackA,4398.78579746819,0.621352542777208,0.217350840390807,2.85875380863486,0.0042530872095182,0.0458873625416125
BSU_29479,BSU_29479,8.85821110378963,-0.11128324580124,0.993894091956339,-0.111966905429728,0.910849647168835,
BSU_29480,ytxK,1477.34471190521,-0.232395436274797,0.244230109518644,-0.951542939291257,0.341328831833223,0.617924914885751
BSU_29490,tpx,8966.34669449725,-0.231445333703134,0.256006059951956,-0.904061934106438,0.365962561507877,0.635968883649955
BSU_29500,gerW,6.66680789610245,-0.219225655729117,1.1126174881183,-0.197035960759416,0.843799396744477,
BSU_29510,ytfI,4.52158539048351,-0.0657145428336194,1.316460558237,-0.0499175933699253,0.960188057298938,
BSU_29520,yteJ,906.779838027348,0.0106290493951415,0.263100209945725,0.0403992433048009,0.967774833513568,0.987987023654406
BSU_29530,sppA,1798.1590635892,-0.218890313031504,0.249720439143124,-0.87654143882892,0.380735759116765,0.648531046845744
BSU_29540,ppnKB,3340.29039209298,0.147144229601686,0.200558898994741,0.73367090834271,0.463149333036121,0.718016364069979
BSU_29550,ytcJ,1572.91832593876,0.199255062221132,0.200888169877233,0.991870563323369,0.321260670350139,0.602099810346363
BSU_29560,ytcI,1864.99804871447,0.2132731176528,0.19800706922859,1.07709850200644,0.281436262243366,0.564569627575638
BSU_29570,sspA,648.339976598214,0.553762707050193,0.194437496167729,2.8480242646845,0.0043991570314746,0.047072191141623
BSU_29580,trmG,1450.6076996052,0.390591589672025,0.182405787801621,2.14133331173033,0.0322471686221218,0.167618095233737
BSU_29590,iscSB,739.108466110479,0.0626330491308874,0.19849116408126,0.315545779686425,0.752347297856586,0.898943553739447
BSU_29600,braB,1754.92917384267,0.822899457245529,0.193667024276927,4.24904270780169,2.14685989965908e-05,0.0007024807147081
BSU_29610,ezrA,9154.96341346256,-0.121579813700383,0.158514358434316,-0.766995588924915,0.443084138173953,0.70134491657035
BSU_29620,hisK,352.076708637758,0.352929918288121,0.227713374168932,1.54988664840694,0.121168724817036,0.357770376826633
BSU_29630,refZ,77.7271433034176,-0.013711601284912,0.398944047027057,-0.034369735272631,0.972582316960837,0.988428872023336
BSU_29640,msrC,1266.45404148626,0.277109848543623,0.18199465525001,1.52262630000288,0.127852226055063,0.370804909064162
BSU_29650,dgcP,1279.0993249783,0.233785905935665,0.17680747892413,1.32226253865644,0.186080742512436,0.453500808369745
BSU_misc_RNA_93,ldsD,569.170496769699,0.204185145065341,0.300269291429844,0.680006750250875,0.496500186753846,0.74456376616129
BSU_29660,rpsD,16747.3038410751,0.418844209786045,0.190733829042321,2.19596183796588,0.0280946749741448,0.154482014458383
BSU_29670,tyrS,4244.5680574329,-0.0262776924472792,0.222304468203194,-0.118205867203985,0.905904541196583,0.966685626425223
BSU_misc_RNA_83,tboY,3221.29094653162,0.0258339781242839,0.234726869181557,0.110059739706671,0.912361997186471,0.969172190731345
BSU_29680,acsA,13635.3739968703,-0.355402707729014,0.256895543074571,-1.38345221359426,0.166526250096912,0.429734510302464
BSU_29690,acuA,2065.39752535333,-0.257842296648202,0.218184239271569,-1.18176407933513,0.237299324379977,0.518783627012524
BSU_29700,acuB,2414.29196902893,0.0080069965208806,0.21796307749644,0.0367355637149666,0.970695852026927,0.987987023654406
BSU_29710,acuC,3483.99086902519,-0.021002289015936,0.208807904469575,-0.10058186767061,0.919882391203083,0.973868554072766
BSU_29720,motS,507.305787505564,0.491302093626002,0.267104081206079,1.83936573116959,0.065861410977203,0.252321259713046
BSU_29730,motP,592.583387588145,0.214400268639602,0.230347606938427,0.930768378665691,0.351973390063098,0.624176186394242
BSU_29740,ccpA,4450.15338712491,0.0507398451889873,0.186896749713214,0.27148596894727,0.786017289785378,0.916439160287128
BSU_29750,aroX,9527.40300487931,0.38331354235318,0.229405803977883,1.67089731692288,0.0947419615850894,0.312624489226303
BSU_29760,brxJ,1396.64605696001,-0.285040761498068,0.267206918957006,-1.06674169445414,0.286088493770758,0.56932465958767
BSU_29770,ytxH,2558.24085795675,-0.40633658951794,0.255553565655651,-1.59002512242566,0.111829142345936,0.341001430704158
BSU_29780,ytxG,1867.22393036816,-0.359174599314373,0.310487802201956,-1.15680743902702,0.247351041874097,0.531804961317951
BSU_29790,murC,6405.89328004058,0.0645079904696771,0.170501075627857,0.378343598315326,0.705175361454992,0.877389076546288
BSU_29805,sftA,4023.38583159771,-0.0313805347618401,0.165539156538799,-0.189565631588108,0.849649520840662,0.942907116652863
BSU_29820,ytpR,4425.23160169567,0.519851413223306,0.162482989254298,3.19942054001542,0.0013770414063323,0.0205117510973082
BSU_29830,ytpQ,3982.3653152205,0.496133126479658,0.208685536878044,2.37741979584143,0.0174342339637337,0.115227586064942
BSU_29840,ytpP,1104.07574897114,0.411569866160488,0.171589390225858,2.3985740937639,0.0164590462316659,0.111010555289002
BSU_29845,BSU_29845,7.08831914261413,0.0283713325384579,1.26750945279615,0.0223835273779381,0.982142020308956,
BSU_29850,ytoQ,635.379396183185,0.350156980103329,0.196378084036838,1.78307565134225,0.0745739893861261,0.270633416374239
BSU_29860,ytoP,1568.0263552253,-0.191298888044265,0.171607607546725,-1.11474596481498,0.264959297826921,0.547756352628207
BSU_29870,ytzB,803.358841558337,-0.770436590773102,0.282042290822091,-2.73163499178598,0.006302091768348,0.0580917474102453
BSU_29880,maeC,4184.76955384368,0.226554138327236,0.172460228193046,1.31366020270853,0.18896057929768,0.457170080337175
BSU_29890,ytnP,2145.52450821774,0.171695773907719,0.174024542141152,0.986618161985772,0.323829863211636,0.604361296840043
BSU_29900,trmB,2704.68918028186,0.685630038492728,0.207505798945245,3.30414880922748,0.0009526525052649,0.0155860196763013
BSU_29910,ytzH,1.46925457574598,1.05473738798749,3.26855328559451,0.322692425617178,0.746928189017059,
BSU_29920,ytmP,1652.79300528784,-0.143436124105579,0.181780939224799,-0.789060309168053,0.430076758543341,0.691170056402986
BSU_29930,amyX,1782.33608173719,0.406960587687999,0.187601495440438,2.16928221564846,0.0300612645817082,0.159768415403082
BSU_29940,ytlR,1443.10395541895,0.146404807693489,0.193027074315583,0.758467734190126,0.448171021956479,0.704646994742128
BSU_29950,ytlQ,1797.97649736884,0.244243801457753,0.169115041089163,1.44424647201534,0.148669656887455,0.405388845829727
BSU_29960,ytlP,511.61029577891,-0.120853850787633,0.220781737360151,-0.547390614063744,0.584110402190288,0.803504040504352
BSU_29970,ytkP,1141.89941122704,0.0066502521478967,0.24138568158518,0.0275503174182681,0.978020807562982,0.990677255465979
BSU_29980,ytjP,2166.48732148351,-0.131092551673435,0.215493949679946,-0.608335184668222,0.542965189779932,0.777682684671783
BSU_29990,pbuO,1828.41345495119,0.780047685666466,0.209874114972494,3.7167407984958,0.0002018092960775,0.004603558342523
BSU_30000,ythQ,273.087588567474,-0.117480286511662,0.446113414297454,-0.263341748413173,0.792287184321933,0.919688990931421
BSU_30010,ythP,217.986805949994,-0.601830510487511,0.442092878501673,-1.36132143210996,0.173412132907137,0.436637048045633
BSU_30020,ytzE,1410.76254593547,-0.262647946386558,0.390437858474068,-0.672701021906673,0.501137517341489,0.747854503440246
BSU_30035,rsuA,379.940562810476,0.389207328715905,0.266867410587028,1.45842959190771,0.144722169008494,0.397370600196872
BSU_30050,murJ,1886.03600947499,0.086434127556345,0.171617151196672,0.503645043363364,0.614510833771844,0.822959593211922
BSU_30060,ytfP,736.78501192191,-0.59269923934881,0.211864911602098,-2.79753374386955,0.0051494388001606,0.0511357206224906
BSU_30070,opuD,976.904236361,-0.154414558391215,0.211944564720697,-0.728561067818393,0.466270200642465,0.719599365668614
BSU_30080,yteV,16.6283622870701,-0.277052925341882,0.664449967525146,-0.416965819674597,0.676703408855937,0.861690592712249
BSU_30090,rmgU,38.8189007317986,-0.485691015202031,0.460784821918257,-1.05405167900299,0.291859257391243,0.57592790682444
BSU_30100,rmgT,89.234133278116,0.679031541048039,0.37642785536578,1.80388228811658,0.0712497621634584,0.264895351487249
BSU_30110,rmgS,16.0868718337252,1.31818282147961,0.843075984559652,1.56353975871832,0.117925691630343,0.353197258037594
BSU_30120,rmgQ,58.1188912309118,0.282581444496128,0.387814685186779,0.728650706870555,0.46621535260244,0.719599365668614
BSU_30135,rmgP,26.5249679478666,0.405255628911797,0.672287181822634,0.60280136208028,0.546640840540658,0.780189572913231
BSU_30150,rmgR,129.207531967799,0.431160234256449,0.290215548380733,1.48565518512747,0.137370350151626,0.386330269895944
BSU_30160,ytcQ,956.041758544683,0.551014231551845,0.230344667961929,2.39212930964357,0.0167509395473529,0.112197568243343
BSU_30170,ytcP,234.52874748598,0.612581786646125,0.255527344893756,2.39732380462384,0.0165153217440008,0.111010555289002
BSU_30180,ytbQ,47.4771253939282,-0.600126574960332,0.536095128713337,-1.11944045528016,0.262952280235771,0.546721615990207
BSU_30190,bioI,77.1775386189484,-0.842905025074355,0.522347426018766,-1.61368656776739,0.106595428942285,0.33532620357573
BSU_30200,bioB,161.738711965353,-0.719790861026026,0.321585971061417,-2.23825330019934,0.0252045416210774,0.144356571235783
BSU_30210,bioD,70.4021521224686,-0.869015070520356,0.433800082326151,-2.00326165421746,0.0451492110504205,0.204813239219635
BSU_30220,bioFC,180.9059548069,-0.644176950454284,0.35930390072593,-1.79284708335424,0.0729973785714582,0.267386379222974
BSU_30230,bioK,156.85500814827,-1.18698770441142,0.39889529491984,-2.97568740350761,0.0029233267601949,0.0347319060318396
BSU_30240,bioW,140.605897486083,-1.18599689043941,0.3216169084368,-3.68760739665051,0.0002263725611178,0.0049403928941478
BSU_30250,ytaP,76.2092732304101,0.375203486999357,0.554856539965456,0.676217111945218,0.498902809638598,0.74616013242913
BSU_30260,msmR,339.649625816799,-0.274654689971383,0.266804759122304,-1.02942200459581,0.303281413296522,0.587148109543995
BSU_30270,msmE,274.426826852066,-0.163128032804334,0.269622542466961,-0.605023716903507,0.545163238244569,0.779514200191048
BSU_30280,msmF,76.895995030357,0.491530177079073,0.459977266183612,1.06859667469493,0.285251447587006,0.568509125695122
BSU_30290,msmG,81.2687463263227,0.451432210341733,0.491488697039451,0.918499678753543,0.358357327056027,0.628818659168201
BSU_30300,melA,319.966729992175,-0.270632695734544,0.221860167585786,-1.2198345411864,0.222527604398579,0.502449206311724
BSU_30310,ytwF,652.100171519798,-0.212742626494109,0.224705696743673,-0.946761161719855,0.343760496570048,0.619292704735993
BSU_30320,leuS,8138.68967777035,-0.177651608871422,0.161744959405895,-1.09834401964645,0.272054296962698,0.555235559036344
BSU_misc_RNA_49,tboL,2617.16152728465,-0.203177137853628,0.243259138441128,-0.835229209293609,0.403588666634625,0.667861974690168
BSU_30330,ytvB,57.3122852951529,0.632515988629918,0.581372285445073,1.08797065918904,0.276608060593619,0.55881547464055
BSU_30340,blrA,907.460856732555,-0.0761022724074447,0.240077547089119,-0.316990378026458,0.751250903281175,0.898171190745268
BSU_30350,yttB,278.079164478961,-0.248108912810104,0.236680094293007,-1.04828804277451,0.294505916999294,0.578007679774426
BSU_30360,yttA,614.48544273191,-0.13910334906419,0.208135620437168,-0.668330335634127,0.503922753343163,0.749500607803989
BSU_30370,bceB,137.889264449901,0.181113604412408,0.286503292864958,0.632151912117025,0.52728761641525,0.768253177226265
BSU_30380,bceA,42.8404477469793,0.374119141003431,0.427758634815315,0.874603364032517,0.381789756748427,0.648607965179956
BSU_30390,bceS,400.592664242806,0.156250719156225,0.246092490687123,0.634926806258703,0.52547615307339,0.767264375665316
BSU_30400,bceR,168.294124819537,0.369150670204422,0.367125902351977,1.00551518658714,0.314648840528971,0.596872012163367
BSU_30410,ytrF,753.227634163604,0.0780242238875455,0.186099551072951,0.419260677619582,0.675025631246878,0.860652289983245
BSU_30420,ytrE,323.535977456029,-0.090723935522644,0.232616608101071,-0.390014867224032,0.696525553311286,0.873228416849004
BSU_30430,ytrD,224.910365469012,-0.0043377983478169,0.284712491690034,-0.0152357148858065,0.987844128605983,0.994943932280255
BSU_30440,ytrC,272.651734791143,0.124526645141509,0.220632755744967,0.564406879300603,0.572477258160133,0.798507761906098
BSU_30450,ytrB,175.483201956313,-0.481866347095453,0.271971206211669,-1.77175500968447,0.0764352337991233,0.273413488643459
BSU_30460,ytrA,88.379359205712,-0.863353328444585,0.377826456558209,-2.28505260406923,0.0223097434453361,0.134735999748535
BSU_30466,BSU_30466,17.4594334712967,-2.39423102493319,0.890307730139262,-2.68921738392486,0.0071619762994995,0.0633938123893619
BSU_30470,ytzC,73.7146961800105,0.5140092088179,0.365178406296973,1.40755641613676,0.159262460753971,0.417998516324689
BSU_30480,ytqA,463.99596203641,0.25367335941194,0.262652023840866,0.965815361718419,0.334136580251786,0.609910026687302
BSU_30490,ytqB,527.315071781485,0.506054164038088,0.253993862186754,1.99238737377835,0.0463285716177488,0.208504687596452
BSU_30500,tbcS,1170.83570521455,-0.510212393963008,0.263736363647052,-1.93455459424551,0.0530449764888066,0.222956302148183
BSU_30510,ytpA,944.088598617829,-0.470414922782036,0.27467888627,-1.71259949816323,0.0867862456895412,0.297127523835891
BSU_30520,ytoA,101.2114170669,0.707459107746061,0.384405421951903,1.84039835898719,0.0657097742216216,0.251982150521338
BSU_30530,ytnA,2615.51706419407,0.0624523060236871,0.186034651169329,0.335702545902822,0.737095185781655,0.890937435909491
BSU_30540,asnB,9399.40645187378,-0.180581068147356,0.178343261611742,-1.01254774929756,0.311276228214196,0.594837100541441
BSU_30550,metK,8078.10203006117,-0.0016035544551259,0.172704139183692,-0.0092849798661764,0.992591764362615,0.996187176434578
BSU_misc_RNA_50,mswG,202.018728925836,-0.228755315422685,0.277452880193516,-0.824483477205696,0.409664900262092,0.672500839674943
BSU_30560,pckA,73357.3481966494,0.315269483669639,0.325335459915527,0.969059701489344,0.332515402650553,0.609100435841584
BSU_30570,ytmB,433.383323831019,-0.52705943494227,0.270925314355493,-1.9454049031782,0.0517262650945835,0.221148094943401
BSU_30580,ytmA,138.638605012138,-0.147653153388825,0.278162845068776,-0.530815513309541,0.59554662874775,0.810300661881738
BSU_30595,ytlA,4.52348424943769,0.960329015391959,1.29481588028375,0.741672256275932,0.458285933099131,
BSU_30610,ytlC,3.20871110145384,-0.208580500036024,1.49141671957008,-0.13985393706472,0.888775396401439,
BSU_30620,ytlD,6.21573984594533,0.338958266705968,1.21583815714537,0.27878567942118,0.780409305090483,
BSU_30630,rppG,259.99697350537,0.0131182126744904,0.244743512924512,0.0535998381233359,0.95725398548718,0.985616796135005
BSU_30640,ytkC,2.38886459928468,-0.846345785013622,2.05180728798909,-0.412487951460149,0.679981810004895,
BSU_30650,dps,4154.2595337909,0.199085069620508,0.201750863879422,0.986786702135228,0.323747215114593,0.604361296840043
BSU_30659,ytzI,78.4911378987925,-0.144539789306938,0.512717167359022,-0.281909400559873,0.778012981166025,0.912180819747512
BSU_30660,ytkA,975.614944843672,-0.316741223058103,0.262310811663975,-1.20750349956545,0.227238298150977,0.505931559519631
BSU_30670,luxS,2012.9001866472,-0.0256290667882716,0.228855951784965,-0.111987766052739,0.910833106824611,0.968667726823233
BSU_30680,ytjA,50.9787465436927,0.202083222595358,0.393336687982471,0.513766523107461,0.607415235930195,0.820298248252145
BSU_30690,ytiB,820.701707351238,0.122521396172913,0.184215187956078,0.665099319618129,0.505986969808733,0.750497435762223
BSU_30700,rpmEB,77.7125595616874,0.049269725646893,0.423635210751723,0.116302243997768,0.907413007229975,0.968036537910759
BSU_30710,ythA,3.18854411448769,0.12928371231486,1.66560289292321,0.0776197693124564,0.938130516186729,
BSU_30720,ythB,20.0253417901323,1.02757216600287,0.72120852290636,1.42479204469452,0.154217322602724,0.412901107867252
BSU_30739,ytzL,5.04606141960341,1.49725926482304,1.27367908887955,1.17553886053054,0.239779199547196,
BSU_30740,mntD,58.3155314143358,0.554495977478854,0.388693139717669,1.42656486780708,0.153705356823144,0.412637380254197
BSU_30750,mntC,83.9083103187977,0.238644375444554,0.401811939654823,0.593920568038775,0.552565241556766,0.784448017826406
BSU_30760,mntB,46.3638571610707,0.533485187761257,0.563548604892301,0.946653373160618,0.343815437183448,0.619292704735993
BSU_30770,mntA,71.9395945917874,0.442591155565487,0.349435042027759,1.26659064585265,0.205301698898412,0.476214051134491
BSU_30780,menC,375.867960787508,-0.184653262062024,0.214018761889299,-0.862790067711614,0.388252901044243,0.655571116063237
BSU_30790,menE,466.29804423097,-0.278512935249398,0.197989864731431,-1.40670299273751,0.159515477952243,0.418387508531769
BSU_30800,menB,2846.69038064149,0.1043354192891,0.217150447767767,0.480475266625664,0.630889486099372,0.836436675027795
BSU_30810,menH,496.909991165184,0.157854580828035,0.255084013437335,0.618833688167661,0.536025926753377,0.775295470869377
BSU_30820,menD,1191.99510375889,-0.200654246560133,0.180671581804759,-1.11060214647907,0.26673963844906,0.548642769225654
BSU_30830,menF,2860.06817695199,-0.325785095521385,0.175831195477678,-1.85282875792506,0.0639069069151646,0.246966478611168
BSU_30840,yteA,0.10595252326258,0.668767475312844,3.52796954449401,0.189561578374895,0.84965269725,
BSU_30850,ytdA,16.7963583301018,-0.214484797449594,0.626925046883578,-0.342121914758056,0.732259145891301,0.887964310570496
BSU_30860,ytcA,2.1798504320475,0.607621602602904,1.90105910225654,0.319622678685613,0.7492543804081,
BSU_30870,ytcB,0.31638807242746,1.57393627632591,3.49940749690763,0.449772219359069,0.652874691117387,
BSU_30880,ytcC,1.23091936901712,-1.54858267320715,2.9826437051339,-0.519198008981641,0.603622667336907,
BSU_30890,cotOO,13.6674031243722,-1.05326885251864,0.933437466864872,-1.12837644717245,0.259160970356202,0.54389133755507
BSU_30900,cotS,10.7535140397095,0.677508453206266,0.999634279479171,0.677756322601563,0.49792620872278,0.745861698019264
BSU_30910,cotSA,5.57878325546747,0.863188656644936,1.54895130947994,0.557272944192643,0.577340958238477,
BSU_30920,cotI,6.80609485820713,2.22632555242866,1.16112422998419,1.91738790298001,0.0551886699149987,
BSU_30930,ytaB,9.76762256904139,2.13260808254327,1.20992498512337,1.76259529207575,0.0779687716872055,0.277225068788398
BSU_30940,glgP,127.812130938824,-0.238230138325666,0.298796305884582,-0.797299476713372,0.42527712418415,0.688166307151653
BSU_30950,glgA,54.4094915103298,-0.0633318340644699,0.521072277095192,-0.121541361627458,0.90326225567625,0.965576063392728
BSU_30960,glgD,23.7220241198501,-0.123544954772378,0.613324587667814,-0.201434863784218,0.840358556510443,0.939168913099017
BSU_30970,glgC,27.7125537610565,-0.833228938048477,0.571923855058428,-1.45688788932113,0.1451473295818,0.397958887150099
BSU_30980,glgB,44.3465657748466,-0.960109873157413,0.484064155301629,-1.98343517618889,0.0473188411959615,0.211057892798076
BSU_tRNA_72,trnB-Glu,527.790545008393,0.384277897627825,0.252113789763657,1.52422403387004,0.127452756226454,0.370030111168003
BSU_tRNA_71,trnB-Ser2,268.011573256866,0.190215620349359,0.311430064319738,0.61078117414531,0.541344458201683,0.777634788463879
BSU_tRNA_70,trnB-Asn,544.708193345282,0.986763245399365,0.324599234815041,3.03994322710474,0.0023662274818761,0.0310723029856894
BSU_tRNA_69,trnB-Ile2,92.9016486758261,0.533689243354855,0.390176752863602,1.36781404693637,0.171370289656776,0.435452316653617
BSU_tRNA_68,trnB-Gly2,111.15704749897,-0.191884016762652,0.411025743918664,-0.466841845314252,0.640613034892309,0.840396725366447
BSU_tRNA_67,trnB-His,78.2125298575002,0.468431221440352,0.375170300338595,1.24858289959943,0.211817670104023,0.485684169474589
BSU_tRNA_66,trnB-Phe,66.8631410473367,0.297633859061693,0.37093430485402,0.802389682396256,0.422327579477626,0.684834282219259
BSU_tRNA_65,trnB-Asp,134.317332972189,0.0938637531221359,0.285405267322401,0.328878839562919,0.742247269019342,0.893995809334389
BSU_tRNA_64,trnB-Met2,27.6261208134823,0.293368281825466,0.533096133421253,0.550310278828539,0.582106575302814,0.802368803407326
BSU_tRNA_63,trnB-Ser1,285.614166994085,0.0928306640981559,0.250344307068713,0.370811963671601,0.710777589931558,0.87755095186033
BSU_tRNA_62,trnB-Met3,125.972865607878,0.810041047801245,0.399144024244082,2.02944550988917,0.0424129337172526,0.197794896494477
BSU_tRNA_61,trnB-Met1,90.1207787033228,0.63372924381458,0.444100449249176,1.42699527750085,0.153581255854344,0.412637380254197
BSU_tRNA_60,trnB-Ala,57.1907328565968,-0.106928010194704,0.404183577258714,-0.264553079865144,0.791353769345038,0.919140019559323
BSU_tRNA_59,trnB-Pro,115.155550414189,0.32658920126599,0.361545181656425,0.903315042866057,0.366358715014968,0.63614788618519
BSU_tRNA_58,trnB-Arg,145.188247332461,0.0639503236852691,0.310606800256519,0.205888356701962,0.836878120615498,0.938116936558026
BSU_tRNA_57,trnB-Leu2,364.741458903496,0.19988544206326,0.300612458188204,0.664927339565276,0.506096968204385,0.750497435762223
BSU_tRNA_56,trnB-Gly1,290.155305200461,0.391863810897704,0.346856458092923,1.1297578631006,0.258578267931186,0.543071852893467
BSU_tRNA_55,trnB-Leu1,332.523724019049,0.557869631149893,0.372993031172405,1.49565698156981,0.13474306596836,0.382298734431906
BSU_tRNA_54,trnB-Lys,32.7716019708694,0.22814076811952,0.557777065462825,0.409017835701467,0.682526572220691,0.864144014051697
BSU_tRNA_53,trnB-Thr,95.5285459873037,-0.0469420802325952,0.34288017595044,-0.136905203406627,0.89110572584348,0.963252214831129
BSU_tRNA_52,trnB-Val,1.6256576050728,-1.02410256474145,1.78968815386086,-0.572224028265578,0.567170210939253,
BSU_rRNA_21,rrnB-5S,1.51310569345963,-0.316147800924487,2.19391330378937,-0.144102230648053,0.885419743305755,
BSU_rRNA_20,rrnB-23S,1834.24119151706,0.0067126942715021,0.381895254173231,0.0175773178591457,0.985976051608346,0.994013762456751
BSU_rRNA_19,rrnB-16S,1109.67960339019,0.0099865388159743,0.410931899494256,0.0243021747113453,0.980611578475716,0.9916724999225
BSU_misc_RNA_51,tswC,14.754601530855,-0.0757548959982959,0.730607482220326,-0.103687544737532,0.917417311233101,0.97298881680195
BSU_30990,thiT,546.170657588647,0.187949172035042,0.273454637451307,0.687313895228818,0.491884944415653,0.740982904946146
BSU_31000,yuaI,153.960374747481,-0.387523025637956,0.404093639862935,-0.95899313280308,0.337562204699499,0.614197047019326
BSU_31010,floT,335.082246614548,-0.468764987794927,0.379625176500125,-1.23481006216871,0.216901201641978,0.493935879609113
BSU_31020,nfeDB,96.2026739928735,-0.601559199986827,0.402935926043696,-1.49294009569549,0.135452868331506,0.383494929347072
BSU_31030,yuaE,1171.98175833293,-0.0482286973370091,0.285810297632587,-0.168743735745336,0.865998215880486,0.951311193669482
BSU_31040,yuaD,309.596853710499,-0.349114746119222,0.231940114349401,-1.50519347245516,0.132274342891585,0.377440440902935
BSU_31050,gbsB,140.300175795582,0.0313958443456639,0.434117432483071,0.0723210864076236,0.942346384107769,0.980226410586802
BSU_31060,gbsA,84.8291506870623,-0.566497273154018,0.355772294405091,-1.59230294787652,0.111316650909054,0.341001430704158
BSU_31070,gbsR,421.415820815149,0.112432348805489,0.210433493883669,0.534289227111553,0.593141444393372,0.808829950479276
BSU_31080,bslA,150.523749990476,-0.0537998613985478,0.395793170143173,-0.135929231368713,0.891877226649179,0.963492937181875
BSU_misc_RNA_52,swdA,272.821133646957,1.02494532712996,0.340302279584329,3.01186735622784,0.0025964602614143,0.0328008524163481
BSU_31090,ktrA,180.002936872451,1.03446441668273,0.27947578296806,3.70144563402458,0.0002143745925104,0.0047809127000099
BSU_31100,ktrB,329.913434773631,1.46538959253548,0.269418484660849,5.43908334418907,5.35553992245672e-08,4.7509589712105e-06
BSU_31110,yubF,1232.47148915147,0.157949187189113,0.199056265070056,0.793490157838158,0.427492301312212,0.689514855288222
BSU_31120,lytG,1002.21967782715,0.0836111171275703,0.180686796385224,0.462740603078221,0.64355031073912,0.841709744509834
BSU_31130,yubD,239.904705587748,0.331156510973412,0.30270994152979,1.09397302678552,0.2739668083415,0.557144930666974
BSU_31140,cdoA,9.14331018083066,2.1682275852156,1.05573210787418,2.05376683066081,0.0399982647231356,
BSU_tRNA_86,trnSL-Ala1,2.7319707914254,-1.67182342897806,1.97617003035664,-0.845991692666416,0.397557378607356,
BSU_31150,uppP,1167.71050664455,-0.297033052554636,0.20919263444624,-1.41990205984509,0.155636196182764,0.414744646264834
BSU_31160,yubA,1206.57160748809,-0.544550414400967,0.205686173438242,-2.64748186666261,0.0081093708723189,0.0689619189007611
BSU_31170,iolU,827.561872110323,-0.349603725019335,0.230805569771633,-1.51471095504863,0.129845618896126,0.374255386738869
BSU_31180,rhaA,148.47367576018,-1.09197258962228,0.319853611999883,-3.41397610861647,0.0006402218963542,0.011512458604712
BSU_31190,rhaM,25.2965962566659,0.701166038968858,0.782636614425718,0.895902422714223,0.370304880121565,0.638831928023028
BSU_31200,rhaB,354.70286663214,-0.536767323213163,0.266547370153174,-2.01377834980966,0.0440328097570007,0.203433355841071
BSU_31210,rhaR,342.923085274106,-0.553219308329238,0.287556106200782,-1.9238656262196,0.0543714288278694,0.225389019707423
BSU_31220,rhaE,665.593585576749,-0.876302245297864,0.337886600949628,-2.59348030621819,0.0095009980392479,0.0758989453915172
BSU_31230,tlpB,2683.50448503316,2.00216146076756,0.258193522378626,7.7544991923984,8.869278901310681e-15,8.85154034350806e-12
BSU_31240,mcpA,5663.90550856966,0.456141640317562,0.183598957964928,2.48444569279471,0.0129753297597112,0.0935379879926335
BSU_31250,tlpA,45.3634513498284,0.34368348042479,0.511956685888057,0.671313589407715,0.50202077935619,0.748624187967842
BSU_31260,mcpB,5796.30137409842,0.853738956054081,0.190856960831884,4.47318741916934,7.70621771246883e-06,0.0003195952857157
BSU_31270,tgl,34.6107785388094,0.87949075786626,0.527134169712571,1.66843814800664,0.0952287807173039,0.313141097712914
BSU_31279,yuzH,94.4077221476341,0.615222104567421,0.319072364959413,1.92815853747058,0.0538354096965038,0.224099015128721
BSU_31280,yugU,196.708622965512,0.213638763572868,0.256613866821739,0.832530081943219,0.405109805701636,0.668924404958892
BSU_31289,BSU_31289,2.29283490982043,1.04410083805349,1.98482793869201,0.52604098204177,0.598859732904323,
BSU_31290,yugT,194.098092820838,0.659879591384535,0.253858320710917,2.59940107354597,0.0093386591204427,0.0756178117202271
BSU_31300,yugS,23.3769321843985,0.766723696919453,0.687718668837119,1.11487986536112,0.264901905991044,0.547756352628207
BSU_31310,yugP,450.371736727092,-0.589215494489195,0.349278525311397,-1.68695024683778,0.0916129191534828,0.307326700219078
BSU_31319,yuzI,0.629316165421338,-0.0060376491539875,3.43487287957834,-0.001757750393001,0.998597518821884,
BSU_31321,mstX,6.53378693964216,0.905524987409546,0.999977717185842,0.905545165504181,0.365176643664209,
BSU_31322,kbfO,26.2281889052887,1.20430256400242,0.697187227497447,1.72737324567069,0.0841006523522667,0.290487704952618
BSU_31330,yugN,506.212124714661,-0.485599287723768,0.383374585574752,-1.26664444122127,0.205282454192121,0.476214051134491
BSU_31340,yugM,370.108437349563,0.0389621071339368,0.378986059599524,0.102806174916059,0.918116804361742,0.97347205392087
BSU_31350,pgi,9373.65837374078,-0.213739498504416,0.200713207527278,-1.06490001897542,0.286921176456239,0.569845441001645
BSU_31360,bdhK,478.315189424516,0.687436371976901,0.382856643267101,1.7955451056319,0.0725668930025877,0.267143071791884
BSU_31370,bdhJ,2553.43795876325,-0.101840517085327,0.240297568298542,-0.423810019412272,0.671704370430647,0.85861154235003
BSU_31380,yuzA,34.9264685071224,1.14952689175962,0.691568337267718,1.66220289422333,0.096472099923057,0.315655455163188
BSU_31390,yugI,6851.39541535932,0.355944082734071,0.179566590297097,1.98224002663944,0.0474523827836462,0.211417312580709
BSU_31400,yugH,7584.52997827327,0.191510737143338,0.197824422761016,0.968084397621092,0.333002221372456,0.609100435841584
BSU_31410,yugG,2194.41742663603,0.100807025897311,0.197000962276855,0.511708291838907,0.60885518205452,0.821106340331911
BSU_31420,yugF,15.9371732438336,0.287510779302978,0.687440493493611,0.418233697351507,0.67577626060903,0.86105931450726
BSU_31430,yugE,123.807266571301,0.141594230939234,0.272564458617344,0.519488973938526,0.603419799919274,0.816459048895759
BSU_31440,patB,1204.98944652715,-0.0819980920405485,0.212007609807744,-0.386769569804156,0.698926807111725,0.87366931002943
BSU_31450,kinB,307.387125781361,-0.313968805452142,0.256876699882817,-1.22225490126341,0.221611248099525,0.501230652925385
BSU_31460,kapB,497.692093574088,-0.206090904260767,0.205063616657474,-1.00500960443416,0.314892225138916,0.596889725904346
BSU_31470,kapD,59.0134252214604,0.510121815256099,0.420356166250078,1.21354664499585,0.224920891996856,0.504304278742536
BSU_31480,yuxJ,73.4897516228266,-1.13403145725472,0.485952893638288,-2.33362425062298,0.0196154056327371,0.125045156351986
BSU_31490,pbpD,3845.97961158836,0.172004293118464,0.195136383206827,0.88145680621822,0.378070622847712,0.645809981347054
BSU_31500,yuxK,1365.94710815124,0.399243741618749,0.187446862515057,2.12990356980064,0.0331795753715503,0.169160746977303
BSU_31510,yufK,751.359578532065,0.0808990517847075,0.197668495169486,0.409266290590933,0.682344250772318,0.864144014051697
BSU_31520,maeL,978.888476444013,0.35187596030926,0.198473940402991,1.7729076149483,0.0762440166418117,0.273219133244266
BSU_31530,maeM,858.007766184634,0.291062052924342,0.204244540775784,1.42506650027853,0.154137979114808,0.412901107867252
BSU_31540,nupN,450.129774906846,-0.299718557615388,0.417935610739578,-0.717140511393624,0.473287401127286,0.725395577921747
BSU_31550,nupO,190.495571919058,-0.244798519272282,0.435794308147393,-0.561729501041319,0.574300331279456,0.799119738559537
BSU_31560,nupP,138.504288101315,-0.264022040899408,0.479990186917913,-0.550057163865644,0.582280166200156,0.802368803407326
BSU_31570,nupQ,95.6284416831405,-0.134275128356331,0.524985457784048,-0.255769233919552,0.798129031651825,0.921622952252512
BSU_31580,maeN,238.733507878252,0.175964226483975,0.228549162389809,0.769918492126667,0.441348243817956,0.700724456693827
BSU_31590,yufS,2.65509056039386,1.44853568161405,1.88615060382797,0.767985164426543,0.442495998796449,
BSU_31600,mrpA,930.60880754077,-0.189205801494585,0.224008403732094,-0.844637068709567,0.398313505792698,0.66474394445002
BSU_31610,mrpB,152.685398363608,-0.908451803679591,0.438704266424919,-2.0707612695056,0.0383811113134256,0.184599272726741
BSU_31620,mrpC,171.130983281147,-0.325360614463609,0.265784482694959,-1.22415203161813,0.220894880784349,0.500177177589973
BSU_31630,mrpD,607.469205096631,-0.116092525324335,0.193299548075288,-0.600583532037632,0.548117409130952,0.7814588204467
BSU_31640,mrpE,267.107008465323,-0.157772197435901,0.235668593298789,-0.669466368969545,0.503198027049064,0.748767053793709
BSU_31650,mrpF,121.48464141558,-0.405195396460068,0.355868282164855,-1.13861059489523,0.254865607419821,0.538319314719537
BSU_31660,mrpG,193.31503121131,-0.0026209343972096,0.258690418448546,-0.0101315480214855,0.991916332552601,0.996187176434578
BSU_31670,yuxO,723.660075779,-0.360334329530978,0.1881464284387,-1.91518028017405,0.0554695164530814,0.227112112493027
BSU_31680,comA,1477.49433069837,-0.311202493416155,0.185388016788729,-1.6786548494707,0.0932193301861928,0.310627350670519
BSU_31690,comP,5496.00120369003,-0.358557905193275,0.17942132989726,-1.99841292781962,0.0456719112188228,0.206480486506841
BSU_31700,comX,165.102289644642,-0.98042745705935,0.302931948413685,-3.2364610672245,0.0012102173389311,0.0188567834163726
BSU_31710,comQ,2004.17259190004,-0.424860147324905,0.180960361492167,-2.34780779515239,0.0188842632813675,0.122290307701393
BSU_31720,degQ,30.5426652078503,-0.421718613448537,0.4896040914213,-0.861346179163466,0.389047409027495,0.656414732391276
BSU_31725,BSU_31725,2.15977665782517,2.9577973343703,2.40032012683548,1.23225119070671,0.217855266344599,
BSU_31730,cotIC,0.642565363074773,-1.26251247729217,3.45107055917532,-0.365832125319937,0.714490346536895,
BSU_31740,pdeH,1237.72090152501,-0.070795783966777,0.278547463164445,-0.254160577025185,0.799371505708415,0.921747848292315
BSU_31750,pncB,4579.14903221584,-0.215851829684471,0.211518927092398,-1.02048470390633,0.307498640003687,0.591868163401504
BSU_31760,pncA,1725.15128315947,-0.228688177877319,0.252904244108972,-0.90424808283874,0.365863869250471,0.635968883649955
BSU_31770,yueI,505.847199216242,-0.426232956050411,0.278493920027964,-1.5304928596201,0.12589477955532,0.366930220045995
BSU_31780,yueH,420.940156616686,-0.12073944214623,0.272908653197451,-0.442417053221375,0.65818744101002,0.850819912636553
BSU_31790,yueG,375.955581292774,-0.103696721899041,0.238473262644702,-0.434835841758651,0.663681586909987,0.853549257391968
BSU_31800,yueF,1144.24564657283,-0.0253579097682386,0.196692375875161,-0.12892167098705,0.897419628799034,0.965553273841496
BSU_31810,yuzE,27.8216057328493,0.435974392197264,0.713151633747623,0.61133477309196,0.540977974805209,0.777634788463879
BSU_31820,yuzF,103.068594060317,1.13688264372575,0.380724769895019,2.98610107253919,0.0028255923595722,0.0340778389710349
BSU_31830,yueE,351.845821954778,0.338118763438291,0.285093485905177,1.18599259595412,0.235625223492063,0.516821918780394
BSU_31840,bznD,1124.37596063864,-0.24762069208345,0.206735892930153,-1.19776342933885,0.231009128068297,0.510624827933911
BSU_31850,yueC,296.79448123584,-0.362348295613915,0.260589122056076,-1.39049662838935,0.164378122429855,0.42582573961063
BSU_31860,yueB,2788.17440141153,-0.304406813020054,0.188733051227892,-1.61289615697723,0.106767070266812,0.335601688586704
BSU_31875,yukAB,1496.18015903589,-0.594298139327162,0.254914155530468,-2.33136578112128,0.0197340802860099,0.125045156351986
BSU_31890,yukC,673.101113501236,-0.74759039559994,0.255432462142761,-2.92676345570405,0.0034250927477589,0.0390656292830109
BSU_31900,yukD,81.9372733052407,-1.5288880182566,0.475602710080935,-3.21463268785081,0.001306115347642,0.0197500472264666
BSU_31910,yukE,6636.57400938063,-0.702930878115221,0.19996697226878,-3.51523489174201,0.000439365188936,0.0085558333377201
BSU_31920,adeR,838.133092112744,-0.0689023089216749,0.190926119695915,-0.360884665919019,0.718185667049068,0.880961959878753
BSU_31930,ald,46917.6412182297,-0.340296380708333,0.205152588951357,-1.65874767872912,0.0971666474123005,0.316441452366926
BSU_31945,yukJ,2607.70226818426,-0.771345172044695,0.406656929253317,-1.89679584081107,0.0578548884842743,0.233761857114598
BSU_31959,mbtH,341.259705581118,-1.41695382336491,0.440268671825622,-3.21838439580394,0.0012891492516702,0.0195676190595725
BSU_31960,dhbF,8981.00612237317,-2.05649902690625,0.41535230546639,-4.95121611181875,7.37511466956237e-07,4.60022777513953e-05
BSU_31970,dhbB,1491.75170818277,-2.48352672109978,0.432295476558518,-5.74497503622061,9.19345486175354e-09,1.11212944873091e-06
BSU_31980,dhbE,1722.70126517027,-2.62581216011616,0.442960303346929,-5.92787240815033,3.0688479395252804e-09,4.53734850910553e-07
BSU_31990,dhbC,786.984272524131,-2.43488980826196,0.480637381306182,-5.06596012495927,4.06346976973815e-07,2.74938496962622e-05
BSU_32000,dhbA,673.330397356541,-2.84603397792631,0.457234523245513,-6.22445120225125,4.83244518192048e-10,9.64556058311328e-08
BSU_32010,besA,1019.7531557827,-1.6744568075177,0.34494644795212,-4.85425148587158,1.20842304290462e-06,6.89146398182175e-05
BSU_32020,yuiH,215.876906962341,0.13313234021108,0.237101888424141,0.561498438902882,0.574457794229395,0.799119738559537
BSU_32030,bioYB,716.345563377288,-0.284531864792941,0.284342830053805,-1.00066481275121,0.316988884361996,0.598590173307989
BSU_32040,hisP,110.061781466572,-0.227827711607733,0.3991340657358,-0.57080497799088,0.568131848172774,0.794869029234342
BSU_32050,pepA,1788.08274767698,-0.451841563043803,0.195257451446362,-2.31408102326853,0.0206632781470437,0.128086655843165
BSU_32060,yuiD,319.984024953881,-0.244092508908597,0.267244409883483,-0.913368062647296,0.361048996690175,0.631598420152137
BSU_32070,spsC,261.930201478533,-0.031759122269898,0.248450547513281,-0.127828747361486,0.898284499581209,0.965553273841496
BSU_32080,yuiB,696.962887593522,-0.186053879661646,0.208580753900858,-0.891999267344103,0.37239332509766,0.640497265743153
BSU_32090,yuiA,6.4193063634949,0.0708637018869309,1.21732533020088,0.0582126241267297,0.953579265176568,
BSU_32100,yumB,246.159789326494,-0.111910459025757,0.350715667571809,-0.319091701264938,0.749656976428126,0.897805322553999
BSU_32110,trxBB,4155.48084806698,-0.56663752961471,0.215492208977362,-2.62950355515747,0.0085509637799688,0.0712639820660448
BSU_32120,yuzG,75.0219220287974,-0.393980414994334,0.358691468568569,-1.09838245265936,0.272037521377796,0.555235559036344
BSU_32130,guaC,456.698624227471,-0.0194288085999857,0.30608711814334,-0.0634747673075455,0.949388451488098,0.981979368334564
BSU_32140,paiB,163.65318662119,-0.180635455655027,0.333566394439262,-0.541527739803293,0.588143882942869,0.805129225457094
BSU_32150,paiA,58.2408040054735,-1.31938597305631,0.407774701005672,-3.23557584568728,0.001213976287076,0.0188567834163726
BSU_32160,sufA,1582.53557658808,-0.141101204111384,0.185353819248984,-0.761253286730736,0.446505796097072,0.703414024474946
BSU_32170,dapF,1857.50352982653,0.138588123266642,0.261290242999296,0.530399151823728,0.595835213961523,0.810417095105417
BSU_32180,yutK,133.074893520678,0.743383883990952,0.296547868340737,2.50679220238668,0.0121832311631067,0.0895680640941473
BSU_32190,yuzB,91.489669265376,-0.902514704650777,0.375398139742642,-2.4041533750527,0.0162099707018783,0.110426967648291
BSU_32200,yutJ,6063.60096531027,-0.135655499383831,0.1836695012218,-0.738584786703443,0.460159164947728,0.715603968239709
BSU_32210,yuzD,388.099335719285,-0.40061355537751,0.244993543417986,-1.63520046197307,0.102007031356194,0.32511121010874
BSU_32220,yutI,4041.32130755888,-0.255815791189228,0.198236299719439,-1.29045886929528,0.196891383768776,0.466676726055232
BSU_32230,yuxL,910.57611782855,-0.689473387559346,0.29738166333029,-2.31847982770066,0.0204232580338195,0.127455955174549
BSU_32240,thrB,1336.89860976302,0.0104484486744345,0.321290132702882,0.0325202911976661,0.974057134550993,0.988791839595009
BSU_32250,thrC,1664.00769630566,0.120296316396008,0.300784843901382,0.39994141604904,0.689199666724583,0.867978143142706
BSU_32260,hom,1699.68768400077,0.048260281631929,0.279819094142472,0.172469579961391,0.86306837465806,0.950366731737264
BSU_32270,cotNH,98.8517584440884,-0.0823335579001639,0.364997236568764,-0.225573099331267,0.821533465233497,0.930636093420011
BSU_32280,yutG,5.19802295449258,1.23889446275213,1.61011679461245,0.7694438483578,0.441629866636852,
BSU_32290,nucF,2016.7859073435,-0.118585687938459,0.211227971395512,-0.56141091141956,0.57451744731109,0.799119738559537
BSU_32300,yutE,909.025046244287,-0.256196139090837,0.208486192029296,-1.22883984112884,0.219131860540074,0.497313466330855
BSU_32310,yutD,685.13126262958,-0.140950806197395,0.192539360007405,-0.732062297246515,0.464130544779984,0.718225911523021
BSU_32320,yutC,5.03467020366949,0.63446387760018,1.2851516210356,0.493687956514357,0.621526572032531,
BSU_32330,lipA,6266.06104058299,-0.0114900340829382,0.168757706811119,-0.068085981375644,0.945717189701399,0.981979368334564
BSU_32340,lytH,58.8674639232752,0.667297375189961,0.369479348665969,1.80604782811079,0.0709108690739926,0.264557186302223
BSU_32350,fisB,178.429505882682,0.0488516860299126,0.283594378298841,0.172259007117675,0.86323391014011,0.950366731737264
BSU_32360,yunC,307.116482080368,-0.302962415145306,0.23384646020914,-1.29556126218183,0.195126682392314,0.46421079625156
BSU_32370,yunD,1068.06222281705,-0.0554348641593115,0.235135554106751,-0.235757048183977,0.813621199287743,0.926824790199653
BSU_32380,yunE,387.912824305405,-0.239216223298664,0.219123932690296,-1.09169372948763,0.274967742263345,0.557626374114862
BSU_32390,yunF,542.087491852286,-0.420596212085473,0.19902847365897,-2.11324643330258,0.0345796809141012,0.17372177328032
BSU_32400,yunG,97.2240779602271,0.158060970257037,0.348929208429281,0.452988647664536,0.650556916106995,0.845358928987897
BSU_32410,pucH,135.210422738077,0.620294006052201,0.335632489778624,1.84813456665454,0.0645828783408197,0.249337379435737
BSU_32420,pucR,59.3055848529764,0.243819144534576,0.363683998311422,0.670414826240979,0.502593385885295,0.748767053793709
BSU_32430,pucJ,25.1218798749935,1.83114460143255,0.789985975840278,2.31794570718149,0.020452271932691,0.127455955174549
BSU_32440,pucK,23.3885578874191,2.22993512349862,0.723243255937461,3.08324357702887,0.0020475748590171,0.0279206159650138
BSU_32450,pucL,57.815707641526,1.22297784019209,0.540368009449008,2.2632313882517,0.0236214292733843,0.139366179318537
BSU_32460,pucM,38.9165403895711,0.621241406439676,0.442892342928581,1.40269168424042,0.160708798133062,0.419587653464477
BSU_32469,yuzJ,1.6480056162109,1.15872137515739,1.95874005824741,0.591564649060254,0.554142151930744,
BSU_ncRNA_2,auzJ,0.211905046525159,0.962875617648747,3.51160359857379,0.27419826601152,0.783932260597447,
BSU_32470,pucE,10.9227269790571,2.85401499114274,1.28612369091683,2.21908282329223,0.0264810903878227,0.14952264897905
BSU_32480,pucD,32.3886194576076,1.65215805772621,0.756111625455533,2.18507162448513,0.0288835953998275,0.156449542518469
BSU_32490,pucC,5.66914236108799,1.59211949449033,1.46106877814997,1.08969510422795,0.275847473437129,
BSU_32500,pucB,4.83077513715228,-0.703004899617716,1.37926249038604,-0.509696235863669,0.610264290496948,
BSU_32510,pucA,4.46894535161929,2.19506453970093,1.48663575108708,1.4765315162748,0.139801261044748,
BSU_32520,pucG,339.338245400651,0.275196888498827,0.247438936607938,1.11218101836119,0.266060327537244,0.548642769225654
BSU_32530,pucF,150.559506629544,0.554435138015343,0.275466535513807,2.01271322115842,0.0441448076843631,0.203433355841071
BSU_32539,BSU_32539,0.312620981157552,-0.668044630023762,3.48845395477321,-0.19150163329795,0.848132601033264,
BSU_32540,bsnA,84.379394302179,0.149491422782895,0.469505941246766,0.318401557147334,0.750180357258685,0.897805322553999
BSU_32550,frlP,157.890018444411,0.0406275271874379,0.260050315022346,0.156229486528201,0.875852135209128,0.956822025266579
BSU_32560,frlR,139.864948104239,0.118958912902467,0.336410474876869,0.353612392557061,0.723629385773549,0.881516175772965
BSU_32570,frlD,35.7080372265332,-0.482196994742688,0.668338572975152,-0.721486106354984,0.470610485814461,0.723529676971044
BSU_32580,frlM,3.64430990578498,0.615786288210858,1.8461878491159,0.333544762796345,0.738723106121537,
BSU_32590,frlN,8.00469234618657,0.0465109527742111,1.04813157589396,0.0443751088545746,0.964605402355704,
BSU_32600,frlO,31.7881195332954,0.397362937101362,0.905261066238694,0.438948444731399,0.660698893087476,0.851600029435922
BSU_32610,frlB,144.871168701437,0.461307818905954,0.425045111876262,1.08531496073351,0.277782181959465,0.560903626900447
BSU_32620,yurQ,732.400253366819,0.678030115202432,0.222803551490763,3.04317462924527,0.0023409644205626,0.0308826311836587
BSU_32630,dadA,552.926353037594,-0.0833328714513596,0.202917097009665,-0.410674470901732,0.681311248868373,0.863333562284574
BSU_32640,sspG,0.0,,,,,
BSU_32650,yurS,0.317002296100112,-0.133765635530672,3.4922510445806,-0.0383035565951807,0.969445655116064,
BSU_32660,glxB,410.638681923078,-0.10232666465917,0.27167470856515,-0.376651419631986,0.70643266982387,0.877389076546288
BSU_32669,yuzN,155.864581711139,-0.575450081958271,0.32415223635313,-1.77524637322378,0.0758572157913536,0.272077273530174
BSU_32670,sufB,17571.4594046275,0.0239912878070532,0.160585056637868,0.149399254883071,0.881238599650015,0.959021835500604
BSU_32680,sufU,3909.4832035725,-0.198040774034085,0.178359412140772,-1.11034664028708,0.266849682263871,0.548642769225654
BSU_32690,sufS,8169.44193727751,-0.0763817456093529,0.165359911522015,-0.461912109811355,0.644144349460575,0.841709744509834
BSU_32700,sufD,12190.7045503859,-0.0877133789375619,0.158272084087569,-0.554193618181156,0.579446345410604,0.80143334490631
BSU_32710,sufC,7191.95599639297,-0.0987743861361614,0.162435160320094,-0.608085010298985,0.543131093403039,0.777682684671783
BSU_misc_RNA_84,bsrI,5.42482365634557,0.332901354317852,1.21406683873771,0.274203481798396,0.78392825254459,
BSU_32719,yuzK,0.0,,,,,
BSU_32720,yurZ,13.141749516138,-0.0496863013994625,0.937153707749512,-0.0530183053095736,0.957717322697316,0.985616796135005
BSU_32730,metQ,4671.49105288511,0.353356550562978,0.1856437333069,1.90341222010883,0.0569867777236723,0.23142544931119
BSU_32740,metP,1024.56268168614,0.196828509395502,0.264157167869504,0.745118941813979,0.456199819165684,0.712221227262187
BSU_32750,metN,1292.50496860535,0.0918206361889469,0.243328202569943,0.377353036841481,0.705911262650454,0.877389076546288
BSU_misc_RNA_53,mswH,69.4976895238174,-0.721316515979092,0.450258147458508,-1.60200658233633,0.109154153931599,0.338865686807642
BSU_32760,yusD,196.617103392412,-0.0339230895390049,0.297246178490751,-0.114124560696616,0.909139052799593,0.968246695017593
BSU_32770,yusE,130.287351430888,-0.077115825390889,0.290102626041383,-0.265822569216897,0.790375860649681,0.919041105433589
BSU_32780,yusF,341.992258917738,-0.371203524666958,0.259953849209998,-1.42795933122379,0.153303564577252,0.412390720884359
BSU_32790,yusG,3393.02444047922,0.236649793472045,0.188447997760835,1.25578300795949,0.209194653908654,0.481606146714734
BSU_32800,gcvH,13818.3770106722,0.25695974872936,0.167031659351298,1.53838948692311,0.123953411215696,0.363305446088882
BSU_32810,yusI,1257.56816941123,0.244756328733862,0.263568174405923,0.928626262580973,0.353082806597602,0.624504458988758
BSU_32820,fadE,564.4764697905,-0.815542564573727,0.301006640233413,-2.70938396555412,0.0067408279111425,0.0610190136536985
BSU_32830,fadA,267.869556675114,-0.512261084519165,0.34268648308828,-1.49483889735797,0.134956492094914,0.382360763976507
BSU_32840,fadN,541.333747888437,-0.997023976547313,0.2612940212481,-3.81571676146633,0.0001357881934606,0.0032852513229988
BSU_32849,yuzL,1.49825376538396,0.606671804619964,2.03520888982956,0.298088224580608,0.765635828693695,
BSU_32850,putM,3.25059344934254,1.66763148226739,2.12036911630002,0.786481688234244,0.431585342906554,
BSU_32859,yuzM,3.22897915858878,0.288327222124998,2.27645247296928,0.126656376774219,0.899212373979641,
BSU_32860,yusN,2.43590602310679,0.226778895143675,1.90699968246162,0.11891920970377,0.905339362613126,
BSU_32870,mdtR,267.618862453475,0.250265148543683,0.248935935472581,1.00533957891045,0.314733363127227,0.596872012163367
BSU_32880,mdtP,866.831805879759,0.477824398467279,0.218339167383135,2.18845021804452,0.0286368237096464,0.155746866824126
BSU_32890,yusQ,16.6892338637505,-0.594178756208798,0.625893863383087,-0.949328298247145,0.342453665337401,0.619007627280277
BSU_32900,yusR,20.3327827824568,-0.0127597802683128,0.690337351819622,-0.0184833983481844,0.985253221503367,0.993993336638736
BSU_32910,yusS,21.9684045184035,-0.280110466190325,0.558099301984914,-0.501900764244096,0.61573732767572,0.823734387426767
BSU_32920,yusT,111.008818725775,-0.581594025054211,0.454443887614724,-1.27979282130269,0.200618009253599,0.47123036455845
BSU_32930,yusU,154.175622061532,-1.2517149733754,0.435578072170173,-2.87368683905276,0.0040571102579475,0.0442513228134605
BSU_32940,feuV,2111.99255116969,-1.19904199268353,0.289854713859724,-4.13669999261702,3.52336277774869e-05,0.0010342106035862
BSU_32950,cotNW,32.1126883750441,-0.226602623719475,0.94444017975214,-0.239933273252886,0.810381985810285,0.925238252462078
BSU_32980,yusZ,243.695197848058,-0.101352352468927,0.341023050155388,-0.297200885461394,0.766313145898322,0.905333553840219
BSU_32990,mrgA,435.136258225748,0.146321180672579,0.246620387235028,0.593305291233426,0.552976858323472,0.784448017826406
BSU_33000,htrB,1237.54938023027,-0.0127985488461365,0.243308874639747,-0.0526020633858365,0.958048972904621,0.985667722974415
BSU_33010,cssR,217.386991391409,-0.399992115499649,0.263533106749315,-1.51780594261404,0.129063326568273,0.373206363759988
BSU_33020,cssS,694.654088206908,-0.0602814171684558,0.235938418430407,-0.255496402703219,0.798339721665628,0.921622952252512
BSU_33029,spxO,212.350667176854,0.297100200215626,0.257554864781081,1.15354140356913,0.248688233583189,0.533231932863436
BSU_33030,yuxN,229.408397332284,-0.498990939118312,0.337465934361116,-1.47864091841742,0.139236310501368,0.388150385140684
BSU_33040,fumC,18732.7655133418,-0.786240691053585,0.214510361857933,-3.66528070832448,0.000247067438128,0.0052782269197317
BSU_33049,yvzF,367.644334214529,-0.0289198519874998,0.291084809327626,-0.0993519794258637,0.92085880891499,0.974163645840293
BSU_33050,gerAA,7.2691928467369,-0.569565041259014,0.966363527416043,-0.589390043291444,0.555599654151966,
BSU_33060,gerAB,4.27260450332653,2.06999319842062,1.92019184869294,1.07801374109032,0.281027623956547,
BSU_33070,gerAC,15.5765181126553,1.17258935783849,0.847595388986739,1.3834305531561,0.166532887634748,0.429734510302464
BSU_33080,liaR,224.122808673301,0.038271861252192,0.25657878414021,0.149162220798731,0.881425629872675,0.959021835500604
BSU_33090,liaS,512.482898746482,-0.138471332046634,0.214016813440134,-0.647011465224756,0.51762452317967,0.75940915948564
BSU_33100,liaF,335.060365912627,0.0494325429805326,0.221924540251854,0.222744825445772,0.823734111999511,0.93127912067461
BSU_33110,liaG,574.353409513528,-0.155133899117252,0.209503556190595,-0.740483369056131,0.459006748806619,0.714647012962567
BSU_33120,liaH,255.032203337374,-0.243042758342542,0.290418180217956,-0.836871707412191,0.402664685149257,0.667817791074298
BSU_33130,liaI,82.0194874989261,-0.906971712656893,0.385630227465754,-2.35192069516241,0.0186767563991608,0.121231888691789
BSU_33140,yvqJ,49.5774839243298,-1.37851149669409,0.484690220617661,-2.84410833570645,0.0044535902367338,0.047072191141623
BSU_33150,yvqK,433.537544179644,-0.0972668290614526,0.261324135413759,-0.372207599223272,0.709738288566905,0.877446654679184
BSU_33160,yvrA,928.5537124348,0.286967929011,0.193469813730131,1.48326978497684,0.138002746711327,0.386330269895944
BSU_33170,yvrB,675.997365237135,-0.0460377892535903,0.20518868075976,-0.224368074706287,0.822470910139124,0.930709469160451
BSU_33180,yvrC,2279.31867493547,0.0584943498499047,0.185708509975556,0.314979372014799,0.752777316032034,0.899188224296792
BSU_misc_RNA_85,srbL,47.373149199244,0.683395253698638,0.602023875564945,1.13516304159421,0.256307011601758,0.539800086612928
BSU_33190,yvrD,387.112114276066,-0.421073209825215,0.244754078881187,-1.72039302368325,0.085361024255794,0.293759662783732
BSU_33200,yvrE,941.734470358181,0.162612617935617,0.206315211456207,0.788175611424238,0.430593992627291,0.691205895310579
BSU_33210,yvrG,1866.60350175402,-0.0681350551040999,0.176939227556292,-0.385076028900506,0.700181087344586,0.87429555854851
BSU_33221,yvrH,778.963354810821,0.0313499569114535,0.240614204436816,0.130291380697293,0.896335899148775,0.965508070534784
BSU_33222,rsoA,6.78634650258699,-0.74439700384179,1.27604464252498,-0.583362822141405,0.559649079820347,
BSU_33230,sigO,11.678915792577,-1.0831173942477,1.15324778399154,-0.939188792974644,0.347633821949927,0.621971132112386
BSU_33239,yvrJ,1.82953561870768,-0.0453242609214833,3.39606662833165,-0.0133461047387487,0.989351665193957,
BSU_33240,oxdC,92.8778017669634,-0.770037947351217,0.379633969253467,-2.02836945509766,0.0425225551239857,0.197912495253796
BSU_33250,rsiO,15.4436768054229,0.0291532166813156,1.33644115278485,0.0218140668749738,0.982596273113847,0.992227147240711
BSU_33260,yvrN,1338.19979943184,-0.350379396609873,0.186977775606264,-1.8739093214356,0.0609429244636793,0.241703298646762
BSU_33270,yvrO,619.721339766394,-0.526885691810022,0.20348804528833,-2.58927098672286,0.0096179373711646,0.0762811487271578
BSU_33280,yvrP,862.081182488964,-0.507457271284013,0.200221016735601,-2.53448553782008,0.0112612575371737,0.0854656655672953
BSU_33290,fhuC,1516.9717732556,-0.957295083574816,0.319581615675757,-2.99546355803544,0.0027402804287181,0.0339623387044549
BSU_33300,fhuG,850.108450969625,-1.33278170202374,0.318792943308168,-4.18071268514679,2.90596859089777e-05,0.0008992733809972
BSU_33310,fhuB,970.115491339055,-1.44691018300839,0.347319725789614,-4.16593149070043,3.10083819874193e-05,0.0009449271823952
BSU_33320,fhuD,3068.96343765416,-1.66718435348445,0.342626063818325,-4.86590055322955,1.13936801001264e-06,6.59182187821807e-05
BSU_33330,lysP,749.511038499908,0.830438871177152,0.277507166162419,2.99249523052358,0.0027670699070338,0.0339623387044549
BSU_misc_RNA_54,kswB,240.491408501971,0.167540900451476,0.249161639768925,0.672418517581018,0.501317297396317,0.747854503440246
BSU_33340,sspJ,8.79574528785539,0.819213821314368,1.15770183401565,0.707620733805707,0.479180813604051,
BSU_33350,yvsG,116.640372395944,1.29483627426268,0.288126253510435,4.49398920954554,6.9901171830979e-06,0.0003033103021187
BSU_33360,ltaSP,690.735057824768,0.702098820643998,0.211362359430057,3.32177792932111,0.0008944585176882,0.0148778266775485
BSU_33370,yvgK,1118.35216923148,-0.608949759197402,0.225533453023223,-2.70004183873644,0.0069330756578417,0.0616410646461119
BSU_33380,modA,241.131155121701,-0.0953473143168796,0.352663786797073,-0.270363212460324,0.786880838767817,0.916439160287128
BSU_33390,modB,179.197792807244,-0.25018387540081,0.345842418372954,-0.72340425034564,0.469431560700244,0.722425131193282
BSU_33400,pgoN,2199.82213357331,-1.10353261967753,0.284004410058114,-3.88561790097457,0.0001020699409181,0.0026119436163155
BSU_33410,yvgO,5.71731020738581,0.500935253478152,1.20865406485429,0.414457095743554,0.678539381977211,
BSU_33420,nhaK,459.154926473554,-0.319470426712756,0.266409011277579,-1.19917275012853,0.230460780705268,0.510543527511338
BSU_33430,cysI,19574.0053987992,0.204317864842585,0.803243222075766,0.254366123768315,0.799212719739399,0.921747848292315
BSU_33440,cysJ,10684.4147317979,0.0296540628165599,0.519558085940522,0.0570755486614728,0.954485014005746,0.984199139891059
BSU_33450,helD,1601.97911829286,1.30680672858354,0.192395522446164,6.79229283492917,1.10365236010652e-11,3.6714835179543503e-09
BSU_33460,yvgT,1158.43593846221,1.23346550971749,0.242248211670598,5.09174247855634,3.54787767523473e-07,2.44191856543742e-05
BSU_33470,bdbC,1382.20089425995,-0.333148697223664,0.174391657879114,-1.91034766958061,0.056088463868886,0.228474640576115
BSU_33480,bdbD,2750.58625712355,-0.219073139389157,0.208954025269199,-1.04842746679286,0.294441704271844,0.578007679774426
BSU_33490,cadA,490.680492474789,-0.987116152498041,0.217498365903455,-4.53849916709816,5.66560196026842e-06,0.0002485393739054
BSU_33500,copA,538.622340787691,-0.183123429832903,0.208303294161761,-0.879119221660971,0.379336636690728,0.64714181780743
BSU_33510,copZ,153.895153578505,-0.557617186563542,0.307578354636603,-1.81292726928836,0.0698430397038028,0.262289195199982
BSU_33520,csoR,277.751885915407,-0.627461081443402,0.219555011172803,-2.85787638410836,0.0042648650191838,0.0458904074301404
BSU_33530,iolW,2079.40749385462,0.0408801060230862,0.23459315672956,0.174259584520673,0.861661460106125,0.949918566483776
BSU_33540,azoRB,391.929834035482,-0.604999072496396,0.201398133725367,-3.00399542590297,0.0026645933097698,0.0334498631842804
BSU_33550,yvaC,29.459970389996,0.827157472787573,0.508682682685353,1.62607751539915,0.103933166513111,0.329548213439507
BSU_33560,yvaD,121.833814645874,-0.108933626100535,0.293690734295643,-0.370912709799274,0.710702548305351,0.87755095186033
BSU_33570,yvaE,50.4683375968894,-1.1794934513783,0.537985310564314,-2.19242687154614,0.0283486980922725,0.155149343416658
BSU_33580,yvaF,105.486612849793,-0.824994264246635,0.347900582085199,-2.37135062925706,0.017723208845571,0.116750907114718
BSU_33590,yvaG,269.39346469173,0.164996387978475,0.265030141973826,0.622557067470348,0.533575631357933,0.773217451806482
BSU_misc_RNA_55,ssrA,79062.0846910885,-0.398844517645009,0.205921362819394,-1.93687780706279,0.0527602818958346,0.222877296643568
BSU_33600,smpB,510.93755811947,-0.367981279710727,0.192462963936292,-1.91195891502811,0.0558814639896755,0.227863947136655
BSU_33610,rnr,2829.86669630943,-0.376262261363202,0.185260138454843,-2.03099417123083,0.0422555858852819,0.197659931348957
BSU_33620,estA,779.445484270468,-0.616008047943711,0.202957267760141,-3.03516131618269,0.0024040706363497,0.0311592531828191
BSU_33630,secG,2794.75714432047,-0.638867770580859,0.181045655858763,-3.52876608693253,0.0004175019863003,0.008250831333223
BSU_33640,yvaM,100.675255858305,-0.597377802462948,0.394817059060452,-1.51304962324711,0.130267054455095,0.374675533440328
BSU_33650,yvzC,0.850547054972236,0.117341924849492,3.43690342766625,0.0341417579280573,0.972764109869589,
BSU_33660,rghRA,198.130982122206,0.0029480063100161,0.240955880711376,0.0122346310922678,0.990238420273928,0.995976763349337
BSU_33670,rghRB,110.000732697191,-0.390207494453471,0.296448159570217,-1.31627565176719,0.188081539989178,0.456075574373279
BSU_33680,catR,268.865087568803,-0.554895795016562,0.27205169446605,-2.03967042405541,0.0413831625909041,0.19435480595634
BSU_33690,yvaQ,1233.39279555279,0.775348094560533,0.178371701660191,4.34681111041715,1.38131075936439e-05,0.0004837011009984
BSU_33700,opuBD,17.5803775632782,-1.02182199289411,0.642794192183521,-1.58965654220219,0.111912244457432,0.341001430704158
BSU_33710,opuBC,17.3574546132649,-0.313301759952144,0.681081296713993,-0.460006406670875,0.645511621923522,0.841978927246465
BSU_33720,opuBB,3.03607720354579,-0.700226438422489,1.52231630074229,-0.459974341784987,0.645534637577887,
BSU_33730,opuBA,15.4390797941444,-0.0864349077358372,0.820171081431149,-0.105386436674911,0.916069178095739,0.972333996000582
BSU_33740,yvaV,623.038102424075,0.298451453591425,0.222532754732147,1.34115741276226,0.179869350068714,0.445157126766464
BSU_33750,sdpA,144.370203446589,-1.48776771635305,0.317322153612861,-4.68850882112743,2.75203054735477e-06,0.0001348109510152
BSU_33760,sdpB,193.147003785655,-1.32847641324402,0.24917221033472,-5.33155929170207,9.73730175878896e-08,7.7742617242171e-06
BSU_33770,spbC,1561.45987206168,-0.297297084828537,0.297574581646994,-0.99906747136492,0.317762007541892,0.599199779927839
BSU_33780,sdpI,176.959135958442,-0.0637119650401348,0.269648842087894,-0.236277539880432,0.813217314164117,0.926738086823624
BSU_33790,sdpR,77.2540623036071,-0.424007927128191,0.404804023020815,-1.04744000310093,0.294896689896077,0.578490214282623
BSU_33800,opuCD,28.319615415024,-0.665732610211032,0.812981451337449,-0.818877981921758,0.412856033270155,0.675375745357716
BSU_33810,opuCC,31.3899498162605,-0.953202737129012,0.477399219037257,-1.99665751245107,0.0458624005785529,0.207107130214461
BSU_33820,opuCB,18.2014614996339,-1.99124026076884,0.734635302264697,-2.71051534636349,0.006717873972557,0.0609494384055633
BSU_33830,opuCA,30.008371456151,-2.29245473385712,0.732959627930887,-3.12766849154929,0.0017619879438759,0.0249427513189815
BSU_33840,opcR,116.869229725585,0.188665321662401,0.288044124497713,0.654987571752741,0.512475755903937,0.754859754022073
BSU_33850,yvbG,28.2233862219481,0.436955344669824,0.757218239732148,0.577053380045875,0.563903396188018,0.790692784539012
BSU_33860,yvbH,577.127628415387,0.147154390097171,0.196241904325301,0.749862220319877,0.453337690279195,0.709719580791801
BSU_33870,yvbI,570.338428751889,-0.0940359126587745,0.250095945347735,-0.375999349081915,0.706917379931688,0.877389076546288
BSU_33880,yvbJ,4450.3733230883,-0.0079873814447242,0.16389340371406,-0.0487352221853884,0.961130305969827,0.986585801345217
BSU_33890,yvbK,443.855338703885,-0.356631996190561,0.238065748443765,-1.49803992603667,0.134122877466558,0.381080802025978
BSU_33900,eno,10932.4498643746,-0.193915964402845,0.232054074063981,-0.835649902657516,0.403351886209406,0.667861974690168
BSU_33910,pgm,8156.88878056812,-0.26619047973676,0.238143371709299,-1.11777404437566,0.263663509634694,0.547060670718138
BSU_33920,tpiA,3209.9092024436,-0.383366675520765,0.243939879912635,-1.57156212283971,0.116052136555285,0.349118409290655
BSU_33930,pgk,7435.50793521936,-0.521748884293883,0.243490067683765,-2.1427932944333,0.032129700001873,0.167443554056758
BSU_33940,gapA,5167.57840780705,-0.565212465771996,0.268272457661629,-2.10685983458241,0.035129731101906,0.175328495099092
BSU_33950,cggR,341.884410647762,-0.337657704824193,0.238087225503419,-1.41821008712349,0.156129437783565,0.414969408263295
BSU_33960,araE,259.824387139376,-1.03197763867275,0.34889193745003,-2.9578718448332,0.0030977088113103,0.036370745808091
BSU_33970,araR,771.886678435942,-0.400348116450156,0.218044995701391,-1.83608027857895,0.0663457845683809,0.253232626913067
BSU_33980,yvbT,176.198486332902,0.165138065669534,0.310774338622047,0.531376130995068,0.595158158557096,0.810048199440821
BSU_33990,yvbU,67.9919031068205,-0.116252097133095,0.342373340948976,-0.339547748696998,0.734197132946439,0.888425266663287
BSU_34000,cyeB,51.2149830776248,0.916631090202803,0.46681432933847,1.96358816041867,0.0495778715191685,0.215828640244843
BSU_34010,yvbW,390.506616956636,0.629548004218622,0.324084346374962,1.94254369660373,0.0520713154106305,0.221148094943401
BSU_misc_RNA_56,tboX,659.423739444216,0.651508231379438,0.232016306575253,2.80802776751438,0.0049845928637264,0.0499846299669907
BSU_34020,yvbX,1646.03864021615,0.198917780321125,0.214751179193946,0.9262709572434,0.354305185068482,0.626111686052847
BSU_34030,lutC,16012.9619985242,-0.345981223725303,0.193425853943685,-1.78870206164908,0.0736628107662173,0.269041116723458
BSU_34040,lutB,25801.8136067099,-0.497569673836704,0.175391835307462,-2.83690328551761,0.0045553408428049,0.0471799976457594
BSU_34050,lutA,11435.7791296575,-0.467301397174612,0.202859591401325,-2.30357063201479,0.0212467579977716,0.130890521492445
BSU_34060,yvfU,422.584186055813,0.0559057047504785,0.237914023844586,0.234982805330543,0.814222078965477,0.926824790199653
BSU_34070,yvfT,618.865901518138,-0.1086852620123,0.210083749853938,-0.517342545950668,0.604917058939073,0.817895231538546
BSU_34080,yvfS,7.95905887378963,1.12930109346253,1.19030442012546,0.948749810862244,0.342747873579264,
BSU_34090,yvfR,14.5220627337684,0.256320367423799,0.791821474113099,0.323709795457237,0.74615775415017,0.896107627727881
BSU_34100,rsbQ,616.208300066312,-0.0625122696517914,0.224499079217583,-0.278452231829445,0.780665228978707,0.913369165909437
BSU_34110,rsbP,1195.56049309561,-0.0987184191864018,0.225139950928903,-0.438475795962023,0.661041412053276,0.851600029435922
BSU_34120,ganB,293.464417813133,-0.54592067587593,0.252772523884051,-2.15973107949956,0.0307934937493191,0.162553504092275
BSU_34130,ganA,1094.27916235244,-0.509143055635328,0.337121493512024,-1.51026578083539,0.130975619579151,0.376425250799115
BSU_34140,ganQ,386.416580099962,-0.600355739612635,0.311224186203057,-1.92901376636884,0.0537291532362966,0.223890166721603
BSU_34150,ganP,454.98389817692,-0.738240342071429,0.283865046105446,-2.60067363770176,0.0093040920649534,0.0754917388684842
BSU_34160,ganS,647.179734026711,-0.654512694890748,0.365481687865983,-1.79082213041204,0.0733218427488122,0.268286706006653
BSU_34170,ganR,158.28267442588,-0.181487209036725,0.253165958084555,-0.716870508222555,0.47345400082228,0.725395577921747
BSU_34180,lutR,1437.64113149941,-0.220568063573195,0.178553751336969,-1.23530344180188,0.216717593286356,0.493935879609113
BSU_34190,lutP,18966.4013901431,-0.225229452944783,0.204796602777902,-1.09977143121383,0.271431722827828,0.554815892231792
BSU_34200,sigL,1756.50595423831,-0.469989065221187,0.227444333728215,-2.0663916199504,0.0387915165665427,0.185678338289734
BSU_34210,yvfG,602.040597850276,0.507830587906989,0.237541570525891,2.13785985662513,0.0325281191958217,0.167984801849573
BSU_34220,epsO,159.760041861263,-1.5519916993233,0.314703664877391,-4.93159715800564,8.15599833950728e-07,4.93314323807774e-05
BSU_34230,epsN,173.831636750634,-1.73643222199395,0.26848271694527,-6.46757542440962,9.9587837085455e-11,2.65036430430091e-08
BSU_34240,epsM,134.629774938605,-1.46244762641801,0.335911070077866,-4.35367499522717,1.33874136428711e-05,0.0004729429669233
BSU_34250,epsL,113.634698606073,-2.02124666371766,0.361307780165732,-5.59425170083666,2.21575316533019e-08,2.32770700947319e-06
BSU_34265,epsK,257.109298901607,-1.36667516732859,0.28769328787771,-4.7504589954477,2.02955447284712e-06,0.000108026419408
BSU_34280,epsJ,278.71605000698,-1.45693037464307,0.281744984539293,-5.17109604284679,2.32724908758726e-07,1.6891597013906e-05
BSU_34290,epsI,255.176510402692,-1.70053526323907,0.29439330734701,-5.77640598749956,7.63131097763214e-09,9.52006044459609e-07
BSU_34300,epsH,204.806980257076,-1.44173409195215,0.322424279519961,-4.47154319178031,7.76571711283175e-06,0.0003195952857157
BSU_34310,epsG,146.699882818685,-1.09557608886559,0.323552962719394,-3.38607960705261,0.0007089881332406,0.0125790250128745
BSU_34320,epsF,194.769892651925,-1.31456152073188,0.299575786647296,-4.3880766714954,1.14357464234485e-05,0.0004266495301159
BSU_34330,epsE,144.248901122427,-1.49373554768915,0.311372899070722,-4.79725612648736,1.60853866943304e-06,8.67741401131984e-05
BSU_34340,epsD,269.014232831963,-1.48883994370703,0.272026876188988,-5.47313546574964,4.42141861764629e-08,4.01143252764636e-06
BSU_34350,epsC,320.391205905095,-1.43284541670771,0.30798485930893,-4.65232420815359,3.28214507922767e-06,0.0001559800375747
BSU_34360,epsB,230.803235534347,-2.06813950312819,0.306332507671545,-6.75128969774792,1.46536673653539e-11,4.4998030863456e-09
BSU_34370,epsA,267.678128564888,-1.93596844640322,0.239180441689922,-8.09417539630205,5.76535663845201e-16,7.67176790023347e-13
BSU_34380,slrR,34.0294964784983,-1.76866797759985,0.538417605170205,-3.28493712058456,0.0010200513356395,0.0165857972712114
BSU_34390,pnbA,281.422095789098,-0.907843071389528,0.355553832256962,-2.55332101366136,0.01067011038769,0.0817563928361967
BSU_34399,BSU_34399,28.3693155805242,-1.51453590101299,0.525091743549209,-2.88432625273426,0.0039225214403605,0.0433759157615488
BSU_34400,padC,48.7859572914205,-0.704360108816706,0.40989571100387,-1.71838858008947,0.085725761932755,0.294760759376019
BSU_34430,racX,591.712601897492,0.127443848424174,0.264919417640959,0.481066467528239,0.630469259444926,0.836157237111012
BSU_34440,pbpE,829.462650999424,-0.281008400997155,0.257453253151313,-1.09149291204333,0.275056049045852,0.557626374114862
BSU_34450,sacB,15.5666137865305,-0.120831902573477,0.800005385126817,-0.151038861512567,0.879945060475122,0.95897916500592
BSU_34460,levB,12.1836128001291,1.60414270128883,0.940688674696108,1.70528544080437,0.0881412015900915,0.299200405397658
BSU_34470,aspP,6.337767384951,1.40934932344465,1.14517165704683,1.23068826823664,0.218439477554675,
BSU_34480,yvdT,1481.95607187562,-0.220843979534455,0.192814397460874,-1.14537079410405,0.252055591323061,0.536380816421769
BSU_34490,psmA,65.1818287393914,-0.413208624192554,0.451175285773187,-0.915849420884016,0.35974587834847,0.630700723042201
BSU_34500,psmB,56.6877200739539,0.29552648513085,0.42254003434962,0.699404698032291,0.484299152657411,0.734373881650606
BSU_34510,yvdQ,11.9570657956019,0.686319608949259,1.19536901675848,0.574148735099703,0.565867156741564,0.792611119197307
BSU_34520,cotNP,71.6862918485873,0.129704291149701,0.329050009727066,0.394178049887572,0.693449590182234,0.871066949026897
BSU_34530,cotR,18.4665400937563,0.49930423118779,0.759509794580834,0.657403281366965,0.510921642274258,0.753732149282645
BSU_tRNA_81,trnQ-Arg,5.59375707549559,1.4642464540437,1.00787103529449,1.45281132482973,0.146276146747182,
BSU_34540,clpP,4404.14775442088,-0.602940334351272,0.229012449497378,-2.63278409394148,0.0084688163678697,0.0707270187040504
BSU_34550,mdxM,417.803774472395,0.859156533805352,0.267398736998018,3.21301642427624,0.0013134877812258,0.019786578198693
BSU_34560,mdxL,1021.1875779886,1.34054182027639,0.242716826314782,5.52306916924592,3.33128511661275e-08,3.23846541050349e-06
BSU_34570,mdxK,1258.53416404696,1.21934649628318,0.225883450667374,5.39812231786177,6.73419517523879e-08,5.84411024772897e-06
BSU_34580,mdxJ,394.622346080921,1.24982383160255,0.249066304630833,5.0180365965402,5.22022344446275e-07,3.36115032101537e-05
BSU_34590,mdxG,207.331260846615,1.31045158446926,0.30455960620908,4.30277540997879,1.68671805935495e-05,0.0005706252960122
BSU_34600,mdxF,444.64599991481,1.33196591806124,0.256561964568869,5.19159541165621,2.08499693821292e-07,1.57043542968792e-05
BSU_34610,mdxE,429.559393506531,1.40329117554996,0.242519372859315,5.78630547739376,7.195131826636651e-09,9.26547298449468e-07
BSU_34620,mdxD,411.779955412336,1.51386022998606,0.346316871655521,4.37131527190477,1.23500313201775e-05,0.0004481938639104
BSU_34630,mdxR,55.6684893310312,-0.159444097109463,0.485890015162691,-0.328148535952269,0.742799357518885,0.893995809334389
BSU_34640,yvdD,750.803946001491,-0.348610192723148,0.220226130989533,-1.58296470612616,0.113429508992928,0.344604718340767
BSU_34650,yvdC,248.886031512403,0.168158369157058,0.307852245701695,0.546230769808975,0.584907317692699,0.803847770575733
BSU_34660,yvdB,190.508098400291,0.678292156081405,0.325816032415733,2.08182559664812,0.0373584028259109,0.181989477463848
BSU_34670,yvdA,122.335127322266,0.467191147893097,0.312523609577659,1.4948987326892,0.134940873087913,0.382360763976507
BSU_34680,yvcT,3891.52776088669,-0.397340567319349,0.249896011657325,-1.59002364497202,0.111829475363504,0.341001430704158
BSU_34690,psdB,991.140350644635,-0.152337885953129,0.178927696834116,-0.851393544144045,0.394550776755849,0.661506384212242
BSU_34700,psdA,460.647348221531,-0.186988000264104,0.197908147135437,-0.944822145882352,0.344749683702683,0.619405339428884
BSU_34710,psdS,655.153520808253,-0.189370813228395,0.190381678905335,-0.994690320608828,0.319886903576211,0.601678315785785
BSU_34720,psdR,376.69196759597,-0.4204393292383,0.218845124734903,-1.9211729287897,0.0547099098438107,0.225389019707423
BSU_34729,yvzJ,19.6445931919315,-0.883670615050004,0.624470571912166,-1.41507166998142,0.157047483535514,0.416100330686436
BSU_34730,yvcN,1583.87899839757,-0.494547720044628,0.17949735173097,-2.75518115044869,0.0058659647832692,0.0561557108268847
BSU_34740,crh,813.63462366538,-0.550898322021559,0.22850959045168,-2.41083238971561,0.015916160989053,0.109584256857011
BSU_34750,whiA,2351.08429939373,-0.340611589582271,0.177772478644004,-1.91599730273412,0.0553654390148531,0.226918719247735
BSU_34760,mgfK,1980.65749823068,-0.357877118868674,0.191984427864235,-1.86409451459132,0.0623084327324418,0.244097412627976
BSU_34770,yvcJ,1040.2355169229,-0.389262116240529,0.249522340697737,-1.56002911463574,0.118753001132618,0.355102607132144
BSU_34780,yvcI,774.071559529804,-0.533608572945736,0.195317443182632,-2.73200674886361,0.0062949851488409,0.0580917474102453
BSU_34790,trxB,2043.19179449829,-0.421075203772457,0.333707894690249,-1.26180773806176,0.207017977091434,0.478526788968736
BSU_34800,cwlO,29426.7203969559,0.126281717538332,0.164547005145809,0.767450719789342,0.442813582484999,0.701194693090089
BSU_34810,yvcD,2202.641640578,0.0871664573603258,0.188443502858143,0.462560162798202,0.643679669006615,0.841709744509834
BSU_34820,bmrA,1320.19923723336,-0.136339134256862,0.189005023922981,-0.721351906034093,0.470693028831112,0.723529676971044
BSU_34830,yvzA,62.7588809176958,0.452365708557335,0.374462767384616,1.20803921766861,0.227032177656738,0.505836855272161
BSU_34840,yvcB,395.92634791811,-0.436268491811906,0.203809638900056,-2.14056849404382,0.0323088517745625,0.16772033326925
BSU_34850,yvcA,88.8396520196069,-0.667335383199838,0.344361682188198,-1.93789093768897,0.0526365298284166,0.222590071054067
BSU_34860,hisIE,32.7190087316873,0.671900781825433,0.517126379495948,1.29929705477479,0.193842004734283,0.461980467402542
BSU_34870,hisF,34.8466684400569,0.134727516199836,0.518847898394951,0.259666689634118,0.795120889262269,0.921218742594683
BSU_34880,hisA,29.8079728865525,1.85369221208417,0.755922167138365,2.45222629083831,0.0141975345523124,0.10102773250059
BSU_34890,hisH,17.7971012132073,1.47214980110182,0.628109647713108,2.3437783617268,0.0190895115198445,0.122829858282582
BSU_34900,hisB,23.0816400762179,0.419823203609907,0.530494963018709,0.79138018808126,0.428722167583361,0.690104392335797
BSU_34910,hisD,43.2941123578304,1.37031657577318,0.501634430963365,2.73170358968693,0.0063007798872924,0.0580917474102453
BSU_34920,hisG,13.5470970421062,0.934115044581629,0.679195600780001,1.37532552258712,0.169030547299277,0.431991001804554
BSU_34930,hisZ,16.420316977845,1.2709522321185,0.959671764035655,1.32436139078828,0.185383050768494,0.452545920334048
BSU_34940,yvpB,147.793782947927,0.521386274219376,0.276031686907752,1.88886384769883,0.0589100747967662,0.235977379284925
BSU_34950,pelC,215.724347665705,0.455905589306448,0.367324776472253,1.24115120598429,0.214549896204502,0.489978939158107
BSU_34960,hprF,1630.7902347658,-0.383599490578189,0.205596842917359,-1.86578492711768,0.0620714619772405,0.244097412627976
BSU_34970,ppaX,1465.63267584133,-0.475990571102744,0.180647184050662,-2.63491830002318,0.0084157536957367,0.070431213319457
BSU_34980,yvoD,1629.44360893921,-0.518736947645843,0.173437626928756,-2.99091354529965,0.0027814422834347,0.0339623387044549
BSU_34990,lgt,2005.56067782575,-0.530660407777554,0.177316028947356,-2.99273794325219,0.0027648704507061,0.0339623387044549
BSU_35000,hprK,1718.76954498092,-0.423531604682322,0.204805707397501,-2.06796778304768,0.0386430526740895,0.185599265307258
BSU_35010,nagA,457.951287321676,-0.722021713394703,0.263546504298424,-2.73963684442245,0.0061507103834507,0.0576376428421017
BSU_35020,nagBA,256.660854060369,-0.550254605652058,0.261675522152797,-2.10281267856133,0.0354821472976451,0.176249018387435
BSU_35030,nagR,213.408575607175,-0.285297844389638,0.318987114058447,-0.894386737946298,0.371115005745033,0.639400562336716
BSU_35040,yvnB,130.838623994677,0.241196911000816,0.275610450087072,0.875137030996525,0.381499350239948,0.648607965179956
BSU_35050,yvnA,174.047147701497,-0.0161678354075754,0.321527976275561,-0.0502843814552516,0.959895769817213,0.986079236518352
BSU_35060,cypX,138.770152250609,-0.329044194166228,0.315442081045062,-1.04312079439783,0.296892351004746,0.580408552992627
BSU_35070,pchC,107.958903901025,-0.688611417826205,0.320231207823606,-2.15035699520427,0.0315269872666835,0.16494853626291
BSU_35080,pchR,29.1952297892154,-0.679086083087838,0.529791974754525,-1.28179760254482,0.199913655447932,0.470274197140923
BSU_35090,pchE,84.0010933698977,-0.232133181579588,0.369457201714604,-0.628308720204362,0.529801720218136,0.770566174416341
BSU_35100,yvlD,608.698071323753,0.0914289725296079,0.200256892350147,0.456558430806693,0.647988463575696,0.843420262991255
BSU_35110,yvlC,123.08827937301,-0.273624948705275,0.296161495085963,-0.923904536023001,0.355536021205381,0.626345894374175
BSU_35120,yvlB,1905.56560029915,-0.0108351428765534,0.222076877955444,-0.0487900540403276,0.961086608462086,0.986585801345217
BSU_35130,yvlA,360.232555335968,0.0157417717502101,0.256385457176258,0.0613988481389882,0.951041569682774,0.982535074565782
BSU_35140,yvkN,29.0624007410724,0.193551315380119,0.498731523849772,0.388087189448286,0.69795151180973,0.873349549198337
BSU_35160,uvrA,2930.90017558756,-0.310558863786418,0.162330812933709,-1.91312332005164,0.055732266992636,0.227767930719088
BSU_35170,uvrB,1312.14779381316,-0.373481642898177,0.223585770651086,-1.67041776321718,0.0948367375884402,0.312624489226303
BSU_35180,csbA,194.147771324978,0.0768126954661658,0.307225556878717,0.25002052643846,0.802571474836275,0.922622029051687
BSU_35190,yvkC,23.24695071677,0.052086309766054,0.818670393846052,0.0636230528886679,0.949270375376379,0.981979368334564
BSU_35200,yvkB,110.479495383449,0.610660520839067,0.51118154056688,1.19460597141647,0.232241015088506,0.512779940394534
BSU_35210,yvkA,96.8855373026769,0.38321720229926,0.366692987317136,1.04506280609024,0.295993942843579,0.57950358991249
BSU_35220,minJ,2572.70110286023,-0.146013982314394,0.170345541173651,-0.857163511932179,0.39135452477089,0.658359571380276
BSU_35240,ctpB,33.0013335954371,1.50486691416634,0.844711064655478,1.78151675422899,0.0748280703221584,0.270633416374239
BSU_35250,ftsX,2771.33183908363,-0.126804687977178,0.201212656508808,-0.630202345008189,0.528562205220275,0.769238178359218
BSU_35260,ftsE,2105.74465479208,-0.141394085093285,0.204270334891989,-0.692190988809264,0.48881739693281,0.739151154755977
BSU_35270,cccB,960.608405584193,-0.18141392859286,0.199966523144282,-0.907221497580192,0.364289677662479,0.635041219750488
BSU_35280,yvjA,220.48750430546,-0.565961895153082,0.264899146154106,-2.1365183820707,0.0326371842957078,0.168330283861067
BSU_35290,prfB,3895.95291933904,-0.204952267966203,0.161857387643087,-1.26625216773018,0.205422815837773,0.476218281547264
BSU_35300,secA,9929.17135653821,-0.302166450477827,0.177438526767389,-1.70293597440622,0.0885800508357476,0.299924989767858
BSU_35310,hpf,10929.7127118562,-0.299237754306201,0.359866782420587,-0.831523688553376,0.40567785180498,0.668924404958892
BSU_35319,yvzG,1591.63792908562,0.574598708143311,0.232361955835981,2.47286052519246,0.0134036442426471,0.0960634610711801
BSU_35320,fliT,2135.46765542053,0.612073419032382,0.182782792119466,3.34863808532006,0.0008120980140869,0.0139137136147433
BSU_35330,fliS,2464.46181809201,0.428570378410692,0.191264926913013,2.24071598137595,0.0250444782384114,0.143852600183796
BSU_35340,fliD,10162.9547237553,0.440189780828677,0.185794400045547,2.36923061578156,0.0178251349840719,0.117228894326878
BSU_35350,yvyC,2321.36583781532,0.327588773641611,0.189194188490312,1.73149490613653,0.0833635326243968,0.289595230605898
BSU_35360,hag,167137.547876795,0.664078264123682,0.193446483496182,3.4328784484562,0.000597209771077,0.0109360614960534
BSU_35370,csrA,330.072982565673,0.735894505047565,0.258577721917408,2.84593158138587,0.0044281708057774,0.047072191141623
BSU_35380,fliW,372.74224365053,0.534776539530815,0.260555269983716,2.05244952276052,0.0401259958841674,0.190015392134752
BSU_35390,yviE,445.950125619623,0.480944528567253,0.23504659094577,2.04616679030337,0.0407399635216496,0.192238693118706
BSU_35400,flgL,6504.69816450786,0.826967226217656,0.167184098288739,4.94644666976295,7.55804215587381e-07,4.64180065942281e-05
BSU_35410,flgK,8290.50347190592,0.710547820084875,0.166507576829859,4.26736028241481,1.97799574222196e-05,0.0006525751242107
BSU_35420,flgN,1984.49175634549,0.69815215116729,0.188251129261647,3.70862131826546,0.0002083908104259,0.0047015491131683
BSU_35430,flgM,1791.60116577446,0.444726036500585,0.22597378363518,1.96804261691952,0.049063134422057,0.214467873292439
BSU_35440,yvyF,2225.40112392822,0.527832926949526,0.175961179205402,2.99971237595185,0.0027023465758119,0.0338174530741108
BSU_35450,comFC,554.001205786548,0.628944489506943,0.20716613862039,3.03594252272769,0.0023978506935813,0.0311592531828191
BSU_35460,comFB,68.928166144481,0.98405528769266,0.430004720283003,2.28847554753589,0.0221098425209934,0.133846480674858
BSU_35470,comFA,52.0202304683156,0.389383973194982,0.399054831672917,0.975765589812825,0.329180640480928,0.60850325992453
BSU_35480,fakBA,959.159310825101,-0.383616595925942,0.185838639338629,-2.06424561270559,0.03899443479444,0.18642608826276
BSU_35490,degU,2504.86808137761,-0.007389090841396,0.178616142557764,-0.0413685500962293,0.967002084712289,0.987987023654406
BSU_35500,degS,2082.13492126069,-0.337963418906928,0.176266575953245,-1.91734262198735,0.0551944184855783,0.226450276047717
BSU_35510,yvyE,1583.68164550057,0.127560420321513,0.197231858415087,0.64675362969533,0.517791407691863,0.75940915948564
BSU_35520,tagV,3874.79685384289,0.514237848318339,0.181137341734094,2.83893891450184,0.0045263821069951,0.0471799976457594
BSU_35530,tagO,3691.80579285811,-0.239030718575357,0.174728993341409,-1.36800833109767,0.171309468361766,0.435452316653617
BSU_35540,tuaH,77.0962789180437,0.844000939099142,0.514542135456504,1.64029509138322,0.100943825746485,0.323843332391194
BSU_35550,tuaG,63.9759988233932,0.223299377537498,0.38279254960639,0.583343060796526,0.559662380113424,0.789016827787691
BSU_35560,tuaF,49.6249860099141,0.414057994803606,0.420620152999378,0.984398849772228,0.324919443393758,0.605059601178268
BSU_35570,tuaE,62.5540121035201,0.417224543517518,0.446828371990487,0.933746757527743,0.350434539640549,0.62217165133263
BSU_35580,tuaD,61.6256249501852,0.132350602063612,0.374097090315617,0.353786772177112,0.723498687475843,0.881516175772965
BSU_35590,tuaC,46.9380373747551,-0.426295800407482,0.53532712449856,-0.796327667511323,0.425841608268891,0.688243186331181
BSU_35600,tuaB,35.1715851305557,-0.129811380859095,0.507769205306216,-0.255650361429089,0.798220827429929,0.921622952252512
BSU_35620,lytC,5954.65540500836,0.22176036709944,0.233912702751793,0.948047560011104,0.343105242732435,0.619292704735993
BSU_35630,lytB,6098.55449645107,0.164653919001133,0.22027868020613,0.747480050484481,0.454773840501564,0.711664904461876
BSU_35640,lytA,1095.77428439195,-0.0332665662094154,0.212617755288022,-0.156461844705071,0.875668992311674,0.956822025266579
BSU_35650,tagU,2411.75607378984,-0.228097917246406,0.179050868396571,-1.27392801436295,0.202688929043803,0.474287341584326
BSU_35660,mnaA,1138.43943535239,-0.252586360382775,0.183972443999126,-1.37295757392871,0.169765536401292,0.433314591632965
BSU_35670,gtaB,5564.79270703072,-0.389224779005702,0.204773234480687,-1.90076002849098,0.0573334518443868,0.232137894399466
BSU_35678,BSU_35678,1.274667795758,-0.698891231324342,2.9996423119515,-0.232991523202531,0.815767988157966,
BSU_35680,ggaB,1885.34504279124,0.81156916918928,0.23881187366496,3.39836188517104,0.0006779068257364,0.0121354441629584
BSU_35700,tagH,3155.0042884194,-0.124711134207405,0.195175626181209,-0.638968792607422,0.522843233762287,0.764258582636049
BSU_35710,tagG,890.893824833969,-0.0754961307068805,0.204062862189929,-0.369965068100503,0.711408518208002,0.87755095186033
BSU_35720,tagF,4776.00690382809,-0.109679376579476,0.202220090409737,-0.542376261217394,0.587559329644688,0.805129225457094
BSU_35730,tagE,3618.72479271108,-0.403438270666182,0.19147979641007,-2.10694954888183,0.0351219529782892,0.175328495099092
BSU_35740,tagD,3027.61902792937,-0.501159841720885,0.195958504599488,-2.55747941506895,0.0105433797961978,0.0811019327418153
BSU_35750,tagA,2639.74634550466,-0.144256525302405,0.182477348539535,-0.790544834506683,0.429209649339857,0.690610608691943
BSU_35760,tagB,1123.22309884863,0.0943727207495862,0.187001034139951,0.504664165006478,0.613794734300545,0.822959593211922
BSU_35770,tagC,200.678654311004,0.225967752217423,0.288359174321856,0.783632956186809,0.43325551223854,0.6937649437851
BSU_35780,lytD,10458.5322671486,1.05252221107444,0.172329586531479,6.10761177032233,1.0113298714136702e-09,1.74007108603075e-07
BSU_35790,pmiA,1785.54847597427,-0.43675203895132,0.225933396852607,-1.93310083872304,0.0532237767945458,0.222956302148183
BSU_35800,gerBA,10.1441304921315,1.86520433339404,1.06044007792497,1.75889649233533,0.0785950910765723,0.278148584731983
BSU_35810,gerBB,27.3863005577649,-0.295690978927988,0.772950373112652,-0.382548465223255,0.702054587393283,0.875813097773121
BSU_35820,gerBC,100.99833262665,0.227922836843996,0.314660136026953,0.724346082480792,0.468853292335544,0.722091953319248
BSU_35830,ywtG,77.5055511290046,0.142258020960225,0.434950902056854,0.327066848896038,0.74361732484665,0.894402036995428
BSU_35840,tagT,2659.23108970849,0.0948677349628003,0.199000272549785,0.476721633328753,0.633560355951563,0.838078609314259
BSU_35850,ribZB,1392.53675979692,-0.224909990813366,0.232475298313025,-0.967457585581964,0.333315334644882,0.609100435841584
BSU_35860,pgdS,7494.5810863675,1.20615325982227,0.196335774313534,6.14331883244126,8.08148364572319e-10,1.53625155779652e-07
BSU_35870,edmS,29.0761037614267,0.996430215074784,0.700698681273134,1.42205236245674,0.155011050579874,0.414427323610784
BSU_35880,capA,123.578540456552,0.289678336023347,0.301027757854896,0.962297756484571,0.335900055637868,0.611730393296701
BSU_35890,capC,37.8155570289099,0.527764128206171,0.459339049354844,1.14896421052691,0.250570738619261,0.536054870615268
BSU_35900,capB,119.535087881358,0.294071776874418,0.274182487035655,1.07254033637888,0.283477406698037,0.566670910134483
BSU_35910,rbsR,19332.263855749,-0.397496759370134,0.25260940724867,-1.57356277305554,0.115588565311588,0.348775172126878
BSU_35920,rbsK,15547.2374400064,-0.3114960795272,0.283042638855628,-1.10052704704356,0.271102551764991,0.554426939880044
BSU_35930,rbsD,6541.95438424599,-0.4819897715058,0.249202535638676,-1.9341286807958,0.0530973083841446,0.222956302148183
BSU_35940,rbsA,32387.0595282184,-0.581767841468939,0.266984558635825,-2.17903179285543,0.0293293064843344,0.157890210233717
BSU_35950,rbsC,15989.4197984587,-0.656303177937057,0.241940385526268,-2.71266484307475,0.0066744575202198,0.0606934724845503
BSU_35960,rbsB,24078.1839795018,-0.55818748601935,0.253094080332818,-2.205454530131,0.0274222151579268,0.152252410167516
BSU_35970,ywsB,28044.6047268989,-0.341473212332207,0.265155674047924,-1.28782162990972,0.197808061075568,0.46766614553035
BSU_35980,ywsA,45.7562413054456,-0.727874402386603,0.459232271078932,-1.58498095239804,0.112970662038686,0.343733904617711
BSU_35990,ywrO,411.731775069679,-0.285682203906845,0.265883143984634,-1.07446526931153,0.282614202788581,0.566310171771419
BSU_36000,alsD,56.7000135025832,1.02261341924309,0.549568906180514,1.86075559905711,0.0627786983086185,0.245217772649711
BSU_36010,alsS,47.2656843949278,0.190981940368444,0.51664967625616,0.369654621197813,0.711639847421873,0.87755095186033
BSU_36020,alsR,156.51733411845,-0.426264293967617,0.313031523023293,-1.36172961064978,0.173283232836635,0.436637048045633
BSU_36030,ywrK,8.29993452434085,1.34959195345677,1.15931610121908,1.16412767151047,0.244372276128189,
BSU_36040,ywrJ,12.0684014202243,1.00273243242392,0.877099926354944,1.14323625198679,0.252940514528164,0.536809427961952
BSU_36050,cotB,39.9920015874992,0.204226018773655,0.443626946940003,0.46035530569624,0.645261209816722,0.841978927246465
BSU_36060,cotH,18.6832321217938,0.513365440509648,0.610723440849926,0.840585781012781,0.400580027169028,0.665246147303393
BSU_36070,cotG,0.0,,,,,
BSU_36079,BSU_36079,0.0,,,,,
BSU_36080,ywrF,277.865135840117,-0.230181966072146,0.42146463451819,-0.546147760025667,0.584964372124876,0.803847770575733
BSU_36090,ywrE,22.9762299797625,0.22692631064896,0.638177622112356,0.355584876037863,0.722151471515267,0.881516175772965
BSU_36100,hpxW,3.94253359087629,-0.347642883396248,1.36994519372059,-0.253764081212691,0.799677824293709,
BSU_36110,chrS,49.221589226973,0.397175859756311,0.845463634779502,0.469772848195765,0.638517314981394,0.839734655932525
BSU_36120,chrB,76.6421429298824,-0.627977989765524,0.53924878883921,-1.16454223498084,0.244204337803641,0.528555800358968
BSU_36130,chrA,69.0433498923071,-0.29006829691907,0.348020816597753,-0.833479731915962,0.404574223964478,0.668762029841074
BSU_36140,ywqO,18.9736090595269,-0.103336885268568,0.704435718758043,-0.146694556390122,0.883373115492543,0.959571558379927
BSU_36150,ywqN,38.4799281732986,-0.0757901588863625,0.615841984513148,-0.123067541337374,0.902053614113403,0.965553273841496
BSU_36160,ywqM,79.6770148643085,-0.0784767348830751,0.38825968643173,-0.202124345188421,0.839819515933024,0.939168913099017
BSU_36170,nfi,408.031693180588,-0.466014291977865,0.205862202742227,-2.26371954526004,0.0235913695799289,0.139366179318537
BSU_36180,rttO,241.926585134599,-0.695310529704693,0.263820826062362,-2.63554071936813,0.0084003346186824,0.070431213319457
BSU_36190,rttN,513.831822532486,-0.789880645890382,0.250810360536356,-3.14931426357838,0.0016365410168341,0.0234160277390755
BSU_36200,ywqI,105.602749298588,-0.700311249052976,0.38191094678536,-1.83370300052321,0.0666980929859874,0.254059665513793
BSU_36210,ywqH,154.240453510794,-1.18172779272135,0.342428068484181,-3.45102490561735,0.0005584620316281,0.0103692113035322
BSU_36215,BSU_36215,81.1719235781575,-0.0746711055898144,0.31505002639289,-0.237013487809375,0.812646326592202,0.926425253778831
BSU_36220,ywqG,308.879953190502,-0.147560026767541,0.233142940514304,-0.632916555148656,0.526788136217086,0.768253177226265
BSU_36230,uglF,733.301175166463,-0.205417326443639,0.210788098960486,-0.974520513523614,0.329798158804629,0.608670480789681
BSU_36240,ptpZ,212.879657155805,-0.351009981706199,0.289718545706213,-1.21155510031497,0.225682730620943,0.5050476976542
BSU_36250,ptkA,781.620648552481,-0.440276515018863,0.226093296833462,-1.94732228325711,0.0514961088397901,0.221018370300096
BSU_36260,tkmA,853.8818733188,-0.352227904472447,0.230559602145634,-1.52770867573739,0.126584885114218,0.368045783959182
BSU_36269,ywzD,215.115577052063,-0.0956324538208111,0.314037536162758,-0.304525551274378,0.760727529421509,0.903279089069204
BSU_36270,ywqB,465.647615169397,0.132810577473906,0.233982195243706,0.56760975909118,0.570299979038723,0.796680154798425
BSU_36280,hepA,1666.23533822816,0.289024136670099,0.203287576017556,1.42175012527642,0.155098802974577,0.414427323610784
BSU_36290,ywpJ,199.338833384546,-0.280454942164144,0.328970551162737,-0.852522942168786,0.39392391109727,0.661010615006433
BSU_36300,glcR,114.171803488586,-0.667319679175994,0.505947744227939,-1.31894980615894,0.187185893574113,0.454970126778167
BSU_36310,ssbB,168.698770805019,0.422673848224211,0.40985537130554,1.03127561041311,0.302411592303696,0.586064074501079
BSU_36320,ywpG,47.9475760236635,0.938006635333528,0.750980740718706,1.24904219838692,0.211649639990176,0.485642793381065
BSU_36330,ywpF,1574.10575425044,-0.498740519101877,0.2561698506733,-1.94691341620031,0.0515451159191858,0.221018370300096
BSU_36340,ywpE,12.9446931165516,1.02959796053015,0.907527064144387,1.1345093730079,0.25658094431881,0.539855656199014
BSU_36350,ywpD,47.0048858104523,0.136169843645866,0.412617734582495,0.330014520058495,0.741388990769133,0.893606537183086
BSU_36360,mscL,253.103730389385,0.232474461520328,0.228981065380451,1.01525626642566,0.309983685576931,0.59321901861127
BSU_36370,fabZ,710.636115657194,0.330485938588264,0.197507274054939,1.67328489631392,0.0942712243438608,0.312212650927472
BSU_36380,rapD,188.95990607445,-1.05267422778699,0.329568911255148,-3.19409444227591,0.0014027022037042,0.0207286018725479
BSU_36390,flhP,3239.27639907203,0.642531802447987,0.199357808568374,3.22300795269636,0.00126852031773,0.0194020425608364
BSU_36400,flhO,3329.67997806974,0.54241999203734,0.176802390377089,3.06794490097364,0.0021553635504987,0.0291668179443769
BSU_36410,mbl,5306.82962603897,0.152615143089397,0.176013182599549,0.867066550558403,0.385905546724812,0.653322706753795
BSU_36420,spoIIID,1.89131037839818,-1.18399085777886,2.61295674455422,-0.45312302250945,0.650460158195932,
BSU_36430,usd,0.0,,,,,
BSU_36440,ywoH,30.3298505588093,-0.126337347888641,0.589997223731936,-0.214132105723335,0.830444039662706,0.93410329848789
BSU_36450,ywoG,88.1047224128449,0.210204144715997,0.419074769273934,0.501591028923515,0.61595523117484,0.823749843500824
BSU_36460,ywoF,809.71499476769,-0.470003766868955,0.274522272665889,-1.7120788135139,0.0868821451691767,0.297200962738092
BSU_36470,pucI,11.9372091993511,-0.816199652898805,0.814480523497836,-1.00211070658091,0.316290127460339,0.598590173307989
BSU_36480,ywoD,208.365233064557,-0.168933761537485,0.297984652800652,-0.566921014051349,0.570767846373621,0.796680154798425
BSU_36490,ywoC,122.630363765884,0.0693391764041577,0.360785192506653,0.192189640385197,0.847593660415733,0.941718311266242
BSU_36500,ywoB,43.964790021824,0.42633292781688,0.44070216912943,0.967394666241521,0.333346775418973,0.609100435841584
BSU_36510,amtB,28.0794356796893,-0.161967397399966,0.537044676819436,-0.301590173762064,0.762964499611651,0.903784653545908
BSU_36520,glnK,255.486759797846,-1.07263469159004,0.376890040149811,-2.84601495747586,0.0044270115383219,0.047072191141623
BSU_36530,bcrC,250.674541011518,-0.447895462884357,0.230295085301146,-1.94487634114582,0.0517898631460532,0.221148094943401
BSU_36540,ywnJ,31.2734451462563,1.02553020241724,0.859979504608051,1.19250539916604,0.233063134969677,0.513175970655793
BSU_36550,spoIIQ,116.840888240377,-0.663152342091762,0.376617192793538,-1.76081271588497,0.0782701069040224,0.277737126009651
BSU_36560,ywnH,561.056184188901,-0.273912119497428,0.206030806814701,-1.32947166364192,0.183692408429779,0.45087554849435
BSU_36570,ywnG,1058.2802805236,0.0830158600402661,0.209610321532116,0.3960485315488,0.692069226173775,0.869986033079476
BSU_36575,BSU_36575,17.1524542607995,-0.0992240444915136,0.66323296007982,-0.149606624615839,0.881074981324877,0.959021835500604
BSU_36580,ywnF,230.955611604943,-0.448496133063097,0.481819840348835,-0.930837826724589,0.351937459417884,0.624176186394242
BSU_36590,clsA,797.262201655709,0.0742929629457517,0.246096890268655,0.301885013112716,0.762739720882942,0.903784653545908
BSU_36600,mta,115.780104888748,0.705076953749283,0.37820015716331,1.86429577141826,0.0622801803235532,0.244097412627976
BSU_36610,ywnC,866.034539438432,0.511694967491732,0.181246784213928,2.82319473810786,0.0047547681191891,0.0487944327295708
BSU_36620,ywnB,114.081687528374,0.363427929011564,0.306270632681335,1.18662349644766,0.235376163595116,0.516741902977262
BSU_36630,ywnA,703.072846266957,0.670092302807476,0.227529003787248,2.94508520519894,0.0032286573698109,0.0372508676886853
BSU_36640,ureC,569.971203322346,0.449356614775454,0.338635770567198,1.32696145484809,0.184521433542376,0.451907707178629
BSU_36650,ureB,61.3323951551033,0.934148994991538,0.547342832664507,1.70669814098785,0.087878172933489,0.298561418170628
BSU_36660,ureA,72.7648994197239,1.20122339023782,0.543811513813103,2.20889657487219,0.0271818355017717,0.151762080172129
BSU_36668,ywzE,4.72506856312507,-0.0794630673976449,1.63970789257728,-0.0484617216013672,0.961348270315124,
BSU_36670,csbD,57.4250592583857,0.207919524089519,0.633972699903522,0.327962898278049,0.742939715357982,0.893995809334389
BSU_36680,ywmF,2.02538532840926,1.26934255260042,1.8191743192396,0.697757515140709,0.485328852452365,
BSU_36690,rapB,1413.25485094702,-0.419635783596667,0.17440585203067,-2.40608774711798,0.0161243912697531,0.110031743502315
BSU_36700,moaA,644.847217025468,-0.409559562271659,0.243375221523867,-1.68283180065434,0.0924076569918814,0.308954243477044
BSU_36710,fdhD,360.743509112682,-0.46602894010323,0.28411436523352,-1.64028643789338,0.100945624141196,0.323843332391194
BSU_36720,ywmE,8.21077043304283,0.928243428606653,1.0354404956053,0.896472016061165,0.370000719610679,
BSU_36730,ywmD,25.2807353087868,0.847297064309049,0.887962745628107,0.954203392519251,0.339980697744614,0.617471767696314
BSU_36739,BSU_36739,0.318164681624065,0.260384167461749,3.48074561060428,0.0748070087823927,0.940368265243892,
BSU_36740,ywmC,31.2310746998906,0.0907692644141361,0.517482467529977,0.175405487353788,0.860761029146875,0.949477211482267
BSU_36750,spoIID,111.312406996811,-0.342111354661143,0.403823694192643,-0.84717999359874,0.396894803041071,0.663485784648222
BSU_36760,murAA,13436.2218709584,0.0114248795989968,0.170501680331291,0.0670074311103437,0.946575787328209,0.981979368334564
BSU_36770,ywmB,3391.85979925349,-0.268626575340322,0.194557464559543,-1.38070557173667,0.167369507457241,0.430921814460484
BSU_36780,ywzB,552.48532544144,0.089552320535667,0.293560760604826,0.30505548613228,0.760323893173578,0.903230597941239
BSU_36790,ywmA,15.5844509817978,0.604305092596057,0.885995169160674,0.682063642817072,0.495198708854643,0.743170393138246
BSU_36800,atpC,14403.6806436069,0.196071554614407,0.175705000979344,1.115913340665,0.264459230776815,0.547624865011621
BSU_36810,atpD,30730.686881647,0.121253554039616,0.175072767904023,0.692589461463757,0.488567225752008,0.73905280985298
BSU_36820,atpG,18547.9231234445,0.124933544628434,0.164862377676795,0.757805063768764,0.448567690490252,0.704993000172081
BSU_36830,atpA,30034.0985556333,0.0435695069936008,0.18088357061344,0.240870449681202,0.809655525652265,0.925238252462078
BSU_36840,atpH,9607.79834908362,-0.0665329965024513,0.208892356216776,-0.318503738994678,0.75010285890871,0.897805322553999
BSU_36850,atpF,13243.9625524572,-0.117028618117544,0.187363903248905,-0.624605999812445,0.532229680898665,0.772323113830414
BSU_36860,atpE,4907.59634218632,0.0407780288278016,0.170131944791478,0.239684727508295,0.810574675559425,0.925238252462078
BSU_36870,atpB,23405.8551738141,-0.012460909615178,0.189345969942587,-0.0658102711082597,0.947528878803791,0.981979368334564
BSU_36880,atpI,6075.03834802238,0.0366484287459422,0.17570190493235,0.208582990378237,0.834773790222242,0.936631721650858
BSU_36890,upp,2382.59977079032,0.366656075425264,0.169099236651076,2.16828935888003,0.0301366775547398,0.159768415403082
BSU_36900,glyA,21121.9885407574,-0.0342309952335341,0.221940822928396,-0.154234785569746,0.877424615413895,0.957539383469729
BSU_36910,ywlG,1727.34943328816,-0.149938171331363,0.193099457263859,-0.776481578228781,0.437464693704077,0.697219168892288
BSU_36920,rpiB,1379.8225450521,-0.126997521747976,0.181009175817197,-0.701608198449738,0.482923537391634,0.733852592793073
BSU_36930,prpB,272.834936495022,0.155571033209481,0.304356408299157,0.51114755256465,0.609247740496774,0.821106340331911
BSU_36940,mntP,103.678498061229,0.284585073089024,0.343733520003373,0.827923541138005,0.407713801995323,0.67061948807801
BSU_36950,tsaC,888.692674980608,0.316057867909226,0.270408560525109,1.16881605854293,0.242477748985058,0.525785537179984
BSU_36960,ywlB,24.5808415627098,0.642316797616169,0.971124848676749,0.661415263435373,0.508346040064489,0.751786315755136
BSU_36970,spoIIR,29.1697253623224,-0.636725782122325,0.606187835694761,-1.05037703600991,0.293544799374343,0.577156763777224
BSU_36980,ywlA,56.622536724008,0.171184610693969,0.498638336114048,0.343304151116885,0.731369658237009,0.887964310570496
BSU_36990,ywkF,195.643407640783,-0.362274757269929,0.257696650287801,-1.40581865098104,0.159777982267226,0.418800856999846
BSU_37000,prmC,524.343618809033,-0.223870941290975,0.201536815521297,-1.1108190863883,0.266646229233287,0.548642769225654
BSU_37010,prfA,4276.79141473185,-0.382900039863148,0.182020766784532,-2.10360634463433,0.0354128000524897,0.176249018387435
BSU_37020,ywkD,101.412668675009,0.236254439476009,0.391096494846861,0.604082221622869,0.545788978785034,0.779606513699337
BSU_37030,racA,360.408531785659,0.0022389325967261,0.295338992603377,0.0075808906131568,0.99395138235826,0.996447493313454
BSU_37040,ywkB,81.9616810473008,1.47149758666646,0.466912923235726,3.15154606659614,0.001624085415189,0.0233213991994052
BSU_37050,maeA,170.053974617632,1.44391348297865,0.357544457854239,4.03841662556912,5.38132133785548e-05,0.0014918218597721
BSU_37060,tdk,410.103023747577,-0.0976841570874453,0.264602642585225,-0.36917302160345,0.711998763431633,0.87755095186033
BSU_37070,rpmEA,8501.20908225966,-0.262541543228545,0.277584589632656,-0.945807343181341,0.34424685951346,0.619303047849361
BSU_37080,rho,2189.42633236759,0.163758833513633,0.188211605897537,0.870078296886662,0.384257617288268,0.651385559432954
BSU_37089,BSU_37089,126.254369069625,-0.0227255517336644,0.310649292369112,-0.0731550088537206,0.941682768143901,0.980226410586802
BSU_37090,glpX,4185.2901484836,-0.827561181490061,0.244663577389277,-3.38244535750147,0.0007184356888591,0.012690244557193
BSU_37100,murAB,5398.02089189268,-0.825210394546637,0.272215718919018,-3.03145754339091,0.0024337614454203,0.0313917725187707
BSU_37110,tal,14003.904395131,-0.791640397730302,0.205877161495334,-3.84520746245203,0.0001204504864335,0.0029865735518177
BSU_37120,fbaA,31441.9148286897,-0.598136759351356,0.188502011897129,-3.1731054397328,0.001508177410887,0.0219731541031434
BSU_37130,spo0F,370.752143796677,-0.762537905012421,0.250605781997915,-3.04277857810465,0.0023440474069761,0.0308826311836587
BSU_37140,ywjG,220.458292123026,-0.151177299645305,0.287077752475465,-0.526607507344983,0.598466177531085,0.812058796976237
BSU_37150,pyrG,5805.22033967482,0.115898147243789,0.187002994437522,0.619766264130656,0.535411682285753,0.774687725873405
BSU_37160,rpoE,1485.66059930886,-5.80115757377618,0.355470280268406,-16.3196697327154,7.15214930424253e-60,2.8551380022536197e-56
BSU_37170,acdA,204.969222337892,-0.383780368945685,0.272415651869324,-1.40880439986532,0.158893013791574,0.417732916689033
BSU_37180,fadF,177.738644916263,-0.834659628805107,0.282075261705107,-2.95899620462888,0.0030864290261648,0.0363452055234513
BSU_37190,clsB,6.86213886819837,1.45559950231741,1.29759263334249,1.1217692401412,0.261960567995882,
BSU_37200,uvsE,8.85771175262816,0.319219870628548,0.837728015571242,0.381054309626823,0.70316294983357,
BSU_37210,ywjC,80.8419256331751,-0.0698653998041055,0.415325910760231,-0.168218254614119,0.866411580474039,0.951503446836964
BSU_37220,ywjB,651.034595495009,-0.994086485087576,0.265555810685642,-3.7434183139165,0.0001815336359125,0.0042132690381553
BSU_37230,ywjA,1149.80095727386,-1.07810717854569,0.263033257311392,-4.09874853684138,4.153900327096e-05,0.0011929762666019
BSU_37240,clsC,89.2552131285188,-0.195789581665289,0.446748048720079,-0.438255034859628,0.661201417468401,0.851600029435922
BSU_37250,narI,3.41615180964917,0.0333471627078099,1.60109724373437,0.0208276935322377,0.983383106283704,
BSU_37260,narJ,1.85670395267652,-0.573410807524158,2.49542226528287,-0.229785081066894,0.818258778140469,
BSU_37270,narH,7.22738807748153,1.14601376130742,1.36293980601475,0.840839599995525,0.400437799215192,
BSU_37280,narG,16.3949559389246,0.862225082256903,0.653642110312754,1.31910883441146,0.187132730112454,0.454970126778167
BSU_37290,arfM,2.7303166687758,-1.06175096463713,1.93153652439557,-0.549692408725938,0.582530364494673,
BSU_37300,ywiC,53.6522540864758,0.508774563183441,0.46374239838176,1.09710599021962,0.2725950619552,0.556054924540194
BSU_37310,fnr,190.531108534646,-0.641043152593125,0.425287892984118,-1.50731578107036,0.13172973442325,0.377193550037109
BSU_37320,narK,22.1739444998238,0.305994927406614,0.666998242861326,0.458764218169361,0.646403492641906,0.842181051771048
BSU_37330,argS,5444.71639178524,-0.255512490776881,0.190964199233613,-1.33801252696744,0.180892353258726,0.446029817300083
BSU_37340,ywiB,930.990750658561,-0.204221074370324,0.21054840275206,-0.969948342998415,0.332072241478636,0.609100435841584
BSU_37350,sboA,0.407486103487106,-1.75950654741744,3.49294221574442,-0.50373193678569,0.61444976259994,
BSU_37360,sboX,5.52487102959454,-1.44612922920631,1.55920877319988,-0.927476329060474,0.353679276299608,
BSU_37370,albA,431.865643065361,-0.145541063230583,0.23088498798627,-0.630361742008267,0.528457935723186,0.769238178359218
BSU_37380,albB,7.11320079436395,0.565177948614431,1.09258353740299,0.517285799452762,0.60495666553286,
BSU_37390,albC,170.978352676294,-0.118307242305329,0.282677896733861,-0.41852314479584,0.675564668134666,0.86105931450726
BSU_37400,albD,144.102398558083,-0.188066675486155,0.316843872270106,-0.593562609050018,0.552804695843777,0.784448017826406
BSU_37410,albE,111.180087565954,0.0319228215527523,0.382911893247125,0.0833685819524802,0.933558469491495,0.978288952989858
BSU_37420,albF,54.0719099490041,0.504314823480063,0.479620204219676,1.05148786277793,0.293034580908068,0.577106091260486
BSU_37430,albG,22.7983625878867,0.403117960331784,0.676552233668662,0.595841592519534,0.551281055080278,0.784448017826406
BSU_37440,ywhL,14.456896560763,0.913592776922514,0.925898855270393,0.98670904680589,0.323785293741209,0.604361296840043
BSU_37450,ywhK,11.8380607659465,0.94849863327184,1.02586840615306,0.924581191488924,0.355183800339266,0.626345894374175
BSU_37460,rapF,4183.47040108266,-0.601416709813295,0.184838979501154,-3.25373312185778,0.0011389922827568,0.0180430840982747
BSU_37470,phrF,703.361548793829,-0.585014511643365,0.256594834810698,-2.27991538518286,0.022612707395762,0.135948686632352
BSU_37480,ywhH,223.60661716533,-0.701125231523282,0.256575819194717,-2.73262396169607,0.0062832022519819,0.0580917474102453
BSU_37490,speB,1788.41848178603,0.597573869794783,0.254944332271053,2.34393863347176,0.019081310626405,0.122829858282582
BSU_37500,speE,3448.91226994954,0.40413892546474,0.255497797295886,1.58177068351285,0.113701929868969,0.34490737388824
BSU_37510,pbpG,9.8738164407752,0.0351390173526037,0.889185865551908,0.0395181915434443,0.968477250090658,0.987987023654406
BSU_37520,ywhD,728.349957594328,-0.441991177057761,0.212750605835179,-2.07750842975356,0.037754658023183,0.182908488869595
BSU_37530,ywhC,401.111319799731,-0.148479328994775,0.202168143149452,-0.734434845578077,0.462683756054925,0.718016364069979
BSU_37540,hmtB,310.267667961288,-0.301913984818671,0.232724155289738,-1.29730403121581,0.194526597905952,0.463059140632416
BSU_37550,ywhA,151.877915300988,0.0661821728383522,0.423095713499014,0.156423642988542,0.875699102148739,0.956822025266579
BSU_37560,thrZ,131.032256144777,-0.253068971588533,0.376182475643998,-0.672729294886202,0.501119526868008,0.747854503440246
BSU_misc_RNA_57,tboTB,183.169463308802,0.290770001770325,0.28154024727869,1.03278307304497,0.30170542688612,0.585974156190824
BSU_misc_RNA_58,tboTA,300.843108410237,0.0223895210861672,0.29607243391874,0.0756217685983971,0.939720017215335,0.980226410586802
BSU_37569,BSU_37569,2198.36170989848,0.241692015813785,0.252169038241587,0.958452383762653,0.337834691254395,0.614412796121889
BSU_37570,mmr,192.447540553528,0.219186298346582,0.352401127404639,0.621979560510613,0.533955308097509,0.773217451806482
BSU_37580,ywgB,51.7946613605088,-0.649726332612691,0.446439988850862,-1.45534976444446,0.145572456212761,0.398576985734802
BSU_37590,ywgA,1116.65902458953,-0.382637912212583,0.208841188892217,-1.83219562310605,0.0669222807405764,0.254059665513793
BSU_37600,ywfO,2575.1672890491,-0.285884043532065,0.221364366985587,-1.2914636959194,0.196542935962884,0.46641753204395
BSU_37610,ywzC,197.354591302751,0.0186195490194379,0.242384873023926,0.0768181148730347,0.938768239735118,0.980226410586802
BSU_37620,psrF,37.532901470632,-1.93158490392203,0.729706881370633,-2.64706960182953,0.0081192639988371,0.0689619189007611
BSU_37630,ywfM,75.0393725613509,0.40675159630125,0.453849380188021,0.896225959662522,0.370132093669522,0.638831928023028
BSU_37640,lipL,1111.59166246769,-0.291291356411616,0.177782038470921,-1.63847461147916,0.101322725991132,0.323843332391194
BSU_37650,cysL,123.356388835818,-0.910740019022347,0.445392100844648,-2.04480505445698,0.0408740812637523,0.192643839911333
BSU_37660,pta,4517.78954713323,-0.26914101507496,0.223978590144003,-1.20163724087164,0.229504106258666,0.509222407468496
BSU_37670,hemQ,1798.20525803926,-0.54061392006898,0.298739108884711,-1.80965231531708,0.0703497216107148,0.263276054530644
BSU_37680,bacG,235.595878162816,0.0653534677974022,0.321141763450637,0.203503484240684,0.838741522631498,0.93867568218249
BSU_37690,bacF,456.951173869685,-0.648369788553108,0.256705323368936,-2.52573565691613,0.0115456318657914,0.0867987992622205
BSU_37700,bacE,434.909080572539,-0.503336434282175,0.313425529541485,-1.60592034419951,0.108291412906602,0.338262378969606
BSU_37710,bacD,598.967000516635,-0.539076006311358,0.221564957354768,-2.43303820580342,0.0149727209229779,0.105416405510631
BSU_37720,bacC,298.506022027446,-0.475434139747475,0.252185829001303,-1.88525319456002,0.0593956620875643,0.237582648350257
BSU_37730,bacB,192.689881991911,-0.210657793422129,0.345997213839798,-0.60884245593858,0.542628869346976,0.777682684671783
BSU_37740,bacA,113.078451368528,0.1100304855167,0.396425461691843,0.277556555139315,0.781352786096189,0.913905749222381
BSU_37750,ywfA,22.2961556873681,2.12235934322685,0.829546015292112,2.55845884869869,0.0105137262919712,0.0811019327418153
BSU_37760,rocC,3725.67330179017,0.329863094196038,0.262347443415246,1.25735204392264,0.208626186259103,0.480852041308511
BSU_37770,rocB,8194.48002680019,0.182704629674043,0.239874684719702,0.761666992444565,0.446258780184686,0.703302428147361
BSU_37780,rocA,76728.7205175991,0.105651682200667,0.191040545925308,0.553032769504199,0.580240971327304,0.80143334490631
BSU_37790,rocG,23471.1401944611,-0.151960360406275,0.183867175254288,-0.82646812948594,0.408538589849225,0.671699361893783
BSU_37800,bslB,1858.9728465248,-0.52178351774111,0.283065885139916,-1.84332886841238,0.0652810086699856,0.251081649044783
BSU_37810,spsL,49.3061510128274,0.174181519160628,0.469128646755057,0.371287322497645,0.71042353939467,0.87755095186033
BSU_37820,spsK,121.396851976343,0.629336510462867,0.278181262178254,2.26232531096792,0.0236773117281773,0.139409776429032
BSU_37830,spsJ,124.577872291671,0.650319940195169,0.365431610395929,1.77959410651579,0.0751424114195285,0.270854448516174
BSU_37840,spsI,61.9114259274575,0.437425744433401,0.418790181277372,1.04449856751462,0.296254781613141,0.579519680161306
BSU_37850,spsG,32.2724387077355,0.771225356657285,0.829650251783374,0.929578885800972,0.352589163733308,0.624461376052957
BSU_37860,spsF,26.1861044464971,0.0088035625534959,0.61616398819775,0.0142876940589241,0.988600457349252,0.995332415066384
BSU_37870,spsE,26.027790624327,-0.104213739601057,0.533234759130691,-0.195436883692563,0.84505094427224,0.940495787488992
BSU_37880,spsD,25.2868835260699,0.834024217102846,0.600221519771011,1.38952734887119,0.164672450505963,0.426311557989497
BSU_37890,spsC,38.3451418695779,-0.346522431234256,0.591813897893588,-0.585526011585085,0.558194081701582,0.788782574921316
BSU_37900,spsB,16.5619699144353,1.3448528085748,0.748427040652549,1.79690569090373,0.0723505930288623,0.266977849701263
BSU_37910,spsA,8.9446629788309,-2.66968386912147,1.3943759006959,-1.91460844080071,0.0555424578702097,
BSU_37920,gerQ,6.27608008919797,1.55963442840276,1.12105189316902,1.39122411540998,0.164157476665629,
BSU_37930,ywdK,592.01249951258,-0.0988207159771931,0.210703296131859,-0.469004129462458,0.639066684338885,0.839734655932525
BSU_37940,ywdJ,1706.17397605375,-0.163688502874801,0.189772073167193,-0.862553167823528,0.388383188749888,0.655571116063237
BSU_37950,ywdI,378.291741712401,-0.504367817774618,0.221425258284136,-2.27782422693353,0.0227370522754323,0.136219982747947
BSU_37960,ywdH,317.851151201249,0.0612501024256404,0.255154461162889,0.240051073951393,0.810290662622773,0.925238252462078
BSU_37970,ung,547.225241719796,-0.125723735225015,0.193225250106469,-0.650658933838826,0.515266677947116,0.756786084755293
BSU_37980,ywdF,658.652069889712,-0.290669995759912,0.197041322758167,-1.47517277945123,0.140166097686929,0.389420449017391
BSU_37990,ywdE,28.0293320177356,-0.52598455560603,0.677717802556263,-0.776111463535539,0.437683175662343,0.697219168892288
BSU_38000,ywdD,196.905466706989,-0.367008884205968,0.258216361071612,-1.42132312097832,0.155222844891558,0.414481335656923
BSU_38018,ywzG,239.006553334032,-0.0084159480436337,0.318386516818686,-0.0264331169790913,0.97891187984267,0.991076901935567
BSU_38020,pdxK,2383.02442722235,0.119456530758415,0.205774062154152,0.580522780703653,0.561562128918879,0.790004125956793
BSU_38030,ywdA,338.78672601883,-0.275799322655271,0.321432067817522,-0.858033003763155,0.390874239523997,0.658106269160606
BSU_38040,sacA,973.30343924139,-0.674495668009036,0.301969344809067,-2.23365609656674,0.0255057098336305,0.145383457987768
BSU_38050,sacP,553.168393902512,-0.585805111250334,0.337933882105378,-1.73349031355093,0.0830085576884386,0.289406255277071
BSU_38060,nirC,3.88450811923685,3.03394991248182,1.63696624454147,1.85339796871111,0.0638253382708657,
BSU_38070,sacT,211.282369689294,-0.177869266381561,0.275966094181468,-0.644533042760674,0.51922983794162,0.76009003045946
BSU_38080,ywcI,11.3818651417874,-0.0954817828086726,1.00614143361939,-0.0948989671016692,0.924395076951566,0.974382624632919
BSU_38090,vpr,614.964533285764,-0.188621171598014,0.343138856060948,-0.549693420801377,0.582529670207347,0.802406395688553
BSU_38100,ywcH,164.306103523525,-0.471240799569026,0.454095861501848,-1.03775620859101,0.299383569082889,0.582931057781671
BSU_38110,nfrAA,704.40189102934,-0.433379893409362,0.425606695556898,-1.01826380537151,0.308552604304444,0.592389758877682
BSU_38120,rodA,1161.36564345557,-0.0877445055272586,0.193676787367075,-0.453046060501596,0.650515574715801,0.845358928987897
BSU_38130,ywcE,102.664651035,0.0886403667205426,0.407763680033657,0.217381711665017,0.827910882421159,0.932982980018348
BSU_38140,qoxD,6980.36291534361,0.214060453671322,0.197906849739921,1.08162225790886,0.27942041016476,0.563072325783807
BSU_38150,qoxC,7880.7433010298,-0.155377862073369,0.226956234213566,-0.684615968412478,0.493586287817215,0.742074248887609
BSU_38160,qoxB,32257.2310898163,0.0521596284669215,0.195507229567566,0.266791302716994,0.789629851050751,0.91874158128668
BSU_38170,qoxA,15917.573360449,0.0962049753653528,0.204296627735845,0.470908288754259,0.637706228655506,0.839341663301279
BSU_38180,ywzA,52.0502359152741,0.0385829918240724,0.544918672171986,0.0708050463205542,0.943552915524584,0.980646508402535
BSU_38190,galT,2774.08812204278,-0.179730713547354,0.265591616868607,-0.676718322914046,0.498584688750043,0.746008274921353
BSU_38200,galK,1782.88854969759,-0.311906625417496,0.237866930600463,-1.3112651877675,0.189768185369776,0.458507464602572
BSU_38210,ywcD,265.555014486338,-0.67391753567579,0.290866420323112,-2.31693137670262,0.0205074702342515,0.127455955174549
BSU_38220,slrC,327.560430961123,-0.144321798113776,0.247508230320432,-0.583098985948599,0.559826666341007,0.789016827787691
BSU_38229,slrA,196.071915889488,-0.492297626132052,0.240471267770807,-2.04722015522146,0.0406364733434006,0.191977279984444
BSU_38230,vbfB,21.6755568128712,-1.03256487176455,1.05176038228251,-0.981749159940502,0.32622344015076,0.606396828224184
BSU_38240,vbfA,41.1203963517997,-1.07849435435234,0.683667445838202,-1.57751310365533,0.114677509404662,0.347075525051864
BSU_38250,ywbO,412.034106053225,-0.203765999716772,0.245051085259301,-0.831524575788582,0.405677350806747,0.668924404958892
BSU_38260,efeB,5893.1369636812,-0.231439529254149,0.305103859087637,-0.758559822698509,0.448115914378759,0.704646994742128
BSU_38270,efeM,4671.91714766672,-0.472644131952718,0.290360011086351,-1.62778658873986,0.103570145219235,0.328658203271212
BSU_38280,efeU,3245.3703680127,-0.565576085725793,0.338054306229951,-1.67303322366518,0.094320755766165,0.312212650927472
BSU_38290,thiE,358.102692359304,0.164122602569856,0.384996826635,0.426295987954868,0.669892180994318,0.857393262753869
BSU_38300,thiM,334.042123755508,-0.281584114995436,0.347233837309026,-0.810935124231097,0.417402928078809,0.679833736797473
BSU_38310,cidR,249.135898984929,-0.0152427943032503,0.386460840620115,-0.0394420150791776,0.968537982765571,0.987987023654406
BSU_38320,cidA,13.6337133129404,-0.182139362086076,0.829518858591851,-0.219572298085262,0.826204267831732,0.931923778574289
BSU_38330,cidB,20.8065334659028,1.12297642157369,0.794956773775616,1.41262576610318,0.157765788927437,0.416256563054915
BSU_38340,ywbF,509.781464737022,0.327700537121048,0.230834559770259,1.41963377341416,0.155714327687386,0.414744646264834
BSU_38350,ywbE,179.135417867116,0.340397857610236,0.280261444070516,1.21457255292165,0.224529162479845,0.504304278742536
BSU_38360,rlmI,604.041471510426,-0.178358770342064,0.2136011310128,-0.835008548392828,0.403712895308744,0.667861974690168
BSU_38370,glxA,1531.66296031345,0.0406693068099259,0.194395812040178,0.209208760122467,0.834285274150504,0.936576719462546
BSU_38380,ywbB,66.0291619358261,0.139654015831887,0.419306794970956,0.333059271890789,0.73908954219315,0.892451739998504
BSU_38390,ywbA,49.8214412667188,-0.346937366774894,0.434986778074444,-0.797581407671012,0.42511344386916,0.688166307151653
BSU_38400,epr,5911.77333671828,1.07048220588014,0.181789882164371,5.88856867684327,3.89554663335621e-09,5.55393648584214e-07
BSU_38410,sacX,156.361409863138,0.643514890874715,0.319105269999681,2.01662257372107,0.0437349154504582,0.202775589405609
BSU_38420,sacY,167.2348362461,0.973654123719297,0.285034984200148,3.41591095019974,0.0006356903130717,0.0114826956098753
BSU_38430,gspA,366.751047049542,0.589418487785512,0.39629731157408,1.48731386908571,0.136931933186794,0.385933297872019
BSU_38440,ywaF,2.80627907480285,1.10336338486614,1.70878690660008,0.645699812308057,0.518473782166483,
BSU_38450,tyrZR,121.206738190455,-0.132863272126852,0.293666837754877,-0.452428585885319,0.650960257442083,0.845358928987897
BSU_misc_RNA_59,tboYB,30.6599745110141,0.0349735476883273,0.564065579855837,0.0620026268882881,0.950560740074093,0.982447753198597
BSU_38460,tyrZ,76.9673462734917,-0.122369836965078,0.385176106893854,-0.317698410609877,0.750713716954872,0.897805322553999
BSU_38470,eapD,54.2204289879794,0.298635418896721,0.797218861344648,0.374596529732149,0.707960554296322,0.877389076546288
BSU_38480,relQ,105.492198451084,-0.502179225050094,0.444533245034557,-1.12967754528923,0.258612122332285,0.543071852893467
BSU_38490,menA,1720.30483200442,-0.0865333716839171,0.166606408825945,-0.519388013304574,0.603490188507483,0.816459048895759
BSU_38495,BSU_38495,1.10787248114372,-1.38521415491368,3.42732304748281,-0.404167957243204,0.686089214853502,
BSU_38499,ywzH,95.3061605600818,-0.784196138592281,0.368067859456643,-2.13057488841852,0.0331241801690903,0.169160746977303
BSU_38500,dltA,5579.12455823714,-0.602936923877537,0.231161618715675,-2.60829166722154,0.0090995383285869,0.0745900554573285
BSU_38510,dltB,3519.30008648706,-0.484321874460091,0.219005267280035,-2.21146221949449,0.0270038453414317,0.151403582307578
BSU_38520,dltC,525.983630904192,-0.164679612616191,0.195488735043068,-0.842399499796807,0.399564372915341,0.664943873288692
BSU_38530,dltD,5615.1164710079,-0.357191284226815,0.20108234531617,-1.77634333668223,0.0756763444022653,0.27169070226422
BSU_38540,dltE,4621.66563218126,-0.2831268129369,0.201562880414569,-1.40465750615675,0.16012314755189,0.419199960787364
BSU_38550,ilvK,1548.20580807037,0.148566859810444,0.301681273910563,0.492462982155426,0.622392084761933,0.828748900056583
BSU_38560,licH,2203.64976232229,-0.539276718074256,0.480913103444972,-1.12136000082177,0.262134654994824,0.545874565852549
BSU_38570,licA,643.107123811953,-0.913047694914326,0.472483263769901,-1.93244452222329,0.0533046632770361,0.222956302148183
BSU_38580,licC,1772.03654083614,-0.549750944258101,0.820937965507852,-0.669661980997568,0.503073293007523,0.748767053793709
BSU_38590,licB,430.235758050983,-0.746795166564308,0.504270611753101,-1.48094128263408,0.138622220927344,0.387167240959024
BSU_38600,licR,878.590689536095,0.422744728825926,0.310531463929152,1.36135876048417,0.173400341878483,0.436637048045633
BSU_38610,yxzF,38.0690891348404,-0.0673226790569418,0.484541081729088,-0.138941116853705,0.889496679507796,0.962711588595403
BSU_38620,aag,81.0949919781707,0.261192754808795,0.48613711168722,0.537282072340212,0.591072787058187,0.807240015715458
BSU_38630,katX,175.933856740965,0.705543405043716,0.294312168257002,2.39726209494544,0.0165181036677523,0.111010555289002
BSU_38640,yxlH,321.681941279536,0.4368359977085,0.234972964939749,1.85909046098351,0.0630143171495886,0.245725037965123
BSU_38650,yxlG,223.586441089538,-1.5079394774803,0.466330417848302,-3.23362881717666,0.0012222820007249,0.0189122083212951
BSU_38660,yxlF,223.628414616862,-1.1066190862014,0.519314326807785,-2.13092346788074,0.0330954476700894,0.169160746977303
BSU_38670,yxlE,62.3847237813652,-1.08056084818729,0.769912910429315,-1.40348451565094,0.160472406198646,0.419244663314788
BSU_38680,yxlD,50.1839327811376,-2.68270182052574,0.751503413797909,-3.56977995212029,0.0003572812186335,0.0071514383962179
BSU_38690,yxlC,16.7536551533993,-2.73889392059305,1.14824281408217,-2.3852915838035,0.0170655891010742,0.113543052819147
BSU_38700,sigY,80.2776604548217,-1.41153122017599,0.58242526302361,-2.42354051204468,0.0153700388293747,0.10745568302428
BSU_38710,yxlA,50.5151754717256,0.919056129047204,0.551898677386702,1.66526242352859,0.0958604118193559,0.314182893253587
BSU_38720,nnrA,75.2969763010219,-0.760022345030255,0.624096136094131,-1.21779690832058,0.22330115949624,0.503591763466058
BSU_38730,cydD,51.5756149918998,0.436883366531538,0.452591080393129,0.96529380594963,0.334397673346204,0.610107638024702
BSU_38740,cydC,18.6576129378107,0.59596410369716,0.882411921619487,0.675380838694234,0.499433836134929,0.74616013242913
BSU_38750,cydB,10.0951129631081,-0.630180642206668,1.08433558808905,-0.581167536258081,0.56112754487772,0.789852312818003
BSU_38760,cydA,13.5142984157505,-0.134789074236295,0.868364732297137,-0.155221727948036,0.876646519461973,0.956951847331747
BSU_38770,cimH,310.957910976608,-0.542387750413146,0.253529152411589,-2.13935062399693,0.0324072826136353,0.167868246928997
BSU_38780,yxkI,500.906092303367,-0.160477679028032,0.285609573055602,-0.561877801612732,0.574199278992287,0.799119738559537
BSU_38790,yxzE,63.5340825150279,-0.598836496020068,0.417745175607697,-1.43349709580472,0.151715828280937,0.410331698169038
BSU_38800,yxkH,334.060241115498,0.696258350698644,0.226575726470261,3.07296091044436,0.0021194624866116,0.0287785518590261
BSU_38810,msmX,1643.60731522273,-0.579899273050434,0.237203409974353,-2.44473413393649,0.0144958957008792,0.102602155386365
BSU_38820,yxkF,491.124975540301,-0.348113852873265,0.23598981838259,-1.47512233900235,0.140179655620739,0.389420449017391
BSU_38830,aldY,35.9660422510167,-0.0551525389511545,0.756792502945203,-0.0728766983506283,0.941904236649997,0.980226410586802
BSU_38840,gdnE,917.750517869057,0.730343739559825,0.37335561323573,1.95616113343045,0.0504461754315576,0.218181075105935
BSU_misc_RNA_60,gdwB,24.8502895329499,1.02831690663955,0.785572752586296,1.30900276677632,0.190533413527609,0.459027994449133
BSU_38850,yxkC,11397.3785148286,0.779270886408186,0.196420273515533,3.96736483694266,7.26717017368273e-05,0.0019212280353206
BSU_38860,galE,3866.85825078164,-0.336826592520335,0.192249821320677,-1.75202551662454,0.0797694203975987,0.281307001967503
BSU_38870,yxkA,11.5303352886201,0.660098890637233,1.12902966693656,0.584660359216517,0.558776113460607,0.789016827787691
BSU_38880,yxjO,167.65922508543,0.301850222305264,0.330387381724893,0.91362515338618,0.360913844738606,0.631598420152137
BSU_38890,yxjN,114.577433959459,-0.0451985138772127,0.290335867255946,-0.155676645480966,0.876287906907468,0.956822025266579
BSU_38900,yxjM,191.048764477415,0.465760109151696,0.235173365351007,1.98049684944776,0.0476477270115366,0.211527640801723
BSU_38910,yxjL,64.3393322384656,0.328749548585671,0.382474023924386,0.859534316115188,0.390045795856361,0.657265857770618
BSU_38920,pepT,1434.65908514785,-0.360981831503411,0.27067991873804,-1.33361142262188,0.182331237472191,0.448459474643754
BSU_38930,yxjJ,234.125613695589,-0.181286501705103,0.311099631220686,-0.582728115085752,0.560076343436086,0.789016827787691
BSU_38940,yxjI,139.444996647361,-0.488367715569731,0.469200628340497,-1.04085051483632,0.297944931319599,0.580759846595624
BSU_misc_RNA_61,mswI,108.087983388397,0.341084199555162,0.430420143285044,0.792444788833409,0.428101372491736,0.68966129095521
BSU_38950,yxjH,623.95271678435,-0.149711363150784,0.251395903570562,-0.595520296967618,0.551495735858561,0.784448017826406
BSU_misc_RNA_62,mswJ,73.9278337155572,-0.466596779352712,0.366401665260899,-1.27345703797626,0.20285590841614,0.474399992031183
BSU_38960,yxjG,1013.99358440458,-0.658628177898169,0.245273610846554,-2.68527941356975,0.007246919382482,0.0637218109578595
BSU_38970,yxjF,29.095778245719,1.06324135089282,0.757338552674701,1.40391816465405,0.160343219919509,0.419244663314788
BSU_38980,scoB,16.9367804153336,0.631348005113513,0.749519403128414,0.842337106255467,0.399599286578049,0.664943873288692
BSU_38990,scoA,10.7741154328371,-0.158751919344254,0.854778485142037,-0.1857228768666,0.852662087287055,0.944544215799585
BSU_39000,yxjC,21.2389232877293,-0.410104732428711,0.586095547688328,-0.699723336998961,0.484100099396074,0.734373881650606
BSU_39010,rlmA,632.814452356362,0.0058408047497342,0.185338336438829,0.0315142828081985,0.974859401769037,0.988980618008131
BSU_misc_RNA_63,gswB,0.129823744321315,0.677162768027623,3.52912200437016,0.191878537264816,0.847837349832367,
BSU_39020,nupG,700.322321749581,-0.389709547144349,0.298482390476991,-1.30563664583888,0.19167615205548,0.459286433976877
BSU_39040,yxiS,116.318510837951,-0.18301528348079,0.302622723910003,-0.604763849575343,0.545335916769002,0.779514200191048
BSU_39050,katE,167.406795642218,0.476174324319151,0.484131859543321,0.98356328948961,0.325330282541848,0.60518102884765
BSU_39060,citH,10.2637865990556,1.26408323834151,0.934903437606107,1.35210032126772,0.176343224574489,0.440527004068435
BSU_39070,bglS,308.78191516725,-0.343753771958666,0.253892826535092,-1.35393258899795,0.175757885276807,0.439441552835448
BSU_39080,licT,488.522181855986,0.212269919528394,0.27982377135635,0.758584299323422,0.448101267731717,0.704646994742128
BSU_39090,yxiP,120.66364376681,0.089810169739811,0.312461483077079,0.287427969858468,0.773784647459121,0.9093165477353
BSU_39100,yxiO,149.71862948081,-0.278631269990526,0.361988384310741,-0.769724339417866,0.441463429004252,0.700724456693827
BSU_39110,deaD,1972.34616279216,-0.0067873487714541,0.180828315238477,-0.0375347675086337,0.970058619206055,0.987987023654406
BSU_39120,yxiM,793.63957180419,-0.22729372971855,0.225329651305315,-1.0087164667493,0.313110632240926,0.595974267515353
BSU_39139,yxzJ,40.0461518700732,-0.0173080242802657,0.509663838749246,-0.0339596866882707,0.972909297507153,0.988509522944401
BSU_39140,yxiK,388.075568443757,-0.157015022460768,0.256555120045978,-0.61201281982846,0.540529275736618,0.777634788463879
BSU_39150,yxiJ,140.593965339044,-0.386357094798221,0.38931274466442,-0.992408032085496,0.320998522385342,0.601891076262228
BSU_39160,yxiI,308.986482080752,-0.0189079301403703,0.271946438528524,-0.0695281403304241,0.944569234102484,0.981447262503153
BSU_39170,yxzG,376.148563536842,-0.396245540764399,0.298094118319861,-1.32926319713299,0.183761151653383,0.45087554849435
BSU_39180,yxiH,387.138710489833,-0.299524670749865,0.207300417078078,-1.44488214240809,0.148490993087823,0.405178430899926
BSU_39190,yxiG,496.010863238064,-0.138765869417395,0.234192723297129,-0.592528527205084,0.553496723763467,0.784644503289688
BSU_39200,yxzC,390.947496019778,-0.168555087048696,0.253131922280248,-0.665878430228508,0.505488808499873,0.750497435762223
BSU_39210,yxiF,335.900424188865,-0.0864872325176668,0.243157400180367,-0.355684147196479,0.722077118384838,0.881516175772965
BSU_39220,wapI,1800.08677309284,-0.420294534350282,0.23312388362373,-1.80288063074933,0.0714069635455222,0.265168928812767
BSU_39230,wapA,45924.1066326066,-0.193850467452354,0.159373073143729,-1.21633136406632,0.223858718364858,0.503735562727126
BSU_39240,yxxF,335.005638231922,-0.0412977866573511,0.268504548036768,-0.153806656011264,0.877762185551953,0.957578664308849
BSU_39250,yxiE,1256.90038198421,-1.0172447707967,0.425769762070515,-2.38918979555957,0.0168855766951705,0.11253292515379
BSU_39260,bglH,2110.41700252488,-0.870226984865938,0.434252989054437,-2.00396314314568,0.0450740086986883,0.204813239219635
BSU_39270,bglP,2051.82633576524,-0.937468229020419,0.462927968613941,-2.02508444634984,0.0428586937230535,0.199175675602363
BSU_39280,yxxE,365.139256859649,-0.313477205198216,0.224581674895615,-1.39582717665598,0.162766544442801,0.423299052388052
BSU_39290,rtbE,148.816808603175,0.35653738605701,0.510091840532455,0.698967044218628,0.484572626620991,0.734401642168183
BSU_39300,rtbD,518.396420720214,-0.642161722857828,0.269868808557987,-2.37953295265631,0.0173345930548901,0.114882874593129
BSU_39310,yxiC,69.8419681911835,-1.1285191352048,0.401288431758013,-2.81223939165364,0.0049197872642916,0.0498471846676453
BSU_39320,yxiB,73.6854824427628,-1.79648173520581,0.392378803451229,-4.57843726369664,4.6846261987678e-06,0.0002125116793804
BSU_39330,abnB,200.9213904151,-0.181153440224508,0.481001257387,-0.376617394325763,0.706457959252241,0.877389076546288
BSU_39339,yxzL,0.507587814446846,-0.205084721847941,3.47051343793227,-0.0590934815599304,0.952877650532073,
BSU_39340,hutP,1985.01218502858,-0.551357398934481,0.283944074679996,-1.94178166794239,0.0521635370626481,0.221148094943401
BSU_39350,hutH,206.375427645283,0.321940880027264,0.331276111075827,0.971820391702115,0.331139909375337,0.609100435841584
BSU_39360,hutU,231.040119103379,0.420239676489468,0.320586791238031,1.31084526242208,0.189910047078027,0.458507464602572
BSU_39370,hutI,211.119696433125,0.50430643669325,0.371370338373753,1.35796100168266,0.174476059073974,0.43778028147285
BSU_39380,hutG,212.982840624826,0.212099890505969,0.285334769920776,0.743336995224449,0.457277678859829,0.713067380472046
BSU_39390,hutM,161.21473471459,-0.109741435277966,0.383731536896428,-0.285984926246983,0.774889666731815,0.91034713054544
BSU_39400,pdp,3338.56194995847,-0.607290633511916,0.414876980973155,-1.46378483589865,0.143252747011392,0.39515522725841
BSU_39410,nupC,2376.47498110663,-0.899697347982518,0.410633305435078,-2.19099945395141,0.0284518319660047,0.155375804662504
BSU_39420,deoC,1751.1542947865,-0.681357669274541,0.376539713907413,-1.80952405313103,0.0703696267996485,0.263276054530644
BSU_39430,deoR,1023.54699336941,-0.436790009855934,0.233821806657608,-1.86804650986013,0.0617555883553957,0.243846002685202
BSU_39440,yxxB,186.447831225103,0.0190489934596466,0.472096751432409,0.0403497660211583,0.967814278511529,0.987987023654406
BSU_39450,yxeR,1120.60943175079,0.112212666026037,0.452078619083392,0.248214937157507,0.803968109746564,0.922622029051687
BSU_39460,yxeQ,867.62238187355,1.09373125263101,0.901149015685862,1.21370742640004,0.224859467479468,0.504304278742536
BSU_39470,sndB,1060.83523061034,0.711438175678075,0.87045009396813,0.817322188380536,0.413744329917636,0.675804977508675
BSU_39480,yxeO,746.989203624614,1.10074110903943,0.84693192758706,1.29968073369896,0.193710416313595,0.461942641531584
BSU_39490,yxeN,677.677373062388,1.16973414850413,0.562405515871454,2.07987673572441,0.0375368403840382,0.182362891069754
BSU_39500,yxeM,1069.56641049517,1.27844866658734,0.84748991601028,1.50851195092194,0.131423550324649,0.377169527603163
BSU_39510,snaB,417.694125692609,1.19438931016572,0.548189466072398,2.17878924001064,0.0293473286556658,0.157890210233717
BSU_39520,yxeK,1335.42259815462,0.858705912957691,0.492807967460385,1.74247570992594,0.0814252381693048,0.284778525663231
BSU_39530,yxeJ,1.74142616179992,-2.22819181340902,2.6156172651036,-0.85187991497707,0.394280745571765,
BSU_39540,yxeI,427.649493279831,-0.323554523823809,0.332996956217769,-0.971644087978435,0.331227641232479,0.609100435841584
BSU_39550,hadM,1114.16926659734,-0.325987581367059,0.249562204449432,-1.30623778583072,0.191471706748731,0.459286433976877
BSU_39560,yxeG,70.6075981072739,0.246346786151461,0.628371484278266,0.392040046875153,0.695028624305875,0.872227056972352
BSU_39570,yxeF,116.544607297762,-0.687174482866673,0.316808910417409,-2.16905036528579,0.0300788603710749,0.159768415403082
BSU_39580,cotNE,0.983345641273993,2.33120267797839,3.13496504366693,0.743613611477981,0.457110266153034,
BSU_39590,yxeD,5.21956644398548,1.38712320607669,1.4253332610558,0.973192195802119,0.330457788818861,
BSU_39600,yxeC,1423.78123909042,-0.33585675765807,0.19663641409764,-1.70800896262938,0.0876346794608187,0.298224311977307
BSU_39610,frxB,5120.47917827425,-2.34336740218425,0.350549570992619,-6.68483888184131,2.3117884466343097e-11,6.5918996278315305e-09
BSU_39620,yxeA,32.0333313365887,0.576183522608463,0.563265705029694,1.02293379032918,0.306339151651767,0.590637332253415
BSU_39630,tpeM,126.876403555157,0.607619792876341,0.305713143742747,1.98754880289885,0.0468616133519957,0.209486629900523
BSU_39640,tpeL,48.871242416062,0.300390776556729,0.491407380904086,0.611286659968504,0.54100982085115,0.777634788463879
BSU_39650,tpeK,1295.6772017854,0.831188919607735,0.229959085660472,3.61450784699572,0.0003009187024951,0.0061921003111366
BSU_39660,tpeJ,815.422881074375,0.805565662787728,0.238815139539889,3.3731766936542,0.0007430625252068,0.0130101122834457
BSU_39670,iolJ,13888.9249335335,1.01740992023677,0.215288538869578,4.72579694942848,2.29214603805391e-06,0.0001188343764144
BSU_39680,iolI,16699.8113716777,0.948328855060585,0.203966219646888,4.64944075887841,3.32836263204961e-06,0.000156315572084
BSU_39690,iolH,14152.0235252096,0.866507599766979,0.218160002088453,3.97189031661108,7.13045513743821e-05,0.0019008533870432
BSU_39700,iolG,18073.1411564417,0.793595330357705,0.202866503625893,3.91190914307459,9.15693634844529e-05,0.002373668175519
BSU_39710,iolF,23593.6986848679,0.714984152410261,0.21286346858421,3.35888613093518,0.0007825730647602,0.0134683928608075
BSU_39720,iolE,16745.6230145235,0.818755606575687,0.23326611755328,3.50996370653221,0.000448167861445,0.0086848839946058
BSU_39730,iolD,46716.2039536335,0.702693306355158,0.218786952460502,3.21176970771151,0.0013192007754675,0.0197979304348359
BSU_39740,iolC,21524.7956408989,0.685099851931206,0.215217374252506,3.18329249351126,0.0014561044088522,0.0213704735299204
BSU_39750,iolB,21217.7748208829,0.738795251254734,0.195763173568465,3.7739235515425,0.0001607000235727,0.0037736146711918
BSU_39760,iolA,30360.5939815376,0.700918314740953,0.190079996802403,3.68749119598097,0.0002264759267607,0.0049403928941478
BSU_39770,iolR,5137.90812135663,0.477733812945961,0.195020281253981,2.44966220884377,0.0142990287831435,0.101568901961404
BSU_39780,iolS,7535.86974807052,0.309999476224635,0.225396408888317,1.37535233038357,0.169022240097492,0.431991001804554
BSU_39790,yxcE,357.191927606194,-0.259960042934466,0.265998062386415,-0.977300513403071,0.328420398998536,0.60850325992453
BSU_39800,yxcD,151.506745919216,0.222414612489703,0.464758964743742,0.478559058268704,0.632252350408198,0.837965266543667
BSU_39810,csbC,80.6545705599134,0.71321541951483,0.600468757748298,1.18776440957448,0.234926239838919,0.516423760703175
BSU_39820,htpG,5831.18717679491,0.0292278005048194,0.230893517555203,0.126585626198152,0.899268374046627,0.965553273841496
BSU_39830,yxcA,87.3394801467073,0.0207902951648275,0.328320133180214,0.0633232417501969,0.949509108660174,0.981979368334564
BSU_39840,yxbG,10.9720025791928,-0.0483044044406888,1.04212535304547,-0.0463518177535226,0.963029839066152,0.98726633732719
BSU_39850,yxbF,285.933789792822,0.267718386499048,0.281106619713909,0.952373112990058,0.340907790268464,0.617924914885751
BSU_39860,aldX,154.121165292451,0.979188892409507,0.358555086517048,2.73093013941374,0.0063155857655427,0.0580917474102453
BSU_39870,yxbD,27.8850304194581,-0.499940514332505,0.589134807372466,-0.848601216693058,0.396103229729644,0.662995426868235
BSU_39880,yxbC,121.534806298113,0.0243484894333908,0.285980951167492,0.0851402491459318,0.93214989226645,0.978218288624518
BSU_misc_RNA_86,srlX,336.185079090649,0.316209149594735,0.350786538480895,0.901428974338925,0.367360281758094,0.636779090220717
BSU_39890,yxbB,66.6440185985611,-0.445451568598327,0.385097608915069,-1.15672379751537,0.247385223739338,0.531804961317951
BSU_39900,yxbA,11.4665393225423,0.463971779431056,0.888829234359146,0.522003284202937,0.60166804393032,0.815018266498079
BSU_39910,yxnB,39.5831650376674,-0.238385711072582,0.502260619166545,-0.474625527018546,0.635053908158198,0.838078609314259
BSU_39920,asnH,134.659279346274,0.264782079775477,0.292752453489509,0.904457252601524,0.365752991532119,0.635968883649955
BSU_39930,yxaM,59.9062982863784,-0.0617465226503275,0.428737848798137,-0.144019294828807,0.88548523340286,0.961342684727826
BSU_39940,yxaL,1233.69124404917,-0.402824383460416,0.223762880363704,-1.80022880830666,0.0718245167610165,0.266224206973053
BSU_39950,yxaJ,155.878679120876,-0.345433042323345,0.299472535526412,-1.15347152524736,0.248716898545019,0.533231932863436
BSU_39960,yxaI,1048.24146422796,-0.469531724515556,0.179951025180759,-2.60921950316158,0.0090749010439202,0.0745411624842171
BSU_39970,yxaH,28.2700068219676,0.271925324768833,0.573983511943051,0.473751108021048,0.635677403320016,0.83823403334069
BSU_39980,qdoI,18.6097429767396,-0.416890207431286,0.695728967327242,-0.599213525682046,0.549030504318136,0.78200099894303
BSU_39990,qdoR,540.471547103736,0.896610349639132,0.20349348583064,4.40608870588295,1.05253873940356e-05,0.0004079354026892
BSU_40000,yxnA,59.822444996077,0.0932169217471192,0.545727100320847,0.170812337690971,0.864371327577355,0.95109436044344
BSU_40010,yxaD,138.701731791289,0.316244776516091,0.336473987777864,0.939878825714373,0.347279719668875,0.621956321632189
BSU_40021,yxzK,12.1985864254748,-0.344606636625496,0.997764093853443,-0.345378871366876,0.729809559243854,0.887537096767006
BSU_40022,yxaC,45.9990801663754,0.191722283877251,0.535303440772955,0.358156270395745,0.720226370566255,0.88126618709542
BSU_40030,yxaB,289.203466694627,-0.271065815526642,0.326497653567377,-0.830222859383289,0.406412793074126,0.669336349629055
BSU_40040,glxK,194.81027130218,-0.251107540492333,0.370955085780784,-0.676921681674221,0.498455646780158,0.746008274921353
BSU_40050,gntR,112.087660413784,0.160130547564963,0.840573817439096,0.190501469642272,0.848916191666214,0.942662986684709
BSU_40060,gntK,379.164269783192,-1.03572269084483,0.958150426165369,-1.08096042391789,0.279714718484385,0.56309690175979
BSU_40070,gntP,1432.2064191703,-0.0808905202549499,0.328728184098431,-0.246071143783427,0.805627160313087,0.923360213600299
BSU_40080,gntZ,3514.62373852524,0.080500774000195,0.293953544353331,0.273855429017836,0.784195725031405,0.916157253241255
BSU_40090,ahpC,7411.61975769655,0.0268359654676428,0.208563053474008,0.128670754578241,0.897618177469947,0.965553273841496
BSU_40100,ahpF,18585.7995434673,0.178539647139649,0.199533556597291,0.894785068658836,0.370901993580808,0.639309481163466
BSU_40110,bglA,698.203875810598,-0.585769838278018,0.294499565968692,-1.98903464034406,0.0466973795947002,0.209087777295564
BSU_40120,ptsJ,84.5052512866335,-0.296403792326513,0.473563274907393,-0.625901137254521,0.531379788549277,0.771650824259264
BSU_40130,yydK,231.546896246558,-0.545692229963743,0.240832224399773,-2.26586052312465,0.0234599243271506,0.139363121895812
BSU_40139,yyzN,71.7701232659297,-0.225504557500586,0.345964077082605,-0.651814949697053,0.514520556335287,0.756246708722558
BSU_40140,liaM,251.034430096533,-0.507899487003936,0.332342211780333,-1.52824248320174,0.126452344489805,0.368045783959182
BSU_40150,liaL,304.220579180795,-0.648947581952239,0.349090236538268,-1.85896800892367,0.0630316730652018,0.245725037965123
BSU_40160,liaK,84.6863856984031,-0.749166181122693,0.436775271368883,-1.71522114513204,0.0863046895005316,0.296193981285746
BSU_40170,liaE,84.4654330143376,-0.706435504145046,0.370500688721012,-1.90670496884553,0.0565588031920899,0.230155700655273
BSU_40180,liaD,63.4152765236035,-0.346612972508296,0.421878246837411,-0.821594796855876,0.411307551583964,0.674862205476031
BSU_40190,fbp,2214.34683633149,-0.35809407176373,0.246369655238014,-1.45348286264305,0.14608973447158,0.399445356171607
BSU_40200,yydD,2687.68870794158,-0.200289414484124,0.179064139130474,-1.11853448410563,0.263338787115,0.546986891970157
BSU_40210,yydC,286.016302959844,-0.0262178550401552,0.267013949022098,-0.0981890838893417,0.921782150371979,0.974244902496177
BSU_40220,yydB,1863.44096387948,-0.340096245461067,0.18200647718639,-1.86859418806716,0.0616792949796225,0.243785886691736
BSU_40230,rlmH,280.400744797947,-0.159086878922814,0.223989857323433,-0.710241440500133,0.477554426793109,0.728243216539047
BSU_40239,yyzF,53.2006281823172,-0.385561495157187,0.374198090874038,-1.03036734970135,0.302837594138157,0.586573350703311
BSU_40240,yycS,76.0314298019911,-0.191443132757902,0.404265033304932,-0.473558475223106,0.635814792824551,0.83823403334069
BSU_40250,yycR,419.709938457337,-0.205159957736273,0.254534295044739,-0.806020884927165,0.420230806986906,0.683092098707582
BSU_40259,yyzG,1.13282977676195,-0.884946933978894,3.40785754074581,-0.259678382502228,0.795111869005258,
BSU_40260,yycQ,5.43533595089962,-0.464195737761675,1.44404192057308,-0.321455860213155,0.747864957055152,
BSU_40270,yycP,9.15570175116713,0.959979775414127,1.07424374069975,0.893633110479014,0.371518224786298,
BSU_40280,yycO,13.828954388348,0.194678144523592,0.695478971235427,0.279919526794278,0.779539245640053,0.912319164056022
BSU_40290,yycN,36.5365914253115,-0.268093965918962,0.518363139055771,-0.517193345204505,0.605021197077487,0.817895231538546
BSU_40300,rapG,1119.25399419852,-0.68576700938223,0.30413096190354,-2.25484115490922,0.0241433010169308,0.141112822342002
BSU_40310,phrG,337.342440798399,-1.05517976668181,0.458664699133755,-2.30054715061928,0.0214172412290898,0.131332760347967
BSU_40320,argI,61424.3976522623,0.350488091608811,0.214121819530734,1.63686303608354,0.101659090939818,0.324398953662473
BSU_40330,rocE,59734.3838223919,0.298283941643029,0.197607908266058,1.50947370608985,0.131177769806904,0.376735005085727
BSU_40340,rocD,79129.3466712501,0.234291432638339,0.205627435057531,1.1393977295529,0.254537302519566,0.538195398123998
BSU_40350,rocR,292.458114104575,-1.01675538864156,0.367056163349047,-2.77002674295021,0.0056051690256726,0.0543102785205955
BSU_40358,BSU_40358,12.1407670824811,0.675663300063013,1.35486906003874,0.498692692889227,0.61799589311443,0.825306802487501
BSU_40360,htrC,1678.81716691842,-0.21335699997597,0.24360715777995,-0.875824018967025,0.381125710395821,0.648531046845744
BSU_40370,walJ,1163.11116814126,-0.130546163283027,0.275954649096307,-0.473071077840282,0.636162470201606,0.838415510414265
BSU_40380,walI,1071.46460624135,-0.241570642319847,0.282642692734216,-0.854685610241512,0.392725218881172,0.659866335366877
BSU_40390,walH,1629.6825848019,-0.292756203629513,0.23505800269204,-1.2454636739727,0.212961360367899,0.487609789489093
BSU_40400,walK,1729.32590569136,-0.383256597008962,0.278238820570834,-1.37743754168694,0.168377012723126,0.431148835657933
BSU_40410,walR,754.992052258106,-0.325551171544747,0.268243306262074,-1.2136413619458,0.22488470512436,0.504304278742536
BSU_tRNA_1,trnY-Phe,106.347931963527,0.942329725468326,0.315335457161791,2.98834052456346,0.0028049684154604,0.0339623387044549
BSU_tRNA_2,trnY-Asp,468.666770871447,0.31865153417219,0.251952483194677,1.26472869063163,0.205968601456274,0.476653134500548
BSU_tRNA_3,trnY-Glu,305.283488224964,-0.164937227308851,0.248311213779563,-0.664235919104617,0.506539327476764,0.750792573427009
BSU_tRNA_4,trnY-Lys,151.584432393542,-0.0743500504501301,0.341950805619174,-0.21742908403302,0.827873967523545,0.932982980018348
BSU_40420,purA,10973.4173261851,0.190744982492921,0.193914894369053,0.983653076848762,0.325286118526855,0.60518102884765
BSU_40430,yycE,19.9860302110949,-0.312436319431688,0.629745974470729,-0.496130713172522,0.619802191258795,0.826126994158634
BSU_40440,dnaC,1111.85023874454,-0.390646831450855,0.198367255742579,-1.96931106390763,0.0489173814558564,0.214467873292439
BSU_40450,yycD,6.05330813408043,-0.272939213973601,1.15929284428636,-0.235435951596526,0.813870384828173,
BSU_40460,yyzB,5.68048593453269,-0.462795678040343,1.7267428678809,-0.268016556864831,0.788686574291614,
BSU_40470,yycC,23.9435185845009,-0.0878323808139317,0.591405964354871,-0.148514533345538,0.881936717191378,0.959055128038132
BSU_40480,yycB,1258.57945676313,-0.0285995945126786,0.228947077131919,-0.124917928068588,0.900588524999974,0.965553273841496
BSU_40490,yycA,325.700330687997,0.12233670859447,0.267545688928342,0.457255390974495,0.647487489211855,0.843043071406955
BSU_40500,rplI,1210.92917531636,-0.338484037092833,0.221156432764131,-1.53051861463977,0.125888409460923,0.366930220045995
BSU_40510,gdpP,1601.50267781058,-0.369955556671431,0.231326094487065,-1.59928155745576,0.109758055518438,0.339425754511283
BSU_40520,yybS,687.122023107946,-0.35227075849744,0.266040816961896,-1.32412297676824,0.185462205828282,0.452545920334048
BSU_40529,yyzH,5.83139171055594,0.420476924814741,1.69412082770201,0.248197718804447,0.803981431273722,
BSU_40530,cotF,8.56429208315332,1.81845365435989,0.954929763241536,1.90428000504152,0.0568737268835529,
BSU_40540,hypR,124.789200465989,-0.471437255585479,0.503725985520582,-0.935900209909294,0.349324569112926,0.62217165133263
BSU_40550,ppaC,14459.3083397198,-0.20989299077159,0.180488554734414,-1.16291579308419,0.244863669077339,0.528661853410892
BSU_40560,yybP,33.9724471639922,0.444587742951393,0.592426412187146,0.750452265134576,0.452982363032074,0.709719580791801
BSU_misc_RNA_94,mswM,3.36027187056387,-0.0595916593231647,1.58258570300857,-0.0376546175097363,0.969963060294102,
BSU_40570,yybO,6.96927710723936,0.846124840180855,1.13729247265213,0.743981746584252,0.456887518137236,
BSU_40576,BSU_40576,9.84064680066004,1.21420663812227,1.00750353025754,1.20516365616297,0.228140129641276,0.507373480516976
BSU_40580,yybN,3493.15301791215,-0.986299908941385,0.221371966725813,-4.45539660476973,8.37382461581833e-06,0.0003309733452113
BSU_40590,yybM,323.840043085366,-1.18004705740992,0.317457136094466,-3.71718548188115,0.0002014545440347,0.004603558342523
BSU_40600,yybL,115.577933142391,-0.640081564330874,0.3890426012855,-1.64527371094033,0.0999133786702487,0.322958872592415
BSU_40610,yybK,105.233126515631,-1.41252787847686,0.473950523605807,-2.98032770958954,0.0028794016205862,0.0343121530429262
BSU_40620,yybJ,468.054116975478,-0.726089999810231,0.278516348642291,-2.60699238428827,0.0091341391834761,0.0747202533205669
BSU_40630,ictI,117.521614305563,0.218500176914989,0.375020361300443,0.582635503195893,0.560138699887354,0.789016827787691
BSU_40640,yybH,30.6001604894907,-0.395684259718394,0.574710710383885,-0.688492927953424,0.491142422251164,0.740144527459313
BSU_40650,yybG,403.856401929388,-0.476211754444157,0.308997238671478,-1.54115213615374,0.123279763449797,0.361862364479109
BSU_40660,yybF,135.782552415078,-0.351470444682078,0.505594656001965,-0.695162499266433,0.486953470703664,0.736890923066348
BSU_40670,yybE,74.8085963914945,-0.0576147064900531,0.458856107976994,-0.125561598698261,0.900078962108917,0.965553273841496
BSU_40680,yybD,25.2827484555957,-0.032015492906056,0.538888289149309,-0.0594102591403421,0.95262534188207,0.983164520370533
BSU_40690,yybC,79.574093418968,0.557639911623101,0.476426631453488,1.17046335113939,0.241814554334293,0.524917727516313
BSU_40700,yybB,603.792836841208,0.847961320195083,0.196420305020968,4.31707567150231,1.58109965876933e-05,0.0005488478119832
BSU_40710,yybA,207.220789450547,0.849272013563815,0.263062314073233,3.22840622973989,0.0012448206254573,0.0191865789066635
BSU_40720,yyaT,41.2223611598694,-0.993471397680524,0.436172513154484,-2.27770289901018,0.0227442849016972,0.136219982747947
BSU_40730,yyaS,32.920301341565,-0.654042240867377,0.655553088603127,-0.997695308340369,0.318427128935707,0.599887257532488
BSU_40740,yyaR,62.6162364144943,-0.101385342930069,0.350344982714301,-0.289387169596623,0.77228511235334,0.908907280661072
BSU_40750,yyaQ,274.320506675248,-0.25279066594513,0.272072572209816,-0.929129547649456,0.352821953263593,0.624504458988758
BSU_40760,yyaP,313.991404541005,-0.13629277618409,0.330494812840255,-0.412390061474179,0.680053546522995,0.863333562284574
BSU_40770,tetB,1269.49429091956,0.0048524321180751,0.171602100945377,0.0282772302398541,0.977441040973262,0.990677255465979
BSU_40780,tetL,9.56094890401805,-0.186992160748596,1.23128679121322,-0.151867267709701,0.879291625376667,0.958790540427111
BSU_40790,yyaO,80.40147644508,-0.670210224279843,0.408984940568172,-1.63871614282122,0.10127239049625,0.323843332391194
BSU_40800,yyaN,9.76116555479532,0.357424249677712,0.953145366712181,0.374994478450465,0.707664573091445,0.877389076546288
BSU_40810,yyaM,25.8697541249778,-0.0798814566720659,0.51280982554301,-0.155772086830591,0.876212673489009,0.956822025266579
BSU_40820,yyaL,865.269960758322,0.0260276469496192,0.230232184493269,0.113049559108797,0.909991264531291,0.968628640703396
BSU_40830,yyaK,647.765729956801,0.607840075967988,0.218357989207528,2.78368599277718,0.0053745038075618,0.0528448748763224
BSU_40840,yyaJ,99.5772473362517,0.265587765538146,0.388444859465416,0.68372063387234,0.494151591418222,0.742436263809387
BSU_40850,maa,50.5725899221581,1.29372879580108,0.774457037795583,1.67049782320212,0.094820909751939,0.312624489226303
BSU_40860,yyaH,19.1756784534423,0.275088953050137,0.600015171856613,0.45846999534851,0.646614814252432,0.842181513375435
BSU_40870,ccpB,50.7354389057763,0.148278407781171,0.414170417202037,0.358013034303316,0.720333559241572,0.88126618709542
BSU_40880,exoA,131.881583410619,-0.533000752059347,0.349382999633689,-1.52554861747186,0.127122316914533,0.36933936617381
BSU_40890,rpsR,10745.6150236023,0.232305568047729,0.203278000455021,1.14279738844209,0.253122723359973,0.536910686319347
BSU_40900,ssbA,33584.5728764122,0.182342104260104,0.196561890727689,0.927657459872098,0.353585281640591,0.625116228657767
BSU_40910,rpsF,14142.494581626,0.103298571545852,0.202661150362951,0.509710772690533,0.610254104692506,0.821630484294261
BSU_40920,engD,3480.53027000617,-0.0859027871599506,0.165162376926407,-0.520111109797284,0.602986135466336,0.816459048895759
BSU_40930,yyaE,681.625810432535,-0.363045934481497,0.281171990990271,-1.29118812013555,0.196638453514521,0.46641753204395
BSU_40939,yyzM,178.089613936662,-0.647019158115782,0.30099178185652,-2.14962400011376,0.0315849684285566,0.165035594197379
BSU_40940,yyaD,12.4467413782134,0.451544737450939,0.816706239653059,0.552885132410349,0.580342068690035,0.80143334490631
BSU_40950,sprC,10.526346037658,0.0933811838720186,1.35768772237774,0.0687795745169433,0.94516507675316,0.981810821337136
BSU_40960,parB,2744.13299774506,-0.672471488937381,0.228036154768799,-2.94896872655648,0.0031883623817604,0.0369998332208947
BSU_40970,parA,1754.15734077054,-0.572497981245265,0.26307530559298,-2.17617529685972,0.0295421553358707,0.157977635992134
BSU_40980,yyaB,141.633754858819,-1.09968279911066,0.446861372104208,-2.46090368906223,0.0138587563282197,0.0989698663009892
BSU_40990,nocA,3379.97814158062,-0.118378582040056,0.253413906389887,-0.467135303371732,0.640403077586442,0.840396725366447
BSU_41000,rsmG,2333.71648006847,0.340522817905217,0.165280395862406,2.0602734893538,0.0393724028329929,0.187335675934812
BSU_41010,trmF,5029.73810091389,0.334827563239344,0.201481270519584,1.66182971933761,0.0965469215316265,0.315655455163188
BSU_41020,mnmE,3815.1238873243,0.0786773740601548,0.214085070862904,0.36750518727454,0.713242223255785,0.878513716518696
BSU_41030,jag,4392.69998846377,0.0037438875057735,0.180588336283272,0.020731613031203,0.983459750882919,0.992660259298259
BSU_41040,oxaAA,2979.15790219522,-0.0898066525437938,0.180684862239324,-0.497034734569193,0.619164557259529,0.825552743012705
BSU_41050,rnpA,1324.15387769023,0.228266690240302,0.201242732827347,1.1342853827976,0.256674858583599,0.539855656199014
BSU_41060,rpmH,2289.83139853411,-0.0202428674933156,0.207495470635119,-0.0975581174439836,0.922283183235243,0.974244902496177
