,gene_name,baseMean,log2FoldChange,lfcSE,stat,pvalue,padj
BSU_00010,dnaA,4779.4884189734,-0.0968628413739927,0.1811082581148,-0.534833929619011,0.592764698707798,0.898366832829155
BSU_00020,dnaN,3596.12861945485,-0.175593349392227,0.220978423334849,-0.794617622581867,0.426835964139982,0.832215557217779
BSU_00030,rlbA,236.082530721105,-0.133932275482808,0.214295259685814,-0.624989445306309,0.531977985397259,0.876684857769136
BSU_00040,recF,2134.75827825879,-0.179914521305204,0.227834890782762,-0.789670628089842,0.429720149037081,0.833808322702387
BSU_00050,remB,148.127520757229,-0.0024721537744609,0.2528740241702,-0.0097762266510895,0.992199823942178,0.999423131013604
BSU_00060,gyrB,4928.94068323546,-0.0694507872053636,0.168450402839108,-0.412292200165874,0.680125264920008,0.930400779595188
BSU_00070,gyrA,8219.19046310861,-0.0866285919871079,0.164851980666431,-0.525493182653328,0.599240391259131,0.898499791048637
BSU_rRNA_1,rrnO-16S,1163.01059216946,0.107203214442568,0.369321051998185,0.290271063245792,0.771608874472954,0.950152533509292
BSU_tRNA_5,trnO-Ile,2.65127867059894,-2.11231576189848,1.61246221425164,-1.30999396031046,0.190197878786407,
BSU_tRNA_6,trnO-Ala,95.4000166127312,-0.540172493144684,0.524843069254629,-1.02920763326803,0.303382116119927,0.749682542382862
BSU_rRNA_2,rrnO-23S,1902.1607800028,0.101458975268482,0.386454353016949,0.262538057797558,0.792906648152604,0.955307888035457
BSU_rRNA_3,rrnO-5S,1.6688693172503,1.05533364639095,2.24947806633821,0.469146004214597,0.638965277799634,
BSU_00080,yaaC,12.7772509935389,0.152667323825019,0.734585991451334,0.207827709215353,0.83536349614219,0.965432140533785
BSU_00090,guaB,14734.0734327239,0.0006770635075546,0.248555740538536,0.0027239906271636,0.997826572622665,0.999423131013604
BSU_00100,dacA,6825.62762046327,-0.347320180925308,0.191482427858029,-1.81384884665669,0.0697009998985996,0.431045657267656
BSU_00110,pdxS,10600.3670915401,-0.0491335507287012,0.182972736402416,-0.268529354125419,0.788291882963584,0.953913529133166
BSU_00120,pdxT,9860.14597963664,-0.0656119119485357,0.175745115743206,-0.373335621141278,0.708898667963032,0.936291123941018
BSU_misc_RNA_1,tboS,3640.20588087488,0.0381674212689349,0.198369198033974,0.192405986651205,0.847424203344375,0.971658242840376
BSU_00130,serS,3891.69382505155,0.177584486613086,0.18134731281092,0.979250719850712,0.327456113350565,0.768957086414603
BSU_tRNA_7,trnSL-Ser1,186.197990093797,-0.0926181915458371,0.417462249613265,-0.221860040354878,0.824422838479387,0.963874479709582
BSU_00140,dck,594.655500229885,-0.0285610870719179,0.193089646075924,-0.147916201890429,0.882408901601326,0.98311799825554
BSU_00150,dgk,396.359336828542,0.0516221546423545,0.202267454172302,0.255217305490877,0.798555265702331,0.95687711052214
BSU_00160,sleL,28.029304563394,0.0594014190720904,0.675880270540458,0.0878874878602254,0.929966101361405,0.99005347982244
BSU_00170,yaaI,21.7862638513162,0.412492335069651,0.7099627958134,0.581005564660697,0.561236703148235,0.890091555806749
BSU_00180,tadA,171.176103604859,0.195335461877223,0.283362252066912,0.689348918045363,0.490603720859273,0.863246066392942
BSU_misc_RNA_2,scr,11030.0730876434,0.24239669290184,0.168880140779368,1.43531792301451,0.151196522683501,0.586436998175327
BSU_00190,dnaX,2790.90346570571,0.0408536941184278,0.188503243021309,0.216726744132511,0.828421304519447,0.963874479709582
BSU_00200,ebfC,2980.2508878899,0.210772248952068,0.242672644611307,0.868545563879547,0.385095740153818,0.811850913939053
BSU_00210,recR,1127.04291537141,-0.153253715819775,0.22575195167881,-0.678858874442059,0.49722728567443,0.863577215459756
BSU_00220,yaaL,419.402178380455,-0.214935105230094,0.25203286444084,-0.852805866040325,0.393766970368593,0.815499764967614
BSU_00230,bofA,105.283650812515,-0.159743339304784,0.289783026660602,-0.551251538592966,0.581461254236683,0.895927004568973
BSU_rRNA_4,rrnA-16S,1149.53576272385,0.138852024344159,0.378778126263685,0.366578782449275,0.713933237213258,0.938593998463571
BSU_tRNA_8,trnA-Ile,1.85603227740047,-3.12773217043061,2.1311135204402,-1.4676516011144,0.14219888374789,
BSU_tRNA_9,trnA-Ala,95.465527480897,-0.44489052660462,0.471492677150396,-0.943578868060998,0.345384895140846,0.780437022674026
BSU_rRNA_5,rrnA-23S,1935.38988051585,0.130990928207589,0.382926971790263,0.342078092841514,0.732292123424283,0.94216781191762
BSU_rRNA_26,rrnA-5S,2.38811113716045,-0.54305869975727,1.7771332306041,-0.305581309496232,0.759923453021931,
BSU_00240,csfB,143.879364859632,-0.0537109595656851,0.369358195019007,-0.14541699707765,0.884381645574525,0.98311799825554
BSU_00250,xpaC,579.12706436077,0.298362883371862,0.25890770282923,1.1523909103958,0.249160474447773,0.703752680032019
BSU_00260,yaaN,1168.2144089985,0.333761411560404,0.24144268456892,1.38236290801816,0.166860299106546,0.611005403236162
BSU_00270,yaaO,1345.39481894782,-4.49907765432181e-05,0.177372357224238,-0.0002536515680757,0.999797615332179,0.999797615332179
BSU_00280,tmk,548.305559675113,-0.194909405333354,0.212346896241005,-0.917882054240813,0.358680617814529,0.792127065505423
BSU_00290,darA,737.689255651451,0.164377127921605,0.222181156376674,0.739833794198681,0.459400850649301,0.845233699123938
BSU_00300,yaaR,701.573811645634,0.339798353665105,0.244027195488219,1.39246100413226,0.163782842398611,0.605270712139316
BSU_00310,holB,1736.35647371005,0.139378426640971,0.23969498649165,0.581482444339013,0.560915346822324,0.890091555806749
BSU_00320,ricT,2691.13517476434,0.0064031473933872,0.198017789504532,0.0323362229697079,0.974203922547183,0.995053328470775
BSU_00330,dnaH,1405.54274105463,0.145858254087925,0.207631022125579,0.702487771792152,0.482375024986442,0.860962214082722
BSU_00340,trmNF,390.915978942858,0.270491327938393,0.198844589984655,1.3603152490056,0.173730184862687,0.619071406258145
BSU_00350,yazA,112.552782580319,0.33717571670267,0.267986213442561,1.25818306983519,0.208325556332896,0.65929540884759
BSU_00360,rsmI,783.459416786477,0.0996392453844184,0.197367803423775,0.504840423088054,0.61367092153109,0.898563702169665
BSU_00370,abrB,1556.51567590529,0.31866037583966,0.430500913101136,0.740208362263793,0.459173574321027,0.845233699123938
BSU_00380,metS,4917.50439118192,0.0597052680543851,0.188950324479364,0.315983940323457,0.752014697875099,0.946082443337159
BSU_00390,dayD,513.710874801299,-0.248375470276395,0.186582276755235,-1.33118469018481,0.183128247692816,0.63149736404584
BSU_00400,yabE,4388.00790154129,-0.0040392723996768,0.203669721083754,-0.019832463943012,0.984177020490514,0.998127166502402
BSU_00410,rnmV,308.480205774249,-0.211993130416815,0.311823025971921,-0.67985078958186,0.496598943620243,0.863577215459756
BSU_00420,rsmA,695.366879999545,-0.377120218475887,0.26080921651223,-1.44596200824139,0.148187858074031,0.581542723974219
BSU_00430,prtG,8.73305762662276,-0.447093854259305,0.916943384809039,-0.487591558722478,0.625839175853553,
BSU_00440,veg,774.525251103673,0.647975635308158,0.206607141764741,3.13626929724431,0.0017111200281781,0.0867574831225489
BSU_00450,sspF,3.17652140328737,1.42675704616732,1.869731720437,0.763081157886034,0.445414996352083,
BSU_00460,ispE,1410.62381087796,-0.0551744010352864,0.207336582304181,-0.26611030442443,0.790154259263471,0.954829481475368
BSU_00470,purR,3637.19000113036,-0.122887802249184,0.231558948367375,-0.530697704043026,0.595628277316433,0.898499791048637
BSU_00480,ridA,3885.99370909829,0.109547600210892,0.178056661249548,0.615240112007715,0.538396161258635,0.881280146098961
BSU_00490,spoVG,9393.61766372426,0.590593012549399,0.227606896348465,2.59479401557852,0.0094647623239748,0.201273220599028
BSU_00500,glmU,7892.7612504683,-0.205283496939118,0.161585918708359,-1.27042937020785,0.203931726882409,0.653858145180759
BSU_00510,prs,5502.96894519928,-0.263318252407163,0.167805079056285,-1.56919119425962,0.116603395431839,0.529959494252577
BSU_00520,ctc,6576.52743873734,-0.0853946749626145,0.20488653805166,-0.416790072079227,0.67683196476297,0.9288710749667
BSU_00530,pth,856.745293510014,-0.0739712023685255,0.214564998331322,-0.344749623395249,0.730282608432476,0.94216781191762
BSU_00540,fin,528.303535739659,0.0125026898164789,0.221685546571538,0.0563983083689413,0.955024504538298,0.993454444844946
BSU_00550,mfd,2952.3690549748,-0.208494042252464,0.213018626597595,-0.978759677416955,0.327698737516704,0.768957086414603
BSU_00560,spoVT,746.419276881684,-0.296174368304066,0.223907602996595,-1.32275261911749,0.185917658563788,0.63212003911688
BSU_00570,yabM,357.582483388725,0.0101160730287398,0.221629013988843,0.045644172875529,0.963593860978177,0.995053328470775
BSU_00580,yabN,1458.14066349856,0.0200444704095735,0.20846290813481,0.0961536543307311,0.923398538679927,0.989679266437973
BSU_00590,hslR,572.954807891752,-0.0892853945191137,0.269665196790288,-0.33109721084456,0.740571058359898,0.943728055241868
BSU_00600,spcP,731.143595004441,-0.0709786522230668,0.23673853396843,-0.299818753767108,0.764315409589651,0.949157619307012
BSU_00610,spcQ,678.868498055797,0.0505681900752765,0.222884013776264,0.226881189092538,0.820516129590743,0.962930081207366
BSU_00620,divIC,1771.18057280804,0.378064569626848,0.21836607244476,1.73133383494126,0.0833922400913688,0.46544879704514
BSU_00630,yabR,8366.44404593052,0.204532404692959,0.226440132716156,0.903251566935538,0.366392395179347,0.799401127034692
BSU_tRNA_10,trnSL-Met1,10.8500649133119,0.299854177037146,0.702654523697907,0.426744818291474,0.669565202709893,0.924935333618957
BSU_tRNA_11,trnSL-Glu1,86.6430953201441,0.0558866247363157,0.437105819724243,0.127856052732432,0.898262890357902,0.984517604748476
BSU_00640,spoIIE,199.360706798105,-0.157339363527079,0.28702001719944,-0.54818254511409,0.583566566103143,0.896685965943419
BSU_00650,yabS,137.56791387872,-0.0727164096287476,0.420442921652957,-0.172951917808167,0.86268922199382,0.975785977986049
BSU_00660,prkT,48.41695672266,0.549658110811322,0.422849697756441,1.29989004066386,0.193638659018141,0.642804156129089
BSU_00670,tilS,3054.3966378623,0.252088821005789,0.294952332943469,0.854676477687345,0.392730276087465,0.815499764967614
BSU_00680,hprT,1953.35273202273,0.0560168690524953,0.251755827487866,0.222504756340527,0.823920971045288,0.963854840212569
BSU_00690,ftsH,15191.834422175,0.110892342508233,0.256562489792251,0.43222352027386,0.665578966380405,0.921979185398654
BSU_00700,coaX,1241.89871112338,0.392096379889407,0.185404645921336,2.1148142105121,0.0344457852317674,0.330002187052544
BSU_00710,hslO,1430.68005344758,0.21062070290212,0.182058904795394,1.15688218128536,0.247320499674225,0.701238748189163
BSU_00720,yacD,1754.5377957357,0.0618629451787673,0.183545574173325,0.337044058171346,0.736083687561604,0.943089892697568
BSU_00730,cysK,12299.5717762975,-0.027392849872491,0.242954405318682,-0.112748932609639,0.910229605943643,0.985681580424162
BSU_00740,pabB,1470.59198709333,-0.0198153497263062,0.18012744587525,-0.11000738743628,0.912403516149383,0.985908263929514
BSU_00750,pabA,1137.6725850218,-0.0671893898976046,0.205933492718876,-0.326267422605832,0.74422203378458,0.944560056303744
BSU_00760,pabC,880.363054428618,0.022805184390476,0.179022565262265,0.127387205948405,0.898633941917189,0.984517604748476
BSU_00770,folP,1176.63245795709,-0.0465937716040534,0.169343154365579,-0.275144110658683,0.783205523477225,0.952192959918294
BSU_00780,folB,491.353323943261,0.0306631753446283,0.185818448275472,0.165016851820712,0.868930718057937,0.977853019335622
BSU_00790,folK,636.114973763215,-0.073745975722063,0.183360874686227,-0.402190357393634,0.687543938147594,0.930797046120767
BSU_00800,yazB,403.907048525427,0.0431502970790071,0.192962986176884,0.223619554889415,0.823053346361291,0.963686435730761
BSU_00810,dusB,3335.49784406324,-0.119583221684135,0.164731077223836,-0.725929944121261,0.467881718517997,0.850017037507684
BSU_00820,lysS,4780.41676972113,-0.329770783877257,0.175916771654408,-1.87458410460771,0.0608499616335577,0.412179871832095
BSU_rRNA_6,rrnJ-16S,1176.51034608139,0.0501598474220086,0.383560765517181,0.130774187381691,0.895953943091703,0.984517604748476
BSU_rRNA_7,rrnJ-23S,1914.59659113155,0.137241330999051,0.38723857534921,0.35441027763127,0.723031433356123,0.939822102692
BSU_rRNA_8,rrnJ-5S,0.586808301849091,-0.602806139462077,2.91130755327418,-0.207056839042696,0.835965469053363,
BSU_tRNA_12,trnJ-Val,3.77328041092168,-0.567890431245812,1.36313698350779,-0.41660554890415,0.676966949967899,
BSU_tRNA_13,trnJ-Thr,31.9132923587284,0.376591071038751,0.472741855169665,0.796610384548232,0.42567734446114,0.831579946759049
BSU_tRNA_14,trnJ-Lys,140.478917386495,-0.114660699479608,0.397296399109362,-0.288602413051436,0.772885648698966,0.950152533509292
BSU_tRNA_15,trnJ-Leu1,254.879652541092,-0.340534110812776,0.355413933089138,-0.95813382399775,0.337995281475974,0.772977856897842
BSU_tRNA_16,trnJ-Gly,312.805225199012,-0.578838607431221,0.338165932324221,-1.71169994402704,0.0869519789473202,0.473260430374038
BSU_tRNA_17,trnJ-Leu2,305.708846779418,-0.459464754732699,0.310478332104974,-1.47986093463473,0.138910362944557,0.567603801305911
BSU_tRNA_18,trnJ-Arg,73.9294740409902,-0.562169200057115,0.351249968640003,-1.60048185124049,0.109491729914959,0.518427561303601
BSU_tRNA_19,trnJ-Pro,20.8903007397098,-0.643905365784829,0.784372263625736,-0.820918071233673,0.411692936833413,0.822183336552756
BSU_tRNA_20,trnJ-Ala,108.569275452272,-0.395101036314133,0.405344718639032,-0.97472846726783,0.32969496819365,0.770125968053083
BSU_rRNA_9,rrnW-16S,1140.23123296925,0.0860259947776569,0.385896645901879,0.222924961103525,0.82359390902754,0.963854840212569
BSU_rRNA_10,rrnW-23S,1904.97945358393,0.0877985915216574,0.39860099785589,0.220266863339364,0.825663325632026,0.963874479709582
BSU_rRNA_11,rrnW-5S,0.921182965632826,1.17376960810817,3.43115457766125,0.342091730798162,0.732281860329405,
BSU_00830,ctsR,945.525553684919,1.72079103117401,0.327111028082789,5.26057174305506,1.43608157072555e-07,5.21558715913508e-05
BSU_00840,mcsA,828.145733451536,1.61503534845817,0.351127551886525,4.59956884551203,4.23366262980714e-06,0.0008054039145752
BSU_00850,mcsB,2744.25982674638,1.50072703273693,0.328918214248788,4.5626145580427,5.05205115584685e-06,0.0008775193203307
BSU_00860,clpC,8816.9630597312,1.44299399165043,0.300979279564616,4.79433000749357,1.63219399927013e-06,0.0003693030153947
BSU_00870,radA,846.715921703693,0.588042498106571,0.306447030185663,1.91890421568224,0.0549964570241115,0.396465048629492
BSU_00880,disA,908.787774202953,0.630533730926798,0.291842313004299,2.16052882954471,0.0307317542841681,0.316957047285899
BSU_00890,yacL,1155.95394709168,0.479160389748169,0.27172387151204,1.7634092547034,0.0778314900378044,0.446748279742857
BSU_00900,ispD,895.910418446736,0.422961778380845,0.253626326016029,1.66765723820845,0.0953837887264205,0.49232330227655
BSU_00910,ispF,285.006238259704,-0.12232935254229,0.270382154326502,-0.452431310960598,0.650958294669079,0.914296970715904
BSU_00920,gltX,6678.88122602331,-0.142933491837565,0.177411974079721,-0.805658651728528,0.420439697024769,0.827560752092051
BSU_00930,cysE,457.506417656401,-0.3852369356423,0.227407644616329,-1.69403687502349,0.0902582761559639,0.480775750990768
BSU_00940,cysS,1554.2760114445,-0.27757193770733,0.169838281922474,-1.63433081496923,0.102189406672333,0.504631248029631
BSU_00950,mrnC,335.21156876752,-0.155319999570393,0.225799070199245,-0.687868198187614,0.491535784750396,0.863246066392942
BSU_00960,rlmB,976.74610714265,-0.187622041373042,0.174972747865261,-1.07229293511194,0.283588479016669,0.733291892344073
BSU_00970,raeA,702.505149955478,-0.214695923583518,0.177569396961346,-1.20908178581163,0.226631426073738,0.679214213926921
BSU_00980,sigH,3516.20251192021,0.519589864350458,0.175236642428771,2.96507543827003,0.0030260871434408,0.119695229089565
BSU_00990,rpmGB,630.433273535721,0.54154772978749,0.194219748873854,2.78832473488176,0.0052981406555335,0.148014488943052
BSU_01000,secE,1502.90577707897,0.385647701719339,0.201983789513682,1.90930025943105,0.0562233688723529,0.398572276913923
BSU_01010,nusG,2562.36173073918,-0.600314085247044,0.261774971856815,-2.29324477045652,0.0218339169386447,0.276909517999636
BSU_01020,rplK,43001.1647375709,-0.272342610584621,0.221322180171599,-1.2305256091977,0.218500343154596,0.670436920816137
BSU_01030,rplA,26497.3322591324,-0.391477375611087,0.278749854469176,-1.40440387442203,0.160198617819457,0.602274099362685
BSU_misc_RNA_3,ldlJ,16133.7187652544,-0.903799423769046,0.462000023866106,-1.95627570796615,0.0504326842133284,0.378719122992945
BSU_01040,rplJ,27849.7513344016,-1.08702510810115,0.521156064150677,-2.08579575845992,0.0369971278032321,0.336708345262789
BSU_01050,rplL,26696.5967334795,-0.91878775927318,0.428823201560818,-2.14257940318761,0.0321468864976745,0.319469680493058
BSU_01060,rlmG,901.683239562589,-0.957025303040525,0.518463633622735,-1.84588704197701,0.0649086085454445,0.419132146462597
BSU_01070,rpoB,33894.1649368616,-0.349774019107904,0.268948042261521,-1.30052636251499,0.193420626881908,0.642804156129089
BSU_01080,rpoC,40570.8865624715,-0.411058516547979,0.281029802577666,-1.46268656483285,0.14355316410203,0.574068959547155
BSU_01090,rulS,6396.00004308593,-0.664528752065996,0.399793308907295,-1.66218077506667,0.0964765335228576,0.494494836702344
BSU_01100,rpsL,39226.8357229496,-0.837446857203749,0.506144720854013,-1.65456009457282,0.0980137638406385,0.497541278962327
BSU_01110,rpsG,28809.4501813561,-0.768118065071301,0.470530453458914,-1.63245133109832,0.102584443176208,0.505700848265878
BSU_01120,fusA,102305.933972818,-0.808343232787207,0.407128050637681,-1.98547663694777,0.0470914669265124,0.372535466082014
BSU_01130,tufA,172454.512321449,-0.0077464312331358,0.168628737310128,-0.0459377882839104,0.963359835260705,0.995053328470775
BSU_01140,ybaC,219.073426157582,-0.103040563023724,0.293761053076443,-0.350763186421826,0.725766017518185,0.940464290571421
BSU_01150,rpsJ,16673.4009854183,-0.953746843296294,0.842786928584535,-1.13165832424349,0.257778109189407,0.710095027065554
BSU_01160,rplC,32637.694853035,-1.00710218651169,0.859082605448624,-1.17229959042852,0.241076795993818,0.695243455099488
BSU_01170,rplD,23945.5098805078,-1.01829796080258,0.851314531467671,-1.19614774934833,0.231638906805429,0.683541385866546
BSU_01180,rplW,7791.39118072756,-1.04959017686982,0.847512214503578,-1.23843663714582,0.215554202913701,0.666291314883751
BSU_01190,rplB,37696.1612750256,-1.0744466845343,0.847020296469289,-1.26850169826273,0.204618844634861,0.654807853213068
BSU_01200,rpsS,14240.8770775182,-1.00610790922612,0.863459826702271,-1.16520523377289,0.243935927601964,0.698288207927481
BSU_01210,rplV,20515.5643986497,-1.03529153303463,0.810868459802001,-1.27676877860982,0.201683891187471,0.651773459586235
BSU_01220,rpsC,24859.44614453,-1.09634299191603,0.784013639319222,-1.39837234575156,0.162001283098554,0.604492935372529
BSU_01230,rplP,11561.0860863885,-1.01702984846798,0.769643804483803,-1.32142926707517,0.186358272777482,0.632726097578037
BSU_01240,rpmC,6296.24023454005,-1.02888060547301,0.521885709920429,-1.97146728855612,0.0486704510408478,0.377148975711731
BSU_01250,rpsQ,7594.60669612988,-0.900145156993966,0.781777864114078,-1.15140783375086,0.249564492542696,0.703752680032019
BSU_01260,rplNA,18644.3053521255,-0.985394171316322,0.5042513112131,-1.95417274958733,0.0506807908547069,0.379868216631433
BSU_01270,rplX,16930.9983397874,-0.928445005822714,0.493413095721151,-1.88167888909746,0.0598796277690078,0.409621768728059
BSU_01280,rplE,27904.2036528786,-0.884635367097139,0.483112450265505,-1.83111688926868,0.0670830981632234,0.424045849939996
BSU_01290,rpsNA,11488.1192425707,-0.961939167487636,0.481564242148789,-1.99753030498146,0.0457676057763796,0.371345630486349
BSU_01300,rpsH,19581.8231513987,-0.868000347997464,0.45485117633585,-1.90831725442556,0.0563502242312027,0.398572276913923
BSU_01310,rplF,23350.97745056,-0.886544199432364,0.424484351882244,-2.08852033178905,0.0367509233131417,0.336708345262789
BSU_01320,rplR,19194.0786904461,-0.944578718454788,0.416639553555178,-2.26713645018749,0.0233818915050406,0.279672624439034
BSU_01330,rpsE,17421.0162955182,-0.975100658698036,0.38772689074132,-2.51491625157512,0.0119060662350408,0.217190568990813
BSU_01340,rpmD,4954.19838165785,-0.879084794164327,0.341750381914363,-2.57230083910955,0.0101025062858747,0.203866330956154
BSU_01350,rplO,26146.2003566617,-0.69983415737903,0.335305730967944,-2.08715238883268,0.0368743616795773,0.336708345262789
BSU_01360,secY,76638.8986131405,-0.430897491059399,0.280488384556618,-1.53624005407761,0.124479515710082,0.539366231303448
BSU_01370,adk,31900.823325428,-0.419940496076722,0.258078776960678,-1.62717950318211,0.103698979621092,0.508315857161058
BSU_01380,mapA,34065.9364280941,-0.553242367478329,0.28560569040122,-1.93708454023143,0.0527350100859662,0.384445922068312
BSU_01389,ybzG,12395.7263447816,-0.477810843169069,0.261792336617342,-1.82515213906921,0.0679780739591929,0.424995939697927
BSU_01390,infA,7617.22793302708,-0.484662434782133,0.245705990142688,-1.97252999204731,0.048549135992377,0.377148975711731
BSU_01400,rpmJ,5441.83956209807,-0.603108628057353,0.261221686151724,-2.30879999644077,0.020954682231783,0.270045017793461
BSU_01410,rpsM,8494.04082487926,-0.7875529072485,0.268398311143265,-2.93426923550246,0.0033433406005112,0.120613884529051
BSU_01420,rpsK,7495.58556147337,-0.575654611673194,0.262760109361119,-2.19079910216529,0.0284663336326292,0.30620852715916
BSU_01430,rpoA,37090.7657343195,-0.245744845739664,0.248844051360506,-0.987545590887559,0.323375244320154,0.764261544570714
BSU_01440,rplQ,10022.962064645,-0.0956724215132273,0.261692016132529,-0.365591671183335,0.714669790938604,0.938765949119386
BSU_01450,ecfA,1148.32417234882,-0.333973769481303,0.255770360252499,-1.3057563399903,0.191635431755747,0.639478511907615
BSU_01460,ecfAB,948.680661582905,-0.231900861513758,0.251673573510351,-0.921435088631664,0.356823316331683,0.790695160203135
BSU_01470,ecfT,652.42703176237,-0.0825292749842062,0.239509383945066,-0.344576373688703,0.730412870236082,0.94216781191762
BSU_01480,truA,1526.7219498527,-0.72242050373623,0.296700159670125,-2.43485040432545,0.0148979474695504,0.237369220569102
BSU_misc_RNA_4,ldlM,233.010277566308,-1.09118468438658,0.36560768216367,-2.98457810823049,0.0028396969046984,0.113445891342701
BSU_01490,rplM,10710.6820379133,-0.590308049018117,0.255259453130588,-2.3125805598123,0.0207457113818153,0.269088042111533
BSU_01500,rpsI,9802.02213477675,-0.581284638119621,0.265110978036861,-2.19260870456597,0.0283355834371094,0.30620852715916
BSU_01510,ybaJ,1166.11511248001,0.570132295208961,0.188407218072311,3.02606397484274,0.0024775987518362,0.106598731790578
BSU_01520,ybaK,3.41911008836805,0.119738401750466,1.3680960767833,0.087521924653127,0.930256658945741,
BSU_01530,cwlD,15.9075090646821,0.0038551981008951,0.790308517309434,0.0048780925631676,0.996107860693774,0.999423131013604
BSU_01540,salA,6990.30346600956,0.745054626368883,0.279181398427302,2.66871156375733,0.007614280775534,0.182908898746128
BSU_01550,gerD,10.6193838922054,-1.21572729901285,0.959313430725706,-1.26728893818694,0.205051994384748,0.654822316200694
BSU_01560,kbaA,215.73569318987,0.479112480134017,0.271066224004001,1.767510806241,0.0771427208792674,0.446234178571192
BSU_01570,pdaB,8.71747660896124,-0.749758766601992,1.12654332477594,-0.665539220829443,0.505705666364569,
BSU_rRNA_23,rrnI-16S,842.649493647099,0.0856089247204973,0.384383634362938,0.222717402790527,0.82375545606159,0.963854840212569
BSU_rRNA_14,rrnI-23S,1763.63082198403,0.110009289575828,0.386957335364733,0.28429307192778,0.776185795007393,0.950152533509292
BSU_rRNA_15,rrnI-5S,1.21747050714889,0.295204029415947,2.89813527420989,0.101859989781336,0.918867808252969,
BSU_tRNA_23,trnI-Asn,0.986118728034797,-0.971819023773719,2.57759443730274,-0.377025574585991,0.70615459922255,
BSU_tRNA_24,trnI-Thr,73.3020023825672,0.858725585800822,0.379361538014837,2.26360740283386,0.0235982721389361,0.279726290013814
BSU_tRNA_25,trnI-Gly,36.6392278364097,0.723976356135324,0.505785878105192,1.43138902740332,0.152318751367556,0.588504266647374
BSU_tRNA_26,trnI-Arg,78.7593017456066,-0.764845367164035,0.478601132812266,-1.59808515844874,0.110024026177237,0.518686883032867
BSU_tRNA_27,trnI-Pro,15.7087376107536,-0.308060938439443,0.702782505176049,-0.438344631760964,0.661136476673235,0.919080297087164
BSU_tRNA_28,trnI-Ala,21.9648431319511,-0.382078447801975,0.519784782634986,-0.73507047640963,0.462296573676357,0.846801839448439
BSU_rRNA_16,rrnH-16S,1007.69238493543,0.114537866969216,0.390922076545994,0.292994112742926,0.769526651682362,0.950152533509292
BSU_rRNA_29,rrnH-23S,1425.56416982157,0.221365375184093,0.38627962259672,0.573070289589676,0.566597102785662,0.89151454337484
BSU_rRNA_24,rrnH-5S,0.103411063149613,0.705013324437749,3.52751253966787,0.199861323385722,0.841589039579182,
BSU_rRNA_25,rrnG-16S,1082.47192133292,0.0854499819584074,0.372702723510732,0.229271149814785,0.818658175402116,0.961975831855524
BSU_rRNA_27,rrnG-23S,1918.08047936938,0.124485145382648,0.393281217109615,0.316529597567715,0.751600563505633,0.946082443337159
BSU_rRNA_28,rrnG-5S,1.04414157264148,2.16224201158946,2.9916533023486,0.7227582186385,0.469828440708207,
BSU_01580,ybaR,903.998418694634,-0.31396473216675,0.239574003940166,-1.31051252223995,0.190022510836501,0.638911647084273
BSU_01590,ybaS,355.868360885039,0.306041984556033,0.260906428383894,1.17299518625018,0.240797736086073,0.695243455099488
BSU_01600,eesA,86.2804103872925,-0.256037419305285,0.416190409934385,-0.615192981850906,0.538427282046487,0.881280146098961
BSU_01610,feuC,140.514562176291,0.182525249545855,0.345100248739288,0.52890500720487,0.596871348293561,0.898499791048637
BSU_01620,feuB,141.014534486007,0.180669310514651,0.459646792360775,0.393061179839245,0.694274295271794,0.93192553433051
BSU_01630,feuA,538.77867661926,-0.404110409684612,0.418397021832427,-0.965853934415584,0.33411727581292,0.771559836342553
BSU_01640,btr,282.598226680856,0.837773457188563,0.323401964629767,2.59050206496937,0.0095836046596927,0.201273220599028
BSU_01650,ybbC,254.937929386856,0.398635922745639,0.471084806031179,0.846208405879376,0.397436493462311,0.81969994392459
BSU_01660,nagZ,293.84223087218,1.04122487707127,0.433520834647775,2.40178739717836,0.0163151875157949,0.24689081108182
BSU_01670,amiE,213.153603917496,0.612989141403578,0.445842935128145,1.37489930445436,0.169162664953192,0.613682673463064
BSU_01680,murP,170.850629798707,0.831305876233677,0.433382666586879,1.91817979888457,0.0550882167883278,0.396465048629492
BSU_01690,murR,160.843452208286,0.360241478577165,0.466543405208536,0.772149974804903,0.440025606235684,0.838693843946353
BSU_01700,murQ,357.243995141492,0.723285518082241,0.397301056457089,1.82049734408486,0.0686833003491185,0.428065187043258
BSU_01710,ybbJ,46.8642046010731,-0.145890167487339,0.514054234633096,-0.283803065237791,0.776561305355704,0.950152533509292
BSU_01720,ybbK,123.81602104952,-0.461859872215456,0.668435998955813,-0.69095601214917,0.489593184718778,0.863246066392942
BSU_tRNA_75,trnSL-Glu2,74.3547686029236,-0.207066586503881,0.439062411198342,-0.471610826211995,0.637204597767438,0.909754077800625
BSU_tRNA_78,trnSL-Val1,4.00136203887781,0.0591197123112064,1.16190380680285,0.0508817614376209,0.959419738946643,
BSU_tRNA_76,trnSL-Thr1,69.2175953700281,0.0385004248142712,0.605667318722394,0.0635669510705724,0.949315047724735,0.993454444844946
BSU_tRNA_77,trnSL-Tyr1,127.50370873185,-0.067975991369909,0.465614587686848,-0.14599197097241,0.883927726752978,0.98311799825554
BSU_tRNA_74,trnSL-Gln2,37.3293451337862,-0.516565265363651,0.518423254417559,-0.996416076944706,0.319048024766929,0.759592883756782
BSU_01730,sigW,1773.41440147172,0.44763874634061,0.194256650526384,2.30436767610081,0.0212020129031111,0.271480902397207
BSU_01740,rsiW,2529.50147767923,0.521875135454621,0.184764360542392,2.8245443759966,0.0047347891307365,0.136863106354096
BSU_01750,cdaA,1147.9810348579,0.256476588711704,0.262773713762384,0.976035939970865,0.329046654456907,0.769637812971514
BSU_01760,cdaR,2426.58032515075,0.167604620734464,0.216035743720922,0.775818935550676,0.437855901915113,0.837755904286819
BSU_01770,glmM,3010.63103097537,0.262696525430893,0.172218318614706,1.52536923797641,0.127167027032421,0.543623116750728
BSU_misc_RNA_5,glmSA,544.217274763631,0.130681532028473,0.334959596167091,0.390141179783617,0.696432153653481,0.93192553433051
BSU_01780,glmS,17963.701094232,-0.17764897057601,0.2952139163132,-0.601763537419211,0.547331549587166,0.884920176655445
BSU_01790,ybbU,13.5603855007517,-0.345592412663086,1.00280231871023,-0.344626658928728,0.730375061312819,0.94216781191762
BSU_01800,alkA,174.448145155756,0.233672996191538,0.292962755882221,0.797620146246443,0.425090956336934,0.830918304754471
BSU_01810,adaA,12.4412240741425,1.55259046651852,0.945821450125199,1.64152596276285,0.100688282230646,0.500933608357947
BSU_01820,adaB,36.0683674268278,0.0545278965694847,0.414773261326723,0.131464348485406,0.89540798754801,0.984517604748476
BSU_01830,ndhF,121.808629445055,0.159084989371328,0.351436177287488,0.452671067046097,0.65078561651993,0.914296970715904
BSU_01845,ybcC,296.392399502874,-0.0525278053314995,0.225467731790557,-0.232972607274437,0.815782676772166,0.961088703540196
BSU_01860,ybcF,86.5751861021261,-0.0902453142890719,0.39260110365294,-0.229865156896882,0.818196552140707,0.961946799824051
BSU_01870,ybcH,47.4992896868111,0.697345653437646,0.518880302245235,1.34394319927,0.178966755233049,0.626633714486021
BSU_01880,ybcI,145.424145740673,0.464359504072449,0.260604161951406,1.78185759043647,0.074772457927619,0.444895401769096
BSU_01889,ybzH,312.948362971352,0.392262684331025,0.26637945408079,1.47257109481145,0.140866723663031,0.571829095153621
BSU_01890,ybcL,36.1650473209317,-0.120164697072321,0.414318863043501,-0.290029510579403,0.771793661245633,0.950152533509292
BSU_01900,ybcM,3.10454097053616,0.986124167505882,1.38846893162451,0.710224150534011,0.477565146884445,
BSU_01910,skfA,75.2700029933319,0.537111790218689,0.374812987581189,1.43301275039821,0.151854193557853,0.587434521641149
BSU_01920,skfB,124.01085614664,0.332871588570653,0.282199136360679,1.17956274729774,0.238174166649575,0.693012232895158
BSU_01935,skfC,162.277629629798,0.305705235282262,0.299156509463942,1.02189063453794,0.306832665586785,0.749682542382862
BSU_01950,skfE,189.407325737729,0.126941449827099,0.342644390340167,0.370475785992222,0.711028015070717,0.93726733188558
BSU_01960,skfF,148.231379741619,0.52851038442648,0.295082673419305,1.79105868298637,0.073283878482118,0.441582344699942
BSU_01970,skfG,76.559317312926,0.329130292035477,0.305675233882152,1.07673195455006,0.281600032315037,0.732376694832318
BSU_01980,skfH,149.51864465509,0.799614711212175,0.271073583226225,2.94980684467824,0.0031797265177559,0.120613884529051
BSU_01990,ybdG,173.985908890572,0.153589712860304,0.301636176004355,0.509188635444333,0.610620008184493,0.898499791048637
BSU_02000,ybdJ,130.443903246087,-0.177937488947201,0.275611604202919,-0.645609568805362,0.518532238805134,0.871482359396837
BSU_02010,ybdK,232.506735264418,0.099649085586061,0.252132931428728,0.395224396200023,0.692677289658606,0.93192553433051
BSU_02019,ybzI,479.272255031136,0.317027001448462,0.227683474177216,1.39240233659517,0.163800597310649,0.605270712139316
BSU_02030,ybdM,138.872934183064,0.0417103907370498,0.290853119567481,0.143407059890147,0.885968707620445,0.98311799825554
BSU_02040,ybdN,100.771939582573,0.594583955151526,0.382516351067579,1.55440140922624,0.120088697308343,0.532090539518177
BSU_02050,ybdO,627.137190719841,0.351830656021518,0.257565387230304,1.36598577862066,0.171943427129133,0.617728409515187
BSU_02060,ybxG,534.317384780085,-0.113584684186194,0.233244181840028,-0.486977566986417,0.626274228470229,0.906100640206111
BSU_02070,csgA,0.795449225894308,0.150218970179336,3.19602909526718,0.0470017530196416,0.962511830366927,
BSU_02080,ybxH,1.00016687342813,-0.575604217659243,2.86735917048777,-0.200743675080414,0.840899007012917,
BSU_02090,ybxI,246.866543067805,0.925458019358422,0.269759434959135,3.43067896586681,0.0006020726746246,0.0449023016458502
BSU_02100,cypC,62.4359048017844,-0.307707060470567,0.634464199224732,-0.484987270907582,0.627685374944788,0.906100640206111
BSU_02110,ybyB,265.850335862129,-0.0928202163273104,0.637667816584328,-0.145562021342872,0.884267151150582,0.98311799825554
BSU_02120,ybeC,2905.92341895242,-0.0862992372681658,0.274600936311267,-0.314271460350534,0.753314872262961,0.946082443337159
BSU_02130,glpQA,7470.01484976421,0.76985792613543,0.176062752051493,4.37263371817721,1.22756582436555e-05,0.0018163427660519
BSU_02140,glpT,6632.78800076232,0.801403862453522,0.173588144523919,4.61669697922888,3.89895934336838e-06,0.0007788171288378
BSU_02150,ybeF,8.33533020810771,-1.089070155351,1.11612353065167,-0.975761307276737,0.329182763197928,
BSU_02160,ybfA,52.123666803126,0.694218809522083,0.499734361478454,1.38917565617912,0.164779342360036,0.606438937896486
BSU_02170,ybfB,116.11258004517,0.185476370849085,0.348004126944326,0.532971756621604,0.594053131390577,0.898499791048637
BSU_02190,ybfF,382.379241801298,0.73972870585861,0.282145835231696,2.621795587559,0.0087467875707532,0.19346256848396
BSU_02200,ybfG,1007.41619530218,-0.287026496743067,0.174343205484629,-1.64633027106051,0.0996957804424767,0.499649985791331
BSU_02210,ybfH,101.400570035821,-0.572594930764285,0.477181157770072,-1.19995293494004,0.230157619716236,0.681134284224436
BSU_02220,ybfI,92.2088202771422,0.360059772579058,0.311087820616613,1.15742163053949,0.247100140879254,0.701238748189163
BSU_02230,purT,5042.62628110269,0.285389279343996,0.229490601960717,1.24357719621498,0.213655213228189,0.665278703699621
BSU_02240,mpr,638.257639617972,0.351070336631161,0.209347918589163,1.67697075278843,0.0935482011838401,0.489168931583038
BSU_02250,ybfJ,333.139344436025,-0.0951054826506214,0.210306127506181,-0.452224021137122,0.651107604927846,0.914296970715904
BSU_02260,cesB,710.717872386188,0.112736625317517,0.204000213493579,0.552629937914577,0.580516837529269,0.895927004568973
BSU_02270,pssA,538.053518428965,0.0135187633472904,0.200020103681784,0.067587022996437,0.946114385925321,0.993454444844946
BSU_02280,ybfM,251.59734054711,-0.265781542699489,0.268413242920212,-0.990195341362106,0.322078649165863,0.763169752916739
BSU_02290,psd,835.060621986469,0.0164829452611514,0.17527797636096,0.0940388838538798,0.925078268732521,0.989881111323351
BSU_02300,ybfN,38.141159668097,1.02752475392301,0.441533239445345,2.32717417880881,0.0199559967273381,0.26633155140177
BSU_02310,ybfO,90.8526958434302,0.881130972506307,0.434878068507388,2.02615637879963,0.0427487621516148,0.360673357623874
BSU_02320,ybfP,116.058581803377,0.898286309831095,0.348647523433612,2.5764884287272,0.0099809546121251,0.203866330956154
BSU_02330,ybfQ,1286.87663497864,0.510347379326416,0.236125918181787,2.16133571128568,0.030669416250971,0.316957047285899
BSU_02340,gltP,108.533034005789,0.243474089155363,0.361116421881157,0.674226023527366,0.500167627220278,0.865383140210053
BSU_02350,gamP,1440.14072273844,0.0714399369489239,0.36185504686145,0.197426946421111,0.843493444383562,0.969283686944304
BSU_02360,gamA,810.068583959407,0.265969082749904,0.326026021823844,0.815790964359312,0.41461970197291,0.822183336552756
BSU_02370,gamR,292.663556537448,-0.0628183854372572,0.28777457563472,-0.218290254789548,0.827202966938815,0.963874479709582
BSU_02380,ybgB,99.4702320352792,-0.482108787857123,0.427425099987752,-1.12793747459131,0.259346326029732,0.711192851591976
BSU_02390,ilvE,251.687021178764,-0.119933933911327,0.2294080989439,-0.522797296448788,0.601115321201799,0.898499791048637
BSU_02400,ybgF,634.091082255545,-0.801594201048084,0.382936703770667,-2.09328119544306,0.0363240602780731,0.336708345262789
BSU_02410,ybgG,643.451242502288,0.0116837571359116,0.29339216807234,0.0398230028179581,0.968234237178507,0.995053328470775
BSU_02420,glnT,26.6777969577218,0.698656041513063,0.539062179603958,1.29605835457861,0.194955381255375,0.644579975650109
BSU_02430,glsA,2.80115166460525,1.46317394975115,1.9469336665196,0.751527376054247,0.452335331591725,
BSU_02440,glnJ,153.654649376549,0.0404227815354503,0.312629331769608,0.129299388853378,0.897120754999665,0.984517604748476
BSU_02450,glnL,215.267867491342,0.118785145194485,0.303263294907079,0.391689819339597,0.69528741319385,0.93192553433051
BSU_02460,kdgD,55.3242201640433,0.0554034634432638,0.362364587880453,0.152894254284974,0.878481667052803,0.981230545382333
BSU_02470,gucD,81.501337756369,-0.247080964013732,0.289691569900602,-0.852910438845387,0.393708972360825,0.815499764967614
BSU_02480,gudP,95.4738894532849,-0.295435497873671,0.294763068084349,-1.0022812552254,0.316207773148411,0.756201623653936
BSU_02490,gudD,134.131958411819,-0.384480078923815,0.269041383482066,-1.42907412215803,0.15298293039779,0.589360469565258
BSU_02500,garR,543.047030697994,0.302913639474268,0.234987099353082,1.28906497551648,0.19737549862383,0.646712387151323
BSU_02510,garD,360.419421853891,-0.182759211416444,0.265559903394299,-0.68820333597232,0.491324743464646,0.863246066392942
BSU_02520,ycbJ,666.752505596803,0.315207727589833,0.195563735504942,1.61179027786503,0.107007584502006,0.513674562482669
BSU_misc_RNA_6,tboW,698.760720024463,0.346462776132264,0.285223679673971,1.21470551297948,0.224478429132978,0.677846806036469
BSU_02530,rtpA,9.85879689467095,0.832732871527343,0.727249272969556,1.14504462565781,0.252190672006297,0.70701876116853
BSU_02540,ycbK,80.5534239110658,-0.457402270646608,0.296853547106619,-1.54083478235254,0.123357001751961,0.538086565424345
BSU_02550,ycbL,143.898215866121,-0.101478102301856,0.296193252226783,-0.342607745243834,0.731893574506042,0.94216781191762
BSU_02560,ycbM,254.654160939898,-0.117021923530711,0.231603335081121,-0.505268732376945,0.613370100907974,0.898563702169665
BSU_02570,ycbN,346.467767936224,0.178406053392956,0.233994118493903,0.762438195204485,0.44579851726943,0.84414847365364
BSU_02580,ycbO,257.979549288622,0.125606843465085,0.217889576974696,0.576470179111283,0.564297420788817,0.89151454337484
BSU_02585,BSU_02585,0.621267737629024,-0.144011124161797,3.47156066597728,-0.0414831074603321,0.966910759555342,
BSU_02590,ycbP,57.0895876888778,-1.25286989325036,0.870871753766126,-1.43863879822978,0.150252887740464,0.583343329954475
BSU_02600,cwlJ,20.4791400448199,-0.339413350918764,0.647845664236257,-0.523910816504264,0.600340571219851,0.898499791048637
BSU_02610,ycbR,191.979968233264,0.281699833429168,0.267975719875974,1.05121401879075,0.293160306011118,0.742660382063674
BSU_02619,yczK,0.492900979486556,1.30944689023548,3.47470422184959,0.37685132507148,0.706284095950272,
BSU_02620,phoD,21.0784962295202,0.49569605491716,0.591900101194632,0.837465737743069,0.402330827972151,0.820437215892481
BSU_02630,tatAD,2.8003655307719,-1.10167553871153,1.56581673159247,-0.703578852163054,0.481695085126021,
BSU_02640,tatCD,6.1494556856161,-0.76181967758273,0.945372208069238,-0.805840991601199,0.420334538955773,
BSU_02650,pcp,148.531372407775,0.388101208277396,0.26565580946665,1.46091745200896,0.144038096604052,0.574857338594594
BSU_02660,ycbU,163.925066839373,0.545352842627971,0.282807509158961,1.92835347353326,0.0538111747742481,0.391576763612242
BSU_02670,lmrB,370.903292007074,-0.537581129023598,0.270985368950874,-1.98380130670838,0.047277994420574,0.372535675956989
BSU_02680,lmrA,203.723399080158,-0.182381984155664,0.246462573007927,-0.739998702155066,0.459300781834449,0.845233699123938
BSU_02690,ansZ,43.8529224261768,0.0652580143342714,0.527739603339863,0.123655708082695,0.901587882246268,0.984794382816754
BSU_02700,estA,340.979421694913,0.801060427719419,0.378414219802858,2.116887753681,0.034269375258493,0.329101332109806
BSU_02710,yczC,18.6405977178563,0.18325236573323,0.556244091117021,0.32944595485991,0.741818637627863,0.943804359999719
BSU_02720,yccF,1573.97298125961,-0.107594444121348,0.171387903299053,-0.627783186854254,0.530145981680056,0.876241615601249
BSU_02730,natK,160.501597518558,0.375091434157796,0.286612453971976,1.30870598593902,0.19063396328522,0.638911647084273
BSU_02740,natR,168.267912850336,0.111809673420084,0.372634048779852,0.300052219560162,0.764137324126162,0.949157619307012
BSU_02750,natA,96.6851740746996,-0.485884446198101,0.373504248757641,-1.30088064008445,0.193299313812794,0.642804156129089
BSU_02760,natB,135.448155528457,-0.361662584022007,0.379010326256397,-0.954228840132829,0.339967819152348,0.775654733017493
BSU_02770,yccK,329.289481050445,0.766949658155344,0.346887211806822,2.21094820463561,0.0270394240227325,0.300347115630278
BSU_02780,ycdA,198.988829338866,-0.12375920766993,0.252052018102629,-0.491006612847426,0.623421770439264,0.904674890266931
BSU_02785,BSU_02785,1.40261608349194,0.162995498956734,2.67337705387536,0.0609698877756332,0.951383190499115,
BSU_02790,ycdB,236.894153838638,0.49262789653361,0.266713315943289,1.84703150193804,0.0647425748068385,0.419132146462597
BSU_02800,ycdC,163.358745251982,0.0596786136766281,0.277800292329287,0.214825597108763,0.829903295182463,0.96404316478954
BSU_02810,cwlK,87.4114247346397,-0.11487487703684,0.299873816768033,-0.383077383263846,0.701662388435242,0.933885807002078
BSU_02820,rapJ,1096.46089797969,0.450018335723866,0.223621015999424,2.01241521827727,0.0441761856038384,0.36637584040492
BSU_02830,ycdF,83.5429573220009,-0.943188684013765,0.622512773063922,-1.51513145565114,0.129739117143678,0.547315494180563
BSU_02840,ycdG,183.660677883277,-0.435200391979387,0.555397264532243,-0.783583967317366,0.43328426634685,0.837259189458047
BSU_02850,znuA,1317.45236845384,-0.222673886537539,0.206074594862282,-1.08054991779239,0.279897370653632,0.730843134484484
BSU_02860,znuC,505.500461247723,-0.575017513306021,0.252560328378971,-2.27675311081794,0.0228009729905605,0.279494317117277
BSU_02870,znuB,613.17421505734,-0.452031398686507,0.219059000488313,-2.06351438506917,0.0390637825103468,0.34599310033209
BSU_02880,yceB,99.1955423920088,0.791064606336649,0.414550304694795,1.90824755735991,0.05635922757458,0.398572276913923
BSU_02890,yceC,2019.0563414791,0.231591405677015,0.283383460823347,0.817236845806547,0.413793089862878,0.822183336552756
BSU_02900,yceD,2228.34523835557,0.303426566356233,0.252231358975033,1.20296924057832,0.228988223891,0.681134284224436
BSU_02910,yceE,2308.96132932491,0.339107659181096,0.238481981552507,1.42194247537495,0.155042951141885,0.591146272056806
BSU_02920,yceF,3576.09714038236,0.364101895892841,0.226981653210448,1.60410275783506,0.108691404108414,0.516316479682657
BSU_02930,yceG,2735.77128715346,0.982069597450779,0.264374417865448,3.71469223603397,0.0002034511562595,0.0193520802204016
BSU_02940,yceH,1793.76370803608,0.918177887374467,0.24496485314713,3.74820255060425,0.0001781063970275,0.0173545135640276
BSU_02950,niaP,146.607720441955,1.14322468804197,0.284958747963452,4.01189539262222,6.02331908180351e-05,0.0068751884948014
BSU_02960,yceJ,4.97226619782306,-2.48515777077221,1.56859324040511,-1.58432263174256,0.113120318162531,
BSU_02970,yceK,450.657448574733,0.15639256954105,0.226667552343043,0.689964522598993,0.490216498057661,0.863246066392942
BSU_02980,opuAA,659.978485819478,-0.0571455330968155,0.227160728343317,-0.251564315335568,0.801377843918976,0.957387705279997
BSU_02990,opuAB,468.436850433719,-0.30526851102694,0.224149327150077,-1.36189795842015,0.173230090593142,0.619071406258145
BSU_03000,opuAC,768.658100546993,-0.255253785453469,0.208820543286564,-1.22235955062709,0.221571688572979,0.675193665788749
BSU_03010,amhX,457.531682589199,-0.0017384960873509,0.308096991810508,-0.0056426908848893,0.995497807953179,0.999423131013604
BSU_03020,ycgA,437.42478894345,0.381978033698279,0.375174059665232,1.01813551299127,0.308613560484976,0.750832671085464
BSU_03030,ycgB,310.665481523482,0.0900856767501412,0.264954380903465,0.340004480933507,0.733853153454544,0.942682748569422
BSU_03040,amyE,3623.29728524888,0.296343743147893,0.275493961745337,1.07568144604864,0.282069748117749,0.732376694832318
BSU_03050,lctE,31.6037165833508,1.8120771499033,0.618324311644086,2.930625750563,0.0033828004862333,0.120613884529051
BSU_03060,lctP,39.0688238619958,1.09762008018205,0.678963093482117,1.61661228823619,0.10596199771928,0.512491744417097
BSU_03070,mdr,927.951420768041,0.0553173077297081,0.19442360100942,0.284519510195821,0.776012284607959,0.950152533509292
BSU_03080,ycgE,126.181925066392,0.489539461407416,0.327361534574284,1.49540923323211,0.134807672303712,0.555786017392497
BSU_03090,ycgF,226.765851040851,0.595242409073106,0.295823258360262,2.01215554305133,0.0442035431977901,0.36637584040492
BSU_03100,ycgG,254.491699233653,0.220039364130314,0.246665612448941,0.892055288719504,0.372363298438178,0.804171636469368
BSU_03110,ycgH,7.45895693268013,0.426396771919708,0.951933626790127,0.447926998185258,0.654205883003812,
BSU_03120,ycgI,1.18498611998528,1.46264472084765,3.2419409411093,0.451163283791091,0.651871869927298,
BSU_03130,nadE,4939.20267834006,0.444113996620886,0.240474422486327,1.84682425693792,0.0647726150831399,0.419132146462597
BSU_03140,tmrB,189.568048220919,0.217751457412018,0.35825547566263,0.607810549187741,0.543313131861249,0.883323198902846
BSU_03150,aroK,298.489071891312,0.527704268359457,0.343017238055335,1.53841909331195,0.123946176761307,0.539366231303448
BSU_03160,ycgJ,23.1861157347882,0.452094344126305,0.607980084853643,0.743600580659046,0.457118151846231,0.845233699123938
BSU_03170,ycgK,155.790768560979,0.651464788596544,0.254378436762309,2.56100633720488,0.0104369452371063,0.203866330956154
BSU_03180,cah,425.221380944174,0.218346118741259,0.29847534644395,0.731538203548954,0.464450478330399,0.849578599326897
BSU_03190,ycgL,260.709718099629,0.177755865401366,0.249670017303305,0.711963203757157,0.476487562002402,0.855536094471728
BSU_03200,putB,8984.95184174055,-0.249901029859552,0.32740339505599,-0.763281730224014,0.445295395417229,0.84414847365364
BSU_03210,putC,18778.3323338415,-0.313279794365662,0.325920372043938,-0.961215748500151,0.336443699548731,0.772977856897842
BSU_03220,putP,10959.7128685707,-0.496810154120831,0.265592913886231,-1.87057006473315,0.0614046970784867,0.412179871832095
BSU_03230,putR,792.186982315747,0.116724908731914,0.221351891979027,0.527327359564535,0.59796627795315,0.898499791048637
BSU_03240,ycgQ,241.065437943169,0.226334521109888,0.276915465766727,0.81734156842129,0.413733257726553,0.822183336552756
BSU_03250,ycgR,103.24163583538,-0.0415843490044161,0.296385678299767,-0.14030485293003,0.888419130170426,0.984381268013484
BSU_03260,ycgS,58.269754055247,-0.362912062749971,0.482976906754287,-0.75140665666361,0.452407957816215,0.84414847365364
BSU_03270,ffoR,491.265291490437,0.241078140241204,0.288298256318152,0.836210885629369,0.403036275543724,0.820437215892481
BSU_03280,nasF,1042.43598935048,-0.449341245175733,0.169469528420766,-2.65145745883053,0.008014520857388,0.186151225728286
BSU_03290,nasE,162.06901742368,-0.0641662569533783,0.246756950230146,-0.260038296362196,0.794834233203555,0.955978009107958
BSU_03300,nasD,285.197495465591,0.0620029429368105,0.253943419874869,0.24416046285965,0.807106546567768,0.960211629999473
BSU_03310,nasC,21.3358001463097,-0.0736329725610153,0.532799992753724,-0.13820002545505,0.890082334980429,0.984381268013484
BSU_03320,nasB,13.0756017755851,-0.477294541940766,0.995363119109445,-0.479518009837257,0.631570159030557,0.906100640206111
BSU_03330,nasA,82.7450873357618,0.293762571516157,0.445863515482953,0.658862098635629,0.509984326177905,0.868681124422743
BSU_03340,folEB,7.39376611204404,0.94126604625504,1.06718133005849,0.882011350595356,0.377770669190584,
BSU_03350,yciB,5.62898732059612,-0.295688892067107,1.3212076785024,-0.223801978203966,0.822911390626387,
BSU_03359,yczL,2.97235988749509,-0.476306041971962,2.2645983764364,-0.210326937848239,0.833412512119555,
BSU_03360,zinU,8.23319538959981,-1.44805331973449,1.0406258746745,-1.39152154004188,0.164067332490661,
BSU_03370,yckA,611.287724389983,-0.148934899481694,0.190524986649559,-0.781707964402783,0.434386219986757,0.837259189458047
BSU_03380,yckB,1020.73770430493,-0.227455047971938,0.2215484736238,-1.02666041544555,0.304580394923721,0.749682542382862
BSU_03385,BSU_03385,2.36889680984073,3.05050097605391,2.05120445024401,1.48717548642751,0.136968468636565,
BSU_03390,yckC,484.097314663441,0.0792687510883613,0.247616388883661,0.320127239742619,0.748871877024084,0.945560587870568
BSU_03400,yckD,4.62852015651398,0.97965372880976,1.53379196442881,0.638713561897284,0.523009288503881,
BSU_03410,bglC,72.1931473602185,0.104501783544609,0.489180956813033,0.213626025480281,0.830838702470685,0.96404316478954
BSU_03420,nin,645.814495129328,0.673180578657738,0.206769589037049,3.25570400266704,0.0011311160511,0.0691795235657395
BSU_03430,nucA,843.933100739778,0.73699530305167,0.211941037720736,3.47736007607347,0.0005063772761602,0.0389034080434619
BSU_03440,tlpC,592.553390329786,0.162268690044955,0.232431077322074,0.698136806465444,0.485091641912344,0.861133894076131
BSU_03450,hxlB,19.408594743297,-1.24208359394785,0.797546558163181,-1.55738067105258,0.119380132485549,0.53184502332495
BSU_03460,hxlA,48.0510500397765,-0.321168141939495,0.440661229814786,-0.728832309741625,0.466104245032606,0.850017037507684
BSU_03470,hxlR,77.2801705111641,0.527269391342386,0.449894587687343,1.17198429537191,0.241203361393715,0.695243455099488
BSU_03480,srfAA,67815.5449895935,0.578095177406513,0.424690093191582,1.3612165357145,0.173445270062707,0.619071406258145
BSU_03490,srfAB,72791.9548317152,0.744881479347965,0.384381592230723,1.93786980022928,0.0526391092502866,0.384445922068312
BSU_03500,comS,0.0,,,,,
BSU_03510,srfAC,23692.460387357,0.823112321137437,0.311619310321215,2.64140344925666,0.0082563336047613,0.189563521557596
BSU_03520,srfAD,3372.41564048419,1.02111167427679,0.244845973014959,4.17042462125527,3.04032609424652e-05,0.0036806371959135
BSU_03530,srfT,269.793065524423,0.0821969448146215,0.247860061855159,0.331626419356962,0.740171367727747,0.943728055241868
BSU_03540,ycxB,155.887837012914,0.0441262061328517,0.239339338260878,0.184366709014439,0.853725784474647,0.974508540493037
BSU_03550,ycxC,49.3054249728294,-0.643802622402488,0.450257754270054,-1.42985349235396,0.152759072506187,0.589066114538821
BSU_03560,ycxD,93.4521566765569,0.18691693427339,0.359370886770146,0.520122639742218,0.602978099755812,0.898499791048637
BSU_03580,yczE,444.479494629391,-0.494699322632441,0.227132117328013,-2.17802452797999,0.0294042107039196,0.30994675926691
BSU_03590,tcyC,1136.46524289894,-0.399648427152894,0.208499927315669,-1.91677969531292,0.0552659255550492,0.396465048629492
BSU_03600,tcyB,1101.09988394118,-0.316592898412925,0.246995936826758,-1.28177371045169,0.199922038977251,0.650397838529412
BSU_03610,tcyA,4101.38588884275,-0.470602254793293,0.198778227074834,-2.36747385122881,0.0179099855925621,0.259240552327122
BSU_03620,bsdA,46.699324481504,0.721469015553879,0.607226522540611,1.18813818035366,0.234778974316887,0.69002039879794
BSU_03630,ubiX,16.502710666122,1.5267417874971,0.934084018177957,1.63448015144846,0.102158070596481,0.504631248029631
BSU_03640,bsdC,47.1369854665353,1.47444821740181,0.713081257584124,2.06771416541946,0.0386669090911635,0.344326746598784
BSU_03651,bsdD,6.64183199501248,-1.11067561973064,1.22925834725252,-0.903533111825586,0.366243022902904,
BSU_03652,yclD,21.4276201612402,0.289498721433838,0.59754497199659,0.484480223248352,0.628045096486888,0.906100640206111
BSU_03660,yclE,193.664417516878,0.407465534522631,0.286229109144297,1.42356427597731,0.154572643296945,0.590926038250042
BSU_03670,dtpT,521.558488784378,0.14900582597855,0.213762659178459,0.697061996474104,0.485763996144537,0.861352492053895
BSU_03680,yclG,30.3944003340664,0.215939798867665,0.700279339517248,0.30836237295895,0.757806609879994,0.946502986914746
BSU_03690,yczF,1.92850906557111,1.01413358578894,2.05964085375112,0.492383700751493,0.622448119502853,
BSU_03700,gerKA,21.7550273631537,-0.224373440202724,0.545807149289469,-0.411085564736213,0.681009794413445,0.930449428413719
BSU_03710,gerKC,37.2578444902903,0.0568964327526732,0.502574952735904,0.11320984550253,0.909864190269062,0.985681580424162
BSU_03720,gerKB,38.4720148387976,0.355458273485375,0.538594099955188,0.659974317421877,0.509270310701768,0.868681124422743
BSU_03730,yclH,12.1479113874801,0.450311399078558,0.759161387529702,0.593169524261321,0.553067705917501,0.886311386131263
BSU_03740,yclI,10.188980683707,-0.316608853652004,0.868730938291529,-0.364449842519314,0.715522121872311,0.938765949119386
BSU_03750,yclJ,226.216416657854,0.427445601086789,0.285430756186427,1.49754569829051,0.134251324090671,0.55463706281513
BSU_03760,yclK,752.862841931164,-0.261545996352763,0.183714713621879,-1.42365296277291,0.154546956197224,0.590926038250042
BSU_03770,rapC,1913.29079394342,0.219510251159393,0.277671836694467,0.790538405956268,0.429213402055286,0.833596276718945
BSU_03780,phrC,521.443489607377,0.572498808632944,0.323072103236707,1.7720465583297,0.0763868289822168,0.446223177958648
BSU_03788,yczM,56.710195375772,0.787357743944922,0.450029618350576,1.74956872134484,0.080192760947922,0.456635728468366
BSU_03789,yczN,14.5121698061317,-0.022336669061506,0.594512140816657,-0.0375714262635967,0.970029390368487,0.995053328470775
BSU_03790,thrD,1249.54785570318,-0.127399516563528,0.241668096142131,-0.527167295134402,0.598077417900819,0.898499791048637
BSU_03800,pbtN,1431.50331335583,-0.22854101344319,0.314584426893908,-0.726485464330581,0.467541215218643,0.850017037507684
BSU_03810,pbtO,994.374191208246,-0.0316769538418028,0.281667607627662,-0.112462182316955,0.91045695360982,0.985681580424162
BSU_03820,pbtP,1378.1867350413,-0.113609012394882,0.338828017379214,-0.335299935565045,0.737398842330899,0.943089892697568
BSU_03830,pbtQ,3246.26975722531,-0.20736984646416,0.331861715367292,-0.624868241383765,0.5320575377281,0.876684857769136
BSU_03840,ycnB,296.125767719129,-0.692948473668805,0.310475534429971,-2.23189397174579,0.025621971411126,0.292398032132781
BSU_03850,ycnC,276.57907345952,-0.451979437126159,0.253743390834351,-1.78124614651035,0.0748722479700604,0.444895401769096
BSU_03860,nfrAB,433.920880378721,0.645888186931089,0.22786994489285,2.83445974955056,0.0045903240097271,0.134840767785736
BSU_03870,ycnE,121.201373941073,0.255752846287514,0.406170777155445,0.629668259441606,0.528911653462873,0.876037336477686
BSU_03880,yczG,843.1844805703,0.187489653850072,0.292911919092417,0.640088851389202,0.522114836560671,0.872696418887785
BSU_03890,gabR,109.470366117262,-0.0869517628752783,0.484101181523924,-0.1796148536584,0.857454942801237,0.974508540493037
BSU_03900,gabT,38.636125281694,0.0014692499574397,0.503458350051326,0.0029183148065574,0.997671524977386,0.999423131013604
BSU_03910,gabD,868.287893932212,0.749079631219361,0.454604228411175,1.64776212891236,0.0994014932080173,0.499649985791331
BSU_03920,glcU,0.0,,,,,
BSU_03930,gdh,7.21204569890129,-0.546353775788356,1.55565422232774,-0.351205150827696,0.725434446159636,
BSU_03940,cutI,765.285636645408,0.191324484227917,0.234152029724596,0.8170951345284,0.413874063226352,0.822183336552756
BSU_03950,cutJ,1680.49158455785,0.0614361735422653,0.280727290494858,0.218846459259331,0.826769654710465,0.963874479709582
BSU_03960,cutR,836.700912662904,0.166533728507283,0.2651449374976,0.628085642814849,0.529947837784407,0.876241615601249
BSU_03970,ycnL,126.6302861174,0.042076473083433,0.336335619121559,0.125102637637156,0.900442295171387,0.984517604748476
BSU_03981,mtlA,552.845555759985,0.530068903383903,0.437798101264225,1.21076108336977,0.225986984201566,0.678810527733275
BSU_03982,mtlF,201.371278851745,0.222417530804202,0.572561953004898,0.38846020004808,0.697675501767946,0.93192553433051
BSU_03990,mtlD,686.270707664512,0.877252568286173,0.387759613808847,2.26236187845656,0.0236750542035071,0.279726290013814
BSU_04000,ycsA,2662.99151233642,0.557781613843867,0.261566537131791,2.13246549027343,0.0329685985437973,0.32098609849246
BSU_04010,sipU,687.490286571722,0.373335393397167,0.204200186573953,1.82828135302394,0.0675073368964284,0.424711513230286
BSU_04020,yczH,477.958538607765,0.125652980947135,0.18757642140393,0.669876203025284,0.502936710850316,0.865897005712038
BSU_04030,ycsD,436.422935629496,-0.361104299749068,0.208669839397575,-1.73050547597855,0.0835400037162585,0.46544879704514
BSU_04039,yczO,16.7766109359142,-1.56021271090155,0.957461205725,-1.6295309946476,0.103200658997905,0.50710338936542
BSU_04040,ribZ,1678.74619004797,0.34331213823244,0.211922573050054,1.61998853303538,0.105234740174711,0.510338674428447
BSU_04050,pxpA,437.621560429884,0.414372252597033,0.19260119712391,2.15145211340741,0.0314405316472448,0.318510236185369
BSU_04060,pxpG,608.594993542575,0.241063046347825,0.207312722068167,1.16279909859348,0.244911022980913,0.698372260391683
BSU_04070,pxpI,338.311263943025,0.535734087296657,0.262929572194867,2.03755736878317,0.0415942191395468,0.356585634039677
BSU_04080,pxpB,420.964313979931,0.164203154921635,0.218401182498804,0.751841876691919,0.452146155201675,0.84414847365364
BSU_04090,pxpC,535.069283800948,0.340220640370411,0.234418200016766,1.45134055438561,0.146685053905786,0.579058093234796
BSU_04100,pxpR,550.504774188067,0.450098157826333,0.240672277131127,1.87017035444055,0.0614601650808076,0.412179871832095
BSU_04110,lipC,179.514086952306,0.153173956573323,0.250220131080053,0.612156807336649,0.540434015613823,0.882679432697147
BSU_04120,yczI,547.444825676014,0.228385441664265,0.235776643969998,0.968651677361759,0.332719010183419,0.770370295751809
BSU_04130,yczJ,251.975314817267,-0.404461426308264,0.250831885457807,-1.6124801102143,0.106857504674918,0.513674562482669
BSU_04140,pbpC,4777.98973302222,-0.032675636377701,0.167274625595019,-0.195341261482244,0.845125797207156,0.970752604900112
BSU_04150,ycsN,2440.19944854518,0.231198032743813,0.176456410201985,1.31022745208954,0.190118901485028,0.638911647084273
BSU_04160,mtlR,2247.49327141271,0.263140823020121,0.177440175106325,1.48298333713007,0.138078837935402,0.565769187232751
BSU_04170,ydaB,194.37629264625,0.627737296941933,0.311097678529165,2.0178141473437,0.0436106209247737,0.365250378604761
BSU_04180,ydaC,10.9106415165101,1.99471804192717,1.19221297103034,1.67312224442859,0.0943032333018104,0.490997270519475
BSU_04190,ydaD,27.3680201195535,0.0099759265255935,1.01212671719797,0.0098564007412148,0.992135857355493,0.999423131013604
BSU_04200,lyxE,23.4387073913084,-1.06603380335741,1.11236475519862,-0.958349137165051,0.337886733870155,0.772977856897842
BSU_04210,ydaF,151.073651140736,-0.2109132169627,0.316236331502925,-0.66694808898246,0.504805292366724,0.865897005712038
BSU_04220,ydaG,244.641050070169,0.0963017819190125,0.421893553670231,0.228260851774678,0.819443456956131,0.962280014855892
BSU_misc_RNA_64,bsrC,0.0,,,,,
BSU_04230,amj,100.070859797855,-0.333637851233556,0.31916575672383,-1.04534350632812,0.295864236738681,0.74525701498804
BSU_04240,ydzA,26.7172863952804,-0.314161703442181,0.75754027942367,-0.414712870028763,0.678352109688297,0.930318118161602
BSU_04250,lrpC,330.89461459446,-0.179431048368994,0.204646395907132,-0.876785772716073,0.380603008170562,0.807631204314015
BSU_04260,topB,1963.49336612384,-0.124600040915312,0.188548473622541,-0.660838237093085,0.508716058292357,0.868490832564696
BSU_04270,epsJ,273.906642156464,0.0131475510556606,0.245572487453635,0.0535383714681919,0.957302958464254,0.993873523665461
BSU_04280,epsK,82.2583652952108,-0.329915558603467,0.393018987949325,-0.839439235047864,0.401222874534558,0.820437215892481
BSU_04290,ydaL,177.574613203184,-0.153937737415012,0.298625034084419,-0.515488387927636,0.606211781938406,0.898499791048637
BSU_04300,ydaM,111.798223296462,-0.575598049275282,0.338552324323464,-1.70017456068427,0.0890980958460452,0.477383498611148
BSU_04310,ydaN,418.589402207147,-0.19783083484787,0.204184225812487,-0.968884026474932,0.33260305611967,0.770370295751809
BSU_misc_RNA_7,swaO,212.192857683352,0.0383425349374074,0.43140071375011,0.0888791643483867,0.929177942449939,0.99005347982244
BSU_04320,kimA,983.602740405772,-0.463120324024014,0.250083500956241,-1.85186276684862,0.0640455317045968,0.419132146462597
BSU_04330,nudT,20.8476217357438,0.378571850999308,0.567649712963259,0.666911023389897,0.50482896927517,0.865897005712038
BSU_04340,poxB,249.854798253531,0.0714110710064213,0.471104235857646,0.151582315697963,0.879516382243045,0.98182573692538
BSU_04345,BSU_04345,42.4205181754796,0.3800441479588,0.487217270191793,0.7800301245668,0.43537314375673,0.837259189458047
BSU_04359,ydzK,264.230476029359,0.658299934693779,0.269353335100944,2.44400142454918,0.0145253691842865,0.233987297948486
BSU_04360,mntH,413.853940515551,-0.0155383298380482,0.212585837916018,-0.0730920271565153,0.941732886096859,0.993454444844946
BSU_04370,ydaS,67.7486333549024,-0.807423918723899,1.54600920839165,-0.522263330865851,0.601486996663913,0.898499791048637
BSU_04380,ydaT,16.188265055884,0.0183820867956793,0.973482062035638,0.0188828202517062,0.984934584551751,0.998127166502402
BSU_04390,ydbA,433.191367369355,0.254518535209351,0.211538999134757,1.20317547237337,0.22890842434178,0.681134284224436
BSU_04400,gsiB,493.871170338406,-0.94073886834587,1.17547790730954,-0.800303317056,0.423535081711485,0.83023682602423
BSU_04410,ydbB,78.4962379291109,0.0731073317596251,0.335019330944564,0.218218248939558,0.827259067092583,0.963874479709582
BSU_04420,ydbC,149.020884956463,-0.106050677282233,0.265415747307553,-0.399564375354664,0.689477399823819,0.930901812486046
BSU_04430,ydbD,318.708399470922,0.0651318384620334,0.278685514135806,0.233710886136314,0.815209435867499,0.960898663363364
BSU_04440,dctB,368.452200909271,0.0252273083710976,0.202238065921353,0.124740652834903,0.900728872429457,0.984517604748476
BSU_04450,dctS,371.448765653419,-0.0166462828027579,0.218897121838515,-0.0760461474456395,0.939382384113208,0.992812863632875
BSU_04460,dctR,179.509673556819,0.0112132891479129,0.261665735371972,0.0428534868425651,0.965818326784129,0.995053328470775
BSU_04470,dctP,7513.69165268228,1.03168067891776,1.00801588279105,1.02347661036965,0.306082553293344,0.749682542382862
BSU_04480,ydbI,617.213421339492,-0.202854739477902,0.189003212927053,-1.073287254414,0.283142252037541,0.732612238918379
BSU_04490,ydbJ,529.917094655519,-0.0480559076487359,0.250117326385155,-0.192133461297019,0.847637664841198,0.971658242840376
BSU_04500,ydbK,487.635926475715,-0.0914133327875381,0.198982264705383,-0.459404424423888,0.645943771623405,0.91404160482802
BSU_04510,ydbL,361.526828199722,-0.0938695964664203,0.214273870951161,-0.438082329169364,0.661326603600037,0.919080297087164
BSU_04520,ydbM,796.981036907292,0.0556916695176501,0.247234426312198,0.225258554596781,0.821778139744796,0.963537676369379
BSU_04530,fbpB,104.9126388685,0.349827214481212,0.5418454452395,0.6456217682638,0.518524336216254,0.871482359396837
BSU_04536,fbpA,1.58396866992482,2.33448966356129,3.02059885856243,0.772856566817459,0.439607271707935,
BSU_04540,ydbO,146.979620687005,-0.241574483021554,0.323214510196149,-0.747412246049688,0.454814755568409,0.845233699123938
BSU_04550,ydbP,680.271885882967,0.4729979794856,0.276279022990727,1.71203001359056,0.086891137501338,0.473260430374038
BSU_04560,ddlA,2992.75042515062,0.0468213574731737,0.179616104085244,0.260674607723107,0.794343449310141,0.955843999998197
BSU_04570,murF,1019.19550170057,-0.32535947570689,0.192973785533641,-1.68602939931533,0.0917901369060381,0.486341640503478
BSU_04580,cshA,8438.34504168568,-0.322762838721535,0.161082310647438,-2.003713737556,0.0451007338429041,0.369848787242087
BSU_04590,ydbS,273.193675025968,0.270037190338191,0.244060756814786,1.10643429063493,0.268538590335587,0.722125368781487
BSU_04600,ydbT,1385.74716282619,0.300617522464221,0.226763968608065,1.32568469457246,0.184944159182386,0.63149736404584
BSU_04610,ydcA,171.083322907985,0.825625546947138,0.323740076570251,2.55027290934732,0.0107638622992542,0.206126258271367
BSU_04620,acpS,143.733438924468,0.0124451683918611,0.264670051925534,0.0470214453857536,0.962496135485181,0.995053328470775
BSU_04630,ydcC,530.989835141444,-0.224884685421023,0.194309846777901,-1.15735094824129,0.247129005951706,0.701238748189163
BSU_04640,alrA,1114.46468792369,-0.133358521072576,0.204421605530437,-0.652369991550231,0.514162518070027,0.871367712607144
BSU_04650,ndoAI,2085.38331897051,-0.0492658418700749,0.186045782733435,-0.264804937506499,0.791159733061775,0.955177737558716
BSU_04660,ndoA,4057.12273459831,-0.0729993586504099,0.162412219249045,-0.449469621115588,0.653092917975431,0.915566091025754
BSU_04670,rsbRA,956.060538140428,0.119604477799548,0.236285624059528,0.506186012270536,0.612726073562666,0.898563702169665
BSU_04680,rsbS,563.909048110732,0.096228915804328,0.203220931023516,0.473518723291317,0.63584314624527,0.909419800839549
BSU_04690,rsbT,557.269888475144,0.209879464800806,0.245112940142764,0.856256159624066,0.391856105000498,0.815499764967614
BSU_04700,rsbU,1491.06325583253,0.184137520959467,0.187234992063751,0.983456772315139,0.325382680566424,0.766452717489896
BSU_04710,rsbV,538.890064151682,-0.14481506993238,0.227540311118932,-0.636436986572844,0.524491639987377,0.872696418887785
BSU_04720,rsbW,820.112968319347,-0.0707725829608747,0.302448908041028,-0.233998474053919,0.814986163310855,0.960898663363364
BSU_04730,sigB,980.915786507051,0.0510441096600009,0.284071509019246,0.179687536551026,0.857397878574783,0.974508540493037
BSU_04740,rsbX,830.391777733775,-0.0113790934864156,0.29924751713509,-0.0380256905566195,0.969667198735321,0.995053328470775
BSU_04745,BSU_04745,0.935960169723519,0.0130268301914927,3.43127226835333,0.0037965014643808,0.996970837373274,
BSU_04750,ydcF,20.0287069861909,0.342113773208184,0.664622534967312,0.514748981878879,0.606728440496933,0.898499791048637
BSU_04760,ydcG,132.061856653078,-0.0691842193005463,0.30183284612364,-0.229213686280539,0.818702835621722,0.961975831855524
BSU_04770,ydcH,145.790095862925,-0.0604909580765314,0.249553778595424,-0.242396482301313,0.808472959835422,0.960692883564102
BSU_04780,tex,1139.04733863738,0.131976338386323,0.258444012364376,0.510657365124992,0.609590999689803,0.898499791048637
BSU_04785,cmpA,2.92201352954521,1.30854777986721,1.9878289102976,0.658279881678201,0.51035830303728,
BSU_04790,ydcK,270.889241724739,0.566330589337311,0.324132139575411,1.74722133411133,0.0805989524409827,0.457376157672906
BSU_tRNA_45,trnS-Asn,38.6470048851501,0.0453048079772766,0.460383865392834,0.0984065936772548,0.921609439097909,0.989679266437973
BSU_tRNA_46,trnS-Ser,565.069201907485,-0.311257991796403,0.335049141907437,-0.928992057775193,0.352893202345414,0.785945386784364
BSU_tRNA_47,trnS-Glu,959.857561886164,-0.291979019136106,0.304133430207643,-0.960035925471137,0.337037134362441,0.772977856897842
BSU_tRNA_48,trnS-Gln,214.536251023665,-0.540391293603713,0.331743149846549,-1.62894484438842,0.10332469560537,0.50710338936542
BSU_tRNA_49,trnS-Lys,61.189848022603,-1.07701270166736,0.403781639768694,-2.66731469584483,0.0076460040276854,0.182908898746128
BSU_tRNA_50,trnS-Leu1,3129.96547947597,-0.396820246790881,0.338723531550661,-1.17151661998284,0.241391181293795,0.695283178996907
BSU_tRNA_51,trnS-Leu2,1263.05845109561,-0.400499967357596,0.338664609400302,-1.18258582751469,0.236973332052577,0.692544595135365
BSU_04800,ydcL,614.304416008776,0.648124576041717,0.256975883393489,2.52212218315167,0.0116649183252337,0.214784260743045
BSU_04810,immA,410.030258785104,0.230343769567107,0.302323243790982,0.761912205885038,0.446112404578022,0.84414847365364
BSU_04820,immR,330.187225642884,0.463360354513487,0.330258563783777,1.40302298055427,0.160609986287969,0.602335698235946
BSU_04830,xis,19.5293301729161,2.06858028310175,1.00738503269074,2.0534157407288,0.0400322739711049,0.349189813350577
BSU_04839,ydzL,47.0337663249875,0.390742881248505,0.69405695233632,0.562983887609215,0.57344585561895,0.892568533296843
BSU_04840,ydcO,44.447416867646,1.93942916410231,0.817486183233788,2.3724305118288,0.0176714868044919,0.256718508305255
BSU_misc_RNA_65,sncO,0.662532393236143,-0.490477253362423,3.47056814591643,-0.141324772412129,0.887613380458494,
BSU_04849,BSU_04849,24.3922438777102,2.3095215895701,0.909203656904068,2.54015871145334,0.0110802175153942,0.207819103164319
BSU_04850,helP,36.143223386704,-0.34380175023632,0.854857023556234,-0.402174563421253,0.68755556086586,0.930797046120767
BSU_04860,conQ,80.8958353237545,0.546665758605408,0.605074086600321,0.903469129998465,0.366276964815191,0.799401127034692
BSU_04870,nicK,51.287366337963,0.857207520211415,0.890315305041101,0.962813416053589,0.335641166788647,0.772845222663197
BSU_04880,ydcS,16.6129214259823,2.10359745704771,1.05022698919356,2.00299314214255,0.0451780245742524,0.369848787242087
BSU_04890,ydcT,24.0489698189725,-0.965096930777371,0.933590744399699,-1.03374732083267,0.301254304590072,0.749682542382862
BSU_04900,yddA,17.316818849185,0.571883093096553,0.910913887902563,0.627812464703277,0.53012679963254,0.876241615601249
BSU_04910,conB,72.5464579633189,0.684924458757957,0.804564715713172,0.851298155861626,0.394603749075914,0.816131316062894
BSU_04920,conC,15.7170634554773,2.18064348075789,0.939690258559278,2.32059815550416,0.0203085418416351,0.266825288506763
BSU_04930,conD,18.1432410105324,1.70130028971604,0.811525795605757,2.09642170209281,0.0360447989053923,0.336708345262789
BSU_04940,conE,50.4680005921684,0.447494306266747,0.694985726011662,0.64388992394822,0.519646816126131,0.872264298497435
BSU_04950,yddF,4.80945458834442,-1.48609998485194,2.08317445464828,-0.713382396532339,0.475609163059956,
BSU_04960,conG,65.8279645029227,-0.0856728299389047,0.707434379641838,-0.121103571446838,0.90360900039382,0.984997682274009
BSU_04970,cwlT,15.5244089292824,0.265704736847062,1.08618264662553,0.244622520597741,0.806748724839775,0.960211629999473
BSU_04980,yddI,7.84884329941902,2.68176190161207,1.15196132380687,2.32799647539354,0.0199122908239037,
BSU_04990,yddJ,198.06695953978,1.13708842749774,0.252901183701648,4.49617677092087,6.91862237118448e-06,0.00115166234887
BSU_05000,yddK,1017.39929033074,0.573910062089028,0.210031107934952,2.73250028403779,0.0062855617276617,0.162005284529089
BSU_05010,rapI,178.322931659025,0.379511767439202,0.313406171003529,1.21092627571437,0.225923661242901,0.678810527733275
BSU_05020,phrI,49.3090544098835,0.331518500665988,0.494103640071292,0.670949318685761,0.502252816453909,0.865897005712038
BSU_05030,yddM,356.744414726522,0.228649081156553,0.236517070140527,0.966733948719643,0.333677051316288,0.771172533377485
BSU_05040,yddN,226.117049803644,0.05202455619692,0.304768973642617,0.170701615637312,0.864458392381295,0.975843819599681
BSU_05050,lrpA,434.884523152905,0.0695638242870386,0.293020051285955,0.237402948985058,0.812344202161419,0.960898663363364
BSU_05060,lrpB,38.0039193863415,1.33108437162125,0.585749232682979,2.27244748665623,0.0230594963366286,0.279494317117277
BSU_05070,yddQ,176.452640950804,0.367112373402603,0.323500194387109,1.13481345536166,0.256453487331752,0.708441694798149
BSU_05080,yddR,131.464914168822,0.307583650909954,0.295048604183773,1.04248468404336,0.297187022727935,0.7467616289065
BSU_05090,yddS,200.416711120494,-0.0318662072379369,0.253624770173105,-0.125643119227619,0.900014429184264,0.984517604748476
BSU_05099,ydzM,63.6263594102561,-0.0329124127835988,0.394077985541094,-0.083517511739226,0.933440053681916,0.990199950732675
BSU_05100,yddT,796.807348718701,0.191323664840933,0.273663341757178,0.699120545749584,0.484476699564557,0.861133894076131
BSU_05109,ydzN,85.3004972457731,0.515134694840314,0.536703740362403,0.959812008189985,0.337149837621567,0.772977856897842
BSU_05110,sufLC,53.4975432562706,0.869487509443676,0.381055144031448,2.28178919262121,0.0225017891524249,0.279175924422166
BSU_05120,cspC,4026.05341250533,0.443028994709174,0.248481605562257,1.78294483290504,0.0745952840447736,0.444895401769096
BSU_misc_RNA_66,sncZ,2.61319787028466,-0.771278052078044,1.81672072040698,-0.424544093879913,0.671169055077022,
BSU_05130,cdnL,139.641065918609,0.593345797114295,0.257979046888325,2.29997670070913,0.0214495400785042,0.273772883749599
BSU_05140,ydzE,37.5322123873818,-0.26894539346414,0.457810053361148,-0.587460654237709,0.556894368060578,0.888495607189301
BSU_05150,ydeC,126.437027626031,0.13332834596999,0.283849321278315,0.469715218516452,0.638558493495566,0.909786441339083
BSU_05160,ydeD,128.601447687473,0.0993721278297444,0.318980377524722,0.311530535517166,0.755397333000997,0.946377391190038
BSU_05170,ydeE,203.306545864255,-0.0927286420806708,0.274516398331299,-0.337789081615305,0.735522138389935,0.943089892697568
BSU_05180,ydeF,358.851219111068,-0.372218052689469,0.244930291132848,-1.5196897491441,0.128588969147556,0.5460922321917
BSU_05190,ydeG,89.5172443325183,-0.0771292999441062,0.294720735075812,-0.261702998006795,0.79355042899588,0.955307888035457
BSU_05200,ydeH,87.1632303693798,-0.489050449721138,0.412911814204122,-1.18439442248406,0.236256967043142,0.692415047651243
BSU_05210,ydeI,203.064245709121,-0.138499757715101,0.229285968752458,-0.604048117155517,0.545811652122337,0.884920176655445
BSU_05220,ydeJ,172.719505355468,-0.0647079891728056,0.264759809838935,-0.24440261236088,0.806919018745592,0.960211629999473
BSU_05230,ydeK,73.6987465988322,-1.19357719678445,0.377392710503407,-3.16269276953527,0.0015631720510943,0.0832649645882935
BSU_05240,ydeL,184.121679366142,-0.0118549963215118,0.280459040794398,-0.0422699738540524,0.966283481277349,0.995053328470775
BSU_05250,ydeM,293.954821462775,0.0547148973968023,0.255882918309543,0.213827862204594,0.830681296523754,0.96404316478954
BSU_05260,ydeN,301.46462935466,0.143443877373607,0.248745823719869,0.576668485237161,0.564163425522158,0.89151454337484
BSU_05270,ydzF,91.5433349914299,-0.0483738958801384,0.346673634248255,-0.139537279738723,0.889025599106706,0.984381268013484
BSU_05280,ydeO,967.179986856338,0.0610017304831124,0.202149462328721,0.30176548470812,0.762830844174778,0.948838562300488
BSU_05290,ydeP,44.6598416689383,-0.0674063108302921,0.470750354889665,-0.143189081282989,0.886140852836943,0.98311799825554
BSU_05300,ydeQ,33.6172845257259,-0.339440166175243,0.49542010927763,-0.685156213521853,0.493245351023331,0.863246066392942
BSU_05310,ydeR,10.6827554050767,-0.749244820976323,0.707944557357111,-1.05833827407812,0.289901249546501,0.740303656578213
BSU_05320,ydeS,258.124207254394,0.275964431756774,0.303787386587423,0.908413067628658,0.363660024197402,0.797051924119763
BSU_05329,ydzO,208.783034765411,0.207700377788721,0.303218819228984,0.68498511509561,0.493353313823201,0.863246066392942
BSU_05330,aseR,67.4932495007544,-0.412262606765228,0.334805535174518,-1.23134943557709,0.218192199873554,0.670006024976823
BSU_05340,arsF,440.420717262301,-0.364889951048731,0.195548780120753,-1.86597917319356,0.0620442793918203,0.41280882117753
BSU_05350,ydfB,138.222920071717,0.0671399413847755,0.369563151790155,0.18167379799515,0.855838729921686,0.974508540493037
BSU_05360,ydfC,1.82307669290308,-1.29114856495705,2.07066896714268,-0.623541756526494,0.532928571212906,
BSU_05370,ydfD,95.5384068400812,0.0127317694252679,0.293913835086697,0.0433180337411211,0.965448015868293,0.995053328470775
BSU_05380,ydfE,47.4697033803628,-0.0078842446677702,0.479606673627599,-0.0164389803172176,0.986884182148808,0.998127166502402
BSU_05390,ydfF,738.34912671991,0.325645618073019,0.210957843413519,1.54365257438989,0.122672521212896,0.538086565424345
BSU_05400,ydfG,922.496098844854,0.179757633334148,0.208364210039695,0.86270877949674,0.38829760407989,0.813455083586593
BSU_05408,ydzP,2.87193885996611,0.53192604375598,2.28548428898249,0.232741063379962,0.815962480698113,
BSU_05409,ydzQ,2.63514196477261,-2.25113494015433,3.01846319635433,-0.745788433953157,0.455795227849252,
BSU_05410,ydfH,214.72006350088,-0.142665334649028,0.248367774282849,-0.574411616245176,0.565689294060652,0.89151454337484
BSU_05420,ydfI,188.468721679063,0.159932233492445,0.335600384102843,0.476555573438899,0.633678625339711,0.907689533249245
BSU_05430,ydfJ,38.3635449012266,0.311685603379515,0.496186230412649,0.628162541149729,0.529897466415674,0.876241615601249
BSU_05440,cesA,664.810860428923,0.372826360136073,0.236989938619033,1.57317379087304,0.115678582291708,0.528855687552811
BSU_05450,ydfK,33.8946905414555,-0.391722302908122,0.449915719723896,-0.870657071392202,0.383941424651504,0.81109917170193
BSU_05460,ydfL,301.147270795449,0.177961481873189,0.251175113715434,0.708515581980818,0.478625139243759,0.857831956607814
BSU_05470,mneP,478.227460837826,-0.339456769803285,0.266783339455801,-1.27240617984514,0.203228839489452,0.653076187474201
BSU_05480,ydfN,4.46842766889732,-2.48780821950924,1.40767644632237,-1.76731536995506,0.0771754272068075,
BSU_05490,ydfO,9.76089053351212,0.123383930277028,0.895435973572967,0.137792018545672,0.890404792465568,0.984381268013484
BSU_05500,ydfP,21.2723188879238,-0.0263102413795058,0.55953911557452,-0.0470212727710575,0.962496273059609,0.995053328470775
BSU_05510,ydfQ,10.8519888315674,-2.05530469071258,1.32241923115069,-1.5542005457106,0.120136587395593,0.532090539518177
BSU_05520,ydzH,8.01175802714826,0.475292824311877,0.935605753436425,0.508005452687902,0.611449519262941,
BSU_05529,ydzR,4.05638887400508,-0.992776409893776,1.52966284858415,-0.649016488053357,0.516327718967242,
BSU_05530,ydfR,3.01939903610764,-1.16704786449497,1.70169790712719,-0.685813774352687,0.492830549114773,
BSU_05540,ydfS,69.4466812534042,0.237277768133383,0.35531848790881,0.667788973013639,0.504268306374226,0.865897005712038
BSU_05550,cotP,0.354339934553494,0.703737499719218,3.49009426333299,0.201638536561233,0.840199316144419,
BSU_05560,ydgA,0.0,,,,,
BSU_05570,ydgB,0.105058029267445,-0.647313066075811,3.52837529920725,-0.183459244321671,0.854437694320251,
BSU_05580,ydgC,529.278793669241,0.647418419038165,0.251704820503865,2.57213357194414,0.0101073887513112,0.203866330956154
BSU_05590,ydgD,316.699541517077,0.279173526563819,0.299977959080778,0.930646796248932,0.352036299280948,0.785689952864462
BSU_05600,ydgE,260.860261933679,0.270079698589028,0.236684362504185,1.14109650393254,0.253829765992388,0.707068115407917
BSU_05610,vmlR,381.194841061843,0.790572567097323,0.279792439338508,2.82556801379771,0.0047196866996019,0.136863106354096
BSU_05620,ydgF,1375.4926317565,0.175287469938152,0.211608647432857,0.828356837325235,0.407468443082778,0.820437215892481
BSU_05630,dinB,46.0924091811271,0.165504877612038,0.519463750024759,0.318607174425837,0.750024412364924,0.9458383894937
BSU_05640,ydgG,50.7824875335751,-0.2008142864608,0.414733111183581,-0.484201239413243,0.628243057382508,0.906100640206111
BSU_05650,ydgH,668.475604808165,-0.348141509629461,0.276967994640998,-1.25697378890553,0.208763126956746,0.65929540884759
BSU_05660,ydgI,125.973007336744,0.49472021024267,0.335052871008269,1.47654371309793,0.139797989368387,0.569890783190517
BSU_05670,ydgJ,78.9773676964806,0.193703268226099,0.382821186423764,0.505988892714206,0.612864447100039,0.898563702169665
BSU_05680,ydgK,423.12143255518,-0.217661605765675,0.19937768910823,-1.09170492816536,0.27496281836459,0.726986405934174
BSU_05690,ydhB,6.07324719120404,0.531353251147921,1.03400715172827,0.513877733108327,0.607337476302604,
BSU_05700,ydhC,680.215886838034,0.314157207240037,0.25415529713899,1.23608364955004,0.216427471838994,0.666636661524116
BSU_05710,spoL,42.5956542933239,-0.0107275569108613,0.389866111210232,-0.0275160025516466,0.97804817648945,0.996479241589713
BSU_05720,ydhE,358.512227822639,-0.180007393603048,0.216689162814053,-0.830717103086125,0.406133462154602,0.820437215892481
BSU_05730,ydhF,22.2217157626625,0.272477241593375,0.761442709358547,0.357843391557212,0.72046051606756,0.939822102692
BSU_05740,phoB,78.8492285478877,-0.121376104648058,0.323155521038455,-0.375596568048776,0.707216842569405,0.936177066481487
BSU_05750,fra,611.243281565927,0.109856226517157,0.215560581835258,0.509630404510203,0.610310418791137,0.898499791048637
BSU_05760,ydhH,431.986284259695,0.543336088513496,0.238096163367106,2.28200270357049,0.0224891806395299,0.279175924422166
BSU_05770,ydhI,218.916833600851,0.482158412577749,0.267426349951017,1.80295775889722,0.071394848863186,0.434128494989997
BSU_05780,ydhJ,361.490450126854,-0.155032276128973,0.212556633660437,-0.72936926718853,0.465775811818723,0.850017037507684
BSU_05790,ydhK,229.072703698574,-0.0861457163210435,0.365422325110583,-0.235742893636765,0.813632183462222,0.960898663363364
BSU_05800,pbuE,458.33617075264,-0.331109758158132,0.236950544313062,-1.3973791835678,0.162299575535579,0.604492935372529
BSU_misc_RNA_8,aswA,1.66645840258219,0.282577255327117,1.77519754722493,0.15918073781076,0.873526479356838,
BSU_05810,gmuB,34.4092158481502,-0.363974132848658,0.598312131883828,-0.608334869798912,0.542965398570265,0.883203081143408
BSU_05820,gmuA,37.9735036126877,0.418989984069578,0.408292731059673,1.0261999594804,0.304797340475826,0.749682542382862
BSU_05830,gmuC,148.025528503748,0.0235185397918822,0.307913500588085,0.0763803462562182,0.939116505338592,0.992812863632875
BSU_05840,gmuD,186.041187986965,-0.233429441251177,0.35016981276007,-0.66661783153512,0.505016276172477,0.865897005712038
BSU_05850,gmuR,201.024462327615,0.110107496247012,0.288706658294985,0.381381908187619,0.702919883598367,0.934186605114928
BSU_05860,gmuE,194.43540065336,0.0825893818430722,0.250361609472711,0.329880375897145,0.741490352036555,0.943728055241868
BSU_05870,gmuF,146.008790800642,0.0917090469961924,0.294424791663021,0.311485478101846,0.755431580981537,0.946377391190038
BSU_05880,gmuG,188.952374415563,0.20392627157875,0.249798074850847,0.816364464379932,0.414291714571485,0.822183336552756
BSU_tRNA_79,trnE-Arg,423.043490046486,-0.401649193938341,0.413678878629415,-0.970920234721845,0.331588000974257,0.770170967379161
BSU_tRNA_80,trnE-Gly,668.099924454868,-0.742079723841327,0.402539364471246,-1.84349603874414,0.0652566195493705,0.419132146462597
BSU_rRNA_30,rrnE-16S,1191.88880363269,0.121641151744651,0.370716782879596,0.328124210616486,0.742817749050854,0.944089285377335
BSU_rRNA_12,rrnE-23S,1926.89446170816,0.0963474040159161,0.398340664642608,0.241871876431092,0.808879442553212,0.960890090098151
BSU_rRNA_13,rrnE-5S,0.322922778842639,0.702130066529419,3.48987887166873,0.201190382918272,0.840549711068781,
BSU_tRNA_21,trnE-Met,6.98116548763844,-0.0170523591802819,0.938313427810392,-0.0181734148471845,0.985500511012397,
BSU_tRNA_22,trnE-Asp,50.8425737034693,-0.317223798027797,0.522846701280565,-0.606724298443209,0.54403389395538,0.88350219770396
BSU_05900,thiL,1120.94083818667,-0.182015148873799,0.213283003781322,-0.853397343655281,0.39343899408244,0.815499764967614
BSU_05910,tsaE,420.375165939595,-0.0591286032945119,0.206236140353781,-0.286703403162422,0.774339431592188,0.950152533509292
BSU_05920,tsaB,726.626039129978,-0.0524981240355124,0.288340626967013,-0.182069813011533,0.855527938475897,0.974508540493037
BSU_05930,rimI,390.113009056281,-0.138798819947407,0.287716690126322,-0.482414905741019,0.629511234451402,0.906100640206111
BSU_05940,tsaD,1314.81950069202,-0.0246592582322741,0.207938370220075,-0.118589263762025,0.905600771601642,0.984997682274009
BSU_05950,ydiF,900.767099651446,0.106104619452965,0.264412935261704,0.401283769827477,0.688211211581705,0.930797046120767
BSU_05960,moaC,503.823149581495,0.191031350386357,0.277279015857191,0.688949900502911,0.490854795576163,0.863246066392942
BSU_05970,rex,753.4049350174,0.0930899384367239,0.210397059358697,0.44244885703473,0.65816443118299,0.917539978699872
BSU_05980,tatAY,1125.67834630117,0.0855079409146719,0.241162515797776,0.354565636503699,0.722915023694283,0.939822102692
BSU_05990,tatCY,2697.32952429868,0.0254374856757876,0.17405686115074,0.146144688049716,0.883807169145434,0.98311799825554
BSU_06000,ydiK,145.729025563657,-0.115159580790129,0.332648534333558,-0.346189953973027,0.729199964062779,0.94216781191762
BSU_06010,ydiL,526.970081777881,-0.109051455923304,0.249832080096583,-0.436499011180414,0.662474716497622,0.920231742840056
BSU_06020,groES,11337.4908209042,2.07448263535612,0.316249831636136,6.55963237869145,5.3940590195763195e-11,2.39436286480082e-08
BSU_06030,groEL,62701.2765207427,2.07782723687424,0.296396405773257,7.01029835855627,2.3781044795332897e-12,1.9001054791471e-09
BSU_06040,ydiM,121.334173958585,1.64632350915671,0.426582273337592,3.85933408876987,0.0001136964160254,0.0122761400546378
BSU_06048,ydzU,64.6174365160266,1.25518695179967,0.522270706766217,2.40332635075688,0.0162466811054924,0.246788939226016
BSU_06060,bsuMA,965.26329267614,0.354888875845232,0.236050973258223,1.50344169713297,0.132725180918722,0.553483400595298
BSU_06070,bsuMB,1459.76671519518,0.255958345872636,0.234305371985385,1.09241347607089,0.274651402353923,0.726643941989353
BSU_06090,bsuRA,1568.06337286829,0.572005918113082,0.246494886887506,2.32055895899427,0.0203106593793041,0.266825288506763
BSU_06100,bsuRB,1350.09124381131,0.409105791590608,0.236574131471305,1.7292921632906,0.0837568185010743,0.46544879704514
BSU_06110,bsuRC,1970.04255704679,0.420927963589246,0.244864131407648,1.71902663395191,0.0856095223459081,0.469893699121099
BSU_06120,ydjB,100.624665691606,0.0900574102493475,0.304290206085917,0.29595895118596,0.767261429966673,0.949863468458896
BSU_06130,ydjC,30.4692651917153,-0.0621128540079396,0.484102869297877,-0.128305073047853,0.897907550578627,0.984517604748476
BSU_06140,gutR,1203.75239776147,0.0102213920945038,0.176535354769668,0.0578999719792105,0.953828305443799,0.993454444844946
BSU_06150,gutB,227.028540114935,-0.0708589052525014,0.223942536619497,-0.316415569467709,0.75168710085524,0.946082443337159
BSU_06160,gutP,123.531757413477,-0.167181719848779,0.319787783508882,-0.522789576307051,0.601120694193581,0.898499791048637
BSU_06170,ydjE,9674.9096859225,0.0025627307691515,0.328843922687268,0.0077931522900263,0.993782027047455,0.999423131013604
BSU_06180,pspA,992.097917184513,0.460507433001035,0.26630882513019,1.72922332850182,0.0837691326847199,0.46544879704514
BSU_06190,ydjG,1042.91529077727,0.258298377474203,0.305156248693654,0.846446299493962,0.397303819165457,0.81969994392459
BSU_06200,ydjH,784.492472292927,0.353283502275375,0.265375924345711,1.33125679409841,0.183104529493944,0.63149736404584
BSU_06210,ydjI,1075.39063157333,0.385841840272647,0.3139089107772,1.22915223819977,0.219014732457537,0.671397460269944
BSU_06220,ydjJ,168.686961643521,-0.378256018624688,0.399469388323222,-0.946896131922455,0.343691709180503,0.779698113671839
BSU_06230,iolT,12877.2325061202,-0.715913129146171,0.297362938103482,-2.40753986933312,0.0160604084838592,0.245508592936161
BSU_06240,bdhA,5571.01533444237,0.648179055403051,0.209253866096538,3.09757266374241,0.0019511255661164,0.0917029016074746
BSU_06250,walM,3554.78969819427,0.0922222994834382,0.231012539881652,0.399209062549954,0.689739166172991,0.930901812486046
BSU_06260,ydjN,924.919756129759,-0.0835663964539436,0.221056530497525,-0.37803179243727,0.705406976449301,0.935935194591484
BSU_06269,ydzJ,6.24280437992359,1.45005148791686,0.905316628429949,1.60170645537751,0.10922053700338,
BSU_06270,ydjO,1305.0864965418,0.135097422896326,0.192382895790774,0.702231985546426,0.48253450140487,0.860962214082722
BSU_06280,ydjP,172.271038445376,0.150360794332788,0.387041036798226,0.388487989740414,0.697654940322154,0.93192553433051
BSU_06290,yeaA,216.426873258481,0.50101855350558,0.402770753907807,1.2439298252034,0.213525391299465,0.665278703699621
BSU_06300,cotA,9.83301676357074,0.798907963719239,0.917481368920301,0.870762056628353,0.383884086810512,0.81109917170193
BSU_06310,gabP,641.281040087083,0.0184787159460772,0.432684336565718,0.0427071525000087,0.965934977902953,0.995053328470775
BSU_06319,ydzX,0.0,,,,,
BSU_06320,mneS,669.545332524487,0.587912832239179,0.213072958065495,2.7592090407759,0.0057941458067122,0.156149319291181
BSU_06330,yeaC,511.220063293566,-0.0402622645450823,0.202416663597362,-0.198907855853064,0.842334824223102,0.968939712862451
BSU_06340,yeaD,505.154656625129,-0.151811247632822,0.199635685520317,-0.760441437296901,0.446990762287624,0.84414847365364
BSU_06350,yebA,1303.23780732921,-0.313122090141007,0.184157505454675,-1.70029502391404,0.0890754459778364,0.477383498611148
BSU_06360,guaA,8893.14713325618,-0.622149673028987,0.230426327745998,-2.69999387272618,0.0069340753109799,0.170997721403486
BSU_misc_RNA_9,gswC,40.3968124895451,0.238476158401735,0.41592627926671,0.573361603460534,0.566399882429221,0.89151454337484
BSU_06370,pbuG,326.308994819371,-0.709430960178388,0.280707640285815,-2.52729480200842,0.011494497206949,0.213583796938424
BSU_06380,yebC,488.274680248603,-0.0163678065550683,0.243525521180205,-0.0672118736292792,0.946413032711449,0.993454444844946
BSU_06390,yebD,66.1111856016786,0.286263584851914,0.323568260529395,0.884708482789856,0.376313879361236,0.804804040710995
BSU_06400,yebE,234.637572915573,-0.0669538573199512,0.23027927044963,-0.290750692362456,0.771241998631138,0.950152533509292
BSU_06410,yebG,137.339972643348,0.227355834179876,0.315472916810131,0.720682575476714,0.471104835402611,0.853156762209172
BSU_misc_RNA_10,gswD,227.297875315402,0.119703473492429,0.308195760361609,0.388400779270874,0.697719467630177,0.93192553433051
BSU_06420,purE,800.287994514701,0.610646890809187,0.211135473504797,2.89220414112606,0.0038254929272008,0.128270951079624
BSU_06430,purK,1722.46446240861,0.639448464315245,0.243519767367924,2.62585855442745,0.0086430725257127,0.192899858883925
BSU_06440,purB,2233.04671091197,0.585632017287166,0.251522045649468,2.32835263316571,0.0198933866241598,0.26633155140177
BSU_06450,purC,1155.63160887728,0.505249240198679,0.252147195140866,2.00378687502914,0.0450928953869762,0.369848787242087
BSU_06460,purS,300.277901267251,0.369393662665024,0.267576453417464,1.38051632700546,0.167427726145281,0.612521763690842
BSU_06470,purQ,1006.94835235991,0.388116525136835,0.285157412472428,1.36106062182186,0.173494532576254,0.619071406258145
BSU_06480,purL,3530.46463589873,0.456417017849099,0.253606638751798,1.79970453492659,0.0719073046621811,0.435917575304118
BSU_06490,purF,2881.55753350322,0.351675043237586,0.258724165694162,1.35926631474117,0.174062214137606,0.619071406258145
BSU_06500,purM,1104.98367924139,0.0320021584930001,0.334680338698389,0.0956200732240808,0.923822322122847,0.989679266437973
BSU_06510,purN,740.138704323629,0.0324417814180957,0.36347655101133,0.0892541247236728,0.928879951665167,0.99005347982244
BSU_06520,purH,2226.253263983,-0.0344987950071257,0.340098889591469,-0.101437540853385,0.919203136858524,0.988106981896934
BSU_06530,purD,1779.1999748845,0.0064777584992249,0.379425336429553,0.0170725512433662,0.986378736655442,0.998127166502402
BSU_06540,yezC,223.777083459329,0.291228718778247,0.235021665910139,1.23915689921796,0.215287398708019,0.666206938682057
BSU_06550,yecA,57.355561566536,0.0199144147600958,0.355421741597961,0.0560303786441467,0.955317606508671,0.993454444844946
BSU_06559,yezF,8.47970729694834,0.2376191174868,1.27430159316436,0.186470078010922,0.852076141604243,
BSU_06560,yerA,3989.27984030178,0.0119254317956343,0.231477218430592,0.0515188141471905,0.958912110236665,0.994798081678906
BSU_06570,yerB,3729.02350007624,0.0017427490081795,0.19409483564225,0.0089788530560996,0.992836008032886,0.999423131013604
BSU_06580,yerC,2059.82629052397,0.0055776259740599,0.210585342965475,0.0264862971729918,0.978869463037964,0.996479241589713
BSU_06590,yerD,50.1399430189414,0.126917116603749,0.577087880399346,0.219926844618401,0.825928129123145,0.963874479709582
BSU_06600,pcrB,441.857596696562,-0.523864317107583,0.227221919029577,-2.30551840836884,0.0211375569917777,0.271480902397207
BSU_06610,pcrA,1853.86523923774,-0.368586009917235,0.214427975539485,-1.7189268750493,0.0856276878498524,0.469893699121099
BSU_06620,ligA,2729.70152043183,-0.468591042018394,0.18704827235738,-2.50518775775212,0.0122386405643665,0.22224258661202
BSU_06630,yerH,2244.5827956377,-0.501715119671073,0.180699201549711,-2.77652095509149,0.0054944093130242,0.15095492964127
BSU_06640,yerI,748.879307354765,0.336770071430896,0.207683670825128,1.62155296125549,0.104899101372771,0.510338674428447
BSU_06650,sapB,657.442943284038,0.242111531696339,0.263203485092965,0.919864460042478,0.357643593113158,0.790695160203135
BSU_06660,opuE,59.9278075265705,0.499783369414595,0.510795531046264,0.978441155095634,0.327856181827741,0.768957086414603
BSU_06670,gatC,2396.74254389799,-0.0541202996314635,0.181787544320197,-0.297711814271153,0.765923125608731,0.949688192531632
BSU_06680,gatA,5486.04987367036,-0.0717375868221377,0.183475306290538,-0.390993143832332,0.695802303715471,0.93192553433051
BSU_06690,gatB,6828.04743637037,-0.160385304670283,0.171959430379562,-0.932692695691468,0.350978657299271,0.784445593151714
BSU_06700,yerO,240.452869281858,-0.533158977842435,0.230885638769202,-2.30919073479227,0.0209329994813413,0.270045017793461
BSU_06710,srfP,5512.52722942923,0.0468626203525617,0.21703118841573,0.215925741800735,0.829045631325124,0.96404316478954
BSU_06720,dagK,1587.67366113395,-0.071670926906568,0.226887468174418,-0.315887552024124,0.752087860577947,0.946082443337159
BSU_06730,rlmCD,1133.53048034076,-0.242756330284097,0.244657831223218,-0.992227917129755,0.321086357069273,0.76308149702067
BSU_06740,yefB,16.4831371313999,0.697547423415829,0.676628221598389,1.03091683312887,0.302579822079192,0.749682542382862
BSU_06750,yefC,118.921534969771,-0.198059684265432,0.305879341317347,-0.647509189121561,0.517302449230501,0.871482359396837
BSU_06760,yeeA,1250.34355561763,-0.0109089887401253,0.229501259568789,-0.0475334591218463,0.962088063941702,0.995053328470775
BSU_06770,yeeB,1247.1596939171,-0.0018912883768595,0.182989005278632,-0.0103355301264126,0.9917535869027,0.999423131013604
BSU_06780,yeeC,897.838640336728,0.16591035539145,0.192940884482564,0.859902533547485,0.389842771820924,0.813700038361855
BSU_06790,yeeD,18.7965486863857,0.0614580549019808,0.551353352012829,0.111467636276474,0.911245528144039,0.985681580424162
BSU_06800,yezA,17.5572835490719,0.838085307123141,0.9297317775238,0.901426978601564,0.367361342465485,0.8002227716192
BSU_06811,yezG,232.553854024825,0.337006793339037,0.328089779653384,1.0271785780559,0.304336383282481,0.749682542382862
BSU_06812,yeeF,377.595337381677,-0.0063567645978779,0.201656233962618,-0.0315227775158011,0.974852627338748,0.995155648954288
BSU_06820,yeeG,8.04198646926707,-0.332275501978667,1.20113362091585,-0.276634919040324,0.782060449137471,
BSU_06830,rapH,381.718769529076,-0.225271778812636,0.253755522852588,-0.887751235047999,0.374674579335642,0.804276149940409
BSU_06839,phrH,40.2030905164334,-0.371015697727383,0.445220396836701,-0.833330414247542,0.404658407779188,0.820437215892481
BSU_06840,yeeI,2302.1246803674,0.0056514181663069,0.197118177313403,0.0286702030392743,0.97712762112453,0.99607676611189
BSU_06850,cotK,60.7508538498164,0.118936185503383,0.33709046382948,0.352831652821682,0.724214652435295,0.939973208732619
BSU_06860,yezE,443.020681584737,0.0299066112359783,0.228269437615521,0.131014521910509,0.895763819602952,0.984517604748476
BSU_06870,yesE,33.7474415427845,0.437223527537242,0.478536829117976,0.913667456574071,0.360891609100782,0.794634034110377
BSU_06880,yesF,92.9757823416489,0.683726348747766,0.324799781991956,2.10507022065889,0.0352851959964172,0.334038763046651
BSU_06890,cotJA,1.76845086972038,1.93682284712073,2.41233380250428,0.802883433921993,0.422042111937499,
BSU_06900,cotJB,0.747609654717059,1.50955483954849,3.45502654535072,0.436915554695182,0.662172590860024,
BSU_06910,cotJC,3.67209809310508,2.06315029855845,1.4622489922663,1.4109432179268,0.158261357499322,
BSU_06920,yesJ,965.805634142883,-0.217812921098614,0.212957543405857,-1.02279974503417,0.306402538614201,0.749682542382862
BSU_06930,yesK,28.9066406773118,-0.264303038377954,0.480937202511823,-0.549558314469249,0.582622357044035,0.895927004568973
BSU_06940,yesL,305.645320261036,0.176699677031943,0.303098608002268,0.58297752733533,0.559908428572216,0.889397285147515
BSU_06950,yesM,402.392912814299,0.025966550656072,0.277537619206768,0.0935604720192063,0.925458310586412,0.989881111323351
BSU_06960,yesN,159.587202996712,-0.402063163273962,0.359548029648767,-1.11824604814752,0.263461922363621,0.715520312605483
BSU_06970,yesO,61.5653294702353,-0.439194141821548,0.584753713537179,-0.75107542141949,0.452607266724931,0.84414847365364
BSU_06980,rhgP,29.0331859041087,-0.109433867368792,0.499675496554982,-0.219009873654571,0.826642356410365,0.963874479709582
BSU_06990,rhgQ,26.1638706259007,1.03351064021254,0.720599555288657,1.43423713299203,0.151504603757756,0.587061970913905
BSU_07000,rhgH,55.6716415291735,-0.203675490278442,0.388893646354521,-0.523730567952682,0.60046595149597,0.898499791048637
BSU_07010,rhgR,123.50594812411,0.085672399301337,0.319643114847437,0.268025167200075,0.788679946614981,0.953913529133166
BSU_07020,rhgT,22.9158448608458,0.309219151352353,0.51612572074026,0.599115949712508,0.549095566320971,0.885529410386566
BSU_07030,yesU,25.4901894339977,-0.210866070408912,0.510053948164446,-0.413419151381466,0.679299545587119,0.930400779595188
BSU_07040,yesV,21.7256055129672,1.26396401642203,0.568006617396674,2.22526283622383,0.0260635987501923,0.294771109540734
BSU_07050,rhgW,125.69436049966,-0.156441808556464,0.279400355169665,-0.559919862884444,0.575534099776062,0.893126396246115
BSU_07060,rhgX,110.77537113443,0.0456832953394398,0.274098919640009,0.166667184968983,0.867631926936778,0.977595291567839
BSU_07070,yesY,44.2012535876843,-0.0804596014789735,0.385322248586366,-0.208811200947145,0.83459562699145,0.965432140533785
BSU_07080,rhgZ,122.303050348287,-0.0264353141506484,0.258099810474855,-0.102422834414378,0.918421059739013,0.988106981896934
BSU_07090,yetA,98.0950628619611,-0.247240099273858,0.289289155185178,-0.854646967721955,0.392746617676508,0.815499764967614
BSU_07100,lplA,237.325204735608,-0.221474221727618,0.247520043502684,-0.894772878161748,0.370908511470539,0.80356806037137
BSU_07110,lplB,113.093470446917,-0.214935057105497,0.276102100206096,-0.778462231707255,0.436296563760731,0.837259189458047
BSU_07120,lplC,95.7354443256458,-0.148658562602052,0.286764891085418,-0.518398755298716,0.604180082959991,0.898499791048637
BSU_07130,lplD,236.215109092778,-0.157421002505132,0.236901089764747,-0.664500963931646,0.506369732195038,0.86762519706315
BSU_07140,yetF,159.51417007952,-0.0927252691679368,0.252675440424028,-0.366973810404089,0.713638553462494,0.938593998463571
BSU_07150,hmoA,1400.88364615796,0.934940887595663,0.328604867559289,2.84518270998215,0.0044385955095968,0.133748787698831
BSU_07160,yetH,704.305666592277,0.0578718193183309,0.223203055981027,0.259278794656155,0.795420139523437,0.955978009107958
BSU_07190,yezD,101.315355945445,0.586869040588007,0.709898521964813,0.826694270279233,0.408410369765549,0.821137104787805
BSU_07200,calJ,1694.69953145744,-0.0830665423795504,0.251298162856775,-0.330549739939378,0.740984615573604,0.943728055241868
BSU_07210,yetK,274.471683380266,0.0178527472253689,0.248300395183367,0.0718997938452125,0.942681654114402,0.993454444844946
BSU_07220,flvL,152.302578200622,0.112820796804285,0.312805333593529,0.36067414678705,0.718343053506475,0.939822102692
BSU_07230,flvM,28.1656667958253,-0.528706653110427,0.471023772503582,-1.12246277995747,0.261665724369962,0.713065872345156
BSU_07240,yetN,370.941383053653,0.113640926168404,0.283428702445635,0.40095066303386,0.688456448381354,0.930797046120767
BSU_07250,cypD,28.6400216716479,0.504574081955221,0.526860308853376,0.957699931986417,0.338214091078205,0.772977856897842
BSU_07260,ltaSA,5245.5082800191,-0.408455655610464,0.192444273583876,-2.12246198862571,0.0337989614517513,0.325365906023485
BSU_07270,spmH,6.13015169244861,1.52316008619962,1.21047157748257,1.25831957935547,0.20827620302427,
BSU_07280,spmG,9.29137545382864,0.281662195421466,0.94513450163142,0.298012817154894,0.765693381180479,0.949688192531632
BSU_07290,yfnF,14.3632676134349,-0.896492096051496,0.852693381478912,-1.05136513959639,0.293090920136426,0.742660382063674
BSU_07300,yfnE,56.2485738872564,-0.0151047022909103,0.347950316234641,-0.0434105146227958,0.965374296146762,0.995053328470775
BSU_07310,yfnD,145.702456513309,0.0385708650058353,0.269632506259342,0.143049758877131,0.88625088335633,0.98311799825554
BSU_07320,yfnC,916.05364774337,0.0687590250158411,0.204849642187107,0.335656065989304,0.73713023974209,0.943089892697568
BSU_07330,pynN,624.302073696588,0.264919680482039,0.249006164991888,1.06390811846232,0.287370324905515,0.73954386170652
BSU_07340,mtrA,401.30909163682,-0.18739364604818,0.211336884651062,-0.886705822117068,0.375237302978443,0.804276149940409
BSU_07350,vdhT,6524.5059038656,0.189819780960131,0.209681897595371,0.905275005315106,0.365319714521256,0.798735000247143
BSU_07360,yfmS,3147.71076534793,0.156541788680343,0.201050209898324,0.778620369307301,0.436203376510798,0.837259189458047
BSU_07370,ettA,1646.34051152643,-0.0279366149003652,0.221380539361598,-0.126192731217147,0.899579365018071,0.984517604748476
BSU_07380,yfmQ,1286.36810527389,-0.300368206902112,0.254276460400589,-1.18126627383797,0.237496960789681,0.692680970345146
BSU_07390,copP,158.838283708522,0.148413434372044,0.314295897147022,0.472209264324628,0.636777427705322,0.909754077800625
BSU_07400,copO,62.6444794488971,0.633245644210796,0.413894871544155,1.52996736066888,0.126024808199021,0.543125098411719
BSU_07410,yfmN,0.878403389799174,-0.204283150656083,3.46331157361493,-0.0589849184267462,0.952964120547356,
BSU_07420,ettM,1223.75078260379,-0.426761704700923,0.192672364814503,-2.21496064114743,0.0267627661662815,0.298651538643281
BSU_07430,yfmL,947.266768231504,-0.345272399152216,0.209947796616468,-1.64456309957355,0.100059941774691,0.499649985791331
BSU_07440,yfmK,161.596303041403,0.596455800089383,0.262245919385515,2.27441403659198,0.0229411042848593,0.279494317117277
BSU_07450,yfmJ,1363.02030536091,0.492554840381112,0.267099954937545,1.84408432602051,0.0651708518083102,0.419132146462597
BSU_07460,yfmI,230.349988819504,0.30691198815518,0.260127441977704,1.17985240550471,0.238058922225793,0.693012232895158
BSU_07480,yfmG,296.272789690079,0.521420891408326,0.274015415972377,1.90288889242965,0.0570550446537374,0.39918547003797
BSU_07490,fecF,515.555346531105,0.244460821534739,0.199069467038599,1.22801766223315,0.219440337781453,0.671773294587666
BSU_07500,fecE,407.705847656022,-0.0463342393210019,0.193531087577561,-0.239414968938427,0.810783823939568,0.960898663363364
BSU_07510,fecD,301.641856280848,-0.385298316774431,0.255155444112286,-1.51005328581142,0.131029828002741,0.549857313940076
BSU_07520,fecC,4481.82967784637,-0.130184979850153,0.328216332674885,-0.396643819608782,0.691630134193991,0.9315786871561
BSU_07530,yfmB,56.1145204600258,0.707110033329506,0.485605303091328,1.45614149768978,0.145353507934628,0.577798272834667
BSU_07550,yflT,117.005614638997,0.497896824380246,0.795495045970747,0.625895568931745,0.531383441108812,0.876497459632413
BSU_07560,pelA,5561.48113801684,0.240397859449721,0.227545383713735,1.05648313108455,0.290747543722457,0.740303656578213
BSU_07570,maeS,122.715549315761,0.133188396264853,0.286529398842439,0.464833265985709,0.642050863223701,0.913524787586142
BSU_07580,citS,828.885932372673,-0.0743307616021456,0.184228356017305,-0.40347079683631,0.686601913946167,0.930797046120767
BSU_07590,citT,339.758165671626,-0.407092595063275,0.243597274250642,-1.6711705675508,0.0946879919886057,0.490997270519475
BSU_07600,yflP,742.701878832907,-0.11568482892852,0.207645209779144,-0.557127366682647,0.577440410853485,0.894484079627636
BSU_07610,citM,229.680652404133,-0.159041116846056,0.261320227801806,-0.608606223038646,0.542785478646804,0.883203081143408
BSU_07620,yflN,150.078669348182,-0.104770960637694,0.302646975388449,-0.346182083938621,0.729205878218202,0.94216781191762
BSU_07630,nosA,731.018607887621,-0.429796964268151,0.193460374632582,-2.2216278919361,0.0263084633094194,0.294916798378903
BSU_07640,acyP,40.6223239475721,0.85074116429747,0.540113839364695,1.57511454492288,0.115230007328017,0.52856765358953
BSU_07650,yflK,464.8225748085,-0.428097409334742,0.198330462782984,-2.15850557361515,0.0308885455399,0.316957047285899
BSU_07660,yflJ,255.503225714463,0.185191090211332,0.260905046075258,0.709802638918349,0.477826532420833,0.857169733732028
BSU_07670,yflI,132.035396655575,0.274784122928152,0.262013325983863,1.04874102069555,0.294297329070864,0.743184468797789
BSU_07680,yflH,1005.51018586425,0.274700015435574,0.225119313248959,1.22024188627381,0.222373192648527,0.676088968516642
BSU_07690,mapB,1031.1890891696,0.302875125775808,0.216827489884491,1.39684836981306,0.162459173259117,0.604492935372529
BSU_07700,nagP,2500.25675013508,0.480266621299695,0.2512541244079,1.91147756253347,0.0559432375347473,0.398572276913923
BSU_07710,ltaSB,7273.78531416659,-0.417337861928574,0.228638601995803,-1.82531671504987,0.0679532492214612,0.424995939697927
BSU_07720,yflD,1.06607767475506,0.48726669542814,3.42743255602986,0.142166676502764,0.886948352691701,
BSU_07735,yflB,42.4163439027364,0.604411941033134,0.511711551074373,1.18115750907739,0.237540157540138,0.692680970345146
BSU_07750,yflA,46.6725679999193,-0.686538230767742,0.705274397655681,-0.973434216596806,0.330337540010475,0.770125968053083
BSU_07760,yfkT,13.1938678837602,-1.64801802490444,0.881319693787026,-1.86994349101961,0.0614916654848382,0.412179871832095
BSU_07770,yfkS,0.944534275580849,-2.13149524744876,2.95020920497779,-0.722489525099561,0.469993563185559,
BSU_07780,yfkR,13.9862852032981,0.0705497203843007,0.732701565294991,0.0962871156906795,0.923292543728733,0.989679266437973
BSU_07790,yfkQ,6.82865970812199,0.192713179404156,1.08732220701103,0.177236497297256,0.859322628747858,
BSU_07800,treP,159.948891354021,-0.0447261237187268,0.412417363185471,-0.108448692298662,0.913639777995222,0.986452266239149
BSU_07810,treA,183.676938592494,0.0496028757116277,0.236567391919961,0.209677569292432,0.833919333480095,0.965432140533785
BSU_07820,treR,934.883275733891,-0.252714852051862,0.172553407330906,-1.46456019594692,0.143040948459138,0.573168093374379
BSU_07830,hypO,673.355508781128,0.323306087635962,0.273344981594328,1.18277674516001,0.236897639233614,0.692544595135365
BSU_07840,yfkN,1159.75472752596,-0.401823003574375,0.21661744807184,-1.85498909321982,0.0635977840911072,0.418571906826974
BSU_07850,sufLB,188.031213595296,0.0506451388913475,0.476616992098152,0.106259616696414,0.915376371342995,0.987291739609952
BSU_07860,yfkL,688.484684175207,0.0081429687059567,0.25206876610255,0.0323045525705631,0.974229178674879,0.995053328470775
BSU_07870,yfkK,483.823941057295,0.0660228530405302,0.276800937473924,0.238521060091243,0.811476983049926,0.960898663363364
BSU_07880,yfkJ,206.454115661605,0.198857753974056,0.228107776420116,0.871771042157768,0.383333295155633,0.810702230887642
BSU_07890,yfkI,223.460740381147,0.0834392955231527,0.27722129353401,0.300984439035944,0.763426360508886,0.948838562300488
BSU_07900,rbn,339.555247026381,-0.0475708446569794,0.203375834299235,-0.233906082405969,0.815057891110718,0.960898663363364
BSU_07910,yfkF,199.825508581511,-0.414134734134294,0.275874632656873,-1.50117004287736,0.133311586135096,0.55445533799756
BSU_07920,chaA,43.5842084753184,-0.173077439747191,0.616065094333653,-0.280940182034489,0.77875628044195,0.950152533509292
BSU_07930,yfkD,77.1976645523249,-0.312894462328169,0.372919802529757,-0.839039547392235,0.401447117616038,0.820437215892481
BSU_07940,mscC,845.371765939276,0.0302035249437404,0.213019578235486,0.141787553960657,0.887247815243432,0.983778801525815
BSU_07955,yfkA,610.758452688437,-0.207801554498722,0.202356507543299,-1.02690818803669,0.304463698370834,0.749682542382862
BSU_07970,yfjT,185.928024301993,0.0978113723554266,0.311524921972011,0.313976075288816,0.753539209753564,0.946082443337159
BSU_07980,pdaA,108.958829124321,0.0701456457768018,0.277396452762224,0.252871459163642,0.800367545125338,0.957387705279997
BSU_07990,yfjR,221.248261671874,0.490562097401341,0.363471142583386,1.34965899607504,0.17712539074224,0.624528449762401
BSU_08000,yfjQ,440.199271225264,-0.192007801832297,0.263853947527822,-0.727704867148334,0.466794270294984,0.850017037507684
BSU_08010,yfjP,550.552531325906,-0.0396727471916121,0.206790831391184,-0.191849643065478,0.847859983614907,0.971658242840376
BSU_08020,yfjO,1355.74826103996,0.0219726679575768,0.191200038311133,0.114919788466891,0.908508700080541,0.985681580424162
BSU_08029,yfzA,160.86914589808,0.965401670788938,0.289876220872569,3.33039277206989,0.0008672355836814,0.0558807444646362
BSU_08030,dusC,1217.99969758587,-0.165024244458619,0.227841848625201,-0.724292949053814,0.468885904830864,0.851067328395866
BSU_08040,yfjM,224.513070618822,-0.0987404960457409,0.252083656113641,-0.391697334004185,0.695281860111743,0.93192553433051
BSU_08050,yfjL,483.196900633352,0.179417634763859,0.208003175324961,0.862571614512888,0.388373042678006,0.813455083586593
BSU_08060,acoA,579.224992035945,-0.754616312908259,0.382878636633597,-1.97090211024337,0.0487350737190747,0.377148975711731
BSU_08070,acoB,572.014310659901,-0.746052544598213,0.395877839289891,-1.88455243146838,0.0594902896947817,0.408995903120968
BSU_08080,acoC,779.696384698836,-0.824919451349499,0.332030528033634,-2.48446869098114,0.0129744916780704,0.226345389754983
BSU_08090,acoL,869.850631252942,-0.613876025349941,0.3476210516299,-1.76593454991188,0.0774068299749276,0.446234178571192
BSU_08100,acoR,2868.99845124688,-0.253675201067124,0.239261360266411,-1.0602430780493,0.28903402782553,0.740303656578213
BSU_08110,sspH,472.701745943788,-0.231382451196978,0.206667514354136,-1.1195879135629,0.262889408422099,0.714894484541633
BSU_08120,yfjF,61.4286882211515,0.423870700395724,0.380131705605996,1.11506273784766,0.264823537867194,0.717754432686186
BSU_08130,yfjE,60.2896067601378,-0.503459192111517,0.401949768280718,-1.25254256089011,0.21037222987264,0.66163888139438
BSU_08140,yfjD,26.0231967218375,0.0664827787158363,0.501014817542905,0.132696232502431,0.894433622543601,0.984517604748476
BSU_08150,yfjC,35.7982724615286,-0.785256062484017,0.566168445888476,-1.38696543084758,0.165452304228091,0.607157027011411
BSU_08160,yfjB,53.3969454726471,0.197278497606314,0.381304381642643,0.517377998008957,0.604892315530462,0.898499791048637
BSU_08170,yfjA,12.2172826102943,-1.39129622917249,0.863479635992525,-1.61126698439537,0.107121543513477,0.513674562482669
BSU_08180,malA,3144.43183471028,-0.24985570796253,0.221695073149758,-1.12702417971079,0.259732257940599,0.711192851591976
BSU_08190,malR,867.460304307081,-0.392358403654717,0.186721079511506,-2.10130749394334,0.0356139823458578,0.335560989320052
BSU_08200,malP,1037.246935132,-0.105792627968363,0.19202910555129,-0.550919755964319,0.58168868388908,0.895927004568973
BSU_08210,yfiB,371.931640693677,0.343884879253667,0.390940784756668,0.879634186716308,0.379057512727563,0.806735214129244
BSU_08220,yfiC,437.573292965259,0.40916442430884,0.377842873133132,1.08289570454508,0.278854718709224,0.729254770225884
BSU_08230,catD,7.00874919877838,-0.971011135013824,0.846255600862737,-1.14742063039099,0.251207818801651,
BSU_08240,catE,80.5925135326871,-0.670151005639262,0.32352813774026,-2.07138399250233,0.0383229256162863,0.343273739544986
BSU_08250,yfiF,94.5356935888039,-0.545374859656084,0.401446707065005,-1.35852368460896,0.174297572423589,0.619071406258145
BSU_08260,yfiG,459.907664425423,-0.462551879670474,0.198073509687816,-2.33525361568795,0.0195301757370646,0.266320005909804
BSU_08270,yfiH,267.861796224662,-0.343018189743707,0.224993775683477,-1.52456746281847,0.127367018092286,0.543623116750728
BSU_08280,yfiI,497.240001451858,-0.0957548566940106,0.217852591252698,-0.439539672874213,0.660270542095005,0.918753839904972
BSU_08290,linJ,336.709625880419,-0.184945826866946,0.264827053477931,-0.698364553160571,0.484949238257401,0.861133894076131
BSU_08300,linK,375.973803266031,-0.229470465432854,0.20227195938899,-1.13446503472861,0.256599532508866,0.708441694798149
BSU_08310,bifL,3.49917803391078,0.118131683420178,1.32230340483362,0.0893378047642873,0.928813450315176,
BSU_08320,bifM,5.47933433640129,-1.16103834147195,1.33318243153226,-0.870877318820902,0.383821142230845,
BSU_08330,bifN,16.5988155494904,-0.226328893503692,0.655722197527056,-0.345159725196512,0.7299742949079,0.94216781191762
BSU_08340,padR,409.76851831194,-0.119658426154313,0.194197093801633,-0.616170014761088,0.53778231636693,0.881280146098961
BSU_08350,estB,712.159862813076,0.0206378118785067,0.282630878908106,0.0730203718653716,0.941789906379573,0.993454444844946
BSU_08360,icaC,58.1254666693162,0.11500661542468,0.358453002413831,0.320841545893667,0.748330473352569,0.945560587870568
BSU_08370,yfiR,288.914711780571,0.0616148677465578,0.242170712504694,0.254427412420333,0.799165375531204,0.957060428462159
BSU_08380,yfiS,81.5412197236363,0.185760238354078,0.403412747366573,0.460471910138429,0.645177529342064,0.91404160482802
BSU_08390,bstA,676.857782563409,0.198426227358222,0.202852633687771,0.97817920206862,0.327985700938794,0.768957086414603
BSU_08400,yfiU,12.8706402932944,-0.595817156254492,0.710106307246791,-0.839053463085803,0.401439309010769,0.820437215892481
BSU_08410,yfiV,260.609915947725,0.152160833365272,0.23476241535488,0.648148184773347,0.516889111386282,0.871482359396837
BSU_08425,mprF,1882.16726193763,0.0706367010451537,0.192388498081362,0.367156569907215,0.713502232609929,0.938593998463571
BSU_08440,sxzY,12208.7923606697,0.0298113160470871,0.37700279164576,0.0790745233396003,0.936973347476125,0.992317022122488
BSU_08450,sxzZ,728.209174759787,0.0331434271550154,0.319882918848116,0.103611118950532,0.917477963512683,0.988106981896934
BSU_08460,sxzA,1022.68823423788,-0.0600487599526965,0.27607474533213,-0.217509065816416,0.82781164261581,0.963874479709582
BSU_08470,yfhB,1383.88810208611,0.0647272366231245,0.298151812394494,0.217094895728764,0.828134391732957,0.963874479709582
BSU_08480,yfhC,3020.20742824309,0.176427795277521,0.325300703207079,0.542352947713154,0.587575386915211,0.896685965943419
BSU_08490,yfhD,36.2368777296238,0.0851808720628427,0.489921806276201,0.173866259822737,0.861970569476843,0.975785977986049
BSU_08500,yfhE,8.78128301360508,-0.585731916256136,1.06974352729965,-0.547544248979658,0.584004879345852,
BSU_08510,yfhF,82.5052641125859,0.112259095737211,0.396514186249797,0.283114954344887,0.777088718465273,0.950152533509292
BSU_08520,recX,729.414924174098,-0.158491421779814,0.215251243265179,-0.736308972601661,0.461542686964701,0.846070392253825
BSU_08530,yfhH,526.236456290336,0.0414423353965766,0.218572989011125,0.189604102428536,0.849619372255386,0.972558565088901
BSU_08540,yfhI,349.197641643239,-0.464270324233176,0.265404099167183,-1.74929598182552,0.0802398701839281,0.456635728468366
BSU_08550,sspK,5.11890105366206,-1.10652226477637,1.13846743474623,-0.97194019873131,0.331080299851836,
BSU_08560,yfhJ,218.662061869299,0.198902469587088,0.376249233088871,0.528645514979977,0.59705138013772,0.898499791048637
BSU_08570,yfhK,32.3920691374229,0.0838956025322378,0.924920275059574,0.0907057665341309,0.927726388491684,0.99005347982244
BSU_08580,spdL,67.0169474274397,0.143383982401321,0.529096930204273,0.270997570040641,0.786392901183361,0.952878265158486
BSU_08590,ephM,268.245045914447,0.573201607047214,0.405390840053516,1.41394809752373,0.157377142334387,0.596510136267433
BSU_08600,csbB,986.2120543817,-0.0230002940665092,0.257238577414206,-0.0894123047083801,0.928754244896352,0.99005347982244
BSU_08610,yfhO,1651.82269541728,0.0025848718299493,0.293444251425083,0.008808732211983,0.99297173945946,0.999423131013604
BSU_08620,yfhP,457.946901472606,0.181246664194502,0.228874510159693,0.791904105302247,0.428416593057662,0.832453448086264
BSU_08630,mutY,831.600372801409,-0.0036543362998791,0.200973889022071,-0.0181831396986992,0.985492752985443,0.998127166502402
BSU_08640,yfhS,4.34371222558611,2.05494912492874,1.38283896592545,1.48603646235373,0.137269476729237,
BSU_08650,fabL,2974.11215278313,0.0584358456067818,0.174385070958774,0.335096607097728,0.737552212198939,0.943089892697568
BSU_08660,sspE,1488.72604640579,0.128288840631855,0.22077325717963,0.58108868017232,0.561180687442302,0.890091555806749
BSU_08670,ygaB,23.6428015513948,0.343928879438153,0.60543828260227,0.568065960348413,0.569990180320747,0.892568533296843
BSU_08680,ygaC,617.238596904592,0.106497027039618,0.298031528562133,0.357334767745608,0.720841204901586,0.939822102692
BSU_08690,ygaD,630.31486566557,-0.320212951306659,0.217860572552881,-1.46980680145295,0.141614086559448,0.571829095153621
BSU_08700,ygaE,2287.13862746739,-0.614780470691174,0.298680757661906,-2.05831964370159,0.039559459728977,0.346579038634349
BSU_08710,gsaB,1457.1534992122,-0.116349126615664,0.182703675387989,-0.63681875237915,0.524242909863272,0.872696418887785
BSU_08720,bcp,948.272720091412,-0.0075455607940104,0.198416372355497,-0.0380289222327443,0.969664622094518,0.995053328470775
BSU_08730,perR,2179.74016764859,0.162302519608817,0.214289323073072,0.757399002812064,0.448810853371499,0.84414847365364
BSU_08740,ygzB,479.980085102534,0.474936991456357,0.195727847252382,2.42651721828804,0.0152445269222399,0.238830921781758
BSU_08750,ygxA,1133.05434977756,0.0602981362489817,0.206673159717778,0.291756009011144,0.77047318222615,0.950152533509292
BSU_rRNA_22,rrnD-16S,1177.72521354224,0.0239911178114175,0.382467388346334,0.0627272247057386,0.949983717897565,0.993454444844946
BSU_rRNA_17,rrnD-23S,1883.27188334158,0.104947016302504,0.386748290802909,0.271357414623938,0.786116151825485,0.952831925528766
BSU_rRNA_18,rrnD-5S,1.23736739628551,0.319397160115493,2.73925161455029,0.116600154005177,0.907176915679588,
BSU_tRNA_29,asnTA,0.859398936010162,-0.231807760698796,2.29358875873097,-0.101067708767048,0.919496711427958,
BSU_tRNA_30,trnD-Ser,148.427474015919,0.165865596210423,0.309011578445219,0.53676175192195,0.591432194680674,0.898258520476343
BSU_tRNA_31,trnD-Glu,346.181187637824,0.137788805254937,0.338236274310847,0.407374417589244,0.683733013340378,0.930797046120767
BSU_tRNA_32,trnD-Val,11.5046530558424,0.969730956846356,0.737292811656911,1.31525893310568,0.188422894861356,0.635768129198578
BSU_tRNA_33,trnD-Met,15.7159154289941,-0.284147254934043,0.880814473652945,-0.32259603291442,0.747001198511891,0.945330876032367
BSU_tRNA_34,trnD-Asp,127.298560100392,-0.477655490721855,0.303840087718678,-1.5720621143452,0.115936146656968,0.529331321022386
BSU_tRNA_35,trnD-Phe,55.5924868028485,-0.127152681725828,0.434699676361469,-0.292506962025194,0.769899037610206,0.950152533509292
BSU_tRNA_36,trnD-Thr,64.9442810400576,-0.0173487252919037,0.43443894131871,-0.0399336331113478,0.968146037134782,0.995053328470775
BSU_tRNA_37,trnD-Tyr,286.085080948022,-0.210102657872332,0.300556251671665,-0.699046041144583,0.484523258123725,0.861133894076131
BSU_tRNA_38,trnD-Trp,139.100987616571,-0.527349260266898,0.320775770683767,-1.64398096259826,0.100180134823243,0.499649985791331
BSU_tRNA_39,trnD-His,111.602817598578,-0.403393475186804,0.400099987022757,-1.00823166276149,0.313343260875331,0.753520165990977
BSU_tRNA_40,trnD-Gln,391.953715649829,-0.682110702753554,0.28093811034034,-2.42797497971072,0.0151833906995139,0.238830921781758
BSU_tRNA_41,glyTB,148.316799234166,-0.876783867444466,0.375536679595719,-2.33474894752854,0.0195565396016082,0.266320005909804
BSU_tRNA_42,cysTA,11.6594666194625,0.214306705246115,0.705419154079443,0.303800519176122,0.761279871178019,0.948838562300488
BSU_tRNA_43,leuTA,95.5934891884594,0.0637680701851469,0.532317076025737,0.119793395810702,0.90464681364861,0.984997682274009
BSU_tRNA_44,leuTB,11.6838483853335,-0.951427789724964,0.747269189078673,-1.2732062336171,0.202944869152796,0.653076187474201
BSU_08760,spo0M,1493.51966189144,0.468453541229132,0.290312432202379,1.61361860281123,0.106610179243981,0.513674562482669
BSU_08770,ygzA,27.2294272830384,-0.159721978976565,0.513829416163956,-0.310846311931662,0.755917460647662,0.946377391190038
BSU_08779,ygzC,17.519310017965,1.47096064324372,0.751915769941116,1.95628380471248,0.0504317309311291,0.378719122992945
BSU_08780,ygaJ,263.448878999945,-0.003974867298717,0.228943852626101,-0.0173617559638456,0.986148018873278,0.998127166502402
BSU_misc_RNA_11,tswD,164.030705602569,0.0138483181997931,0.324720683624332,0.0426468620514922,0.965983038933621,0.995053328470775
BSU_08790,thiC,4583.43417703589,0.072198321826496,0.26773788594471,0.269660461281917,0.787421481306626,0.95356750543301
BSU_08800,ygaK,8.28298758662444,0.768868351539703,1.08182884230073,0.710711640766153,0.477262944608615,
BSU_08810,senS,0.875225052818614,1.07168628596676,3.47100314130603,0.308754052456292,0.757508623299735,
BSU_08820,katA,860.251891971792,0.432300093552199,0.175028523550087,2.46988367829367,0.0135156993110155,0.230748798066269
BSU_08830,ssuB,2.75239412179982,1.06164931713894,2.41420144980738,0.439751751960736,0.660116915688335,
BSU_08840,ssuA,2.3364589491732,0.0071710625551123,2.52441860530825,0.0028406788557306,0.997733469247092,
BSU_08850,ssuC,1.55961239722792,0.282093756039139,2.60595102368653,0.108249830282717,0.913797518303377,
BSU_08860,ssuD,10.1247514949474,-0.606835413364398,0.895408529975952,-0.677719044491006,0.497949848972822,0.863577215459756
BSU_08870,ygaN,295.151193054947,-0.0695230379827183,0.242988207274883,-0.286116922143755,0.77478857110004,0.950152533509292
BSU_08880,rpsNB,5.21692580460257,-0.349187181516294,1.31066289336417,-0.266420284944523,0.789915544472252,
BSU_08890,ygaO,172.481396603962,0.539763044145897,0.316170935272925,1.70718742277801,0.0877872219773574,0.47536037651417
BSU_08899,ygzD,39.3918329922617,0.101768426850419,0.48324148017722,0.210595387658149,0.833203011716607,0.965384579990675
BSU_tRNA_82,trnSL-Gly1,5.91347883203025,0.244751861648922,1.07757924173437,0.227131195711409,0.820321727211241,
BSU_08900,yhzB,218.544760296826,0.282725658849903,0.299467309755969,0.944095230562197,0.345120986364616,0.780437022674026
BSU_08910,queG,138.183096133921,-0.425995621844797,0.351763427548773,-1.21102874398656,0.225884388583237,0.678810527733275
BSU_08920,yhbB,13.4433587999649,0.607462328632359,1.0871156954179,0.558783514204384,0.576309474900287,0.893305694143773
BSU_08930,trmL,1171.18810086423,0.0422195756450753,0.187867746291815,0.22473030351626,0.822189088733506,0.963537676369379
BSU_08940,yhbD,82.6779125431698,0.241837308546607,0.421595792355999,0.573623629389539,0.566222518233878,0.89151454337484
BSU_08950,yhbE,189.67550033905,-0.173746032828031,0.308533524972662,-0.563135020232973,0.573342946276862,0.892568533296843
BSU_08960,yhbF,283.910835236615,0.0507091382548159,0.219189726684936,0.231348152222961,0.817044341080459,0.961157874739822
BSU_08970,prkA,46.5308287721723,0.609640667365316,0.391490051792655,1.55723156839807,0.119415515875464,0.53184502332495
BSU_08980,yhbH,138.237572072666,0.0232722005412468,0.349958193988297,0.0664999446820354,0.946979801751103,0.993454444844946
BSU_08990,yhbI,191.198887014381,-0.526767687339847,0.353417335702061,-1.49049759059902,0.136093449518473,0.559355278627881
BSU_09000,yhbJ,355.733801523068,-0.269379060748988,0.292628203888816,-0.920550572942512,0.357285117763093,0.790695160203135
BSU_09010,yhcA,663.271033087217,-0.53269882434605,0.2542135113884,-2.09547801545515,0.0361285207581224,0.336708345262789
BSU_09020,yhcB,252.412561118808,-0.524042056787235,0.321085226915653,-1.63209644311944,0.102659170949594,0.505700848265878
BSU_09030,yhcC,205.009260923747,-0.437480861847775,0.272685381057721,-1.6043429249886,0.108638484266993,0.516316479682657
BSU_09040,yhcD,0.0,,,,,
BSU_09050,yhcE,119.420753431495,-0.0392284698116154,0.266389029854681,-0.147260079865207,0.882926740550946,0.98311799825554
BSU_09060,yhcF,141.115780023779,0.214364266530596,0.284946655183245,0.752296132034756,0.451872993422043,0.84414847365364
BSU_09070,yhcG,171.755497404259,-0.21405615810317,0.335150136632135,-0.638687366367153,0.523026333016245,0.872696418887785
BSU_09080,yhcH,315.438019762276,-0.22486725204173,0.217534636445747,-1.03370780725217,0.301272782144701,0.749682542382862
BSU_09090,yhcI,414.545483194006,-0.0874604645905699,0.215423235742948,-0.40599364450607,0.684747270191565,0.930797046120767
BSU_09100,cspB,43775.3364230339,0.11266453749818,0.319745839739342,0.352356539150046,0.724570891282489,0.940130143122294
BSU_09110,yhcJ,780.560613348988,-0.0703550907740803,0.274482091179056,-0.256319421321315,0.797704202013575,0.956331610027648
BSU_09120,dgcK,1169.62191544673,-0.487555119507953,0.26402017518933,-1.84665857129412,0.0647966395798424,0.419132146462597
BSU_09130,tcyP,4136.05822982652,0.210593113682968,0.464420837217432,0.453453197631554,0.650222437419864,0.914296970715904
BSU_09140,yhcM,49.1471724580974,0.564752852429906,0.633440578123485,0.891564058151974,0.372626642133065,0.804171636469368
BSU_09150,yhcN,137.349660788758,0.451603716359861,0.471205359376547,0.958401060967089,0.337860560446527,0.772977856897842
BSU_09165,yhcO,15.3582526411723,-0.0495711096743517,0.642433144175512,-0.0771615071914921,0.938495063125937,0.992812863632875
BSU_09180,yhcQ,47.0691544430715,0.283976513947246,0.444093139141143,0.639452603335517,0.522528537711151,0.872696418887785
BSU_09190,mncR,862.649079868764,0.274020004734518,0.22650987636939,1.20974859518994,0.226375376692879,0.678956178594632
BSU_09200,srtA,241.666956338542,-0.0221437008074998,0.248771241768768,-0.0890123016232008,0.929072133647766,0.99005347982244
BSU_09210,yhcT,246.623386672425,-0.159233940525402,0.251631598924426,-0.632805820914512,0.526860455084039,0.874499707120026
BSU_09220,yhcU,75.0706057991187,0.25098489699956,0.367472137059281,0.683003884343673,0.49460438805286,0.863246066392942
BSU_09230,yhcV,59.722091001585,0.374799031081363,0.593411541194339,0.63160050835381,0.527647954311025,0.875032618294954
BSU_09240,glpW,602.283072628827,0.386661628951177,0.328323663124043,1.17768431696954,0.23892248146419,0.693673919658023
BSU_09250,yhcX,1959.11741253402,0.148336295188685,0.301409892751171,0.492141428520213,0.622619366928752,0.904579869267873
BSU_09260,yhxA,3823.44964351588,0.0467438171564049,0.171306638632974,0.272866349660587,0.78495595432511,0.952497420608812
BSU_09270,glpP,2506.12673934896,0.101727449801056,0.185088809078855,0.549614265213173,0.582583972386624,0.895927004568973
BSU_09280,glpF,3947.0421045768,0.953834207588251,0.29837442723504,3.19676929563699,0.0013897603204199,0.0781984856348995
BSU_09290,glpK,12326.7246533385,0.781982842437979,0.266292917105175,2.93655141465564,0.0033188379953156,0.120613884529051
BSU_09300,glpD,892.571018208962,0.947055447988086,0.343436837208816,2.75758260437351,0.0058230498723008,0.156149319291181
BSU_09310,pgcA,5993.15299319379,0.264603547214254,0.261608641281004,1.0114480390196,0.311802038681825,0.752936319081077
BSU_09320,yhcY,321.866625473096,-0.255814257888188,0.217086222295827,-1.17839932531317,0.23863744657201,0.693350253858314
BSU_09330,yhcZ,177.360100372611,-0.180620547399196,0.259973028336245,-0.694766486181731,0.487201654124711,0.862174636552513
BSU_09340,azr,218.424200761084,-0.328879265977175,0.256151263751837,-1.28392599419614,0.199167850984431,0.648472342854768
BSU_09350,yhdB,6.72455032009992,1.19245691303525,1.02802059824394,1.15995429962416,0.24606741317379,
BSU_09360,yhdC,18.1894676160867,-0.124025091949381,0.806593571171414,-0.153764047200698,0.877795782819235,0.981195901612435
BSU_09370,lytF,2318.87352632079,-0.117259142832942,0.215842803319209,-0.543261767498117,0.586949583976281,0.896685965943419
BSU_09380,nsrR,523.763358597681,-0.459727897356922,0.198061435915914,-2.32113785922514,0.0202794046660339,0.266825288506763
BSU_09390,ygxB,68.5024989230459,-1.24144251623869,0.8171213074538,-1.51928790121396,0.128690043786672,0.5460922321917
BSU_09400,spoVR,45.9259404556738,0.0047735276659964,0.474390958311986,0.010062433911013,0.991971474823342,0.999423131013604
BSU_09410,phoA,192.378041046127,0.0400980230924374,0.278555773150665,0.143949711179561,0.885540180590199,0.98311799825554
BSU_09420,lytE,4301.23142786656,-0.601540714896559,0.296254248793673,-2.03048805998898,0.0423069536295496,0.359609105851172
BSU_09430,citR,128.583904835204,0.152582223847853,0.36320106602785,0.420104008825109,0.674409474273308,0.927059211872746
BSU_09440,citA,380.541028048979,0.509041338252074,0.232422571063918,2.19015449283574,0.0285130343187003,0.30620852715916
BSU_09450,yhdF,390.195781110042,0.437801405142608,0.231415672271678,1.89183991233159,0.058512313688085,0.40653337945026
BSU_09460,bcaP,871.713189471306,-0.315408566768615,0.363844125335077,-0.86687827233199,0.386008709580466,0.81248935446468
BSU_09470,yhdH,716.437138172462,-0.278862716687216,0.244160633908068,-1.14212808274496,0.253400783940103,0.707068115407917
BSU_09480,yhdI,406.402888277629,0.0749412783170208,0.198019262392447,0.378454486758452,0.705092998117193,0.935912445970288
BSU_09490,yhdJ,134.380150729733,-0.111650566899058,0.288100024898858,-0.387540983164631,0.698355750478299,0.932043204688695
BSU_09500,asiMB,71.2351964289067,-0.0409925209555681,0.463077538307409,-0.0885219376120023,0.929461849087834,0.99005347982244
BSU_09510,asiMA,716.461251707679,-0.376913406437281,0.204307383568598,-1.84483497294031,0.0650615483102434,0.419132146462597
BSU_09520,sigM,350.762745738788,-0.300420834942035,0.273829359038365,-1.09710965981535,0.272593458008375,0.726007243162304
BSU_09530,akrN,296.324077498183,-1.3780118708187,1.01833143124028,-1.35320567405088,0.175989933091399,0.621095214399415
BSU_09540,plsC,636.487652885589,-0.298420510282715,0.263251984116545,-1.13359263476852,0.256965463931498,0.70896203619222
BSU_09550,yhdP,1768.01925839205,0.0535444705120219,0.165228671349747,0.324062828046846,0.745890468524481,0.945231196306826
BSU_09560,cueR,950.903623292104,0.0924886950497129,0.171481184928733,0.539351854188266,0.589644095318143,0.898004015589775
BSU_09570,yhdR,2601.93823752651,-0.180031407415944,0.216005658636627,-0.83345690363973,0.404587093640937,0.820437215892481
BSU_09590,yhdT,4533.52239055048,0.11280959280305,0.165330383697001,0.682328258608502,0.495031408300794,0.863577215459756
BSU_09600,crcBA,128.881572240777,-0.19290974056594,0.282173084601156,-0.683657482210299,0.494191477700036,0.863246066392942
BSU_09610,crcBB,143.836202185173,-0.236724481872427,0.252083692725834,-0.939070985959764,0.347694299606934,0.781283850586233
BSU_09620,yhdW,754.619287668104,-0.183969797754927,0.189175973523215,-0.972479719959525,0.330811949160187,0.770170967379161
BSU_09630,yhdX,29.9978438879339,0.0725140186030386,0.623787651088493,0.116247922632812,0.907456057405613,0.985668012326108
BSU_09640,mscY,107.506547071714,-0.251119500844479,0.303134941202672,-0.828408298456706,0.407439308478972,0.820437215892481
BSU_09650,srtN,161.579110579772,0.251612799528151,0.284826360680038,0.883390143129352,0.377025514566926,0.80545959192999
BSU_09660,yheN,1898.54157231914,-0.0986724971077767,0.183296059154277,-0.538323069044959,0.590354027625416,0.898004015589775
BSU_09670,dat,2730.12280510291,-0.0830551817844959,0.23292012561292,-0.356582247094104,0.72140456970338,0.939822102692
BSU_09680,nhaC,184.740324136528,-0.577593265054193,0.308448400530843,-1.87257662565326,0.0611268715768544,0.412179871832095
BSU_09690,nhaX,45.6028586984512,-1.59065946198626,0.981968066266181,-1.61986882937503,0.105260456946393,0.510338674428447
BSU_09700,bmrB,64.7863454847458,0.808371605172853,0.415579493036497,1.94516721522123,0.0517548562790849,0.382182349047956
BSU_09710,bmrC,1454.31878143188,2.34059721616991,0.216695329969616,10.8013274513027,3.3926279443778096e-27,6.77677431889468e-24
BSU_09720,bmrD,1679.47809201434,2.1710180255908,0.236653693009439,9.17381849394679,4.56553455946179e-20,6.07977018834995e-17
BSU_09730,yheG,498.337140407687,-0.0698965437886719,0.191792002982598,-0.364439302482356,0.715529991256203,0.938765949119386
BSU_09740,yheF,0.114453686425581,0.714746445115166,3.52886121347555,0.20254308738065,0.839492177495925,
BSU_09750,sspB,5.62061030925839,2.91383867281062,1.35011253275769,2.15821911293492,0.0309108000778888,
BSU_09760,yheE,86.4209675347491,0.506107330009698,0.348621914245107,1.45173699451913,0.146574748681433,0.579058093234796
BSU_09770,spaD,20.250568277439,-0.459828966645268,0.779853613258296,-0.589634976138743,0.555435397488353,0.88721304738064
BSU_09780,spaC,8.48594217975661,-1.02306596181351,1.02177515312942,-1.0012633001303,0.316699530734847,
BSU_09790,yheB,543.537110900306,0.121433071253836,0.214871029358215,0.565143991800739,0.571975828412944,0.892568533296843
BSU_09800,yheA,4415.84939391005,0.117593637264062,0.177389377672871,0.662912508103616,0.507386590356561,0.86770573975802
BSU_09810,yhaZ,257.055898785909,0.134289691027041,0.229546919568036,0.585020662789764,0.558533823215543,0.888981124998444
BSU_09830,yhaX,488.662833513235,-0.718801288298515,0.240467178002257,-2.98918669179778,0.0027972115994056,0.113008142058848
BSU_09840,hemZ,1267.73829653939,-0.386000773487811,0.213879455789485,-1.80475853589108,0.0711124754492408,0.433070639359324
BSU_09850,khtU,85.1621011082715,0.440141713701882,0.385922323445913,1.14049301365063,0.254080961675306,0.707068115407917
BSU_09860,khtT,74.9736362721422,0.819469143489533,0.432967801827127,1.89267917852405,0.0584005469997023,0.406463737393398
BSU_09870,khtS,157.831644632971,0.359805090032577,0.275625091089539,1.30541486121701,0.191751620652891,0.639478511907615
BSU_09880,yhaR,429.311011192354,-0.0161895982807531,0.239620982053904,-0.0675633583586232,0.946133224513005,0.993454444844946
BSU_09889,yhzD,10.9212994284494,0.549764819009482,0.994553135106437,0.552775713638112,0.580417000640657,0.895927004568973
BSU_09890,yhaQ,662.042689589387,0.422218815418705,0.215394793161719,1.96020901536696,0.0499713651892274,0.378719122992945
BSU_09900,yhaP,1232.78488751415,0.400653922504738,0.169460210094762,2.36429497095922,0.018064423227435,0.259594858969795
BSU_09910,yhaO,720.236301627314,-0.129822433178859,0.246770569633942,-0.526085559438618,0.598828761501215,0.898499791048637
BSU_09920,sbcE,2065.95491721467,-0.0708788395122377,0.20721289326123,-0.342058056314487,0.73230720178005,0.94216781191762
BSU_09930,yhaM,2110.24805831997,0.197342522299807,0.207757204439571,0.949870897772916,0.342177855819723,0.778474108200338
BSU_09940,yhaL,29.7687587960247,0.0754519883955386,0.548528062909053,0.137553561061923,0.890593259437391,0.984381268013484
BSU_09950,prsA,5743.41711157915,-0.0093915136054154,0.172573445422441,-0.0544203865341278,0.956600236815435,0.993660412396688
BSU_09958,sscA,0.114453686425581,0.714746445115166,3.52886121347555,0.20254308738065,0.839492177495925,
BSU_09959,sscB,0.105058029267445,-0.647313066075811,3.52837529920725,-0.183459244321671,0.854437694320251,
BSU_09965,yhaJ,493.073404719164,-0.517613673576704,0.257998736964754,-2.00626437038495,0.0448280492777112,0.369253725493725
BSU_09980,yhaI,506.11536443092,0.201351058106451,0.245328831612911,0.820739481709797,0.411794676647961,0.822183336552756
BSU_09990,scoC,3443.66360476614,0.603512198881521,0.22594063400404,2.67110961045957,0.0075600955296568,0.182908898746128
BSU_10000,yhaH,1297.59455025381,0.230142702568759,0.210540022265385,1.09310666966048,0.274346967940449,0.726428268229269
BSU_10009,yhzF,1.28737855463288,-0.762519402969413,2.33425273751596,-0.32666531379154,0.74392103775863,
BSU_10010,trpP,4974.62961884945,0.234847358907067,0.237988618757918,0.986800798007713,0.323740303455441,0.764261544570714
BSU_10020,serC,5348.17854794384,0.0112797967039846,0.171649524683882,0.0657141155779952,0.947605434099647,0.993454444844946
BSU_10030,hinT,1669.19861326288,0.184957542312787,0.267583828143724,0.691213454848411,0.489431409673699,0.863246066392942
BSU_10040,ecsA,1158.57925018386,0.0277828778521195,0.216283113338161,0.128456065863453,0.897788064470099,0.984517604748476
BSU_10050,ecsB,1287.95935561736,0.0362800865702904,0.182234843609083,0.199084246743262,0.842196843852742,0.968939712862451
BSU_10060,ecsC,902.27487633316,0.0132329356984588,0.196942089219902,0.0671920144184271,0.946428842329923,0.993454444844946
BSU_10070,sndC,1645.94446206241,-0.0071672444122503,0.320482821018267,-0.0223638957915995,0.982157680128589,0.998127166502402
BSU_10080,yhfA,16.4676714478441,0.658014057006831,0.657207127213498,1.00122781655877,0.316716681317193,0.756748290587432
BSU_10090,yhgB,12.3502856413972,0.412751895986974,0.672689682564947,0.613584401076531,0.539489994046972,0.882167818090315
BSU_10100,hmoB,877.613137424661,0.108379963366226,0.226068997339518,0.479410996827031,0.631646271793225,0.906100640206111
BSU_10110,pbpF,598.065866427355,-0.102293152220372,0.221515989838578,-0.461786764444928,0.64423424326784,0.91404160482802
BSU_10120,hemE,1152.40389154788,-0.122355407243896,0.21474435877775,-0.569772393278688,0.568832082051756,0.892568533296843
BSU_10130,hemH,1476.65731657178,0.0398568698260071,0.296656146680421,0.134353763682314,0.89312284130257,0.984517604748476
BSU_10140,hemY,1431.7299412045,-0.0117141765487583,0.266383992459475,-0.0439747765644752,0.96492450979788,0.995053328470775
BSU_10150,yhgD,328.548033269328,-0.485582665880232,0.278533506320994,-1.74335458700838,0.0812716957070997,0.458588169985683
BSU_10160,yhgE,1180.61479613658,-0.144481034906517,0.225188046259838,-0.641601707134154,0.521131824272548,0.872696418887785
BSU_10170,fabHB,136.862802881954,0.126419118170615,0.401956299541835,0.314509607921836,0.753134020361882,0.946082443337159
BSU_10180,yhfC,62.2740319837577,0.570690756822613,0.462151036677868,1.2348576796992,0.21688347617737,0.667401432884966
BSU_10200,yhfE,1302.96826123353,0.353551238313466,0.230116905468518,1.53639836931422,0.124440706464656,0.539366231303448
BSU_10210,yhfF,682.385969217903,0.377956545729568,0.233289938881271,1.62011507029423,0.105207560715019,0.510338674428447
BSU_10220,gltT,5692.96684120021,-0.257633156579367,0.211347171579173,-1.21900451590787,0.222842478482215,0.677000533487795
BSU_10230,yhfH,24.2205626087771,0.543278169785409,0.684176740198026,0.794061150965413,0.427159832545553,0.832244210072941
BSU_10240,yhfI,1149.24117624024,0.428657357408534,0.215261087260113,1.99133695209187,0.0464438555791533,0.371345630486349
BSU_10250,lplJ,1850.5665142802,0.20737143907658,0.252445465984895,0.821450439870398,0.411389742783803,0.822183336552756
BSU_10260,yhfK,1833.54276289765,0.4290290394265,0.233697478261367,1.8358308468638,0.0663826777749515,0.422177104037711
BSU_10270,lcfB,308.825930602452,0.669015390955287,0.249899488991901,2.67713789113418,0.0074254068331151,0.180881099379847
BSU_10280,yhfM,13.2664370566536,-0.817725578944724,0.929421497019495,-0.879822106081082,0.378955687203392,0.806735214129244
BSU_10290,yhfN,148.094132975072,0.164501235817862,0.305523369185908,0.538424396982101,0.590284086930443,0.898004015589775
BSU_10300,aprE,477.606182594876,0.71187008036506,0.323629637630102,2.19964427726087,0.0278321431433121,0.303796207261016
BSU_10310,yhfO,214.188908542637,0.429749035762251,0.304969580424726,1.40915377580855,0.158789702553482,0.599588716163666
BSU_10320,yhfP,1220.91587058903,0.349804629206626,0.21050146661008,1.66176813321013,0.096559274019053,0.494494836702344
BSU_10330,yhfQ,3416.68305946031,0.308443555115409,0.401366709181435,0.76848315532811,0.442200194348307,0.84079580829448
BSU_10340,phoE,689.285672007541,-0.0917224728278269,0.265731427272861,-0.345169834705488,0.729966695154887,0.94216781191762
BSU_10350,yhfS,327.900630268678,-0.197176465023732,0.30294967327939,-0.650855513027372,0.515139761178069,0.871367712607144
BSU_10360,yhfT,468.482053787252,-0.241178258825783,0.314365280640006,-0.767191142529405,0.442967878406222,0.84109157520573
BSU_10370,bioY,41.52113571628,-0.923184716701971,0.465222094368865,-1.98439568514989,0.0472117466711575,0.372535675956989
BSU_10380,hemAT,4282.41551173673,-0.105112719915738,0.207425271280788,-0.506749824969248,0.612330365840632,0.898563702169665
BSU_10390,yhfW,6.7744055699123,0.782367105332404,1.03281961594819,0.757506047766285,0.448746744012323,
BSU_10400,yhxC,5.46060184849382,0.395114131452407,1.19717270217052,0.330039375886246,0.741370209839077,
BSU_10410,yhzC,465.588161092034,0.617219411931597,0.447402682115153,1.37956126908675,0.167721769471972,0.613036110741564
BSU_10420,comK,296.551936778273,-0.0081090496443527,0.214136659701381,-0.0378685726006046,0.969792470499326,0.995053328470775
BSU_10430,yhxD,49.9592278252455,-1.41863205707975,0.680149788936587,-2.08576416571087,0.0369999908811926,0.336708345262789
BSU_10440,yhjA,5964.54051131064,0.369949890853149,0.224238732053783,1.64980370458221,0.098983090841686,0.499649985791331
BSU_10450,yhjB,84.367061390638,-0.314695770466219,0.516546109219204,-0.60923074407027,0.542371504806622,0.883203081143408
BSU_10460,yhjC,8.31947003062037,0.157532537574239,1.3695293548665,0.115026769608451,0.908423903790591,
BSU_10470,yhjD,21.916811316118,0.138091187129457,0.774670258829239,0.178258020823149,0.85852034527253,0.974508540493037
BSU_10480,yhjE,221.605748718932,0.0508912673993496,0.279276908092723,0.182225117525481,0.855406062054432,0.974508540493037
BSU_10490,sipV,331.995567546886,-0.261468980196558,0.214890795464412,-1.21675281452369,0.223698277801046,0.677663223621071
BSU_10500,yhjG,74.1626564914088,0.0964404173769934,0.317618331514274,0.303636181568,0.761405083281367,0.948838562300488
BSU_10510,yhjH,129.580435916468,0.179781722155553,0.274654414144849,0.65457430464139,0.512741872288063,0.870919974400856
BSU_10520,glcP,105.427157706515,0.404074817115078,0.320288042697169,1.26159819677417,0.207093405370317,0.657661490027357
BSU_10530,ntdC,176.020171287802,0.501821090675495,0.242733734987402,2.06737267360691,0.038699051119613,0.344326746598784
BSU_10540,ntdB,75.030893064701,0.9950850068474,0.339262352609844,2.9330840843156,0.0033561298553077,0.120613884529051
BSU_10550,ntdA,64.5149999977782,0.764087168703264,0.337831032349297,2.26174358048092,0.0237132504762995,0.279726290013814
BSU_10560,ntdR,535.445445331891,0.46321160778842,0.261090912808401,1.77413914105982,0.0760401378586363,0.446223177958648
BSU_10570,yhjN,421.805424055796,0.129655444277354,0.285379076224444,0.454327086598959,0.649593423227678,0.91404160482802
BSU_10580,yhjO,1.85995336548992,0.346958992270834,1.9464668452382,0.17825065611553,0.858526128839951,
BSU_10590,yhjP,248.104418246277,0.132839550507573,0.237470715377826,0.559393398450075,0.575893265764704,0.893126396246115
BSU_10600,yhjQ,5.72563411368835,0.0093103733507953,1.25550327828832,0.0074156503704941,0.994083221290242,
BSU_10610,yhjR,4.2842377841596,-0.827781481385504,1.53167215858353,-0.540442990196432,0.588891566990375,
BSU_10620,addB,1372.86188584091,0.0217646543794421,0.268881443387804,0.0809451708723954,0.935485556639396,0.991494616309619
BSU_10630,addA,2366.78195280544,0.0309420437915884,0.261150954705777,0.118483364636553,0.905684675343586,0.984997682274009
BSU_10640,sbcD,539.023159734826,0.0660775324330217,0.250624219686118,0.263651823099049,0.792048221840963,0.955307888035457
BSU_10650,sbcC,2058.80736841289,-0.0277980429664534,0.229118702688031,-0.121325944326349,0.90343287120611,0.984997682274009
BSU_10660,hlpB,297.949304032239,-0.0606049267512816,0.258120713313908,-0.234792961685249,0.814369430820878,0.960898663363364
BSU_10670,gerPF,8.55872659292289,-0.224637739112565,0.889805706278924,-0.252457067343361,0.800687794816926,
BSU_10680,gerPE,3.88043176368378,-2.05651020311803,1.34536325670233,-1.52859102764469,0.126365861692986,
BSU_10690,gerPD,0.413320001711624,-0.141123586307747,3.48049782177883,-0.0405469543536794,0.967657073637385,
BSU_10700,gerPC,12.7517505288271,-0.695233458981042,0.765601074056086,-0.90808840601249,0.363831515474862,0.797051924119763
BSU_10710,gerPB,2.19419868286563,0.303942073382525,2.12202185351789,0.143232301250173,0.886106720112403,
BSU_10720,gerPA,1.35630037042224,-0.435905514811194,2.73610707422454,-0.159315956205675,0.873419950080772,
BSU_10730,pchI,15.6740948211133,0.751400728049241,0.811795853405187,0.925603062515519,0.354652301249561,0.788523002448149
BSU_10740,yisJ,0.561117725222994,0.548817669055495,3.46936715747969,0.158189561422545,0.874307428966684,
BSU_10750,mblK,1202.67211216586,0.426833592916526,0.233342814906995,1.82921249615787,0.067367781157657,0.424502027957161
BSU_10760,yisL,666.272806604948,0.0814105368168936,0.216009928749666,0.376883309429911,0.706260325549439,0.936134704900468
BSU_10770,wprA,21332.3447851862,0.596385854953428,0.199538036237444,2.988832937314,0.0028004520810578,0.113008142058848
BSU_10780,yisN,8.1513654629482,1.77903557720838,1.03548729634992,1.71806605786421,0.0857845670068536,
BSU_10790,asnO,15.4574998129199,0.0431763963478165,0.616963054430687,0.0699821424277313,0.944207873063486,0.993454444844946
BSU_10800,yizA,99.0241201352108,0.299701249822591,0.345957944645431,0.866293878956159,0.386329022142484,0.812735357271839
BSU_10810,farP,307.02414174341,-0.428893107485705,0.221212536731638,-1.93882821390911,0.0525222593956291,0.384445922068312
BSU_10820,yisQ,36.267405320767,-0.168568447192249,0.497479133912513,-0.338845261441446,0.734726302424055,0.943008237254511
BSU_10830,yisR,232.815265845834,-0.280286677025885,0.26055145428048,-1.07574405140015,0.282041740390359,0.732376694832318
BSU_10840,iolQ,503.243298306958,-0.0789921955393137,0.196761110690299,-0.40146243971781,0.688079686393736,0.930797046120767
BSU_10850,iolX,483.62463310113,-0.546999088514942,0.223254263821283,-2.45011709587245,0.0142809763922475,0.233209724360269
BSU_10860,yisT,453.579612936793,0.177959785712646,0.371165837246056,0.479461652594582,0.631610242505794,0.906100640206111
BSU_10870,yisU,20.1305903019116,-0.172212359773697,0.726425683755102,-0.237068104315203,0.812603956166182,0.960898663363364
BSU_10880,yisV,169.228075316426,-0.446583010915222,0.389758896331459,-1.1457929892521,0.251880816685668,0.70701876116853
BSU_10890,yisX,663.083640881832,0.119717742174701,0.206640848763905,0.579351773334437,0.562351838013882,0.891448758111815
BSU_10900,yisY,75.6390341287294,0.161766674103547,0.316310633799235,0.511417122341265,0.609059007915537,0.898499791048637
BSU_10910,yisZ,2.59977047505066,-0.395243832145857,2.28986565946769,-0.172605685626875,0.862961382497562,
BSU_10920,yitA,5.87093334485563,-0.448431920933142,0.996999586267013,-0.449781451376695,0.652868033666474,
BSU_10930,yitB,3.76625623853868,-1.29423036826067,1.42371234227887,-0.909053275599943,0.363322004647255,
BSU_10940,slpH,12.6338545089139,0.431987834284684,0.7312382513282,0.590762085407915,0.554679842226484,0.88721304738064
BSU_10950,slpS,8.00878245031783,0.823573340459663,1.08639308007737,0.758080436595758,0.448402830601556,
BSU_10960,yitE,2.67827400018114,1.57625032808218,1.87331365254614,0.841423605673187,0.400110665775092,
BSU_10970,yitF,52.576523458935,-0.526895398876001,0.379353640183336,-1.38892933417315,0.164854239438194,0.606438937896486
BSU_10980,yitG,73.3727100829441,-0.778782257734074,0.39117951953128,-1.99085641975129,0.0464966745383401,0.371345630486349
BSU_10990,yitH,778.408381972003,-0.101599113118416,0.180708306321554,-0.562227133807726,0.573961276659976,0.892568533296843
BSU_11000,yitI,611.792223992431,-0.136266089274954,0.178933367579409,-0.761546552878015,0.446330684358531,0.84414847365364
BSU_11010,samT,255.24674082468,0.565357525685387,0.309023203498539,1.82949862432599,0.0673249452110879,0.424502027957161
BSU_misc_RNA_12,mswK,686.579269947655,0.531284005783695,0.278875495751594,1.90509389988474,0.0567678662237853,0.398572276913923
BSU_11020,yitK,1324.80271336034,0.0166327877369711,0.188651118758757,0.0881669180994401,0.929744010425326,0.99005347982244
BSU_11030,yitL,974.805210997013,-0.0941609383258219,0.184115865017961,-0.511422186874749,0.609055462357214,0.898499791048637
BSU_11040,yitM,86.9477550558391,0.238455752798749,0.327733182752493,0.727591117860143,0.466863919385816,0.850017037507684
BSU_11055,yitO,2.03476494592776,-0.718039875399172,1.59602112870827,-0.449893715367237,0.652787079360037,
BSU_11070,yitP,0.955990557388376,-0.0579199206061018,3.05173135708424,-0.0189793641146189,0.984857567496287,
BSU_11079,yizB,60.9266700059021,-0.236184232466827,0.363521726889537,-0.649711461506664,0.51587861900411,0.871367712607144
BSU_11080,yitQ,144.11979549545,0.454395447882317,0.335493356399625,1.35440967522785,0.175605712558903,0.620836125374175
BSU_11090,yitR,73.8913752061941,0.425868110004092,0.328905452901112,1.29480404246181,0.19538783712428,0.645051066479083
BSU_11100,nprB,114.09925494977,0.0719292180004547,0.29432385852426,0.244387996138362,0.80693033767121,0.960211629999473
BSU_11110,fakBB,763.830303575142,0.108118623537839,0.207218209129793,0.521762175205935,0.601835928549822,0.898499791048637
BSU_11120,yitT,2138.68947551033,-0.413291267515088,0.187637968006146,-2.20259935612579,0.0276229993464795,0.303170006563697
BSU_11130,ipi,780.782246479733,-0.273584403245647,0.211726696006493,-1.29215827954571,0.196302336537812,0.646519236989742
BSU_11139,yizC,304.863456593048,0.248040737356738,0.264360083422119,0.938268494039916,0.348106446569085,0.781283850586233
BSU_11140,ribZC,1533.32535647084,0.309919476492236,0.193703797220916,1.59996593220513,0.109606141261581,0.518427561303601
BSU_11150,yitV,461.396333178687,0.216275043239637,0.230021953832496,0.940236528019107,0.347096248870435,0.781283850586233
BSU_11160,yitW,1973.55021232746,0.290401334747604,0.258856959230926,1.12186025676265,0.261921861144384,0.713277324656997
BSU_11170,yitY,1414.6130627162,0.664856793922795,0.19622469063705,3.38824228370199,0.0007034209847822,0.0484511523138802
BSU_11180,yitZ,312.029362176166,0.835618675274199,0.227750375478762,3.6690111861182,0.0002434904263053,0.0221078239338583
BSU_11190,argC,78.3821993143618,-0.836379285706869,0.386409749254814,-2.16448805269488,0.0304269125369278,0.316550821836006
BSU_11200,argJ,96.4845225734948,-0.401146161447435,0.299602876931661,-1.33892626651558,0.180594677723769,0.629559980372125
BSU_11210,argB,54.6047327578849,-0.76226087979084,0.415917136700394,-1.83272294533979,0.0668437832253261,0.423202716299806
BSU_11220,argD,73.4070310087035,-0.783875618183549,0.508701905022637,-1.54093312889927,0.123333061902842,0.538086565424345
BSU_11230,carA,94.487082731991,-0.342603267439217,0.497492127778871,-0.688660680861065,0.491036825062561,0.863246066392942
BSU_11240,carB,234.703501925965,-0.325549859127836,0.328667659126533,-0.990513821752396,0.321923036742093,0.763169752916739
BSU_11250,argF,108.972653297926,-0.713968591446459,0.374449986450057,-1.90671282489601,0.0565577853108669,0.398572276913923
BSU_11260,yjzC,0.21011605853489,-0.927460544257794,3.5101867801593,-0.264219713178825,0.791610621745843,
BSU_11270,yjzD,1616.79853620762,0.615579760127018,0.325869579728437,1.88903720512976,0.0588868435749283,0.408338244611207
BSU_11280,yjaU,74.8082282457588,0.141033823194531,0.308112874975716,0.457734274186519,0.647143360885228,0.91404160482802
BSU_11290,yjaV,16.1937587227922,-0.474747525920466,0.612680373641814,-0.774869811968244,0.438416591931532,0.837900462131622
BSU_11300,med,2447.16726239124,0.196082171748884,0.205842755023133,0.952582332697827,0.340801732209092,0.776670233984782
BSU_11310,comZ,878.618690775678,0.0453797422426511,0.214993173554119,0.211075270402611,0.832828536860092,0.965230636714845
BSU_11320,yjzB,19.5141942562527,0.115492974714995,0.526553385022301,0.219337636031156,0.826387046291184,0.963874479709582
BSU_11330,fabHA,1513.38913061971,-0.548944166969044,0.277658429544994,-1.97704844714642,0.0480361542239491,0.375546841731266
BSU_11340,fabF,4111.14323980747,-0.296529599472669,0.215222685510579,-1.3777804080885,0.168271096728183,0.613682673463064
BSU_11350,yjaZ,35.2256377989538,0.608496450009772,0.595038960455379,1.02261614860327,0.306489371282492,0.749682542382862
BSU_11360,appD,337.059173391436,0.745718168934292,0.320724993110789,2.32510151984537,0.0200665324084938,0.26633155140177
BSU_11370,appF,481.054095170778,0.568699075707757,0.346972850116415,1.63903047606448,0.101206912804576,0.501018112334922
BSU_11390,appB,918.279969366572,0.808579869814379,0.394691862550503,2.04863577523318,0.0404977436589389,0.350951162510762
BSU_11400,appC,922.993689275673,0.763077678308371,0.391701984484312,1.94810776696214,0.0514020696580515,0.380465319049256
BSU_11410,yjbA,190.595195320155,0.75222062670815,0.437406125302594,1.71973043630281,0.085481452603336,0.469893699121099
BSU_11420,trpS,2285.47591004151,-0.118188295561433,0.174604718831789,-0.67689061528339,0.498475358911188,0.863577215459756
BSU_misc_RNA_13,tboWA,729.858138587394,-0.091155001421462,0.292211625562334,-0.311948579205371,0.755079602415183,0.946377391190038
BSU_11430,oppA,53028.3465921604,0.0936319773278201,0.245172835347852,0.38190192316769,0.702534113735752,0.934186605114928
BSU_11440,oppB,1570.91020132924,-0.178155405944154,0.240614363141068,-0.740418832934358,0.459045894868441,0.845233699123938
BSU_11450,oppC,2523.30749065662,-0.113790398849008,0.248549776160259,-0.457817345913195,0.647083672723041,0.91404160482802
BSU_11460,oppD,3553.54886870722,-0.208011299990341,0.234949722631042,-0.88534388404874,0.375971188187279,0.804804040710995
BSU_11470,oppF,1743.85337763921,-0.256446505157066,0.238799435474501,-1.07389912646778,0.282867894900192,0.732376694832318
BSU_11480,yjbB,56.8406108571529,0.0464423145003146,0.370923122390423,0.125207385835146,0.900359370210422,0.984517604748476
BSU_11490,yjbC,770.160257135221,0.117758458202432,0.273447558514484,0.430643662873276,0.66672748813064,0.92237085566155
BSU_11500,spxA,3497.64586456046,0.593739917669513,0.23371658618625,2.54042696480411,0.011071721505028,0.207819103164319
BSU_11510,yjbE,18.1156241424649,-0.934311751344066,0.771421645231114,-1.21115573709907,0.225835723135174,0.678810527733275
BSU_11515,BSU_11515,4.96099371107129,0.780519641062701,1.21984720004582,0.63985033620062,0.522269904152401,
BSU_11520,mecA,2260.77162080969,0.485162328658803,0.277863696846679,1.74604431656471,0.080803251453338,0.45766017083112
BSU_11525,BSU_11525,0.426333841992252,0.951390429586831,3.47680421155012,0.273639345703236,0.784361794116752,
BSU_11530,coiA,16.7563335285376,0.315446327992505,0.550017073200064,0.573520974825747,0.566292001479715,0.89151454337484
BSU_11540,pepF,4864.0648824752,0.43661874092573,0.197706933294185,2.20841390663851,0.0272154332561103,0.300347115630278
BSU_11549,yizD,2.40091718142005,-1.08062434112231,2.14096209354207,-0.504737727203051,0.613743059079407,
BSU_misc_RNA_67,roxS,4.73275814200218,2.26987793237569,1.40872297258602,1.61130185036227,0.107113947670632,
BSU_11550,spxH,1325.58722011734,0.258058796215498,0.265142240267898,0.97328436221538,0.330411992301122,0.770125968053083
BSU_11560,yjbI,630.636127553253,0.367900208163573,0.277168518601824,1.32735207454095,0.184392245304736,0.63149736404584
BSU_11570,cwlQ,2716.58399594002,0.0796491561773221,0.16614734615765,0.47938867528914,0.631662148429041,0.906100640206111
BSU_11580,yjbK,626.578213864267,-0.125587687444619,0.189733978112928,-0.661914585324672,0.508025963778225,0.86770573975802
BSU_11590,yjbL,439.381601376384,-0.0018182785703522,0.23788002208726,-0.0076436791723737,0.993901285787765,0.999423131013604
BSU_11600,relP,1026.17252780273,0.0051798356511874,0.237142466303178,0.0218427164562135,0.982573419500582,0.998127166502402
BSU_11610,ppnKA,997.915618523647,-0.018347536525487,0.26661646137146,-0.0688162179900982,0.945135908602048,0.993454444844946
BSU_11620,yjbO,2095.44541164231,0.0685368986438097,0.215572308395872,0.317929975115126,0.750538054516455,0.945867358925312
BSU_11630,prpE,85.4142218214008,0.0312317773481158,0.309397137849369,0.100943976292764,0.919594933339875,0.988106981896934
BSU_11640,kefQ,239.70985441721,-0.0468377689351129,0.327548557737586,-0.142994886799767,0.886294219437219,0.98311799825554
BSU_misc_RNA_14,tswA,158.74043346146,0.002650219827178,0.295816099257482,0.0089590114731086,0.99285183868888,0.999423131013604
BSU_11650,tenA,2484.86286227976,0.0930407228691226,0.334398729074417,0.278232884217743,0.780833593112212,0.951045794049783
BSU_11660,tenI,2061.90435531017,-0.0970775424360712,0.390700579600797,-0.248470433638111,0.803770443450565,0.958812457923263
BSU_11670,thiO,3172.0686294759,-0.0421555524213461,0.354237610704798,-0.119003604212078,0.905272500327147,0.984997682274009
BSU_11680,thiS,541.769062921164,-0.281256249728361,0.348189595637854,-0.80776753025352,0.419224420214165,0.82643583339122
BSU_11690,thiG,2886.87405898683,0.0899410166596649,0.302844519429482,0.296987433779887,0.766476102947924,0.949688192531632
BSU_11700,thiF,3328.72198886221,-0.0005775672014322,0.32150078975088,-0.0017964721078284,0.998566623412243,0.999423131013604
BSU_11710,thiD,3695.74559521255,-0.131807873536719,0.310369302513905,-0.424680767295967,0.671069405974114,0.925761900608096
BSU_11720,fabI,2978.00208936109,0.0623632406340379,0.310697562335444,0.200720083431834,0.840917454991071,0.968811223328392
BSU_11730,cotO,11.8940771047273,0.297016713882697,1.04735602490271,0.28358715357587,0.776726783071743,0.950152533509292
BSU_11740,cotZ,4.89183498494878,-0.218663376957459,1.13605649372055,-0.192475795144082,0.847369526102152,
BSU_11750,cotY,1.53548906203409,-0.0386644337134663,1.8672304520046,-0.0207068354481674,0.983479516290912,
BSU_11760,cotX,12.8317371449198,0.287808364503162,0.762654315977983,0.377377218581781,0.705893294437624,0.936134704900468
BSU_11770,cotW,5.27854689835695,1.13371005579534,1.15015285129806,0.985703817119472,0.324278475813601,
BSU_11780,cotV,3.87466349208857,-1.64771645077863,1.88355596158917,-0.874790281987927,0.381688025841442,
BSU_11790,yjcA,23.9988234308642,0.390034925105388,0.747590222748071,0.52172288138234,0.601863290910209,0.898499791048637
BSU_11799,yjzK,0.808341968745905,-0.979501444514762,3.47427305100991,-0.281929897314789,0.777997264276816,
BSU_11800,yjcB,0.0,,,,,
BSU_11809,yjcZ,0.459397963820939,0.466732882416445,3.47595461221359,0.13427473442158,0.893185331309902,
BSU_11810,spoVIF,1.17218580483824,0.639813448660419,2.67785750218723,0.238927369412984,0.811161902361031,
BSU_11820,yjcD,807.40593688013,-0.36932887641214,0.25148549529201,-1.46858917641869,0.141944252342371,0.571829095153621
BSU_11839,yjzE,160.047347059164,0.135874424967916,0.321849248735231,0.422167910914383,0.672902461851837,0.926981150033824
BSU_11840,yjcF,2471.62008187517,0.000395246244689,0.196464302450935,0.0020117967475934,0.998394819518403,0.999423131013604
BSU_11850,yjcG,2452.77605196467,-0.0330083473057115,0.190458377951396,-0.173310030573373,0.862407739741584,0.975785977986049
BSU_11860,yjcH,3247.26010704372,0.0833848278602651,0.16721599386778,0.498665384402156,0.618015134544899,0.900755367569089
BSU_misc_RNA_15,mswA,11.598061389745,-0.495287959724835,0.776131898681714,-0.638149212222946,0.523376554132829,0.872696418887785
BSU_11870,metI,794.276310732781,0.318968749346288,0.1938787122007,1.64519737997897,0.0999291136664377,0.499649985791331
BSU_11880,metC,820.310318949901,0.0743485982778312,0.214890739569055,0.345983258408114,0.72935529651703,0.94216781191762
BSU_11890,yjcK,371.191884101538,0.106007372468402,0.338597174455351,0.3130781366942,0.754221299116373,0.946171040926955
BSU_11900,yjcL,230.987829780401,0.48996594750665,0.388827635048378,1.26011091635935,0.207629352812986,0.658839765280285
BSU_tRNA_83,trnSL-Val2,2.10311569836454,0.71394156183656,1.86725123919665,0.382348955967875,0.702202546475785,
BSU_11910,yjcM,4508.56638203979,0.455409040930484,0.19169551370871,2.37568961380337,0.0175161901672291,0.256048834434391
BSU_11920,yjcN,3070.39298123661,0.229179655331205,0.166854793526575,1.37352754744025,0.169588403380031,0.613682673463064
BSU_11928,yjzF,45.9151974613603,0.0847655176222062,0.454707702063605,0.186417598025091,0.852117293083299,0.974022485226832
BSU_11929,yjzG,34.8513677655374,0.571291744031984,0.448065411833718,1.27501862215599,0.202302650785214,0.651773459586235
BSU_11930,yjcO,136.802789427263,0.672007817852029,0.288844282319257,2.32654014286239,0.0199897535398271,0.26633155140177
BSU_11940,yjcP,373.952147327199,0.384888681115114,0.297043632348508,1.2957311290334,0.195068132806253,0.644579975650109
BSU_11950,yjcQ,604.421022323523,0.402936881522465,0.210830324852866,1.91119034609308,0.0559801240481305,0.398572276913923
BSU_11960,yjcR,2.90514850313985,-2.01356770842678,1.76537436535176,-1.14058963806556,0.254040731278825,
BSU_11970,yjcS,532.901499677164,0.479379300997985,0.224613324867351,2.13424248664273,0.0328229364840401,0.320605455388118
BSU_11980,yjdA,1511.6243242233,0.568866440768435,0.195965370112393,2.90289269191883,0.0036973330061149,0.125896784784402
BSU_11990,yjdB,312.34066826973,-0.0075548381539694,0.246745809784382,-0.0306178984784835,0.975574267919725,0.995509374288455
BSU_12000,manR,1487.07571082512,0.215485983010093,0.242315105098285,0.889280026198492,0.373852603318587,0.804276149940409
BSU_12010,manP,1505.40032850786,0.879902990511143,0.342994542335456,2.56535565994685,0.0103070094942902,0.203866330956154
BSU_12020,manA,1151.63053417057,0.68759582101554,0.309595196033046,2.2209511963556,0.0263542670891786,0.294916798378903
BSU_12030,yjdF,2224.42098826214,0.430246720837905,0.206695798451886,2.08154555661206,0.0373839987677537,0.338660034188608
BSU_12040,yjdG,291.056850922837,0.396519087605215,0.23886982420817,1.65997981921591,0.096918512425015,0.494494836702344
BSU_12050,yjdH,3.82345741751336,-1.82207441006226,1.70889185539251,-1.06623154900797,0.286318983814038,
BSU_12060,trnE,535.952267230295,-0.0816024264612155,0.237385404570762,-0.34375502827888,0.731030523567153,0.94216781191762
BSU_12069,yjzH,53.7238239527107,0.346133035035862,0.381215782180092,0.907971419903973,0.363893321736663,0.797051924119763
BSU_12070,yjdJ,51.0169890138707,0.665275490668422,0.60575233264242,1.09826319242775,0.272089579460067,0.725632756971274
BSU_12080,ctaO,37.5441089030404,-1.18134837827784,0.667951111661628,-1.76861503432349,0.0769581400784752,0.446223177958648
BSU_12090,cotT,1.21310934346047,3.19913309490794,3.22311675934046,0.992558859568763,0.32092498207904,
BSU_12100,pdaC,897.787334795088,-0.664454526844016,0.496089096313521,-1.33938546882331,0.180445217498472,0.629559980372125
BSU_12110,yjfA,198.23503810611,0.15269695761841,0.240605591680044,0.634635947370108,0.525665877603334,0.87355872754797
BSU_12120,yjfB,704.47608053812,0.271704314322424,0.212760105522777,1.27704540122696,0.20158621898733,0.651773459586235
BSU_12130,yjfC,4.16390137908244,1.23902859315093,1.62243403251923,0.763685036381438,0.445054960082337,
BSU_12140,yjgA,259.340529693826,-0.296910689289226,0.244129824977684,-1.2161999842353,0.223908749732118,0.677663223621071
BSU_12150,yjgB,9.14655142655035,0.381713520199853,1.03023475922626,0.370511203181042,0.711001630663637,0.93726733188558
BSU_12160,yjgC,235.653888645612,-1.20639200539693,0.584901039788079,-2.06255746413792,0.0391546925938851,0.34599310033209
BSU_12170,yjgD,56.0070086838773,-2.02504853614354,0.886179462276754,-2.28514496481426,0.0223043289890171,0.279175924422166
BSU_12180,yjhA,347.735246210126,-0.205607466783557,0.235762876556322,-0.872094325394941,0.38315692160757,0.810702230887642
BSU_12190,yjhB,32.8567002542186,0.513447521950331,0.451310538041792,1.13768121652587,0.255253619529345,0.707793133411215
BSU_12200,yjiA,60.061551673926,0.148076259518152,0.41865957511986,0.353691324211941,0.723570225149955,0.939822102692
BSU_12210,cypE,128.1104174177,-0.0260426750094297,0.441472739235251,-0.058990448775031,0.952959715638058,0.993454444844946
BSU_12220,ppuG,134.052697173878,0.170640077779096,0.314450909085955,0.54266046892697,0.587363596759444,0.896685965943419
BSU_12229,yjzI,217.276703156716,0.169097529209083,0.300914268530428,0.561945865960104,0.574152902637447,0.892568533296843
BSU_12230,yjjA,1396.44476204413,-0.0043492861469777,0.192863033386106,-0.0225511653042944,0.982008298350322,0.998127166502402
BSU_12240,yjkA,151.130852988438,-0.12849365001581,0.374876765224608,-0.342762374026628,0.731777234217789,0.94216781191762
BSU_12250,yjkB,146.727252878347,-0.264946809727004,0.351222387164718,-0.754356269444601,0.450635322811707,0.84414847365364
BSU_12260,yjlA,492.568033644929,-0.377082376858559,0.192316697865766,-1.96073654052524,0.0499097641659892,0.378719122992945
BSU_12270,yjlB,76.3756489282205,-0.0295061241534423,0.335190270243855,-0.0880279852156098,0.929854433490141,0.99005347982244
BSU_12280,yjlC,4825.41058456764,-0.300287162774412,0.192567041305575,-1.55939022970136,0.118904047356406,0.53075046836742
BSU_12290,ndh,13825.3144497968,-0.354741016611306,0.211298394075507,-1.67886281466266,0.0931787831064459,0.489168931583038
BSU_12300,uxaC,235.20762185851,0.444874303849388,0.293916658505944,1.51360697318349,0.130125551487445,0.548366643662807
BSU_12310,exuM,39.9402143917991,0.27888816331725,0.438600692284183,0.635858921847185,0.524868378887072,0.872959689281371
BSU_12320,yjmC,34.5738593104237,-0.0711483679286705,0.419697519138627,-0.169522965193345,0.865385310161244,0.976338411209875
BSU_12330,yjmD,34.1255113758891,-0.556359499987576,0.484877319154861,-1.14742323059636,0.251206744672181,0.706740102088285
BSU_12340,uxuA,47.8891136961159,0.167803877873985,0.375311602646228,0.447105489654044,0.654798895548225,0.915938931272815
BSU_12350,uxuB,40.494086664603,-0.118875802625543,0.390292699222407,-0.304581158864573,0.760685171647057,0.948838562300488
BSU_12360,exuT,39.5810604418758,-0.53014524535128,0.389473314932766,-1.36118502866569,0.173455224178916,0.619071406258145
BSU_12370,exuR,535.227490882946,-0.0636220384008035,0.186789785206057,-0.340607696136161,0.733398934874184,0.942678348943441
BSU_12380,uxaB,47.1663669781777,0.392335296718414,0.385757223155587,1.01705236653514,0.309128518516786,0.750832671085464
BSU_12390,uxaA,69.5552406741597,0.433180136490987,0.409292675191901,1.05836278718618,0.28989007807075,0.740303656578213
BSU_12400,yjnA,14.1938429182189,-1.09468082531322,0.83485594204327,-1.31122121815896,0.189783035786975,0.638911647084273
BSU_12410,yjoA,2431.7483891277,0.3881593189755,0.194247967898467,1.99826707674177,0.0456877128528491,0.371345630486349
BSU_12420,yjoB,505.422129071516,0.355665202572087,0.349546690848726,1.01750413287708,0.308913667201397,0.750832671085464
BSU_12430,rapA,1060.13428680053,0.135161153820243,0.259559727810058,0.520732376168741,0.602553217104318,0.898499791048637
BSU_12440,phrA,12.5426747273864,0.394829336688736,0.880507172376519,0.448411266910045,0.653856411919781,0.91590335400404
BSU_12450,yjpA,85.277548635077,0.0579252446167899,0.405259011765787,0.142933884096492,0.886342397674896,0.98311799825554
BSU_12460,xlyB,274.481727039351,-0.60305069425632,0.218691696846405,-2.75753813680391,0.005823841946029,0.156149319291181
BSU_12470,yjqA,1152.80748494792,0.245068114705362,0.240089463354685,1.0207366507514,0.307379225137204,0.749682542382862
BSU_12480,pghB,401.718572083053,-0.324923611989683,0.256805695687381,-1.26525080029854,0.205781437167303,0.655579618407795
BSU_12490,xpdC,600.641081012607,-0.263509350751434,0.179736350349087,-1.46608824669936,0.142624247264101,0.572647103336765
BSU_12500,xkdA,68.0077695448137,-0.348062900877145,0.328001831431912,-1.06116145558595,0.288616532825446,0.740066141615954
BSU_12510,xre,734.325336436334,0.157660420335117,0.254487462184411,0.619521366521666,0.535572950614776,0.879775467806757
BSU_12519,yjzJ,0.883738052801028,-0.923635048297116,3.44578641305666,-0.268047678404357,0.78866261902481,
BSU_12520,xkdB,16.4558801785463,-1.68121788645905,0.931413446041827,-1.80501783993308,0.0710718904204823,0.433070639359324
BSU_12530,xkdC,24.5315394843246,-0.775113049190755,0.601675133272482,-1.28825840778054,0.197656026210705,0.646712387151323
BSU_12539,ykzK,11.5660979564222,-0.654563058247451,0.7157838272278,-0.914470309817624,0.360469771832973,0.794305978197864
BSU_12540,xkdD,16.652240700985,-0.337825884569177,0.75191642517954,-0.449286480859242,0.653225008914443,0.915566091025754
BSU_12550,xtrA,20.882174307478,-0.709457640315752,0.637442605527584,-1.11297493164669,0.265719196041339,0.718232874279534
BSU_12560,xpf,42.3626429048823,-0.773607727101766,0.477004320713487,-1.62180444391915,0.104845226628602,0.510338674428447
BSU_12570,xtmA,242.529993327062,-0.56892981289502,0.239258639337311,-2.37788618405095,0.0174121994468264,0.256048834434391
BSU_12580,xtmB,327.503245875717,-0.937781178421512,0.258097668957999,-3.63343528908089,0.0002796726121124,0.0240114005218505
BSU_12590,xkdE,401.208221868784,-0.684744059233955,0.226626305415265,-3.02146768875416,0.0025155248619786,0.106598731790578
BSU_12600,xkdF,637.685262052862,-0.517518711820654,0.190642326194997,-2.71460552412329,0.0066354756786247,0.169265179866098
BSU_12610,xkdG,680.646741968417,-0.295217713577464,0.204330059905294,-1.44480804104054,0.148511811836631,0.581946063726771
BSU_12619,ykzL,232.976136675449,-0.371605460909122,0.23719492915488,-1.56666696979208,0.117192555190729,0.529959494252577
BSU_12620,xkdH,183.093137667331,-0.62350718447353,0.309493347250399,-2.01460609739399,0.0439459380988436,0.36637584040492
BSU_12630,xkdI,323.06781463194,-0.51326360223042,0.246744340196936,-2.08014336548009,0.0375123850399263,0.339054249399333
BSU_12640,xkdJ,257.324022871359,-0.472664066282879,0.228358053474311,-2.06983751652994,0.0384675628226177,0.343798464152925
BSU_12649,ykzM,128.836538176173,-0.310361508262065,0.287671291350777,-1.07887549989693,0.280643232028722,0.731834015636257
BSU_12650,xkdK,1273.45109235319,-0.461011111678413,0.184824570295833,-2.49431723791113,0.0126199697542332,0.225074907000721
BSU_12660,xkdM,643.583225598086,-0.33223416083169,0.207863293802554,-1.59833010799528,0.109969530188999,0.518686883032867
BSU_12671,xkdN,249.86119853288,-0.826128682967954,0.283971000793306,-2.90920087142725,0.0036235395949552,0.125896784784402
BSU_12672,xkzB,59.9500930431617,-1.10992135940142,0.563357717055558,-1.97018932340632,0.0488166767093466,0.377148975711731
BSU_12680,xkdO,1384.59182729959,-0.499088203876199,0.176955785070726,-2.82041191067431,0.004796203977365,0.136863106354096
BSU_12690,xkdP,248.896532261272,-0.39295865306041,0.214118637354615,-1.83523796861086,0.0664704376570014,0.422177104037711
BSU_12700,xkdQ,270.84662493748,-0.539790732014207,0.23165098497409,-2.33018966906003,0.0197961287598081,0.26633155140177
BSU_12710,xkdR,61.74413615435,-0.786876921549422,0.431999453278322,-1.82147666062546,0.0685344313335252,0.427804770589739
BSU_12720,xkdS,117.038179479217,-0.142659902148659,0.284594232495527,-0.501274747902352,0.616177774610568,0.899718643848399
BSU_12730,xkdT,232.593034824191,-0.406175965805702,0.233242102318159,-1.74143502296017,0.0816073536158941,0.459778889497826
BSU_12740,xkdU,158.368402457654,-0.202216200348304,0.253526401535021,-0.7976139728405,0.425094539918948,0.830918304754471
BSU_12749,xkzA,86.9034970028649,-0.136888701540679,0.454566391971445,-0.301141272118679,0.763306770261163,0.948838562300488
BSU_12750,xkdV,859.749871126553,-0.428774426337581,0.1924563342503,-2.2279049843064,0.0258868517421972,0.293801058835448
BSU_12760,xkdW,157.346871276085,-0.268198028889417,0.262349003650875,-1.02229482543157,0.306641381603239,0.749682542382862
BSU_12770,xkdX,72.6656114670952,-0.608184964877034,0.436980804012685,-1.39178874516277,0.163986379126426,0.605270712139316
BSU_12780,xepA,227.769974334651,-0.243422004399509,0.236968405639257,-1.02723400506849,0.30431028944091,0.749682542382862
BSU_12790,xhlA,129.745297477573,-0.400783493579823,0.333990328070725,-1.19998532860195,0.230145038455392,0.681134284224436
BSU_12800,xhlB,77.2966760202602,-0.26599286074887,0.317938897384675,-0.836616289912602,0.402808286038128,0.820437215892481
BSU_12810,xlyA,585.494954508328,-0.108532752762146,0.204488180039723,-0.530753184565792,0.595589825500754,0.898499791048637
BSU_12815,spoIISC,52.9646798109116,-0.249356572377987,0.372474299841476,-0.669459805640584,0.503202212507215,0.865897005712038
BSU_12820,spoIISB,584.290160630923,0.182635723687095,0.250648117951415,0.728653880108113,0.466213411038227,0.850017037507684
BSU_12830,spoIISA,577.594643702782,0.133895579233301,0.228383159515767,0.586276061322539,0.557690015233426,0.888700283549077
BSU_12840,pitB,3866.69198057728,-0.557357556821553,0.190249865447255,-2.92960815247502,0.0033938968405395,0.120613884529051
BSU_12850,ykaA,3201.2003646501,-0.325780302364623,0.227361991269103,-1.43287055389585,0.151894833756022,0.587434521641149
BSU_12860,steT,963.053638142287,-0.582250327818032,0.331311083955078,-1.75741276406249,0.0788474792550847,0.450637596028703
BSU_12870,mhqA,190.010647319591,-0.0605532046179416,0.336285728819162,-0.180064746816848,0.857101738166343,0.974508540493037
BSU_12875,BSU_12875,0.0,,,,,
BSU_12880,ykcB,26.4370678980133,0.412356786297806,0.477013011293266,0.864456055778928,0.387337410640753,0.813087558614792
BSU_12890,ykcC,39.4836559403817,-0.223379855443665,0.399914721015813,-0.558568724042625,0.576456089988147,0.893305694143773
BSU_12900,htrA,863.547318625074,-0.166247848186822,0.186464709591214,-0.891578082261714,0.372619122351175,0.804171636469368
BSU_12910,proCC,442.580048510873,-0.154643272168606,0.217032912260719,-0.712533737661112,0.476134327448583,0.855536094471728
BSU_12920,dppA,186.630991568993,0.0680787965631139,0.361415296221665,0.188367225390924,0.850588790127057,0.973110600388773
BSU_12930,dppB,85.3692337603755,-0.103970353772846,0.401395933674442,-0.259021940808132,0.795618311738685,0.955978009107958
BSU_12940,dppC,96.9161244781401,-0.338641080317718,0.505865496569496,-0.669429092543762,0.503221798602345,0.865897005712038
BSU_12950,dppD,85.4628144058422,0.0054434674669336,0.43808717681436,0.0124255348136801,0.990086112720415,0.999423131013604
BSU_12960,dppE,402.380560708726,-0.233643224278145,0.299224206970264,-0.780829955717331,0.434902513034762,0.837259189458047
BSU_12970,ldcA,116.975905843661,-0.28022163360761,0.468714567224064,-0.597851343232636,0.54993912843414,0.885529410386566
BSU_12980,aeeB,158.39395469839,-0.426363104273603,0.379711986868902,-1.12285921703285,0.261497290683767,0.713065872345156
BSU_12990,eepC,200.580464826013,-0.34094449500809,0.315702590961738,-1.07995469397149,0.280162355762653,0.731057224867276
BSU_13000,ykfD,221.50053014967,-0.333531570789878,0.341645124287816,-0.976251516789972,0.328939839530917,0.769637812971514
BSU_13010,pgl,3493.71553956109,0.137114431825468,0.159334057719526,0.860546915003125,0.389487633898497,0.813700038361855
BSU_13020,ddaH,56.8984496256477,-0.773538078380687,0.75533079306554,-1.02410504838715,0.30578566016987,0.749682542382862
BSU_13030,ykhA,1053.6141116454,0.284183152773665,0.264497843096671,1.07442521816633,0.282632144883504,0.732376694832318
BSU_13040,hmpA,113.014267848191,-0.761301512373129,0.273779808385178,-2.78070730220566,0.0054240616798624,0.150480044521184
BSU_13050,ykzH,2.11715910645485,-0.889861502745501,2.70428117081448,-0.329056576050298,0.742112925403482,
BSU_13060,ykjA,3.2227756425504,-1.45394455692509,1.42837612065271,-1.0179003526471,0.308725314033683,
BSU_13070,ykkA,70.572996921678,0.751989388632869,0.383745250881018,1.95960571995724,0.0500418923025726,0.378719122992945
BSU_13080,ykkB,111.370986260535,0.617596956073194,0.339639495163789,1.81838968926556,0.0690045931527139,0.428409985687894
BSU_misc_RNA_16,gdwA,39.6733538251068,-0.0548978749160054,0.513296882996014,-0.106951506495767,0.914827451213011,0.98696615382014
BSU_13090,gdnC,44.0068856393414,-0.94999788459355,0.498489538766384,-1.90575290094255,0.0566822722682963,0.398572276913923
BSU_13100,gdnD,57.3953486862416,-1.55584729108953,0.45563294144856,-3.41469448223639,0.0006385359013146,0.0455526951027156
BSU_13110,purU,2724.17967895262,-0.4094209290706,0.188761390697641,-2.16898661086055,0.0300837004287849,0.313797345203644
BSU_misc_RNA_17,pswB,1492.40119541787,0.123645527723697,0.306254564519693,0.403734481207207,0.686407980716485,0.930797046120767
BSU_13120,proB,937.737832794713,-0.652392444033752,0.20751662794688,-3.14380804318366,0.0016676479292448,0.0865227724328983
BSU_13130,proA,1762.25922709098,-0.442765467247071,0.230400257811506,-1.92172296790269,0.0546406256385152,0.395451629394689
BSU_13140,ohrA,217.665068362668,0.168770741273418,0.307111088393096,0.549542975333392,0.582632880568258,0.895927004568973
BSU_13150,ohrR,212.963915691601,0.297496917131176,0.281197568786115,1.05796404433873,0.290071835039363,0.740303656578213
BSU_13160,ohrB,221.84480411505,0.333785543339668,0.549389853447659,0.607556803688709,0.543481457547734,0.883323198902846
BSU_13169,ykzN,4.23113765211181,-0.6313838064805,1.66054378049887,-0.380227136372649,0.703776817337516,
BSU_13170,guaN,48.3072945759729,0.489059371283774,0.35590298170088,1.37413676318904,0.169399228148237,0.613682673463064
BSU_13180,metE,1807.57200189962,0.0295953431231778,0.190019718726397,0.155748799764256,0.876231029848909,0.981195901612435
BSU_misc_RNA_18,mswB,927.350049749551,0.499592255722381,0.31584651086145,1.58175644986477,0.113705180435834,0.526927665898061
BSU_13190,ispA,37.0277078157513,0.404048621348525,0.45696890904156,0.884192804705185,0.376592141851617,0.804968221881868
BSU_13200,rsbRB,1585.86293837171,0.471830171217752,0.201521495875034,2.34133916666805,0.0192147027422823,0.265712009096142
BSU_13210,thiX,847.357562883132,-0.665641096909983,0.389396243438317,-1.70941838327063,0.087373478100751,0.474262289419158
BSU_13220,thiW,1727.40777155699,-0.455444890004623,0.357908726914324,-1.27251686185804,0.203189536883412,0.653076187474201
BSU_13230,thiV,619.903444975201,-0.614501575887322,0.396348348618295,-1.55040781178862,0.121043664765929,0.534921947721113
BSU_13240,thiU,1192.24325270013,-0.438206770177181,0.371333909193193,-1.18008821529196,0.237965131200208,0.693012232895158
BSU_misc_RNA_19,tswB,48.8544079157878,-0.797106096418832,0.529276421411913,-1.50602986298246,0.132059507722381,0.551859553714343
BSU_13250,ykoG,104.636172717447,-0.274987859914043,0.330371246351636,-0.832360149228467,0.40520568870899,0.820437215892481
BSU_13260,ykoH,201.384689681908,0.166088281034346,0.233688470462786,0.710725183426602,0.477254550811008,0.856528270660368
BSU_13270,ykoI,157.611159155241,0.212487940295993,0.280257188252218,0.758189082039759,0.448337796337942,0.84414847365364
BSU_13280,ykoJ,497.696244046368,-0.0197537024827824,0.204134493446355,-0.0967680775026566,0.922910575389597,0.989679266437973
BSU_13290,ykzD,3.07796019602229,1.03601136867281,1.47652706048109,0.7016541697077,0.482894860780073,
BSU_misc_RNA_68,swmG,565.7341566652,0.248926457236478,0.299621414338829,0.830803291499646,0.406084762927991,0.820437215892481
BSU_13300,mgtE,2184.7502470548,0.211244957214734,0.393486206324087,0.536854796482361,0.591367917440335,0.898258520476343
BSU_13310,tnrA,190.200862054551,0.115651097455098,0.359476051703768,0.321721285484693,0.747663851005816,0.945526142693331
BSU_13320,ykzB,4.55200930696649,1.25964908781352,1.30939161174523,0.962010964874428,0.336044096063707,
BSU_13330,ykoL,8.08024013600217,0.304036076673642,0.941510202539965,0.32292382584217,0.746752931767957,
BSU_13340,ykoM,2553.36261080471,0.535331570689413,0.233772940769981,2.28996379532286,0.0220234154963868,0.278428939582485
BSU_13350,ykoN,17.222065365157,0.0480884608492657,0.550941107066001,0.087284212836028,0.930445602456267,0.99005347982244
BSU_13360,ykoP,2.74444099450384,-0.0085329511871495,1.90232791308169,-0.0044855311896919,0.996421075918069,
BSU_13370,ykoQ,105.729038200209,-0.487390935413068,0.347273856063674,-1.40347718926386,0.160474589442756,0.602335698235946
BSU_13380,ykoS,14.868662454595,0.248539180728984,0.663916008141819,0.374353348437252,0.708141446291229,0.936177066481487
BSU_13390,ykoT,32.8970818628786,-0.651843479136904,0.435240775504882,-1.49766179049001,0.134221143927522,0.55463706281513
BSU_13400,ligD,170.350756165524,-0.149217844194779,0.351691885350179,-0.424285718296294,0.671357453485704,0.925810502822019
BSU_13410,ligV,57.6909093834338,0.434728517402931,0.426433532601015,1.0194519993569,0.307988430306481,0.750408084531833
BSU_13420,dgcW,1651.13210821157,-0.317315183868032,0.24572414270111,-1.29134720088942,0.196583310254756,0.646712387151323
BSU_13430,ykoX,568.654547875155,-0.100166284184687,0.193442841684467,-0.517808171718613,0.60459211627351,0.898499791048637
BSU_misc_RNA_87,mnrW,0.387496163324781,-1.02184647821353,3.49677322321774,-0.292225549952372,0.77011417776037,
BSU_13440,ykoY,361.343195390535,-0.368124534857458,0.216836201006321,-1.69770791569405,0.0895629030306872,0.478347323004807
BSU_13450,sigI,536.786408754505,-0.132129724344992,0.273740166800163,-0.482682997857052,0.629320837228316,0.906100640206111
BSU_13460,rsgI,984.303743334585,-0.0490660118397186,0.194706371399223,-0.252000032084798,0.801041039001465,0.957387705279997
BSU_13470,sspD,14.4547296837444,0.674531239472385,0.674789043012013,0.999617949428346,0.317495433288851,0.757250302082961
BSU_13480,htpK,1833.04615895842,0.127774277830698,0.180315693395659,0.708614294321728,0.478563863351887,0.857831956607814
BSU_13490,htpX,1165.2143101401,0.110532341739045,0.20775461367865,0.532033150946115,0.594703035377475,0.898499791048637
BSU_13500,ktrD,861.361976650824,-0.404483198589516,0.215852807718157,-1.87388435140328,0.0609463667654578,0.412179871832095
BSU_13509,ykzP,1.11061701996947,-2.42528999114854,3.46358794746886,-0.700224746110721,0.483786959773126,
BSU_13510,ykzE,0.666283838119381,1.03213684668446,3.44394104727372,0.299696432812495,0.764408719815648,
BSU_13520,ykrP,14.2618522830935,0.879125640614301,0.683621321967249,1.28598335418277,0.198448871096665,0.647186318392796
BSU_13530,kinE,361.518917138376,0.632880501153895,0.244780029532946,2.58550708716502,0.0097235873781257,0.201273220599028
BSU_13540,ogt,210.42572535226,0.512100653436708,0.27183526626719,1.88386393152299,0.059583383133017,0.408995903120968
BSU_13545,BSU_13545,74.0231057846171,0.242987839275738,0.339378549456657,0.715978778460691,0.474004452748883,0.854994493900296
BSU_13550,mtnA,26473.7314947209,-0.253566113511425,0.20561340906252,-1.23321778802045,0.217494520569092,0.668377392056555
BSU_13560,mtnK,25656.0421584431,-0.228434551667697,0.207650667837496,-1.10009061876202,0.271292640871428,0.725197673553789
BSU_misc_RNA_20,mswC,3431.80026348346,0.182736704120797,0.281241759964387,0.649749539840516,0.515854018197273,0.871367712607144
BSU_13570,mtnU,1422.46479616916,-0.28813444047123,0.210270434604119,-1.37030410867656,0.17059199103871,0.614928944599559
BSU_13580,mtnE,2544.99633685837,-0.692411480228685,0.196130318391419,-3.53036433075499,0.0004149877847464,0.0338342081645325
BSU_misc_RNA_21,mswD,208.987660580309,-0.549765763114424,0.24610079455288,-2.23390486858544,0.0254893331609455,0.292398032132781
BSU_13590,mtnW,844.142519547327,-0.113419281663204,0.187703303843278,-0.604247657558031,0.545679000269799,0.884920176655445
BSU_13600,mtnX,440.873295966792,0.0037027034436851,0.215813868060534,0.0171569300757198,0.986311421947312,0.998127166502402
BSU_13610,mtnB,505.853008695352,-0.0595484460167122,0.183100732006154,-0.325222326335161,0.745012812384997,0.94456559361411
BSU_13620,mtnD,763.487124712627,-0.0810351820802552,0.188124210861195,-0.430753605340281,0.666647537031104,0.92237085566155
BSU_13630,ykvA,308.769531117701,0.303722698692259,0.277384862871692,1.09495051585691,0.273538316163958,0.726428268229269
BSU_13640,spo0E,1158.98803308236,0.309499216963067,0.242688492505561,1.27529415905855,0.202205144356995,0.651773459586235
BSU_13650,eag,196.536914515614,-0.0481404425596889,0.307764367389062,-0.156419805736744,0.875702126604623,0.981195901612435
BSU_13660,kinD,1563.72017927561,-0.277777519250229,0.183934176519835,-1.51020068432075,0.130992224140678,0.549857313940076
BSU_13670,mhqR,2136.66744482612,-0.119036310232239,0.212212197286399,-0.560930576820656,0.574844864537991,0.893088585348146
BSU_13680,motB,3236.01509821861,-0.0358245302145469,0.200313855271741,-0.178841998552463,0.858061766799828,0.974508540493037
BSU_13690,motA,2505.88156406349,-0.245925493734403,0.236188078112966,-1.04122737988824,0.297770031251078,0.7467616289065
BSU_13700,clpE,510.89346762826,2.57353101204296,0.388765908022279,6.61974457877483,3.5982004788536196e-11,1.79685136412753e-08
BSU_13710,ykvI,30.8240981824136,-0.651609690428034,0.486038190698883,-1.3406553289384,0.180032384398955,0.628697006707888
BSU_misc_RNA_22,qswA,3.91876500845945,-0.0194915588325695,1.42097578061129,-0.0137170239623538,0.989055741567361,
BSU_13720,queC,434.292457834771,-0.225640299607034,0.294824321063879,-0.765338147113532,0.444070214124361,0.842784088088752
BSU_13730,queD,217.637239625513,-0.286522175920697,0.256561976615709,-1.11677568009177,0.264090249802801,0.716252917829048
BSU_13740,queE,391.673869743722,-0.450207846797667,0.318719571382329,-1.41255161973598,0.15778760280417,0.597499026732378
BSU_13750,queF,728.641172967663,-0.0301432337869057,0.217696500319244,-0.13846448492604,0.889873336130573,0.984381268013484
BSU_13760,ykvN,114.197599286638,-0.0452805689766003,0.4126043898405,-0.109743303977218,0.912612956198083,0.985908263929514
BSU_13770,ykvO,75.4882291541536,0.0087389613032374,0.383129094930217,0.0228094431325533,0.981802275454841,0.998127166502402
BSU_13780,ykvP,42.2603775569853,-0.231359312121032,0.385119023740241,-0.600747555584481,0.548008139435687,0.884920176655445
BSU_13789,ykzQ,15.6626958785198,-0.92674174878262,0.860831292710496,-1.07656605496368,0.281674175993519,0.732376694832318
BSU_13800,ykvR,65.8850832096953,0.442376229278111,0.419221136729413,1.05523359993092,0.291318500718642,0.740813119268603
BSU_13810,ykvS,1529.59926274827,0.767241885857166,0.359218108548779,2.13586639314143,0.0326903055615202,0.320092575289885
BSU_13819,ykzS,90.3334348825772,-0.173713786730367,0.344453555507407,-0.504317008644238,0.61403862704521,0.898563702169665
BSU_13820,ykvT,75.746795414428,0.0189233530632404,0.417563428430421,0.0453185115716943,0.963853432495874,0.995053328470775
BSU_13830,ykvU,12.3251363156164,-0.137273252720502,0.644865236042388,-0.212871224944554,0.831427407147241,0.964166180421836
BSU_13840,stoA,172.786888950245,-0.493240010593179,0.262335522698923,-1.88018765250964,0.060082507810823,0.410307040520065
BSU_13850,pfeT,714.125303412579,-0.576970667567283,0.346219711247387,-1.66648705669741,0.0956164440661637,0.492887347153966
BSU_13860,papB,2008.84189674161,0.151901807882769,0.208165230344422,0.729717482748864,0.465562892439817,0.850017037507684
BSU_13870,ykvZ,524.710781151752,-0.0106542405090847,0.192128935214849,-0.055453596810759,0.955777097409331,0.993454444844946
BSU_13880,glcT,1311.1826822169,-0.16398213685884,0.184743569775569,-0.887620267693481,0.374745047690417,0.804276149940409
BSU_misc_RNA_88,gswA,182.90031911726,-0.22370004348199,0.281262296951427,-0.795343157993983,0.426413915059987,0.832204978341303
BSU_13890,ptsG,1567.63433543955,-0.437137146437868,0.241882629047825,-1.80722835764877,0.0707266811509502,0.433070639359324
BSU_13900,ptsH,2562.23677497295,0.0840733069761632,0.187852434526335,0.447549733322073,0.654478187610211,0.915938931272815
BSU_13910,ptsI,23577.6357368724,0.102858150480503,0.21777523527361,0.472313347985932,0.636703144247416,0.909754077800625
BSU_13920,splA,31.161352333685,1.19464314791061,0.509149401459101,2.34635088342842,0.018958250514308,0.263896204894287
BSU_13930,splB,121.662678661295,0.236917685522115,0.449288577187309,0.527317402559611,0.597973191276821,0.898499791048637
BSU_13940,ykwB,156.26661914734,-0.114384659424196,0.367787970383695,-0.311007071016663,0.755795246132646,0.946377391190038
BSU_13950,mcpC,8417.11729639782,0.0451294078342206,0.183924637825894,0.245369018352728,0.806170715647816,0.960211629999473
BSU_13960,ohaC,2510.20324867309,0.767551545876401,0.173147397092779,4.43293724747774,9.29579283814905e-06,0.0014283343226309
BSU_13970,ykwD,143.044756452432,0.178986851093188,0.249039702173187,0.718708099677684,0.472320791677198,0.854373606876287
BSU_13980,pbpH,1973.91467362797,-0.0397537571827323,0.217261991644738,-0.182976124271828,0.854816752404982,0.974508540493037
BSU_13990,kinA,767.822426951231,0.536394802184931,0.187399776157066,2.86230225662255,0.0042057561039076,0.133632812633289
BSU_14000,dapX,4273.5290822827,0.0016407526932261,0.174308155519129,0.0094129427756238,0.992489669194695,0.999423131013604
BSU_14009,ykzT,1559.76845806071,-0.0458589566412649,0.383666694425566,-0.119528114656723,0.90485696742227,0.984997682274009
BSU_14010,cheV,3449.6403951328,-0.0730441424406279,0.200424520954798,-0.364447134974576,0.715524143371726,0.938765949119386
BSU_14020,kre,556.705944583173,-0.321510138666731,0.185259059017478,-1.73546244038948,0.0826589286596811,0.462956730866436
BSU_14030,ykuC,669.48786794126,-0.320999284018682,0.200570586041916,-1.60043050356146,0.109503112657495,0.518427561303601
BSU_14040,ltdD,36.639574238421,0.51506618616359,0.495435657052556,1.03962276197038,0.298515197571172,0.748160736698137
BSU_14050,ppeE,82.102942724252,0.0854506644875516,0.369139361935971,0.231486190037825,0.816937112871057,0.961157874739822
BSU_14060,fadH,128.860151534374,0.725563760804242,0.310125345376087,2.33958227414259,0.0193053189371465,0.265947410875518
BSU_14071,ykuG,1870.65878699029,-0.0077257636702084,0.17352398871584,-0.0445227413649417,0.964487724960577,0.995053328470775
BSU_14072,ykzU,573.778352391938,-0.160502794976466,0.189846442728858,-0.845434829693903,0.39786810488344,0.820166707435162
BSU_14080,ykuH,339.011050342619,0.0610508836618064,0.221576906067489,0.275529091660894,0.782909778503459,0.952192959918294
BSU_14090,ykuI,1604.91287817202,0.0888452654323317,0.205045938955315,0.43329444067504,0.664800876389796,0.92154042372562
BSU_misc_RNA_69,fsrA,4.71068208036642,-0.891288625902487,1.49614655068148,-0.595722809036663,0.551360418122428,
BSU_14100,ykuJ,2475.97423876741,-0.117594565703299,0.219389683061893,-0.536007728631996,0.591953209034417,0.898258520476343
BSU_14110,ykuK,4305.38287847333,-0.154621597315362,0.185383744270309,-0.834062327977946,0.404245862291316,0.820437215892481
BSU_14120,abbA,3341.85556304971,-0.107448748156973,0.263582335065637,-0.407647758831091,0.683532296133587,0.930797046120767
BSU_14130,ykuL,597.738087188632,0.201123277419836,0.24257281370972,0.82912538443205,0.407033461112145,0.820437215892481
BSU_14140,ccpC,2967.74136543854,0.297602789958915,0.239713276884761,1.24149481341404,0.214423012994643,0.66528494841799
BSU_14150,fldN,190.44921750254,1.75792600842274,1.28168597787998,1.37157309884166,0.170196373039869,0.614470152086886
BSU_14160,ykuO,498.141520839071,-0.0342229738678356,1.01080891501103,-0.0338570162565909,0.972991169578589,0.995053328470775
BSU_14170,fldP,316.769365101202,0.499896514019054,0.966139494996824,0.517416497936147,0.604865445406357,0.898499791048637
BSU_14180,dapH,5835.80064558806,0.154258743715762,0.164050171257816,0.940314432670319,0.347056298604998,0.781283850586233
BSU_14190,dapI,1308.42807018172,0.0687127596688737,0.192190973201931,0.357523345264914,0.72070005251733,0.939822102692
BSU_14200,ykuS,327.182975583603,-0.0341844184405359,0.212593742994381,-0.160796916969656,0.87225335354144,0.980005887496082
BSU_14210,mscT,110.366515342851,-0.802978822435348,0.310247494399817,-2.58818793682358,0.0096482324454324,0.201273220599028
BSU_14220,ahpA,336.083841482393,0.760109902909554,0.235735349370824,3.22442054167218,0.001262278807936,0.075265728920965
BSU_14230,ykuV,241.602330342849,0.556710557358565,0.280345647701554,1.9858006069394,0.0470554683576154,0.372535466082014
BSU_14240,rok,3237.72281397559,0.555752475645466,0.279197920870691,1.9905322858864,0.0465323311022516,0.371345630486349
BSU_14250,sppO,11.1942218593374,-0.129787326567907,0.85970900863742,-0.150966577369721,0.880002081070056,0.981962766329838
BSU_14260,mobA,488.526960346084,-0.0409479900367888,0.238939961048888,-0.17137355282489,0.863930048920174,0.975843819599681
BSU_14270,moeB,981.364760587119,-0.156092402781975,0.207682575649651,-0.751591231443962,0.452296918092321,0.84414847365364
BSU_14280,moeA,1062.20611124439,-0.14702875420709,0.241649822419035,-0.60843725327525,0.542897510034329,0.883203081143408
BSU_14290,mobB,588.517792491441,-0.0032741123324752,0.223354054379935,-0.0146588444143748,0.988304353227507,0.998552324517929
BSU_14300,moaE,689.62072294902,0.135563501115556,0.1973695423723,0.686851170074869,0.49217652041709,0.863246066392942
BSU_14310,moaD,218.393062169541,0.193065406106596,0.282675238149777,0.682993697538868,0.494610825024642,0.863246066392942
BSU_14320,yknU,84.1721561485457,0.126528788964472,0.371094613931293,0.340960995429317,0.73313294527392,0.942666918689833
BSU_14330,yknV,103.685808931002,-0.444624272391079,0.345126393659411,-1.28829402954866,0.197643630658013,0.646712387151323
BSU_14340,skiW,816.896450473283,0.396594428684309,0.280214021932444,1.41532684891809,0.156972686429875,0.596108253124857
BSU_14350,skiX,1470.14597155054,0.404870524900758,0.305134252902809,1.32686029526064,0.184554900605207,0.63149736404584
BSU_14360,skiY,801.543294706882,0.564854941744847,0.251849887672725,2.24282387800334,0.0249081740518506,0.289782450457173
BSU_14370,skiZ,1435.79229770381,0.550465528522714,0.281337282058926,1.95660356314745,0.0503940957780773,0.378719122992945
BSU_14380,fruR,598.796592668892,-0.259679828917911,0.292193913374205,-0.888724292437077,0.374151272205522,0.804276149940409
BSU_14390,fruK,630.201257965882,0.0427947160123226,0.27418089244486,0.156082050907063,0.875968346260696,0.981195901612435
BSU_14400,fruA,1343.44263682105,-0.179071927999358,0.269815258316172,-0.663683474081066,0.506892918634642,0.86762519706315
BSU_14410,sipT,803.250018970676,0.237987002422271,0.225802388693229,1.05396140315237,0.291900588429227,0.741349555483002
BSU_14420,ykoA,20.9186789001516,-0.334163810457597,0.563785135656624,-0.592714829326613,0.55337201537933,0.886415878685013
BSU_14430,ykpA,4404.23387431414,-0.322722707637071,0.179071248086972,-1.80220281639144,0.0715135017661422,0.434189117865863
BSU_14440,panE,476.779741437033,-0.224585382350084,0.19083915312068,-1.17683074294542,0.239263069377695,0.694158287700719
BSU_14450,ampS,3037.10405523449,0.216487158889846,0.184977832251927,1.17034109576441,0.241863730056949,0.696142364248928
BSU_14460,ykpC,114.48278170075,0.304254925706241,0.348044359890626,0.874184330416544,0.382017878045309,0.809205420355784
BSU_14470,mreBH,318.313542433738,0.102620461015437,0.249353903148346,0.411545436906138,0.680672631249625,0.930400779595188
BSU_14480,abhA,1060.89201634289,0.114252660198358,0.281475396368756,0.405906383550049,0.684811387481658,0.930797046120767
BSU_14490,kinC,1251.75464282728,0.102959498911418,0.176537585266207,0.583215742733546,0.559748074695602,0.889397285147515
BSU_14500,ykqA,939.469459173511,-0.0002749548422328,0.203658503908852,-0.0013500778850655,0.998922794026864,0.999423131013604
BSU_14510,ktrC,1885.62670134868,0.160745616820723,0.179035749142468,0.897840892618658,0.369270380156544,0.801758243872497
BSU_14520,adeC,4289.26563172512,-0.588967105970178,0.259340581767351,-2.27101790994873,0.0231458937680185,0.279494317117277
BSU_14530,rnjA,9074.61532240991,-0.313400070035916,0.170336954886835,-1.83988301448812,0.0657854142340075,0.420500367783776
BSU_14540,rnpZA,1006.0319675262,-0.0715207202473418,0.184091329290372,-0.388506729366543,0.697641075097605,0.93192553433051
BSU_14550,ykrA,2641.64836005536,0.360611791411091,0.228410739091465,1.57878650034352,0.114385036064988,0.527436515128117
BSU_14560,defB,518.866144158369,-0.139469133609178,0.193662055975267,-0.720167577003262,0.471421824199843,0.853343990792195
BSU_14569,ykzV,0.528097939024033,1.86801927395879,3.48543511475755,0.53595009301693,0.5919930427088,
BSU_14568,BSU_14568,3.53090403173032,-3.94689643096047,2.23432627414107,-1.76648168024509,0.0773150723889865,
BSU_14570,ykyA,540.908823684562,-0.0475962734835476,0.260732337238431,-0.182548409559273,0.855152367190559,0.974508540493037
BSU_14580,pdhA,17713.9769077991,-0.649329337675476,0.204155447305246,-3.18056337093285,0.0014698898663612,0.0804412330974417
BSU_14590,pdhB,14754.2974147081,-0.562905799791383,0.23557857904953,-2.38946088418775,0.0168731205177206,0.251522822642887
BSU_14600,pdhC,34439.3859878106,-0.394962565090347,0.18706591349918,-2.11135507106739,0.0347418037894116,0.331578444321465
BSU_14610,pdhD,37978.1005735534,-0.248060264221165,0.176653973672037,-1.40421559201207,0.160254660230922,0.602274099362685
BSU_14620,slp,20.7343834022772,0.123002671478228,0.538303684926325,0.228500519172673,0.819257152555819,0.962280014855892
BSU_misc_RNA_70,srrA,2.78396649007594,1.75252426070256,1.82953211648618,0.957908442770867,0.338108928766705,
BSU_14629,rgpA,0.0,,,,,
BSU_14630,speA,2045.66218943486,-0.0420736961579268,0.33515758976067,-0.125534069474515,0.900100754821747,0.984517604748476
BSU_14640,yktA,1084.15929649095,0.265603989740378,0.227661018344647,1.16666433134499,0.243345952613865,0.697894530288865
BSU_14650,yktB,1102.18762910267,0.546179232637721,0.291710211863681,1.87233497637359,0.0611602747435751,0.412179871832095
BSU_14660,ykzI,38.5061141816217,-0.40937228928877,0.80175883983295,-0.51059279792171,0.609636219996675,0.898499791048637
BSU_14670,suhB,870.698125474933,0.0319075674802261,0.17832604942165,0.178928247352023,0.857994042514109,0.974508540493037
BSU_14680,ykzC,424.693962625363,0.152860204968664,0.206676606232166,0.739610581746012,0.459536319023077,0.845233699123938
BSU_14690,yktD,160.047235716982,0.709948272246079,0.291623178489592,2.43447134731582,0.0149135605413879,0.237369220569102
BSU_14700,nprE,1048.01252611231,0.807545828787124,0.236430766000354,3.41556998883096,0.0006364867051962,0.0455526951027156
BSU_14710,ylaA,144.278002817951,-0.231416103552584,0.269015522753213,-0.860233272727827,0.389660466961571,0.813700038361855
BSU_14720,ylaB,12.3781591407059,-0.43474513540136,0.673743917250061,-0.645267622119404,0.518753771013724,0.871482359396837
BSU_14730,sigP,101.439377665763,0.15729164499775,0.309833454257311,0.507665143439038,0.611688197190215,0.898563702169665
BSU_14740,sigQ,81.2842804961663,0.0160997818501555,0.32328412339286,0.0498007191976787,0.960281193559135,0.995053328470775
BSU_14750,ylaE,52.1056860133263,0.0115685723433281,0.429755775715759,0.0269189455896448,0.978524382597036,0.996479241589713
BSU_14760,ylaF,298.599648129903,0.616401620483836,0.379507535341869,1.62421444393342,0.104330049259343,0.510157340013555
BSU_14770,bipA,8292.62530541444,-0.610547704305512,0.298017542573694,-2.04869719759713,0.0404917334142332,0.350951162510762
BSU_14780,ylaH,1062.20793475691,-0.297257454881698,0.260075856216299,-1.14296443816944,0.25305335632229,0.707068115407917
BSU_14790,ylaI,707.837529244216,0.36837699739893,0.211609639557703,1.74083278138413,0.0817128940033683,0.459778889497826
BSU_14800,ylaJ,30.9358490731643,0.937290397103788,0.587206349684497,1.5961857319959,0.11044733217562,0.519102461225413
BSU_14810,ylaK,93.9206578583863,-0.05587634344983,0.288948217073125,-0.193378398440469,0.846662631680528,0.971121795453261
BSU_14820,ylaL,1190.88945668609,0.432080800131253,0.178973841885087,2.41421201880819,0.0157692832556863,0.244179405451421
BSU_14830,glsB,160.879225005305,-0.283390324404886,0.276029022138301,-1.02666858075125,0.304576548734607,0.749682542382862
BSU_14840,ylaN,4072.6859389172,0.399207827809002,0.195005248737132,2.04716452707966,0.0406419330749818,0.351438360680849
BSU_14850,ftsW,1602.05778086948,-0.333923819936634,0.181442414853139,-1.84038456612757,0.0657117977431393,0.420500367783776
BSU_14860,pycA,18319.0622323801,-0.360776679575825,0.159580017231555,-2.26078857387469,0.0237723524858122,0.279726290013814
BSU_14870,ctaA,1065.81428347737,-0.0683559615505319,0.190111277424347,-0.359557636330825,0.719177968830112,0.939822102692
BSU_14880,ctaB,4972.27037585452,-0.288434544456315,0.199669705841589,-1.44455836823413,0.148581973717473,0.581946063726771
BSU_14890,ctaC,1560.99800174835,0.735291584576594,0.226051437530413,3.25276225893351,0.001142890752275,0.0691795235657395
BSU_14900,ctaD,2032.14355381062,0.598867031641444,0.247939032878523,2.41538020330529,0.0157187922657211,0.244179405451421
BSU_14910,ctaE,478.910275270086,0.541463470595605,0.256989660216522,2.10694652127018,0.0351222154446678,0.334038763046651
BSU_14920,ctaF,158.300555311992,0.617980163326854,0.254595574335572,2.42730127944926,0.0152116177453875,0.238830921781758
BSU_14930,ctaG,718.508526347586,0.460183937419817,0.254903367018529,1.80532702569741,0.0710235229652215,0.433070639359324
BSU_14940,ylbA,1543.93386762633,0.597089110532227,0.224035159415234,2.66515805863116,0.0076952145300577,0.182990369330838
BSU_14950,ylbB,201.386741370958,-0.253372034348011,0.274580367029009,-0.92276092821029,0.356131806444051,0.789975883811208
BSU_14960,ylbC,1099.67313132739,-0.402044657067047,0.172444391343196,-2.33144524988872,0.0197298938620816,0.26633155140177
BSU_14970,ylbD,10.8147510475598,-0.533302449945404,0.866333692959524,-0.615585488916591,0.538168130962714,0.881280146098961
BSU_14980,ylbE,7.97094057361824,-0.653409872440187,0.888581336842944,-0.735340531415726,0.462132129568271,
BSU_14990,ricF,1030.86084675165,0.297063538321522,0.216081239121121,1.37477709554881,0.169200561141352,0.613682673463064
BSU_15000,ylbG,310.025823456094,0.305897117670722,0.245462839035764,1.24620540882016,0.212688993853517,0.664282279999671
BSU_misc_RNA_23,csfG,59.3655583101738,-0.616038069167906,0.364759167376447,-1.68888988753538,0.0912405335491875,0.484715334480059
BSU_15010,rsmD,823.014929536083,-0.238746650235526,0.179280572340355,-1.33169281600841,0.182961150910364,0.63149736404584
BSU_15020,coaD,823.941626073561,-0.304299743390675,0.201827300085794,-1.50772340144927,0.131625333627812,0.551439970228648
BSU_15030,spoVV,17.9718888889861,-0.498642582333808,0.677435103435628,-0.736074318860849,0.461685470616605,0.846070392253825
BSU_15040,ylbK,614.635952418884,0.158669228021208,0.213813960809191,0.742090120872908,0.4580327349844,0.845233699123938
BSU_15050,ylbL,812.353160038707,0.305112667646251,0.191388977562168,1.59420187898304,0.110890825815524,0.519353867682321
BSU_15060,ylbM,498.09869115565,-0.0969823597775732,0.260687022996063,-0.372026035906812,0.7098734645661,0.936858096025652
BSU_15069,ylzH,0.0,,,,,
BSU_15070,ylbN,10981.7065085694,-0.515384354535444,0.24626864030277,-2.09277297305014,0.0363694255387652,0.336708345262789
BSU_15080,rpmF,16005.3935590871,-0.213863842166542,0.196489969293326,-1.0884211694658,0.276409219821643,0.728065190003818
BSU_15090,gerR,40.7226035416557,-0.28802338671793,0.651129654905238,-0.442344139217324,0.658240194982186,0.917539978699872
BSU_15100,ylbP,2616.07888643621,0.454996031293151,0.290866943610586,1.56427549189743,0.117752885095275,0.529959494252577
BSU_15110,panE,568.918046516451,-0.203202631661292,0.221623921900647,-0.916880406765777,0.359205312151693,0.792127065505423
BSU_15120,bshC,2812.55579254496,-0.0036065245400179,0.175659410640327,-0.0205313482885498,0.983619505024956,0.998127166502402
BSU_15130,mraZ,2963.82543065418,-0.0981632319412389,0.174160160908454,-0.563637696641987,0.573000726488467,0.892568533296843
BSU_15140,rsmH,6619.6804840307,-0.203269846151718,0.197262488559663,-1.03045362367634,0.302797111882342,0.749682542382862
BSU_15150,ftsL,1937.93076754223,-0.0053455566043625,0.176570823218405,-0.0302742916804009,0.975848299439343,0.995534718146113
BSU_15160,pbpB,4349.35396904565,-0.393490101941822,0.205296286352715,-1.91669371586087,0.0552768540892684,0.396465048629492
BSU_15170,spoVD,70.2002366970165,0.353478180352593,0.414822070293203,0.852119994731113,0.394147495465329,0.815864893463207
BSU_15180,murE,2721.5338680019,-0.289519039284367,0.264339071201519,-1.09525632351054,0.27340435643567,0.726428268229269
BSU_15190,mraY,2054.38954892778,-0.436966146135211,0.271499592631203,-1.6094541501901,0.10751707288393,0.514408031342872
BSU_15200,murD,4094.61184739309,-0.479775360724566,0.271261180578134,-1.76868418732835,0.0769465925730142,0.446223177958648
BSU_15210,spoVE,2766.0970372356,-0.473491893831583,0.267387452721493,-1.77080819990744,0.0765926019026391,0.446223177958648
BSU_15220,murG,1695.22875275638,-0.372399320868934,0.253246543656035,-1.47050109941376,0.141426088139475,0.571829095153621
BSU_15230,murB,1789.5613905931,-0.287096640429796,0.238851595966337,-1.20198753233476,0.229368358601118,0.681134284224436
BSU_15240,divIB,847.195289614517,-0.0015008559048835,0.180750717983412,-0.0083034575000763,0.993374875590351,0.999423131013604
BSU_15250,ylxW,857.763129039738,-0.0404144534888695,0.201135579361949,-0.200931399691064,0.840752214980492,0.968811223328392
BSU_15260,ylxX,1597.01334940038,-0.147679995138552,0.191077451424545,-0.772880285128096,0.439593233353364,0.838269674103431
BSU_15270,sbp,652.095241526503,-0.238184424282051,0.19989755957883,-1.19153242682846,0.233444634557853,0.687259627898765
BSU_15280,ftsA,7409.60890514037,0.0667302395949811,0.202199196828652,0.330022278236495,0.741383128714933,0.943728055241868
BSU_15290,ftsZ,12188.1495312812,0.187211087137321,0.161706009222649,1.15772498522028,0.246976284414644,0.701238748189163
BSU_15300,bpr,262.377235493854,-0.0469515371297848,0.313683261629271,-0.149678171815476,0.881018530517661,0.98239661763909
BSU_15310,spoIIGA,20.747831867202,0.404083423922071,0.689115878365898,0.586379499599219,0.557620517538309,0.888700283549077
BSU_15320,sigE,24.1539493381655,-0.477630630785632,0.583483918603711,-0.818584052716676,0.413023768604457,0.822183336552756
BSU_15330,sigG,172.760867008643,-0.111279088085986,0.231062200800302,-0.481597975352794,0.630091564742428,0.906100640206111
BSU_15340,ylmA,418.116457436507,0.046235543717225,0.333237647506545,0.138746459360709,0.889650503865187,0.984381268013484
BSU_misc_RNA_24,tswE,128.310412858545,0.15402063471457,0.317788332924735,0.484664220668693,0.627914550537842,0.906100640206111
BSU_15350,thiQ,490.594617357224,-0.251496201156775,0.248550822402649,-1.0118502072359,0.311609679930903,0.752936319081077
BSU_15360,ylmC,146.519012937502,-0.301566316905919,0.30047521002733,-1.00363127087419,0.315556376024184,0.756194871089364
BSU_15370,ylmD,3049.73931060588,-0.195326735511269,0.172031381115402,-1.13541340100176,0.256202147369112,0.708441694798149
BSU_15380,ylmE,3187.01607766087,-0.159712230918198,0.168618486380484,-0.947181025915574,0.34354654218554,0.779698113671839
BSU_15390,sepF,2130.72197928317,-0.0432077782287583,0.164760103121154,-0.262246608312609,0.793131322154956,0.955307888035457
BSU_15400,ylmG,2667.80976309203,-0.0898088282509582,0.173419434120887,-0.517870610674202,0.604548548436339,0.898499791048637
BSU_15410,ylmH,2423.69141803581,0.369339066526742,0.17176686469537,2.15023466360505,0.0315366575533759,0.318510236185369
BSU_15420,divIVA,4958.72470629502,0.218277186884718,0.205215228764546,1.06365004292717,0.28748726338679,0.73954386170652
BSU_misc_RNA_25,iswA,3857.49392691106,0.234953985264402,0.267233909086114,0.879207231102886,0.379288924412919,0.806735214129244
BSU_15430,ileS,10155.4462757411,-0.246756936044817,0.250079166632954,-0.986715284472244,0.323782234966759,0.764261544570714
BSU_15440,ylyA,7.46532264572405,0.658290040313575,1.11004239167186,0.593031442089442,0.553160110217247,
BSU_15450,lspA,734.052649662799,-0.164443632179997,0.221247736291063,-0.743255659636049,0.457326911045727,0.845233699123938
BSU_15460,rluD,1242.95011213087,-0.526634538116605,0.227229003807726,-2.31763784240425,0.0204690117468034,0.266825288506763
BSU_misc_RNA_26,pyaA,46.2481934704418,-0.29470424088254,0.39639674413747,-0.74345777366006,0.457204577529313,0.845233699123938
BSU_15470,pyrR,5252.0142568784,0.101667718345275,0.216317731800146,0.46999253135293,0.638360353554234,0.909786441339083
BSU_misc_RNA_27,pyaB,367.121300340981,0.204263893784751,0.423198941977152,0.482666362137974,0.629332651087618,0.906100640206111
BSU_15480,pyrP,3629.08297356191,0.0773317562113411,0.385903828431163,0.200391264646745,0.841174590739039,0.968811223328392
BSU_misc_RNA_28,pyaC,45.3757597873636,-0.581862209208342,0.763037871927023,-0.762560064992412,0.445725808692975,0.84414847365364
BSU_15490,pyrB,1062.21596967629,-0.0578589177849739,0.531728031908116,-0.108812991441031,0.913350819326868,0.986438638337615
BSU_15500,pyrC,2213.23690753886,-0.181786492549429,0.517654644773099,-0.35117330518518,0.725458335737002,0.940464290571421
BSU_15510,pyrAA,1866.7047581706,-0.467279140392338,0.530965550876447,-0.880055475578436,0.378829257615965,0.806735214129244
BSU_15520,pyrAB,6331.38858539073,-0.638387310737779,0.778056373805357,-0.820489789982083,0.411936947339879,0.822183336552756
BSU_15530,pyrK,1740.64198140627,-0.744679790146335,0.797702672697102,-0.933530519119997,0.350546120511968,0.784445593151714
BSU_15540,pyrD,1600.07645218822,-0.830424793847283,0.808881752434656,-1.02663311583898,0.304593254376267,0.749682542382862
BSU_15550,pyrF,1119.50411833111,-1.02214997538681,0.810021332498143,-1.26188031645346,0.206991855800789,0.657661490027357
BSU_15560,pyrE,1708.46728784667,-1.014212654598,0.806836683126723,-1.25702347923453,0.208745133715678,0.65929540884759
BSU_misc_RNA_29,mswE,79.5722855134939,-0.180515408824869,0.366892123110063,-0.492012222270349,0.622710703275386,0.904579869267873
BSU_15570,cysH,2761.22195706819,-0.309131418864604,0.270780028632575,-1.14163300899886,0.253606597311371,0.707068115407917
BSU_15580,cysP,2722.58435323588,-0.567492190704395,0.356749610772888,-1.5907296702439,0.111670426614093,0.521781700962924
BSU_15590,sat,4626.78930019109,-0.752076145106306,0.518996567509566,-1.44909656862508,0.147310616166075,0.58038058341565
BSU_15600,cysC,2772.4582030807,-0.672975589374776,0.805270222203467,-0.835713988694762,0.403315823728937,0.820437215892481
BSU_15610,sumT,3140.42355588082,-0.637754987235215,0.826736226751833,-0.77141289639731,0.440462233382549,0.839097829845492
BSU_15620,sirB,3203.78190235435,-0.404289837530962,0.448730249304093,-0.900964082893787,0.367607416816186,0.800322414267391
BSU_15630,sirC,3326.87144355704,-0.33885265295596,0.441408455084857,-0.767662352300929,0.442687808256397,0.840959483587401
BSU_15640,fbnA,714.235502227715,0.0968592954194244,0.206851289499762,0.468255700284313,0.639601743975821,0.910947938389805
BSU_15650,tcaB,111.887679794141,0.43348455393761,0.380389875250492,1.13957963169276,0.254461475076679,0.707427691671075
BSU_15660,yloC,3437.39116574935,-0.129460102964224,0.165594956926149,-0.781787714839407,0.434339342102115,0.837259189458047
BSU_15670,remA,1612.32437609452,-0.262887372705093,0.202819190403507,-1.29616616742272,0.194918242837721,0.644579975650109
BSU_15680,gmk,3772.68863538992,-0.445336724501341,0.173557545482057,-2.56593122047455,0.0102899229718734,0.203866330956154
BSU_15690,rpoZ,1234.08403266782,-5.19184224563764,0.380987121141348,-13.6273431765465,2.7542604393998098e-42,1.1003270455402301e-38
BSU_15700,coaBC,2504.42849751222,1.82550841623185,0.235293613381904,7.7584273962799,8.598894688964172e-15,8.58814607060297e-12
BSU_15710,priA,2991.10506621326,1.59656023039478,0.236940255747605,6.73823966871834,1.6031697742343698e-11,9.14951892580902e-09
BSU_15720,defA,780.848535454607,0.512726873224302,0.249034597569449,2.05885799896264,0.0395078436414561,0.346579038634349
BSU_15730,fmt,2103.57862799328,0.554936154443073,0.254250895413196,2.18263205540031,0.0290629171807435,0.307974414156685
BSU_15740,rsmB,3548.75596908757,0.486914070748204,0.24789635655209,1.96418405466112,0.0495087512807597,0.378719122992945
BSU_15750,rlmN,3854.00727544984,0.387129381062656,0.245785081520795,1.57507273699158,0.115239656139294,0.52856765358953
BSU_15760,prpC,2184.02841196485,0.276942723660167,0.235642356197546,1.17526716388796,0.23988784704616,0.694805819821738
BSU_15770,prkC,6704.34155622164,0.372369274793742,0.23949047409064,1.55483960774495,0.119984273443192,0.532090539518177
BSU_15780,rsgA,3734.50001131916,0.385369355573442,0.215267507885941,1.79018821445932,0.0734236590964432,0.441758310376944
BSU_15790,rpe,2351.673038638,0.506304724893337,0.214932615235524,2.35564399725248,0.0184906289191361,0.260834289118759
BSU_15800,thiN,772.553885032499,0.301044759703116,0.281170732198936,1.07068313031286,0.28431193056041,0.734687039190711
BSU_15810,spoVM,169.186948131571,0.32830242978359,0.26902367667812,1.22034771748509,0.222333087912837,0.676088968516642
BSU_15820,rpmB,9385.08321277557,-0.154185985078743,0.167051481887693,-0.922984838784012,0.356015106248475,0.789975883811208
BSU_15830,yloU,2244.97842947342,-0.0649335623133436,0.180479833840956,-0.359782923839374,0.719009474063169,0.939822102692
BSU_15840,yloV,10815.7175722334,-0.0462208270211789,0.166526746020544,-0.277557978677351,0.781351693195901,0.951096896501409
BSU_15850,sdaAB,1037.64936938157,-0.0521487614460773,0.183132470101642,-0.284759777537723,0.775828189777147,0.950152533509292
BSU_15860,sdaAA,1579.82763313724,-0.0556116835178576,0.197770134505575,-0.281193536409766,0.778561961943651,0.950152533509292
BSU_15870,recG,2030.4620600545,-0.23785059606098,0.22462570602158,-1.05887522970381,0.289656606552967,0.740303656578213
BSU_15880,fapR,1766.36810451829,-0.501393285214471,0.229277655100625,-2.18683885699381,0.0287542897436658,0.30797154832693
BSU_15890,plsX,2799.35052863503,-0.490887641616794,0.252008832124209,-1.94789856164584,0.0514271019490859,0.380465319049256
BSU_15900,fabD,2863.74240321296,-0.458343318330427,0.266450253471499,-1.72018345773296,0.08539909900545,0.469893699121099
BSU_15910,fabG,3519.50710023922,-0.530379774568021,0.26152886720995,-2.02799706291024,0.0425605477681167,0.360231754944124
BSU_15920,acpA,16604.3926572363,0.485297890703616,0.160607513509039,3.02163877704454,0.0025141036693066,0.106598731790578
BSU_15930,rnc,3342.44391403541,-0.386981670639802,0.218294050793893,-1.77275408666624,0.0762694644300918,0.446223177958648
BSU_15940,smc,4562.79558218867,-0.472888756163445,0.220623270169018,-2.1434219327869,0.0320792335032977,0.319469680493058
BSU_15950,ftsY,1531.09349494001,-0.331515223409626,0.215163920302594,-1.54075656803149,0.123376043536596,0.538086565424345
BSU_15960,ylqB,376.969557658728,1.00577185821165,0.321521766467461,3.12816102393939,0.0017590378305197,0.0867574831225489
BSU_15970,ylxM,1006.26637383216,-0.667620173539077,0.361551448726169,-1.84654265911881,0.0648134512706818,0.419132146462597
BSU_15980,ffh,4631.30073849524,-0.643803719413572,0.390734725977481,-1.6476746923453,0.099419444000262,0.499649985791331
BSU_15990,rpsP,1609.47710492386,-0.276087682865,0.36511509491548,-0.756166169818071,0.449549573199503,0.84414847365364
BSU_16000,ylqC,1476.41221228984,-0.157004106593232,0.372417503573426,-0.421580900700811,0.673330949472508,0.927054980934048
BSU_16010,ylqD,408.832533197171,-0.0595398687526308,0.231473036853832,-0.257221616659518,0.797007697604324,0.955978009107958
BSU_16020,rimM,751.720930649701,-0.0231792186468335,0.268466220195846,-0.0863394233729826,0.931196600146976,0.99005347982244
BSU_16030,trmD,804.794650522615,-0.123016188550874,0.278862496710497,-0.441135649296663,0.659114796514527,0.918438650880899
BSU_misc_RNA_30,BSU_misc_RNA_30,119.852631369899,-0.294915362346565,0.422795113972974,-0.69753730021917,0.485466604688222,0.861207409293715
BSU_16040,rplS,42327.1938541145,-0.212824447258746,0.339967792100004,-0.626013558355381,0.531306048283554,0.876497459632413
BSU_16050,rbgA,1480.59624730968,0.11869921728873,0.175150041776237,0.677700193987818,0.497961803416811,0.863577215459756
BSU_16060,rnhB,405.315885143324,-0.42058081393699,0.297298398437644,-1.41467567987993,0.157163608177091,0.596266490662373
BSU_16070,ylqG,1350.78624102952,-0.225747203023431,0.269571130873699,-0.837430930722323,0.402350385649314,0.820437215892481
BSU_16080,ylqH,143.812264839726,-0.453996769280577,0.333109376069814,-1.36290600594031,0.172912135647106,0.619071406258145
BSU_16090,sucC,55219.2302569982,0.16105055239225,0.208865513075732,0.771072974282043,0.440663678571927,0.839097829845492
BSU_16100,sucD,57890.3223374966,0.169471243654783,0.197988218866259,0.855966302567027,0.392016418828813,0.815499764967614
BSU_16110,dprA,828.891179610257,-0.131849886655365,0.191975178087828,-0.686806950610273,0.492204389185107,0.863246066392942
BSU_16120,topA,5297.24937539647,-0.0628605640186403,0.168074564357942,-0.374004027669343,0.708401319642938,0.936177066481487
BSU_16130,trmFO,2227.46511621134,-0.0255893910697759,0.261292551942626,-0.0979338709792033,0.921984804101467,0.989679266437973
BSU_16140,codV,3915.76912859041,-0.109389818699547,0.190097151356062,-0.575441651383058,0.564992641717705,0.89151454337484
BSU_16150,clpQ,2518.63244601625,-0.13507897434313,0.226442605540937,-0.596526320744488,0.550823675797401,0.885529410386566
BSU_16160,clpY,6783.64174742199,-0.0234409730506618,0.191824091910125,-0.122200359804881,0.902740341508371,0.984997682274009
BSU_16170,codY,5437.13141522595,-0.0035084229950917,0.190386503428296,-0.0184278976288522,0.985297497129407,0.998127166502402
BSU_16180,flgB,2097.82201566755,0.0936362958817267,0.173678254008025,0.539136556942817,0.589792632617325,0.898004015589775
BSU_16190,flgC,3014.97971748881,0.214679685004752,0.17214300740965,1.24710081597376,0.212360533805993,0.663834376021082
BSU_16200,fliE,2674.78548504014,0.102116570953566,0.173158781124143,0.589727938084501,0.555373061634675,0.88721304738064
BSU_16210,fliF,10242.8132631014,0.0825034562861479,0.170314687382761,0.484417741969204,0.628089429526626,0.906100640206111
BSU_16220,fliG,5797.04937460935,0.108821827374711,0.18945678392101,0.574388655410103,0.565704828055384,0.89151454337484
BSU_16230,fliH,3565.21469476101,0.0665636419348432,0.202943813711512,0.327990495090747,0.742918849284229,0.944089285377335
BSU_16240,fliI,8960.02489223238,0.0542891420002462,0.216786054594027,0.250427280029211,0.802256935163421,0.957865049604861
BSU_16250,fliJ,1846.58028615125,0.228686104227793,0.173680381939199,1.31670659446068,0.187936992321406,0.634664652852087
BSU_16260,ylxF,3716.59397237661,0.117602307675788,0.159474523467426,0.737436332266632,0.460857047746649,0.846029860383904
BSU_16270,fliK,11290.3291843968,0.0685715346183687,0.169913257310176,0.403567889309493,0.686530502470999,0.930797046120767
BSU_16280,flgD,2431.23729384302,0.130693904124627,0.18083777706001,0.722713507373284,0.46985591527057,0.852053736498378
BSU_16290,flgE,7865.56914875074,0.122263375076738,0.158074107645648,0.773456051074564,0.439252528909166,0.838019987102254
BSU_16299,swrD,696.083809835813,-0.0722381663614891,0.224490262078797,-0.321787527407907,0.747613663844574,0.945526142693331
BSU_16300,fliL,1517.36017110143,-0.014164874297379,0.199026109616776,-0.0711709349323735,0.943261713303923,0.993454444844946
BSU_16310,fliM,6581.65739531151,0.083228217039785,0.206316554485067,0.403400576592166,0.686653562650932,0.930797046120767
BSU_16320,fliY,8922.80734118601,0.0105519346330786,0.23977063062939,0.0440084534347687,0.964897665530936,0.995053328470775
BSU_16330,cheY,3684.52520382721,0.105858737818618,0.176174122652674,0.60087563499503,0.547922822598163,0.884920176655445
BSU_16340,fliZ,3802.49559580236,0.0208281623313071,0.181706556508994,0.114625265766214,0.908742152517328,0.985681580424162
BSU_16350,fliP,2687.6196085726,-0.128866700732602,0.238074017565322,-0.541288386067766,0.588308824270911,0.896716426158829
BSU_16360,fliQ,876.68475857033,0.208797167614709,0.232155215136376,0.899386074493542,0.368447053993085,0.800841121165601
BSU_16370,fliR,2391.9448708982,0.1073123696935,0.259667590947941,0.413268245381513,0.679410092420888,0.930400779595188
BSU_16380,flhB,4930.25590381895,0.105684125934596,0.201397295034996,0.524754445764683,0.599753903024542,0.898499791048637
BSU_16390,flhA,9104.91958279741,0.0754561874756876,0.207278578469402,0.364032733304499,0.715833566286504,0.938855908507742
BSU_16400,flhF,3744.9866405891,0.0824584427593606,0.221819718052587,0.371736306777795,0.710089190179142,0.936858096025652
BSU_16410,flhG,3284.34986967152,0.0628899783720935,0.234554951434188,0.268124710169418,0.78860332601543,0.953913529133166
BSU_16420,cheB,4443.93856925207,0.144221108994012,0.235156555273803,0.613298271979233,0.539679135772899,0.882167818090315
BSU_16430,cheA,9214.30675504931,0.174646120901028,0.210934394446471,0.827964170373116,0.407690791486492,0.820437215892481
BSU_16440,cheW,3002.7833067947,0.146776905955349,0.194821626412706,0.753391236168103,0.451214847576822,0.84414847365364
BSU_16450,cheC,2356.2077394541,0.153028036675591,0.202445114141787,0.755898888073016,0.449709820681168,0.84414847365364
BSU_16460,cheD,1925.04150361996,0.0756735214408354,0.209090830384951,0.361916977906277,0.717414072246341,0.939822102692
BSU_16470,sigD,2965.43447632623,0.0133977410971438,0.2436148274858,0.054995589699583,0.956141977387061,0.993454444844946
BSU_16480,swrB,2164.02086053659,0.0138925046453561,0.202471506972578,0.0686146157209056,0.945296384623677,0.993454444844946
BSU_16490,rpsB,25875.3333578052,-0.405551656937872,0.264588045264312,-1.5327663671756,0.125333430228636,0.541890750826193
BSU_16500,tsf,25923.0387013485,-0.155854538430782,0.248385520717486,-0.627470304954091,0.530350995375174,0.876241615601249
BSU_16510,pyrH,7055.12544739714,-0.20233109874669,0.241024665428276,-0.839462211832838,0.401209985792185,0.820437215892481
BSU_16520,frr,8390.22142984924,-0.229231194448988,0.246775383991003,-0.92890624154533,0.352937678070375,0.785945386784364
BSU_16530,uppS,1938.23667402693,-0.387351400729169,0.266832353392597,-1.45166579616097,0.146594554186558,0.579058093234796
BSU_16540,cdsA,1454.86766342854,-0.390883036129155,0.280192620815557,-1.39505114371468,0.163000417485521,0.604630146568855
BSU_16550,dxr,3808.3681583231,-0.274902290526862,0.20715858001288,-1.32701378098735,0.184504124022722,0.63149736404584
BSU_16560,rasP,6531.8842476507,-0.156341565627155,0.191015082753118,-0.818477595453669,0.413084530076858,0.822183336552756
BSU_16570,proS,8966.01368058741,-0.153501007526026,0.18447894347633,-0.832078743695329,0.405364499079187,0.820437215892481
BSU_16580,polC,4428.61104995461,-0.226900224092865,0.223905428440903,-1.01337527041133,0.310880946876015,0.752375160381872
BSU_misc_RNA_71,surG,277.072208740668,-0.315200168444439,0.275622671985937,-1.14359303671696,0.25279245080727,0.707068115407917
BSU_16590,rimP,2452.70341435215,-0.675697774311607,0.291627852546128,-2.31698642092058,0.0205044714822468,0.266825288506763
BSU_16600,nusA,6981.56356873891,-0.661433134460088,0.248489608157554,-2.66181406685107,0.0077720797117141,0.183724606202947
BSU_16610,rulR,901.601008888875,-0.862121698007488,0.270579035292309,-3.18621025858907,0.0014414979408462,0.0799831149122321
BSU_16620,rulQ,1319.78974566354,-0.71738640078494,0.281185456724406,-2.55129269181251,0.0107324151903493,0.206126258271367
BSU_16630,infB,14142.276489563,-0.581775922325472,0.256105426268244,-2.27162669218934,0.0231090672991668,0.279494317117277
BSU_16650,rbfA,2246.15056101853,-0.312920027371792,0.228786582340684,-1.36773767137194,0.171394203704444,0.616864724143471
BSU_16660,truB,347.073064650622,-0.16026334005786,0.269537800299239,-0.594585768229675,0.552120395511856,0.886311386131263
BSU_16670,ribC,1523.45101638034,-0.0346117689316433,0.232479596238358,-0.148880888868012,0.881647621607919,0.982751743393871
BSU_16680,rpsO,21775.3888867256,-0.303613873863763,0.28567890785154,-1.06278015463971,0.287881661278248,0.739605940068553
BSU_16690,pnpA,14017.2977080683,-0.24234477598767,0.230838173229978,-1.04984705344306,0.293788437762091,0.742838486619971
BSU_16700,ylxY,781.056054864791,-0.590148246850186,0.302432398252163,-1.95133937455382,0.0510166881151878,0.380465319049256
BSU_16710,mlpA,939.128016232767,-0.541625366272849,0.303869698688129,-1.78242637752682,0.0746797272054081,0.444895401769096
BSU_16720,ymxH,26.8313006464372,1.84535675174002,0.713512863519939,2.58629780356925,0.0097013070878757,0.201273220599028
BSU_16730,spoVFA,6.57081696025827,0.0517027518195075,1.15321090650329,0.0448337346862925,0.964239835726886,
BSU_16740,spoVFB,10.9431552712631,-0.196633589930479,0.715894560257126,-0.274668367168281,0.78357103607353,0.952302564317944
BSU_16750,asd,9668.09966504354,0.0110305951066158,0.166780514245111,0.0661383924647486,0.947267644984427,0.993454444844946
BSU_16760,dapG,5414.26480290589,-0.265053251386438,0.199769207360358,-1.32679733222507,0.184575733206184,0.63149736404584
BSU_16770,dapA,7718.15605319355,-0.0730172584672111,0.178278920823065,-0.40956753681316,0.682123214794463,0.930797046120767
BSU_16780,rnjB,10676.7970574209,-0.18576662016044,0.172902219096681,-1.07440275278691,0.282642209252588,0.732376694832318
BSU_16790,tepA,38.7879755507838,0.156185111448384,0.415012951392795,0.376337921320823,0.706665690805264,0.936177066481487
BSU_16799,tepJ,27.431949436091,-0.261870299645007,0.611548648818932,-0.428208451037788,0.668499364047658,0.923782414171703
BSU_16800,spoIIIE,1934.54130389074,-0.524894681308977,0.198310681747779,-2.64683009852471,0.0081250163238469,0.187626822044905
BSU_16810,ymfC,2148.5276836485,-0.190398327112375,0.167793236671795,-1.13471991415718,0.256492690711527,0.708441694798149
BSU_16825,bcbE,115.387548819408,-0.125041379452085,0.319515482767221,-0.391346855461091,0.695540869252687,0.93192553433051
BSU_16845,ymfF,881.568027981332,0.466617007602619,0.238275220401406,1.95831109427385,0.0501935197805433,0.378719122992945
BSU_16860,ymfH,1722.47749767932,0.524049086498845,0.240355341751282,2.18030971427765,0.0292345114759508,0.308973209911173
BSU_16870,efpI,158.313936359225,-0.114408661482212,0.306772354358605,-0.372943193402859,0.709190723665963,0.936291123941018
BSU_16880,ymfJ,105.768558666333,-0.309436387514081,0.471091941847036,-0.656849247518132,0.511277854595208,0.869172352811854
BSU_16910,rodZ,3216.44041666244,-0.108862175525206,0.165408750533967,-0.658140365450927,0.510447940136005,0.868681124422743
BSU_16920,pgsA,498.633040697043,-0.267633764856713,0.248541997588628,-1.07681505521527,0.281562898026438,0.732376694832318
BSU_16930,cinA,2215.67914172299,-0.1735859998762,0.201700990760473,-0.860610546441686,0.389452575386511,0.813700038361855
BSU_16940,recA,4367.17159559384,0.17718548225191,0.189910483883133,0.932994738515572,0.350822684948081,0.784445593151714
BSU_16950,pbpX,1641.12388374927,0.207870053841245,0.174999897963232,1.18782957167734,0.234900561292916,0.69002039879794
BSU_16960,rny,34842.1487181766,-0.112715203820015,0.168980763573657,-0.667029793429025,0.504753102938535,0.865897005712038
BSU_16970,pdeB,1009.04979942911,-0.0467340038612147,0.266857451556441,-0.175127220876312,0.860979669619533,0.975500221250719
BSU_16980,spoVS,3534.39124285137,0.791448125878255,0.321523414949988,2.46155672986169,0.0138335518604163,0.231234475658424
BSU_16990,tdh,1924.41345631934,0.120752011552507,0.222389904639943,0.542974339361353,0.587147470331992,0.896685965943419
BSU_17000,kbl,1899.71714347496,0.0687817930089338,0.187316484215291,0.367195622409183,0.713473104419468,0.938593998463571
BSU_17010,miaB,3409.06561371694,0.0550503325941396,0.2149422832461,0.256116813140526,0.797860639855357,0.956331610027648
BSU_17020,ricA,2356.47153170253,0.331716493742379,0.199489165137319,1.66282962542874,0.0963465446269039,0.494494836702344
BSU_17030,cotE,29.6183753874035,0.37176700060166,0.47765971476155,0.778309304956243,0.43638669127565,0.837259189458047
BSU_17040,mutS,1290.0203527008,-0.170894664383148,0.201299700392851,-0.848956377230739,0.395905566281252,0.817809067887074
BSU_17050,mutL,770.715553417071,-0.170072538686557,0.234111774208786,-0.726458715121619,0.467557607862685,0.850017037507684
BSU_misc_RNA_89,surX,63.9115977795686,0.0996983622435543,0.32345780887004,0.308226790355868,0.757909768411267,0.946502986914746
BSU_17060,ymzD,421.090972756711,0.460757724807852,0.274955557763632,1.67575345105025,0.0937864953276787,0.489773920044545
BSU_17070,ymcC,162.205554058767,0.324996658376723,0.418095557110191,0.77732626632784,0.436966302046451,0.837259189458047
BSU_17080,pksA,487.64926467155,0.23752095138026,0.228608191492996,1.03898705391551,0.298810757235913,0.748431959346377
BSU_17090,pksB,201.060525219909,0.287617489463295,0.241112338760729,1.19287752315619,0.232917343210783,0.686719399355776
BSU_17099,BSU_17099,37.5886579513065,-1.04917914281791,0.745230409267072,-1.40785873707136,0.159172903557227,0.600450910618805
BSU_17100,pksC,861.232461816148,-0.280901815842396,0.241240451996823,-1.16440594235868,0.24425954056098,0.698288207927481
BSU_17110,pksD,275.633983735105,-0.235524941052156,0.351807152962361,-0.669471723553484,0.503194612425521,0.865897005712038
BSU_17120,pksE,877.987066661504,-0.396009678279941,0.359899885861618,-1.10033288099515,0.27118711074739,0.725197673553789
BSU_17130,acpK,37.1513231409667,-0.572408906384617,0.596842108291837,-0.959062536694759,0.337527241908019,0.772977856897842
BSU_17140,pksF,202.176583212376,-0.26314692273665,0.507100039763245,-0.518925068236058,0.603812995722808,0.898499791048637
BSU_17150,pksG,242.506033360369,-0.28862355825362,0.434619909978953,-0.664082688406053,0.506637389432071,0.86762519706315
BSU_17160,pksH,139.698550941536,-0.454789918363199,0.512446264968327,-0.887488014750792,0.374816216082743,0.804276149940409
BSU_17170,pksI,181.732918756132,-0.353534992650026,0.503066106145315,-0.702760508671407,0.482205011830367,0.860962214082722
BSU_17180,pksJ,2838.00200241878,-0.500400871269536,0.394651166519627,-1.26795741080028,0.20481316012661,0.654807853213068
BSU_17190,pksL,2934.40162168138,-0.452666647889661,0.319557258425426,-1.41654315761787,0.156616537623904,0.595844555131969
BSU_17200,pksM,2421.09605574031,-0.172929423049834,0.245677041752476,-0.703889227158895,0.481501760828568,0.860962214082722
BSU_17210,pksN,5757.76038281971,0.175684341277656,0.20560463439454,0.854476562724413,0.392840990079007,0.815499764967614
BSU_17220,pksR,3660.35493992226,-0.12041695117807,0.359433619023841,-0.335018609291756,0.737611048412631,0.943089892697568
BSU_17230,pksS,1340.96323610467,0.197804487929892,0.230487156063872,0.858201781426282,0.390781052529935,0.814583647527674
BSU_17240,ymzB,94.660080831282,0.454975667373714,0.342974060636033,1.32655999270026,0.184654277461074,0.63149736404584
BSU_17250,ymaE,176.824678224911,0.648698728041696,0.260281610261922,2.49229566156791,0.0126920337002147,0.225225009854655
BSU_17260,aprX,26.939218853896,-0.373139677977327,0.657120393715527,-0.567840659863713,0.570143168118274,0.892568533296843
BSU_17270,pghC,95.2116082386288,-0.0309796389478193,0.305081523345966,-0.101545444666893,0.919117484342503,0.988106981896934
BSU_17280,ymaD,191.38623816887,0.438765954797833,0.260721242713249,1.68289300185794,0.0923958065806169,0.486643204077839
BSU_17290,ebrB,127.09882989925,-0.311835811129277,0.355145179752442,-0.878051650163592,0.379915689784092,0.807320840791195
BSU_17300,ebrA,72.8572166487529,-0.216222839370714,0.399097783272661,-0.541779103851829,0.58797068818805,0.896685965943419
BSU_17310,ymaG,5.81231399672807,-1.30207415311533,0.99090148495762,-1.31402987368721,0.188836151249509,
BSU_17320,ymaF,18.2988048686094,-0.297831888347927,0.734840380698699,-0.405301472497664,0.685255924257917,0.930797046120767
BSU_17330,miaA,725.368702923231,-0.169951207457865,0.180491403587192,-0.941602780410344,0.346396045704277,0.781283850586233
BSU_17340,hfq,500.661461754962,0.647350821370421,0.223140115776932,2.90109565963281,0.0037186034053966,0.125896784784402
BSU_17350,ymzC,83.7148223180847,0.289615493370683,0.348218187854779,0.831706968423673,0.405574366362535,0.820437215892481
BSU_17360,ymzA,396.941370718278,0.363344250638453,0.28226670604147,1.28723736403071,0.198011567730237,0.646816200394354
BSU_17370,nrdI,829.373706411759,-0.412945931801435,0.261346522580889,-1.58007050456784,0.114090721151896,0.526927665898061
BSU_17380,nrdE,4565.39514729657,-0.522753334307124,0.209910885194983,-2.4903583909979,0.0127614338915394,0.225225009854655
BSU_17390,nrdF,2929.11488998111,-0.488754161029747,0.200343694926662,-2.43957845146392,0.0147044095047044,0.235920144463029
BSU_17400,ymaB,488.262156671406,-0.753908218265733,0.316278570475463,-2.38368415897536,0.0171403060260588,0.253613046570759
BSU_17410,cwlC,96.3043584323537,0.302699504777431,0.537486081703085,0.563176452529326,0.573314735695379,0.892568533296843
BSU_17420,spoVK,35.8166208972788,-0.911900131486747,0.410002219342285,-2.22413462285544,0.0261393880567868,0.294771109540734
BSU_17430,hflX,1254.51251480579,-0.515833336482609,0.190226914296523,-2.71167378386075,0.0066944439193616,0.169267743404113
BSU_17440,ynbB,1057.01953939782,-0.472081121040567,0.214326622064535,-2.20262474392201,0.0276212084302998,0.303170006563697
BSU_17450,glnR,1315.45610119027,-0.121264122990322,0.209529799622153,-0.578744041224678,0.562761894357446,0.891448758111815
BSU_17460,glnA,15084.8110178152,-0.11582074530388,0.206128187822134,-0.561886981725277,0.574193023923126,0.892568533296843
BSU_17470,ynxB,22.5442669777517,-0.21445126562877,0.621207862584992,-0.345216599056535,0.729931540724533,0.94216781191762
BSU_17480,ynzF,102.345732484817,0.227283584183129,0.284778682678692,0.798106031130029,0.424808961821924,0.830918304754471
BSU_17490,ynzG,10.3900999160008,0.0453853300090863,0.707391361203781,0.0641587281075262,0.948843839852557,0.993454444844946
BSU_17500,ynaB,402.836910663383,0.346977062255132,0.223412446780392,1.55307847550768,0.120404387684115,0.532686078403142
BSU_17510,ynaC,521.321134706164,0.418480752437372,0.214316204643806,1.95263234123097,0.0508631760667938,0.380465319049256
BSU_17520,ynaD,91.7613709458786,0.761900719871496,0.405742638830367,1.87779308102255,0.0604094771579388,0.411835940692774
BSU_17530,ynaE,429.449093180602,0.310850667058916,0.234928898074774,1.32316913588033,0.18577913746958,0.63212003911688
BSU_17540,ynaF,164.65649232445,0.0809943002172557,0.257325434291812,0.314754351586585,0.752948173427728,0.946082443337159
BSU_17550,ynaG,120.095582197196,0.798800321647706,0.549293502043225,1.45423224319309,0.145881928521217,0.578518601901816
BSU_17559,ynzI,122.209411345218,0.225949449176528,0.41104400366972,0.549696497599516,0.582527559515329,0.895927004568973
BSU_17560,ynaI,100.709648129319,0.680076878708876,0.384351040853886,1.76941599324929,0.0768244785861152,0.446223177958648
BSU_17570,xynP,333.193839293082,0.438198021813313,0.343352631203031,1.27623318416977,0.201873101376829,0.651773459586235
BSU_17580,xynB,493.240842919154,0.41262992998443,0.312411213315576,1.32079103565217,0.186571049548668,0.632726097578037
BSU_17590,xylR,496.417209965315,0.297531843270668,0.208622073610552,1.4261762339976,0.153817477943201,0.590539342842036
BSU_17600,xylA,439.716291686877,0.540240722025798,0.256865623993861,2.10320366589306,0.0354479699818651,0.33478638316206
BSU_17610,xylB,472.405468925744,0.487821153590852,0.224256828593972,2.17527892751073,0.0296092206570156,0.310857467319063
BSU_17620,yncB,384.768293874085,-0.112742226853892,0.28660846091031,-0.393366708351201,0.694048654744842,0.93192553433051
BSU_17630,yncC,3156.40851725349,-0.646023238991458,0.224773358715364,-2.87410947046235,0.0040516850087875,0.131597411464279
BSU_17640,alrB,9.14825181820792,-0.125026788378519,0.754194434530867,-0.165775273131377,0.868333806030174,0.977732118120221
BSU_17650,yncE,365.47958021762,-0.2779148021049,0.229034059460556,-1.21342128222969,0.224968793584373,0.678810527733275
BSU_17660,dutA,657.658014724817,-0.0795233486431363,0.222915126797406,-0.356742719911558,0.721284421122675,0.939822102692
BSU_17670,cotU,23.6637210939859,-0.284999160880797,0.692667229978596,-0.411451774453953,0.68074129630957,0.930400779595188
BSU_17679,BSU_17679,203.983305734123,-0.032734264179584,0.259635418157919,-0.126077807149077,0.899670334603663,0.984517604748476
BSU_17680,thyA,1184.03775769017,0.0882820417451702,0.175999520234724,0.501603877257345,0.615946191503796,0.89970933640134
BSU_17689,BSU_17689,34.1129662800588,0.409415791499117,0.461822525927278,0.886521918083282,0.375336348606732,0.804276149940409
BSU_17690,yncM,1059.12741015974,0.897066446016486,0.267138900016187,3.35805248117039,0.0007849370864464,0.0514069452516992
BSU_17699,ynzK,28.4163277133023,0.540743907056982,0.546864972531055,0.988806989327287,0.322757583968907,0.763934286365743
BSU_17700,cotC,69.3517188155385,-0.0198836112980912,0.485159419545493,-0.0409836653624464,0.967308918073223,0.995053328470775
BSU_17710,tatAC,2597.11929608817,0.181518681524891,0.280227700564281,0.647754241138103,0.517143915762263,0.871482359396837
BSU_17715,BSU_17715,1.54492786672398,0.773707702654833,2.18177760068089,0.354622626253646,0.722872323153947,
BSU_17720,yndA,4.21213436753525,-1.90590171155483,1.87195651723446,-1.01813353782946,0.308614499015422,
BSU_17730,flvS,1420.17792138244,0.248567995840773,0.216885908483846,1.14607720519236,0.251763208419073,0.70701876116853
BSU_17740,ynzB,58.4673451801098,0.215166576809941,0.341122538271124,0.630760365176829,0.528197222366608,0.875580042885725
BSU_17750,yndD,12.8972294427647,-1.4401295667243,1.10012221291534,-1.30906325662486,0.190512924274855,0.638911647084273
BSU_17760,yndE,4.91487189484596,0.236576004067138,1.16626820092311,0.202848713426196,0.839253281543692,
BSU_17770,yndF,59.0513514267586,-0.282792351030043,0.37249854180834,-0.759177068605941,0.447746641647699,0.84414847365364
BSU_17780,yndG,283.911392645899,0.0685939652824283,0.25012140837588,0.274242679696358,0.783898131242856,0.952302564317944
BSU_17790,yndH,169.010546857235,-0.3522866064004,0.2876439255043,-1.22473160447511,0.220676362181416,0.673722536556655
BSU_17800,yndJ,774.545069998085,0.0519873981507541,0.24235447109644,0.214509754722316,0.830149560837045,0.96404316478954
BSU_17810,yndK,250.59249688555,0.12801688253228,0.305130364324288,0.419548158754286,0.674815566489598,0.927059211872746
BSU_misc_RNA_72,surA,17.959380107875,-0.882242237739201,0.578476700754625,-1.52511282924327,0.127230957837687,0.543623116750728
BSU_17820,pghL,22.1021928802364,0.331429842792882,0.729916557909851,0.454065384873508,0.649781766636189,0.91404160482802
BSU_17830,yndM,10.9955701088154,0.799247088377555,0.832217407082355,0.960382565391909,0.336862709458635,0.772977856897842
BSU_17840,fosB,46.4691431105726,1.4678714001417,0.433977859164095,3.38236472010125,0.0007186466332546,0.0486609033873264
BSU_17845,yzzP,75.0071836112443,1.14926792317459,0.620904108347045,1.85095879979623,0.0641754805269804,0.419132146462597
BSU_misc_RNA_73,ncrF,9.2489887593547,2.64530950576399,1.12732832013936,2.34652980724992,0.0189491504849168,0.263896204894287
BSU_17850,lexA,2052.78311758198,0.0684221844533455,0.175490627998772,0.389890817724034,0.696617284066878,0.93192553433051
BSU_17860,dinK,31.2227996950372,0.516487132241155,0.439575955226808,1.17496675170657,0.240008017860826,0.694805819821738
BSU_17870,dinL,196.553193861757,0.118662068902215,0.235475822750838,0.503924638699634,0.614314335744536,0.898563702169665
BSU_17880,ynzC,1097.54394676654,-0.0374981093511775,0.177035920440913,-0.211810740203386,0.832254689158241,0.964845468133248
BSU_17890,tktA,25702.933661562,0.410161615926664,0.194301591176167,2.11095345871246,0.034776312433215,0.331578444321465
BSU_17900,pcfA,68.7729972582804,0.308592117852967,0.390802687973153,0.789636630836496,0.429740009122457,0.833808322702387
BSU_17910,yneF,3278.9097399041,0.180852258512852,0.21678135441805,0.834261133750871,0.40413384826674,0.820437215892481
BSU_17920,spo0D,79.4964106250878,0.299711337622439,0.347419866117396,0.862677603822355,0.388314749429883,0.813455083586593
BSU_17930,ccdA,106.495434967023,-0.208220336023852,0.395607951387909,-0.526330007507062,0.598658937227702,0.898499791048637
BSU_17940,yneI,377.927967676868,-0.0129473639449013,0.19570343580452,-0.0661580819553614,0.947251969376411,0.993454444844946
BSU_17950,yneJ,986.642301980942,0.132547644570406,0.286228552911538,0.463083236183537,0.643304705597323,0.914029678957675
BSU_17960,yneK,701.637947809245,0.0313920608262635,0.209845162848663,0.14959630424697,0.88108312415541,0.98239661763909
BSU_17970,cotM,26.0364788045752,-0.382437854934722,0.627082265058277,-0.609868714592304,0.541948778356852,0.883203081143408
BSU_17980,sspP,0.769694901268994,1.35088631491042,3.43903939356187,0.392809200569025,0.694460408722232,
BSU_17990,sspO,0.105058029267445,-0.647313066075811,3.52837529920725,-0.183459244321671,0.854437694320251,
BSU_18000,citB,57727.0289905693,-0.038907826185585,0.759147537765082,-0.0512519954950115,0.959124719840213,0.994798081678906
BSU_18010,yneN,2298.11188353768,-0.227678141110319,0.426631422413919,-0.533664725917504,0.593573518091662,0.898499791048637
BSU_18019,ynzL,2.48055322333211,-1.40553751253019,2.11681599277703,-0.663986627711687,0.506698869797237,
BSU_18020,sspN,11.0366248740316,1.36373547040914,0.947892473150632,1.43870271052614,0.150234771049757,0.583343329954475
BSU_18030,sspT,11.878874439315,1.642128390176,0.903524979345593,1.8174687227412,0.0691453732555039,0.428409985687894
BSU_18040,yneP,312.433757043655,0.206050786282924,0.229375082140838,0.898313732946839,0.369018313144081,0.801646634589779
BSU_18050,yneQ,262.051677984209,0.228779477764859,0.281021437716027,0.814099734256008,0.415587818114512,0.822183336552756
BSU_18060,yneR,896.117998771744,-0.0771971254859053,0.241079263360875,-0.320214706191248,0.748805575744515,0.945560587870568
BSU_18070,plsY,1171.65965280453,-0.325411396285538,0.214458893933106,-1.51736022842233,0.129175759554733,0.5460922321917
BSU_18080,yneT,689.384377397654,0.0638210035805307,0.292125284080194,0.218471344517411,0.827061882833844,0.963874479709582
BSU_18090,parE,1862.74929093985,-0.471030832683825,0.22517489324745,-2.09184436990583,0.0364524398022298,0.336708345262789
BSU_18100,parC,4677.20838736251,-0.331474041121334,0.178679319893871,-1.85513377439659,0.0635771258416611,0.418571906826974
BSU_18120,alsT,2268.72643916811,0.190669327187109,0.227801233434822,0.836998660245018,0.402593321115139,0.820437215892481
BSU_18130,eglS,204.305711686389,0.136811851571934,0.281626039526501,0.485792619893945,0.627114207374872,0.906100640206111
BSU_18140,ynfE,1.1257101608837,0.188035940492599,2.809432548519,0.0669302206923324,0.946637254339649,
BSU_18150,xynC,407.178303619912,-0.0116439456702383,0.206315599719942,-0.0564375436760191,0.954993249074942,0.993454444844946
BSU_18160,xynD,246.083210980108,0.226988809860811,0.260813226180441,0.870311729144332,0.384130070803517,0.81109917170193
BSU_18170,yngA,15.6448224956622,-0.437308932310725,0.791194191008626,-0.552720099920396,0.580455087655847,0.895927004568973
BSU_18180,yngB,218.218707066221,-0.0723527680155782,0.256422022067194,-0.282162847918805,0.7778186443922,0.950152533509292
BSU_18190,yngC,760.903739412256,0.0847489273686862,0.262310739747514,0.323085998881559,0.746630113413696,0.945330876032367
BSU_18200,nrnB,35.6124613297189,-0.335853156927062,0.486594599703442,-0.690211435005135,0.49006123333015,0.863246066392942
BSU_18210,ldeE,30.9941275317694,0.441159403013391,0.527102582296757,0.836951701300941,0.402619717276864,0.820437215892481
BSU_18220,ldeF,3.72231556859302,0.048115901749713,1.49350138687929,0.0322168443715024,0.974299123285751,
BSU_18230,ldeG,6.6713065724628,1.46110350474027,1.57789536454758,0.925982506551822,0.354455071433936,
BSU_18239,lgeHB,0.206822126299226,1.01469135216448,3.51326087287216,0.288817537006567,0.772721011160949,
BSU_18240,ldeHA,23.532181367615,0.59377304976053,0.549070394233677,1.08141516278481,0.279512479829086,0.730315472149902
BSU_18250,ldeI,11.7755131986129,-1.09830202754606,0.943774395354622,-1.16373365600089,0.244531965679736,0.698288207927481
BSU_18260,ldeJ,3.47327889459267,4.19465688837081,1.98112405025572,2.11731157765178,0.0342334129507791,
BSU_18270,ynzE,2.06152111993161,2.42138684335918,2.45176710690915,0.987608829784708,0.323344260230145,
BSU_18275,BSU_18275,0.0,,,,,
BSU_18280,yngK,18.7523800625288,-1.33888356030755,0.686281343550819,-1.95092518963165,0.0510659456635596,0.380465319049256
BSU_18290,yngL,3.62110029055842,-1.76646485567865,1.95727438410553,-0.902512631863783,0.366784614297275,
BSU_18300,ppsE,767.110444823849,-0.0144208032753433,0.424980514167837,-0.0339328576124978,0.972930691682158,0.995053328470775
BSU_18310,ppsD,2691.01555519648,0.0598762805956666,0.333800965278757,0.179377194268039,0.857641537289349,0.974508540493037
BSU_18320,ppsC,1978.78694018245,0.373450656924462,0.249347216540553,1.49771335772551,0.134207739821058,0.55463706281513
BSU_18330,ppsB,2419.14418862789,0.565689473710772,0.222610413236677,2.54116357579974,0.0110484216206241,0.207819103164319
BSU_18340,ppsA,1974.51500412134,0.514436150000665,0.197395388081096,2.6061204114319,0.0091574262704245,0.19882564103449
BSU_18350,dacC,431.42255691694,0.264211358997522,0.272888791116267,0.968201581005765,0.332943705483611,0.770370295751809
BSU_18360,galM,314.414182346166,0.357773574646156,0.221257113735749,1.61700371393912,0.105877479229576,0.512491744417097
BSU_18370,yoeA,563.317159093546,0.508225492278139,0.200037527115164,2.54065074492521,0.0110646384608088,0.207819103164319
BSU_18380,iseA,149.960875751728,-0.548751914207442,0.350668462018936,-1.56487387274026,0.11761248599085,0.529959494252577
BSU_tRNA_85,trnSL-Arg1,10.5541965066286,0.210399112724601,0.804393403085874,0.261562454288477,0.793658793589407,0.955307888035457
BSU_18390,yoeC,175.506795911347,-0.261234393845121,0.337393898646423,-0.774271244658415,0.438770404700714,0.837900462131622
BSU_18400,yoeD,601.382376516968,0.204858392913626,0.321315235104536,0.637562027978467,0.523758820395354,0.872696418887785
BSU_18410,ggt,59.5143901691866,0.504255775601431,0.350146441641277,1.44012823102751,0.14983112330468,0.583303100601818
BSU_18420,ftsR,274.634100207259,-0.0592594738927374,0.224148181905695,-0.264376330822391,0.791489948147319,0.95528771687267
BSU_18430,yogA,107.197310324018,-0.0287548201482698,0.364808747450506,-0.0788216300985792,0.937174499241088,0.992317022122488
BSU_18440,gltB,1046.85031838486,0.364880594323608,0.282639041319621,1.29097732790207,0.196711539331179,0.646712387151323
BSU_18450,gltA,2284.40930256149,0.323907393410479,0.215056068913343,1.50615323272276,0.13202784187793,0.551859553714343
BSU_18460,gltC,355.857918565661,-0.0418468723537461,0.236039315300908,-0.177287721328961,0.859282394985181,0.974532592724745
BSU_18470,proJ,113.860394504091,0.136495491717858,0.279645477855648,0.488101909476673,0.625477658637736,0.906100640206111
BSU_18480,proH,114.764138422386,0.259990830124245,0.275479694956565,0.943774931089703,0.345284673736271,0.780437022674026
BSU_18490,rtp,162.825374707457,1.17073213013331,0.405103644221213,2.88995704391644,0.0038529447132803,0.128270951079624
BSU_18500,yoxD,2542.18834237468,0.555594460433512,0.169354916177248,3.28065150380413,0.0010356762488519,0.0646488533463061
BSU_18510,yoxC,21.6327545306126,-0.699682975465442,0.836203628505088,-0.836737550058581,0.402740107302805,0.820437215892481
BSU_18520,yoxB,4.72565988089711,-0.721871748735172,1.59049510641145,-0.45386606084183,0.649925232626766,
BSU_18530,yoaA,77.349114340111,-0.102430413615738,0.312377583284748,-0.327905775243699,0.742982906940261,0.944089285377335
BSU_18540,yoaB,38.208522555595,0.305125767113914,0.605428835363416,0.503982878401817,0.61427340869337,0.898563702169665
BSU_18550,yoaC,91.773015197574,0.316834625664295,0.396283459549468,0.799515140057833,0.423991771304541,0.830724436665837
BSU_18560,yoaD,141.481413617314,0.0736953612239164,0.32886093445167,0.224092780575453,0.822685109911378,0.963537676369379
BSU_misc_RNA_31,mswF,11.0261948179375,1.25661321718379,0.949534300142361,1.32339949909697,0.185702558290774,0.63212003911688
BSU_18570,yoaE,1429.65267169883,0.104670981943104,0.175710567450079,0.595701120667327,0.55137490942166,0.88605903585661
BSU_18580,yoaF,724.939646793101,0.240055653077863,0.221070064726859,1.08588041250389,0.277531903912831,0.728065190003818
BSU_18590,yoaG,178.398896604763,0.399486613118545,0.315528205596001,1.26608843847717,0.205481421375766,0.655146271664951
BSU_18595,BSU_18595,67.5273999998008,-0.159675399437551,0.398283133784091,-0.400909267536575,0.688486926479816,0.930797046120767
BSU_18596,BSU_18596,5.26038185549242,0.613282255243301,1.04024958898076,0.589552989724512,0.555490376508921,
BSU_18600,yozQ,24.6579610491918,0.569310278084276,0.62102094120374,0.916732818994425,0.359282664003962,0.792127065505423
BSU_18610,yoaH,3312.35709177002,-0.356831354065415,0.263132098645553,-1.35609207657359,0.175069873580773,0.620589303420753
BSU_18620,yoaI,43.8854681579501,0.126032873640483,0.378617920338938,0.332876144709839,0.739227777283366,0.943619706940036
BSU_18630,exlX,177.097166607107,-0.229497311871376,0.382590073379853,-0.599851715555412,0.548605063946462,0.885168509881307
BSU_18640,yoaK,97.2083245390535,0.38583539950338,0.405418841748221,0.951695776741913,0.341251291836607,0.777251374508122
BSU_18650,pelB,18.7728728907953,0.346151498005572,0.574861305269668,0.602147848241745,0.547075726798188,0.884920176655445
BSU_18660,yoaM,3.77962173544496,1.36252238493798,1.57015815673729,0.867761237357918,0.385525054285587,
BSU_18669,yozS,56.0421816806979,-0.039718264276713,0.431802859446318,-0.0919824021722367,0.926712021343193,0.99005347982244
BSU_18670,oxdD,13.5322463257982,0.432974729067259,0.647243101654869,0.668952249873704,0.503525938312656,0.865897005712038
BSU_18680,yoaO,80.065391353845,-0.0377932917566192,0.344125023187664,-0.109824305732074,0.91254871445363,0.985908263929514
BSU_18689,BSU_18689,2.00254615876652,-1.02355206615795,2.70395623853545,-0.378538695105636,0.705030453957398,
BSU_18690,yoaP,30.6822194169867,0.224651796446169,0.492973805560099,0.455707370071981,0.64860042148634,0.91404160482802
BSU_18700,yoaQ,23.6378434841832,0.266937683730723,0.498098935023017,0.535912978248764,0.592018694471642,0.898258520476343
BSU_18709,yozT,7.71599434255586,0.691422393531464,1.15710200005138,0.597546623807375,0.550142488482138,
BSU_18710,yozF,16.2475798382145,0.496241989728046,0.673096085766202,0.737252823515027,0.46096861554828,0.846029860383904
BSU_18720,yoaR,3.48732354289345,-1.41913929139817,1.57451648003168,-0.901317521535003,0.367419520336937,
BSU_18730,yoaS,44.8089801407565,0.574404099272167,0.460462920445132,1.24744919464283,0.212232837964424,0.663834376021082
BSU_18740,yozG,47.2370851102349,0.44602915035472,0.37926391616049,1.17603898327617,0.239579298512721,0.694571333496603
BSU_18750,yoaT,133.643720600756,0.289773873692234,0.262974514843701,1.10190857796415,0.270501418977131,0.725048703435416
BSU_18760,yoaU,34.6247532904519,-0.511856192775482,0.452670389511036,-1.13074812189147,0.258161120772093,0.710275160945938
BSU_18770,yoaV,51.8112769056641,0.0810584941117973,0.366996881531712,0.220869708138905,0.825193884347295,0.963874479709582
BSU_18780,yoaW,55.9455763604653,0.442327869681463,0.407319474189903,1.08594824875777,0.277501888816961,0.728065190003818
BSU_18790,yoaZ,123.607198083753,0.249559010076881,0.389406120036811,0.640870795901436,0.521606631406988,0.872696418887785
BSU_18800,penP,2154.96292660259,-0.0018041092343376,0.162502139787539,-0.0111020644817135,0.991142016123744,0.999423131013604
BSU_18810,yobA,45.1001222664616,0.327447534095598,0.410565883366237,0.797551738617076,0.425130667063364,0.830918304754471
BSU_18820,yobB,1.75745077015844,2.2173743539803,2.20546035658509,1.00540204559091,0.314703295270622,
BSU_18830,yppS,681.687147527086,0.730778394196876,0.290303134793723,2.51729418876629,0.0118260038752597,0.216719658172763
BSU_18840,xynA,5086.40091541585,0.424148638256821,0.165670187565571,2.56019893795887,0.0104612259939954,0.203866330956154
BSU_18849,yozV,950.738196922411,0.160103370973454,0.206707347758921,0.774541266719653,0.438610774517397,0.837900462131622
BSU_18850,yobD,350.538909804389,0.154272129926048,0.272077968639143,0.567014413911104,0.570704388752674,0.892568533296843
BSU_18860,yozH,29.9337313128399,-1.10977643789505,0.51353938363955,-2.16103471953768,0.0306926575480465,0.316957047285899
BSU_18870,yozI,379.442572902858,0.113274062104339,0.202396705551751,0.559663566635354,0.575708937676587,0.893126396246115
BSU_18880,yobE,328.365073134718,0.366968108556468,0.27622297338368,1.32852131761952,0.184005945936793,0.63149736404584
BSU_18890,yobF,1227.04684013021,0.0401501420409026,0.224684589428939,0.178695575619799,0.858176743412545,0.974508540493037
BSU_18898,yozW,24.3588070378481,0.68671556829244,0.51659244835104,1.32931786069353,0.183743124136425,0.63149736404584
BSU_18899,yozX,0.105058029267445,-0.647313066075811,3.52837529920725,-0.183459244321671,0.854437694320251,
BSU_18900,yozJ,42.7276973789166,0.669536401592917,0.43721154263964,1.5313786034802,0.125675849040385,0.542783802071719
BSU_18908,yozY,79.7897167558893,0.42018450661925,0.323922853233852,1.2971746279226,0.194571108513842,0.644536963940962
BSU_18910,rapK,1146.45242030567,0.81649567903487,0.286053982917352,2.85434123555194,0.0043126181298396,0.133748787698831
BSU_18920,phrK,294.74857642781,0.783760845039741,0.364244073293408,2.15174632205587,0.0314173396269236,0.318510236185369
BSU_18950,yozL,0.745449826960768,0.129048635137433,3.43002406927872,0.0376232447734893,0.969988074391106,
BSU_18960,yozM,6.22179659958786,-0.225188453211128,1.08648511832241,-0.207263265196702,0.835804261329649,
BSU_18970,yobI,4576.82704753204,0.148254918846404,0.173681531097642,0.853602095222525,0.393325497226171,0.815499764967614
BSU_misc_RNA_74,asrE,303.275508032482,0.248399922762603,0.225908077742971,1.09956193352777,0.271523035350318,0.725197673553789
BSU_18978,bsrE,59.0838045777219,0.925966350934275,0.584770349937866,1.58347007681334,0.113314361690076,0.525773373927822
BSU_18980,yobJ,884.670466981913,0.255427449871075,0.187978428154684,1.35881256364634,0.174205991118379,0.619071406258145
BSU_18990,rttM,294.474306621481,0.541884349777717,0.283021611740293,1.91463947380443,0.055538497381328,0.397627772470261
BSU_19000,rttL,731.273929414491,0.473590131371293,0.208595356193228,2.27037715514909,0.0231847093565478,0.279494317117277
BSU_19010,yobM,350.844668643969,0.266664524833595,0.289833500466365,0.920061084741793,0.357540838913208,0.790695160203135
BSU_19020,yobN,12.1163035836606,0.135991395769796,1.07937591659246,0.125990763439594,0.899739236019491,0.984517604748476
BSU_19030,yobO,501.677416908392,0.707224960351036,0.23544229499957,3.00381441810329,0.0026661790104681,0.109808094297115
BSU_misc_RNA_75,bsrF,12.8502462421573,1.10418771986374,0.953142059160719,1.15847129947872,0.246671757409186,0.701238748189163
BSU_19040,csaA,226.666926487035,0.460047534291134,0.27283402643824,1.68618093680215,0.0917609544892728,0.486341640503478
BSU_19050,yobQ,284.525244189057,0.353217357027533,0.244953052645556,1.44197981291801,0.149308068586284,0.582505599611529
BSU_19060,yobR,375.961969907641,0.110653401728661,0.222152282014286,0.498097074337255,0.618415622571941,0.901010361843509
BSU_19070,yobS,40.364094107781,0.110564616467117,0.393563211680932,0.280932295462498,0.778762329530618,0.950152533509292
BSU_19080,yobT,28.6925975804435,0.592570306333937,0.469195814263707,1.26294883355649,0.206607568490299,0.657661490027357
BSU_19090,yobU,8.61982462604021,-1.41446313684885,1.06375285971751,-1.32969150111096,0.183619936192602,
BSU_19100,yobV,157.11586521398,-0.0442444667745965,0.248852398436526,-0.177794013851475,0.858884748704877,0.974508540493037
BSU_19110,yobW,0.883413801914199,-2.92662620989349,3.4479260374628,-0.848807711677911,0.395988298362958,
BSU_19120,czrA,400.25085619545,0.251235501744192,0.231092275360553,1.08716529512815,0.276963765340683,0.728065190003818
BSU_19130,yocA,3604.90403260117,0.0986778053123902,0.178959685513403,0.551396841301444,0.581361665539453,0.895927004568973
BSU_19140,yozB,1593.20386430354,-0.270426430183986,0.204891141979988,-1.31985417998402,0.186883708196814,0.633248867045184
BSU_19150,yocB,111.048269615674,-0.496795200375452,0.442128868473092,-1.12364343475501,0.261164321956941,0.713065872345156
BSU_19160,yocC,148.118141433895,-0.406355219533085,0.415113547749177,-0.978901367436495,0.327628716477147,0.768957086414603
BSU_19170,yocD,1510.53345501145,-0.0835128452666856,0.211736309351358,-0.394419103282391,0.693271642172803,0.93192553433051
BSU_19180,desE,250.185411018709,-0.804009285586977,0.296268824214072,-2.71378295613727,0.0066519732763397,0.169265179866098
BSU_19190,desK,203.646776342396,0.173001062767219,0.278334286040228,0.621558577020636,0.534232165857398,0.878656855743229
BSU_19200,desR,163.287137581174,-0.269359613695214,0.305588231288355,-0.88144629313635,0.378076310801705,0.805984451255503
BSU_19210,walL,6868.65087703957,0.056937855080125,0.274879249512828,0.207137698393155,0.835902321428376,0.965432140533785
BSU_19220,recQ,525.097043945917,0.244147785380571,0.224452275108817,1.08774921199709,0.276705836009884,0.728065190003818
BSU_misc_RNA_32,ssrSA,372.180546076709,1.20698724819409,0.296726381406825,4.06767757713884,4.74840204920604e-05,0.0055793724078171
BSU_19230,azoJ,1271.02690851263,0.0672181578551477,0.249577915119581,0.269327347425518,0.787677789218757,0.95356750543301
BSU_19240,yocK,108.343909349772,0.177829050578581,0.506527040954973,0.351075137554973,0.725531979618738,0.940464290571421
BSU_19250,yocL,50.9158475713961,0.0378734871955186,0.400090630746076,0.094662269708474,0.924583087762392,0.989739934515208
BSU_19259,yoyB,3.11513623403843,-0.57865294788598,1.76784741609065,-0.327320640129446,0.743425382934555,
BSU_19260,yocM,67.779403775915,0.215927776720835,0.395790054653237,0.545561401005934,0.585367463103307,0.896685965943419
BSU_19270,yozN,8.2664544452194,0.209008871190723,1.18800232341864,0.175933049178953,0.860346540803188,
BSU_19280,yocN,26.4929001626871,0.229041283784464,0.516841993496201,0.443155329223742,0.65765338721952,0.917539978699872
BSU_19290,yozO,832.924823555874,0.0450094727799012,0.181904212292887,0.247435022051224,0.804571572963414,0.959278622189058
BSU_19300,yozC,647.391282290033,0.360307033997562,0.270461633685916,1.33219277384083,0.182796850485548,0.63149736404584
BSU_19310,dhaS,4736.78079342703,0.271854343662633,0.242899429409278,1.11920536134552,0.263052538742478,0.714894484541633
BSU_19320,sqhC,49.2566570589025,0.104882657951511,0.420659304711673,0.24932922385587,0.803106127588998,0.958306146869189
BSU_19330,sodF,3.9481886533346,-1.39874009943342,1.59829113644213,-0.875147254177411,0.381493788396882,
BSU_19340,yocR,1355.64619977432,-0.392651850962269,0.320073880291561,-1.22675380635432,0.219915137637231,0.672283793662067
BSU_19350,yocS,295.657678311681,-0.193646156107584,0.3317046126683,-0.583790965551712,0.559360957285729,0.889234788840624
BSU_19360,odhB,44749.773552329,0.135052388708871,0.170234374860387,0.793332068330095,0.427584377782367,0.832244210072941
BSU_19370,odhA,81513.4041363796,0.088557849780259,0.193572169447361,0.45749267590009,0.647316965428465,0.91404160482802
BSU_19380,yojO,1762.08143503502,-0.0363848828879153,0.240177814715549,-0.151491439502883,0.879588063192975,0.98182573692538
BSU_19390,yojN,812.223203844324,0.0753860245454041,0.219659039533725,0.343195639503058,0.731451284871251,0.94216781191762
BSU_19400,sodC,67.6986796276712,1.05756929856738,0.381078376659236,2.77520154210446,0.0055167508704944,0.15095492964127
BSU_19410,cwlS,1305.53211414003,0.798925536537099,0.186980101131578,4.27278374384285,1.9304766303137e-05,0.0024913687148992
BSU_19420,yojK,72.075572869089,0.610061174660715,0.337403143577257,1.80810755997306,0.0705897618042209,0.433070639359324
BSU_19430,cdaS,11.5072529049414,0.186822052097773,0.739190539776563,0.252738694618905,0.800470144379385,0.957387705279997
BSU_19440,mdtK,388.014141558015,-0.500198438308179,0.250904439252875,-1.99358145992807,0.0461978131551252,0.371345630486349
BSU_19450,rsbRC,442.989218021331,-0.579065904524437,0.263076508433071,-2.20113117652904,0.0277267387698246,0.30347485311082
BSU_19460,bshBB,1269.88713743891,0.0680195305906531,0.212686296512789,0.319811533257683,0.749111204157784,0.945560587870568
BSU_19470,yojF,405.825628498026,0.172964404917364,0.228349107756825,0.757456013804785,0.448776708768477,0.84414847365364
BSU_19479,yoyC,272.729267945664,0.278658193687724,0.245992663849808,1.13279066670809,0.257302171827986,0.709401087959147
BSU_19480,yojE,337.969604742099,-0.060240835510991,0.253443057015769,-0.237689823585275,0.812121677109417,0.960898663363364
BSU_19490,gerT,5.02775967208539,0.67183726766697,1.31064472959711,0.51260059457416,0.608230737213691,
BSU_19510,yojB,133.530928777775,-0.492045403196325,0.376936555137441,-1.30537990144499,0.191763518714724,0.639478511907615
BSU_19520,yojA,832.252861752253,-0.596671788137396,0.304970168717436,-1.95649230430216,0.0504071881290756,0.378719122992945
BSU_19530,yodA,694.539145849116,-1.01102397517025,0.358943176191188,-2.81666860448056,0.0048524565974237,0.137486270260339
BSU_19540,arxR,310.216495771766,0.165702953727305,0.258464176931037,0.641106073943537,0.521453768187422,0.872696418887785
BSU_19550,noxC,2136.49353303209,0.503866210878603,0.189685574144098,2.65632330319348,0.0078997837980389,0.185644919253916
BSU_19560,yodD,24.6390675190147,0.44934482054778,0.509530664617067,0.881879839136828,0.377841790614759,0.805914550723951
BSU_19570,yodE,22.7822811569993,-0.750068863590984,0.74653481045448,-1.00473394286109,0.315024979290784,0.755484644051188
BSU_19579,yoyD,54.4019762051569,0.172668739507856,0.517929287233411,0.333382845427006,0.738845310604479,0.943619706940036
BSU_19580,yodF,1389.77460906313,-0.583018171173722,0.290132297963465,-2.00949075737559,0.0444851139028716,0.367186012483413
BSU_19590,ctpA,3959.07422452816,0.263125791038173,0.189737109943362,1.38679139318986,0.165505382331772,0.607157027011411
BSU_19600,yodH,11.4105493230983,0.0081426312616737,1.00560743668673,0.008097226576309,0.993539418527606,0.999423131013604
BSU_19610,yodI,7.17184896531818,-0.460194372009411,1.12133704603807,-0.410397902785231,0.681514084470175,
BSU_19620,ldcB,1585.90363042541,0.186718842053753,0.165234674797668,1.13002214748444,0.258466892286858,0.710275160945938
BSU_19630,deoD,2945.3326634561,0.247408436536074,0.175372980237486,1.41075572873905,0.158316652456221,0.59893468424489
BSU_19639,yoyE,1.08369414523567,1.05342531943607,3.42675859261354,0.307411593482759,0.758530104829541,
BSU_19640,yodL,374.709355455209,0.0368365046712993,0.21019877524874,0.175246048069065,0.860886303013489,0.975500221250719
BSU_19650,pgpB,294.332346914576,-0.398303220740902,0.324141895177633,-1.22879278077469,0.21914950893417,0.671397460269944
BSU_19660,yozD,5.84128201558315,-0.008136883224063,1.44739375346881,-0.0056217481971041,0.995514517535392,
BSU_19669,yoyF,0.219511715693026,0.0146674887060164,3.53017604760921,0.0041548887387499,0.996684887961686,
BSU_19670,yodN,26.8960620071781,0.453201251773393,0.500788814597497,0.904974788899086,0.365478743542372,0.798735000247143
BSU_19680,yozE,530.533626673516,0.205849180758297,0.33330406954965,0.617601762368021,0.536837882585776,0.881100306227718
BSU_19689,yokU,1.24361675812478,-1.97653026594766,2.70859917209482,-0.729724163807898,0.465558807778073,
BSU_19690,kamA,9.79801259290589,-0.329059877870692,0.850929413756375,-0.386706432461981,0.698973553541976,0.932043204688695
BSU_19700,kamB,6.5815383287874,1.77505639003512,1.13244789489917,1.56745082756604,0.117009351338075,
BSU_19710,yodQ,8.44010037203884,1.3005534819497,0.983945312728366,1.32177415261364,0.186243367777398,
BSU_19720,yodR,4.25825300340375,-3.42801659317183,1.77392207390423,-1.93245049689646,0.053303926476925,
BSU_19730,yodS,9.50479201769825,0.737584874478075,1.04512110760272,0.705741056335502,0.480349183859444,0.860150152182196
BSU_19740,yodT,6.65192780098729,2.25861354590058,1.16858483664892,1.93277670141388,0.0532637116588566,
BSU_19745,BSU_19745,0.49941214705747,0.752982614103565,3.47366250495469,0.216769076739477,0.82838831214497,
BSU_19749,yoyG,81.2885178088722,-0.454369170743998,0.349995536831596,-1.29821418540723,0.194213744932861,0.643887063076166
BSU_19750,cgeE,462.216436579012,-0.110885386762441,0.274101863121737,-0.404540799174333,0.685815082244543,0.930797046120767
BSU_19760,cgeD,359.868289645804,-0.0852391181970735,0.212047283541804,-0.401981656040735,0.687697526557881,0.930797046120767
BSU_19770,cgeC,0.291741684272871,0.971922435290106,3.50783985691276,0.277071495545835,0.781725208558217,
BSU_19780,cgeA,1.19756762575014,0.455893062062844,2.67470812294835,0.17044591077112,0.864659468764806,
BSU_19790,cgeB,25.1568578788982,-0.44390085323359,0.536325306043219,-0.8276709083681,0.407856898814135,0.820437215892481
BSU_19800,phyC,28.0390651704612,0.212367027937923,0.476052414996239,0.446100095804789,0.655524943614724,0.916113283994481
BSU_19820,sprB,1.55000327210977,-0.197211319587139,2.6271498339468,-0.0750666433405764,0.940161687675139,
BSU_19830,yotM,8.96234333814444,0.864735207831984,0.810135420373085,1.0673958773877,0.285793109305421,
BSU_19840,yotL,39.77228309308,0.21388138626949,0.743788493231545,0.287556729118298,0.773686071522713,0.950152533509292
BSU_19850,yotK,3.13968594287765,0.793615345835679,1.36537486653824,0.581243558296781,0.56107631453518,
BSU_19860,yotJ,2.53069409648098,-1.21994595459365,2.01457618357989,-0.60555960332352,0.544807234275974,
BSU_19870,yotI,7.96754513284234,-0.281625623802445,0.953758253108454,-0.295279881337416,0.767780084074553,
BSU_19880,yotH,2.05804542741181,0.33264399071735,2.45224573473517,0.135648718236337,0.892098989786418,
BSU_19890,yotG,5.13036200762032,-0.748404283753956,1.40113914806972,-0.534139870964988,0.59324476633431,
BSU_19900,yotF,0.627054243369006,-0.243807266562742,3.46504945864562,-0.0703618431634272,0.943905660690542,
BSU_19910,yotE,4.05716004470024,-1.21336531997329,1.47103014696948,-0.824840553045753,0.409462119963014,
BSU_19915,BSU_19915,0.311880155566671,0.298957229193396,3.48094646332001,0.0858838917356575,0.931558716725657,
BSU_19920,yotD,1.29162736737134,0.753414137070002,3.11274097254729,0.242042027818797,0.808747597733922,
BSU_19930,yotC,2.51063833215732,1.93407701365243,1.64281777477127,1.17729248085455,0.239078787032631,
BSU_19940,yotB,13.3495263046438,-0.978642020023497,0.922017646110589,-1.06141354685756,0.288502003113945,0.740066141615954
BSU_19950,sspC,13.9472030039965,0.648148352038831,0.720312771405591,0.899815160536524,0.368218624984945,0.800780297667314
BSU_19970,yosX,14.2273748731854,-0.826967843615185,0.749162305399969,-1.10385671790264,0.2696552966595,0.72348751521471
BSU_19980,yosW,8.59374040741831,0.210469741672402,0.944268009401092,0.222891953954782,0.823619598691326,
BSU_19990,yosV,12.0669896900778,-0.823329774541673,0.782011378823275,-1.05283605435585,0.292416137515798,0.742187083466082
BSU_19999,yojW,5.54412103410367,1.11671080039662,1.28132408463651,0.871528767613393,0.383465505402193,
BSU_20000,yosU,28.4579435864396,1.14082926841466,0.63206214275221,1.80493212810865,0.0710853035238491,0.433070639359324
BSU_20010,yosT,206.992961331046,-0.301637091861108,0.289146854247182,-1.04319686495101,0.296857125171358,0.7467616289065
BSU_20020,dutB,28.7673535282765,-0.605953675920236,0.493979431879235,-1.22667794813849,0.219943659153022,0.672283793662067
BSU_20040,nrdFB,173.070596791712,-0.375155696282654,0.252466890679444,-1.48595998181396,0.137289706384617,0.563113323415342
BSU_misc_RNA_76,srdFi,0.0,,,,,
BSU_20050,yosQ,0.0,,,,,
BSU_20060,nrdEB,109.621757293441,-0.225382049163795,0.391303580667482,-0.575977477076341,0.564630405404676,0.89151454337484
BSU_misc_RNA_33,srdEi,0.0,,,,,
BSU_20070,nrdIB,3.38356905150178,-1.6028857286061,1.61039654339424,-0.995336046380038,0.319572851776227,
BSU_20080,yosL,10.4015848980479,0.447725104555233,0.936713596184061,0.477974384464104,0.632668436920427,0.906892861678186
BSU_20090,yosK,7.97653481450125,-1.91928474966443,1.22033127074424,-1.57275716494089,0.115775057612706,
BSU_20100,yosJ,7.15494930676608,-3.28174125886882,1.33788435539174,-2.45293342854578,0.0141696559293835,
BSU_20110,yosI,1.78893751703595,-1.08080663656371,2.28870046722364,-0.472235948758644,0.636758382946201,
BSU_20120,yosH,16.5085471614852,0.0204381031259843,0.612347286952343,0.0333766533492864,0.973374227215961,0.995053328470775
BSU_20130,yosG,10.2880683329093,0.0810593724896436,0.720491331453028,0.112505687370547,0.910422460505291,0.985681580424162
BSU_20140,yosF,1.99195125565608,-1.21801112746481,1.73760615253427,-0.700970772742924,0.483321255267516,
BSU_20150,yosE,10.8120949179092,-1.30946998851242,0.849630792950257,-1.54122237491584,0.123262673682263,0.538086565424345
BSU_20160,yosD,16.5316032449716,-0.41716737472868,0.845108679485942,-0.493625713301669,0.621570537724781,0.904287799785324
BSU_20170,yosC,19.5922013882225,-0.613648851020083,0.660568443166476,-0.92897088464977,0.352904175349356,0.785945386784364
BSU_20180,yosB,5.02683065910632,-1.95542954509161,1.34082799804466,-1.45837463712217,0.144737307658093,
BSU_20190,yosA,0.978163993686052,1.20688233231348,3.42193659617043,0.352689858036565,0.724320963504155,
BSU_20200,yorZ,14.5044022913897,-1.19548198759603,0.71601313540789,-1.66963695004702,0.0949912151586756,0.490997270519475
BSU_20210,yorY,4.31039496020763,0.514766373585856,1.73024033357212,0.297511486466802,0.766076039864607,
BSU_20220,yorX,1.6644588071008,0.236931301190242,3.45488544253748,0.0685786273180233,0.945325031735911,
BSU_20230,yorW,7.49485374241575,-0.0151776173323562,0.975537808787677,-0.0155582051209454,0.987586849125435,
BSU_20240,yorV,2.54071338250484,-1.80167793435685,2.17512887125778,-0.828308592729508,0.407495757780073,
BSU_20250,mtbP,23.6015908554417,-0.301762660423621,0.536547074265991,-0.562416002056184,0.573832618939638,0.892568533296843
BSU_20260,yorT,1.86555250574981,-0.854683549352803,2.83006182087933,-0.302001724148642,0.762650748603937,
BSU_20270,yorS,8.61827170962097,0.249728900017896,0.893204226206587,0.279587682963041,0.779793857959856,
BSU_20280,yorR,9.91319096162974,-0.906097868426638,0.967403413308864,-0.936628769302623,0.348949548047846,0.782297106874942
BSU_20290,yorQ,0.725130643516765,-1.03386087556584,3.44843327952214,-0.299805967453458,0.764325163226976,
BSU_20300,yorP,3.36953294820521,-2.50328375353856,1.36936193660966,-1.82806582147035,0.0675396737202913,
BSU_20310,yorO,4.33146252371736,-0.0349181386964134,1.52000674975615,-0.0229723576569743,0.981672322522914,
BSU_20320,yorN,5.96304964131805,0.946187568417842,1.54722463348702,0.61153858847593,0.540843079920612,
BSU_20330,yorM,8.52493144417321,-0.804424770246132,1.08055105007105,-0.744457904319506,0.456599499196399,
BSU_20340,dpoL,187.483842284112,-0.342416393514648,0.312229496539248,-1.09668175912267,0.272780533024542,0.726021471974046
BSU_20350,yorK,35.0453191724162,0.696780677297295,0.517029877072004,1.34766037360015,0.177767642755432,0.625710777804363
BSU_20360,yorJ,33.178269309853,0.368611667835539,0.453695494590962,0.812464907036091,0.416524915251526,0.823363204566971
BSU_20370,yorI,17.9316430194972,0.097982596696409,0.565542261041006,0.173254243663507,0.862451587980189,0.975785977986049
BSU_20380,yorH,9.19991899659445,-0.646186298253316,1.05792821794582,-0.610803537793912,0.541329651027482,0.883059189814125
BSU_20390,yorG,37.3948023418465,-0.79847687860054,0.605620066644579,-1.31844521438082,0.187354653447266,0.634306644510025
BSU_20400,yorF,51.300452196044,-0.950007336781684,0.594591759986773,-1.59774722879244,0.110099243257039,0.518686883032867
BSU_20410,yorE,11.1924138697497,-0.488820486225463,0.896968321092688,-0.544969621257059,0.585774411308805,0.896685965943419
BSU_20420,yorD,1378.17443373256,0.773587362359855,0.228162783903984,3.39050632676974,0.000697636442368,0.0484511523138802
BSU_20430,yorC,163.394990756616,0.743961232221018,0.332139764445107,2.23990413633226,0.0250971470603746,0.289782450457173
BSU_20440,yorB,588.332040620378,0.4675828714798,0.327807675905079,1.42639390669789,0.153754671563357,0.590539342842036
BSU_20450,yorA,116.617588846509,0.124992476279658,0.260269608039271,0.480242304206329,0.631055108998873,0.906100640206111
BSU_20460,pghZ,28.1024004626138,-0.2870562239615,0.518128091978553,-0.554025594067543,0.57956132992033,0.895927004568973
BSU_20470,yoqY,5.6110983581442,-0.0280403657931851,1.08403117420082,-0.0258667522304949,0.979363619044972,
BSU_20480,yoqX,3.6388831107752,-0.203608610027751,1.44994832142924,-0.140424735846482,0.88832441510444,
BSU_20490,yoqW,212.102855548188,0.397773423324347,0.320321114963766,1.24179582532154,0.214311903414415,0.66528494841799
BSU_20500,yoqV,16.6558934817455,1.0794269538524,0.775644815923546,1.39165109041197,0.164028079714364,0.605270712139316
BSU_20510,yoqU,21.2491830804466,-0.655760353307443,0.524021456801062,-1.2513998134935,0.210788645302102,0.662028803444886
BSU_20520,yoqT,3.06184566909553,-0.143860120136949,1.96457134334393,-0.0732272312860282,0.941625297120982,
BSU_20530,yoqS,12.9924280909999,-0.33627570686543,0.804895066231873,-0.417788257095064,0.676101937313559,0.928188054834251
BSU_20540,yoqR,4.24527307212535,-0.77831048714456,1.58819560347697,-0.490059590544537,0.624091731706792,
BSU_20550,yoqP,6.98628077577387,-0.953538536901671,1.08435451728699,-0.879360505904826,0.379205838847296,
BSU_20560,yoqO,99.8022456613986,0.486634663743548,0.294547522763947,1.65214312168411,0.0985053781391801,0.499031112969854
BSU_20570,yoqN,6.07711210143237,-1.90763539922729,1.38050892322845,-1.38183489228458,0.167022402774261,
BSU_20580,yoqM,43.605137681859,0.183013910161519,0.508672175213386,0.359787539164582,0.719006022358299,0.939822102692
BSU_20590,yoqL,51.9912589717429,-0.236100921792868,0.376606666691641,-0.626916469288588,0.530713991034805,0.876478873164137
BSU_20600,yoqK,4.63650524067557,0.932483372339747,1.18034844673899,0.790006861885546,0.429523760945108,
BSU_20610,yoqJ,23.5529562788384,0.074710145525917,0.519533662033213,0.143802319244409,0.885656571420745,0.98311799825554
BSU_20620,yoqI,11.3044617527467,-0.341991628665459,0.683045977371409,-0.500686103125237,0.616592054103606,0.899893075813292
BSU_20630,yoqH,32.066653508679,-0.301766249720816,0.457703554237138,-0.659305017248063,0.509699921226263,0.868681124422743
BSU_20640,yoqG,12.8906753455273,0.511422680042629,0.677505328745809,0.754861487199473,0.4503320960551,0.84414847365364
BSU_20650,yoqF,5.05831262867941,-0.763906280592439,1.28732520711648,-0.593405828122899,0.552909589427732,
BSU_20660,yoqE,3.04381203695897,-1.67451305224148,2.06979563427315,-0.809023376276235,0.418501700290497,
BSU_20670,yoqD,27.7573866758514,0.0707730142397005,0.566990071936319,0.124822316549573,0.90066421951324,0.984517604748476
BSU_20680,yoqC,8.194873328217,-0.320152130198448,0.906457971796467,-0.353190263817696,0.723945806496111,
BSU_20690,yoqB,8.43448186069807,-0.591069193517958,1.16233830357943,-0.508517349637154,0.611090574990278,
BSU_20700,yoqA,13.8249799820225,0.282697181937062,0.61141737802244,0.462363668581703,0.643820548678149,0.91404160482802
BSU_20710,yopZ,3.27199680545041,-0.629668874542754,2.15444806765795,-0.292264586923765,0.770084332852376,
BSU_20720,yopY,4.57032467212228,-2.04043480180151,1.61620887992901,-1.26248211301198,0.206775358648828,
BSU_20730,yopX,9.11487253287049,0.330382043156523,0.833929933887083,0.39617482204597,0.691976064053623,
BSU_20740,yopW,1.14740349135273,-0.0444316800566386,3.45748677464453,-0.0128508604523026,0.989746779063555,
BSU_20750,yopV,9.83522559636924,0.29067535773998,0.928874254739964,0.312932946797362,0.754331605845395,0.946171040926955
BSU_20760,yopU,198.561866642854,-0.0185779851788003,0.301214733495002,-0.0616768806865439,0.950820151448877,0.993454444844946
BSU_20770,yopT,539.583470515464,-0.162035353178451,0.330745113886972,-0.489910043641111,0.624197555582795,0.905143097841476
BSU_20780,yopS,474.678156260326,0.114209028392591,0.400808740567322,0.284946451594181,0.775685167260057,0.950152533509292
BSU_20790,yopR,1641.92428851348,0.080749842048812,0.206295165686808,0.391428668626217,0.695480404860644,0.93192553433051
BSU_20800,yopQ,1903.97265703302,0.0547886460208522,0.193706227013307,0.282844010053886,0.777296416066658,0.950152533509292
BSU_20810,yopP,429.798851095728,0.521033723957482,0.229411280796379,2.27117743359771,0.0231362389360218,0.279494317117277
BSU_20820,yopO,107.8836123557,0.188656898229482,0.42235654488338,0.446676867009539,0.655108386759097,0.916051104341125
BSU_20830,yopN,127.816360890504,0.491598583569088,0.296086819528907,1.66031903869025,0.0968502876405534,0.494494836702344
BSU_20840,yopM,122.011513037848,0.139456690481689,0.394374810010779,0.353614599466627,0.723627731634691,0.939822102692
BSU_ncRNA_1,aimX,17.4473457003238,0.659433046424666,0.602264567670184,1.09492253375561,0.273550576026485,0.726428268229269
BSU_20850,aimP,3.67208841171374,0.014060017342146,1.34926615493028,0.0104204921251231,0.991685800686186,
BSU_20860,aimR,113.684851211683,0.194231491412034,0.317040120189875,0.612640101497907,0.540114336345852,0.882518107853448
BSU_20870,yopJ,598.290202288348,-0.227576870387886,0.265834657179075,-0.856084277358099,0.391951164657956,0.815499764967614
BSU_20880,yopI,770.835007394474,-0.138131148644929,0.201450907651029,-0.68568144098021,0.492914012500723,0.863246066392942
BSU_20890,sieB,769.779209847428,-0.133899309014431,0.178628895496534,-0.749594899762615,0.453498723505209,0.844416805343772
BSU_20900,yopG,150.980697170938,-0.0636739927384838,0.270681394656853,-0.235235941573318,0.81402561121682,0.960898663363364
BSU_20910,yopF,123.883725235787,0.231815831754578,0.309319851541906,0.749437291525314,0.453593681430449,0.844416805343772
BSU_20920,yopE,96.0988998683739,0.370774566740136,0.355741582991382,1.04225815723409,0.297292006192708,0.7467616289065
BSU_20928,yoyH,80.6762695792293,-0.370633759953516,0.375669770000697,-0.986594582664525,0.323841427048189,0.764261544570714
BSU_20929,yoyI,85.9462207945603,0.344877749573589,0.344157373413619,1.00209315916386,0.316298601533348,0.756201623653936
BSU_20930,yopD,188.42705773205,0.225080823634671,0.270827185159685,0.831086522949898,0.405924752604383,0.820437215892481
BSU_20940,yopC,874.781582315518,0.167326388230145,0.177237402162596,0.944080573222582,0.34512847584089,0.780437022674026
BSU_20950,yopB,14.4694805827583,-0.93543279187727,0.843573578616261,-1.10889294732498,0.267476366681251,0.720544898780578
BSU_20960,yopA,564.53360124456,0.1875629992143,0.300235703122778,0.624719169850355,0.532155389259113,0.876684857769136
BSU_20970,yonX,22.3217739392245,-0.835019610912136,0.569319930225867,-1.46669660867284,0.142458605841849,0.572557475189324
BSU_20980,yonV,18.0408559745311,-0.193776393025578,1.04564554097595,-0.185317476555887,0.852980031130171,0.974451022123258
BSU_20990,yonU,190.540166547611,0.340297563223259,0.287954016101254,1.18177745124277,0.237294017130892,0.692680970345146
BSU_20999,yoyJ,22.359739328855,-0.0948077650402866,0.511307376586553,-0.185422251627222,0.852897856753979,0.974451022123258
BSU_misc_RNA_90,apbT,2.49878947379941,-0.73077719444873,1.78398782616754,-0.409631267506251,0.682076456619929,
BSU_21000,spbT,6.6696592219554,0.417624918277059,0.907905539117931,0.459987190608837,0.645525414860028,
BSU_21010,yonS,2212.85656491514,0.497420980985254,0.175184482537775,2.83941233709439,0.0045196711738027,0.133748787698831
BSU_21020,yonR,373.027008492584,0.511339820040425,0.227996145629996,2.2427564230417,0.0249125259624144,0.289782450457173
BSU_21030,yonP,1.82695961553364,2.77204253604992,2.82291532513034,0.981978634418276,0.326110374106965,
BSU_21040,yonO,19.9945486195502,-0.589268342753434,0.992974733033003,-0.593437398908969,0.552888466348542,0.886311386131263
BSU_21050,hupN,16.0261799190288,-1.07133716899555,0.643980329207046,-1.66361784732575,0.0961888229817411,0.494494836702344
BSU_21058,BSU_21058,7.45314490095022,-1.69382388792063,1.09437264584916,-1.54775788150875,0.121680600545276,
BSU_21060,yonK,1.1734925433829,-1.70726073718492,3.25950253022996,-0.523779540390316,0.600431885264591,
BSU_21070,yonJ,43.7661140034022,0.403015768279107,0.393218724040938,1.02491499931003,0.305403296599443,0.749682542382862
BSU_21080,yonI,224.031364661403,0.0872153413575546,0.306909373280345,0.284172947946716,0.776277845644575,0.950152533509292
BSU_21090,yonH,22.8628173008452,0.331260504172321,0.855914122198646,0.387025398437625,0.698737405132013,0.932043204688695
BSU_21100,yonG,3.88254339696743,0.063931333400596,1.24554361196219,0.0513280569115366,0.959064111383089,
BSU_21110,yonF,10.2232300090432,0.0616843517104643,0.7132550552247,0.086482880504831,0.931082564457986,0.99005347982244
BSU_21120,yonE,62.3584453320799,-0.454504314156491,0.341515737052198,-1.3308444233919,0.183240207368826,0.63149736404584
BSU_21130,yonD,109.009193549288,-0.463019122095116,0.287245271161184,-1.61192948529098,0.106977285111301,0.513674562482669
BSU_21140,yonC,34.328732444128,-0.555173122796415,0.485159003856864,-1.1443116965427,0.252494394246467,0.707068115407917
BSU_21150,yonB,80.0314123383106,-0.960858387671172,0.318610548531086,-3.01577707361257,0.002563216338056,0.106667179901394
BSU_21160,yonA,25.2412633899569,-0.243329599340025,0.553736636701177,-0.439432002891542,0.660348541841685,0.918753839904972
BSU_21170,yomZ,13.2317887821887,-0.0839186544685114,0.641113758983354,-0.130895107603969,0.895858284950918,0.984517604748476
BSU_21180,yomY,10.3442340296488,-2.54074175882982,1.00740311169582,-2.52207058855799,0.0116666294321003,0.214784260743045
BSU_21190,yomX,21.6135789763751,-0.268636618447945,0.699196639664924,-0.384207536490284,0.700824632899394,0.93369524992868
BSU_21200,yomW,30.017069191248,-0.851964964113597,0.559816836129434,-1.52186377602373,0.128043217313078,0.545925990571767
BSU_21210,yomV,29.8966776017957,-0.254541848429427,0.497720634899419,-0.511415100322023,0.609060423485237,0.898499791048637
BSU_21220,yomU,32.3570869660549,-0.9169274885628,0.465576399449486,-1.96944580878027,0.0489019197543621,0.377148975711731
BSU_21229,youA,27.8826319823812,-0.875970135257464,0.70207936832404,-1.24767964247194,0.212148399363139,0.663834376021082
BSU_21230,yomT,9.40012745931166,-2.45993705813342,1.0264442542194,-2.3965617694496,0.0165497037764377,0.248556641304018
BSU_21240,yomS,4.50631932874188,-0.552428844662781,1.38112981179466,-0.399983289003765,0.689168825142344,
BSU_21250,yomR,37.2398208986097,-1.15102546291908,0.492979700409798,-2.3348333855578,0.0195521263946048,0.266320005909804
BSU_21260,yomQ,8.12567580800918,-0.561086375858971,0.833366597104706,-0.673276776161062,0.500771224715446,
BSU_21270,yomP,2.34999030477236,-1.73011254039125,2.21197875977483,-0.78215603687233,0.434122877662487,
BSU_21280,yomO,10.0934775462728,0.237960789230335,0.962109697334191,0.247332284343122,0.804651075468212,0.959278622189058
BSU_21290,yomN,25.7009567856327,-0.413409043156926,0.497832871795019,-0.83041732794042,0.40630287191123,0.820437215892481
BSU_21300,yomM,17.8545989854108,-1.30143335133297,0.753196542412188,-1.72788014555271,0.0840097146045283,0.466137235895959
BSU_21310,yozP,17.1911365025549,-0.67732460628659,0.686580468414628,-0.986518896831699,0.323878546923209,0.764261544570714
BSU_21320,yomL,1064.43701755168,0.0658668975458408,0.277474412779829,0.23738007726898,0.812361944119076,0.960898663363364
BSU_21329,youB,101.7842107549,-0.0180642914152258,0.358147734325487,-0.0504381004929347,0.959773275207759,0.994886931617799
BSU_21330,yomK,202.39572433547,0.449058642410424,0.284634576256635,1.57766722622462,0.114642079314103,0.527436515128117
BSU_21340,yomJ,335.347660058362,0.0356038977141036,0.249233377011447,0.142853650426076,0.886405764634907,0.98311799825554
BSU_21350,cwlP,207.857558046386,0.128834686834786,0.32458767231796,0.396917991107753,0.691427936698436,0.9315786871561
BSU_21360,yomH,9.37063945473871,-0.858340215111498,0.910791992960385,-0.942410804822295,0.345982357518126,0.781283850586233
BSU_21370,yomG,129.405537650369,-0.056274843143513,0.300879201871542,-0.187034673029806,0.851633447464083,0.973748031659706
BSU_21380,yomF,8.02863660907323,-0.755895460080321,1.10064370304284,-0.686775800370797,0.492224021744542,
BSU_21390,yomE,16.4242103820255,-1.20195058748928,0.611619126891529,-1.96519457067673,0.0493917221239447,0.378719122992945
BSU_21400,yomD,14.5476715271914,-0.683276046730068,0.650661641599642,-1.05012498516163,0.293660652809365,0.742838486619971
BSU_21409,BSU_21409,1.61607024914047,-3.53194805785864,2.86195573265677,-1.2341029658694,0.217164538510311,
BSU_21410,blyA,5.76588918266304,-2.48744337200193,1.30811672817879,-1.90154541901245,0.0572306093179582,
BSU_21420,bhlA,1.39575224831698,1.24363054952096,2.31213512734001,0.537871050361877,0.590666075909247,
BSU_21430,bhlB,2.85794232919426,-0.336350041996194,1.78394278172868,-0.18854306620208,0.850450958881468,
BSU_21440,bdbB,2146.13483608071,-0.0371788436851738,0.308604974473965,-0.120473896276453,0.904107756771682,0.984997682274009
BSU_21450,sunS,4790.32916463896,0.0831329128789973,0.234861866721327,0.353965137208238,0.723365010436379,0.939822102692
BSU_21460,bdbA,879.298299411748,0.0258986675539358,0.290526577710987,0.0891438840397574,0.928967561777317,0.99005347982244
BSU_21470,sunT,7415.09205583252,-0.0045283322177035,0.231195146949371,-0.019586623151286,0.984373134966541,0.998127166502402
BSU_21480,sunA,16051.6595446446,0.0271326760311934,0.28547038107435,0.0950455032465411,0.924278684125176,0.989679266437973
BSU_21490,sunI,1567.66477944421,0.548449160267576,0.256654597866822,2.13691539066901,0.0326048739628055,0.320092575289885
BSU_21500,uvrX,21.4934639385298,0.858075031098419,0.555988561596519,1.54333216610511,0.122750202964853,0.538086565424345
BSU_21510,yolD,2.1230454842256,2.6073637112551,2.23980179479294,1.16410466199137,0.244381599584667,
BSU_21520,yolC,18.8617377596776,0.445325872803142,0.584500251227783,0.761891670478677,0.446124661758192,0.84414847365364
BSU_21530,yolB,2691.47106856566,0.577660527195449,0.279903326392114,2.06378586007302,0.039038024315796,0.34599310033209
BSU_21540,yolA,5308.37522141661,0.530545350325885,0.223256867950066,2.37638982933572,0.017482981378753,0.256048834434391
BSU_21546,bsrG,75.4290568777037,0.486827345592153,0.448650927993742,1.08509158282393,0.277881094949596,0.728065190003818
BSU_misc_RNA_77,asrG,56.1940052266967,0.0987564286356129,0.372444857285701,0.265157181536426,0.790888378757228,0.955177737558716
BSU_21550,yokL,610.613723297123,0.137515467213695,0.222892334001149,0.616959160259796,0.537261663572145,0.881100306227718
BSU_21560,yokK,670.073668712925,0.113552691186441,0.202008569342267,0.562118189125167,0.574035496377545,0.892568533296843
BSU_21570,yokJ,627.473914097143,0.136354603285081,0.221835461812933,0.614665492030599,0.538775653471582,0.881412258648227
BSU_21580,yokI,977.600532769712,0.195667863339727,0.182125817617901,1.0743554422923,0.282663404894049,0.732376694832318
BSU_21590,yokH,976.763179797214,0.44475858980943,0.173338232382393,2.56584242089344,0.0102925574971197,0.203866330956154
BSU_21600,yokG,1849.66436611788,0.3763582490295,0.192206343618418,1.95809483674834,0.0502188855136038,0.378719122992945
BSU_21610,nukF,1503.21753475456,-0.206886181374329,0.249500353067642,-0.829201958356507,0.406990137012355,0.820437215892481
BSU_21620,yokE,655.136652189805,-0.0782663987635307,0.237282741604912,-0.329844464178723,0.74151748821132,0.943728055241868
BSU_21630,aacD,369.331978824105,0.195624582216315,0.193646808914686,1.01021330179781,0.312393107690872,0.753174692350653
BSU_21638,BSU_21638,83.1015922683377,-0.0275550840635392,0.316073977231057,-0.0871792240061443,0.930529053313543,0.99005347982244
BSU_21639,BSU_21639,267.699347631268,-0.023770534269311,0.275850592375658,-0.0861717716992967,0.93132987013933,0.99005347982244
BSU_21640,yokC,240.36563797163,0.122414626174594,0.230609073880646,0.530831784346659,0.595535352388441,0.898499791048637
BSU_21650,yokB,447.011794234821,0.366976200373251,0.24159782225143,1.51895491835742,0.128773843931131,0.5460922321917
BSU_21660,sprA,742.278596804834,0.0754926252075639,0.219472150655115,0.343973597480235,0.730866142060202,0.94216781191762
BSU_21680,msrB,384.069408142702,0.460848157198115,0.287166218553059,1.60481326640781,0.108534905528266,0.516316479682657
BSU_21690,msrA,340.857359998381,0.699656605192425,0.244710290005025,2.8591221283668,0.0042481519910958,0.133632812633289
BSU_21700,ypoP,951.75085625187,-0.0830353185897356,0.190939506973535,-0.434877621220865,0.663651259153677,0.920905446446314
BSU_21710,dinF,228.727880313149,-0.257576213571005,0.276466322722621,-0.931673019101973,0.351505534227632,0.784943884426713
BSU_21720,ypmT,114.606678710799,0.0118624139321103,0.348985024748237,0.0339911832625711,0.972884181377139,0.995053328470775
BSU_21730,ypmS,889.179786518543,-0.160464788215339,0.19079062462648,-0.841051747325051,0.400318945337781,0.820437215892481
BSU_21740,ypmR,1355.68770435374,0.0195140208569345,0.177388686296173,0.110007133286693,0.912403717708126,0.985908263929514
BSU_21750,scuA,679.22584530717,0.322147622952981,0.188937049968686,1.70505267763191,0.0881846002863642,0.476721891940494
BSU_21760,ypmP,3295.30045329903,0.0547845652509036,0.256221282067359,0.213817387879985,0.830689464944386,0.96404316478954
BSU_21770,ilvA,2537.38405471876,-0.0320649995568976,0.27531208649996,-0.116467823714315,0.90728178547764,0.985668012326108
BSU_21780,silP,176.383728086535,-0.0088960525504812,0.264824338820982,-0.0335922770168602,0.973202280841964,0.995053328470775
BSU_21790,yplQ,57.4225255373158,-1.08861717827371,0.495611764132131,-2.19651198187355,0.028055318507119,0.305397813176949
BSU_21800,ypkP,1069.61694902263,-0.308795670834711,0.239533731375025,-1.28915317714166,0.197344839419209,0.646712387151323
BSU_21810,dfrA,500.840766082427,-0.387379531847882,0.24087619036037,-1.60821014010697,0.107789163101303,0.515092950466155
BSU_21820,thyB,704.144528222133,-0.295344332751547,0.204802471450948,-1.44209359710918,0.149275971113005,0.582505599611529
BSU_21830,ypjQ,1860.28222786863,0.0203701970668802,0.177427776437145,0.114808388381604,0.908597000058724,0.985681580424162
BSU_21840,ypjP,1509.2768408172,-0.137995510738916,0.18631304910379,-0.740664765043064,0.458896728375386,0.845233699123938
BSU_21850,rsmJ,275.554490360457,-0.58358277386601,0.357859165677681,-1.63076100834493,0.10294075785397,0.506463457668241
BSU_21860,brxA,1180.85643219873,0.0263705815789658,0.209140289002705,0.126090394656693,0.899660370740041,0.984517604748476
BSU_21870,ilvD,5730.1520114317,-0.281457259494496,0.248780816085225,-1.13134631489462,0.257909357765236,0.710095027065554
BSU_21880,ypgR,2174.73464871954,0.320408150180542,0.214512879407856,1.49365460509878,0.135265919239767,0.556526619323244
BSU_21890,hdhQ,377.090892480873,0.185912458266558,0.298104245007948,0.623649147504091,0.532858026327882,0.877480550362691
BSU_21900,bsaA,257.629382997569,0.657006953293047,0.268578280092927,2.44624007967333,0.0144354840549596,0.233480804856532
BSU_21910,metAA,958.180187708534,-0.115703842832706,0.205489372853787,-0.563064849660295,0.573390725787954,0.892568533296843
BSU_21920,ugtP,2860.71994954412,-0.0817320142734115,0.180484791468791,-0.452847099239075,0.650658845794214,0.914296970715904
BSU_21925,BSU_21925,30.6258163054099,0.274103500110377,0.468311897462747,0.585301167011631,0.558345230306222,0.888981124998444
BSU_21930,cspD,36579.8983616383,0.596119702322461,0.246858345317908,2.4148249942888,0.0157427716165338,0.244179405451421
BSU_21940,degR,833.121569276959,0.554675586452729,0.223214275890887,2.48494673666781,0.0129570819559664,0.226345389754983
BSU_21950,ypzA,39.9020489508126,-0.466525657013048,0.525729985350886,-0.887386434124878,0.37487088465849,0.804276149940409
BSU_21960,ypeQ,59.825373926639,0.458793354426416,0.365710450581066,1.25452623434045,0.209650796390032,0.661004038044971
BSU_21970,ypeP,220.767538441915,0.135131042237443,0.265154211232554,0.509631891604869,0.610309376760837,0.898499791048637
BSU_21980,queP,265.068452712317,0.108132253597693,0.225464367941994,0.479597971886682,0.631513288752322,0.906100640206111
BSU_21990,ypdQ,228.393814196962,0.139468886167121,0.24129345940757,0.578005249332281,0.563260575197145,0.89151454337484
BSU_22000,sspL,159.691291773232,0.375088386570612,0.340468983295793,1.10168151865024,0.270600154398549,0.725048703435416
BSU_22010,exnP,617.464753267776,-0.187527984621897,0.183595850105767,-1.0214173387572,0.307056754013452,0.749682542382862
BSU_22019,ypzF,2645.08593767418,0.0397510789701084,0.260167496523252,0.152790335077678,0.878563619732817,0.981230545382333
BSU_22020,ypbS,1494.81183183503,0.0919762102409557,0.273718156197028,0.33602524406437,0.736851830176948,0.943089892697568
BSU_22030,dynA,2686.81275798583,-0.156921903445406,0.165433589929357,-0.948549224570505,0.342849925859198,0.77871260535081
BSU_22036,fbpC,1.05392395564265,1.23509931775689,3.41988818648542,0.361151958896698,0.717985853058764,
BSU_22040,bpsB,2.16298831512651,-2.95517151955145,2.05578108764121,-1.43749329017429,0.150577878017856,
BSU_22050,bpsA,9.2891714858041,0.182831123379776,0.727936082798069,0.251163704754135,0.801687544680277,0.957471372495577
BSU_22060,pbuX,19.11452629199,0.145636638917562,0.737591070998733,0.197449026491553,0.843476167089114,0.969283686944304
BSU_22070,xpt,20.239672233458,-0.779009957273814,0.584150576627497,-1.33357731455356,0.182342421712153,0.63149736404584
BSU_misc_RNA_34,gswA,294.04293881567,0.418788933315681,0.210267930159153,1.9916918999426,0.0464048730066351,0.371345630486349
BSU_22080,ypwA,3402.75935426845,0.38564050028397,0.184848766895484,2.08624870352539,0.0369561006077297,0.336708345262789
BSU_22090,kdgT,342.089093474107,-0.396830283101355,0.239661119944152,-1.65579749937674,0.0977628343718703,0.496898884625473
BSU_22100,kdgA,147.972760163244,-0.60227119923864,0.258049463412001,-2.33393703391297,0.0195990192083811,0.266320005909804
BSU_22110,kdgK,325.08228059121,-0.265881479754108,0.224560134376178,-1.18401015608901,0.236409042552264,0.692415047651243
BSU_22120,kdgR,324.476082059944,-0.503200811629964,0.261782884512757,-1.92220668882362,0.0545797555191395,0.395451629394689
BSU_22130,kduI,337.583099939375,-0.319665649440197,0.257283510719844,-1.24246458137102,0.214065200637292,0.66528494841799
BSU_22140,kduD,282.33765252779,-0.0027383849150926,0.263827978892053,-0.0103794333208803,0.991718559100564,0.999423131013604
BSU_22150,ypvA,4180.41984993504,-0.147799068246407,0.250506156827011,-0.590001739352343,0.5551894833998,0.88721304738064
BSU_22160,yptA,149.972278997856,0.576006543667557,0.479925463459667,1.20020000504925,0.230061673381608,0.681134284224436
BSU_22169,ypzG,51.8889048996142,-0.178772216893437,0.375750052791502,-0.475774296145302,0.634235183814602,0.908038557352959
BSU_22170,rlmKB,2129.62043162593,0.649382156370528,0.227972546451572,2.84851034248756,0.0043924425668352,0.133748787698831
BSU_misc_RNA_35,rnpB,95700.3247215075,0.38598737153437,0.163643990610421,2.35870177752674,0.018338986848875,0.260834289118759
BSU_22180,gpsB,1930.11602252854,0.46303980752685,0.202427506565118,2.28743521759428,0.022170432657468,0.278524775052153
BSU_22190,ypsA,1294.74016067933,-0.24691685936002,0.218525149202927,-1.12992422272975,0.258508156199097,0.710275160945938
BSU_22200,cotD,2203.34156377829,-0.199816291896815,0.231815121616608,-0.861964010386195,0.388707322795196,0.813455083586593
BSU_22205,BSU_22205,89.4054071699294,0.272884732899638,0.290646339474938,0.9388892817044,0.347787592804522,0.781283850586233
BSU_22210,yprB,775.650036833333,0.0933146798265273,0.189764416636008,0.491739607881895,0.622903434381957,0.904579869267873
BSU_22220,yprA,1267.19858993979,-0.0510911554141632,0.175205441754711,-0.291607126482357,0.770587026008187,0.950152533509292
BSU_22230,ypqE,1781.07919651016,0.195265232680611,0.258046187747736,0.756706519809162,0.449225707885601,0.84414847365364
BSU_22240,ypqA,0.418477067323005,-1.72604507957346,3.49242623092902,-0.494225207761744,0.621147139066717,
BSU_22250,yppG,17.5505536600951,-0.623643523448618,0.711381203203293,-0.876665732297114,0.380668224711712,0.807631204314015
BSU_22260,yppF,1150.14385567295,0.516273224058559,0.187532414511301,2.75298126675295,0.0059055275363067,0.15648961238154
BSU_22270,yppE,319.13370637342,0.204861497519997,0.301331622926678,0.679853961327667,0.496596935114197,0.863577215459756
BSU_22280,yppD,16.0505080056427,0.464284509409685,0.719509247896031,0.645279418947474,0.518746127553749,0.871482359396837
BSU_22290,sspM,13.1443832234727,1.60330525224869,1.02388868571297,1.56589800690322,0.117372496542785,0.529959494252577
BSU_22300,yppC,8.83493324046417,0.307043998233076,0.860066036295744,0.357000492143019,0.721091437303957,
BSU_22310,recU,527.174605410913,-0.326306251617558,0.1921240871968,-1.69841406342407,0.089429639634893,0.478274980376704
BSU_22320,ponA,9783.25548928026,-0.279230969085328,0.159814081579528,-1.74722381360603,0.0805985225097153,0.457376157672906
BSU_22330,ypoC,768.929324411093,-0.0443925738925541,0.184761211166414,-0.24026998747356,0.810120960126661,0.960898663363364
BSU_22340,nth,475.847723905432,-0.0029831828540287,0.194963786694096,-0.0153012151877696,0.987791873017752,0.998287005490999
BSU_22350,dnaD,1417.74295599725,-0.0880861323944354,0.193750659282618,-0.454636555666873,0.649370731166331,0.91404160482802
BSU_22360,asnS,9677.11609152675,0.214529429559069,0.161825257923083,1.32568569525183,0.184943827584698,0.63149736404584
BSU_22370,aspB,9636.76741995013,-0.0660804983848484,0.196520755668275,-0.336252006360038,0.736680838245486,0.943089892697568
BSU_22380,tseB,2422.12422888446,-0.0122208270177736,0.173510253546712,-0.0704328808699684,0.943849121074182,0.993454444844946
BSU_22390,ypmA,336.129636946694,-0.146915271101664,0.205321336153573,-0.715538257513463,0.474276509724332,0.854994493900296
BSU_22400,dinG,5164.55666767613,-0.148800249487075,0.193064331832171,-0.770728845017452,0.440867670799922,0.839097829845492
BSU_22410,panD,627.667457305128,-0.341473082103599,0.180204468257514,-1.89492017265427,0.058102978206033,0.405332017465806
BSU_22420,panC,1106.74607907498,-0.269650098427472,0.237134089057008,-1.13712077204829,0.25548780146573,0.707818146224404
BSU_22430,panB,1562.11592477399,-0.26840373653576,0.181905864374611,-1.47550898074962,0.140075755604626,0.570441023078983
BSU_22440,birA,1393.98049783445,-0.110199728548058,0.187895119609024,-0.586495959966194,0.557542275657922,0.888700283549077
BSU_22450,cca,1900.69660931836,-0.052846106581716,0.178761883946676,-0.295622900223404,0.767518083056995,0.94988684690604
BSU_22460,bshA,1738.41661128415,0.0775462903127868,0.189574620058292,0.409054177658075,0.682499902567799,0.930797046120767
BSU_22470,bshBA,828.479402342497,0.0737104818333081,0.184993660493755,0.398448690817685,0.690299472600338,0.930901812486046
BSU_22480,mgsA,592.654745832051,0.0428694957417948,0.197090731029744,0.217511475642785,0.827809764802461,0.963874479709582
BSU_22490,dapB,1538.15581738171,0.0270556498372601,0.174651442187244,0.154912261235459,0.876890487272163,0.981195901612435
BSU_22500,ypjD,403.390391720895,0.151459063210911,0.21109004897322,0.717509252319734,0.47305992951448,0.854373606876287
BSU_22510,ypjC,771.624169625759,0.0175650946959823,0.205292143790233,0.0855614558437767,0.931815039832885,0.99005347982244
BSU_22520,ypjB,729.751589930497,-0.430067036011461,0.274981060353316,-1.56398784504969,0.117820422947794,0.529959494252577
BSU_22530,ypjA,321.782887903053,-0.831547517558025,0.341832764505317,-2.43261502086086,0.0149902295777793,0.237642726838208
BSU_22540,qcrC,2536.6490699653,0.534632396267701,0.222150786287678,2.40661941918751,0.0161009390110824,0.245508592936161
BSU_22550,qcrB,2010.85541187729,0.414135885597506,0.295458727180665,1.40167085111781,0.161013558838202,0.602857701554466
BSU_22560,qcrA,1227.72972833227,0.316349497205151,0.285096035089056,1.10962433099546,0.267160942144461,0.720544898780578
BSU_22570,ypiF,161.857934384165,0.336944974428883,0.364802125464995,0.923637640541145,0.355675009436757,0.789839723568562
BSU_22580,ypiB,1210.79560144273,0.266617333538369,0.26417881784666,1.00923054963901,0.312864078645894,0.753466962139453
BSU_22590,ypiA,1469.0379769574,0.0996406478860599,0.225076742316741,0.442696330418003,0.657985397058221,0.917539978699872
BSU_22600,aroA,2501.35814054459,0.209675315072805,0.172601102063728,1.21479708162807,0.224443494201198,0.677846806036469
BSU_22610,tyrA,1863.6691065958,0.135482508816281,0.199925718838391,0.677664232513265,0.497984609567585,0.863577215459756
BSU_22620,hisC,2550.23637351387,-0.0217527992808647,0.20175752591774,-0.107816544547308,0.914141218742749,0.986492212014393
BSU_22630,trpA,1198.54337053187,-0.0638665491513255,0.196172183996732,-0.325563736153284,0.744754452917781,0.94456559361411
BSU_22640,trpB,93.6918971113992,-0.422836386952378,0.376378031375786,-1.12343535409538,0.26125264173359,0.713065872345156
BSU_22650,trpF,37.2042382185753,-0.126619231108884,0.463111946347203,-0.273409554876729,0.784538408773367,0.952497420608812
BSU_22670,trpD,36.4130958349779,-0.460256073198253,0.441726568289162,-1.04194790678056,0.29743583146399,0.7467616289065
BSU_22680,trpE,422.193698041782,0.0567124737039754,0.330542488955467,0.171573929521709,0.863772504712444,0.975843819599681
BSU_22690,aroH,2025.65235085058,-0.057693628536364,0.168202107553855,-0.343001817131759,0.731597093121648,0.94216781191762
BSU_22700,aroB,3179.80911954195,-0.101248643454109,0.173067848501365,-0.585022835441963,0.558532362345678,0.888981124998444
BSU_22710,aroF,3205.42665183616,-0.0973607057943218,0.211039558602522,-0.461338653468727,0.644555657100162,0.91404160482802
BSU_22720,cheR,1012.40684460614,-0.166514473275906,0.207082731444963,-0.804096373048669,0.421341319087667,0.827560752092051
BSU_22730,ndk,32080.0778042948,0.387224229779989,0.194639324022791,1.98944499896973,0.0466521069666674,0.371345630486349
BSU_22740,hepT,3192.59608505264,-0.0764590479792183,0.194319892978515,-0.39346999839935,0.693972378566524,0.93192553433051
BSU_22750,menG,1441.88207615205,-0.0357707390931122,0.173596716895485,-0.206056541464711,0.836746745136569,0.966128106017513
BSU_22760,hepS,3208.80749176574,0.0139108270727875,0.164483111247693,0.0845729811849153,0.932600879980677,0.990172246218659
BSU_22770,mtrB,942.336783676505,-0.0849579265403533,0.197317650745681,-0.430564251192378,0.66678523933681,0.92237085566155
BSU_22780,folEA,1585.59491173617,-0.28834375567969,0.189971008807612,-1.5178303125805,0.129057181350358,0.5460922321917
BSU_22790,hbs,62623.2878351456,0.19597021542045,0.17928090327535,1.09309029484009,0.27435415671928,0.726428268229269
BSU_22800,spoIVA,74.27683915676,0.192919269998891,0.374282835379693,0.515437128724279,0.60624759285928,0.898499791048637
BSU_22810,yphF,1680.57322183402,-0.250530696012938,0.246363359289766,-1.01691540793722,0.309193672875826,0.750832671085464
BSU_22820,yphE,212.588215174291,-0.121467945609227,0.286914258516964,-0.423359739028255,0.672032814653413,0.926422047805516
BSU_22830,gpsA,2736.15304062431,-0.419341347658222,0.236346019625452,-1.77426871128513,0.076018713428252,0.446223177958648
BSU_22840,der,3390.83228889224,-0.386703980254928,0.242566522577204,-1.5942182628761,0.11088715741958,0.519353867682321
BSU_22849,ypzH,9.11927366119851,-0.321141233473489,0.788175270090966,-0.407449009959961,0.683678237198735,
BSU_22850,yphB,36.4511764483437,-0.598549490152728,0.539714362381009,-1.10901160293782,0.267425176570661,0.720544898780578
BSU_22860,yphA,25.076975663928,0.086426897808505,0.468614506950936,0.18443069202199,0.853675594025733,0.974508540493037
BSU_22869,ypzI,69.4291479823131,0.44794408880452,0.436603471742679,1.02597463784833,0.304903538970319,0.749682542382862
BSU_22870,fni,4170.7153615632,-0.0086479386079417,0.161398594274385,-0.0535812511058171,0.957268794500867,0.993873523665461
BSU_22880,rpfA,25789.0276553871,0.313966231231267,0.177721180878964,1.76662246828695,0.0772914755905419,0.446234178571192
BSU_22890,cmk,3826.32152082689,-0.279016448644911,0.177719607177925,-1.56998123659801,0.116419476554106,0.529959494252577
BSU_22900,ypfB,253.834897417636,-0.0618856439183814,0.22776308885476,-0.271710592921598,0.785844555651978,0.952791805714614
BSU_22910,dgrA,903.298468053894,-0.0230948132186362,0.175827733372888,-0.131349092521472,0.895499157941542,0.984517604748476
BSU_22920,sleC,94.1681967476209,-0.0835081865539318,0.376365097674524,-0.221880793596192,0.824406682376778,0.963874479709582
BSU_22930,sleB,4.02534006124493,0.0811578230703379,1.04116723439127,0.077948883128067,0.93786871455735,
BSU_22940,prsW,915.661885911264,0.295237235565778,0.193316878962293,1.52721912928961,0.126706531093798,0.543125098411719
BSU_22950,ypdA,3910.54409946106,1.46686975350453,0.211817144328852,6.9251700949531,4.3545198841445696e-12,2.8993844895262603e-09
BSU_22960,gudB,30389.6520268267,-0.125646286411632,0.17191294332251,-0.730871591069899,0.464857589879362,0.849886435258949
BSU_22970,mecB,2385.88717554907,0.0514810379828761,0.232722612038108,0.221212015162696,0.824927354249065,0.963874479709582
BSU_22980,ypbG,144.50678096463,-0.0960446567749847,0.317799906414778,-0.302217385330604,0.762486351950174,0.948838562300488
BSU_22990,ypbF,134.675145619954,-0.19892684128344,0.256078654625976,-0.776819300202859,0.437265388231029,0.837423299005535
BSU_23000,ypbE,723.778181908429,-0.125455026996766,0.186382951456636,-0.673103553819165,0.500881413170774,0.865868128782883
BSU_23010,ypbD,476.567389081848,0.0357278758350336,0.260108145009959,0.137357774143004,0.890748005974655,0.984381268013484
BSU_23020,recS,1209.13155495733,-0.0781588840761611,0.220735116218337,-0.354084503703758,0.723275555015126,0.939822102692
BSU_23030,gmmB,643.392204594492,-0.153340758927891,0.215301704206513,-0.712213400692868,0.476332639947074,0.855536094471728
BSU_23040,fer,3689.37787743583,0.0111193485705397,0.210061957498312,0.0529336615871015,0.957784763914832,0.994115388890557
BSU_23050,fmnP,665.466037056221,-0.106852025959793,0.237944586264814,-0.449062647892627,0.65338646445918,0.915566091025754
BSU_misc_RNA_78,fswB,137.382695432748,0.445611371337775,0.297052410520654,1.50011026861131,0.133585841449055,0.55445533799756
BSU_23070,serA,16847.365714027,0.169906426003094,0.223764595251529,0.759308798660063,0.447667855395669,0.84414847365364
BSU_23080,aroC,891.652181473627,0.338166734305957,0.204715108827294,1.65188947822727,0.0985570833875381,0.499031112969854
BSU_23090,rsiX,1668.75313615101,0.125738533577497,0.198125094881849,0.634642136840264,0.525661839905135,0.87355872754797
BSU_23100,sigX,1057.43243541104,0.0743907927741036,0.180470862174735,0.41220389750273,0.680189980675473,0.930400779595188
BSU_23110,resE,4793.53100052703,0.0031318659059593,0.203972338559995,0.0153543658324934,0.987749469920344,0.998287005490999
BSU_23120,resD,1417.2881100522,-0.0867594809266384,0.231151076090477,-0.375336694918431,0.707410079025664,0.936177066481487
BSU_23130,resC,1827.10773104262,-0.141690315929807,0.271532601495104,-0.521816957336379,0.601797781801292,0.898499791048637
BSU_23140,resB,3103.200937994,-0.0780469792594163,0.204054960468995,-0.382480186122577,0.702105222936726,0.934036085791615
BSU_23150,resA,1548.1867314029,0.0098539209384147,0.201262373257965,0.0489605721074582,0.960950717134464,0.995053328470775
BSU_23160,rluB,1647.31029077296,-0.134000080073058,0.178516940916439,-0.750629488636495,0.452875669077177,0.844254922054747
BSU_23170,spmB,18.1934173251595,-0.542821400059363,0.619877933623831,-0.875690794292366,0.381198151227631,0.808326228319737
BSU_23180,spmA,21.257064334078,-0.716518012168982,0.575145074694959,-1.24580396093803,0.212836375068731,0.664282279999671
BSU_23190,dacB,55.1240254752404,-0.107021792045334,0.408784951935676,-0.261804627441799,0.793472071289252,0.955307888035457
BSU_23200,ypuI,1067.87628458013,-0.440261524981693,0.258804820051878,-1.70113340583627,0.0889179392720881,0.477383498611148
BSU_23210,spcB,877.302813467594,-0.405890660256279,0.236719790888571,-1.71464607472275,0.0864101358739766,0.471596301661935
BSU_23220,scpA,1178.34514824455,-0.412341244128298,0.206727660644756,-1.99461089455692,0.0460853344379333,0.371345630486349
BSU_23230,ypuF,144.891064019209,0.0436489885930935,0.245239866757239,0.177984881374533,0.858734849079053,0.974508540493037
BSU_23240,ypzK,2614.40968040464,-0.233321735717728,0.169561741156822,-1.37602818964885,0.168812905967079,0.613682673463064
BSU_23250,ribH,1333.50757915844,-0.305826158923882,0.185956471562435,-1.6446115392182,0.100049945689806,0.499649985791331
BSU_23260,ribBA,2658.53150392391,-0.488700106476779,0.168062866214208,-2.90784108045555,0.0036393323036412,0.125896784784402
BSU_23270,ribE,1326.86731544251,-0.410004793263663,0.218687559245607,-1.87484278793924,0.0608143547827763,0.412179871832095
BSU_23280,ribD,2792.3459833233,-0.445547824019464,0.16962430614327,-2.6266744085788,0.0086223792956249,0.192899858883925
BSU_misc_RNA_36,fswA,206.729242767625,-0.102622839555718,0.298463398596496,-0.343837267947411,0.730968671314304,0.94216781191762
BSU_23300,ypuD,122.601549434059,0.338666703443032,0.269039922553654,1.2587972083418,0.208103588954939,0.65929540884759
BSU_23310,sipS,1689.83217952105,-0.16067867907652,0.170938359988533,-0.93998023081126,0.347227701230321,0.781283850586233
BSU_23320,ypzC,3.94789787658982,-0.53143325339751,1.38849206223184,-0.382741297449905,0.70191159082781,
BSU_23328,ypzJ,132.30950452198,-0.314440264482588,0.254706872960797,-1.2345181770222,0.217009877676488,0.667401432884966
BSU_23340,ypuB,4.66540529397559,1.25755771006173,1.49838072206345,0.839277822748495,0.401313425172928,
BSU_23350,ypzD,7.20592628085813,-0.971086532976317,1.06911730948881,-0.908306810073661,0.363716145511407,
BSU_23360,ppiB,598.278349140655,0.0272146915448195,0.242187592787592,0.112370296230195,0.910529806307609,0.985681580424162
BSU_23370,ypuA,1244.18128457286,-0.183378660457097,0.224711067367958,-0.816064213503199,0.414463410336663,0.822183336552756
BSU_23380,lysA,4054.30026126606,-0.452306697024909,0.218020062846033,-2.07461043318904,0.0380226543733275,0.342851027212736
BSU_23390,spoVAF,93.8816144374056,-0.35192243252073,0.339811530321953,-1.03564005667289,0.300370097111813,0.749682542382862
BSU_23401,spoVAEA,18.0886473369468,-0.450077508612719,0.641544273470384,-0.701553310074859,0.482957777661922,0.860962214082722
BSU_23402,spoVAEB,1.424653558731,-0.368712612072068,2.12358497269655,-0.173627435121597,0.862158269389137,
BSU_23410,spoVAD,4.68995915379903,1.06341123064208,1.18507847288186,0.897334020468778,0.369540708099669,
BSU_23420,spoVAC,0.313527121684503,-0.236719037514441,3.48057043090123,-0.06801156368301,0.945776429112425,
BSU_23430,spoVAB,0.0,,,,,
BSU_23440,spoVAA,0.457814745702324,1.05061012464305,3.48148944496782,0.301770302983862,0.762827170865925,
BSU_23450,sigF,388.431198789017,0.447125915904283,0.307642275500517,1.45339555552576,0.146113959779457,0.578518601901816
BSU_23460,spoIIAB,154.946951939395,0.611912343070741,0.373280754399046,1.63928178953633,0.101154586809273,0.501018112334922
BSU_23470,spoIIAA,114.916378441915,0.664894320840917,0.279986108487834,2.37474039134269,0.0175612967797304,0.256048834434391
BSU_23480,dacF,4.26922079861967,1.21062818817781,1.18833428789999,1.01876063032501,0.308316620580432,
BSU_23490,pupG,3433.5169399323,0.322491271507582,0.206215913034568,1.56385250178789,0.117852211293182,0.529959494252577
BSU_23500,deoB,3776.53288518315,0.241623195443717,0.218275254596277,1.106965587513,0.268308806911743,0.722125368781487
BSU_23510,ripX,1957.19367616944,0.0165312061407274,0.183630588938808,0.0900242505143639,0.928267943945112,0.99005347982244
BSU_23519,yqzK,25.0057791550614,0.0244595973440568,0.566341232561966,0.0431887984447266,0.965551034304407,0.995053328470775
BSU_23520,fur,1800.93433706227,-0.0012067215464692,0.170316333767344,-0.0070851780318245,0.99434689313533,0.999423131013604
BSU_23530,spoIIM,5.00982074210983,-0.0122535798039031,1.25392157922214,-0.0097722058595598,0.992203031916421,
BSU_23540,yqkK,7.6059121897104,0.0213141730370641,1.02843766565639,0.0207248078797858,0.983465179441829,
BSU_23550,mleA,3263.21283740144,1.0224365353699,0.336051120113084,3.04250298295642,0.0023461949193748,0.105315153965197
BSU_23560,mleN,1672.68830150556,0.805698054534455,0.405176477944716,1.98851142253225,0.0467551569798832,0.371345630486349
BSU_23570,ansB,702.604780157736,-0.021529076893213,0.184616683445525,-0.116615012746481,0.90716514044791,0.985668012326108
BSU_23580,ansA,396.917911453141,-0.117488228888041,0.247493190288083,-0.47471297594606,0.634991567855161,0.908592877357224
BSU_23590,ansR,127.139704442315,-0.052986190359937,0.307010115298939,-0.172587767371586,0.86297546782818,0.975824226995069
BSU_23600,yqxK,1034.49950942384,0.287416644183521,0.173224432034929,1.65921539362049,0.0970723967646007,0.494648246268597
BSU_23610,nudF,420.073334849056,-0.0256113211789267,0.20277143786306,-0.12630635482411,0.89948942612573,0.984517604748476
BSU_23616,mciZ,0.0,,,,,
BSU_23620,yqkF,1206.77097155421,0.366126669610673,0.28039445596917,1.30575573737781,0.191635636750338,0.639478511907615
BSU_23630,yqkE,226.760453663536,0.612337075801123,0.400441417098098,1.52915520137398,0.126225973371631,0.543125098411719
BSU_23640,yqkD,146.446658874308,0.106202970906531,0.319996099156216,0.33188832984706,0.739973582848512,0.943728055241868
BSU_23650,yqkC,627.209365011778,0.240126667229625,0.228956413231737,1.0487876877534,0.294275845385467,0.743184468797789
BSU_23660,yqkB,498.833852497469,0.0168464675366935,0.208078181536747,0.0809622009010033,0.935472013094095,0.991494616309619
BSU_23670,yqkA,1279.76816760398,-0.135642534096482,0.252072914844235,-0.538108325443457,0.590502265069922,0.898004015589775
BSU_23680,yqjZ,392.735066636726,-0.207641768083261,0.253745598651078,-0.818306875812201,0.413181980952232,0.822183336552756
BSU_23690,yqjY,715.959419443825,-0.0319399938490658,0.273361496418495,-0.116841597180051,0.906985579705725,0.985668012326108
BSU_23700,yqjX,5.80314564903617,0.938332927479433,1.30664803981039,0.718122171304518,0.472681960693872,
BSU_23710,polYB,13.9855645823317,0.713429090981054,0.691968043220934,1.03101450705762,0.302534016852053,0.749682542382862
BSU_23720,yqzH,127.785653922461,-0.0988378052966121,0.270642525244579,-0.365196878085928,0.714964448530686,0.938765949119386
BSU_23730,yqjV,153.834199866036,-0.409865409692475,0.281957812681015,-1.45364090391836,0.146045890211586,0.578518601901816
BSU_23740,yqjU,31.4565106248712,0.575060247373974,0.517889334980061,1.1103921408154,0.266830083382474,0.720544898780578
BSU_23750,yqjT,499.909963129002,-0.0705966863795383,0.190608740515624,-0.370374864177603,0.711103199735968,0.93726733188558
BSU_23760,coaA,729.367340145888,-0.277350013786957,0.178365845276999,-1.55495023924697,0.119957920909822,0.532090539518177
BSU_23770,dsdA,619.553939237175,-0.0826535853504932,0.189539138998166,-0.436076610811728,0.662781146306181,0.920337392941673
BSU_23780,yqjQ,401.4735982392,-0.326980099050887,0.207221349613626,-1.5779266936566,0.114582451734032,0.527436515128117
BSU_23790,yqjP,309.640367122796,-0.0132077216695373,0.216669564636501,-0.0609579000709929,0.951392737545813,0.993454444844946
BSU_misc_RNA_91,pswI,112.304573076178,-0.402866002462754,0.363130037646252,-1.10942626799497,0.267246335698388,0.720544898780578
BSU_23800,proI,211.467316248039,-1.25626961448973,0.298741217622702,-4.20521019659345,2.6083962395484e-05,0.0032564196803112
BSU_23810,yqjN,752.883827532042,0.280751838545946,0.183798142803201,1.52750095438427,0.126636490082241,0.543125098411719
BSU_23820,yqjM,787.038624350453,0.133129578598365,0.213833156330256,0.622586229764821,0.533556462489867,0.878025510526453
BSU_23830,yqjL,358.100103432736,-0.327972725303445,0.209047531475966,-1.56889068714572,0.116673412240944,0.529959494252577
BSU_23840,rnz,683.203735462003,-0.192458037888739,0.216497287201466,-0.888962815084346,0.374023064521783,0.804276149940409
BSU_23850,zwf,4218.1422453727,0.140811379202735,0.216628897466445,0.650011982932917,0.515684481329634,0.871367712607144
BSU_23860,gndA,17474.5656315414,0.469237717078157,0.190419175964778,2.46423562490867,0.0137305815122976,0.231234475658424
BSU_23870,polYA,338.804734233814,-0.284903355437412,0.203118959197965,-1.40264284812398,0.160723367789617,0.602335698235946
BSU_23880,mifM,171.963540260702,-0.0995414257270775,0.253716215111648,-0.392333716957248,0.694811654036507,0.93192553433051
BSU_23890,oxaAB,933.208420548561,0.135946505984144,0.207607355961882,0.654825092079611,0.51258037335778,0.870919974400856
BSU_23900,yqjF,17.2448674699144,-1.01689058275991,0.808589320769898,-1.25761070130345,0.208532581307886,0.65929540884759
BSU_23910,yqjE,3070.18939719594,0.0912708572169349,0.169988100939409,0.536924977175125,0.591319437189619,0.898258520476343
BSU_23920,yqjD,1952.24523466421,0.103635191562893,0.172485320132113,0.600834850661581,0.547949989330787,0.884920176655445
BSU_23930,yqjC,6.87324244424789,1.37549346297989,0.951210022845103,1.44604601501753,0.148164295907544,
BSU_23940,yqjB,10.3300199200726,0.442935328420011,0.940809907214327,0.470802151447907,0.637782028021367,0.909786441339083
BSU_23950,yqjA,508.42331394761,-0.469455641691043,0.28509332290158,-1.64667357661375,0.0996251581932608,0.499649985791331
BSU_23960,artR,132.815917848162,-0.474008363126128,0.289103014318199,-1.63958291560535,0.101091917712895,0.501018112334922
BSU_23970,artQ,70.8544753059893,-0.333451507815354,0.326624331035695,-1.02090222965941,0.307300762672845,0.749682542382862
BSU_23980,artP,177.473422624548,-0.857079810128245,0.312696670996136,-2.74093039557443,0.0061265484477867,0.15924680380109
BSU_23990,brxB,1540.14099698902,0.248083331552205,0.244845189480336,1.01322526319076,0.310952576115416,0.752375160381872
BSU_24000,bmrU,20.6732047841505,-0.342202655182054,0.834358513429856,-0.410138627069721,0.681704258700666,0.930797046120767
BSU_24010,bmr,922.832279368648,-0.397359707764224,0.224127952882683,-1.77291454570246,0.0762428680112351,0.446223177958648
BSU_24020,bmrR,115.037652530752,-0.267830337723942,0.291905456372675,-0.917524259573978,0.358867986521368,0.792127065505423
BSU_24030,bkdB,12487.2779249786,0.925697359778903,0.201817719510561,4.58679922666782,4.50093139810319e-06,0.0008173282243373
BSU_24040,bkdAB,7113.15572377573,1.027250804723,0.181914814295824,5.64687823088733,1.63387469272075e-08,6.52732939741939e-06
BSU_24050,bkdAA,9481.08639250167,1.02082950042369,0.203352084897391,5.02001000353054,5.16687887050135e-07,0.0001587821622127
BSU_24060,lpdV,11889.3182193901,1.05721893973509,0.211801807809348,4.99154823402987,5.98972204555117e-07,0.0001709209969426
BSU_24070,buk,9101.69154070117,0.996289878125455,0.229410618713176,4.34282372679131,1.40662993497586e-05,0.0020069594965102
BSU_24080,bcd,10331.6311484851,0.935668189269337,0.218783824100547,4.27667901462099,1.89702019859214e-05,0.0024913687148992
BSU_24090,ptb,9049.19689703833,1.03072588620825,0.212220783925748,4.8568564640157,1.19263981782659e-06,0.0002977872545135
BSU_24100,bkdR,691.349203746456,0.186624856706957,0.350173727811998,0.532949338812625,0.594068650014736,0.898499791048637
BSU_24110,yqzF,284.538280215944,0.076047218238957,0.205699007825378,0.3697014343575,0.711604962940223,0.937517130253359
BSU_24120,mmgF,117.215937758459,0.0692311048598569,0.286895320595585,0.241311376972394,0.809313793853676,0.960898663363364
BSU_24130,mmgE,50.4246464090857,-0.113475771956659,0.356354394010653,-0.318435169774466,0.750154863967568,0.9458383894937
BSU_24140,mmgD,13.080845131728,0.138982461966856,1.06101747449855,0.130989795462644,0.895783379889205,0.984517604748476
BSU_24150,mmgC,12.2229435336512,-1.57609607806552,1.16423543153738,-1.35376061866137,0.175812761509527,0.621018551927992
BSU_24160,mmgB,5.62167324673172,1.38615333485197,1.02231521634416,1.35589621742001,0.175132191211443,
BSU_24170,mmgA,6.41414507839243,-0.335544438331998,1.11993130333781,-0.299611625580918,0.76447341541582,
BSU_24180,glpQ,324.393547476982,0.34226636542698,0.292915242931391,1.16848260268636,0.242612152759664,0.697291762787666
BSU_24190,yqiI,29.2704148194364,0.515116633289085,0.66582360955083,0.77365330081429,0.439135842990589,0.838019987102254
BSU_24200,yqiH,19.2349331076383,0.0929359857964129,0.55896277034009,0.166265072966967,0.867948351167826,0.977595291567839
BSU_24205,BSU_24205,11.8667990983476,-0.415602525278999,0.838281822903379,-0.495779001672211,0.620050341474508,0.902733642197763
BSU_24210,yqiG,422.904647984659,0.428616850905901,0.291380730444555,1.47098557358947,0.141295018365549,0.571829095153621
BSU_24220,spo0A,2401.72836279901,0.140938098350665,0.206754954798501,0.681667331687505,0.495449328881774,0.863577215459756
BSU_24230,spoIVB,18.2800843036293,-0.482642064238882,0.642593483556821,-0.751084591719494,0.452601748158837,0.84414847365364
BSU_24240,recN,2101.13151770302,-0.141575297816534,0.20280461158539,-0.698087172228448,0.485122679821398,0.861133894076131
BSU_24250,argR,512.620565644877,-0.4070768596557,0.199360112042326,-2.04191728969973,0.0411597364246864,0.35438178236341
BSU_24260,yqxC,1909.37991670291,-0.272590878352348,0.174696194896674,-1.56037101159287,0.118672231106519,0.53030823632052
BSU_24270,dxs,3967.49275881449,-0.204770361949486,0.188277629571338,-1.0875979393606,0.276772640847169,0.728065190003818
BSU_24280,ispA,662.987959875802,-0.390809348863636,0.219916760167892,-1.77707851172998,0.075555323113191,0.44585452856307
BSU_24290,xseB,103.50663279336,-0.403161329086377,0.418576262779844,-0.963172938687222,0.335460743110797,0.772845222663197
BSU_24300,xseA,1147.05397193882,-0.481366583517866,0.239525092689705,-2.00967079529098,0.0444660429063747,0.367186012483413
BSU_24310,folD,5413.5850614354,-0.245151029851744,0.212789675730557,-1.1520814109523,0.249287621061288,0.703752680032019
BSU_24320,nusB,2451.29280920885,-0.210719384819853,0.2107563790793,-0.999824469087919,0.317395462002242,0.757250302082961
BSU_24330,yqhY,3469.44179956075,0.0074956364919273,0.231852055396387,0.0323293941867902,0.974209368280385,0.995053328470775
BSU_24340,accC,10097.3465051945,-0.205738395304307,0.194822157185335,-1.05603181012202,0.29095368205924,0.740356662309978
BSU_24350,accB,1783.88507396668,-0.248987625753391,0.215190352030138,-1.15705756974885,0.247248840419867,0.701238748189163
BSU_24360,spoIIIAH,29.8141618671714,0.120859945313877,0.539290751224909,0.224109063690344,0.822672440041675,0.963537676369379
BSU_24370,spoIIIAG,6.8508339000418,0.91328309463088,0.973110190449087,0.938519710917223,0.347977392233686,
BSU_24380,spoIIIAF,3.37243960553181,-0.231210259813815,1.7461558396819,-0.132411010838491,0.894659205971468,
BSU_24390,spoIIIAE,7.0451879575298,-1.31647143265271,1.12801708285362,-1.16706692891773,0.243183342005899,
BSU_24400,spoIIIAD,6.53081042708818,2.52378378914231,1.40321786939163,1.79856873561375,0.0720869266138718,
BSU_24410,spoIIIAC,3.8882450512411,-1.5463674786441,1.69256589554268,-0.913623205286369,0.360914868730406,
BSU_24420,spoIIIAB,3.18721753123021,-0.410352359943516,1.44849545343619,-0.283295580231238,0.776950265038488,
BSU_24430,spoIIIAA,18.4034961335437,-0.734908690284711,0.777932380500346,-0.944694820148811,0.344814702276856,0.780437022674026
BSU_24440,yqhV,1.71791687373386,0.634714347189524,2.34011400517759,0.271232233038731,0.786212423445442,
BSU_24450,efp,5804.42844290803,-0.0767009062457894,0.165568780812699,-0.463257057697114,0.643180122325469,0.914029678957675
BSU_24460,papA,8269.61504968512,-0.0895175772600152,0.176847569937158,-0.506184943857723,0.612726823527452,0.898563702169665
BSU_24470,yqhS,1041.98252453132,0.297723191511409,0.177801913076293,1.67446562503329,0.0940391247314143,0.490452093083551
BSU_24480,yqhR,16.0113917315133,-0.618936937822008,0.70419208857691,-0.878931967373856,0.379438164542891,0.806735214129244
BSU_24490,yqhQ,727.715183516864,0.163556266681329,0.210409352169445,0.777324130296336,0.436967561957454,0.837259189458047
BSU_24500,yqhP,487.946904020708,0.315276199690625,0.301389669253721,1.04607500473155,0.295526404389617,0.744875700653955
BSU_24510,yqhO,18.3690636776964,-0.251189705916862,0.881592912501003,-0.2849270931685,0.775699998591399,0.950152533509292
BSU_24520,mntR,2693.75959862955,-0.0411156374982365,0.211786558113307,-0.194137143851402,0.846068498275646,0.971121795453261
BSU_24530,lipM,1025.01644503826,-0.127336804677367,0.282461437188579,-0.45081128930302,0.652125564073723,0.91508311502442
BSU_24540,yqhL,1847.4341240061,-0.344566940237278,0.346282435003011,-0.995045966551211,0.319713908518172,0.76072487464568
BSU_24550,gcvPB,7991.79462519809,-0.134286541984841,0.277243825525344,-0.484362606562594,0.628128551481878,0.906100640206111
BSU_24560,gcvPA,5514.6468719714,-0.114216598497826,0.294061661536956,-0.388410369107133,0.697712371972395,0.93192553433051
BSU_24570,gcvT,4776.04178594962,-0.206776284093196,0.301198058972067,-0.686512671425856,0.492389876541668,0.863246066392942
BSU_misc_RNA_37,swgA,1139.23976267619,0.0357577644837606,0.272903820042521,0.13102698407882,0.895753961212171,0.984517604748476
BSU_24580,yqhH,14.2284341579778,-0.0053732466031959,0.634461844776051,-0.0084689830404105,0.993242809961534,0.999423131013604
BSU_24590,yqhG,73.133828897445,0.0238578057629975,0.365763080972984,0.06522748468635,0.947992878105648,0.993454444844946
BSU_24600,sinI,168.027579309538,-0.100247798971547,0.357432505692918,-0.280466374419996,0.77911971993851,0.950152533509292
BSU_24610,sinR,1034.17143526655,0.242023229028635,0.237436608188479,1.0193172437694,0.308052380133218,0.750408084531833
BSU_24620,tasA,481.086490542993,-0.669723427805401,0.19840055540518,-3.37561266619275,0.0007365152900762,0.0490396430642465
BSU_24630,sipW,55.16196187391,-1.19995351722247,0.378509962769667,-3.17020325817071,0.001523323376011,0.0822388768535704
BSU_24640,tapA,31.4933570482676,-1.7797925899329,0.51911788164319,-3.42849409135981,0.0006069397469026,0.0449023016458502
BSU_24650,yqzG,3.96350695926962,1.05863532243257,1.81366410715482,0.583699770126287,0.559422321943059,
BSU_24660,spoIIT,13.7195590255334,0.427863514208109,0.64638188051855,0.661936120277478,0.508012161779898,0.86770573975802
BSU_24670,comGG,21.4563296182403,1.20238648164142,0.777929507980333,1.54562395346471,0.122195412772512,0.538086565424345
BSU_24680,comGF,7.20875163974036,-0.279232245229669,0.95198460704,-0.293315924611307,0.769280682605053,
BSU_24690,comGE,6.63948758667069,-0.937710838505012,0.901333685834904,-1.04035925123159,0.298173025871382,
BSU_24700,comGD,3.89509691890576,0.101663129279796,1.65441738827121,0.0614495048229812,0.951001227672327,
BSU_24710,comGC,3.63464260234517,-2.25514820321664,1.57119081178089,-1.43531147605205,0.151198358985172,
BSU_24720,comGB,17.2437633629895,1.38297281130494,0.91898241205989,1.50489584257116,0.132350857344965,0.552499138028353
BSU_24730,comGA,26.7973590838382,1.02205770651769,0.766448293395757,1.33349857429971,0.182368243056042,0.63149736404584
BSU_24740,yqxL,13.3319915642575,-0.822461606950556,0.84355598944942,-0.974993500416455,0.329563484007679,0.770125968053083
BSU_24750,yqhB,8.71657411304986,-1.01016314938511,1.3080993257198,-0.772237344308131,0.439973867154837,
BSU_24760,rsbRD,115.640421973346,-0.631286137569066,0.59187380282092,-1.06658908463308,0.286157431636047,0.738500606838507
BSU_tRNA_73,trnSL-Gln1,0.702832257492089,2.02447885339907,3.28628127796327,0.616039432465676,0.537868494784998,
BSU_24770,mgsR,223.301117790217,-0.933731184664173,0.617780014796692,-1.5114298978601,0.130678956736842,0.549857313940076
BSU_24780,yqgY,672.855338086681,0.555012665450459,0.183831049297673,3.01914539230933,0.0025348884906395,0.106598731790578
BSU_24790,yqgX,2645.10947522478,0.589362127176151,0.217857721500755,2.70526159511913,0.0068250618939355,0.170413264164202
BSU_24800,yqgW,1060.65285725504,0.0878739824158391,0.196422240349318,0.447372875187473,0.654605857219394,0.915938931272815
BSU_24810,yqgV,1190.02302241019,0.168644906597868,0.205519280073916,0.820579492771745,0.411885832648067,0.822183336552756
BSU_24820,yqgU,2143.89606940312,0.0584901002516879,0.196475182406552,0.297697141874431,0.765934325035815,0.949688192531632
BSU_24830,yqgT,1027.05950676695,-0.275461823997705,0.209109892748744,-1.31730651465967,0.187735902401512,0.634664652852087
BSU_24840,ltaSC,8677.55856334893,-0.0611172301268187,0.197577392816494,-0.309333113751446,0.757068144197878,0.946502986914746
BSU_24850,glcK,1188.95048747349,-0.332957582342277,0.19243142059427,-1.73026619724592,0.0835827259806252,0.46544879704514
BSU_24860,yqgQ,202.78481024078,-0.337336607270162,0.245361374303447,-1.37485620231719,0.169176029919269,0.613682673463064
BSU_24870,glpG,860.4911810441,-0.0909965419770727,0.178544597516377,-0.509657213059755,0.610291633745824,0.898499791048637
BSU_24880,yqgO,157.514090523949,0.219637605109805,0.445372616286942,0.493154713778582,0.621903273521032,0.904442510999826
BSU_24890,folN,399.76611749242,0.19574621609173,0.273463076716718,0.715804921241726,0.474111813262589,0.854994493900296
BSU_24900,rpmGA,1478.43427865008,0.344849450636899,0.234928753517466,1.46788950042788,0.142134240672727,0.571829095153621
BSU_24910,yqgM,221.348283346746,-0.171641798883332,0.314822063206282,-0.545202572955844,0.585614202126643,0.896685965943419
BSU_24920,yqgL,124.739904053259,-0.587192602430564,0.313788826591437,-1.87129863357151,0.0613036998427319,0.412179871832095
BSU_24930,yqzD,2036.07549947541,0.114928914165707,0.180517001515108,0.636665317953933,0.524342869024572,0.872696418887785
BSU_24940,yqzC,4464.38174159408,0.0461036391759034,0.198678278816748,0.232051734343981,0.816497832068498,0.961157874739822
BSU_24950,pstBB,19.5892650503073,-0.280208760814757,0.602899230012681,-0.464768815194645,0.642097022163175,0.913524787586142
BSU_24960,pstBA,18.7022718479579,-1.21755500741153,0.95427612716312,-1.27589381391222,0.2019930581363,0.651773459586235
BSU_24970,pstA,6.18457468256466,0.79353822625461,1.4200711089531,0.558801753835848,0.576297025395785,
BSU_24980,pstC,15.9231952209743,0.666814528199234,0.72486194343714,0.919919350486718,0.357614906018318,0.790695160203135
BSU_24990,pstS,46.4051006207318,0.644040373858347,0.531233090672396,1.21234988024403,0.225378477649616,0.678810527733275
BSU_25000,pbpA,6219.41115645063,-0.180095015243796,0.179201082611029,-1.00498843321559,0.314902419551436,0.755484644051188
BSU_25010,yqgE,15.1597474467657,-0.535960215164361,0.600990454606699,-0.891794888015491,0.372502882229986,0.804171636469368
BSU_25020,sodA,50141.4634146917,0.526273901998013,0.168828374906749,3.11721238973423,0.0018256999067468,0.0889472088713849
BSU_25030,yqgC,379.137653818346,-0.328232482109652,0.209990714116434,-1.5630809366535,0.118033558903058,0.529959494252577
BSU_25040,yqgB,475.636683395989,-0.355088685496537,0.224726526077634,-1.58009244255335,0.114085697789304,0.526927665898061
BSU_25050,yqgA,4590.6321763838,0.0989074002560958,0.198068438933163,0.499359720250391,0.617525990193424,0.90037092365793
BSU_25060,yqfZ,27.0721116067677,0.453258028196365,0.65254644470149,0.694598877791311,0.487306715728554,0.862174636552513
BSU_25070,ispG,2300.5100605908,0.0560179960840249,0.192777895952274,0.290583086859155,0.771370196901075,0.950152533509292
BSU_25080,yqfX,17.621186388257,2.57082804916233,0.911061635556444,2.82179377204503,0.0047755876104883,0.136863106354096
BSU_25090,yqfW,1213.39747686323,-0.202475202184241,0.212890580040207,-0.951076379922502,0.341565604125848,0.77752398204146
BSU_25100,zur,901.368400878853,0.323432130903448,0.22227146773066,1.45512212703508,0.145635454458099,0.57834357908559
BSU_25110,yqfU,520.924057679058,0.178378140856447,0.241129202068688,0.739761668541639,0.459444621502341,0.845233699123938
BSU_25120,yqfT,8.24679078603068,-0.29642192253464,0.794340587854722,-0.373167287517295,0.709023941318013,
BSU_25130,nfo,1645.69317866481,0.0066287756309148,0.179978593893466,0.0368309113184793,0.97061982709472,0.995053328470775
BSU_25140,cshB,1709.57025725613,-0.1559691516566,0.179364679323838,-0.869564466340678,0.384538463592804,0.811532573720682
BSU_25150,yqfQ,4.40203715394755,-0.189699581313872,1.68826949297604,-0.112363329493962,0.910535329976827,
BSU_25160,ispH,665.210567643773,-0.301132400780112,0.201021467344916,-1.4980111565071,0.13413035187675,0.55463706281513
BSU_25170,yqfO,2409.58630728521,-0.161406685792362,0.214005928322002,-0.754215955875312,0.450719558154035,0.84414847365364
BSU_25180,trmK,1290.45318009844,-0.152459690914419,0.201327374485376,-0.757272533375701,0.448886602776035,0.84414847365364
BSU_25190,cccA,1183.37156869543,0.106386323958859,0.234157793773981,0.454336036585432,0.649586982432004,0.91404160482802
BSU_25200,sigA,4214.61629999786,-0.0821853331957296,0.209328861852645,-0.392613481334377,0.694604980874028,0.93192553433051
BSU_25210,dnaG,6148.25008233853,0.153791869990821,0.169492548139278,0.907366557876307,0.364212988000658,0.797051924119763
BSU_25220,antE,5.32461472694736,-0.371398461009865,1.12719173616001,-0.329490049559006,0.741785313768482,
BSU_25230,yqxD,2333.32816496168,0.232484243072619,0.182831801822125,1.27157442390028,0.203524368812361,0.653076187474201
BSU_25240,ppsR,1413.36795682115,0.130659136517348,0.204175029454048,0.639936905441977,0.522213619533662,0.872696418887785
BSU_25250,ccpN,1172.7510708284,-0.0593196996644188,0.216419376370838,-0.274096065976892,0.784010797006688,0.952302564317944
BSU_25260,glyS,5017.05662575571,-0.417668175939053,0.225420948414975,-1.85283656588194,0.0639057874427258,0.419132146462597
BSU_25270,glyQ,1737.58164005864,-0.469976211394214,0.23633929634868,-1.98856567086008,0.0467491637046847,0.371345630486349
BSU_misc_RNA_39,tboG,972.347224731072,-0.0063169579806703,0.182562977160584,-0.0346015280804381,0.972397482998987,0.995053328470775
BSU_25280,recO,2612.60322056292,-0.0231282854940797,0.188574305112307,-0.122648127910669,0.902385741552647,0.984997682274009
BSU_25289,yqzL,377.688253835473,-0.0653344457577286,0.239903417866026,-0.272336452472781,0.785363330033899,0.952497420608812
BSU_25290,era,3474.81638539086,-0.132166105652367,0.200094130232428,-0.660519653919101,0.508920410271327,0.868490832564696
BSU_25300,cdd,1158.61684305656,-0.0350432047795705,0.194651355570965,-0.180030622837326,0.857128527408955,0.974508540493037
BSU_25310,unpK,395.627470394191,-0.113516659846191,0.191127993220822,-0.59393005667693,0.552558894887766,0.886311386131263
BSU_25320,rnrY,956.156930911562,-0.121335817977575,0.174390692050918,-0.695770035376362,0.486572857521841,0.862174636552513
BSU_25330,pgpH,3524.93789535223,-0.196634856648488,0.164978664326742,-1.19188052255684,0.233308096414774,0.687259627898765
BSU_25340,phoH,7829.98854891436,-0.0427448913232156,0.182922191789461,-0.233677996666549,0.815234970984445,0.960898663363364
BSU_25350,yqfD,41.9253151903382,0.34549720800667,0.427997346650008,0.807241471730894,0.419527376750286,0.82643583339122
BSU_25360,yqfC,8.79908819031939,-0.246295247659022,1.09467078527292,-0.22499481211387,0.821983310137209,
BSU_25370,yqfB,874.108643965863,0.194095327530663,0.275370032173553,0.704852761205089,0.480901870290315,0.86075401962805
BSU_25380,floA,994.426333862221,0.292190195299249,0.296959642075831,0.983939074201322,0.32514547003079,0.766345812845432
BSU_25390,nfeDA,1537.56523544557,0.309898317509202,0.322573236731715,0.960706847998507,0.336699587039194,0.772977856897842
BSU_25400,yqeY,37571.5375235862,0.173710372157929,0.18723464349412,0.927768328105289,0.353527756306236,0.786820828102179
BSU_25410,rpsU,8554.82765711815,0.306921941427076,0.20222220877045,1.51774596515991,0.129078451665793,0.5460922321917
BSU_25420,yqeW,17.3388127753793,0.791017595728329,0.825720123716208,0.957973014110764,0.338076366502271,0.772977856897842
BSU_25430,mtaB,4481.24856345281,-0.463255992637145,0.202868315273457,-2.28353053562207,0.0223991362841072,0.279175924422166
BSU_25440,rsmE,1787.91665022794,-0.481051272979602,0.194546881347022,-2.47267532457398,0.0134105915747183,0.229936967128754
BSU_25450,prmA,3400.06408957231,-0.343817443372436,0.219247641393673,-1.56816940509335,0.116841602474786,0.529959494252577
BSU_25460,dnaJ,3279.13213485358,-0.322826011909131,0.265583501827833,-1.21553488709704,0.224162151171509,0.677846806036469
BSU_misc_RNA_79,surC,8.64219104556696,-1.19889113273718,1.1258955781251,-1.06483332560346,0.286951361413899,
BSU_25470,dnaK,20669.0995143414,0.80435022090218,0.368516516276548,2.18267074981944,0.0290600654660624,0.307974414156685
BSU_25480,grpE,5238.67647293738,0.835845436518011,0.381335842568707,2.191887945512,0.0283875987039581,0.30620852715916
BSU_25490,hrcA,2597.36761329331,0.849994028311411,0.457961904622966,1.85603653869682,0.0634483501463981,0.418571906826974
BSU_25500,hemN,559.473342287878,-0.0278949753603095,0.271266764810165,-0.102832263214518,0.918096098649203,0.988106981896934
BSU_25510,lepA,3908.65921856274,-0.309828789922583,0.212232501940727,-1.45985552207792,0.14432978543194,0.575446599601397
BSU_25520,yqxA,14.2112439703043,0.858699675847787,0.763325226263363,1.12494602078239,0.260611908839285,0.712723971826973
BSU_25530,spoIIP,28.8379860030708,0.508256326457521,0.506780915728029,1.00291133837858,0.315903641463971,0.756194871089364
BSU_25540,gpr,30.243524947554,-0.0208497431618556,0.520802214264363,-0.0400338988406685,0.968066100580304,0.995053328470775
BSU_25550,rpsT,39507.725715811,0.539537753370092,0.251334435404594,2.14669252345606,0.0318177683868174,0.318576402770265
BSU_25560,holA,918.756084851243,-0.0450463439494508,0.198775801452747,-0.226618852094827,0.820720131792511,0.962930081207366
BSU_25565,BSU_25565,2.56279720280192,0.257983426092381,1.64666734176653,0.156670032585707,0.875504905907582,
BSU_25569,yqzM,69.4544517563256,0.434238109043643,0.327781919006059,1.32477749340291,0.185244961762398,0.631984305927224
BSU_25570,comEC,205.995124045581,0.222264712938755,0.255796615106088,0.868911861271403,0.384895341348546,0.811850913939053
BSU_25580,comEB,580.150565550096,0.25701537526998,0.189042091108437,1.35956692905261,0.17396700937572,0.619071406258145
BSU_25590,comEA,13.6334639765389,0.73490098921794,0.847253294703057,0.867392306188088,0.38572709596574,0.812324590607871
BSU_25600,comER,14.7928546147866,1.79646939194958,1.02212702584356,1.75757938742198,0.0788191031235009,0.450637596028703
BSU_25610,yqeM,2922.1511616797,-0.450566769026611,0.271045661464326,-1.66232791402165,0.0964470438152371,0.494494836702344
BSU_25620,rsfS,1347.45551008756,-0.455886615513522,0.229907813076013,-1.98291049535926,0.0473774281220196,0.372584301865095
BSU_25630,yqeK,1489.794972496,-0.511750901273701,0.262566528828858,-1.94903327380034,0.0512914512258791,0.380465319049256
BSU_25640,nadD,1965.22930747349,-0.385389620781561,0.252664445918548,-1.52530214284997,0.127183753553921,0.543623116750728
BSU_25650,yqeI,999.048260381948,-0.258096425310411,0.256895333344336,-1.00467541371982,0.315053170710708,0.755484644051188
BSU_25660,aroE,2353.98489925435,-0.419966705170415,0.280005029921028,-1.49985414650894,0.133652187857735,0.55445533799756
BSU_25670,rgpH,1874.0447712128,-0.418265924430432,0.266646596438438,-1.56861527586383,0.116737610830724,0.529959494252577
BSU_25680,yqeG,794.539525521419,-0.275065298471289,0.250180045244621,-1.09946937695345,0.271563384139291,0.725197673553789
BSU_misc_RNA_80,sdaM,177.929761826209,-0.1926030670895,0.409880539645464,-0.469900491631286,0.638426113046264,0.909786441339083
BSU_25690,sda,202.10915837281,-0.763199831640059,0.34210929924733,-2.23086549625855,0.0256900398694884,0.292398032132781
BSU_25700,yqeF,199.492127359886,-0.220288840078965,0.284178386033013,-0.775178025162595,0.438234471288446,0.837900462131622
BSU_25710,cwlH,3.74970623163585,1.73538603740468,1.52545420768212,1.13761922754898,0.255279514304338,
BSU_25720,yqeD,189.046294384509,-0.0798184104595166,0.336145555902318,-0.237451928362579,0.812306208395347,0.960898663363364
BSU_25730,yqeC,26.2756503258002,-0.183084832178054,0.516284846489416,-0.35461980614573,0.722874436147519,0.939822102692
BSU_25740,yqeB,449.828925316371,0.015733289298871,0.245681176481117,0.0640394576589805,0.948938808602665,0.993454444844946
BSU_25750,nucB,15.201495462285,0.0222556036872358,0.645639471620729,0.0344706367337924,0.972501856919453,0.995053328470775
BSU_25770,spoIVCA,251.439216764184,0.0476674432755567,0.251207314103768,0.189753405252629,0.849502369644296,0.972558565088901
BSU_25780,arsC,303.662991987747,0.0324456753528459,0.268903462411974,0.120659195169222,0.903960980325068,0.984997682274009
BSU_25790,arsB,265.747632165881,0.195983102869086,0.280001713218795,0.699935370452336,0.483967667020066,0.861133894076131
BSU_25800,yqcK,116.366640075172,0.628202231025684,0.30916964140271,2.0319014123622,0.042163637539548,0.359155078828346
BSU_25810,arsR,61.3956579309518,0.693625340286311,0.41349882217614,1.67745421047619,0.0934536962909846,0.489168931583038
BSU_25820,yqcI,30.5290719455696,1.01589716347736,0.473047329885337,2.14755923836122,0.0317487864917593,0.318576402770265
BSU_25830,rapE,42.3823676029636,0.275163313183537,0.479111027682544,0.574320558878597,0.565750899499259,0.89151454337484
BSU_25840,phrE,177.840032300049,0.756684394683046,0.291288081711633,2.59771834891667,0.0093845434016695,0.201273220599028
BSU_25850,yqzI,32.7150967849103,0.446045256400363,0.542495664996398,0.822209807710307,0.410957497782155,0.822183336552756
BSU_25860,rttG,884.166488669762,0.134348909041389,0.185793007740063,0.723110684710765,0.469611885416691,0.85199794833773
BSU_25870,rttF,357.514896478286,0.188064327197077,0.224536600067766,0.837566468630589,0.402274231620964,0.820437215892481
BSU_25875,BSU_25875,4.34540405705176,-0.249529400613964,1.24140846505573,-0.201005074186249,0.840694606418192,
BSU_25880,yqxJ,58.1175696611363,0.234478522601046,0.468793130960817,0.500174825771165,0.616951982648211,0.899893075813292
BSU_25890,yqxI,154.011557918874,0.104951202565863,0.257123721378867,0.408173940556885,0.683145978604136,0.930797046120767
BSU_25900,cwlA,13.3555697226364,1.03109153819283,0.687454508880058,1.4998687547669,0.133648403018376,0.55445533799756
BSU_25910,yqxH,2.31244408326916,1.9797696091804,2.18808479730527,0.904795651255646,0.365573655954097,
BSU_25920,yqxG,16.9460427310513,-0.146227152480527,0.738838754101509,-0.197914838208983,0.843111694598109,0.969283686944304
BSU_25930,yqcE,0.416938184834116,0.0300516370466329,3.47235207507139,0.0086545478099351,0.99309475612367,
BSU_25940,yqcD,1.55020076338344,-0.658813165467358,2.15636881417299,-0.305519705690989,0.759970364000512,
BSU_25950,yqcC,6.69648632561705,0.0488375996175179,1.21031795539302,0.0403510494080535,0.967813255350212,
BSU_25960,yqcB,0.0,,,,,
BSU_25970,yqcA,1.16431305348265,-1.96936464764042,2.80231830562927,-0.702762653223362,0.482203675132386,
BSU_25980,yqbT,3.71781206362956,0.506224955996332,1.17269978755246,0.431674808309527,0.665977779224961,
BSU_25990,yqbS,0.418585150951948,-0.386643728562434,3.47381279015749,-0.111302408022081,0.911376545946753,
BSU_26000,yqbR,1.25285343670308,-0.319208591264074,2.75818005569655,-0.115731600119725,0.907865261246196,
BSU_26010,yqbQ,4.99038084743442,-1.96793871039602,1.44554467255668,-1.36138214733648,0.17339295490663,
BSU_26020,yqbP,5.53146834405908,1.16249225348283,1.13802693904036,1.02149800993559,0.307018551468942,
BSU_26030,yqbO,109.688732825415,-0.185952365782387,0.342543083928691,-0.54285832792087,0.587227349762996,0.896685965943419
BSU_26050,txpA,224.810274999587,0.176740502906536,0.28224405292134,0.626197438270888,0.531185447291478,0.876497459632413
BSU_misc_RNA_81,ratA,241.720077939099,0.381278712422954,0.350294396210122,1.08845221775756,0.276395519693032,0.728065190003818
BSU_26055,bsrH,80.3618307092039,0.874582120437227,0.355889744301624,2.45745243980956,0.0139926337104227,0.231952579556591
BSU_misc_RNA_92,asrH,56.9214552698847,-0.0369534683518978,0.437940771760259,-0.0843800594390128,0.932754261000239,0.990172246218659
BSU_26060,yqbM,12.9182869708577,0.0543238690683417,0.754158409146985,0.072032438290765,0.942576092870812,0.993454444844946
BSU_26075,yqbK,13.7593553716234,1.28510817891154,0.872098894539338,1.47358079107572,0.140594496420938,0.571388619737178
BSU_26089,yqzN,0.161668393749181,-0.65612661402917,3.52957103967443,-0.185894151627471,0.852527768591679,
BSU_26090,yqbJ,6.82220063395851,0.685113905329016,1.15003050148682,0.595735421315576,0.55135199118919,
BSU_26100,yqbI,7.76777915011271,0.628759950477281,1.02229220184206,0.615049150667807,0.538522261629799,
BSU_26110,yqbH,9.01410618078796,0.0731229949763378,0.954472535494493,0.0766108947686528,0.938933091656123,
BSU_26120,yqbG,107.031922419453,-0.589869813281793,0.514636759854264,-1.14618670739501,0.251717906740726,0.70701876116853
BSU_26130,yqbF,7.22679621542043,0.41809406075506,0.942243669026301,0.443721804134923,0.65724372926777,
BSU_26140,yqbE,12.7678793028789,1.36095249199856,0.85804456328469,1.58610933538077,0.112714509550495,0.524291314937642
BSU_26150,yqbD,20.6807944445606,-0.312217859062736,0.58829049162152,-0.530720559841385,0.59561243654006,0.898499791048637
BSU_26160,yqbC,409.437758115447,0.181844527673879,0.319209226679946,0.569671903175295,0.568900250118997,0.892568533296843
BSU_26170,yqbB,57.5115289768198,-0.434737812858393,0.368804487675548,-1.17877582129871,0.238487454610868,0.693350253858314
BSU_26180,yqbA,58.6443741821734,0.0721120469895026,0.365521804278501,0.197285212935091,0.843604350314229,0.969283686944304
BSU_26190,yqaT,111.998644646138,-0.191767467579101,0.480721107033492,-0.398916263033443,0.689954905588728,0.930901812486046
BSU_26200,yqaS,119.604101610672,-0.371895714967827,0.51216363939813,-0.726126742235862,0.467761076398444,0.850017037507684
BSU_26210,yqaR,360.132024213891,0.125685018422058,0.219748177104004,0.571950220831969,0.567355699250605,0.891807528126746
BSU_26220,yqaQ,0.551722068064858,-0.277553941951293,3.46873302801158,-0.0800159423368473,0.936224576475082,
BSU_26230,yqaP,2163.3406392066,0.552668230816708,0.178183208036,3.10168526489347,0.001924224232936,0.0915151882211853
BSU_26240,yqaO,7.9372570866169,0.507505414667755,0.823002081657746,0.616651435006705,0.537464660654595,
BSU_26250,yqaN,5.80212959871016,-0.911271197603989,1.11844513332221,-0.814766116328986,0.41520619964621,
BSU_26259,yqzO,1.20356474080584,-2.39067789926726,2.36823596889351,-1.00947622224665,0.312746299490688,
BSU_26260,sknM,6.39507870352124,1.28374194030663,1.03722527454959,1.23766935863001,0.215838685176572,
BSU_26270,yqaL,5.85372819286353,0.109976940515944,1.34023986322119,0.0820576551510861,0.934600865810232,
BSU_26280,yqaK,9.10243793746257,-0.0351558157861929,0.909699377831087,-0.0386455313072893,0.969173000653025,
BSU_26290,yqaJ,6.97661336233853,-0.136369232449998,1.46467197585243,-0.0931056473382935,0.925819630999956,
BSU_26300,yqaI,0.228907372851162,0.978029158623496,3.50855608444149,0.278755458110108,0.78043249922612,
BSU_26305,BSU_26305,0.934990981505915,2.5535288854294,3.46422940122562,0.737113103573908,0.46105357119225,
BSU_26310,sknH,0.260324528562017,1.33086638283743,3.51415834326545,0.378715542339721,0.704899110503952,
BSU_26320,yqaG,0.103411063149613,0.705013324437749,3.52751253966787,0.199861323385722,0.841589039579182,
BSU_26330,yqdA,0.619817877124022,-1.07894943887452,3.47441878063916,-0.310540987426979,0.756149595516201,
BSU_26340,yqaF,0.675679495277517,1.84876739108442,3.47195033650399,0.532486703984943,0.594388948212405,
BSU_26350,sknR,218.680522133408,0.303529076814369,0.279679453877913,1.08527484806541,0.277799942307424,0.728065190003818
BSU_26360,yqaD,1.97806591906485,-0.345405381703298,2.32375060611583,-0.148641330439778,0.881836658285492,
BSU_26370,yqaC,19.9202205054888,0.0917492199520378,0.544927789977456,0.168369500766025,0.866292600417562,0.97707425126024
BSU_26380,yqaB,38.8132098717371,-0.0727583008763613,0.469434298166012,-0.154991446429487,0.876828060579818,0.981195901612435
BSU_26399,BSU_26399,4.95433779000738,-1.64984427071035,1.37074527664919,-1.20361112951884,0.228739915789661,
BSU_26400,yrkS,1.77183955102294,0.964314599309854,2.57074579636157,0.37511083385789,0.707578040098409,
BSU_26410,psiE,54.7528816539086,-0.105292475217004,0.527330563041623,-0.199670723823935,0.841738111682816,0.968811223328392
BSU_26420,yrkQ,222.672129010196,-0.317998541452636,0.315491052600546,-1.00794789212379,0.313479478317147,0.753520165990977
BSU_26430,yrkP,115.932157231243,-0.139786939116433,0.306047644680152,-0.456748945944425,0.647851505617374,0.91404160482802
BSU_26440,yrkO,71.137034675659,-0.537679691801088,0.312607436799663,-1.71998368722643,0.0854354068616753,0.469893699121099
BSU_26449,BSU_26449,17.6978813958503,-0.555880678739486,0.681455524232261,-0.815725544767944,0.414657125503179,0.822183336552756
BSU_26450,yrkN,116.504549066179,-0.712989978357695,0.287207945175121,-2.48248695878855,0.0130468843462193,0.226618708535417
BSU_26470,yrkL,796.90803602948,0.0397522024786717,0.199044858524226,0.199714791798219,0.841703644647801,0.968811223328392
BSU_26480,yrkK,242.32562689481,0.0639265681348127,0.237279419435569,0.269414719097336,0.787610560576598,0.95356750543301
BSU_26490,yrkJ,20.1026313362746,-0.148964516184764,0.546931869380645,-0.27236393511582,0.785342200411175,0.952497420608812
BSU_26500,yrkI,30.1957404276693,0.169262897971055,0.469491696101462,0.36052373104055,0.718455513320894,0.939822102692
BSU_26510,yrkH,70.7655037481566,0.0637083986252794,0.416889927948337,0.152818272532539,0.878541587592157,0.981230545382333
BSU_26530,yrkF,24.9923425940329,-1.04073925902875,0.611067389018687,-1.70314973067058,0.0885400513104478,0.477383498611148
BSU_26540,yrkE,18.0649747828786,-1.2307374856493,0.572362766356638,-2.15027524149332,0.0315334495980583,0.318510236185369
BSU_26550,yrkD,454.278063813842,-0.195163772876048,0.244290458301834,-0.798900514709881,0.424348100481444,0.830918304754471
BSU_26560,yrkC,303.842541263241,0.128906874591101,0.242497267456442,0.531580730550937,0.595016413698971,0.898499791048637
BSU_26569,BSU_26569,13.4933147850984,1.14085097799134,0.781762787995216,1.45933139247646,0.144473919099331,0.575446965904116
BSU_26570,yrkB,16.5839097770437,0.518235016366676,0.625402802719989,0.828641979397564,0.407307026165382,0.820437215892481
BSU_26580,bltR,62.00473902713,0.372997344427883,0.349156594389036,1.06828096739964,0.285393791121709,0.737005944105513
BSU_26590,blt,61.0498847250496,-0.508249002069563,0.42345641992969,-1.20023921742396,0.230046448402093,0.681134284224436
BSU_26600,bltD,77.5652629348043,-0.160612981340883,0.370590002459251,-0.4333980417039,0.664725622964199,0.92154042372562
BSU_26610,yrkA,392.779242549871,-0.163959136545734,0.255482742772887,-0.641762080546811,0.521027673899923,0.872696418887785
BSU_26619,yrzO,9.14401642532718,0.611111291608947,0.940715159812453,0.649624155871775,0.515935025793097,0.871367712607144
BSU_26620,yrdR,63.8909830619363,0.0928468802664953,0.365817472283424,0.25380657650644,0.799644992463265,0.957060428462159
BSU_26630,czcR,210.677021225043,0.404637567372523,0.25493046751521,1.58724679445536,0.112456760288376,0.524291314937642
BSU_26640,yrdP,125.42245959875,-0.123076348524075,0.301708610007945,-0.407931177439164,0.683324202632198,0.930797046120767
BSU_26650,czcD,76.7049834313957,0.675807361870323,0.482659066416347,1.40017542172794,0.161460794016343,0.603966172373867
BSU_26660,yrdN,48.2730304438902,0.043971918414191,0.548039889287933,0.0802348866819231,0.936050444033223,0.991652485789638
BSU_26670,gltR,98.0423430503268,-0.110871887358357,0.32578488324092,-0.340322381613903,0.733613763921191,0.942678348943441
BSU_26680,yrdK,106.916989891531,-0.325590413646421,0.305849145088273,-1.06454576994959,0.287081531656399,0.73954386170652
BSU_26690,brnQ,344.91377690803,0.12964720541512,0.216911436013682,0.597696496771807,0.550042463406235,0.885529410386566
BSU_26700,azlD,109.498163609784,0.188258905757937,0.288240976079072,0.653130267315959,0.513672300905957,0.871367712607144
BSU_26710,azlC,203.806276850307,0.106907873693385,0.263324222444642,0.405993313873206,0.684747513128501,0.930797046120767
BSU_26720,azlB,193.038561506173,0.263163761977596,0.314434920083563,0.836941908066884,0.402625222296931,0.820437215892481
BSU_26730,yrdF,28.518664863891,-0.8836970520641,0.508286194649512,-1.73858165216045,0.0821083761803664,0.460706408483938
BSU_26740,cypA,121.81318641486,-0.309758517560527,0.29974491512184,-1.03340708026562,0.301413434458358,0.749682542382862
BSU_26760,yrdC,1182.34410992726,0.429263564388339,0.247414478377647,1.73499775438817,0.0827412029633629,0.462956730866436
BSU_26770,yrdB,707.614911240029,-0.29830151610528,0.396251241691507,-0.752809038103951,0.451564674819128,0.84414847365364
BSU_26780,yrdA,958.454746570608,-0.102938485578874,0.195889772486078,-0.525491883891947,0.599241293881033,0.898499791048637
BSU_26790,aadK,451.415198203594,0.0792942772837604,0.203197249085444,0.390233025499363,0.696364242802771,0.93192553433051
BSU_26800,yrpB,696.132615896647,0.645017467025695,0.340438366273904,1.89466737866653,0.0581364821046074,0.405332017465806
BSU_26810,murI,262.79258758994,-0.0368456550177633,0.24447624639112,-0.150712617531016,0.880202419581265,0.981962766329838
BSU_26820,yrpD,3706.16442422224,0.0450144874040367,0.175072702066064,0.257118824767155,0.797087045892017,0.955978009107958
BSU_26826,yrpDX,176.402531764554,-0.097978119802595,0.246336863875174,-0.397740387943898,0.690821563018982,0.931117457577878
BSU_26827,BSU_26827,27.9080354643853,1.16173571868687,0.790680863825431,1.469285234837,0.141755439928149,0.571829095153621
BSU_26830,zinT,47.4388642097468,-0.22464353084302,0.385755918831264,-0.582346296911346,0.56033344684087,0.88971864870003
BSU_26840,sigZ,50.4454185621652,0.338269062035952,0.372878185038461,0.907183835388656,0.364309590348608,0.797051924119763
BSU_26850,yrpG,79.5438774441641,-0.622979847708323,0.338808213425466,-1.83873891783728,0.0659535962826493,0.42090194432777
BSU_26860,yraO,1118.51251379733,0.139390565638789,0.254866448822331,0.546916105603053,0.584436370344403,0.896685965943419
BSU_26870,yraN,698.713190149984,0.225598436440574,0.251762788576809,0.896075379987094,0.37021250523255,0.802495365384719
BSU_26880,prpF,27.3742864023797,0.380803856089431,0.530317890404358,0.718067149873212,0.47271588397189,0.854373606876287
BSU_26890,csn,300.635895093761,0.164287914570893,0.277985955529865,0.590993578282567,0.554524723712078,0.88721304738064
BSU_26900,yraL,1526.92908812414,0.306548721266162,0.299704144234688,1.02283777906692,0.306384552304525,0.749682542382862
BSU_26910,yraK,127.440295997759,-0.0203426520070941,0.353590439441028,-0.0575316799833522,0.954121670915079,0.993454444844946
BSU_26920,yraJ,303.952311005771,0.0273843372079489,0.241941518824313,0.113185770433367,0.909883276718046,0.985681580424162
BSU_26930,yraI,207.795896149673,0.139543327046742,0.260788461856305,0.535082442119815,0.592592850484507,0.898366832829155
BSU_26935,BSU_26935,2.52295717100505,1.75930176708339,1.65526329287337,1.06285312714778,0.287848562319976,
BSU_26940,yraH,74.6285763657108,0.197457348716754,0.361884064455223,0.54563703713786,0.585315459994695,0.896685965943419
BSU_26950,yraG,0.925595324347779,1.13408938888898,3.44311276519085,0.329379101478866,0.74186916191829,
BSU_26960,yraF,2.59674048138576,0.321659401627112,1.55365346342745,0.207034199838561,0.835983149473555,
BSU_26970,adhB,11.0198458308058,-0.977075103443767,1.05043365830952,-0.930163552657091,0.352286409728166,0.785809160728098
BSU_26980,yraE,2.45879696677428,1.65655360979893,2.01248583955023,0.823138020275041,0.410429509962422,
BSU_26990,yraD,7.68938994931101,-0.462586696536451,0.976005808550429,-0.473958958526577,0.635529174309295,
BSU_27000,adhR,108.001245538681,0.426717838295632,0.430814101078987,0.990491808942428,0.321933790822861,0.763169752916739
BSU_27009,yrzP,3.39880593069478,-0.794045545972976,1.40237467578874,-0.566214977838486,0.571247649331606,
BSU_27010,adhA,191.712325099924,-0.0802613792999563,0.222712932053281,-0.360380416889105,0.718562669231431,0.939822102692
BSU_27020,sufL,756.817396044942,0.816301320393293,0.383465742165977,2.12874640582618,0.033275247195415,0.321875575171145
BSU_27030,sacC,2229.34631350946,0.0051335975779199,0.284995026630295,0.0180129374137443,0.98562853252229,0.998127166502402
BSU_27035,BSU_27035,251.921743491534,-0.0720886761675485,0.33178558592836,-0.217274888436877,0.827994125771236,0.963874479709582
BSU_27040,levG,1085.61968243209,-0.0110252039702217,0.307343391941345,-0.0358725915679546,0.971383950556517,0.995053328470775
BSU_27050,levF,896.481434990275,0.197760322483914,0.352677288180919,0.560740169870155,0.574974678727267,0.893088585348146
BSU_27060,levE,718.325501683124,0.0533590157968006,0.314476258589,0.169675816025709,0.865265094276772,0.976338411209875
BSU_27070,levD,701.379478922859,0.2199571798865,0.362388302032877,0.606965452948162,0.543873839176969,0.88350219770396
BSU_27080,levR,308.331107244137,-0.454455484541065,0.280235993560352,-1.62168848750399,0.104870065063253,0.510338674428447
BSU_27085,BSU_27085,10.8423383840591,-1.6334960718103,0.787707915142982,-2.07373322066186,0.0381040941382865,0.342851027212736
BSU_27090,aapA,148.346528028096,-0.27181991515387,0.269349099433581,-1.00917328376254,0.312891536968549,0.753466962139453
BSU_27100,yrhP,563.937699511699,-0.0115373623561865,0.413354531121655,-0.0279115419997438,0.977732702846212,0.996439323436382
BSU_27110,yrhO,309.231107199931,0.0534085311675396,0.236525651090598,0.225804393397831,0.821353559887596,0.963390332281546
BSU_27120,sigV,5.87778631785173,-1.05582456730856,1.08808553014466,-0.970350710544036,0.331871708330928,
BSU_27130,rsiV,34.6562662308309,-0.174730748518852,0.411054988498119,-0.425078769040779,0.670779254351639,0.925761900608096
BSU_27140,oatA,90.4594035598953,-0.136221617550575,0.410862081767649,-0.33155071639736,0.740228538935695,0.943728055241868
BSU_27150,yrhK,24.3013172366019,-0.043893657007488,0.523402876390336,-0.0838620859522247,0.933166084358761,0.990172246218659
BSU_misc_RNA_82,surF,14.7742037554248,-0.512470647989574,1.05455712729779,-0.485958166441619,0.626996826544686,0.906100640206111
BSU_27160,cypB,608.81128016594,0.40854172534926,0.308114364613104,1.3259418328719,0.184858965071142,0.63149736404584
BSU_27170,bscR,75.1462310047168,0.498833824383923,0.464479994674523,1.07396191462126,0.282839751533574,0.732376694832318
BSU_27180,yrhH,79.9080192975904,0.377354879686165,0.297654750317221,1.267760313867,0.204883558577305,0.654807853213068
BSU_27185,BSU_27185,136.212435029891,1.51174143272149,0.337766262951686,4.47570287070895,7.61603417774512e-06,0.0012170422616036
BSU_27190,yrzI,218.70253824432,1.35130209467225,0.410599110964479,3.29104973339593,0.0009981426508766,0.0632949188928942
BSU_27200,yrhG,791.212242379696,0.133592915358025,0.353074568690786,0.37837025717653,0.705155560042695,0.935912445970288
BSU_27210,yrhF,1092.10738758447,-0.0574028994557853,0.204193160234585,-0.281120579111654,0.778617917532185,0.950152533509292
BSU_27220,yrhE,1239.08927723607,-0.139138160532035,0.289196778717927,-0.48111933040494,0.630431690236601,0.906100640206111
BSU_27230,yrhD,217.85915061154,0.138789997344983,0.318821877690091,0.435321435124013,0.663329128191237,0.920778272107016
BSU_27240,yrhC,83.5118326960925,0.128676012925252,0.424876402107799,0.302855165141896,0.762000240638788,0.948838562300488
BSU_27250,mccB,415.771493957938,0.148470578298569,0.466078881028173,0.318552468996326,0.750065901229184,0.9458383894937
BSU_27260,mccA,562.483978366656,-0.163232607293474,0.271527839583179,-0.601163429665451,0.547731139460902,0.884920176655445
BSU_27270,mtnN,2728.14228338416,0.104927049561127,0.184855901163597,0.56761536364623,0.570296172591349,0.892568533296843
BSU_27280,yrrT,658.442848952129,0.170414296523915,0.238268725645854,0.71521890278293,0.474473790482342,0.854994493900296
BSU_27290,yrzA,495.591009910301,0.283036559037161,0.271822157570989,1.04125639192325,0.297756569841274,0.7467616289065
BSU_27300,yrrS,1579.99880240781,-0.158291020639482,0.1646441083564,-0.961413209495684,0.336344445078632,0.772977856897842
BSU_27310,pbpI,164.378645625812,0.0339690505709032,0.304526888705952,0.111546966230963,0.911182624285766,0.985681580424162
BSU_27320,greA,5809.60131326551,-0.0007019819908958,0.170250489722219,-0.0041232303768477,0.996710147463495,0.999423131013604
BSU_27330,udk,1912.61769322364,-0.149058995043267,0.273715877150812,-0.544575625626345,0.586045422429784,0.896685965943419
BSU_27340,yrrO,2689.48448819363,-0.244744250620665,0.274484929770766,-0.891649136530231,0.37258102422255,0.804171636469368
BSU_27350,yrrN,1734.87486764339,-0.216465868567256,0.292664895027598,-0.739637285663671,0.459520111149472,0.845233699123938
BSU_27360,yrrM,959.474838095586,-0.291948479292943,0.258945554377338,-1.12745121264956,0.259551756747485,0.711192851591976
BSU_27370,yrrL,700.470465969624,-0.122144126241475,0.224702057221432,-0.543582589994307,0.58672874301484,0.896685965943419
BSU_27380,yrzB,3762.15296288015,0.209029928549421,0.202843010101337,1.03050101871883,0.302774874282854,0.749682542382862
BSU_27390,rimF,1434.7602507046,0.0009187961618396,0.184453428563831,0.0049811823450152,0.996025607947929,0.999423131013604
BSU_27400,yrzL,1382.73281800395,-0.0317628533016226,0.175353624542531,-0.181135995246672,0.856260831765874,0.974508540493037
BSU_27410,alaS,5304.42309097604,-0.442407540205268,0.206791804317292,-2.13938623760185,0.0324044006043147,0.320092575289885
BSU_misc_RNA_40,tboA,998.766108103924,0.172303554498593,0.295120057795493,0.583842236226428,0.559326459101855,0.889234788840624
BSU_27420,yrrI,45.6501576183739,-0.0310125031617695,0.397137905580134,-0.0780900103616824,0.937756453505521,0.992407160729683
BSU_27430,glnQ,2.28642548835228,0.64821002582379,1.91693287022332,0.338149570020297,0.735250476890887,
BSU_27440,glnH,3.02377858960441,1.3625182495086,1.86961011593514,0.72877132932451,0.466141552196993,
BSU_27450,glnM,0.310125105819896,0.129448122759096,3.49629346801815,0.0370243870954211,0.970465560978109,
BSU_27460,glnP,1.41762097730146,2.66525826349683,3.46782764279903,0.768567108296532,0.442150337794894,
BSU_27468,yrzQ,13.5764764079827,0.598906672589732,0.777733179217626,0.770067021175839,0.441260137452693,0.839444880535005
BSU_27469,yrzR,30.2332793141406,0.230632671822171,0.503851834645387,0.457739073202921,0.647139912665087,0.91404160482802
BSU_27470,yrrD,41.721257058369,-0.184725152685998,0.446348549693075,-0.413858525614167,0.678977719398615,0.930400779595188
BSU_27480,recDB,1944.68748960177,-0.0034521420533861,0.176150794639594,-0.0195976524570854,0.984364336542535,0.998127166502402
BSU_27490,yrrB,446.592874769008,-0.151178431230598,0.229716319896708,-0.658109233591133,0.510467943015679,0.868681124422743
BSU_27500,mnmA,2292.51063914553,0.0125048948542369,0.187510336376275,0.0666890961634428,0.946829214988502,0.993454444844946
BSU_27510,iscSA,1729.43118845223,-0.115824277210622,0.178379786355161,-0.649312792538116,0.516136218763897,0.871367712607144
BSU_27520,cymR,613.67038926891,0.0852758052999028,0.194039616010847,0.439476262904663,0.660316477956941,0.918753839904972
BSU_27530,rarA,318.20465874046,-0.133171714002937,0.255633970195435,-0.520946859688191,0.602403790609992,0.898499791048637
BSU_27540,tcdA,2190.14843994427,0.0990595542837278,0.189071732181177,0.523925777486423,0.600330164943919,0.898499791048637
BSU_misc_RNA_41,ssrSB,1212.89862413131,0.0486586909876199,0.200692528302362,0.242453923916446,0.808428455228925,0.960692883564102
BSU_27550,aspS,11940.5481354147,-0.242371006918979,0.179641641998327,-1.34919166972007,0.177275409769853,0.624528449762401
BSU_27560,hisS,5173.05040047624,-0.149967148539701,0.177604168805328,-0.844389799791697,0.398451620376357,0.820437215892481
BSU_misc_RNA_42,tboH,5869.79989584851,0.0616712719650086,0.208028659622804,0.296455652201147,0.766882129939185,0.949688192531632
BSU_27570,yrzK,18.2010696840032,-1.61848957856089,0.943774260832264,-1.71491175986685,0.0863614062459081,0.471596301661935
BSU_27580,yrvJ,2083.98637054473,-0.168717498658301,0.227696834483496,-0.740974282936422,0.458709033476513,0.845233699123938
BSU_27590,dtd,876.675913947635,-0.2079968813653,0.197996404934755,-1.05050837379517,0.293484443020378,0.742838486619971
BSU_27600,rsh,6177.33011305472,-0.298587900184169,0.158329018031154,-1.88586971546439,0.0593125134418966,0.408540502069616
BSU_27610,apt,2376.13661405842,-0.067268127810061,0.180323661739404,-0.373041048308314,0.70911789330526,0.936291123941018
BSU_27620,recJ,4319.21787795579,-0.0892782556918276,0.2029704588427,-0.439858372498518,0.660039687034186,0.918753839904972
BSU_27630,yrvD,901.533025384318,0.139507379106115,0.183993250647784,0.758220090220439,0.448319236080228,0.84414847365364
BSU_27640,yrvC,1231.48803941422,0.209480075884526,0.198108546070842,1.05740050108498,0.290328842944457,0.740303656578213
BSU_27650,secDF,7264.74207300797,-0.0014972669798375,0.216351009348128,-0.0069205453875571,0.994478247759387,0.999423131013604
BSU_27660,comN,966.48531209789,0.239174355255026,0.203701463032715,1.17414156822533,0.240338325904221,0.695243455099488
BSU_27670,spoVB,22.0748534292819,-0.480241635005954,0.701560726808373,-0.684533236617632,0.49363850916863,0.863246066392942
BSU_27680,yrbG,9.93352576451087,-0.94808372535422,0.932271357012586,-1.01696112212683,0.309171924574072,0.750832671085464
BSU_27690,yrzE,9.3238610460177,0.208115320884748,0.826785164062006,0.25171632236635,0.801260339728528,0.957387705279997
BSU_27700,yrbF,4855.13695661457,-0.0824934816112973,0.166354611033237,-0.495889360078005,0.619972473389023,0.902733642197763
BSU_27710,tgt,2079.23718997651,-0.254291854827793,0.176614795098132,-1.43981060412578,0.149920990243524,0.583303100601818
BSU_27720,queA,2077.87521540944,-0.182944125516869,0.188815257684704,-0.968905414531493,0.332592383699932,0.770370295751809
BSU_27729,yrzS,75.9865851005436,-0.11404486466566,0.316786275738044,-0.360005699110416,0.718842871652738,0.939822102692
BSU_27730,ruvB,872.103779064606,-0.258528413947405,0.20048042214901,-1.28954444117865,0.197208876649755,0.646712387151323
BSU_27740,ruvA,459.81056173582,-0.244456666067429,0.231385053522997,-1.05649289937015,0.290743083198852,0.740303656578213
BSU_27750,bofC,229.04882343779,-0.109857095463283,0.302731547552339,-0.362886182003513,0.716689909339044,0.939362266341693
BSU_27760,csbX,1258.12339958762,0.156067759084514,0.210927591224074,0.739911541106632,0.459353671046921,0.845233699123938
BSU_27770,yrbE,2972.75683487165,0.0751237150829076,0.236035902357011,0.318272408276606,0.750278311966342,0.9458383894937
BSU_27785,yrzF,245.905894521151,0.521453906886403,0.400689634792892,1.30139105583785,0.193124633590041,0.642804156129089
BSU_27786,BSU_27786,2.58861928663204,-0.287747201043553,1.97620492803683,-0.145605952581751,0.884232468590911,
BSU_27800,yrzH,59.5178767610073,-0.0265932646490058,0.352254132385194,-0.075494542729525,0.939821239418445,0.99301397817421
BSU_27809,yrzT,67.029417535646,0.366588517514812,0.370099778275534,0.990512664511495,0.321923602091705,0.763169752916739
BSU_27810,alaP,73.1613498692183,-0.684225594744588,0.4379477980065,-1.56234509651407,0.118206713632926,0.529959494252577
BSU_27820,yrbC,168.285548901272,0.509325082496292,0.421585310573359,1.20811866476943,0.227001621301693,0.679303077462938
BSU_27830,sgpA,42.2288466193454,-0.399034390530956,0.570720898453695,-0.69917606243629,0.484442008293226,0.861133894076131
BSU_27840,safA,74.4186048628967,0.704076294465537,0.353499613663423,1.99173143972912,0.0464005322078705,0.371345630486349
BSU_27850,nadA,25.7438831079771,0.970529077141729,0.576637928983339,1.68308227461356,0.0923591653516476,0.486643204077839
BSU_27860,nadC,7.82612899307854,1.35018413827174,1.05875647959107,1.27525466365338,0.202219118805785,
BSU_27870,nadB,26.5772808397592,0.610362859222856,0.515327727616458,1.1844168798096,0.236248081575087,0.692415047651243
BSU_27880,nifS,65.4179517343292,0.309018101379801,0.319032872832869,0.968608966956473,0.332740327694916,0.770370295751809
BSU_27890,niaR,875.499060384344,0.114311832293808,0.232626141719331,0.491397189709348,0.62314555151144,0.904602644726818
BSU_27900,pheA,1691.67101384568,-0.0499392996510083,0.177892472612605,-0.280727446853588,0.778919455392257,0.950152533509292
BSU_27910,thrR,629.209175984198,-0.0494520840537573,0.20904371169969,-0.236563365870578,0.812995543339201,0.960898663363364
BSU_27920,obgE,2289.33059744841,-0.287890508359846,0.167884356954309,-1.71481437331412,0.0863792654519218,0.471596301661935
BSU_27930,spo0B,794.33426473983,-0.0582749237384489,0.187928757081338,-0.310090507932359,0.756492130319208,0.946502986914746
BSU_27935,BSU_27935,6.0543404278448,-0.543899402023648,1.12791555567475,-0.482216420624036,0.629652213116352,
BSU_27940,rpmA,13972.1664635305,-0.0582186410505747,0.173366846224321,-0.335811848219498,0.737012754929206,0.943089892697568
BSU_27950,rppA,18513.9209688158,-0.432799706423213,0.241308506509301,-1.7935534585331,0.0728844707666862,0.440504479142075
BSU_27960,rplU,12450.4375698054,-0.311533375608022,0.249356075416864,-1.24935145489121,0.211536555715167,0.663834376021082
BSU_misc_RNA_43,ldlU,5.24800983759743,-0.202420321991079,1.24774187759431,-0.16222932453093,0.87112526803038,
BSU_27970,spoIVFB,29.28758864851,-0.192156644528475,0.464624443017991,-0.413574118658743,0.679186030824768,0.930400779595188
BSU_27980,spoIVFA,49.3157051234635,0.0997173475982993,0.514769649927976,0.193712561749224,0.846400955303446,0.971121795453261
BSU_27990,minD,2849.62055162694,-0.241714914105195,0.20708796941168,-1.16720886680133,0.243126030996933,0.697764722580998
BSU_28000,minC,2530.61312468653,-0.196351801344298,0.216360267045617,-0.907522457914604,0.364130578897878,0.797051924119763
BSU_28010,mreD,1503.45948663271,-0.22260452897103,0.251165387905527,-0.88628664493676,0.375463083764421,0.804276149940409
BSU_28020,mreC,4522.28682553249,-0.264003696690157,0.200846373906938,-1.31445587766739,0.188692836941828,0.63614167390937
BSU_28030,mreB,5107.04769388396,-0.220290529964833,0.210279287712305,-1.04760926461871,0.294818667206255,0.744030685716354
BSU_28040,ysxA,538.118360943208,-0.433274611278363,0.223208454776124,-1.94112096565936,0.0522436065960328,0.384311920284839
BSU_28050,maf,474.751514702661,-0.484097022165933,0.211581718298449,-2.28799078700686,0.0221380576462098,0.278524775052153
BSU_28060,spoIIB,98.3047870407044,-0.621945417165678,0.336844950444904,-1.84638486147474,0.0648363437380202,0.419132146462597
BSU_28070,comC,14.7378030943716,0.730569369137696,0.907892120235966,0.804687421395196,0.421000080023792,0.827560752092051
BSU_28080,folC,1645.40991093858,-0.275323984497012,0.205000053182637,-1.34304347839228,0.179257895764957,0.627088698407184
BSU_28090,valS,6241.09747305015,-0.445302715709212,0.181798832047929,-2.44942561342645,0.0143084261314573,0.233209724360269
BSU_misc_RNA_44,tboV,2226.76448867792,0.0524773205239935,0.251106111136823,0.208984641140014,0.834460228488256,0.965432140533785
BSU_28099,yszA,8.13367678407354,-0.622315864306078,1.00269870734821,-0.620640936051356,0.53483589906141,
BSU_28100,cotN,20.1868227887988,0.24381780699241,0.631013749007633,0.386390641053148,0.699207380338427,0.932043204688695
BSU_28110,spoVID,40.5601983372521,-0.0538628424634481,0.433420905812503,-0.124273752698835,0.901098528491043,0.984652248720382
BSU_28120,hemL,3294.21622934721,-0.110095603897787,0.239553290653929,-0.459587107308146,0.645812614995271,0.91404160482802
BSU_28130,hemB,1481.93211294538,-0.195425792221028,0.242805425314846,-0.804865838428524,0.42089710364511,0.827560752092051
BSU_28140,hemD,1139.10859773294,-0.197486985675788,0.246277586266761,-0.801887774967373,0.422617878374671,0.829660159266245
BSU_28150,hemC,1144.16872031142,-0.195451955658911,0.221344782269401,-0.883020388621699,0.377225255694871,0.80545959192999
BSU_28160,hemX,745.416685313279,-0.208457324874736,0.268131838255509,-0.777443388412874,0.436897222277072,0.837259189458047
BSU_28170,hemA,2745.49611351821,-0.0124847877612472,0.208278982207048,-0.0599426194085977,0.952201335522967,0.993454444844946
BSU_28180,ysxD,233.986697430122,0.0846740217700863,0.300094541329473,0.28215782064867,0.777822499035758,0.950152533509292
BSU_28190,engB,2150.42354280589,-0.112050678631756,0.203594552210068,-0.550361870764314,0.582071195570364,0.895927004568973
BSU_28200,lonA,5841.51808233347,0.170500448582407,0.213021861354549,0.800389441244388,0.423485196639989,0.83023682602423
BSU_28210,lonB,22.4552171189416,-0.700925134912336,0.738429550589112,-0.94921057039652,0.342513526506209,0.77871260535081
BSU_28220,clpX,12491.6172449647,0.178183029166116,0.158404586389929,1.12486029115028,0.260648241011066,0.712723971826973
BSU_28230,tig,39406.6053626732,-0.0950111461955137,0.230824242492992,-0.411616843921402,0.680620283693799,0.930400779595188
BSU_28240,ysoA,1138.37277868823,-0.314348614272218,0.16896756297833,-1.86040804951737,0.0628278166989201,0.416247309638782
BSU_28250,leuD,669.309279610247,-0.281531006143515,0.835512241327242,-0.336956171577202,0.73614993994161,0.943089892697568
BSU_28260,leuC,1636.29894233617,-0.363530622471994,0.789345883576352,-0.460546675463635,0.645123876821289,0.91404160482802
BSU_28270,leuB,872.344631002985,-0.151499936884442,0.517345369406451,-0.292841003019428,0.769643685520755,0.950152533509292
BSU_28280,leuA,1144.50145105824,-0.248762973251139,0.451182141503544,-0.551358199644489,0.581388149279262,0.895927004568973
BSU_28290,ilvC,1807.95203147068,-0.395730624806448,0.413567199418546,-0.956871399286077,0.338632168664131,0.773048865036117
BSU_28300,ilvH,473.495395858871,0.0948009721932891,0.341501425137916,0.277600517054954,0.781319035184469,0.951096896501409
BSU_28310,ilvB,1324.2534465008,0.139802513275407,0.304526265618995,0.459081954691946,0.646175314661917,0.91404160482802
BSU_misc_RNA_45,tboILV,1543.78039866156,1.075941272404,0.336284686350502,3.19949529691807,0.0013766843334212,0.0781984856348995
BSU_28320,cotQ,0.208469092417058,0.0307226028738285,3.49432971091947,0.0087921305129916,0.992984985185833,
BSU_28330,ysnE,49.2573005012565,0.488736599115787,0.423756728284744,1.15334239315577,0.248769876224718,0.703752680032019
BSU_28340,ysnF,121.915378384128,-1.80109270666191,1.12778229602726,-1.59702161756436,0.110260888577726,0.518836572282704
BSU_tRNA_84,trnSL-Arg2,22.8827186713995,0.177529583326372,0.604882923312491,0.293494123382051,0.769144490693021,0.950152533509292
BSU_28350,ysnB,1499.01303859033,0.216778324884746,0.18969530416539,1.14277117105515,0.253133611275497,0.707068115407917
BSU_28360,rdgB,1840.41484288285,0.0978171141516887,0.188322586134339,0.519412547159432,0.60347308344765,0.898499791048637
BSU_28370,rph,1571.21201772718,0.0620280689151028,0.197928527468387,0.313386199091537,0.753987268066223,0.946171040926955
BSU_28380,gerM,63.5278729424015,0.283625802793655,0.374633091299792,0.757076215049806,0.449004202840506,0.84414847365364
BSU_28390,rcmE,2659.15415858176,-0.15029923034524,0.167487412650884,-0.897376274231,0.369518168383559,0.801860446872525
BSU_28400,ysmB,1514.45292839181,-0.254012238856294,0.170623294373663,-1.48873130007683,0.136558139317525,0.560688352079664
BSU_28410,gerE,360.10867216553,0.595342941395891,0.209204914804708,2.84574070332737,0.0044308258246701,0.133748787698831
BSU_28420,ysmA,409.099826297344,0.32696281640059,0.207294143944707,1.57728920932665,0.114728994154276,0.527436515128117
BSU_28430,sdhB,19856.4927817639,0.169098150089203,0.196313338442071,0.861368623401522,0.389035051390088,0.813700038361855
BSU_28440,sdhA,44774.6191096078,0.104160189942461,0.216138293095593,0.48191455780764,0.629866644058889,0.906100640206111
BSU_28450,sdhC,7448.89342866168,0.0170131952342476,0.229356727387116,0.0741778775275779,0.940868848522653,0.993454444844946
BSU_28460,yslB,890.488527870449,0.547469021382453,0.211244949317738,2.5916312941475,0.0095522084800632,0.201273220599028
BSU_28470,lysCA,255.891788748345,-0.0824778101924163,0.246286262700906,-0.334885954612006,0.737711117566934,0.943089892697568
BSU_28475,lysCB,0.0,,,,,
BSU_misc_RNA_46,kswC,286.822293201143,0.207835886458974,0.321903936205073,0.645645682091224,0.518508845451273,0.871482359396837
BSU_28490,uvrC,658.425035376149,0.0502204353364884,0.199618884039897,0.251581585469895,0.801364493565757,0.957387705279997
BSU_28500,trxA,4090.28234291621,0.398715446840097,0.263999407433608,1.51028917343448,0.13096965308618,0.549857313940076
BSU_28510,abfB,489.440690380143,-0.285686857867193,0.194094683112694,-1.47189430068684,0.141049422891164,0.571829095153621
BSU_28520,etfA,1614.29478766892,-0.0325338066706483,0.248278076999766,-0.131037774513933,0.895745425284768,0.984517604748476
BSU_28530,etfB,1087.33070896824,-0.034982697826486,0.255263791662183,-0.137045280095119,0.890995004393721,0.984381925484767
BSU_28540,fadB,625.137190192748,0.161103545532752,0.248949429124658,0.64713362107001,0.517545467306437,0.871482359396837
BSU_28550,fadR,423.709707304477,-0.222665456802961,0.293951042502345,-0.757491638428821,0.448755373480084,0.84414847365364
BSU_28560,lcfA,1036.94881766741,-0.0693282203646208,0.196365187054461,-0.353057593377756,0.724045263810421,0.939973208732619
BSU_28570,yshE,592.453528578869,-0.0622523545245457,0.193000731813455,-0.322549836674794,0.747036189144977,0.945330876032367
BSU_28580,mutSB,2913.43322397476,-0.182635835647921,0.187466477391491,-0.974231970372594,0.329941374057278,0.770125968053083
BSU_28590,polX,1978.19712314508,-0.0207313668028843,0.202868097006697,-0.102191360340901,0.918604785303651,0.988106981896934
BSU_28600,yshB,676.136325848627,0.0686701380506218,0.183222478700045,0.37479101111301,0.707815899908437,0.936177066481487
BSU_28610,zapA,186.951637391473,0.0742287208452626,0.256660510357064,0.289209745363618,0.772420874646068,0.950152533509292
BSU_28620,rnhC,649.364199430375,-0.110275432867956,0.18553600685326,-0.594361357335736,0.552270448420622,0.886311386131263
BSU_28630,pheT,3940.60605127599,-0.257631280855467,0.195651374636259,-1.31678748148045,0.187909870174316,0.634664652852087
BSU_28640,pheS,1191.4908366867,-0.359652300551434,0.221166422100053,-1.62616140884502,0.103915323288059,0.508752103597787
BSU_28645,BSU_28645,0.791952460962801,1.02487845102575,3.44350072187925,0.297626901749693,0.765987939936793,
BSU_28650,rlmBB,797.970704392718,-0.231959357960577,0.17708500580198,-1.30987576791205,0.190237865920925,0.638911647084273
BSU_28660,sspI,9.05116852331587,-0.754213053542342,0.903710698051296,-0.834573558959388,0.403957854672158,
BSU_28670,ysfB,225.95742615758,-0.0692351825300996,0.216372489815482,-0.319981447683769,0.748982394383471,0.945560587870568
BSU_28680,glcD,313.86609328791,0.0326890911343008,0.242955303282175,0.134547757108783,0.892969449658391,0.984517604748476
BSU_28690,glcF,331.568472216666,-0.0101169121703587,0.211641998247753,-0.0478020064737606,0.961874037451446,0.995053328470775
BSU_28700,ysfE,2159.8252687263,0.0716049545612167,0.188858946532367,0.379145155026824,0.704580076206887,0.935770413712272
BSU_28709,BSU_28709,583.143897522743,-0.10687561846794,0.234751404920135,-0.455271475390317,0.648913944884424,0.91404160482802
BSU_28710,cstA,4191.90563823844,-0.0375110146106795,0.209787140188049,-0.178805119213005,0.858090725515049,0.974508540493037
BSU_28720,abfA,159.646215857094,0.261338503671916,0.320826923323658,0.814577844541653,0.415313996667379,0.822183336552756
BSU_28730,araQ,58.8429938561748,0.102062995990234,0.364220813619639,0.280222854306233,0.779306533595904,0.950152533509292
BSU_28740,araP,82.4708053366013,0.109492606123337,0.305475400349173,0.358433464685476,0.720018951814372,0.939822102692
BSU_28750,araN,212.685398867031,-0.0940351820132272,0.335270282767092,-0.280475744038885,0.77911253239786,0.950152533509292
BSU_28760,egsA,182.924582400339,0.092389528228216,0.250826599481346,0.368340233528889,0.712619556060197,0.938337220323167
BSU_28770,araL,122.40796256034,-0.326039000207795,0.317209023468525,-1.02783646140554,0.304026761829396,0.749682542382862
BSU_28780,araD,181.997456145936,-0.212090518763162,0.293970898172319,-0.721467737390929,0.47062178359933,0.852668492280872
BSU_28790,araB,370.105062890144,-0.180458056306587,0.218597137252412,-0.825527994441273,0.409071896061325,0.821325366934092
BSU_28800,araA,439.365470507449,-0.244963285104585,0.193438120659812,-1.26636510047256,0.205382399572465,0.655146271664951
BSU_28810,abnA,341.93149584042,-0.492089417351437,0.285871275113183,-1.72136713335961,0.0851842243700522,0.469893699121099
BSU_28820,frvX,3203.19243404795,0.3134751914124,0.229449636830354,1.3662047835106,0.171874696526811,0.617728409515187
BSU_28830,ysdB,542.157127512017,0.84587048837005,0.341894785537626,2.47406665486263,0.013358477104767,0.229936967128754
BSU_28840,ysdA,249.052926026861,-0.500565858170107,0.323541146405936,-1.54714744548152,0.121827695348189,0.537198281364257
BSU_28850,rplT,20768.3705507958,-0.314854811630927,0.265004491516628,-1.18811122720601,0.234789591657567,0.69002039879794
BSU_28860,rpmI,7118.70654951982,-0.443651308081926,0.29663458961681,-1.4956155607309,0.134753865781467,0.555786017392497
BSU_28870,infC,11307.9516751317,-0.568787166572979,0.298134740746757,-1.90781914629708,0.0564145952636343,0.398572276913923
BSU_misc_RNA_47,BSU_misc_RNA_47,2056.11305025573,-0.69628894726062,0.377943387915291,-1.84231017005298,0.0654297930038716,0.419569860434137
BSU_28890,yscB,545.067141680374,0.708721559955504,0.232361093296485,3.05008704297668,0.0022877505240084,0.103858674356975
BSU_28900,pftB,88.8142251549748,0.39410088600063,0.336886584543804,1.16983253142687,0.242068369334466,0.696229759172925
BSU_28910,pftA,32.6975000973796,-0.303167771593276,0.534150057861355,-0.567570417959156,0.57032669870826,0.892568533296843
BSU_28920,lytT,520.838786540407,-0.197201039090831,0.210677174713699,-0.936034192402753,0.349255583326329,0.782544057985801
BSU_28930,lytS,1147.85528864699,-0.114813938210903,0.202733484796673,-0.566329426666013,0.571169859996149,0.892568533296843
BSU_28940,ysaA,3927.05308197456,0.0037054827535732,0.209324635407707,0.0177020862659381,0.985876516309816,0.998127166502402
BSU_28950,thrS,7440.81785713032,-0.357644637490535,0.170471100369731,-2.09797811309276,0.0359070788455771,0.336708345262789
BSU_misc_RNA_48,tboT,796.134499585717,-0.177871791131891,0.251617953553039,-0.706912160361392,0.479621066549949,0.859231462272218
BSU_28960,ytxC,881.211310876378,-0.426892425224679,0.184167523251605,-2.31795713862899,0.0204516505900809,0.266825288506763
BSU_28970,ytxB,654.572782667224,-0.270644039642796,0.194501875312748,-1.39147264882467,0.164082147996716,0.605270712139316
BSU_28980,dnaI,721.817554946317,-0.169282662026414,0.189526037141429,-0.893189477180336,0.371755712310647,0.804171636469368
BSU_28990,dnaB,931.867032880457,-0.320957595477884,0.177795605575004,-1.80520544610698,0.0710425390401655,0.433070639359324
BSU_29000,nrdR,498.297302328945,0.295345129159088,0.19461456480872,1.51759006038101,0.129117774130611,0.5460922321917
BSU_29010,speD,29365.2670103378,-0.321570059359949,0.279254410447614,-1.1515308168079,0.249513924771412,0.703752680032019
BSU_29020,gapB,48294.6620324412,-0.435262992200055,0.259461692827775,-1.67756167569975,0.0934326997125635,0.489168931583038
BSU_29030,ytcD,380.067314889494,-0.224369949480582,0.260201670046496,-0.862292503505028,0.388526576932531,0.813455083586593
BSU_29040,ytbD,105.822374066954,-0.149870007873437,0.309776515168217,-0.483800419124908,0.628527517599497,0.906100640206111
BSU_29050,ytbE,114.753286697049,-0.384340057037079,0.263877305462223,-1.45651046558872,0.145251558636062,0.577798272834667
BSU_29060,coaE,673.768744360205,-0.180122616990992,0.192113578508638,-0.937583997910348,0.348458238119506,0.781634284832917
BSU_29070,spcF,375.355916776633,0.0230119058307771,0.24171540701239,0.095202478465088,0.924154001400407,0.989679266437973
BSU_29080,mutM,865.526123312938,-0.17119021327242,0.217015500221099,-0.788838645617517,0.43020631914029,0.834307885905561
BSU_29090,polA,2808.89105708281,-0.0334591964208333,0.201269665179526,-0.166240632392312,0.867967584278129,0.977595291567839
BSU_29100,phoR,6576.75410474552,0.660667588605367,0.171957596480481,3.84203781704032,0.0001220170304314,0.0128278430677266
BSU_29110,phoP,2740.22278401629,0.63059533427062,0.207555598331986,3.03819959248693,0.0023799626457162,0.105643897440405
BSU_29120,mdh,50748.0546569011,0.224078992887877,0.184230303070548,1.21629823733216,0.223871332757501,0.677663223621071
BSU_29130,icd,71510.6340500063,0.19255859383133,0.169110530259817,1.13865525426174,0.254846972630253,0.707626871178039
BSU_29140,citZ,45751.662898619,0.129814668084177,0.160657254699066,0.808022447086738,0.419077660179194,0.82643583339122
BSU_29150,ytwI,177.921137931146,0.403729830824257,0.310408602069413,1.30063995692354,0.193381723365035,0.642804156129089
BSU_29160,ytvI,12.8815990513716,-0.535619337072729,0.775403558557307,-0.690762031153541,0.489715099921844,0.863246066392942
BSU_29170,ytzA,1799.61182057211,0.163451731762068,0.190242733834144,0.859174636885566,0.390244174231617,0.814112520133322
BSU_29180,pyk,21292.9295370912,0.138533144634238,0.191140986663567,0.724769433559919,0.46859349067897,0.850923179664766
BSU_29190,pfkA,9003.67603001647,0.172739479109941,0.179307693854786,0.963369030053089,0.335362362488619,0.772845222663197
BSU_29200,accA,5674.42436374258,-0.0095012276786504,0.165995429802696,-0.0572378871511327,0.954355698034527,0.993454444844946
BSU_29210,accD,6129.17774588552,-0.0028046573576917,0.167091994183158,-0.01678510913346,0.986608049415085,0.998127166502402
BSU_29220,maeB,7016.33446827349,0.0031205022046225,0.187250692441797,0.0166648366632477,0.986703999541349,0.998127166502402
BSU_29230,dnaEC,3053.55849839276,-0.0113445552585979,0.222804001698758,-0.050917197052575,0.959391502017782,0.994798081678906
BSU_29239,ytrH,4.79874395356878,-0.872671671245437,1.27043014089523,-0.686910396057273,0.492139195303759,
BSU_29240,ytrI,7.49640122179214,0.018901003296327,0.948391894593182,0.0199295285040734,0.984099589479844,
BSU_29249,ytzJ,534.795748308577,-0.181416054684214,0.228928968311229,-0.7924556512987,0.428095041016479,0.832353371732404
BSU_29250,nrnA,2646.00975556691,-0.0877463749061716,0.184505689597631,-0.475575442131505,0.634376874486135,0.908038557352959
BSU_29260,ytpI,246.681509156691,0.0895866823335468,0.264479742252844,0.338727955383068,0.734814678992063,0.943008237254511
BSU_29270,ytoI,840.060642446524,-0.244311846308046,0.195854774410854,-1.24741327875694,0.212246000123866,0.663834376021082
BSU_29280,ytnM,50.6354822213006,-0.128963899564195,0.620136412294583,-0.207960534178299,0.835259782790799,0.965432140533785
BSU_29290,sndA,69.4048255076409,-0.0901948710471984,0.583637048783715,-0.154539317260894,0.87718451286467,0.981195901612435
BSU_29300,ribR,22.0435731790847,0.0268304208868234,0.813718496088786,0.0329726078684291,0.973696431514062,0.995053328470775
BSU_29310,cmoJ,56.0820856025816,-0.0266062331495999,0.686517785988927,-0.0387553442789157,0.969085448167712,0.995053328470775
BSU_29320,cmoI,6.97462187484649,-0.688689165931449,1.2608746966279,-0.546199529400732,0.584928789602185,
BSU_29330,cmoO,23.4580649144342,-0.388112276310519,1.0338272787467,-0.375413073623888,0.707353283393275,0.936177066481487
BSU_29340,tcyN,6.26160678946768,0.894770166548719,1.50411779093768,0.594880382334226,0.55192343144518,
BSU_29350,tcyM,7.93977265423773,-1.84952336625123,1.17642333595071,-1.57215800616243,0.115913911731335,
BSU_29360,tcyL,20.1634170966938,-1.12721109776038,1.0766642046697,-1.04694768607654,0.295123706700207,0.744330308249574
BSU_29370,tcyK,47.0590684899507,0.0035045067297016,0.829991725577034,0.00422233935798,0.996631070626097,0.999423131013604
BSU_29380,tcyJ,44.3610380586655,-0.105831549246948,0.678822410911671,-0.155904618860203,0.876108204507501,0.981195901612435
BSU_29390,snaA,20.2630378342478,0.0461465755512592,0.766400490408272,0.0602120903219624,0.951986716502933,0.993454444844946
BSU_29400,ascR,165.343381761181,-0.20394703951541,0.501976459519109,-0.406288055242253,0.684530960896822,0.930797046120767
BSU_29410,ytkL,1377.19251834774,0.291815451308282,0.283036463276449,1.03101716270125,0.302532771524149,0.749682542382862
BSU_29420,ytkK,898.717694382389,0.419351493108165,0.279140250579627,1.50229675669272,0.133020485899926,0.554136435005428
BSU_29430,ytzD,47.930544165901,-0.906088156501408,0.521159963425111,-1.73859893332273,0.0821053342948266,0.460706408483938
BSU_29440,argH,327.174136862493,-0.895771995515303,0.254737284577114,-3.51645420497578,0.0004373520987184,0.0349444326876061
BSU_29450,argG,231.360970417838,-0.597186158944089,0.26764920013063,-2.23122713855533,0.0256660871844747,0.292398032132781
BSU_29460,moaB,363.050653516063,0.3668663886942,0.22249767764554,1.64885491199892,0.099177362084147,0.499649985791331
BSU_29470,ackA,5230.07788230736,-0.10628446384455,0.217898997142201,-0.487769403432312,0.625713185760992,0.906100640206111
BSU_29479,BSU_29479,10.3472248928856,0.5905563081048,0.872319379048705,0.676995515964374,0.498408799383718,0.863577215459756
BSU_29480,ytxK,1457.84863584851,0.331937591531651,0.186591342140197,1.77895494895067,0.0752471482436098,0.44584440898977
BSU_29490,tpx,11343.9385379734,0.764146574754836,0.259573976249376,2.94384893969768,0.0032415817619213,0.120613884529051
BSU_29500,gerW,7.03972913954017,0.780660719952776,0.985579101278841,0.792083272605747,0.428312122877756,
BSU_29510,ytfI,3.4873746728586,-0.908506575022775,1.65675479860106,-0.548365138757955,0.583441208597287,
BSU_29520,yteJ,935.336967852992,0.220855999199443,0.18279363424636,1.20822587783219,0.226960390457395,0.679303077462938
BSU_29530,sppA,1670.46761125473,0.119710341116124,0.209161318873005,0.572334988903029,0.567095049956504,0.891807528126746
BSU_29540,ppnKB,3596.01655723266,0.113832239327114,0.20455053891421,0.556499337187551,0.577869547423654,0.894801876727712
BSU_29550,ytcJ,1637.20989774396,-0.0835558397087708,0.218906718140604,-0.381696096028916,0.702686796157347,0.934186605114928
BSU_29560,ytcI,1906.43330198125,-0.160603556842612,0.224993255957378,-0.713814981516763,0.475341594481407,0.855536094471728
BSU_29570,sspA,884.282170201523,0.379943492948926,0.190303786351064,1.9965104228038,0.0458783923951134,0.371345630486349
BSU_29580,trmG,1623.67362581645,-0.0457811858450392,0.219878819718549,-0.208210985958722,0.835064231009222,0.965432140533785
BSU_29590,iscSB,785.992030077575,0.136213550012271,0.197028104977805,0.691340710136838,0.489351454043482,0.863246066392942
BSU_29600,braB,1979.09247671845,-0.492693651302774,0.311692237848741,-1.58070555334737,0.113945378026994,0.526927665898061
BSU_29610,ezrA,9042.26118844326,0.107757337073651,0.161224188759497,0.668369541213168,0.503897733183502,0.865897005712038
BSU_29620,hisK,344.384379683818,-0.453780819211195,0.325054320977223,-1.39601534244177,0.162709875065561,0.604492935372529
BSU_29630,refZ,75.8660371635637,0.0115325415490189,0.343891282280653,0.0335354286172545,0.97324761376062,0.995053328470775
BSU_29640,msrC,1247.96052771768,-0.294772355455819,0.230982637827249,-1.27616672070512,0.201896590039873,0.651773459586235
BSU_29650,dgcP,1403.33931060265,0.0596900327053248,0.180774129667383,0.330191232645689,0.741255471032972,0.943728055241868
BSU_misc_RNA_93,ldsD,485.391123359988,-0.521448486801281,0.324859968955871,-1.60514848436778,0.108461131422727,0.516316479682657
BSU_29660,rpsD,16246.1653087932,-0.685175972980604,0.327438325118736,-2.09253444211866,0.0363907340776519,0.336708345262789
BSU_29670,tyrS,3805.59448657965,-0.251977441600921,0.183744754531903,-1.37134495209315,0.170267448901172,0.614470152086886
BSU_misc_RNA_83,tboY,3862.66137164882,0.226850120562458,0.339835183846015,0.667529824296378,0.504433765833266,0.865897005712038
BSU_29680,acsA,11520.2367371234,-0.0913299749574727,0.228397931255296,-0.399872163707941,0.689250675764887,0.930901812486046
BSU_29690,acuA,1815.68618144993,-0.0923658283563934,0.170351072132745,-0.542208670600078,0.587674762877408,0.896685965943419
BSU_29700,acuB,2303.21256432465,-0.157731968162058,0.168580570915852,-0.93564737208531,0.349454775479153,0.782551473116153
BSU_29710,acuC,3232.18217771934,-0.194081585561764,0.161046355374449,-1.2051287041579,0.228153620277423,0.680712257661169
BSU_29720,motS,501.471023340961,-0.471952867571401,0.231934704316218,-2.03485230450009,0.0418657363408011,0.358144789467881
BSU_29730,motP,569.124088407195,-0.403069751444244,0.294222178876072,-1.36995026338249,0.170702427925134,0.614928944599559
BSU_29740,ccpA,4126.68089752867,-0.253886593220791,0.187375322064183,-1.35496281166538,0.175429405708971,0.620803462149505
BSU_29750,aroX,10255.2899250201,-0.127851159675563,0.169881469474816,-0.752590380050349,0.451696100211333,0.84414847365364
BSU_29760,brxJ,1230.65669167387,0.131226657782026,0.224557522366355,0.584378810378645,0.558965479715566,0.889234788840624
BSU_29770,ytxH,2180.9174220388,0.170720394358107,0.215240492793649,0.793161138697895,0.427683945752127,0.832244210072941
BSU_29780,ytxG,1554.30814403207,0.110930644561738,0.24268933914101,0.457089070967737,0.647607025394148,0.91404160482802
BSU_29790,murC,5717.51669396815,-0.406569405820286,0.181839603541644,-2.23586830317289,0.0253603991381472,0.291973471345527
BSU_29805,sftA,3669.26415809328,-0.224801296351331,0.163834265310853,-1.37212625164096,0.170024138497561,0.614470152086886
BSU_29820,ytpR,4947.48717798681,-0.127640338605716,0.171200124840665,-0.745562181829658,0.455931935236507,0.845233699123938
BSU_29830,ytpQ,4328.30198467789,-0.18673943059063,0.185588640301405,-1.0062007582326,0.314319007508967,0.755083845459005
BSU_29840,ytpP,1213.12798554329,-0.111421162945729,0.19243549546966,-0.57900525406601,0.562585627994702,0.891448758111815
BSU_29845,BSU_29845,8.78750828053835,1.04813280169344,0.984530474612146,1.06460168447944,0.287056217233479,
BSU_29850,ytoQ,648.217243284,-0.328508275921548,0.245761774891003,-1.33669394301552,0.181322559852081,0.630447020547488
BSU_29860,ytoP,1481.28094858578,-0.0217551258567009,0.225822865700193,-0.0963371259559844,0.923252825949566,0.989679266437973
BSU_29870,ytzB,788.47178616641,0.695065272592268,0.305272846659117,2.27686569637297,0.0227942469170592,0.279494317117277
BSU_29880,maeC,4336.17802060734,-0.101509449924391,0.196515676646122,-0.516546321681938,0.60547289519379,0.898499791048637
BSU_29890,ytnP,2206.33147096087,-0.0936290691588205,0.221367154516252,-0.422958272031937,0.672325706143353,0.92650610418858
BSU_29900,trmB,3161.59555100962,-0.135994765641975,0.208659702710582,-0.651753855082425,0.514559974270283,0.871367712607144
BSU_29910,ytzH,3.00356532182843,1.46847457993377,1.78039875525843,0.824800947313971,0.409484608773239,
BSU_29920,ytmP,1452.05142701224,-0.236102502789559,0.207369685232752,-1.13855842778831,0.254887376126458,0.707626871178039
BSU_29930,amyX,1929.4125928379,-0.20025735398246,0.211127289049511,-0.948514779325843,0.342867452518667,0.77871260535081
BSU_29940,ytlR,1417.58332373839,-0.195209974789051,0.18887512463935,-1.03353988600562,0.301351314806979,0.749682542382862
BSU_29950,ytlQ,1788.225868069,-0.259669227447728,0.215681510050981,-1.20394755853828,0.228609848297788,0.681134284224436
BSU_29960,ytlP,445.408212876682,-0.270630274146954,0.214388395904616,-1.26233639187897,0.206827766941448,0.657661490027357
BSU_29970,ytkP,1188.45357870463,0.149676084812152,0.203045580834303,0.737155096885839,0.461028036559639,0.846029860383904
BSU_29980,ytjP,1989.12349391498,-0.108396690114232,0.22725026051356,-0.476992589004158,0.633367398917851,0.907569138693262
BSU_29990,pbuO,1883.92278117742,-0.67494407104762,0.273578951261548,-2.46709064398145,0.0136215870769819,0.230814482159602
BSU_30000,ythQ,303.817901397599,0.558599556990273,0.350246686483637,1.59487463706918,0.110740272337414,0.519353867682321
BSU_30010,ythP,220.517959653853,0.765036395673864,0.354541679302903,2.15781793886144,0.0309419895973719,0.316957047285899
BSU_30020,ytzE,1632.13842431805,0.67500520223088,0.357742456624424,1.88684677966399,0.0591809370788208,0.408338244611207
BSU_30035,rsuA,370.84565169374,-0.372888407768354,0.225132599732815,-1.65630569811256,0.0976599271523869,0.496898884625473
BSU_30050,murJ,1850.41382006021,-0.145890490454406,0.185610713327963,-0.786002530988748,0.43186600435649,0.836045455159942
BSU_30060,ytfP,586.728238513752,0.0096065921268196,0.232705237233696,0.0412822343021534,0.9670708959691,0.995053328470775
BSU_30070,opuD,876.322779738213,-0.15153504155271,0.235493605786455,-0.643478369812391,0.519913745624242,0.872345826866379
BSU_30080,yteV,18.9279175390346,0.643198995565009,0.550820746612882,1.16771018433888,0.242923687347444,0.697685212762788
BSU_30090,rmgU,32.1547007153802,-0.0838831373293343,0.490870236486748,-0.170886582836437,0.864312946823823,0.975843819599681
BSU_30100,rmgT,102.913429897829,-0.192520844507097,0.343726980122903,-0.560098146611184,0.575412494561021,0.893126396246115
BSU_30110,rmgS,25.2009301946701,0.386448295357456,0.487060735866646,0.793429375229424,0.427527701713441,0.832244210072941
BSU_30120,rmgQ,59.2947306164837,-0.19892252872144,0.375142864912128,-0.53025806253315,0.595933019126514,0.898499791048637
BSU_30135,rmgP,30.9689444974582,0.322708366520563,0.535629663450173,0.602484120169687,0.546851930442057,0.884920176655445
BSU_30150,rmgR,142.916254259416,-0.0875042061687102,0.269039560171563,-0.325246614709413,0.744994431381237,0.94456559361411
BSU_30160,ytcQ,1156.33659073796,0.0596767582323979,0.198407719768669,0.300778408733175,0.763583473791256,0.948838562300488
BSU_30170,ytcP,272.556357771906,-0.07137428605925,0.237025954063094,-0.301124348771742,0.763319674583328,0.948838562300488
BSU_30180,ytbQ,27.9476694747843,-0.510287546989583,0.526806863623783,-0.968642556172167,0.332723562654874,0.770370295751809
BSU_30190,bioI,37.2621778697578,-0.382651979035148,0.506450352368319,-0.755556743609218,0.449914998997349,0.84414847365364
BSU_30200,bioB,81.5209700541525,-0.660184517771386,0.429669498915783,-1.5364937921758,0.124417319154897,0.539366231303448
BSU_30210,bioD,31.1160285059322,-1.11672021501866,0.580767414351957,-1.92283552317538,0.0545007092899799,0.395451629394689
BSU_30220,bioFC,88.5426784706808,-0.707640127788904,0.349378001071147,-2.02542840596538,0.0428233930821175,0.360673357623874
BSU_30230,bioK,71.2059328549068,-0.129800345232519,0.32590179505282,-0.398280547093893,0.690423398099766,0.930901812486046
BSU_30240,bioW,57.7248378133389,-0.74613886427956,0.521748177282803,-1.43007469267139,0.15269558274186,0.589066114538821
BSU_30250,ytaP,92.4501039787829,0.467443219011955,0.387765275567067,1.20547983139637,0.228018119399254,0.680712257661169
BSU_30260,msmR,249.367083714777,-0.643461797235856,0.330047081181189,-1.94960608326849,0.051223087782641,0.380465319049256
BSU_30270,msmE,197.696790438345,-0.883513415123867,0.301747383290345,-2.92799031259118,0.0034116067463786,0.120613884529051
BSU_30280,msmF,69.3549614293545,-0.649757290085778,0.409631268101337,-1.58620042141177,0.112693852236315,0.524291314937642
BSU_30290,msmG,73.135349238167,-0.406868732045734,0.371839983470643,-1.09420382458106,0.273865594462738,0.726428268229269
BSU_30300,melA,263.540747958954,-0.187337506975865,0.269409189701205,-0.695364204850015,0.48682708704264,0.862174636552513
BSU_30310,ytwF,763.545219518288,0.530391701022061,0.247061987938204,2.14679605490232,0.0318095215597992,0.318576402770265
BSU_30320,leuS,6717.14711405424,-0.392069453679189,0.18214649718352,-2.1524951604431,0.0313583760402357,0.318510236185369
BSU_misc_RNA_49,tboL,2670.56914201422,0.141195231805749,0.23918982285823,0.590306184930939,0.554985393589675,0.88721304738064
BSU_30330,ytvB,64.6198811520674,0.0701079709175948,0.39285695693243,0.178456737701741,0.858364294087992,0.974508540493037
BSU_30340,blrA,1010.89116908709,0.403766272453574,0.262451422609959,1.53844192741767,0.123940597369848,0.539366231303448
BSU_30350,yttB,233.602235781585,-0.328991235639074,0.255336886130581,-1.28845949609813,0.197586059577739,0.646712387151323
BSU_30360,yttA,604.340332679664,0.117538445984998,0.185754470837938,0.632762406497041,0.52688880977169,0.874499707120026
BSU_30370,bceB,135.019730835193,-0.209941027143872,0.313624359480221,-0.66940280879908,0.503238560368439,0.865897005712038
BSU_30380,bceA,43.7812842620333,-0.202597523700697,0.37591556333678,-0.538944229662532,0.589925337120949,0.898004015589775
BSU_30390,bceS,393.665457939576,-0.179302100184644,0.22925914461175,-0.782093558310582,0.434159592190436,0.837259189458047
BSU_30400,bceR,173.626075677974,-0.179461376026412,0.243077355450238,-0.738289157762171,0.460338753633287,0.845930690324278
BSU_30410,ytrF,699.304065618147,-0.287417706085652,0.190658754861854,-1.50749807578418,0.131683036695402,0.551439970228648
BSU_30420,ytrE,289.274801357535,-0.174997751517764,0.209568400145413,-0.835038829309852,0.40369584626563,0.820437215892481
BSU_30430,ytrD,185.163517098973,-0.438421157353015,0.2360039393301,-1.8576857598118,0.0632136518920809,0.418110164418648
BSU_30440,ytrC,235.000454623773,-0.56442927220278,0.331751545754568,-1.70136139356634,0.0888751460766007,0.477383498611148
BSU_30450,ytrB,139.506499802118,-0.190691789558086,0.34818803448317,-0.547668991098842,0.583919207804161,0.896685965943419
BSU_30460,ytrA,73.1595947784896,0.421913251382707,0.388682111876536,1.08549696137477,0.277701608782032,0.728065190003818
BSU_30466,BSU_30466,10.2061778789055,1.41629821512138,0.964455037693978,1.46849584456292,0.141969584169098,0.571829095153621
BSU_30470,ytzC,92.8800894408008,0.0242669812916726,0.317670146535838,0.0763904998826663,0.939108427517187,0.992812863632875
BSU_30480,ytqA,444.554459010638,-0.315236075780085,0.22947846601222,-1.37370656714822,0.169532797294978,0.613682673463064
BSU_30490,ytqB,547.382378095517,-0.349047897823666,0.204474968537893,-1.70704463396937,0.0878137566626927,0.47536037651417
BSU_30500,tbcS,1144.77791148232,0.472003264321625,0.287657401384303,1.64085214581717,0.100828110693147,0.501005351018807
BSU_30510,ytpA,866.512262240961,0.169613261496738,0.33132853087063,0.511918671932799,0.608707929673624,0.898499791048637
BSU_30520,ytoA,118.604647592734,-0.182055891509589,0.334790794552392,-0.543790015950093,0.58658598004742,0.896685965943419
BSU_30530,ytnA,2524.11915347109,-0.172304118957167,0.199395049467449,-0.864134387575633,0.387514070488752,0.813087558614792
BSU_30540,asnB,8781.8094693471,0.0002911118191335,0.176041259060681,0.0016536567659585,0.998680573398921,0.999423131013604
BSU_30550,metK,7468.45406418757,-0.229677273759532,0.191181025114654,-1.20136019577147,0.229611509393832,0.681134284224436
BSU_misc_RNA_50,mswG,174.837856002851,-0.122378622227023,0.304518561591828,-0.401875739814697,0.687775477818623,0.930797046120767
BSU_30560,pckA,68860.3223237649,-0.462464292015397,0.287111945173529,-1.61074556384579,0.107235190265468,0.513674562482669
BSU_30570,ytmB,594.641232473719,0.920476448830325,0.369765060888818,2.48935485309981,0.0127975162045073,0.225225009854655
BSU_30580,ytmA,160.064019040206,0.473438302452474,0.302321625509562,1.56600872218286,0.117346575229532,0.529959494252577
BSU_30595,ytlA,4.98575207540094,-1.12799045244152,1.31952095192467,-0.85484845905343,0.39263504700887,
BSU_30610,ytlC,3.28491784054571,-0.254461534767509,1.63746283435632,-0.155399884155256,0.876506075486674,
BSU_30620,ytlD,6.00645313147146,-0.65741717125057,1.06665084893181,-0.616337737797645,0.537671636909399,
BSU_30630,rppG,246.175152366486,-0.238441917026564,0.360163226796642,-0.662038485015005,0.507946557735537,0.86770573975802
BSU_30640,ytkC,1.81035615961517,-0.535967503403185,2.95387323474164,-0.181445668385313,0.85601777553718,
BSU_30650,dps,5514.85218037515,0.484178738612109,0.26378939514939,1.83547461541396,0.0664353969290454,0.422177104037711
BSU_30659,ytzI,106.150552525061,1.06970397336853,0.362712235037665,2.94918083824067,0.0031861747915578,0.120613884529051
BSU_30660,ytkA,986.423271603494,0.41520486025041,0.187856896567947,2.21021888382061,0.0270899750183585,0.300347115630278
BSU_30670,luxS,1902.83341473704,-0.0675792423165068,0.210980541542096,-0.32031030834672,0.74873310956404,0.945560587870568
BSU_30680,ytjA,46.6295003826335,-0.469175342991841,0.486852406419685,-0.963691124466569,0.335200805451023,0.772845222663197
BSU_30690,ytiB,839.444339032196,-0.0450160536896784,0.191996616389079,-0.234462744897826,0.814625752418979,0.960898663363364
BSU_30700,rpmEB,78.9211235796759,-0.193987917527624,0.491995622329982,-0.394287893475435,0.693368500457504,0.93192553433051
BSU_30710,ythA,2.95268214929032,-1.45510490591603,1.98962690635193,-0.731345611215136,0.464568077351284,
BSU_30720,ythB,29.6084459251324,0.234996653703809,0.544518331160955,0.431567938590383,0.666055464882796,0.922319439239781
BSU_30739,ytzL,9.25751032050356,0.999212251673269,0.80536368660714,1.24069692772315,0.214717729685353,0.665475042740872
BSU_30740,mntD,63.3479235983967,-0.222548983534431,0.395367793379158,-0.562891027699381,0.57350909020304,0.892568533296843
BSU_30750,mntC,93.2027323330495,-0.122512040608209,0.524214501443056,-0.233705935778117,0.81521327927281,0.960898663363364
BSU_30760,mntB,56.7751174971911,0.0630292966526416,0.531919435237108,0.11849406597551,0.905676196638557,0.984997682274009
BSU_30770,mntA,99.8947591197274,0.375379391073641,0.367591243964481,1.02118697666779,0.307165861331984,0.749682542382862
BSU_30780,menC,333.844815557782,-0.147143616699054,0.246592745378878,-0.596706997494897,0.550703019926341,0.885529410386566
BSU_30790,menE,382.362478194372,-0.293773947379421,0.219065992091498,-1.3410294522425,0.179910890393105,0.628697006707888
BSU_30800,menB,2827.01992909107,-0.0944200736311221,0.203932707398254,-0.462996224763161,0.643367073148681,0.914029678957675
BSU_30810,menH,511.129642905887,-0.0564640832278237,0.219525995900517,-0.257209097247014,0.797017361619556,0.955978009107958
BSU_30820,menD,1057.00778279584,-0.131934855757353,0.211951508000713,-0.622476607983885,0.533628520540232,0.878025510526453
BSU_30830,menF,2395.67493234168,-0.154857896004741,0.185877580733343,-0.833117664829617,0.404778371878814,0.820437215892481
BSU_30840,yteA,0.97651702756822,1.68529393551009,3.4360473075293,0.490474601969873,0.623798097798993,
BSU_30850,ytdA,17.9259463152859,0.211875254008921,0.674605355036163,0.314072890805267,0.753465678522061,0.946082443337159
BSU_30860,ytcA,1.85158636991713,-1.32622744162085,1.97843361151166,-0.67034215042855,0.502639703096011,
BSU_30870,ytcB,0.416830101205173,-0.878788038251051,3.4745976745485,-0.252917926207167,0.800331636622892,
BSU_30880,ytcC,0.813737898374432,0.758661707469527,3.43836154284648,0.220646286906019,0.825367857418668,
BSU_30890,cotOO,12.4416714369034,0.609832674577369,0.837144596906271,0.72846755128212,0.46632742504223,0.850017037507684
BSU_30900,cotS,15.7169149232884,0.503335490263227,0.78655044624548,0.639927791873806,0.522219544744394,0.872696418887785
BSU_30910,cotSA,9.43563024428466,0.968053806984621,1.02767598471467,0.941983486413178,0.346201094571746,0.781283850586233
BSU_30920,cotI,9.12112147071751,-0.524212239537164,0.81654055351116,-0.641991677306202,0.520878586869473,0.872696418887785
BSU_30930,ytaB,13.961583895606,-0.216666246241865,0.878855513772912,-0.246532271626448,0.805270226026117,0.959455577982206
BSU_30940,glgP,116.728134517209,0.0169486761661862,0.292140567686772,0.0580154830956523,0.953736295572384,0.993454444844946
BSU_30950,glgA,59.2751334779342,0.280046627542092,0.402997808536281,0.694908561808917,0.48711260674751,0.862174636552513
BSU_30960,glgD,20.7130418750907,-0.131495198788757,0.550225568087224,-0.238984166522613,0.811117860342038,0.960898663363364
BSU_30970,glgC,25.5858966372172,0.714198400882178,0.493919453834366,1.44598151649577,0.148182386156244,0.581542723974219
BSU_30980,glgB,37.8802700147132,0.91762474612007,0.622223893523512,1.47475009505625,0.140279742603991,0.57068999155086
BSU_tRNA_72,trnB-Glu,568.915037848431,-0.34701553403778,0.336935954534108,-1.02991541676699,0.303049713004249,0.749682542382862
BSU_tRNA_71,trnB-Ser2,275.171866356463,-0.44890048494888,0.46842760558511,-0.958313471701058,0.337904712647542,0.772977856897842
BSU_tRNA_70,trnB-Asn,623.181231498112,-0.672600806596708,0.343127637729198,-1.96020586114237,0.0499717337110839,0.378719122992945
BSU_tRNA_69,trnB-Ile2,99.4804073195456,-0.687567905428528,0.441966897934,-1.55570000523253,0.119779445344794,0.532090539518177
BSU_tRNA_68,trnB-Gly2,91.367691007918,-0.362445401512822,0.43389756286022,-0.835324815202024,0.403534849095219,0.820437215892481
BSU_tRNA_67,trnB-His,78.4047957021716,-0.71345787144111,0.514213961042212,-1.38747277494191,0.165297647237931,0.607157027011411
BSU_tRNA_66,trnB-Phe,59.4729114558142,-0.767044128006258,0.49893590481947,-1.53736005085422,0.124205163531554,0.539366231303448
BSU_tRNA_65,trnB-Asp,115.96279327515,-0.660912121983075,0.374745684998644,-1.76362837102572,0.0777945678712306,0.446748279742857
BSU_tRNA_64,trnB-Met2,30.2086714601813,-0.652315210413643,0.735601574186291,-0.886777888064231,0.375198494655939,0.804276149940409
BSU_tRNA_63,trnB-Ser1,286.657075104113,-0.362297081268577,0.370933479673402,-0.976717123478773,0.328709215434803,0.769637812971514
BSU_tRNA_62,trnB-Met3,134.288268974955,-0.490357227556948,0.374683446869742,-1.30872402198067,0.19062785153468,0.638911647084273
BSU_tRNA_61,trnB-Met1,90.4317223762668,-0.856661400068646,0.473524750573944,-1.80911641689334,0.0704329191205555,0.433070639359324
BSU_tRNA_60,trnB-Ala,47.9226097789672,-0.442449523807692,0.454370329989563,-0.973764118396234,0.330173672865103,0.770125968053083
BSU_tRNA_59,trnB-Pro,108.746577176766,-0.567060646643234,0.407420489435373,-1.39183144036055,0.163973446834548,0.605270712139316
BSU_tRNA_58,trnB-Arg,116.422262272776,-0.821200649961465,0.315458616609231,-2.60319613009244,0.0092359100825197,0.199445733944142
BSU_tRNA_57,trnB-Leu2,328.813990872816,-0.489691833147958,0.306105945472759,-1.59974623293142,0.10965489093906,0.518427561303601
BSU_tRNA_56,trnB-Gly1,269.18401323994,-0.645634097401706,0.374591702093776,-1.72356753711559,0.0847859431528628,0.469141056642225
BSU_tRNA_55,trnB-Leu1,275.590796392373,-0.747977304352291,0.299534615742238,-2.49713143336981,0.0125202541588713,0.224919846953875
BSU_tRNA_54,trnB-Lys,29.4662588499973,-0.450721580808261,0.611790990961182,-0.736724776054865,0.461289736729308,0.846070392253825
BSU_tRNA_53,trnB-Thr,90.5636205033883,-0.0213944628086177,0.312524807080999,-0.0684568467010455,0.945421970793725,0.993454444844946
BSU_tRNA_52,trnB-Val,2.11744067387086,0.694382408179911,1.83809247040876,0.377773381567411,0.705598949365263,
BSU_rRNA_21,rrnB-5S,0.544348522862268,-1.02028011834966,3.45827812667052,-0.295025466714541,0.767974425474128,
BSU_rRNA_20,rrnB-23S,1933.37859067161,0.171849028216992,0.381794973157378,0.4501081478256,0.652632462059358,0.915472853204753
BSU_rRNA_19,rrnB-16S,1147.66353975874,0.185234130221923,0.367352175483807,0.504241277400815,0.614091837277933,0.898563702169665
BSU_misc_RNA_51,tswC,11.1971825275001,-0.899431598267364,0.720735363983284,-1.24793598762309,0.212054500220057,0.663834376021082
BSU_30990,thiT,516.16087725517,-0.243219713453616,0.250366469666284,-0.971454818921267,0.331321841598076,0.770170967379161
BSU_31000,yuaI,146.358613594259,0.362205342670959,0.366325210498804,0.988753523618439,0.322783748532009,0.763934286365743
BSU_31010,floT,314.93650876421,0.461406504442898,0.311936099550744,1.47916994893321,0.139094898993363,0.567603801305911
BSU_31020,nfeDB,83.8182494658957,0.447306320159028,0.357217829208037,1.25219483347379,0.210498878160765,0.66163888139438
BSU_31030,yuaE,1536.03392385872,0.674263196697035,0.314573452556718,2.14342053093455,0.032079345967066,0.319469680493058
BSU_31040,yuaD,278.981159109666,0.0818976730559728,0.26776399815582,0.305857671755835,0.759713015462175,0.948157918391561
BSU_31050,gbsB,140.148601562934,0.0369217007948087,0.284501644907554,0.129776756850759,0.896743052722667,0.984517604748476
BSU_31060,gbsA,69.8568924700968,0.0684142936123912,0.395592054464889,0.172941526100503,0.862697390299556,0.975785977986049
BSU_31070,gbsR,476.814121844515,0.255039868140058,0.199771594916229,1.27665731580611,0.201723257147395,0.651773459586235
BSU_31080,bslA,148.698450295801,0.150787486978787,0.372227063374241,0.40509544258254,0.685407356325891,0.930797046120767
BSU_misc_RNA_52,swdA,336.736626686959,-0.360370471016667,0.371099493313461,-0.97108855579134,0.331504182187924,0.770170967379161
BSU_31090,ktrA,213.376292118505,-0.45784122119893,0.258812480722753,-1.76900750659463,0.0768926218832522,0.446223177958648
BSU_31100,ktrB,444.659258043082,-0.456608521033655,0.290263457390495,-1.57308303683359,0.115699592220565,0.528855687552811
BSU_31110,yubF,1450.25026149787,0.206428898756018,0.252742039832847,0.816757271139149,0.414067155094284,0.822183336552756
BSU_31120,lytG,987.668508176142,-0.121559083326228,0.203317850551887,-0.597877082588996,0.549921952503279,0.885529410386566
BSU_31130,yubD,200.253198656957,-0.754696987251804,0.243137253189407,-3.10399569523756,0.0019092610887061,0.0915151882211853
BSU_31140,cdoA,13.1656637966501,-0.230687542644326,0.642184146341973,-0.359223353548004,0.719428007395944,0.939822102692
BSU_tRNA_86,trnSL-Ala1,2.52395287783871,1.98899112579868,1.84498593500711,1.07805218894041,0.281010466482376,
BSU_31150,uppP,1151.0183633035,0.295440368659118,0.20786256009669,1.42132555531737,0.155222137518796,0.591146272056806
BSU_31160,yubA,997.027924473014,0.0483020432402561,0.230645880236723,0.20942079342879,0.834119761823525,0.965432140533785
BSU_31170,iolU,722.208052151271,-0.0314297084412341,0.192370178995091,-0.1633813962508,0.870218149707355,0.979026051275946
BSU_31180,rhaA,125.651417671967,0.731879702444407,0.423748947338488,1.7271540308035,0.0841400041315581,0.466212644251837
BSU_31190,rhaM,22.4267297390328,-0.147252549478116,0.571653322442067,-0.257590647508288,0.796722848402113,0.955978009107958
BSU_31200,rhaB,300.975603048466,0.0064461883195852,0.300360801652642,0.0214614832698444,0.982877528278715,0.998127166502402
BSU_31210,rhaR,267.915344500478,-0.112543269316255,0.24481709504812,-0.459703474931495,0.645729074950352,0.91404160482802
BSU_31220,rhaE,492.852656555853,0.212488961007489,0.284827298914041,0.74602737103376,0.455650880924324,0.845233699123938
BSU_31230,tlpB,3535.56808759891,-0.716607215862034,0.286267415365867,-2.50327902302876,0.0123048493298828,0.22243381480942
BSU_31240,mcpA,6308.90699635005,-0.122530310824911,0.200914461574921,-0.60986307239621,0.541952516218931,0.883203081143408
BSU_31250,tlpA,45.1454473348608,-0.0429195982807309,0.396762662238848,-0.108174489097701,0.913857280938946,0.986452266239149
BSU_31260,mcpB,7057.41342701008,-0.184500519456923,0.212615823422901,-0.867764762220657,0.385523124239597,0.812323249650417
BSU_31270,tgl,42.3651347038083,-0.105205735599838,0.492279051029287,-0.213711583663509,0.83077197757592,0.96404316478954
BSU_31279,yuzH,121.314874641035,0.293118375919397,0.320898584762018,0.913429942786368,0.36101646355703,0.794634034110377
BSU_31280,yugU,224.148755484133,0.229073012082231,0.219253492090043,1.04478615094603,0.296121817025734,0.745435827988537
BSU_31289,BSU_31289,2.00727754189354,-0.897980435857196,1.6610647200759,-0.540605326814817,0.588779645512582,
BSU_31290,yugT,259.839651441199,0.22661238792121,0.273433978923419,0.828764547893579,0.407237652722807,0.820437215892481
BSU_31300,yugS,27.8843771761402,0.256248763276186,0.583397143214106,0.439235546928524,0.66049087064007,0.918753839904972
BSU_31310,yugP,439.175874048855,0.591614868444165,0.344727261920609,1.71618242534127,0.0861286588093396,0.471596301661935
BSU_31319,yuzI,0.769523069640835,0.201930644273255,3.14079491916136,0.0642928460694192,0.948737049680956,
BSU_31321,mstX,5.69545395346158,-1.38008185073221,1.19471570071981,-1.15515502968674,0.248026946571938,
BSU_31322,kbfO,30.744285587237,-0.276190944033474,0.536448598686856,-0.514850713953857,0.606657343731196,0.898499791048637
BSU_31330,yugN,439.416947721214,0.443475097985296,0.322843603974317,1.37365303981855,0.169549422217141,0.613682673463064
BSU_31340,yugM,377.657476316297,0.342340027287694,0.300004329328214,1.14111695672619,0.253821255788981,0.707068115407917
BSU_31350,pgi,9601.80236693998,0.358513831320631,0.198515778206791,1.80597146765418,0.0709227964731316,0.433070639359324
BSU_31360,bdhK,621.503815869704,0.239707000219297,0.305018356655978,0.785877292262958,0.431939379086388,0.836045455159942
BSU_31370,bdhJ,2909.7067022765,0.3896843964022,0.233272652330229,1.67051041992933,0.0948184195752365,0.490997270519475
BSU_31380,yuzA,49.8629490733769,-1.22600688807157,0.835111605371882,-1.46807550055016,0.14208371560169,0.571829095153621
BSU_31390,yugI,7769.08765648057,-0.127910639705837,0.292060513118335,-0.437959374720442,0.661415733197897,0.919080297087164
BSU_31400,yugH,7737.42905790522,-0.0969596167276305,0.16801642555883,-0.577084153559027,0.563882608542933,0.89151454337484
BSU_31410,yugG,2163.94020327163,-0.114166215548711,0.17083920567642,-0.668267070762136,0.503963129010068,0.865897005712038
BSU_31420,yugF,19.2935740660396,0.189776133851108,0.610173601675476,0.311019902090163,0.755785491778161,0.946377391190038
BSU_31430,yugE,154.45881698692,0.345385419278369,0.321557564221107,1.07410136693559,0.282777251982442,0.732376694832318
BSU_31440,patB,1237.25172295563,0.23115279518864,0.170005272242705,1.35968015661679,0.17393116021361,0.619071406258145
BSU_31450,kinB,257.618100183375,-0.249432452931697,0.280167038467427,-0.890299066928591,0.373305322022416,0.804276149940409
BSU_31460,kapB,472.358407663259,-0.0278672088632298,0.245942844628882,-0.113307662620884,0.909786642472951,0.985681580424162
BSU_31470,kapD,68.4774867201398,0.0219866234264895,0.345459167262081,0.0636446373698615,0.949253188284886,0.993454444844946
BSU_31480,yuxJ,62.4845081299972,0.397356241130584,0.420683944547035,0.944548148987314,0.344889609240373,0.780437022674026
BSU_31490,pbpD,3489.18568230914,-0.450077005734381,0.172639766854405,-2.60702973558782,0.0091331428537053,0.19882564103449
BSU_31500,yuxK,1386.28619108068,-0.343564452021391,0.173771794277569,-1.97710136705275,0.0480301732966493,0.375546841731266
BSU_31510,yufK,682.047954662076,-0.418294909679329,0.229088745958884,-1.8259077194233,0.0678641632286263,0.424995939697927
BSU_31520,maeL,1028.20394570885,-0.176729589643007,0.192677127122561,-0.917231807855375,0.359021182346657,0.792127065505423
BSU_31530,maeM,930.923545166099,-0.034024067588561,0.211700612028921,-0.160717851793045,0.872315628519666,0.980005887496082
BSU_31540,nupN,412.005140165126,0.0716851998121663,0.367566246856326,0.195026612006044,0.845372114251446,0.970756423234989
BSU_31550,nupO,199.538921212024,0.337695722897269,0.473167506401417,0.713691701836307,0.475417838756328,0.855536094471728
BSU_31560,nupP,132.961966885582,0.169182690766593,0.429760122484227,0.393667727449055,0.693826371053604,0.93192553433051
BSU_31570,nupQ,99.1007938299774,0.303190834398166,0.559761269363507,0.541643109289999,0.588064388178162,0.896685965943419
BSU_31580,maeN,233.853435047075,-0.223907961081886,0.223264239672027,-1.00288322666812,0.315917206470125,0.756194871089364
BSU_31590,yufS,2.94629484692662,-0.601700223394821,1.48096058342671,-0.406290505046786,0.684529161086294,
BSU_31600,mrpA,865.20969497177,0.0178724089894987,0.212690847034106,0.0840299864273555,0.933032590353608,0.990172246218659
BSU_31610,mrpB,123.983568243763,0.482487470717117,0.389957036318046,1.23728366404858,0.215981790431654,0.666291314883751
BSU_31620,mrpC,150.828830110747,-0.0217108129493597,0.307142232599935,-0.0706865114757398,0.943647256265412,0.993454444844946
BSU_31630,mrpD,578.597978293968,-0.0223654887100745,0.198989268604608,-0.112395451608573,0.910509861568239,0.985681580424162
BSU_31640,mrpE,236.92944789187,-0.188915405976685,0.260064779614279,-0.726416726851209,0.46758334006123,0.850017037507684
BSU_31650,mrpF,98.7462921219665,-0.290088976889259,0.513554593792578,-0.564864924577862,0.572165642731065,0.892568533296843
BSU_31660,mrpG,180.660851455914,-0.199981779380048,0.28445503053258,-0.703034778487222,0.482034075961857,0.860962214082722
BSU_31670,yuxO,646.223058701031,0.0766637805636348,0.189583216342968,0.404380630535063,0.685932841421658,0.930797046120767
BSU_31680,comA,1344.29671682301,0.0713622426170111,0.175677725016982,0.406211103941109,0.684587496017829,0.930797046120767
BSU_31690,comP,5154.27281661674,0.18139087680765,0.201571621948431,0.899883004632745,0.368182515454495,0.800780297667314
BSU_31700,comX,149.558314709661,0.598635777881919,0.302952678628692,1.97600424129481,0.0481542968405086,0.375735187261391
BSU_31710,comQ,1904.96900877597,0.293056791299764,0.202467913355006,1.44742337906116,0.147778381759553,0.581077396780919
BSU_31720,degQ,29.491706782838,0.406770397725052,0.518319455172002,0.784787052976947,0.432578432344722,0.836471847636574
BSU_31725,BSU_31725,2.36717810461335,-1.84027409903381,1.91154265441564,-0.962716732887336,0.335689697152368,
BSU_31730,cotIC,1.43069729253829,2.33580284116166,2.58179519801134,0.904720422038447,0.365613519201311,
BSU_31740,pdeH,1207.5396801209,0.12377769270603,0.242763360406586,0.509869745165513,0.610142719247198,0.898499791048637
BSU_31750,pncB,4597.77482001205,0.267699187116183,0.18320475225743,1.46120220036664,0.143959959378877,0.574857338594594
BSU_31760,pncA,1754.55431803458,0.316767890503783,0.189729941540278,1.66957248778015,0.0950039774997632,0.490997270519475
BSU_31770,yueI,421.603710954781,-0.0374304666988446,0.270514427951427,-0.138367727674642,0.889949801229739,0.984381268013484
BSU_31780,yueH,399.084802881239,-0.0842747166882848,0.287667119762463,-0.292959156256278,0.769553371219946,0.950152533509292
BSU_31790,yueG,311.499716215393,-0.457418197309101,0.217823812826755,-2.09994578358109,0.0357336106632718,0.335895940234755
BSU_31800,yueF,987.542097989292,-0.381575515338025,0.178469940520306,-2.13803800363014,0.0325136589253918,0.320092575289885
BSU_31810,yuzE,30.0061055419149,0.0937333644897343,0.516646676243093,0.181426434737443,0.856032871243676,0.974508540493037
BSU_31820,yuzF,111.129358449476,-0.721592082086211,0.305980592922205,-2.35829362638589,0.0183591648008725,0.260834289118759
BSU_31830,yueE,376.931015448661,-0.211060910774157,0.250728654803023,-0.841790145366395,0.39990542898254,0.820437215892481
BSU_31840,bznD,1249.30369027944,0.510892944034461,0.216812808069127,2.35637805987721,0.0184541253839267,0.260834289118759
BSU_31850,yueC,263.650014305152,0.0364954485720312,0.236504020220215,0.154312169992076,0.877363601984583,0.981195901612435
BSU_31860,yueB,2602.36644453231,0.096417554457682,0.188255163529469,0.512164195924374,0.608536098903423,0.898499791048637
BSU_31875,yukAB,1329.63140597588,0.299695493981663,0.196114475868454,1.52816610122491,0.126471302968032,0.543125098411719
BSU_31890,yukC,560.59287949146,0.3640304318713,0.1993957761016,1.82566771969037,0.0679003283828619,0.424995939697927
BSU_31900,yukD,57.4411549103749,0.694093546109411,0.353972058219618,1.9608710066001,0.0498940722626885,0.378719122992945
BSU_31910,yukE,5512.67423944611,0.23476406363586,0.175729270133664,1.33594172136089,0.181568322696922,0.630752564499308
BSU_31920,adeR,852.732586316064,0.0959254237577648,0.21565718937417,0.444805128157967,0.656460588087234,0.91697903825472
BSU_31930,ald,40445.9187445548,-0.0285624470336685,0.165982761523757,-0.172080803882639,0.863374003923083,0.975843819599681
BSU_31945,yukJ,1647.69653146817,0.50583701883646,0.220551671074999,2.29350798554797,0.021818776146163,0.276909517999636
BSU_31959,mbtH,232.130414866086,0.386482649773445,0.593180841130376,0.651542704981767,0.51469621932864,0.871367712607144
BSU_31960,dhbF,4495.70041950459,0.52911499457266,0.769144239286373,0.687926877101209,0.491498830244889,0.863246066392942
BSU_31970,dhbB,630.079457474564,0.620899939182288,0.5699061938526,1.08947743660227,0.275943399601446,0.728065190003818
BSU_31980,dhbE,734.642845135248,0.465388137014037,0.879028261780827,0.529434782985481,0.596503874461227,0.898499791048637
BSU_31990,dhbC,338.759046157629,0.546903185519463,0.599218734467672,0.912693736128453,0.361403639238299,0.795048204161346
BSU_32000,dhbA,252.970916423986,0.147060075672343,1.05670290595975,0.139168800277667,0.889316762320004,0.984381268013484
BSU_32010,besA,766.572595917422,0.859476158721548,0.460830406601355,1.86505956727166,0.0621730551659468,0.41280882117753
BSU_32020,yuiH,220.295023823529,-0.0537745080583916,0.217680226169756,-0.247034418351146,0.804881587378654,0.959278622189058
BSU_32030,bioYB,454.546215466103,-0.813970202420391,0.212680106763596,-3.82720422143269,0.0001296069801458,0.0132764073251994
BSU_32040,hisP,103.462938427211,0.145364359405657,0.367838319215481,0.395185470931053,0.69270601439955,0.93192553433051
BSU_32050,pepA,1552.19195313435,0.113276161458235,0.165545434926599,0.684260254645258,0.493810839807534,0.863246066392942
BSU_32060,yuiD,275.72823871682,-0.179599348876867,0.394694122258539,-0.455034262606078,0.649084589673738,0.91404160482802
BSU_32070,spsC,253.142484399805,-0.0193310088327941,0.209519541719824,-0.0922635123870408,0.926488677576224,0.99005347982244
BSU_32080,yuiB,666.795419406077,0.0634586540032273,0.2244338506258,0.282749923089955,0.777368543977885,0.950152533509292
BSU_32090,yuiA,8.06471256470157,0.801275780672469,1.02727561347119,0.78000078086633,0.435390415545829,
BSU_32100,yumB,213.213667007276,-0.344646101806457,0.398733425903391,-0.864352169687326,0.387394459406302,0.813087558614792
BSU_32110,trxBB,3423.99081788745,0.08821194633405,0.170188796752566,0.518318173800239,0.60423629494407,0.898499791048637
BSU_32120,yuzG,69.9804755257638,0.192404365008372,0.378946432302491,0.507734995258611,0.611639202834496,0.898563702169665
BSU_32130,guaC,456.083617606346,-0.0894061146820141,0.385608391725689,-0.231857284749174,0.816648862322659,0.961157874739822
BSU_32140,paiB,185.830538453674,0.504377245207623,0.301798915712905,1.67123610771162,0.0946750508477938,0.490997270519475
BSU_32150,paiA,41.0223852596114,0.162593394840807,0.631161156519791,0.257609951374929,0.79670794879104,0.955978009107958
BSU_32160,sufA,1544.89687822819,0.0323264997517247,0.247762003890661,0.130474000226405,0.896191423100826,0.984517604748476
BSU_32170,dapF,1638.93754478648,-0.492583528569321,0.172891616432109,-2.84908857198838,0.0043844672576053,0.133748787698831
BSU_32180,yutK,167.54774323401,0.13556119789643,0.267645142237783,0.506496014696932,0.612508486695962,0.898563702169665
BSU_32190,yuzB,72.0570058076784,0.316200307454159,0.458191465688754,0.69010518774907,0.490128041032727,0.863246066392942
BSU_32200,yutJ,5611.18071387806,-0.0701320643091072,0.202030652101231,-0.347135761725731,0.728489328041818,0.94216781191762
BSU_32210,yuzD,321.088460516692,-0.140311526990714,0.256414136779791,-0.547206674143765,0.58423675144382,0.896685965943419
BSU_32220,yutI,3777.30308066754,0.0903389091285488,0.178688260083604,0.505567120561147,0.61316056811124,0.898563702169665
BSU_32230,yuxL,794.412897830993,0.673298400934116,0.298073985776447,2.25882979750902,0.0238939742311162,0.279930871124073
BSU_32240,thrB,1284.76749207326,-0.0304528288564872,0.2248406507039,-0.135441828517884,0.892262554428275,0.984517604748476
BSU_32250,thrC,1691.14254320001,0.0041597611055156,0.215637107479245,0.0192905625295314,0.984609312539725,0.998127166502402
BSU_32260,hom,1724.16074808921,0.0779200916203933,0.185072680395126,0.421024277889289,0.673737353795222,0.927054980934048
BSU_32270,cotNH,89.8591823192872,-0.141150910656366,0.295259378855134,-0.478057331163119,0.632609400338292,0.906892861678186
BSU_32280,yutG,4.29161707758081,-1.19088903490267,1.49866296209352,-0.794634327413479,0.426826244083563,
BSU_32290,nucF,1938.31237512925,0.0550628098901737,0.193824409597655,0.284086044706517,0.77634444128923,0.950152533509292
BSU_32300,yutE,799.049944709164,-0.0544152815396903,0.205262615471548,-0.265100790100928,0.790931818695376,0.955177737558716
BSU_32310,yutD,649.330033319828,-0.0062585231664724,0.18532654717399,-0.0337702464212897,0.973060362323023,0.995053328470775
BSU_32320,yutC,9.0030088192525,1.20147562426478,0.93846869015185,1.28025115475123,0.200456820271124,
BSU_32330,lipA,6560.51746392958,0.167456070885878,0.207374430343047,0.807505875284937,0.419375090942172,0.82643583339122
BSU_32340,lytH,72.1609088510296,0.0050343984100695,0.324062963586682,0.0155352477010935,0.987605164282764,0.998287005490999
BSU_32350,fisB,181.099065337517,0.0138229267853779,0.237174634077477,0.0582816406111219,0.95352429132406,0.993454444844946
BSU_32360,yunC,320.814675206872,0.433841773121768,0.281271844555205,1.54242872694148,0.122969445247513,0.538086565424345
BSU_32370,yunD,1114.76348178508,0.166455795311918,0.233609074096152,0.712539938595903,0.476130489053516,0.855536094471728
BSU_32380,yunE,372.763518263737,0.108311176093038,0.236281742480364,0.458398414350782,0.646666230659799,0.91404160482802
BSU_32390,yunF,559.978369598107,0.463948817188166,0.246415365155846,1.88279175243289,0.0597285952106903,0.4092894303031
BSU_32400,yunG,110.100654300417,0.177692297602327,0.355281581413554,0.50014497485444,0.616972999913043,0.899893075813292
BSU_32410,pucH,164.756801642495,0.047285233802262,0.282302426663733,0.167498502797449,0.866977825482822,0.977307114222312
BSU_32420,pucR,66.0933625581803,0.0761220892080662,0.399525789258348,0.190531102759033,0.848892973082851,0.9722842395258
BSU_32430,pucJ,38.0073969039982,0.0151102845316205,0.470501637889041,0.0321152644641463,0.974380130407427,0.995053328470775
BSU_32440,pucK,40.191731951867,0.243619586095935,0.393026363269243,0.619855584417993,0.535352869780884,0.879775467806757
BSU_32450,pucL,99.3992071098804,0.673949705095709,0.308590391703769,2.18396205200927,0.0289650366575141,0.307974414156685
BSU_32460,pucM,53.3601027683234,0.337868530070376,0.410025541266611,0.824018252684127,0.409929186838587,0.822172634866592
BSU_32469,yuzJ,2.4618246392383,-0.716382939376944,1.81505902199411,-0.394688509131726,0.693072784119942,
BSU_ncRNA_2,auzJ,0.324569744960471,-0.0905922011396728,3.49047343261132,-0.0259541299736805,0.979293925091227,
BSU_32470,pucE,19.7000880163098,0.466574346751277,0.587016657617449,0.794823010040266,0.426716464101625,0.832215557217779
BSU_32480,pucD,44.4885744713044,-0.154124714066971,0.43264836378291,-0.356235518191641,0.721664194684859,0.939822102692
BSU_32490,pucC,7.03460337671041,-0.704428123228306,1.44089085305586,-0.488883749754081,0.624924001020362,
BSU_32500,pucB,2.09137976444949,-1.33624229171367,1.75310771741727,-0.762213455817912,0.445932616461218,
BSU_32510,pucA,6.78364567286804,-0.0935512829353943,1.03248190851995,-0.0906081570664021,0.927803950195569,
BSU_32520,pucG,421.186405839183,0.365050049539944,0.222336558803118,1.64188045144299,0.100614781866565,0.500933608357947
BSU_32530,pucF,189.465771785518,0.134615483073229,0.309828273927186,0.434484178499686,0.663936881478224,0.920981889411634
BSU_32539,BSU_32539,0.105058029267445,-0.647313066075811,3.52837529920725,-0.183459244321671,0.854437694320251,
BSU_32540,bsnA,117.463899186221,0.912226514705414,0.347202433471673,2.6273620999256,0.008604971181562,0.192899858883925
BSU_32550,frlP,139.952897787136,-0.372627224014611,0.264388202204504,-1.40939429561378,0.158718609869618,0.599588716163666
BSU_32560,frlR,136.622922037101,-0.193158400251429,0.316116267690477,-0.611035938335696,0.541175788497854,0.883059189814125
BSU_32570,frlD,27.1745563828754,-0.0121300364425888,0.506727935617675,-0.0239379666877905,0.980902089914179,0.998127166502402
BSU_32580,frlM,4.57866156189738,0.728329726833828,1.41596268802812,0.514370705521982,0.606992836438428,
BSU_32590,frlN,6.70202214376872,-0.203941978678204,1.00497502261499,-0.202932385471172,0.839187880952993,
BSU_32600,frlO,30.3242335571906,0.335010476588467,0.648344796523477,0.516716534758733,0.605354051910827,0.898499791048637
BSU_32610,frlB,163.106977615212,0.223671392622281,0.462527773786247,0.483584781928466,0.628680577098683,0.906100640206111
BSU_32620,yurQ,870.142642366621,-0.101630112447814,0.225060290294657,-0.451568387807358,0.651579947838504,0.914638753202678
BSU_32630,dadA,530.243598133806,-0.0411335749706972,0.215728264974735,-0.190673090406186,0.84878172261473,0.9722842395258
BSU_32640,sspG,0.0,,,,,
BSU_32650,yurS,0.206714042670283,0.035806096453675,3.53228288871738,0.0101368145139351,0.991912130715359,
BSU_32660,glxB,474.611361740002,0.452846014291803,0.236224344196591,1.91701670643622,0.0552358092605394,0.396465048629492
BSU_32669,yuzN,164.63027017923,0.604359268839942,0.246619210363594,2.45057661140398,0.0142627607337358,0.233209724360269
BSU_32670,sufB,17113.6667614824,-0.0840499547492878,0.16038288873604,-0.524058117494181,0.600238117946005,0.898499791048637
BSU_32680,sufU,3434.96973275473,-0.164717843093555,0.177970273341611,-0.925535708861794,0.354687317997327,0.788523002448149
BSU_32690,sufS,7715.31270976761,-0.0700629046255676,0.175344028852739,-0.399573940920505,0.689470353185634,0.930901812486046
BSU_32700,sufD,11632.6910711704,-0.0397637657233173,0.184410063280896,-0.21562687532268,0.829278605089529,0.96404316478954
BSU_32710,sufC,6729.00839101905,-0.077578388402687,0.188344808456269,-0.411895549649299,0.680415982867093,0.930400779595188
BSU_misc_RNA_84,bsrI,7.16597813863954,0.570772372664038,1.02479675119588,0.556961536029441,0.577553709417345,
BSU_32719,yuzK,0.0,,,,,
BSU_32720,yurZ,17.3764534598645,1.14376790207888,0.789809666184377,1.44815637367987,0.147573322446504,0.580842781452005
BSU_32730,metQ,4861.00458365975,-0.202523100530001,0.199948747848695,-1.01287506277986,0.311119841039012,0.752375160381872
BSU_32740,metP,1014.80118888183,-0.156430763356546,0.210245020074321,-0.744040278819676,0.456852107576938,0.845233699123938
BSU_32750,metN,1254.98132949386,-0.105678631426995,0.186923827594723,-0.565356663122271,0.571831194969963,0.892568533296843
BSU_misc_RNA_53,mswH,64.9096974981186,0.592824452608034,0.410995523579325,1.44241097188888,0.149186470437595,0.582505599611529
BSU_32760,yusD,182.506135893387,-0.140414866479699,0.344575571745766,-0.407500931561391,0.683640110086455,0.930797046120767
BSU_32770,yusE,127.759674295844,0.107856250796018,0.26881229691969,0.401232577645958,0.68824889768456,0.930797046120767
BSU_32780,yusF,322.110689514785,0.257103584338501,0.249932481210297,1.0286921615529,0.30362435446427,0.749682542382862
BSU_32790,yusG,4249.48802734173,0.443823247230645,0.184201902922815,2.40943899160812,0.0159770670527021,0.245508592936161
BSU_32800,gcvH,16880.491729121,0.284977129897247,0.201244644398512,1.41607311215162,0.156754099485282,0.595844555131969
BSU_32810,yusI,1553.64700989047,0.378429226332915,0.224819868128838,1.68325526334732,0.0923256867470258,0.486643204077839
BSU_32820,fadE,554.364918977675,0.821107231366534,0.206404058725194,3.97815448222244,6.94522441981909e-05,0.0077072698769936
BSU_32830,fadA,274.690982492592,0.634863794163903,0.235731507200006,2.69316478609392,0.0070777277851632,0.17346946320078
BSU_32840,fadN,498.027539837212,0.70804868348126,0.245399374733778,2.88529131033602,0.0039105162886246,0.129111674157482
BSU_32849,yuzL,2.79978601244142,0.647758446293704,1.58849606231777,0.407780958140092,0.683434494652782,
BSU_32850,putM,0.96271750655633,-2.17069699495196,2.87059780374444,-0.756182908006295,0.449539538976912,
BSU_32859,yuzM,3.12855622210104,1.50399859858964,1.67029612089473,0.900438299398067,0.367887046690208,
BSU_32860,yusN,3.9252192757709,1.1189537291694,1.45225250181456,0.770495301451565,0.441006141091324,
BSU_32870,mdtR,260.113549519476,-0.328989999368128,0.256032499509613,-1.28495405855996,0.198808338594802,0.647829781962672
BSU_32880,mdtP,898.69083496802,-0.325786767006231,0.184837668633277,-1.76255613596059,0.0779753806629224,0.446932059897238
BSU_32890,yusQ,12.9317196929038,-0.257998173426233,0.679757432504672,-0.379544468496062,0.704283588978127,0.935687708003864
BSU_32900,yusR,17.8082378753966,-0.322620971301041,0.564213436953226,-0.571806607519322,0.567453000375016,0.891807528126746
BSU_32910,yusS,17.9947071071798,-0.33822532454583,0.660988973061857,-0.51169586533205,0.608863880296897,0.898499791048637
BSU_32920,yusT,128.01912572094,0.955485009469402,0.422736486989188,2.2602378523665,0.0238064927671331,0.279726290013814
BSU_32930,yusU,95.3069778539658,-0.0961947366508192,0.449661836171892,-0.213926842157107,0.83060410773556,0.96404316478954
BSU_32940,feuV,1632.2900320024,0.328303936485578,0.3837922140933,0.85542104406987,0.39231809760663,0.815499764967614
BSU_32950,cotNW,32.7613289808232,0.444979181435607,0.445513818976905,0.99879995295651,0.317891608833135,0.757742826544375
BSU_32980,yusZ,249.756791203679,0.0606934413285841,0.227384000364813,0.266920457161489,0.78953040537241,0.954364287280719
BSU_32990,mrgA,449.876512035637,0.0137985049929111,0.216846312076061,0.0636326477531755,0.9492627352633,0.993454444844946
BSU_33000,htrB,1156.20699519776,-0.179580410605876,0.182989531018192,-0.98136986092403,0.326410383189832,0.768420436560625
BSU_33010,cssR,214.802273690725,0.266374328163858,0.294661440603951,0.904001309495688,0.365994707024507,0.799401127034692
BSU_33020,cssS,771.177014496932,0.330959143376912,0.245984695498503,1.34544607625366,0.17848122409185,0.626633714486021
BSU_33029,spxO,218.830720176927,-0.177961943076436,0.25320870720865,-0.702827106691048,0.482163502263766,0.860962214082722
BSU_33030,yuxN,202.493035678543,0.272636811220465,0.3373092053313,0.808269703024219,0.418935339531908,0.82643583339122
BSU_33040,fumC,13658.3093825346,0.187790026906706,0.164682609000311,1.14031486412964,0.254155147365649,0.707068115407917
BSU_33049,yvzF,378.65430975262,0.10764839805375,0.250517818294663,0.429703558758972,0.667411294354238,0.92287242226924
BSU_33050,gerAA,3.60101253550519,-1.5855170500198,1.27137602265671,-1.24708742477827,0.212365443365443,
BSU_33060,gerAB,4.52253770079855,-2.04505891901115,1.86879753106284,-1.09431807620597,0.273815500104797,
BSU_33070,gerAC,18.8837917896837,-0.143847244862516,0.559412493386058,-0.257139850402384,0.797070815373686,0.955978009107958
BSU_33080,liaR,200.465591615539,-0.337408339236249,0.227986161100561,-1.47995096547735,0.138886333014366,0.567603801305911
BSU_33090,liaS,461.182470203495,-0.147926041118581,0.219201498907752,-0.674840463480742,0.499777129434716,0.86508216295134
BSU_33100,liaF,314.424589909375,-0.184908789328344,0.203817122073979,-0.907228928790528,0.36428574872669,0.797051924119763
BSU_33110,liaG,537.153214888205,-0.0122975823318584,0.211418587887721,-0.05816698737194,0.953615616442824,0.993454444844946
BSU_33120,liaH,242.427862310187,0.205902662509148,0.251484264985702,0.818749684084028,0.412929243489431,0.822183336552756
BSU_33130,liaI,59.7094200516217,0.2215298523913,0.456838627147882,0.484919267388458,0.627733614448585,0.906100640206111
BSU_33140,yvqJ,34.2553470270275,0.808710703192052,0.475618592976387,1.70033450149877,0.0890680242897443,0.477383498611148
BSU_33150,yvqK,411.804549893039,-0.0152277662321772,0.261302764879711,-0.0582763302913659,0.953528521156917,0.993454444844946
BSU_33160,yvrA,938.566120850425,-0.213894721837999,0.197411346037458,-1.08349761111204,0.27858761062693,0.729254770225884
BSU_33170,yvrB,634.43699367202,-0.121390532243413,0.201460226306297,-0.602553340026794,0.546805868732433,0.884920176655445
BSU_33180,yvrC,2280.61300332516,-0.0138032557292486,0.190558850786672,-0.0724356579201937,0.942255208397722,0.993454444844946
BSU_misc_RNA_85,srbL,62.9958283283103,0.279116505666498,0.424205151871737,0.65797528491802,0.51055401255184,0.868681124422743
BSU_33190,yvrD,469.234635371495,0.762337964291755,0.27819704552632,2.74028059086498,0.006138675290455,0.15924680380109
BSU_33200,yvrE,966.096243598453,-0.0859228011522461,0.194197447860987,-0.442450722698232,0.658163081399105,0.917539978699872
BSU_33210,yvrG,1721.49914281148,-0.173040497818757,0.184370697093891,-0.93854663754206,0.347963561378826,0.781283850586233
BSU_33221,yvrH,826.164559610044,0.104108134839396,0.196500526145233,0.529810972426861,0.596242996870365,0.898499791048637
BSU_33222,rsoA,10.7255993672264,1.9691658673792,1.01629680190221,1.93758935745296,0.052673341918333,0.384445922068312
BSU_33230,sigO,15.831343444013,1.75534955435856,0.823777585139877,2.13085374744751,0.0331011928369388,0.32098609849246
BSU_33239,yvrJ,2.74847927185471,1.66563623196601,2.10800522091963,0.79014805819094,0.429441306281558,
BSU_33240,oxdC,59.9851141895615,-0.313070766587748,0.413973814208215,-0.756257414944329,0.44949487503846,0.84414847365364
BSU_33250,rsiO,12.2815883948754,-0.215840185100328,0.85050543672181,-0.253778724721928,0.799666510690035,0.957060428462159
BSU_33260,yvrN,1281.43274500329,0.2315688459643,0.229005972013562,1.01119129745047,0.311924880183867,0.752936319081077
BSU_33270,yvrO,527.222486918963,0.119516273894134,0.222944759481109,0.536080211852932,0.591903115488394,0.898258520476343
BSU_33280,yvrP,783.385911666643,0.286257184864886,0.216719548480188,1.32086462376076,0.186546507227686,0.632726097578037
BSU_33290,fhuC,1036.51944618208,-0.0783104153839498,0.33488951678402,-0.233839554417747,0.815109540746001,0.960898663363364
BSU_33300,fhuG,450.21762650578,-0.110172810086099,0.300604932639914,-0.366503666851241,0.713989276928859,0.938593998463571
BSU_33310,fhuB,527.780062620558,-0.0682746316098371,0.380328924320159,-0.179514697000441,0.857533578236838,0.974508540493037
BSU_33320,fhuD,1728.52426624265,0.0465833311523703,0.448939095868671,0.103763141996431,0.917357316954666,0.988106981896934
BSU_33330,lysP,800.944487331877,-0.604129260628759,0.299222760959011,-2.01899500790822,0.0434877383712163,0.364986375615566
BSU_misc_RNA_54,kswB,250.29538126604,-0.104287710780271,0.30512219017166,-0.341789991483738,0.732508942131696,0.94216781191762
BSU_33340,sspJ,9.06351830314805,-0.766793236091995,1.13689810826069,-0.674460825047103,0.50001838364874,
BSU_33350,yvsG,172.204998897172,0.107220530729036,0.290184719559319,0.369490615811418,0.711762066597857,0.937517130253359
BSU_33360,ltaSP,848.524535537129,-0.0157115107632383,0.214348978857246,-0.0732987432317182,0.941568391767482,0.993454444844946
BSU_33370,yvgK,938.501354740204,0.18161160537657,0.203705984021362,0.891537900808672,0.372640668052954,0.804171636469368
BSU_33380,modA,269.120040007443,0.493111629424146,0.271339465305995,1.8173236571689,0.0691675696542408,0.428409985687894
BSU_33390,modB,191.419656753009,0.369801365361473,0.349939012594497,1.05675946965648,0.290621376122009,0.740303656578213
BSU_33400,pgoN,2025.00349567249,0.987155183168718,0.274527881150517,3.59582851487309,0.0003233607699233,0.0269130474134103
BSU_33410,yvgO,7.34548758902279,-0.630429165152167,1.16173473546193,-0.542661888216243,0.587362619375475,
BSU_33420,nhaK,441.160251625171,0.288157186722886,0.280784299089817,1.02625819056467,0.304769899018902,0.749682542382862
BSU_33430,cysI,16872.7744480726,-0.63463486296436,0.838846090099668,-0.756556978037479,0.449315324309736,0.84414847365364
BSU_33440,cysJ,8761.05690083002,-0.55749932982399,0.829676180287071,-0.671948096221219,0.501616739846632,0.865897005712038
BSU_33450,helD,2804.01103272124,0.465019952975519,0.255685660671401,1.81871737255202,0.0689545599050792,0.428409985687894
BSU_33460,yvgT,1562.12238319682,-0.216807419202789,0.320144764299246,-0.677216819951284,0.49826839741304,0.863577215459756
BSU_33470,bdbC,1096.47865075239,-0.35113497350344,0.227879919756564,-1.54087720356644,0.123346674991626,0.538086565424345
BSU_33480,bdbD,2231.49463682407,-0.368678561088406,0.207456363801182,-1.77713787291545,0.0755455582314516,0.44585452856307
BSU_33490,cadA,421.950983496703,0.576383590914331,0.262616166836447,2.19477573622987,0.0281796888231113,0.305918089261765
BSU_33500,copA,509.351371831414,0.0189074504029742,0.234193467992312,0.0807343200690589,0.935653242424847,0.991494616309619
BSU_33510,copZ,145.144375422325,0.402717240527283,0.309869571596693,1.29963467678406,0.1937262087558,0.642804156129089
BSU_33520,csoR,255.60719534763,0.26748425253567,0.342801081601453,0.780289990002577,0.435220203444199,0.837259189458047
BSU_33530,iolW,2384.94362308561,0.32965805319207,0.245049762562929,1.34526983313201,0.178538111786222,0.626633714486021
BSU_33540,azoRB,286.909020180176,-0.225425537816036,0.234084734099644,-0.963008282804459,0.335543366650325,0.772845222663197
BSU_33550,yvaC,25.3251444704861,-1.66085565603738,0.895877548027736,-1.85388690641231,0.0637553415350745,0.418918732619445
BSU_33560,yvaD,121.403422647302,0.151039076263414,0.294220015785065,0.513354184488086,0.607703587777674,0.898499791048637
BSU_33570,yvaE,44.9825601930716,1.01652002551666,0.42351257218882,2.40021215961319,0.0163855718383214,0.247020224506015
BSU_33580,yvaF,92.466257582098,0.526637092436008,0.388683237022847,1.35492617708402,0.175441078539873,0.620803462149505
BSU_33590,yvaG,297.274033784011,0.14335509033867,0.224978780770663,0.637193827113864,0.523998598024768,0.872696418887785
BSU_misc_RNA_55,ssrA,81519.1715150395,0.466081596775937,0.224859755413546,2.07276573755385,0.0381940865218806,0.342888484617782
BSU_33600,smpB,383.569182076941,-0.459820325102864,0.224811554553591,-2.04535894970315,0.0408194828913428,0.352211304861587
BSU_33610,rnr,2413.9324911536,-0.0671572010874958,0.228726001071988,-0.293614196780186,0.769052726255542,0.950152533509292
BSU_33620,estA,594.409396422446,-0.0764971511079162,0.204495180944295,-0.374078013744266,0.708346275679379,0.936177066481487
BSU_33630,secG,2504.9260823646,0.276392221907509,0.251762758675626,1.09782806385441,0.272279574526665,0.725655036847248
BSU_33640,yvaM,94.1145246953632,0.414702703505049,0.370411167615804,1.11957397552113,0.26289535074324,0.714894484541633
BSU_33650,yvzC,3.08892397013646,2.53414517126318,1.97188291957004,1.28513977483802,0.198743444542104,
BSU_33660,rghRA,187.533155517967,-0.218703082884307,0.294029621890666,-0.743813094333844,0.456989557216078,0.845233699123938
BSU_33670,rghRB,99.7886256956004,0.140388644349759,0.297849351946677,0.471341110639353,0.63739716239398,0.909754077800625
BSU_33680,catR,257.450253886687,0.368173575977712,0.320376455547193,1.14919049013412,0.250477441362588,0.705396490271599
BSU_33690,yvaQ,1496.89691286979,-0.0888335479242988,0.184137916357025,-0.48242941856722,0.629500926908991,0.906100640206111
BSU_33700,opuBD,17.5658857799788,1.0193947405224,0.750584485294101,1.3581345744483,0.174420986124469,0.619071406258145
BSU_33710,opuBC,16.9745728279442,0.394037130935691,0.618849888407207,0.636724896161592,0.524304053969779,0.872696418887785
BSU_33720,opuBB,5.28145260365486,1.84734640829575,1.15178137550622,1.60390369872393,0.108735281416805,
BSU_33730,opuBA,16.0139495072518,0.387900691584345,0.59510530880317,0.65181857033751,0.514518220365725,0.871367712607144
BSU_33740,yvaV,680.73912017511,-0.0239566108906736,0.257932845071596,-0.0928792565523164,0.925999485374781,0.99005347982244
BSU_33750,sdpA,93.2848283695755,0.527230393357292,0.356430834686232,1.47919411579926,0.139088441756937,0.567603801305911
BSU_33760,sdpB,102.611854738744,-0.413414462303598,0.398512776249579,-1.03739324544186,0.299552624961394,0.74935049262415
BSU_33770,spbC,1175.37966154463,-0.319119956953433,0.261939699946847,-1.2182954970865,0.223111700614894,0.677091731577405
BSU_33780,sdpI,185.206575233952,0.190565524278844,0.23386982182211,0.814835889445346,0.415166254502993,0.822183336552756
BSU_33790,sdpR,63.7288404076188,0.048816867641813,0.367524134723048,0.132826290928076,0.894330761431931,0.984517604748476
BSU_33800,opuCD,29.7359055430767,0.760002848629403,0.762424774652777,0.996823390183672,0.318850242706615,0.759574668821067
BSU_33810,opuCC,24.5866043268391,-0.0417322851944584,0.683553823599557,-0.0610519373217729,0.951317846162931,0.993454444844946
BSU_33820,opuCB,15.464700568167,1.41668625374897,0.860500260127736,1.64635191805598,0.0996913262053114,0.499649985791331
BSU_33830,opuCA,24.4923418065336,1.29989359916047,0.914361265906551,1.42164114735512,0.155130453182294,0.591146272056806
BSU_33840,opcR,134.227933757046,0.217351926370011,0.274313094973278,0.79234980156957,0.428156740653339,0.832353371732404
BSU_33850,yvbG,39.6741437116149,0.617647072525142,0.562080601834428,1.09885854539254,0.271829770885846,0.725424138068775
BSU_33860,yvbH,589.49511444985,-0.064914250840338,0.200412243318557,-0.323903618688385,0.746011004244161,0.945231196306826
BSU_33870,yvbI,600.771972509807,0.283412391483705,0.2536805617297,1.11720184452163,0.263908032133239,0.716244964926829
BSU_33880,yvbJ,4763.34392715658,0.215574505880202,0.171469818532598,1.25721545473741,0.208675628503451,0.65929540884759
BSU_33890,yvbK,393.654086507821,0.115098860729519,0.247434116064525,0.465169729058317,0.641809914571178,0.913524787586142
BSU_33900,eno,11474.40576615,0.364392268018127,0.203283481059295,1.79253260579417,0.0730476910404836,0.44082405695881
BSU_33910,pgm,8261.46579815741,0.339164880078019,0.231453707512787,1.4653681019963,0.142820515308795,0.57285939624361
BSU_33920,tpiA,3226.40189713169,0.457869281148153,0.224521038070668,2.03931571438771,0.0414185282862273,0.355843054846189
BSU_33930,pgk,6841.05038887691,0.347346279035247,0.252723991462209,1.37440959611936,0.169314558694584,0.613682673463064
BSU_33940,gapA,5203.0948208939,0.774469317226722,0.213302360229787,3.63085207492499,0.0002824870649629,0.0240114005218505
BSU_33950,cggR,339.837935519025,0.277848985946325,0.224521799403875,1.23751451611398,0.215896128588393,0.666291314883751
BSU_33960,araE,159.708044725133,-0.2314562075,0.296181673404507,-0.781467012592272,0.434527870960769,0.837259189458047
BSU_33970,araR,667.287894343608,0.0288362712163243,0.186080726498725,0.154966458691905,0.876847759909666,0.981195901612435
BSU_33980,yvbT,204.71370404173,0.343245598702585,0.219794396720905,1.56166673865867,0.118366518324301,0.529959494252577
BSU_33990,yvbU,65.2670149088445,-0.0022350528133217,0.346781723860821,-0.0064451286199233,0.994857566984305,0.999423131013604
BSU_34000,cyeB,66.3336434831059,-0.0499975717859581,0.404881866154301,-0.123486814217814,0.901721615104803,0.984794382816754
BSU_34010,yvbW,397.743050356811,-0.512170287056281,0.311287797981871,-1.64532721930241,0.0999023495421783,0.499649985791331
BSU_misc_RNA_56,tboX,865.264722189213,0.0936044432584338,0.286978141642277,0.326172727730299,0.744293674156192,0.944560056303744
BSU_34020,yvbX,1919.16266302355,0.196120462168624,0.267901620640933,0.732061499663277,0.464131031572282,0.84938317504868
BSU_34030,lutC,13919.2933779368,-0.0192411897633006,0.162686870827512,-0.118271312647601,0.905852687027462,0.984997682274009
BSU_34040,lutB,21287.0395834351,-9.91220419641408e-05,0.157482546998505,-0.0006294160454814,0.999497798688148,0.999748048512556
BSU_34050,lutA,9602.96330767418,0.0090361759686819,0.177674083807921,0.0508581542958773,0.959438550365163,0.994798081678906
BSU_34060,yvfU,434.921052275493,0.0583739798091756,0.207474482014133,0.281354985164871,0.778438140714133,0.950152533509292
BSU_34070,yvfT,606.251968938138,0.0898174161636637,0.189782858371074,0.473264113179535,0.636024761838723,0.909419800839549
BSU_34080,yvfS,6.87390365299245,-1.68261900614615,1.08462151138136,-1.55134209352273,0.120819724314575,
BSU_34090,yvfR,14.0179806642487,-0.312374026494236,0.68539791448618,-0.45575572947054,0.648565642143518,0.91404160482802
BSU_34100,rsbQ,527.119248891498,-0.407711214379987,0.217902853216842,-1.87106872792648,0.0613355554511525,0.412179871832095
BSU_34110,rsbP,1028.52615464695,-0.321478955755622,0.182031826451958,-1.76605905693347,0.0773859414824853,0.446234178571192
BSU_34120,ganB,207.684000749179,-0.305576923397327,0.294899953947864,-1.03620539544523,0.300106330187785,0.749682542382862
BSU_34130,ganA,731.820752812013,-0.264793940972686,0.227332831626928,-1.164785302139,0.244105909777943,0.698288207927481
BSU_34140,ganQ,243.179982030081,-0.398479217428382,0.258280599715644,-1.54281513155495,0.122875637027131,0.538086565424345
BSU_34150,ganP,291.850782640458,-0.348377265108963,0.278155343375156,-1.25245577123103,0.210403834989917,0.66163888139438
BSU_34160,ganS,401.954896192834,-0.344349755110967,0.274303371361968,-1.25536100194906,0.209347739575463,0.660619446764593
BSU_34170,ganR,208.721455594804,0.869452489288387,0.22903724814996,3.79611830089367,0.000146979380787,0.0146795656561071
BSU_34180,lutR,1375.92245094957,0.0762330214653019,0.246834643755536,0.308842471645928,0.757441359682339,0.946502986914746
BSU_34190,lutP,17111.0979427462,-0.0621229697314818,0.200556889837093,-0.309752358953824,0.756749282887286,0.946502986914746
BSU_34200,sigL,1828.96879892814,0.617960063720457,0.20399090528781,3.02935105292355,0.0024507971874838,0.106598731790578
BSU_34210,yvfG,731.06703096144,0.126726030507854,0.189433766528556,0.66897276462457,0.503512851600043,0.865897005712038
BSU_34220,epsO,75.595519118106,-0.115270587922974,0.335647115011093,-0.343427912136722,0.731276564121362,0.94216781191762
BSU_34230,epsN,90.942108951294,0.288764970069097,0.309672575508707,0.932484801389775,0.351086037685923,0.784445593151714
BSU_34240,epsM,68.9893019817439,-0.0571493255698122,0.340028932308451,-0.16807194958919,0.866526676399257,0.97707425126024
BSU_34250,epsL,47.8881208762902,0.168584202838818,0.440227674023094,0.382947762684211,0.701758496275404,0.933885807002078
BSU_34265,epsK,128.840141185177,-0.378337013262765,0.322731738503731,-1.17229565030336,0.241078377345982,0.695243455099488
BSU_34280,epsJ,133.562683581947,-0.392968880892317,0.369296355024603,-1.06410170462185,0.287282628746293,0.73954386170652
BSU_34290,epsI,110.556146052391,-0.33060680148336,0.377880208007928,-0.874898432035437,0.381629172305585,0.808810898334648
BSU_34300,epsH,97.8144467775723,-0.364281559702795,0.315439509218877,-1.15483808798989,0.248156736597762,0.702612446993665
BSU_34310,epsG,86.8954642169257,-0.214630338424885,0.316237151492251,-0.6787005809156,0.497327598018548,0.863577215459756
BSU_34320,epsF,99.6273583663024,-0.339930181026247,0.351152495555157,-0.968041478642582,0.333023654759293,0.770370295751809
BSU_34330,epsE,73.0563085190497,-0.101549225970106,0.357572096519266,-0.283996505763794,0.776413058443718,0.950152533509292
BSU_34340,epsD,145.351353925534,0.0439843610414367,0.279656793750923,0.15727978731177,0.87502434938278,0.981195901612435
BSU_34350,epsC,169.803417421221,-0.0295218228853776,0.349645910762018,-0.084433485353905,0.932711784868099,0.990172246218659
BSU_34360,epsB,82.161962531722,-0.277382008787219,0.34842130750097,-0.796110923228903,0.425967565737608,0.831740188231547
BSU_34370,epsA,114.736797492747,0.0921337869794253,0.29031346816511,0.317359671811802,0.750970703980655,0.946082443337159
BSU_34380,slrR,11.7213783753264,-0.857128615004316,0.730945921569387,-1.17262931457912,0.24094448851477,0.695243455099488
BSU_34390,pnbA,222.224004307087,0.250020371941403,0.419073879596718,0.596602136554065,0.550773044442408,0.885529410386566
BSU_34399,BSU_34399,24.2027437053862,1.05395842203346,0.564722195942778,1.86633078990977,0.0619950995824555,0.41280882117753
BSU_34400,padC,52.0463087245429,1.02069533142064,0.45537547206664,2.24143677916687,0.0249977963759617,0.289782450457173
BSU_34430,racX,686.399913902048,0.382354784362001,0.264887612097142,1.44346042208188,0.148890813832045,0.582505599611529
BSU_34440,pbpE,856.597373589379,0.489279211147416,0.22516620380814,2.17296913512083,0.0297826403710578,0.311470283461718
BSU_34450,sacB,18.137493344206,0.993100074478465,0.813359552448271,1.22098532129999,0.222091577548049,0.676088968516642
BSU_34460,levB,22.0423499386217,0.357228825597754,0.553890382410887,0.64494498720643,0.518962836797266,0.871482359396837
BSU_34470,aspP,7.48367792490774,-0.942003942936996,1.11164902350148,-0.847393307619581,0.396775933491592,
BSU_34480,yvdT,1354.00861742307,-0.0303969615873889,0.206825343179396,-0.146969230753424,0.883156306856184,0.98311799825554
BSU_34490,psmA,57.0344072202208,0.134496836998099,0.386758739577779,0.347753840404299,0.72802505842722,0.94216781191762
BSU_34500,psmB,62.8623123357777,0.049148388514775,0.373477848244265,0.131596529073474,0.895303431047764,0.984517604748476
BSU_34510,yvdQ,12.151885302938,-0.500852985001541,0.963988529038465,-0.519563220841558,0.603368038191451,0.898499791048637
BSU_34520,cotNP,72.7857759338534,-0.228946011444242,0.445394099300507,-0.514030185410633,0.607230886687694,0.898499791048637
BSU_34530,cotR,18.6070371825102,-0.497572992811631,0.683961844336181,-0.727486477399263,0.466927996200189,0.850017037507684
BSU_tRNA_81,trnQ-Arg,4.99897350747981,-2.91629531460207,1.38083640698182,-2.11197742169645,0.0346883859275749,
BSU_34540,clpP,5926.13162719918,1.24951100118302,0.245910695471618,5.08115760799529,3.75141696568272e-07,0.0001248909231491
BSU_34550,mdxM,474.33010317643,-0.412530168468734,0.223679404261457,-1.84429214585412,0.0651405755138072,0.419132146462597
BSU_34560,mdxL,1224.01878753341,-0.538438383844078,0.209969188627587,-2.5643685502785,0.0103363723719185,0.203866330956154
BSU_34570,mdxK,1465.89094325331,-0.577718035538844,0.213732968334825,-2.70298981032171,0.0068718852974308,0.17051665691451
BSU_34580,mdxJ,444.677025333874,-0.737814922184259,0.254318404848312,-2.90114639018881,0.0037180014154542,0.125896784784402
BSU_34590,mdxG,233.277897216758,-0.770511525220155,0.240836808399002,-3.19930965014128,0.0013775712240451,0.0781984856348995
BSU_34600,mdxF,492.541618828737,-0.841080339571411,0.231220565189817,-3.63756718127965,0.0002752254175458,0.0240114005218505
BSU_34610,mdxE,501.309171009516,-0.681470400463399,0.26500786025785,-2.57151014237968,0.0101256049401716,0.203866330956154
BSU_34620,mdxD,501.641055278042,-0.493010219748025,0.261117138738133,-1.88808066039071,0.0590151227424745,0.408338244611207
BSU_34630,mdxR,66.557487322085,0.896133183213865,0.429437602060266,2.08675993651833,0.036909840314926,0.336708345262789
BSU_34640,yvdD,862.766938723807,0.573629679790313,0.231482627581109,2.47806794740706,0.0132095986617502,0.228451717115549
BSU_34650,yvdC,374.11856982576,0.937337291442586,0.358275179168733,2.6162495923312,0.0088901545826124,0.195143777788664
BSU_34660,yvdB,225.79779712355,0.0797739365599765,0.346372331952483,0.230312669924572,0.817848816049017,0.96182102446742
BSU_34670,yvdA,138.571673806353,0.0163754118540276,0.336455151645057,0.0486704149838751,0.961181953346125,0.995053328470775
BSU_34680,yvcT,3387.93875849956,0.0209482607528038,0.188294931207571,0.111252388040712,0.911416209783944,0.985681580424162
BSU_34690,psdB,969.35616340015,0.103819862964682,0.199838620032179,0.519518514228956,0.603399205467955,0.898499791048637
BSU_34700,psdA,453.947279596704,0.165317559370901,0.231821731021155,0.713123651707246,0.475769245038916,0.855536094471728
BSU_34710,psdS,605.7854673443,-0.0050221122889067,0.190963712858421,-0.0262987779915557,0.979019029596902,0.996479241589713
BSU_34720,psdR,358.734499492235,0.304871692647354,0.229816051885221,1.32659007126107,0.184644322006072,0.63149736404584
BSU_34729,yvzJ,23.8426828718708,1.09287531474977,0.614510908472164,1.77844737934262,0.0753304070258059,0.44584440898977
BSU_34730,yvcN,1376.16784958825,0.160579489575849,0.174373112940478,0.920895927519869,0.357104765015044,0.790695160203135
BSU_34740,crh,658.208155968085,0.0673203885607367,0.195228515418395,0.344828666122171,0.730223180912204,0.94216781191762
BSU_34750,whiA,2037.84665664151,-0.0202540623762683,0.168464410070826,-0.12022754460573,0.904302898590025,0.984997682274009
BSU_34760,mgfK,1808.3938705667,0.112399623495489,0.191015866395952,0.58843082313643,0.556243153805707,0.88781118635789
BSU_34770,yvcJ,901.112915857211,0.0900283247773015,0.197637571860453,0.455522317592872,0.648733515488134,0.91404160482802
BSU_34780,yvcI,644.507745061075,0.076244260284918,0.208682925148567,0.365359361484116,0.714843172350502,0.938765949119386
BSU_34790,trxB,2117.03031791777,0.460121817736935,0.366889912421804,1.25411411477551,0.20980053072366,0.661004038044971
BSU_34800,cwlO,29495.7330054702,-0.100160194993337,0.17436335853204,-0.574433733306025,0.565674331109277,0.89151454337484
BSU_34810,yvcD,2202.02831282231,-0.0672534470751598,0.198036432695017,-0.339601386269831,0.734156734028052,0.942769576484111
BSU_34820,bmrA,1164.18424730935,-0.207040880051906,0.204826022858469,-1.01081335839327,0.312105768309953,0.752936319081077
BSU_34830,yvzA,77.3316320250327,0.200489470965734,0.308477103563702,0.649933070070893,0.515735455586398,0.871367712607144
BSU_34840,yvcB,346.128719682354,0.0737883234216219,0.286674111662471,0.257394443445595,0.796874291913636,0.955978009107958
BSU_34850,yvcA,78.2219344137193,0.2979151333108,0.364453080076692,0.817430691621838,0.413682342180885,0.822183336552756
BSU_34860,hisIE,33.5861490097786,-0.56574147304214,0.519600845982266,-1.08880013844598,0.276242030568062,0.728065190003818
BSU_34870,hisF,30.027329884297,-0.368845075495549,0.483513807923627,-0.762842900142803,0.44555709281737,0.84414847365364
BSU_34880,hisA,39.3630614527579,-0.455142072932084,0.468086764801817,-0.972345528984967,0.330878680817307,0.770170967379161
BSU_34890,hisH,28.4751776826321,0.150528685357339,0.513608745586466,0.293080455990791,0.769460655042561,0.950152533509292
BSU_34900,hisB,24.151310771349,-0.361003257133819,0.544420197610331,-0.66309673799466,0.507268599696763,0.86770573975802
BSU_34910,hisD,45.1378094296407,-1.12625714130261,0.456577967020524,-2.46673563477492,0.0136350983203169,0.230814482159602
BSU_34920,hisG,18.1405657675769,-0.331979537479382,0.651128613689131,-0.509852478450408,0.610154816884104,0.898499791048637
BSU_34930,hisZ,23.28645782639,-0.563956267320014,0.671028577643097,-0.840435543447105,0.400664227375452,0.820437215892481
BSU_34940,yvpB,198.023337337139,0.283538092062799,0.277073308322827,1.02333239451719,0.306150712170739,0.749682542382862
BSU_34950,pelC,265.547443649934,0.218801804473322,0.268365455846499,0.815312849350003,0.414893255549892,0.822183336552756
BSU_34960,hprF,1512.38160629604,0.234555756646169,0.181210663397495,1.2943816453652,0.195533627410806,0.645051066479083
BSU_34970,ppaX,1403.59499708361,0.405194069542886,0.183421253893409,2.20909006422099,0.0271683770757957,0.300347115630278
BSU_34980,yvoD,1567.88143200527,0.446239262101684,0.181282102746619,2.4615737314422,0.013832896216032,0.231234475658424
BSU_34990,lgt,1865.27253024258,0.398778226541572,0.167190850053135,2.38516776734395,0.01707133420874,0.253531524772923
BSU_35000,hprK,1746.93663038248,0.520036000961025,0.166062148453463,3.13157456894373,0.0017387162515003,0.0867574831225489
BSU_35010,nagA,435.457528177297,0.518747885765833,0.290831753872384,1.78367003897882,0.0744772973521472,0.444895401769096
BSU_35020,nagBA,237.275340873255,0.212361453088505,0.319935700984274,0.663762913720416,0.50684206549377,0.86762519706315
BSU_35030,nagR,216.360541728782,0.309887058787156,0.285610549772861,1.08499864249973,0.277922256509593,0.728065190003818
BSU_35040,yvnB,138.972249937544,-0.0926891753399975,0.306549158903846,-0.302363169650943,0.762375227892697,0.948838562300488
BSU_35050,yvnA,182.259824231642,0.193442244128952,0.277158467709749,0.697948165637616,0.485209610904974,0.861133894076131
BSU_35060,cypX,137.081589679784,0.241245991657797,0.382905852798056,0.630039969080935,0.52866843415173,0.875997675004629
BSU_35070,pchC,99.8549633868843,0.489845817862761,0.312801987528183,1.56599330373061,0.117350184819023,0.529959494252577
BSU_35080,pchR,29.4679108134047,0.729436705298914,0.451570046986627,1.61533456474033,0.106238262278365,0.513206599518827
BSU_35090,pchE,89.7092460999264,0.408025948766528,0.352444435271503,1.15770291124673,0.246985295514198,0.701238748189163
BSU_35100,yvlD,656.224039569661,0.131936191029647,0.209686034256259,0.629208289896916,0.5292127023452,0.876172708607159
BSU_35110,yvlC,102.267346735811,-0.213397513404383,0.288956762854507,-0.738510188501213,0.460204478169429,0.845930690324278
BSU_35120,yvlB,1970.58760060572,0.200711205160948,0.18242696627313,1.10022771995475,0.27123291574352,0.725197673553789
BSU_35130,yvlA,399.9278185178,0.263164048606525,0.212246088825066,1.23990057985674,0.215012169397845,0.665871020732085
BSU_35140,yvkN,41.5955898807374,0.823677383561852,0.577630533358553,1.42595887162109,0.153880214242443,0.590539342842036
BSU_35160,uvrA,2669.5139741144,0.0538570801848963,0.177030746569607,0.304224442524848,0.760956904386957,0.948838562300488
BSU_35170,uvrB,1192.63971584048,0.15998504944635,0.183118541699051,0.873669307116262,0.382298370477635,0.809370423984183
BSU_35180,csbA,206.533141965423,0.027698315872059,0.322995785557363,0.0857544188208607,0.931661641450067,0.99005347982244
BSU_35190,yvkC,26.8722958132365,0.528134802107299,0.554220596083542,0.952932471004181,0.340624286703518,0.776670233984782
BSU_35200,yvkB,127.060494397041,-0.0987053030729505,0.368886109275169,-0.267576632980023,0.789025219458761,0.954042297741449
BSU_35210,yvkA,101.651918906931,-0.154339699809323,0.274089629033609,-0.563099378672213,0.57336721456665,0.892568533296843
BSU_35220,minJ,2430.87058250197,0.0056694754131987,0.193257599711425,0.029336364632824,0.976596324591647,0.996043481425486
BSU_35240,ctpB,46.7935324619603,-0.264294466489412,0.506362661257495,-0.521946989205457,0.601707240345851,0.898499791048637
BSU_35250,ftsX,2668.66561792104,0.0335888297036297,0.210270735602146,0.159740867446163,0.873085206675427,0.980499474030058
BSU_35260,ftsE,1893.25408302737,-0.125375957672101,0.20588991762797,-0.608946562884383,0.542559859370477,0.883203081143408
BSU_35270,cccB,930.610390806992,0.0649305052923419,0.228073048794701,0.284691705729724,0.775880345682934,0.950152533509292
BSU_35280,yvjA,182.927165545347,0.121516274748537,0.238944759901473,0.508553838128289,0.61106499267453,0.898563702169665
BSU_35290,prfB,3422.7063575302,-0.157903777909081,0.189383817062538,-0.833776509304058,0.404406934932434,0.820437215892481
BSU_35300,secA,9147.24729301322,0.0993777061931902,0.1678727777684,0.591982258912123,0.5538624684997,0.886845916495511
BSU_35310,hpf,10062.9419451088,0.590737417798968,0.233661562459588,2.52817541567683,0.0114657049801999,0.213583796938424
BSU_35319,yvzG,1871.7052323679,-0.0386949978668839,0.204571250039869,-0.189151690960204,0.84997392911933,0.972685719516392
BSU_35320,fliT,2605.857773294,0.0070868489089796,0.207713078793317,0.0341184529647808,0.972782693712998,0.995053328470775
BSU_35330,fliS,2795.38422962722,-0.0599919513139102,0.196089654076409,-0.305941440900974,0.75964923249892,0.948157918391561
BSU_35340,fliD,12220.5642391039,0.102725858334304,0.171185263722928,0.600085872464883,0.548449007338507,0.885168509881307
BSU_35350,yvyC,2678.96962442277,0.159640666811607,0.193197981336996,0.826306080978895,0.408630484841769,0.821166391822367
BSU_35360,hag,250845.133790682,0.537297712810501,0.187540284826877,2.86497225546231,0.0041704577992569,0.133632812633289
BSU_35370,csrA,402.393230131277,-0.0525129528042104,0.200174376469978,-0.262336037859902,0.793062380441701,0.955307888035457
BSU_35380,fliW,417.435577562221,-0.133465663793195,0.22352201078962,-0.597103002615762,0.5504386133458,0.885529410386566
BSU_35390,yviE,501.019118357055,-0.253220446929854,0.321234798753354,-0.788272154550348,0.430537531634109,0.83431464572424
BSU_35400,flgL,8453.52414990457,0.039106191743299,0.195355257288368,0.200179878883799,0.84133990300645,0.968811223328392
BSU_35410,flgK,10381.3361744627,0.0133702884060642,0.200259144813252,0.0667649330997215,0.946768840426349,0.993454444844946
BSU_35420,flgN,2560.88858116776,0.0838943917493433,0.217007026699277,0.386597581771406,0.699054148483845,0.932043204688695
BSU_35430,flgM,2160.17589980414,0.166136270522258,0.179690852125874,0.924567213949651,0.355191073868481,0.789203748667731
BSU_35440,yvyF,2626.73796722149,0.0009290288379383,0.177327833762588,0.0052390469010192,0.99581986448682,0.999423131013604
BSU_35450,comFC,663.389942089417,-0.0197135107769454,0.195118431275627,-0.101033565348308,0.919523815199321,0.988106981896934
BSU_35460,comFB,83.6744236792234,-0.296892537318967,0.380036887787469,-0.781220315342128,0.434672927205611,0.837259189458047
BSU_35470,comFA,59.0354512654142,0.0720047783508226,0.355391792246114,0.202606756604436,0.839442408528266,0.968400930427497
BSU_35480,fakBA,918.658414692913,0.282485683047139,0.21257130355122,1.32889848407536,0.183881464043615,0.63149736404584
BSU_35490,degU,2490.25425876161,0.0274931736165325,0.166527884218353,0.165096516691962,0.868868014667572,0.977853019335622
BSU_35500,degS,1856.74173929348,0.0444242856762001,0.182344506410038,0.243628319551911,0.807518693215759,0.960415950996415
BSU_35510,yvyE,1434.56286693298,-0.373384465929923,0.181779312872022,-2.05405367657428,0.0399704968369951,0.349189813350577
BSU_35520,tagV,4092.47523726279,-0.317881281638498,0.187912012973218,-1.69164960030418,0.0907128033234327,0.482553461088034
BSU_35530,tagO,3630.11142127286,0.125613020757342,0.241179181701647,0.520828621571216,0.602486162740637,0.898499791048637
BSU_35540,tuaH,91.9018592671605,-0.0836386726485078,0.386147590748789,-0.21659768091864,0.828521893197172,0.963874479709582
BSU_35550,tuaG,60.1265387651883,-0.425339485064614,0.347841947047712,-1.22279526283319,0.221407035142893,0.675193665788749
BSU_35560,tuaF,59.7926728292489,0.162693394352891,0.32873326428888,0.494910044180749,0.620663620328435,0.903297327217522
BSU_35570,tuaE,70.0937353032417,-0.0588561413530855,0.378431026484511,-0.155526733364962,0.876406080176923,0.981195901612435
BSU_35580,tuaD,68.0663738009851,0.180775942928153,0.351087086631305,0.514903423713774,0.606620508303716,0.898499791048637
BSU_35590,tuaC,42.4822937862424,0.0873256186215236,0.42528349976599,0.205335073355947,0.837310343242824,0.966499514953794
BSU_35600,tuaB,37.6316859438461,0.284794195458893,0.676755159128136,0.4208230873715,0.673884271497491,0.927054980934048
BSU_35620,lytC,6571.5842424154,0.0250210706088648,0.181621234669559,0.137765116806898,0.890426054181968,0.984381268013484
BSU_35630,lytB,6777.6494953228,0.122481341360658,0.185944646726797,0.658697862598951,0.510089805797643,0.868681124422743
BSU_35640,lytA,1143.94935407487,0.148671393511886,0.188640949694504,0.788118347329429,0.430627484226128,0.83431464572424
BSU_35650,tagU,2301.154553986,0.121523444363298,0.182234007209519,0.666853822862927,0.504865509206632,0.865897005712038
BSU_35660,mnaA,1085.65004524509,0.149290260199259,0.219872876734832,0.678984431441735,0.497147726492005,0.863577215459756
BSU_35670,gtaB,5117.59059451186,0.173162398966376,0.208877138051244,0.829015566671991,0.407095598755946,0.820437215892481
BSU_35678,BSU_35678,2.26621605066002,1.8614728893501,1.68658010989172,1.10369669275277,0.26972473076146,
BSU_35680,ggaB,2652.61306472129,0.277171346080861,0.181453057066711,1.5275099276997,0.12663426047057,0.543125098411719
BSU_35700,tagH,3058.17596044161,0.0302232757831282,0.193398636886023,0.156274502601277,0.875816653372905,0.981195901612435
BSU_35710,tagG,848.140568004381,-0.0814003108758659,0.177786885833266,-0.457853291565081,0.6470578459883,0.91404160482802
BSU_35720,tagF,4341.85823300035,-0.203948348584397,0.201272689319749,-1.01329370255692,0.310919894606373,0.752375160381872
BSU_35730,tagE,3086.76245343175,-0.122284495451619,0.212393630428295,-0.575744645472795,0.564787793724396,0.89151454337484
BSU_35740,tagD,2789.231364466,0.229359689232802,0.226064618951972,1.01457578941856,0.310308084956392,0.752233494782031
BSU_35750,tagA,2682.15057114855,0.195306171895739,0.189869426467984,1.02863412782611,0.303651634606664,0.749682542382862
BSU_35760,tagB,1145.28422657575,-0.072795798514595,0.182778389425106,-0.398273552708064,0.690428553290652,0.930901812486046
BSU_35770,tagC,220.240609937432,0.201915970159983,0.35654457496159,0.566313399051816,0.571180753447312,0.892568533296843
BSU_35780,lytD,14169.2917611721,-0.0511152086333717,0.245119010718087,-0.208532208430621,0.834813436673431,0.965432140533785
BSU_35790,pmiA,1743.35368667285,0.416790359793982,0.208365637872946,2.00028355946159,0.0454696532787286,0.371345630486349
BSU_35800,gerBA,16.3718440842561,0.246223782104755,0.691917132867387,0.355857328007436,0.721947413930238,0.939822102692
BSU_35810,gerBB,22.3836455130418,-0.316671430173526,0.583911285552666,-0.542327983734378,0.587592581181859,0.896685965943419
BSU_35820,gerBC,116.303756312331,0.214365549280216,0.288167796056249,0.743891414009264,0.456942170145771,0.845233699123938
BSU_35830,ywtG,110.495447470795,0.206578940923865,0.58895039651803,0.350757792413747,0.725770064538596,0.940464290571421
BSU_35840,tagT,2586.50257005645,-0.152773687051214,0.174103411910107,-0.877488185757638,0.380221533058423,0.807541214549921
BSU_35850,ribZB,1382.98694843184,0.219214370780069,0.253254171474604,0.865590365219517,0.38671484107216,0.812812418221504
BSU_35860,pgdS,10391.1931600814,-0.110849212305882,0.234964036996491,-0.471770972795882,0.637090271993482,0.909754077800625
BSU_35870,edmS,36.3730701161228,-0.175605065584009,0.527704182611062,-0.332771790276745,0.73930655387292,0.943619706940036
BSU_35880,capA,140.773881511259,0.144470642866905,0.243123050771123,0.594228488037978,0.552359301244864,0.886311386131263
BSU_35890,capC,40.0524763642606,-0.244932721945924,0.384543947726315,-0.636943380318772,0.52416172468342,0.872696418887785
BSU_35900,capB,126.253948178246,-0.0841465584178496,0.283827589131103,-0.29647068023039,0.766870654827183,0.949688192531632
BSU_35910,rbsR,16375.0357061671,-0.0965491244536483,0.208302920766665,-0.463503459760892,0.643003535511265,0.914029678957675
BSU_35920,rbsK,12911.5181045907,-0.226527971085958,0.184991481966716,-1.22453190102404,0.220751639637712,0.673722536556655
BSU_35930,rbsD,5404.83396859025,-0.123932905469042,0.205578520348941,-0.602849486700667,0.546608822378615,0.884920176655445
BSU_35940,rbsA,25980.5349838692,-0.0350555543964074,0.239817564572266,-0.146175925266074,0.883782510256394,0.98311799825554
BSU_35950,rbsC,12337.9227246556,-0.02503104637242,0.243149005381346,-0.102945296169985,0.918006387503755,0.988106981896934
BSU_35960,rbsB,19578.2978062349,-0.0136593115893884,0.248435105867366,-0.0549814066804265,0.956153276703083,0.993454444844946
BSU_35970,ywsB,26126.1068556133,0.0583858725573771,0.251820103844642,0.231855485983748,0.81665025946716,0.961157874739822
BSU_35980,ywsA,42.1105751628934,0.0151808220409047,0.892576442963873,0.0170078676852545,0.986430339175365,0.998127166502402
BSU_35990,ywrO,436.187331186885,0.417549128948616,0.297000344066182,1.40588769437779,0.159757475963835,0.60153733880822
BSU_36000,alsD,103.062554543716,1.02946115521073,0.374599121749507,2.74816756217365,0.0059929373386328,0.157511741235778
BSU_36010,alsS,67.6342785302127,0.893947020372808,0.411050756622377,2.17478500153707,0.0296462315515802,0.310857467319063
BSU_36020,alsR,158.714062839236,0.413730120292788,0.334638263870256,1.23635030706828,0.216328378960987,0.666636661524116
BSU_36030,ywrK,13.2761933996296,1.03341000730672,0.661660725051481,1.56184275139849,0.118325037714465,0.529959494252577
BSU_36040,ywrJ,15.4382996201705,0.197784561405482,0.754158735147172,0.262258530184477,0.79312213142716,0.955307888035457
BSU_36050,cotB,53.4089301919751,0.644790272002761,0.406543520744002,1.58603012740863,0.112732475477205,0.524291314937642
BSU_36060,cotH,19.5758195056441,-0.338420928053458,0.594326540878093,-0.569419174101589,0.5690717076572,0.892568533296843
BSU_36070,cotG,0.0,,,,,
BSU_36079,BSU_36079,0.0,,,,,
BSU_36080,ywrF,307.355545434859,0.786056954116851,0.405101742176595,1.94039391164649,0.0523318359536802,0.384311920284839
BSU_36090,ywrE,16.3151791375964,-0.728771656381525,0.666754733455302,-1.09301309734216,0.274388049251056,0.726428268229269
BSU_36100,hpxW,3.28495953405114,-0.121092805697993,1.38177601318499,-0.0876356258485586,0.930166285765874,
BSU_36110,chrS,56.7143763312772,0.398018400258754,0.479430889573406,0.830189311775275,0.406431757276942,0.820437215892481
BSU_36120,chrB,67.3936470145709,0.569146076974736,0.407176577799604,1.3977868767659,0.162177076345672,0.604492935372529
BSU_36130,chrA,62.0763430338855,0.0114799758527591,0.342082264561422,0.0335591085596833,0.973228730528922,0.995053328470775
BSU_36140,ywqO,21.5455917924009,0.462453122819744,0.622321782122893,0.743109330420996,0.45741549117141,0.845233699123938
BSU_36150,ywqN,38.4142244419817,0.0593818879718265,0.633761947680076,0.0936974650958417,0.925349483980545,0.989881111323351
BSU_36160,ywqM,78.9417016600539,0.0278266793534084,0.452246755187831,0.0615298596047444,0.950937234924697,0.993454444844946
BSU_36170,nfi,334.22789647947,-0.0611177747240347,0.221238033979978,-0.27625347063772,0.782353390815515,0.952026133508371
BSU_36180,rttO,165.934350094852,-0.223123263917662,0.32858977374713,-0.679032890686882,0.497117022109259,0.863577215459756
BSU_36190,rttN,386.580141134493,0.142320481899207,0.19885210108559,0.715710224444392,0.474170296160972,0.854994493900296
BSU_36200,ywqI,77.2494742036258,-0.0773955576150368,0.363531948445517,-0.212898915613839,0.831405808209641,0.964166180421836
BSU_36210,ywqH,101.616905842807,0.261848444164199,0.307772934495219,0.850784506420807,0.394889069824674,0.816131316062894
BSU_36215,BSU_36215,103.835137858031,0.461057097139797,0.435753925636074,1.05806756982576,0.290024638160843,0.740303656578213
BSU_36220,ywqG,326.942000191906,0.317623026752083,0.235817967806596,1.34689917696424,0.178012706653885,0.626021798487914
BSU_36230,uglF,649.142253032689,-0.115217293669859,0.22148796624775,-0.520196630190644,0.60292653380257,0.898499791048637
BSU_36240,ptpZ,157.481629096428,-0.520468664549469,0.250025273137213,-2.08166421745628,0.0373731512250882,0.338660034188608
BSU_36250,ptkA,603.410468677578,-0.25995095943605,0.216901800051196,-1.19847303883459,0.230732912993767,0.682293106891265
BSU_36260,tkmA,704.51003710313,-0.16869111656918,0.206010567589237,-0.818846909375698,0.412873763400307,0.822183336552756
BSU_36269,ywzD,233.486269436864,0.247404726837184,0.274430427739888,0.901520756552842,0.367311502815698,0.8002227716192
BSU_36270,ywqB,396.492949113042,-0.619949930072149,0.263442854129034,-2.35326151518424,0.0186095409448915,0.260860056402953
BSU_36280,hepA,1609.59564846858,-0.405657714848714,0.227279988472195,-1.78483692108397,0.0742877726947866,0.444895401769096
BSU_36290,ywpJ,212.993314711377,0.463749683883118,0.297034812529707,1.5612637452613,0.118461534009399,0.529959494252577
BSU_36300,glcR,106.793178680665,0.625851988135046,0.305459020399563,2.04889018276948,0.0404728545270284,0.350951162510762
BSU_36310,ssbB,235.516900963508,0.672319599796377,0.217678840867624,3.0885849865639,0.0020111216258188,0.0934236150598393
BSU_36320,ywpG,65.6365346882719,0.260866392800066,0.317036062075695,0.82282876935868,0.410605373930305,0.822183336552756
BSU_36330,ywpF,1725.63119452916,0.604555236633917,0.311189555306489,1.94272341833097,0.0520495851502508,0.383649617482014
BSU_36340,ywpE,15.8566331370998,0.0195724205987571,0.674904010379518,0.0290003027063819,0.976864349172171,0.996062551031859
BSU_36350,ywpD,54.5718973013923,0.240987943796452,0.390398749776128,0.617286668911325,0.537045658309746,0.881100306227718
BSU_36360,mscL,286.623779642092,0.155736243779606,0.215623909065743,0.722258697815013,0.470135440998193,0.852173814332023
BSU_36370,fabZ,791.630365335679,-0.035817052105995,0.270970484530032,-0.13218064014653,0.894841413675655,0.984517604748476
BSU_36380,rapD,172.95486416004,0.815049422497158,0.363877939745596,2.23989787088219,0.0250975539069291,0.289782450457173
BSU_36390,flhP,3969.80904488934,0.0410342836469062,0.182871389397694,0.224388756393534,0.822454818747531,0.963537676369379
BSU_36400,flhO,4014.16171154521,0.0686385705586045,0.164057629089556,0.418380851530752,0.675668684452001,0.927912132824251
BSU_36410,mbl,4942.90866012033,-0.367915945628883,0.206485816909633,-1.78179766114347,0.0747822338183093,0.444895401769096
BSU_36420,spoIIID,1.62417384201112,-0.0604838116479421,3.0555972696217,-0.0197944317627403,0.984207359824183,
BSU_36430,usd,0.0,,,,,
BSU_36440,ywoH,29.9165091149444,0.0568497274277869,0.501395417392253,0.11338302157499,0.909726899724693,0.985681580424162
BSU_36450,ywoG,83.3336968069695,-0.406707694319816,0.33951715975784,-1.19790026109402,0.23095584811287,0.682447199120499
BSU_36460,ywoF,818.945792754336,0.592877077203312,0.202266612594026,2.93116629383263,0.0033769195987563,0.120613884529051
BSU_36470,pucI,12.5574607651772,1.00045411453105,0.773632542114497,1.29319031978231,0.195945242846189,0.645875614827167
BSU_36480,ywoD,223.019543422886,0.416558459505102,0.238653743176793,1.74545118781782,0.0809063620902761,0.45766017083112
BSU_36490,ywoC,121.460911085317,-0.0004228538093263,0.3021255189706,-0.0013995964682726,0.998883283951195,0.999423131013604
BSU_36500,ywoB,51.751019573922,0.111024176387911,0.371015280190123,0.299244215308377,0.764753715072953,0.949406802895104
BSU_36510,amtB,31.3446491978184,0.477453955468456,0.454028903791822,1.05159374542237,0.292985978602526,0.742660382063674
BSU_36520,glnK,231.706041921369,0.869970398450073,0.341202452198341,2.54971906809262,0.0107809754471052,0.206126258271367
BSU_36530,bcrC,177.122694903076,-0.701782574369711,0.299752997284324,-2.34120285944647,0.019221719806955,0.265712009096142
BSU_36540,ywnJ,37.5793444581246,-0.427479154962939,0.69495044975648,-0.615121776110418,0.538474302034434,0.881280146098961
BSU_36550,spoIIQ,91.9321688499408,0.479909300438524,0.312968199747705,1.53341234293259,0.125174289457951,0.541789042670114
BSU_36560,ywnH,503.082937344924,-0.0085868684759022,0.196955176170048,-0.0435980848174739,0.965224778342048,0.995053328470775
BSU_36570,ywnG,1035.28954347039,-0.123893530616997,0.180356975894644,-0.686935063101578,0.492123650205829,0.863246066392942
BSU_36575,BSU_36575,16.7536420894319,0.0800860031918775,0.633749104722448,0.126368625367844,0.8994401363551,0.984517604748476
BSU_36580,ywnF,219.010248726812,0.718512721526729,0.385296998701988,1.86482823366727,0.0622054844427718,0.41280882117753
BSU_36590,clsA,746.273517547908,-0.230118451238306,0.20132797666752,-1.14300285060894,0.253037407512674,0.707068115407917
BSU_36600,mta,137.332096817548,-0.0369903378479084,0.294478726664972,-0.125612937365056,0.900038321541172,0.984517604748476
BSU_36610,ywnC,1135.33142730796,0.241331647233379,0.216790837403276,1.11320040147477,0.265622370296205,0.718232874279534
BSU_36620,ywnB,129.931858391603,0.0592042535910327,0.285526131774232,0.207351436532772,0.835735406360197,0.965432140533785
BSU_36630,ywnA,865.231886984942,-0.0734472697766275,0.253665770001547,-0.289543479895531,0.77216551189348,0.950152533509292
BSU_36640,ureC,569.761953642828,-0.348473721687094,0.394832216315561,-0.88258684901382,0.377459536563914,0.805529299451301
BSU_36650,ureB,73.2240663237828,0.0288841349203709,0.504379499882172,0.0572666710822277,0.954332769389144,0.993454444844946
BSU_36660,ureA,87.9837606476127,-0.0010121907526983,0.433402072867307,-0.0023354543415122,0.998136578732405,0.999423131013604
BSU_36668,ywzE,4.63591799209539,1.91337217045785,1.2536587771532,1.52623042675354,0.126952488393301,
BSU_36670,csbD,120.463572283153,-0.848997083571224,1.55050494322574,-0.547561674846992,0.583992911096511,0.896685965943419
BSU_36680,ywmF,2.45036387377516,-0.939046873466563,1.81030138617132,-0.518724053707208,0.603953185404085,
BSU_36690,rapB,1261.98422691763,0.141095989119834,0.18036603804255,0.782275813402011,0.434052497916387,0.837259189458047
BSU_36700,moaA,597.061781480976,0.218486689273286,0.281385150171839,0.7764684424173,0.437472446814656,0.837423299005535
BSU_36710,fdhD,331.09559506157,0.285382416009766,0.258431810759626,1.10428516973558,0.26946945395379,0.72348751521471
BSU_36720,ywmE,15.6192396089283,0.235069741938914,0.941654463032737,0.249634819530125,0.802869768808631,0.958306146869189
BSU_36730,ywmD,26.616180991338,-0.468921245738996,0.60156441645841,-0.77950296412091,0.435683492196209,0.837259189458047
BSU_36739,BSU_36739,0.416938184834116,0.0300516370466329,3.47235207507139,0.0086545478099351,0.99309475612367,
BSU_36740,ywmC,35.4225637444957,0.451777162499732,0.467399994197747,0.966575028044598,0.333756523206426,0.771172533377485
BSU_36750,spoIID,98.3065552836108,-0.0366899686683394,0.353861910006841,-0.103684424999656,0.917419787079309,0.988106981896934
BSU_36760,murAA,13016.7285622662,-0.140154625847716,0.220086330116733,-0.636816588169645,0.524244319730373,0.872696418887785
BSU_36770,ywmB,2887.02151153095,-0.144606906270518,0.18825063244272,-0.7681615960282,0.442391186241551,0.84079580829448
BSU_36780,ywzB,466.707168570785,-0.423400996040639,0.224388606229218,-1.88690951450595,0.0591724971737313,0.408338244611207
BSU_36790,ywmA,23.7347658071304,0.681018415936084,0.589162618625221,1.15590907231216,0.247718351369482,0.701868662213532
BSU_36800,atpC,16064.7233047237,0.0711111772064124,0.210707614125875,0.337487458635127,0.735749464744595,0.943089892697568
BSU_36810,atpD,32762.9292112724,0.0319604486573877,0.203855872233149,0.156779632135564,0.875418525526631,0.981195901612435
BSU_36820,atpG,19563.9298230884,-0.0161118248571806,0.228535450018746,-0.0705003309370997,0.943795437157484,0.993454444844946
BSU_36830,atpA,31472.121081486,0.0397395151855053,0.23259542708229,0.170852521410259,0.864339730055079,0.975843819599681
BSU_36840,atpH,9745.13634284409,0.0561954507174106,0.201637861740837,0.278694934732237,0.780478950062965,0.950903752821454
BSU_36850,atpF,12695.115220511,-0.0128022895888103,0.198502665644666,-0.0644942955664248,0.948576649135752,0.993454444844946
BSU_36860,atpE,5179.41579891529,0.0975910784451152,0.207476232309997,0.470372328235174,0.638089030695224,0.909786441339083
BSU_36870,atpB,24380.5694580482,0.113823911217969,0.183587486958406,0.619998198699441,0.535258972857134,0.879775467806757
BSU_36880,atpI,6052.28015015258,-0.0168647659932915,0.166287501479945,-0.101419324021327,0.919217597213842,0.988106981896934
BSU_36890,upp,2729.95731812497,0.013528728603263,0.228242422433647,0.0592735060336821,0.952734263124648,0.993454444844946
BSU_36900,glyA,17406.3769925026,-0.497748630240001,0.195223488202793,-2.54963495848898,0.0107835764652605,0.206126258271367
BSU_36910,ywlG,1635.29980703999,-0.0471084270991567,0.216781810005113,-0.21730802551213,0.827968303079953,0.963874479709582
BSU_36920,rpiB,1311.72591928088,-0.109788076799667,0.218855732687298,-0.501645880834811,0.615916639555317,0.89970933640134
BSU_36930,prpB,264.340635684804,-0.199823708486812,0.254600586380312,-0.784851721387331,0.432540511128631,0.836471847636574
BSU_36940,mntP,112.669885138623,0.1212596849261,0.433173886680155,0.279933044568855,0.779528874419254,0.950152533509292
BSU_36950,tsaC,956.8763315296,0.0625562971090969,0.242715885046478,0.257734664120224,0.796611691550879,0.955978009107958
BSU_36960,ywlB,23.887933646007,0.499403374334991,0.602768051538361,0.828516662521237,0.407377962468968,0.820437215892481
BSU_36970,spoIIR,20.0219100192498,-0.176179863312702,0.568511546543152,-0.309896719572308,0.756639497494215,0.946502986914746
BSU_36980,ywlA,60.776386361721,0.160970655229653,0.326882202377768,0.492442396859599,0.622406633886837,0.904579869267873
BSU_36990,ywkF,167.537941847432,-0.0669336836462043,0.286666025111186,-0.233490116661866,0.815380843254519,0.960898663363364
BSU_37000,prmC,429.076041069842,-0.397989542223261,0.251288198810964,-1.58379718628432,0.11323987981538,0.525773373927822
BSU_37010,prfA,3790.89993057468,0.0864607292902099,0.171767595947464,0.503358790191453,0.61471203955687,0.898563702169665
BSU_37020,ywkD,118.078206571359,0.188818686339153,0.314122776715833,0.601098361326296,0.547774474761523,0.884920176655445
BSU_37030,racA,363.052000257915,-0.0704971103052667,0.298328521262983,-0.236306974629228,0.813194475211185,0.960898663363364
BSU_37040,ywkB,117.015671023435,0.0087686673792784,0.271253476903035,0.0323264699844307,0.974211700237423,0.995053328470775
BSU_37050,maeA,244.063548071823,-0.0046409341961761,0.326739210062048,-0.0142037871588624,0.988667398576427,0.9986665631638
BSU_37060,tdk,339.259432528169,-0.663719854625134,0.269843770997138,-2.4596448981295,0.0139074544831615,0.231501169417626
BSU_37070,rpmEA,7763.92709539754,0.0047894454706905,0.181797935745045,0.0263448836812281,0.97898225532048,0.996479241589713
BSU_37080,rho,2161.33446418716,-0.224441315585203,0.237260045858115,-0.94597181237764,0.344162963474854,0.780324085744632
BSU_37089,BSU_37089,127.619394260326,0.0118830486726645,0.307395038298939,0.0386572559479906,0.969163652728411,0.995053328470775
BSU_37090,glpX,3191.62712546454,0.194683282658369,0.271231070564282,0.717776478385535,0.47289511874018,0.854373606876287
BSU_37100,murAB,3924.84150298157,0.0428687123177912,0.308842511730607,0.13880444138851,0.889604684242999,0.984381268013484
BSU_37110,tal,11211.2299636293,0.294189461538851,0.174844098696618,1.6825815897242,0.0924561181214217,0.486643204077839
BSU_37120,fbaA,28445.0242810863,0.376499636992611,0.175133369449564,2.14978811962524,0.0315719783552956,0.318510236185369
BSU_37130,spo0F,273.596227381275,0.279462366733627,0.236147869238482,1.18342108118453,0.236642306507653,0.692544595135365
BSU_37140,ywjG,226.852752724208,0.245303004437202,0.273484051102424,0.896955429204653,0.369742700784269,0.801912100778043
BSU_37150,pyrG,5363.13895814755,-0.435393361811789,0.273591841290219,-1.59139746184878,0.11152015518347,0.521689718920332
BSU_37160,rpoE,53.3461174370966,-0.307697136097453,0.450422148070497,-0.683130564106485,0.494524343724963,0.863246066392942
BSU_37170,acdA,250.482662422609,0.726525970714102,0.307105329127992,2.36572244700875,0.0179949293187413,0.259529756781125
BSU_37180,fadF,199.460306923906,0.742793696186992,0.405185249299688,1.83321998387359,0.066769863180592,0.423202716299806
BSU_37190,clsB,8.11135461454437,-0.439504764693863,0.853723936900819,-0.514808998198352,0.606686496871737,
BSU_37200,uvsE,10.7174693582957,0.270144697091794,0.703951611012754,0.383754640042865,0.701160310577586,0.933711813585818
BSU_37210,ywjC,88.4549995400786,-1.60524746875862,0.803283451600885,-1.99835744849402,0.0456779213550035,0.371345630486349
BSU_37220,ywjB,483.413032482893,0.147305377317612,0.340691354999152,0.432371925956203,0.66547111894356,0.921979185398654
BSU_37230,ywjA,766.770949136303,0.102478356607462,0.198061295446385,0.517407282308739,0.60487187718933,0.898499791048637
BSU_37240,clsC,69.4223344667529,-1.67205679292302,0.71012204188936,-2.35460483450749,0.0185424125431108,0.260834289118759
BSU_37250,narI,3.66786532481817,-0.263017112100058,1.55291245058481,-0.169370212725777,0.865505451794671,
BSU_37260,narJ,3.68892452263776,2.81960929871832,1.58406582911671,1.77998240154613,0.0750788408268263,
BSU_37270,narH,8.52161896431135,0.526024331400511,0.87456417692398,0.601470246872729,0.547526823049385,
BSU_37280,narG,22.6580084826242,0.0251669414202831,0.8023916518213,0.0313649093471476,0.974978525658844,0.995155648954288
BSU_37290,arfM,4.04439672852841,1.72729562920565,1.38512742561736,1.2470301268028,0.212386451214728,
BSU_37300,ywiC,58.248027189527,-0.0366613837579938,0.377038095304677,-0.0972352242771873,0.922539595639616,0.989679266437973
BSU_37310,fnr,133.698196145832,0.0963023038535063,0.318235619139654,0.302613215057002,0.762184642258418,0.948838562300488
BSU_37320,narK,24.3366164070294,0.420687863728739,0.663748116118493,0.633806490011397,0.526207117198486,0.874094566822434
BSU_37330,argS,4920.46145500228,0.0003217507180352,0.190304739804131,0.0016907131076525,0.998651006757342,0.999423131013604
BSU_37340,ywiB,855.505423127686,-0.029876666142354,0.228017864869894,-0.131027742757794,0.895753361047967,0.984517604748476
BSU_37350,sboA,0.0,,,,,
BSU_37360,sboX,5.02425916719471,2.16951551973023,1.47607642116596,1.46978536383402,0.141619894381613,
BSU_37370,albA,399.599570716452,-0.11166901048558,0.341685189819354,-0.326818410082738,0.743805234164508,0.944560056303744
BSU_37380,albB,6.71680541963472,-0.504872489954599,0.985647602382492,-0.512224134400803,0.608494154045078,
BSU_37390,albC,156.491114531808,-0.160915814234118,0.303772563288096,-0.529724648244503,0.59630285584975,0.898499791048637
BSU_37400,albD,131.228755633658,-0.0667350170548332,0.378086416384745,-0.176507311986906,0.859895404732369,0.974824671369413
BSU_37410,albE,118.763327853636,0.19636076052969,0.341075744232307,0.575710128469142,0.564811128148448,0.89151454337484
BSU_37420,albF,57.8900139421114,-0.0886974262988759,0.389577762034995,-0.227675794007227,0.81989829183334,0.96253120066829
BSU_37430,albG,27.9110788527668,0.340007072156438,0.537878052865972,0.632126688093668,0.52730409736986,0.874825526990279
BSU_37440,ywhL,19.4476283616535,0.323873374714734,0.529694532676614,0.611434241312933,0.54091213982276,0.883059189814125
BSU_37450,ywhK,18.7459671247853,0.887938589524105,0.700324253322223,1.26789638558406,0.204834955037502,0.654807853213068
BSU_37460,rapF,4292.00412340332,0.591807065549939,0.260877086201356,2.26852834860766,0.023297023178987,0.279494317117277
BSU_37470,phrF,756.279424919218,0.649953828985379,0.286470854328098,2.26883056047642,0.023278631768155,0.279494317117277
BSU_37480,ywhH,225.384426320044,0.687952788075067,0.265743243050997,2.58878750848633,0.0096314507305735,0.201273220599028
BSU_37490,speB,1920.25429938491,-0.394940174049432,0.277653018484023,-1.42242348455563,0.154903349521232,0.591146272056806
BSU_37500,speE,3295.54125134017,-0.521333693821808,0.253146895701546,-2.05941175923582,0.0394548102184895,0.346579038634349
BSU_37510,pbpG,10.9144829316726,0.481761479915453,0.687441426727932,0.700803677498068,0.483425542732651,0.861133894076131
BSU_37520,ywhD,663.589010588379,0.227456940845,0.202628107311054,1.1225340050965,0.261635457516786,0.713065872345156
BSU_37530,ywhC,371.080840484442,-0.0776626783945949,0.235956427629594,-0.329139914410428,0.742049936109917,0.943804359999719
BSU_37540,hmtB,419.02465200641,0.835066236044669,0.294095876691652,2.8394353754242,0.0045193448274167,0.133748787698831
BSU_37550,ywhA,151.003723073851,-0.219666822193349,0.517286843456229,-0.424651863800855,0.671090479139185,0.925761900608096
BSU_37560,thrZ,128.860489995365,0.191732660833775,0.376314156245604,0.509501589700067,0.610400684323552,0.898499791048637
BSU_misc_RNA_57,tboTB,193.760404913509,-0.136448209039875,0.264787292736448,-0.515312527386601,0.60633464631663,0.898499791048637
BSU_misc_RNA_58,tboTA,308.093667087612,0.0498856880489599,0.205112416232681,0.243211449434486,0.807841597751559,0.960514042564725
BSU_37569,BSU_37569,2490.30035497672,0.129893008505961,0.185480931947589,0.700303837931248,0.483737575447907,0.861133894076131
BSU_37570,mmr,185.792561934135,-0.254103413989635,0.281433217512031,-0.902890626188331,0.366583946114532,0.799401127034692
BSU_37580,ywgB,44.4784695933249,0.166253532726363,0.49892477169429,0.333223648450619,0.738965468346919,0.943619706940036
BSU_37590,ywgA,840.707054368823,-0.421711295708114,0.189675684338739,-2.22332818873602,0.0261936780693268,0.294771109540734
BSU_37600,ywfO,1966.1667429228,-0.505169997235142,0.191392931291939,-2.63943915705323,0.0083043328139701,0.189576054810347
BSU_37610,ywzC,204.134586354081,0.0953281309714891,0.246106961151821,0.387344309666568,0.698501326396832,0.932043204688695
BSU_37620,psrF,17.7055211860683,0.992828189268166,0.906986063984515,1.09464547327942,0.273671985443866,0.726428268229269
BSU_37630,ywfM,83.8263508697989,0.0022378100546785,0.309713703221616,0.0072254150571997,0.994235003042348,0.999423131013604
BSU_37640,lipL,1042.75009767509,0.174355259526153,0.178512925953416,0.976709437677651,0.328713021511223,0.769637812971514
BSU_37650,cysL,106.949381698238,0.447367005091136,0.530111352723688,0.843911383509493,0.398718926563767,0.820437215892481
BSU_37660,pta,4447.42899679841,0.324974610518362,0.206453472913631,1.57408158812767,0.115468588553696,0.528855687552811
BSU_37670,hemQ,1731.23411636462,0.502629321607582,0.288047129028522,1.74495515127252,0.0809926760394498,0.45766017083112
BSU_37680,bacG,276.498914628553,0.294698905272465,0.324373505606259,0.908517188300162,0.363605036760876,0.797051924119763
BSU_37690,bacF,431.644479243546,0.629046452669623,0.295211596082101,2.13083246396147,0.0331029468282587,0.32098609849246
BSU_37700,bacE,436.041150125409,0.832795638567384,0.289653474888024,2.87514464961738,0.0040384243934148,0.131597411464279
BSU_37710,bacD,652.229024032326,0.920668951875601,0.215488871087522,4.27246635628652,1.93322728815712e-05,0.0024913687148992
BSU_37720,bacC,322.098720334441,0.780455309712009,0.249027930172792,3.13400713394067,0.0017243666367512,0.0867574831225489
BSU_37730,bacB,210.631305151256,0.640508411099795,0.283365059493529,2.26036481789465,0.0237986181607135,0.279726290013814
BSU_37740,bacA,176.772539453399,1.06642944420017,0.387445464027642,2.75246336120246,0.0059148764629818,0.15648961238154
BSU_37750,ywfA,33.0716147585593,-0.28861489003366,0.506120301811502,-0.570249580980355,0.56850843217757,0.892568533296843
BSU_37760,rocC,4229.61923767714,0.106560503993245,0.293584760856971,0.362963335297773,0.716632273433465,0.939362266341693
BSU_37770,rocB,8739.1484017554,0.0435962758735995,0.243337069325154,0.179160026848786,0.857812049788265,0.974508540493037
BSU_37780,rocA,82011.2183742385,0.0744969731064185,0.2091037981125,0.356267909903474,0.721639938937643,0.939822102692
BSU_37790,rocG,21217.7172035681,-0.155033525356968,0.207597984208207,-0.746796872562498,0.455186183706709,0.845233699123938
BSU_37800,bslB,2215.23919076736,1.05688848918163,0.22558471907536,4.68510674620898,2.79814061122628e-06,0.0005883458811499
BSU_37810,spsL,53.9478833016591,0.175336707128795,0.393149005477199,0.445980289117032,0.655611484090168,0.916113283994481
BSU_37820,spsK,137.731131398244,-0.224768179226421,0.332841513464073,-0.675300916905253,0.499484601509301,0.864950577819531
BSU_37830,spsJ,143.120517794462,-0.201008901510742,0.274173381421774,-0.733145210772742,0.463469867895631,0.848561925867574
BSU_37840,spsI,67.3281666943863,-0.108203355636489,0.343050319891009,-0.315415405153582,0.75244627173637,0.946082443337159
BSU_37850,spsG,36.1224151361336,0.0285858565468642,0.467684859364832,0.0611220482649084,0.95126201000081,0.993454444844946
BSU_37860,spsF,28.4304272097267,0.255040868289975,0.526600013843677,0.484316106314582,0.628161547074226,0.906100640206111
BSU_37870,spsE,23.5264463120315,-0.482246217995511,0.601868106137454,-0.801248999702564,0.422987509443065,0.829977947065346
BSU_37880,spsD,33.6959080843373,0.112414492767676,0.558335683613831,0.201338542505598,0.840433867012985,0.968811223328392
BSU_37890,spsC,33.3646848941693,0.284781172509889,0.417625294512251,0.681905948351351,0.49529842388443,0.863577215459756
BSU_37900,spsB,23.156974896447,0.0583084027340822,0.550804147550656,0.105860500494361,0.915693033951464,0.987366712722294
BSU_37910,spsA,4.15535357689596,1.28751556361841,1.37305493081747,0.937701423825679,0.34839787191939,
BSU_37920,gerQ,9.75054482804306,-0.136558407557977,0.876228974478146,-0.155847856593999,0.876152947360571,0.981195901612435
BSU_37930,ywdK,571.723228381977,0.026355530857138,0.221476022997622,0.118999476784993,0.905275770301674,0.984997682274009
BSU_37940,ywdJ,1613.22506685033,-0.0082785814387204,0.211242898567071,-0.0391898686056511,0.968739011114161,0.995053328470775
BSU_37950,ywdI,309.415096107585,-0.0391657364883864,0.311167759333733,-0.125866948980342,0.899837245455221,0.984517604748476
BSU_37960,ywdH,362.702322850751,0.248158061233154,0.219875883546545,1.12862792058149,0.259054827348616,0.711192851591976
BSU_37970,ung,530.586037309921,0.0466511946658273,0.225072807324353,0.207271572343247,0.835797774039313,0.965432140533785
BSU_37980,ywdF,605.378150675813,0.0979037379587936,0.180322788905384,0.542936023522597,0.58717385206497,0.896685965943419
BSU_37990,ywdE,26.0843664509384,0.218733482658739,0.616992310754602,0.354515735198095,0.722952413805561,0.939822102692
BSU_38000,ywdD,190.766956537891,0.31111705958148,0.243519485196166,1.27758589556339,0.201395476329022,0.651773459586235
BSU_38018,ywzG,290.438564885249,0.439087805022894,0.304984290154115,1.43970630356407,0.149950509216037,0.583303100601818
BSU_38020,pdxK,2493.22981493814,-0.108763984495399,0.205571151507022,-0.529081944125239,0.596748606257561,0.898499791048637
BSU_38030,ywdA,367.844233018579,0.505563310327849,0.300116845259899,1.68455492689867,0.0920744737193153,0.486643204077839
BSU_38040,sacA,745.466024720675,0.137873571497979,0.285346845830811,0.483178887422248,0.628968724722637,0.906100640206111
BSU_38050,sacP,423.479808775106,0.0576415768893841,0.288472803115821,0.199816330228681,0.841624229203708,0.968811223328392
BSU_38060,nirC,6.05439528207418,-0.0503123796897875,0.880224810685983,-0.0571585566312062,0.954418891174471,
BSU_38070,sacT,214.699406828661,0.208920106392659,0.308613902411039,0.67696271866068,0.498429608779235,0.863577215459756
BSU_38080,ywcI,10.1506322821421,0.0865266284857556,0.90738177076412,0.0953585704205741,0.924030022083939,0.989679266437973
BSU_38090,vpr,520.05017788883,-0.295071745803564,0.346734513836587,-0.851001945374925,0.394768272136669,0.816131316062894
BSU_38100,ywcH,222.552654686998,1.19887456501743,0.41907559421568,2.86075968528109,0.0042262727306179,0.133632812633289
BSU_38110,nfrAA,874.13345729068,1.13070766208213,0.38295991817331,2.95254831752502,0.0031516274304871,0.120613884529051
BSU_38120,rodA,1140.50553092009,0.0457908898852299,0.180283822555646,0.253993338038394,0.7995007048496,0.957060428462159
BSU_38130,ywcE,119.162042580282,0.277352792755288,0.400250525289796,0.692947979404836,0.488342198143714,0.863242071497406
BSU_38140,qoxD,6993.03365698516,-0.222102411892738,0.249204517608347,-0.891245528067824,0.372797464515962,0.804171636469368
BSU_38150,qoxC,7075.76679495511,-0.21028756194939,0.242970735992271,-0.865485142029945,0.386772567469106,0.812812418221504
BSU_38160,qoxB,30068.7455695252,-0.28489990439125,0.245951464518653,-1.1583582352267,0.246717875371861,0.701238748189163
BSU_38170,qoxA,15316.6641234332,-0.207861465960069,0.211962742496781,-0.980650955500942,0.326764897157271,0.768801981238691
BSU_38180,ywzA,90.1393336413839,-0.781687482796949,0.804484316509353,-0.971662799081877,0.331218329542901,0.770170967379161
BSU_38190,galT,2507.41949421961,0.0180344751444577,0.218746081255367,0.0824447918836271,0.934293018487715,0.99084168007922
BSU_38200,galK,1553.58227541206,0.0690732199007011,0.194636185928543,0.35488375181201,0.722676681421584,0.939822102692
BSU_38210,ywcD,194.957055687303,0.0156085916416776,0.259397953483345,0.0601723777388235,0.952018345210892,0.993454444844946
BSU_38220,slrC,319.543493745996,0.0102825683284307,0.279077453408092,0.0368448550854252,0.970608709124622,0.995053328470775
BSU_38229,slrA,206.275053813126,0.580796471832772,0.281702470161656,2.061737234677,0.0392327595620618,0.34599310033209
BSU_38230,vbfB,15.0926790516192,1.09876208695797,0.817401161436489,1.34421400261656,0.178879194914907,0.626633714486021
BSU_38240,vbfA,34.2254946650682,0.783996052918964,0.589641106949319,1.32961566566347,0.183644933925831,0.63149736404584
BSU_38250,ywbO,326.461837495666,-0.551001153551805,0.289118778392122,-1.90579510821155,0.0566767938642471,0.398572276913923
BSU_38260,efeB,5473.14236646359,-0.0119141705123679,0.287622168753822,-0.0414229910162638,0.966958684344306,0.995053328470775
BSU_38270,efeM,4149.94131579715,0.080307654745194,0.336072109338939,0.23895959382991,0.811136914600944,0.960898663363364
BSU_38280,efeU,2798.74304755564,0.147779595767151,0.351607242242546,0.420297360272259,0.674268238048603,0.927059211872746
BSU_38290,thiE,395.667225676302,0.251018622999125,0.296387268556766,0.84692781920573,0.397035355300148,0.81969994392459
BSU_38300,thiM,347.007012152066,0.30594340739048,0.365046423070542,0.838094521833895,0.401977619374902,0.820437215892481
BSU_38310,cidR,267.639636794147,0.222966243184391,0.344980984049387,0.646314589770175,0.518075641116919,0.871482359396837
BSU_38320,cidA,9.38323749449407,-0.496552662582642,0.831262881060259,-0.597347330063985,0.55027551081561,0.885529410386566
BSU_38330,cidB,27.2591088869957,-0.174803371431241,0.48423584039742,-0.360988090612577,0.718108349971133,0.939822102692
BSU_38340,ywbF,651.048437534534,0.391821025318669,0.193128023727996,2.02881496820221,0.0424771401372733,0.360231754944124
BSU_38350,ywbE,239.418203233078,0.49814830902605,0.234401797838681,2.12518979640627,0.0335707791040935,0.323949909470661
BSU_38360,rlmI,625.352790962857,0.233459696894175,0.235453831691415,0.99153067595921,0.32142652103066,0.763169752916739
BSU_38370,glxA,1928.17547226217,0.518112504839777,0.272259521548133,1.90300967949133,0.0570392822147424,0.39918547003797
BSU_38380,ywbB,75.8970339738193,0.324418739782166,0.32651647163265,0.993575417987354,0.32042961672591,0.761973999297625
BSU_38390,ywbA,59.5809013807856,0.700232178710089,0.393215120582632,1.78078650096808,0.0749473355170468,0.444895401769096
BSU_38400,epr,7614.26184877567,-0.173167872512447,0.222324832390658,-0.77889577448625,0.436041113268295,0.837259189458047
BSU_38410,sacX,178.612338437411,-0.190019969246687,0.292852138910056,-0.648859762315235,0.516429024972196,0.871367712607144
BSU_38420,sacY,229.578933685393,0.134792985526385,0.244575594799424,0.551130155226357,0.581544455025454,0.895927004568973
BSU_38430,gspA,807.872232175502,-0.860913550054574,1.14388325071646,-0.752623617414933,0.451676121351974,0.84414847365364
BSU_38440,ywaF,3.81280839841031,-0.10935750580301,1.33280204171445,-0.0820508240386081,0.934606297931635,
BSU_38450,tyrZR,111.853858106434,-0.257626472444647,0.331042083217546,-0.77822876759553,0.436434160352522,0.837259189458047
BSU_misc_RNA_59,tboYB,31.9000259463852,0.0414890238948605,0.530520167468298,0.078204423580824,0.937665443288309,0.992407160729683
BSU_38460,tyrZ,58.704345610346,-0.813183155998513,0.464549881534165,-1.75047543508782,0.0800363093204494,0.456635728468366
BSU_38470,eapD,59.8839997209786,0.323565102017716,0.399526393373099,0.809871656502936,0.418013943435689,0.825897974295537
BSU_38480,relQ,76.5025863476971,-0.205207347779747,0.418381542029072,-0.490478969948171,0.623795007631858,0.90488781971288
BSU_38490,menA,1672.59547748007,0.0207332554542047,0.202995956141447,0.102136297925846,0.918648490075171,0.988106981896934
BSU_38495,BSU_38495,1.97905766934809,1.31406366864343,2.75526177362815,0.476928791747095,0.633412828936662,
BSU_38499,ywzH,75.7244347628064,0.303404851887313,0.406217565832268,0.746902343490956,0.455122511265559,0.845233699123938
BSU_38500,dltA,4552.6728004785,0.0264188919061545,0.307195071128827,0.0860003769236109,0.931466117595833,0.99005347982244
BSU_38510,dltB,2878.52864904581,-0.0903734957472463,0.277078643373912,-0.326165505384293,0.744299138233839,0.944560056303744
BSU_38520,dltC,460.582087654485,-0.145284524771894,0.26139252412594,-0.555809793174862,0.578340890020501,0.89518475615339
BSU_38530,dltD,4786.93441106551,-0.111899991973882,0.29689973434044,-0.376894887502905,0.706251720931737,0.936134704900468
BSU_38540,dltE,4142.72968023135,-0.0478209564714012,0.294931032294107,-0.162142844377644,0.871193367636541,0.979753332258268
BSU_38550,ilvK,1725.63216974907,0.169087650322192,0.21007900329803,0.804876487738829,0.420890957684942,0.827560752092051
BSU_38560,licH,1872.56069754292,0.981736584700515,0.362507752842987,2.70818093406608,0.0067653128390197,0.16998380372254
BSU_38570,licA,462.705312048895,1.16170812887518,0.361639201454323,3.21234015616504,0.0013165838944877,0.0773493038011574
BSU_38580,licC,1233.29873398685,0.958095939398866,0.400958640593447,2.38951313776607,0.0168707204596497,0.251522822642887
BSU_38590,licB,256.882546328596,0.732049743498243,0.363631159019571,2.01316560844788,0.0440972099683294,0.36637584040492
BSU_38600,licR,1047.3964114563,0.173381183600934,0.28090976547912,0.617213087288776,0.5370941845769,0.881100306227718
BSU_38610,yxzF,40.2049746313952,0.0405353284469922,0.469335090518054,0.0863675639557425,0.931174230769532,0.99005347982244
BSU_38620,aag,82.3245886555946,-0.163536336230162,0.399294612457457,-0.40956309233345,0.682126475682575,0.930797046120767
BSU_38630,katX,228.773480918625,-1.00274140198379,0.621982145007623,-1.61217071909917,0.106924795120138,0.513674562482669
BSU_38640,yxlH,356.754714507226,-0.0828615986222517,0.215736679206262,-0.384086743742954,0.70091415632944,0.93369524992868
BSU_38650,yxlG,86.1975839596315,0.394665579155121,0.30672401160608,1.28671236754031,0.198194560763025,0.646885024712652
BSU_38660,yxlF,80.6257243038292,0.114194254699545,0.392474883721095,0.290959394947411,0.771082374716086,0.950152533509292
BSU_38670,yxlE,22.1112491834492,-0.528965284116435,0.710438067917457,-0.74456213427163,0.456536466057703,0.845233699123938
BSU_38680,yxlD,13.3352868000757,0.616798206659019,0.816067931056726,0.755817234308334,0.449758782259203,0.84414847365364
BSU_38690,yxlC,4.42115502508976,0.674635120677314,1.56221446491795,0.431845393719835,0.665853784829651,
BSU_38700,sigY,34.9762147447265,1.03484526868922,0.484284134443764,2.13685560828421,0.0326097375675398,0.320092575289885
BSU_38710,yxlA,52.974275334677,-0.160240125442603,0.385442679423428,-0.415730104622303,0.677607509651046,0.929616071791184
BSU_38720,nnrA,54.7953234695933,0.272701756943462,0.491552417876847,0.554776554901994,0.57904750537556,0.895927004568973
BSU_38730,cydD,48.845579576155,-0.399607754795576,0.385948691041714,-1.03539087985244,0.300486403184259,0.749682542382862
BSU_38740,cydC,22.4910989933545,0.278820823569783,0.542453404727989,0.513999582525611,0.607252282544223,0.898499791048637
BSU_38750,cydB,13.0671504598197,0.937678733026598,0.717090719099125,1.30761521248608,0.191003854489305,0.639478511907615
BSU_38760,cydA,9.72924527407797,-1.11762959717322,0.900360278501837,-1.24131375390406,0.214489865722746,0.66528494841799
BSU_38770,cimH,299.143173123267,0.385931406853103,0.339260567950172,1.13756635256764,0.255301603315535,0.707793133411215
BSU_38780,yxkI,484.194345710321,0.140538847901302,0.274200979565805,0.512539554467835,0.608273444764369,0.898499791048637
BSU_38790,yxzE,48.6023234351926,0.0007345714170934,0.364384960247642,0.0020159213393282,0.998391528577012,0.999423131013604
BSU_38800,yxkH,389.701580853718,-0.183059856695637,0.271911396571876,-0.673233483419837,0.500798762454531,0.865868128782883
BSU_38810,msmX,1425.31785165596,0.274697018301205,0.229665896770798,1.19607230400144,0.231668344546509,0.683541385866546
BSU_38820,yxkF,429.516415243708,0.014537627164749,0.256303174014267,0.0567204336062563,0.95476789655398,0.993454444844946
BSU_38830,aldY,53.9129762652984,0.598028295160144,0.733656852263247,0.815133523683852,0.414995884262315,0.822183336552756
BSU_38840,gdnE,1017.37595024895,-0.240566908215453,0.291440156299538,-0.825441872080942,0.409120771013478,0.821325366934092
BSU_misc_RNA_60,gdwB,24.4990501678312,0.0271305429175172,0.487852924947864,0.0556121354000627,0.95565079681614,0.993454444844946
BSU_38850,yxkC,15753.6994501947,0.215306163287503,0.18486856001375,1.16464456298837,0.24416289753134,0.698288207927481
BSU_38860,galE,3659.68811064343,0.22722133813719,0.182701598457445,1.24367460413935,0.213619346376268,0.665278703699621
BSU_38870,yxkA,10.4203823191402,-0.783436678143661,1.11440927272934,-0.703006244936315,0.482051857670899,0.860962214082722
BSU_38880,yxjO,167.046298159737,-0.253905264213952,0.249942357772879,-1.01585528149924,0.309698306427455,0.751211131862588
BSU_38890,yxjN,115.663698916161,0.107134651059155,0.285730042631986,0.374950600476906,0.707697205923425,0.936177066481487
BSU_38900,yxjM,196.733082988555,-0.353989136307671,0.256998057701363,-1.37740004525254,0.168388598905656,0.613682673463064
BSU_38910,yxjL,69.7117027286189,0.0591323953935405,0.367017861866787,0.1611158516721,0.872002155521616,0.980005887496082
BSU_38920,pepT,1296.48357810181,0.217653560351629,0.254987802452628,0.853584203864281,0.393335413882803,0.815499764967614
BSU_38930,yxjJ,252.87852873254,0.412739427368835,0.295581426154281,1.39636455760722,0.16260474232831,0.604492935372529
BSU_38940,yxjI,135.696791975896,0.512022546977101,0.375170522803465,1.36477285888829,0.172324451787144,0.61854104662142
BSU_misc_RNA_61,mswI,135.576862046502,0.396806765786332,0.284311540904635,1.39567590018947,0.162812114758659,0.604492935372529
BSU_38950,yxjH,676.505577945458,0.282241902780877,0.286594641611011,0.984812211401908,0.324716321258793,0.765786129532985
BSU_misc_RNA_62,mswJ,70.0562967744094,0.254777639672586,0.370344635474569,0.687947428605541,0.491485887776519,0.863246066392942
BSU_38960,yxjG,1077.4904326519,0.569739677236463,0.28312625753653,2.01231663284693,0.0441865702026476,0.36637584040492
BSU_38970,yxjF,33.3120783114132,-0.165642352707062,0.606801116010839,-0.272976348158369,0.784871396778739,0.952497420608812
BSU_38980,scoB,18.1714965615804,-0.173991403389452,0.621823446841143,-0.279808367267794,0.779624531875709,0.950152533509292
BSU_38990,scoA,12.5428477299062,0.666339024597905,0.971327080085143,0.68600890293257,0.492707494264942,0.863246066392942
BSU_39000,yxjC,16.6820898950694,-0.191668018924205,0.696523650434958,-0.275178048591049,0.783179450871472,0.952192959918294
BSU_39010,rlmA,690.059770427741,0.199260378084975,0.244571555349345,0.814732431988472,0.415225484760416,0.822183336552756
BSU_misc_RNA_63,gswB,0.129165387774927,-0.63629458719236,3.52681904889741,-0.180416000472518,0.856825993869815,
BSU_39020,nupG,635.599916692077,0.289193344428034,0.189229385389414,1.52826868740764,0.126445840953938,0.543125098411719
BSU_39040,yxiS,130.409555374744,0.508854563738344,0.297563454363556,1.71007076398783,0.0872527882857803,0.474251549934275
BSU_39050,katE,252.481692767045,-1.59827089318311,1.05071849868199,-1.52112187535288,0.128229255849186,0.5460922321917
BSU_39060,citH,17.5569778606075,0.731133375780657,0.6565099299988,1.11366689576499,0.265422116171166,0.718232874279534
BSU_39070,bglS,329.242324524393,0.471759435028146,0.26649555925796,1.77023375677152,0.0766882080883077,0.446223177958648
BSU_39080,licT,538.406321861504,0.0691800338118065,0.287622170715586,0.240523995906473,0.809924063125566,0.960898663363364
BSU_39090,yxiP,123.21768695942,-0.0162050570047189,0.283708915144395,-0.0571186033983856,0.954450717246507,0.993454444844946
BSU_39100,yxiO,156.591256154568,0.444178907894395,0.321108794703945,1.38326609305086,0.166583290618581,0.610550684423147
BSU_39110,deaD,2058.8238018654,0.14128138249158,0.197980311816465,0.71361329414691,0.475466334726481,0.855536094471728
BSU_39120,yxiM,775.420294691429,0.176941883944694,0.257924707638515,0.686021457830555,0.492699577274803,0.863246066392942
BSU_39139,yxzJ,38.0922842256232,0.0513259163569144,0.431017050071531,0.1190809420379,0.905211229349098,0.984997682274009
BSU_39140,yxiK,393.408159035025,0.230689817076077,0.253360935314317,0.91051849327082,0.362549133343502,0.797051924119763
BSU_39150,yxiJ,130.983759982054,0.374521677209537,0.366529255515309,1.02180568555978,0.306872877875387,0.749682542382862
BSU_39160,yxiI,286.945833188916,-0.17183445822267,0.302314291843791,-0.568396740936942,0.569765602903348,0.892568533296843
BSU_39170,yxzG,345.296849058207,0.259974974859753,0.259831606189522,1.00055177532993,0.317043554579644,0.75707650959096
BSU_39180,yxiH,393.66933193738,0.308603809530711,0.230684243569883,1.33777584786463,0.180969517291204,0.630316670948875
BSU_39190,yxiG,477.385267328758,0.0760058159734565,0.256149406077081,0.296724545012549,0.766676816325937,0.949688192531632
BSU_39200,yxzC,393.103542163306,0.256143724702761,0.240624038871782,1.06449765328413,0.287103316925294,0.73954386170652
BSU_39210,yxiF,329.454716758778,0.04702439312982,0.294755475011384,0.159536962385529,0.873245839449048,0.980499474030058
BSU_39220,wapI,1667.80676622503,0.137607890815615,0.198444822989137,0.693431497697212,0.488038801263867,0.863087654293558
BSU_39230,wapA,42921.4951735909,0.0054141734817733,0.230211927298902,0.0235182144787123,0.98123690945001,0.998127166502402
BSU_39240,yxxF,344.031595531661,0.129124211543034,0.2191069532095,0.589320464967496,0.555646319035385,0.88721304738064
BSU_39250,yxiE,1013.06283002308,0.904467882940415,0.397389348517992,2.27602447401648,0.0228445448347316,0.279494317117277
BSU_39260,bglH,1649.45378327149,0.438238549878155,0.447168883627341,0.98002917001571,0.327071719987758,0.768957086414603
BSU_39270,bglP,1544.42784457735,0.609579121875934,0.448904045791883,1.35792744037451,0.174486709248228,0.619071406258145
BSU_39280,yxxE,364.876797004248,0.310821476296358,0.270512842139783,1.14900820913983,0.250552595668435,0.705396490271599
BSU_39290,rtbE,160.024545738738,0.121423830217752,0.289285494782782,0.419737015535213,0.674677581121593,0.927059211872746
BSU_39300,rtbD,421.245596598414,0.159505175161821,0.21283463217723,0.749432428031728,0.453596611831723,0.844416805343772
BSU_39310,yxiC,39.2761463229806,-0.290983254053751,0.504981491534239,-0.576225582386562,0.564462715670192,0.89151454337484
BSU_39320,yxiB,45.6690519782663,0.87080335538876,0.428439048953711,2.03250230695672,0.0421028304716286,0.359155078828346
BSU_39330,abnB,111.933830158441,-0.576632842663224,0.359010027761697,-1.60617475299598,0.108235518925844,0.516316479682657
BSU_39339,yxzL,1.21835005095427,2.45815455288558,2.72174085698731,0.90315525321779,0.366443502676614,
BSU_39340,hutP,1832.90246474404,0.2317148301412,0.246602110944134,0.939630359424187,0.347407198010822,0.781283850586233
BSU_39350,hutH,209.527554503017,-0.261249129152658,0.28797469147783,-0.907194753163825,0.364303817852142,0.797051924119763
BSU_39360,hutU,252.626484143701,-0.133070895775817,0.240547405133057,-0.553200296225228,0.580126264153739,0.895927004568973
BSU_39370,hutI,213.077877101072,-0.371992936094191,0.290835712105991,-1.27904834451219,0.200880032132792,0.651773459586235
BSU_39380,hutG,207.330636441836,-0.388277905802864,0.365593643448886,-1.06204774825947,0.288214009231579,0.739983911876708
BSU_39390,hutM,136.777964580453,-0.424967295903056,0.301959151444118,-1.40736683710579,0.1593186396135,0.600450910618805
BSU_39400,pdp,3611.51633877667,1.02562024570854,0.365803761374949,2.80374439522856,0.0050512932968365,0.142112089583535
BSU_39410,nupC,2242.84696210764,0.932128754752586,0.373426685912998,2.49614928422592,0.0125549751866619,0.224919846953875
BSU_39420,deoC,1844.47851069523,0.914178371678101,0.356882068370003,2.56156992099225,0.0104200264224793,0.203866330956154
BSU_39430,deoR,901.112511880552,0.127592507002483,0.231547968546762,0.551041357880515,0.58160532363821,0.895927004568973
BSU_39440,yxxB,190.707510831311,-0.0014633422440424,0.551213633293672,-0.0026547642432183,0.997881807085855,0.999423131013604
BSU_39450,yxeR,1107.50926657901,-0.27385124703737,0.535682750052125,-0.511219088183674,0.609197654075069,0.898499791048637
BSU_39460,yxeQ,932.699550072619,-0.672939847930558,0.921121133578094,-0.730566071496508,0.46504424217173,0.849886435258949
BSU_39470,sndB,1042.28555307068,-0.627818467198055,0.979718011222406,-0.640815479563062,0.521642574502168,0.872696418887785
BSU_39480,yxeO,733.643472584637,-1.06541458463496,0.915251656585171,-1.1640673654829,0.244396712659306,0.698288207927481
BSU_39490,yxeN,701.752554519367,-0.727678654959816,0.894102300031027,-0.813865096795483,0.415722237756337,0.822183336552756
BSU_39500,yxeM,1144.74150916567,-0.752934061089662,0.89835463515507,-0.838125648407985,0.401960139393319,0.820437215892481
BSU_39510,snaB,428.668520010067,-0.780407883924931,0.547495120009962,-1.42541523276176,0.154037207371363,0.590574513866214
BSU_39520,yxeK,1361.07138325807,-0.652009533568428,0.526859957022982,-1.23753859992056,0.215887193264971,0.666291314883751
BSU_39530,yxeJ,0.105058029267445,-0.647313066075811,3.52837529920725,-0.183459244321671,0.854437694320251,
BSU_39540,yxeI,431.311110522894,0.355495597349907,0.285973759438235,1.2431056543378,0.213828902449452,0.66528494841799
BSU_39550,hadM,1113.94196665652,0.349394535726636,0.215693653401064,1.61986470263437,0.105261343611775,0.510338674428447
BSU_39560,yxeG,75.2904551026215,0.094942138654819,0.337272794605163,0.281499546282603,0.778327276032657,0.950152533509292
BSU_39570,yxeF,83.5100531830507,-0.219530890755615,0.334177839759771,-0.656928331673424,0.511227000037516,0.869172352811854
BSU_39580,cotNE,2.00739896049939,-1.57340256373107,2.25585641728883,-0.697474605064643,0.485505826598828,
BSU_39590,yxeD,8.80913656700558,0.728294108723588,1.03039848621261,0.706808209123583,0.47968567239638,
BSU_39600,yxeC,1515.85635870493,0.485618059223926,0.246521484626861,1.96988128624556,0.048851977647322,0.377148975711731
BSU_39610,frxB,2865.24267279087,0.60333274458262,0.498611481010659,1.21002577670233,0.226269001998011,0.678956178594632
BSU_39620,yxeA,31.4326072100549,-0.509959056499204,0.45239943482361,-1.12723186026533,0.259644463255485,0.711192851591976
BSU_39630,tpeM,125.332820067866,-0.625065311908781,0.348104737141561,-1.79562426251784,0.0725542944964021,0.439173343201707
BSU_39640,tpeL,44.022303184622,-0.664354058817827,0.438385885374674,-1.51545494730065,0.129657231375055,0.547315494180563
BSU_39650,tpeK,1364.36310279614,-0.517104727305934,0.239481848596604,-2.15926480581404,0.0308296288881983,0.316957047285899
BSU_39660,tpeJ,835.878147452005,-0.651321909561132,0.22902743052598,-2.8438598296515,0.0044570650931031,0.133748787698831
BSU_39670,iolJ,15651.0591494318,-0.550595268882093,0.323892257106006,-1.69993340934325,0.0891434518057363,0.477383498611148
BSU_39680,iolI,18897.0380018726,-0.482506989643902,0.311402490215582,-1.54946413341096,0.12127018705493,0.535330825728669
BSU_39690,iolH,15960.6776443645,-0.427339143340931,0.319560520037784,-1.33727139788858,0.181134063693987,0.630340230363657
BSU_39700,iolG,20410.8458811506,-0.413962620602027,0.325544848294833,-1.27159935956694,0.203515504430486,0.653076187474201
BSU_39710,iolF,26400.1015719258,-0.446704962182113,0.337526160513173,-1.32346767285518,0.185679899902352,0.63212003911688
BSU_39720,iolE,19148.8043481914,-0.404448334709122,0.336349603977575,-1.20246413233799,0.229183754646024,0.681134284224436
BSU_39730,iolD,52563.6805838071,-0.418047869419518,0.346158423789097,-1.20767787431982,0.227171191862449,0.679303077462938
BSU_39740,iolC,23938.0121035491,-0.416992288934006,0.342348951033892,-1.21803290962245,0.223211466955555,0.677091731577405
BSU_39750,iolB,24281.6073025887,-0.428097984084028,0.33434919229315,-1.28039185962406,0.200407355453426,0.651446204260729
BSU_39760,iolA,34656.7124131749,-0.347822027502566,0.329789867843205,-1.05467772487157,0.291572742695827,0.740987981596583
BSU_39770,iolR,5146.24516324801,-0.506682418867984,0.242326394608632,-2.09090891516914,0.0365362297797511,0.336708345262789
BSU_39780,iolS,7499.5062606581,-0.31531948804452,0.260095875873788,-1.2123202145563,0.225389828828403,0.678810527733275
BSU_39790,yxcE,317.096482065709,-0.0021479854005174,0.254922944093369,-0.0084260183333309,0.993277089614845,0.999423131013604
BSU_39800,yxcD,141.376906676662,-0.30624563344488,0.409235403810706,-0.748336118022026,0.454257444118566,0.845233699123938
BSU_39810,csbC,117.972862199333,-0.782981748053784,0.720941278444711,-1.08605481675694,0.277454740785668,0.728065190003818
BSU_39820,htpG,7477.40193129163,0.69762028421429,0.188889000587568,3.6932816735979,0.0002213785792174,0.0205676145110179
BSU_39830,yxcA,106.355616520486,0.521029194317516,0.2952118125386,1.76493342131894,0.0775749559235176,0.4465590041995
BSU_39840,yxbG,11.9505815615185,-1.4854189858168,1.23793200871345,-1.19991968489495,0.230170534093364,0.681134284224436
BSU_39850,yxbF,321.181529782529,0.11987500035882,0.237052676544228,0.505689292803468,0.613074785992666,0.898563702169665
BSU_39860,aldX,198.151967300576,-0.0367906279572971,0.279810592150128,-0.131484043097116,0.895392408748311,0.984517604748476
BSU_39870,yxbD,36.8510095208138,1.20566988334547,0.467742313481104,2.57763697787452,0.0099478445349346,0.203866330956154
BSU_39880,yxbC,138.28096261459,0.327583039752046,0.296112222811934,1.10628003343212,0.26860533116628,0.722125368781487
BSU_misc_RNA_86,srlX,405.052139491887,0.359746056220679,0.382740341992246,0.939921969939524,0.347257587086353,0.781283850586233
BSU_39890,yxbB,53.5334028246339,-0.0458313813042375,0.410752582174923,-0.111579046104985,0.911157187042991,0.985681580424162
BSU_39900,yxbA,10.5369348220015,-0.814447303702605,0.988438287523456,-0.82397385247309,0.409954415182541,0.822172634866592
BSU_39910,yxnB,29.7544615554351,-0.542778016986807,0.466624449750603,-1.1632009794534,0.244747969250538,0.698372260391683
BSU_39920,asnH,166.416702304162,0.345974995548798,0.36145810106939,0.957164867864949,0.338484046499506,0.773048865036117
BSU_39930,yxaM,61.6218333648669,0.167946830818813,0.349363773066468,0.480721940184853,0.630714135573353,0.906100640206111
BSU_39940,yxaL,1216.1898522623,0.429916990955908,0.217005620910349,1.98113297320311,0.0475763634091774,0.373413697091677
BSU_39950,yxaJ,146.765879028342,0.183271346745196,0.308982999155414,0.593143788642602,0.553084927565767,0.886311386131263
BSU_39960,yxaI,866.594614140074,-0.0948373303395889,0.243746544031941,-0.389081743563762,0.697215678081755,0.93192553433051
BSU_39970,yxaH,28.6805471026115,-0.153444222513616,0.497836149563826,-0.308222339113089,0.757913155229105,0.946502986914746
BSU_39980,qdoI,16.5780895622383,0.224072075300769,0.574951914924554,0.389723156814204,0.696741271157033,0.93192553433051
BSU_39990,qdoR,688.557179714396,-0.0705870985625205,0.242704055939635,-0.290836089612268,0.771176682296956,0.950152533509292
BSU_40000,yxnA,75.9649296146811,-0.010585405755766,0.58111123445482,-0.0182157995374103,0.985466698519624,0.998127166502402
BSU_40010,yxaD,153.102541198187,0.0202986889406998,0.312183372907021,0.0650216850169833,0.948156734640362,0.993454444844946
BSU_40021,yxzK,12.0334759442161,0.323930245556674,0.971157455786485,0.333550696261032,0.738718628061568,0.943619706940036
BSU_40022,yxaC,46.9096454387321,0.0171410518218139,0.446485882460984,0.0383910275669507,0.969375914674224,0.995053328470775
BSU_40030,yxaB,285.281146114925,0.152820329424743,0.355867290818089,0.429430670836398,0.667609837386259,0.92287242226924
BSU_40040,glxK,216.185493401449,0.625569520931094,0.338974603974202,1.84547607282906,0.064968315983579,0.419132146462597
BSU_40050,gntR,110.688431874817,0.6989085218166,0.693150069089606,1.0083076565722,0.31330678844313,0.753520165990977
BSU_40060,gntK,318.182073714047,0.798101446532104,0.986539068606309,0.808991221867765,0.418520195500977,0.82643583339122
BSU_40070,gntP,1466.41014140962,0.22279318635787,0.310338154982183,0.717904591430792,0.47281611666103,0.854373606876287
BSU_40080,gntZ,3534.39290845661,-0.0181752439332366,0.284026518558639,-0.0639913625863926,0.948977104370579,0.993454444844946
BSU_40090,ahpC,8432.82268867813,0.325877066124303,0.21817401577882,1.49365663441182,0.135265388560563,0.556526619323244
BSU_40100,ahpF,22448.82278393,0.348690695205019,0.205491303771917,1.6968635110323,0.0897224679957209,0.47855975920281
BSU_40110,bglA,616.055219219656,0.444418247464549,0.232618216080838,1.91050492498879,0.0560682328782498,0.398572276913923
BSU_40120,ptsJ,82.7228239468376,0.344482977465659,0.42829098234412,0.804319940569929,0.421212224323082,0.827560752092051
BSU_40130,yydK,226.179484405098,0.488011064396623,0.26122748205185,1.86814595678628,0.0617417292703682,0.412471920460069
BSU_40139,yyzN,84.3515058961183,0.608350725031601,0.362587087265238,1.67780581934123,0.0933850129416457,0.489168931583038
BSU_40140,liaM,283.229481407111,0.718421856221573,0.274093702301188,2.62108122218779,0.0087651376459566,0.19346256848396
BSU_40150,liaL,316.882436215478,0.667339664134388,0.282426429447044,2.36287965485722,0.0181335570937146,0.25965433903007
BSU_40160,liaK,83.4639760086236,0.463036235373356,0.354278791576212,1.3069826542912,0.191218602571978,0.639478511907615
BSU_40170,liaE,87.5010799206246,0.77821623298533,0.295334921477505,2.63502950850533,0.0084129968930273,0.190965469247978
BSU_40180,liaD,82.7766393446668,1.19511325228806,0.405225326429067,2.94925606654367,0.003185399261518,0.120613884529051
BSU_40190,fbp,2059.56695872852,0.133387055887205,0.264973522815914,0.503397677132721,0.614684704436975,0.898563702169665
BSU_40200,yydD,2922.99182443204,0.367545174222164,0.22126231653294,1.66112865480845,0.096687610573007,0.494494836702344
BSU_40210,yydC,295.784752875364,0.0392858994375241,0.273980038672473,0.143389641186554,0.885982463573115,0.98311799825554
BSU_40220,yydB,1920.00077954039,0.338939565549391,0.242253376894563,1.39911183032511,0.161779450646596,0.604492935372529
BSU_40230,rlmH,269.506367710106,-0.0271959109138737,0.274031458435792,-0.0992437549656216,0.920944734877087,0.989291265349277
BSU_40239,yyzF,52.5682802943072,0.369240956854964,0.347398266053462,1.06287507145513,0.287838609296615,0.739605940068553
BSU_40240,yycS,84.9065472847459,0.291747016477833,0.348519614358812,0.837103578846123,0.402534348913112,0.820437215892481
BSU_40250,yycR,398.269720792223,0.130105271720074,0.231072351890961,0.563049930705118,0.573400884426167,0.892568533296843
BSU_40259,yyzG,1.87181680368142,1.54175369248034,2.7389970663804,0.562889866296125,0.573509881101884,
BSU_40260,yycQ,5.9518848149101,0.657322614519214,1.40382848564365,0.468235700615401,0.63961604451653,
BSU_40270,yycP,14.0872965143809,0.300978135483008,1.06192033023974,0.283428169620841,0.77684863707514,0.950152533509292
BSU_40280,yycO,15.3903296612222,0.108566828343675,0.612866880401344,0.177145856327852,0.859393823321471,0.974532592724745
BSU_40290,yycN,39.7703926308713,0.743727696026069,0.411410363077324,1.80775148798643,0.0706451871501882,0.433070639359324
BSU_40300,rapG,975.837618347773,0.784198079560933,0.254225991402883,3.08464950901963,0.0020379215389107,0.0935804200913594
BSU_40310,phrG,201.179661208373,0.983671758088437,0.311840513389457,3.15440655031224,0.0016082487486908,0.0845388651449988
BSU_40320,argI,72622.6186583808,0.150049281350584,0.229841910029881,0.652836905728274,0.51386142829403,0.871367712607144
BSU_40330,rocE,68355.5623135178,0.0728340325399262,0.225748016729208,0.322634207800342,0.746972283923622,0.945330876032367
BSU_40340,rocD,90335.3828800428,0.129524786581125,0.214152282775107,0.604825617092051,0.545294870583056,0.884920176655445
BSU_40350,rocR,349.430982671829,0.841475002340853,0.472092488992824,1.78243675118848,0.0746780368351928,0.444895401769096
BSU_40358,BSU_40358,10.527356293681,-1.71533925736266,1.17208253902832,-1.46349698101015,0.143331439113077,0.573756612481708
BSU_40360,htrC,1534.9441478942,0.0199822852062246,0.215767453338865,0.0926102843455368,0.926213173138575,0.99005347982244
BSU_40370,walJ,1111.11186760866,0.0430216449575368,0.247852857840902,0.17357736090803,0.862197625290208,0.975785977986049
BSU_40380,walI,966.962583986906,0.0110723249372301,0.248273724676149,0.0445972482656912,0.964428336045199,0.995053328470775
BSU_40390,walH,1533.8148789,0.16323612709625,0.240567851472213,0.678545059521823,0.497426164127849,0.863577215459756
BSU_40400,walK,1536.98136251779,0.144492189033001,0.270142705772064,0.53487355366507,0.592737296857437,0.898366832829155
BSU_40410,walR,709.712461292468,0.24662435419089,0.237636331698447,1.03782259399564,0.299352655908485,0.749319461374935
BSU_tRNA_1,trnY-Phe,151.76226689387,-0.0348609688953515,0.357964834585692,-0.0973865741189342,0.922419406347923,0.989679266437973
BSU_tRNA_2,trnY-Asp,535.244034344666,-0.213721167536257,0.304550505228736,-0.701759359669227,0.482829247354815,0.860962214082722
BSU_tRNA_3,trnY-Glu,285.92315224421,-0.214931962921165,0.319813871217968,-0.672053285564586,0.50154977430526,0.865897005712038
BSU_tRNA_4,trnY-Lys,156.856833428216,0.0536035833572763,0.400565949243077,0.133819620610707,0.893545211739919,0.984517604748476
BSU_40420,purA,11659.2977525393,0.0154129803021213,0.278298186674755,0.0553829706412509,0.955833362472944,0.993454444844946
BSU_40430,yycE,24.8657331850352,0.783944723391456,0.608935512080672,1.28740188055841,0.197954249210354,0.646816200394354
BSU_40440,dnaC,891.238699181191,-0.200356497259247,0.176466489886407,-1.13537985250467,0.256216197587842,0.708441694798149
BSU_40450,yycD,8.98934788200823,-1.04453366204354,1.4248585883736,-0.733078826605397,0.463510353263261,
BSU_40460,yyzB,3.72736323885314,-0.582619305442588,1.83034643187243,-0.318310946658646,0.750249081587723,
BSU_40470,yycC,25.0043177182304,0.213465204162303,0.465314201982,0.458754972990402,0.646410132434227,0.91404160482802
BSU_40480,yycB,1210.93384740625,-0.0800504445568014,0.254969242364629,-0.313961181413097,0.753550521826994,0.946082443337159
BSU_40490,yycA,349.554742992752,0.110936370423831,0.247640080044502,0.447974214852036,0.654171805900068,0.915938931272815
BSU_40500,rplI,1176.74674291668,0.234653517119944,0.265149466261748,0.884985817351412,0.376164280719231,0.804804040710995
BSU_40510,gdpP,1409.18865302356,0.0534176439055246,0.227554095011404,0.234747012146046,0.814405096683221,0.960898663363364
BSU_40520,yybS,593.861679574261,-0.0431390051342452,0.23010140823237,-0.187478231731119,0.851285689649576,0.973629066747797
BSU_40529,yyzH,14.7111264898338,2.07293798542828,1.05948761340905,1.95654763603918,0.0504006766274044,0.378719122992945
BSU_40530,cotF,10.6257926850284,-0.910151734011793,0.895309505149812,-1.01657776308261,0.30935433707301,0.750832671085464
BSU_40540,hypR,128.7699579659,0.866976515403024,0.397037687573368,2.1836126456958,0.0289907235422743,0.307974414156685
BSU_40550,ppaC,13729.0935151867,0.10537551454616,0.162254414089673,0.649446211601509,0.516050002675091,0.871367712607144
BSU_40560,yybP,37.5215328589929,0.154941205693467,0.514732390335768,0.301013125660105,0.763404485617417,0.948838562300488
BSU_misc_RNA_94,mswM,4.80782349107593,0.820787740272107,1.27147059996676,0.645542052088003,0.518575976040865,
BSU_40570,yybO,9.84661921889617,0.422317143687092,0.951842089551229,0.443684039950581,0.657271036010417,0.917539978699872
BSU_40576,BSU_40576,12.6759963322409,0.0333872563312015,0.720313492164567,0.0463510078519725,0.963030484580294,0.995053328470775
BSU_40580,yybN,2901.32188505817,0.525040325194431,0.197845721656367,2.65378660098781,0.0079594145874891,0.185952405128766
BSU_40590,yybM,328.550529664731,1.25252677868897,0.261462404119303,4.79046608214254,1.66394349864953e-06,0.0003693030153947
BSU_40600,yybL,127.653058952968,0.798120564586675,0.325475543217815,2.45216754750927,0.0141998526604182,0.233209724360269
BSU_40610,yybK,128.741873814356,1.69383921524964,0.346432879373115,4.88937198546142,1.01158181145199e-06,0.0002694179557833
BSU_40620,yybJ,511.400228661591,0.891766604943188,0.254849164521906,3.49919375492611,0.0004666673374832,0.036555608102853
BSU_40630,ictI,137.148707088769,0.384340611066318,0.269205105339548,1.42768693253996,0.153381989043259,0.590328560913121
BSU_40640,yybH,40.3936019452204,1.09632694759307,0.513192094232465,2.13628962705037,0.032655813850193,0.320092575289885
BSU_40650,yybG,401.446144874437,0.55612396415238,0.264117608107899,2.10559215698027,0.0352397945224956,0.334038763046651
BSU_40660,yybF,86.4742010194252,-0.675705982301683,0.474598814875715,-1.42374140246986,0.154521343896242,0.590926038250042
BSU_40670,yybE,78.0672423883668,0.11013791622455,0.537908101420978,0.204752291206624,0.837765663313038,0.966745761102134
BSU_40680,yybD,31.2987373908888,0.620714717068096,0.562155815082101,1.10416845368298,0.26952007129888,0.72348751521471
BSU_40690,yybC,90.3774085676264,0.0336455822405737,0.391500254751857,0.0859401286006802,0.931514011485975,0.99005347982244
BSU_40700,yybB,778.970952393984,0.0119674798183258,0.200502077215911,0.0596875602712015,0.952404479536095,0.993454444844946
BSU_40710,yybA,271.828420686077,0.0375334587725037,0.244049449897236,0.153794482176904,0.877771784660781,0.981195901612435
BSU_40720,yyaT,24.5107870021944,-0.28080591944735,0.465209494410001,-0.603611755180277,0.546101795574631,0.884920176655445
BSU_40730,yyaS,24.0746616281048,0.0936907239668197,0.484149686577772,0.193516027303613,0.846554855314083,0.971121795453261
BSU_40740,yyaR,86.1450977428442,0.837602128687231,0.348027369833238,2.40671338317035,0.0160967973430485,0.245508592936161
BSU_40750,yyaQ,302.099691546226,0.502511350464499,0.283346321999278,1.77348817136147,0.0761478502181802,0.446223177958648
BSU_40760,yyaP,326.331684964611,0.270075694460924,0.314763801409724,0.858026536886845,0.390877810340564,0.814583647527674
BSU_40770,tetB,1397.94795814323,0.259645688651122,0.193198799736129,1.34393013313616,0.178970980783116,0.626633714486021
BSU_40780,tetL,7.83032702602285,0.176089351081029,1.18136951074579,0.149055269735094,0.881510021088526,
BSU_40790,yyaO,93.6662973760988,0.95248997563675,0.389069836955811,2.44812083889436,0.0143603484837612,0.233209724360269
BSU_40800,yyaN,13.9847001525194,0.793634879810594,0.712774643332934,1.11344432245732,0.265517648252436,0.718232874279534
BSU_40810,yyaM,26.8018282049021,0.223615609539867,0.489564477367517,0.456764368898437,0.64784041885026,0.91404160482802
BSU_40820,yyaL,915.575580283279,0.218642959594447,0.1908985566598,1.14533584444062,0.252070063100555,0.70701876116853
BSU_40830,yyaK,769.202554604292,0.0148480309784907,0.194698626547877,0.0762616113002705,0.93921096661235,0.992812863632875
BSU_40840,yyaJ,101.388598998996,-0.208551310497156,0.280970400375945,-0.742253668778309,0.457933657220777,0.845233699123938
BSU_40850,maa,53.2973319919776,-0.545625585755131,0.460637590108043,-1.18450078211627,0.236214886869512,0.692415047651243
BSU_40860,yyaH,18.3023135273349,-1.10509502841723,0.959882478371252,-1.15128159260952,0.249616407410606,0.703752680032019
BSU_40870,ccpB,50.8447455610653,-0.0560633022611165,0.379922584333549,-0.147565068708567,0.882686024360429,0.98311799825554
BSU_40880,exoA,91.5120647070403,-0.343675484752803,0.31741284142811,-1.08273970015369,0.278923977197785,0.729254770225884
BSU_40890,rpsR,10884.2437960406,-0.260965700096669,0.246552130624563,-1.0584605350422,0.289845533855785,0.740303656578213
BSU_40900,ssbA,31083.383011151,-0.556683830540966,0.297843948830255,-1.86904529276916,0.0616165132234068,0.41232490842129
BSU_40910,rpsF,13208.3193488237,-0.442797286887576,0.318418927963018,-1.39061232860819,0.164343015789563,0.605673752840687
BSU_40920,engD,3128.07807404353,-0.21139193697314,0.165493828844317,-1.27734029993348,0.201482131706022,0.651773459586235
BSU_40930,yyaE,573.537210314803,-0.0439466413267572,0.271380304267114,-0.161937475327986,0.871355091242459,0.979753332258268
BSU_40939,yyzM,182.723101859325,0.704553081448423,0.302925304637217,2.32583105690756,0.0200275651336424,0.26633155140177
BSU_40940,yyaD,11.7217518961764,-1.03223886224165,0.997140186483671,-1.03519933930429,0.300575827281631,0.749682542382862
BSU_40950,sprC,11.9261772900573,0.274068443531762,1.04439323470656,0.26241882312534,0.792998562282234,0.955307888035457
BSU_40960,parB,2319.32293996008,0.34293391213212,0.205270355754184,1.67064509082252,0.0947918005124778,0.490997270519475
BSU_40970,parA,1540.80104776671,0.33996562487022,0.234456201272027,1.45001762813591,0.147053603480172,0.579939926854181
BSU_40980,yyaB,108.708448948057,0.770048050182555,0.380300268908321,2.02484224476894,0.0428835656749287,0.360673357623874
BSU_40990,nocA,3236.34590250262,0.0930784584757876,0.220897879470891,0.421364200954465,0.673489156081115,0.927054980934048
BSU_41000,rsmG,2598.69448488761,0.0092591465834935,0.191019846000684,0.0484721707055528,0.961339942922676,0.995053328470775
BSU_41010,trmF,5400.83884812413,-0.0738377468757581,0.173385089045013,-0.42585984344126,0.670209977445561,0.925506000655036
BSU_41020,mnmE,3896.80681145322,0.0480210116457372,0.160780766515701,0.298673856869862,0.765188906233927,0.94965196657488
BSU_41030,jag,4199.28507198258,-0.108597192858116,0.167392650841388,-0.648757232245621,0.516495304994672,0.871367712607144
BSU_41040,oxaAA,2741.84046154396,-0.161465857261034,0.182146050621585,-0.886463674123166,0.375367720560655,0.804276149940409
BSU_41050,rnpA,1311.51474120362,-0.321742495154264,0.266558457327739,-1.20702414914817,0.227422843932486,0.679546942042095
BSU_41060,rpmH,2360.39890368725,0.0595232668323555,0.25408336755009,0.234266679500858,0.814777952122621,0.960898663363364
