,gene_name,baseMean,log2FoldChange,lfcSE,stat,pvalue,padj
BSU_00010,dnaA,2535.31310005323,0.820135915664338,0.125200759086926,6.55056663909621,5.73191713551458e-11,8.94480752989512e-10
BSU_00020,dnaN,2285.27894025517,0.824849399025006,0.101240957786796,8.14738834022159,3.7186798921305497e-16,9.080141313078781e-15
BSU_00030,rlbA,118.063439443061,0.852703886603449,0.332496128651975,2.56455282670668,0.0103308851818287,0.036621267625765
BSU_00040,recF,1903.39276573445,0.0904949022231151,0.106176494220771,0.85230636862949,0.39404407220871,0.588373001344733
BSU_00050,remB,147.294191190934,-0.170698058596178,0.244493161902446,-0.698171095125709,0.485070200721606,0.667172433132998
BSU_00060,gyrB,4223.39117731159,0.0188102235733044,0.10065065069814,0.186886258984235,0.851749813128379,0.925195939751639
BSU_00070,gyrA,5905.27493068469,-0.100375852426856,0.0962800913855323,-1.04254006183816,0.297161361753816,0.48634446546459
BSU_rRNA_1,rrnO-16S,2514.492047586,-0.135955988787567,0.149776175134547,-0.907727738843882,0.364022084730443,0.560045746590431
BSU_tRNA_5,trnO-Ile,1.27345096468217,-1.22779519978539,3.23294061022901,-0.37977660211284,0.704111252174167,
BSU_tRNA_6,trnO-Ala,16.045430187027,0.42481897446073,0.655966149690185,0.647623318156545,0.51722861168752,0.693458346381155
BSU_rRNA_2,rrnO-23S,4468.39813642239,-0.118276794894876,0.15831508856551,-0.747097424298465,0.455004754863236,0.645056262785961
BSU_rRNA_3,rrnO-5S,0.076965790185161,-0.609019383111511,3.52627986358419,-0.172708748786743,0.86288036660074,
BSU_00080,yaaC,24.1351553906448,0.147577283134763,0.5410288664418,0.272771551184207,0.78502882941618,0.882625858858766
BSU_00090,guaB,3759.56516135183,-0.172257588473399,0.0950070798438101,-1.81310265252429,0.0698159901495853,0.170741510083578
BSU_00100,dacA,771.437721748008,0.675727235095298,0.134268809642848,5.03264486288897,4.83758796740379e-07,4.66995991923097e-06
BSU_00110,pdxS,1484.31670080321,0.21058136746507,0.112269894222993,1.87567084588865,0.0607004915752743,0.152527914377859
BSU_00120,pdxT,1506.37493222508,0.172984385213821,0.110480938979023,1.56573963628844,0.117409583016277,0.252914986559712
BSU_misc_RNA_1,tboS,658.112576453938,-0.128761979650941,0.143281542708621,-0.898664107161331,0.368831600785314,0.563911592950217
BSU_00130,serS,312.019328726648,0.447434825231077,0.203255359762105,2.20134330408195,0.0277117294141409,0.0829353920678434
BSU_tRNA_7,trnSL-Ser1,56.773305046516,0.0431755942968796,0.387518247368779,0.111415641947286,0.911286756805719,0.956516181930858
BSU_00140,dck,70.5166366914776,0.379098781743804,0.322354659479428,1.17603009789284,0.239582849009855,0.417860674890717
BSU_00150,dgk,52.0549291284367,0.137010431670554,0.481205740077184,0.284723186486883,0.775856225331121,0.876825263095421
BSU_00160,sleL,398.796118176171,-4.06845407592341,0.24223844431441,-16.7952452280564,2.64409364520634e-63,4.9889239642052405e-61
BSU_00170,yaaI,8.94228633952459,0.0761403913658311,0.93415181223533,0.0815075134133015,0.935038349922084,0.968920420550546
BSU_00180,tadA,185.195870592996,-0.388130512922497,0.226786686678719,-1.71143429363801,0.0870009710330452,0.202093469926229
BSU_misc_RNA_2,scr,31234.5309072455,-0.387721666570737,0.095261037766054,-4.07009702668703,4.69935617720273e-05,0.0003141228259511
BSU_00190,dnaX,829.928399123,-0.0999849796422691,0.129297798929639,-0.77329220195526,0.439349469747393,0.629309747729961
BSU_00200,ebfC,1205.18333519209,-0.217035910805677,0.139532198860737,-1.55545395670496,0.119837992210816,0.257078814298242
BSU_00210,recR,323.451123206315,-0.115226535507261,0.194924752900189,-0.591133418372282,0.554431030085193,0.720552036907839
BSU_00220,yaaL,120.27535487433,-0.252736985569216,0.318129956682462,-0.794445729678589,0.426935991123247,0.617514819565103
BSU_00230,bofA,52.3553197278915,-1.20997559203091,0.531416422281888,-2.27688784406645,0.0227929239749946,0.0705018088079005
BSU_rRNA_4,rrnA-16S,2482.4009108476,-0.143227008984472,0.147053679379544,-0.973977731048846,0.330067596347417,0.521152754826219
BSU_tRNA_8,trnA-Ile,1.36592190514092,0.128803743521822,3.11975056109029,0.041286551921256,0.967067453942026,
BSU_tRNA_9,trnA-Ala,13.8686768857225,0.459270837191124,0.688195849589941,0.667354848862833,0.504545499112376,0.683603237392988
BSU_rRNA_5,rrnA-23S,4476.19730008732,-0.0810296367860693,0.153384996955767,-0.528276157344362,0.597307677564247,0.749070746093411
BSU_rRNA_26,rrnA-5S,0.076965790185161,-0.609019383111511,3.52627986358419,-0.172708748786743,0.86288036660074,
BSU_00240,csfB,33.8105146052728,-0.830149565965148,0.537033736634946,-1.54580524338539,0.12215161033964,0.260694773532054
BSU_00250,xpaC,619.822345574846,-0.594946959504694,0.140621524319904,-4.23083850343729,2.32821788992558e-05,0.0001666281458807
BSU_00260,yaaN,1143.58490981561,-0.62261279536848,0.139357613152196,-4.46773435110794,7.90523881503009e-06,6.13357875162428e-05
BSU_00270,yaaO,704.773231782386,-0.379961191362386,0.129118756952249,-2.94272652812871,0.0032533566901349,0.0134508801003488
BSU_00280,tmk,231.116851325659,-0.117592524886152,0.197175327249779,-0.596385595126654,0.550917661325464,0.717783807960453
BSU_00290,darA,508.210917424227,-0.253912490286054,0.144215992432826,-1.76064031459149,0.0782993006521227,0.186044875218638
BSU_00300,yaaR,621.209742244547,-0.246114492934668,0.148713261022128,-1.6549599628378,0.0979326195904004,0.220215765937027
BSU_00310,holB,1488.4854126573,-0.179272044664164,0.108958433310913,-1.64532509523711,0.099902787335395,0.224039151933671
BSU_00320,ricT,3408.88465722775,-0.257736056017159,0.0937596928318214,-2.7489003881387,0.005979555512427,0.0231540437799297
BSU_00330,dnaH,1782.08880034421,-0.0590413087712948,0.117830099264464,-0.501071535540162,0.616320778658701,0.765056086187879
BSU_00340,trmNF,305.47328057932,0.0306798923031098,0.181367457717565,0.169158749255262,0.865671775459916,0.93128989696955
BSU_00350,yazA,54.6035920622018,0.221591863282197,0.417316225971919,0.530992684902473,0.59542384830037,0.748517381676207
BSU_00360,rsmI,578.798170701822,0.118712036875586,0.158139761175978,0.750677982518789,0.452846476753596,0.643534996577945
BSU_00370,abrB,388.101631441774,-0.53489263604801,0.218668369324543,-2.44613630082975,0.014439640052367,0.0482600208191428
BSU_00380,metS,1347.99206876172,-0.0283794842349215,0.106905488352386,-0.265463304759209,0.790652574606453,0.886742948489966
BSU_00390,dayD,207.049267365005,0.209655684250945,0.247649802166479,0.846581270878654,0.397228556918277,0.591426018568066
BSU_00400,yabE,4388.92693742018,-0.924452458481025,0.108532730838295,-8.51772964100929,1.62711497251262e-17,4.35751887154831e-16
BSU_00410,rnmV,56.8542079979635,0.571794441271909,0.468217853356111,1.22121452049164,0.222004807838012,0.396154589221706
BSU_00420,rsmA,123.25354409067,0.0877579437202021,0.291499274227,0.301057160272249,0.763370907535408,0.869580855427957
BSU_00430,prtG,2.43623538743766,0.84489105290472,2.02452826640035,0.417327368022849,0.676438972982199,
BSU_00440,veg,1575.27939731738,1.06685321283771,0.14195067928997,7.5156612012993,5.6624017461572997e-14,1.1455410829834699e-12
BSU_00450,sspF,5.09812209188843,2.08671730354998,1.41872329056271,1.47084164856582,0.141333946129318,0.290722106235282
BSU_00460,ispE,1162.28186791571,-0.0203171215690411,0.113143650033311,-0.179569260520227,0.857490738910952,0.927987915574779
BSU_00470,purR,1502.62271894814,-0.0768107946812822,0.111705636809722,-0.687617893554654,0.491693437070913,0.673159451609947
BSU_00480,ridA,1491.21728684443,-0.0139505784015966,0.121871898562156,-0.114469197298028,0.908865862864328,0.955686405174659
BSU_00490,spoVG,54968.0623155184,-0.927509343171723,0.0990640906802224,-9.3627200007893,7.77099012087019e-21,2.64404754030591e-19
BSU_00500,glmU,866.901068205849,0.202169982538153,0.120122278443801,1.68303486378456,0.0923683424974027,0.211717829766272
BSU_00510,prs,557.068274102372,0.272651733179711,0.142453387705659,1.91397156340761,0.0556237893175443,0.142001444930582
BSU_00520,ctc,1271.05289384371,-0.247282192736278,0.12266507594339,-2.01591358285547,0.0438090130304247,0.118547075025615
BSU_00530,pth,300.311567056412,-0.285833173449628,0.183930028427044,-1.55403212783716,0.120176753283984,0.257539340672078
BSU_00540,fin,239.598661597867,-0.555073042881618,0.237221443438263,-2.33989404514384,0.0192892113520413,0.0612152265461187
BSU_00550,mfd,1447.974662766,-0.118315293040077,0.109141476512389,-1.08405435606001,0.278340698949787,0.464012948329544
BSU_00560,spoVT,393.040701021447,-0.163727828277299,0.163526605754112,-1.00123051855849,0.316715375314803,0.508385739726121
BSU_00570,yabM,52.6300672661235,0.705029525134631,0.418619814632422,1.6841761915969,0.0921476230178946,0.211328609473636
BSU_00580,yabN,332.231105717625,0.174610617154581,0.166650258132794,1.04776685683525,0.294746036026707,0.483784418958822
BSU_00590,hslR,129.131430022393,0.451977640856316,0.283446256009859,1.59457968229644,0.110806259045419,0.242465356508979
BSU_00600,spcP,326.113075108571,-0.743411655112432,0.172134988559073,-4.3187713394904,1.56900237091749e-05,0.0001160949882652
BSU_00610,spcQ,288.652136470007,-1.08065394229018,0.266671996949067,-4.05237128252568,5.07011195516868e-05,0.0003372761975305
BSU_00620,divIC,1990.66210297412,-1.02774736446115,0.103468794503371,-9.9329210260362,2.99355141896017e-23,1.23031999406967e-21
BSU_00630,yabR,3632.41652188618,-0.570628496012671,0.101374508894936,-5.62891502245469,1.81346707966447e-08,2.15693462684447e-07
BSU_tRNA_10,trnSL-Met1,23.4587222806839,0.295544807773423,0.549443891365801,0.537898068242712,0.590647422150863,0.745447689069089
BSU_tRNA_11,trnSL-Glu1,20.6944989836854,0.630906111697731,0.607856763303985,1.03791904571146,0.299307745784087,0.488051199635736
BSU_00640,spoIIE,5630.90477661029,-2.73633172572345,0.150220753727217,-18.2154040492454,3.89531325271436e-74,1.15496037942981e-71
BSU_00650,yabS,2265.67911921439,-2.69982647987419,0.150135777261268,-17.982565709011,2.66853339159228e-72,6.15393450472198e-70
BSU_00660,prkT,504.785147845996,-2.51819451140812,0.183386141726823,-13.7316510816793,6.56208643398797e-43,6.33470250871722e-41
BSU_00670,tilS,1836.21558450118,-0.147139278696628,0.112582480598089,-1.30694649749195,0.191230882861036,0.357889718104671
BSU_00680,hprT,850.691741747423,-0.136727767259288,0.165694367295305,-0.825180538669778,0.409269100547982,0.601584998716245
BSU_00690,ftsH,5821.10638866669,0.307431389805974,0.0935597620361099,3.28593599551182,0.0010164410317854,0.0048777418762326
BSU_00700,coaX,181.583672199191,-0.119426673143378,0.295059012304158,-0.404755212222659,0.68565745344033,0.818310096668672
BSU_00710,hslO,238.791672341823,0.0699180353192463,0.211307647453027,0.33088265456549,0.740733124342953,0.854818793202001
BSU_00720,yacD,421.504991566911,-0.367640401512119,0.16611265202706,-2.21319927787457,0.0268839098722186,0.0809246627118051
BSU_00730,cysK,3646.46460391806,-0.197310764182325,0.0979303958682785,-2.01480615321639,0.0439249640751224,0.11878340447937
BSU_00740,pabB,664.514273454086,-0.380044845477451,0.130024758482729,-2.92286522899354,0.0034682659939029,0.0142542298422683
BSU_00750,pabA,702.183643440579,-0.504503312455352,0.130779091140431,-3.85767562731884,0.0001144704232928,0.0006896469188516
BSU_00760,pabC,278.162616364539,-0.128974818707776,0.184608795057298,-0.698638538146275,0.484777953100936,0.667172433132998
BSU_00770,folP,462.065442600135,-0.0300293310251344,0.159771643379259,-0.187951568814073,0.85091461695707,0.924645700258848
BSU_00780,folB,266.826231944206,0.0086196892761659,0.205626991333041,0.0419190555689509,0.966563225601654,0.981913905095475
BSU_00790,folK,321.116088676811,-0.054652208330227,0.187793511142375,-0.29102287931979,0.771033821302762,0.873754133832314
BSU_00800,yazB,172.962163474396,-0.0397160123255126,0.236864916101163,-0.167673680759671,0.866840002727043,0.931948420440289
BSU_00810,dusB,1727.71226479459,0.0027263129377554,0.107647122262728,0.0253263894143074,0.979794624970681,0.987886200693052
BSU_00820,lysS,1631.04043352752,0.194559173581058,0.103773593852004,1.87484278378687,0.0608143553541974,0.152624177191822
BSU_rRNA_6,rrnJ-16S,2542.15918731492,-0.157923189378261,0.144602733863469,-1.0921175911333,0.274781418325931,0.460297686630727
BSU_rRNA_7,rrnJ-23S,4491.57407349807,-0.0605868079067685,0.149512797116174,-0.405228241831978,0.685309747377578,0.818310096668672
BSU_rRNA_8,rrnJ-5S,0.0,,,,,
BSU_tRNA_12,trnJ-Val,0.59408357124872,0.488462334151781,3.47519085274472,0.140556980853581,0.888219935056693,
BSU_tRNA_13,trnJ-Thr,13.3837520596528,0.165191906351233,0.729662389291071,0.226394985921819,0.8208942273596,0.906049086324282
BSU_tRNA_14,trnJ-Lys,71.4358092622279,0.55700061753056,0.336291596824814,1.65630251481045,0.0976605714825933,0.219990453830645
BSU_tRNA_15,trnJ-Leu1,92.7739603494183,0.68997388575999,0.305765038315663,2.25654930845194,0.0240362509198648,0.0738016268208267
BSU_tRNA_16,trnJ-Gly,109.459292236075,0.61484111850334,0.278992635634755,2.20378977783579,0.0275391318084116,0.0825378600265102
BSU_tRNA_17,trnJ-Leu2,119.493321484481,0.716738331530332,0.296277590075433,2.41914459796925,0.0155570546934181,0.0512518524066495
BSU_tRNA_18,trnJ-Arg,32.5898167402033,0.783802938347613,0.474766844453808,1.65092181036638,0.0987545416678726,0.221823648519123
BSU_tRNA_19,trnJ-Pro,5.99496232430584,0.710852156573276,1.05711927119896,0.672442718565752,0.501301895040034,0.681147026615772
BSU_tRNA_20,trnJ-Ala,31.7190243551494,-0.283058581072577,0.511478739523885,-0.55341221286356,0.579981178001069,0.737552711344844
BSU_rRNA_9,rrnW-16S,2525.32802943405,-0.144733925422023,0.153512761993432,-0.942813636746471,0.345776235325593,0.538176660231173
BSU_rRNA_10,rrnW-23S,4481.07353785156,-0.0589379714188497,0.155895817635342,-0.378059991042943,0.705386028896426,0.831598240826203
BSU_rRNA_11,rrnW-5S,0.266641177404897,-1.23534981124398,3.51279563087137,-0.351671415321574,0.725084700129624,
BSU_00830,ctsR,598.077629025404,-0.297628622644155,0.143376540991532,-2.07585299928343,0.0379075488302604,0.105677793951921
BSU_00840,mcsA,515.472362728513,-0.333368661854981,0.198570932428993,-1.67883918243769,0.0931833899805342,0.212799728362889
BSU_00850,mcsB,1896.721800857,-0.390841696483654,0.109148812398516,-3.58081492500938,0.000342524220735,0.001858585673557
BSU_00860,clpC,7767.30094969858,-0.563805714972038,0.0994527562253859,-5.66908084170445,1.43565619219465e-08,1.72778630079801e-07
BSU_00870,radA,1423.84439576656,-0.584619095239777,0.119499800291,-4.89221817790609,9.97058271286087e-07,9.15661257546138e-06
BSU_00880,disA,1271.18371254925,-0.510834926173454,0.113586459984218,-4.49732235905964,6.8814613611351e-06,5.38961247359846e-05
BSU_00890,yacL,1400.30931425648,-0.645810939245399,0.134757816378034,-4.79238204212004,1.64812675532504e-06,1.46496234718506e-05
BSU_00900,ispD,867.052027879996,-0.596205338103266,0.138474637175888,-4.30552013179119,1.66593838481884e-05,0.0001223948714227
BSU_00910,ispF,84.1160516088402,-0.265607204941997,0.355230907579665,-0.747702970869537,0.454639338806315,0.644758420015378
BSU_00920,gltX,2210.11593403978,-0.0614063221889485,0.0971354794171088,-0.632171916558562,0.527274546034874,0.701052937013119
BSU_00930,cysE,109.265990374542,0.150114961009849,0.267733886019698,0.560687192949511,0.575010799390494,0.73510003950414
BSU_00940,cysS,456.592653051279,-0.106383543983015,0.16320499756879,-0.651839989998924,0.51450440091324,0.692287769267701
BSU_00950,mrnC,139.446047729235,-0.380166621120257,0.306347485478502,-1.24096537148478,0.214618541479345,0.387339811165548
BSU_00960,rlmB,346.119096361282,-0.168569962677416,0.181438613050769,-0.929074356571762,0.352850552920825,0.546523375065055
BSU_00970,raeA,257.990764167567,-0.0226086538492252,0.195138743316202,-0.115859380177468,0.907763988753036,0.955165606416692
BSU_00980,sigH,11263.7438357156,0.237565127724214,0.0904747628835671,2.62576126372322,0.0086455431559077,0.0315912408804342
BSU_00990,rpmGB,2075.66780714981,0.213822750687426,0.104597256040305,2.0442481837672,0.0409290353036957,0.112572005787297
BSU_01000,secE,2657.69262723307,0.314055505408041,0.106150331384147,2.95859185094305,0.0030904812572135,0.0129320440511023
BSU_01010,nusG,623.585706028886,0.267603440231253,0.141144109099143,1.89595897369887,0.0579654697159145,0.146568059391539
BSU_01020,rplK,6778.34570432604,0.522161350453903,0.0860365774835759,6.06906231891409,1.2865921809308501e-09,1.72709114226135e-08
BSU_01030,rplA,3806.70833924859,0.734341534552191,0.114554405122639,6.41041724904442,1.45121907502042e-10,2.1826124566702e-09
BSU_misc_RNA_3,ldlJ,1126.54587443341,0.707332111028265,0.137969536321746,5.12672673900101,2.94822943451041e-07,2.94185105352228e-06
BSU_01040,rplJ,620.308872204668,0.77015186146739,0.155894881348133,4.94019979878329,7.80425608802312e-07,7.29627635616756e-06
BSU_01050,rplL,831.313716099752,0.782529642187629,0.180272235649436,4.34082175421269,1.41950841524603e-05,0.0001059780473324
BSU_01060,rlmG,43.3271975503356,1.12665851147605,0.516337454737053,2.18201972593642,0.0291080769232266,0.0861823304624207
BSU_01070,rpoB,28613.4343640575,0.824197917620619,0.0820352994965893,10.0468691243687,9.4832535671555e-24,4.0582459337384e-22
BSU_01080,rpoC,43423.4939750734,0.71303630069113,0.0821098184191894,8.68393469159701,3.8230835373384095e-18,1.0509681962577299e-16
BSU_01090,rulS,1164.9339026256,0.76717104404711,0.123208988669415,6.22658340379309,4.76716497253883e-10,6.73078292551316e-09
BSU_01100,rpsL,3426.81322183691,0.612702399388997,0.114821706421808,5.33611995921902,9.49565920018254e-08,1.01851372971467e-06
BSU_01110,rpsG,2992.0318281249,0.719788827240822,0.136751788582566,5.2634691999384,1.41362198894791e-07,1.48180426164716e-06
BSU_01120,fusA,10954.1306083379,0.509606777007994,0.101771461918456,5.00736421980766,5.51804511807146e-07,5.253533322274e-06
BSU_01130,tufA,17600.8466472789,0.421782786117638,0.113385511205391,3.71990020271289,0.0001993015131699,0.001139532480948
BSU_01140,ybaC,51.0890921318695,0.268074943941503,0.43950504308407,0.60994736729386,0.541896673575559,0.711614391652055
BSU_01150,rpsJ,175.06932864342,0.334421362771812,0.248957202508839,1.34328856286027,0.179178554045384,0.343701560925319
BSU_01160,rplC,383.949114486806,0.552404360039961,0.25487397895591,2.16736271903033,0.030207207606885,0.0885328187865875
BSU_01170,rplD,234.900681009674,0.486761117524292,0.333020530751082,1.46165498093006,0.143835779705594,0.294409428776095
BSU_01180,rplW,73.3748909603023,0.590841363715554,0.411543026574993,1.43567336964192,0.151095306376349,0.304908418458058
BSU_01190,rplB,294.416695603216,0.0394361421894878,0.257188604647061,0.153335495729315,0.878133710099255,0.938499750417612
BSU_01200,rpsS,83.5012147445028,0.117711805441719,0.425616873586576,0.276567525271704,0.782112203415143,0.8805391256784
BSU_01210,rplV,111.259796855016,-0.299473891336935,0.335802396543694,-0.891815825078451,0.372491658040934,0.567599175039146
BSU_01220,rpsC,134.4134940537,0.149271180220931,0.374069187052084,0.399046982183397,0.689858586491638,0.819886748848122
BSU_01230,rplP,49.6118969287407,-0.512656700758922,0.516171909324391,-0.993189849153027,0.320617444200766,0.512260216383486
BSU_01240,rpmC,31.3538417803977,-0.910416206245951,0.542422956138221,-1.67842491904778,0.0932641763178423,0.212826896437178
BSU_01250,rpsQ,30.4551868822355,-0.0643197989033858,0.606841935163621,-0.105991025300589,0.915589472848245,0.959032332031832
BSU_01260,rplNA,55.2406903182778,-0.659540410157547,0.484438355351716,-1.36145373889461,0.173370343456896,0.336447076058707
BSU_01270,rplX,66.2772161382812,-1.1633872483046,0.5093051600013,-2.28426361967673,0.0223560426115231,0.0693054017030861
BSU_01280,rplE,109.019307409004,-0.38935434235359,0.392927340754337,-0.990906719817747,0.321731130788028,0.512867098272313
BSU_01290,rpsNA,59.895955803201,-0.32300425039265,0.558942784391299,-0.577884283351844,0.563342246927405,0.727124896453874
BSU_01300,rpsH,90.7147018510123,-0.441045409505798,0.4576460321684,-0.963726064478379,0.335183283154403,0.527028914390213
BSU_01310,rplF,120.997266361405,-0.423910776783521,0.307951459740164,-1.37655063282116,0.168651222809521,0.329135508172225
BSU_01320,rplR,108.166762698747,-0.563946791614697,0.348025413347117,-1.6204184234449,0.105142424927564,0.232895520744032
BSU_01330,rpsE,96.0604447161303,-0.471178043932269,0.377638327652659,-1.24769656422599,0.212142200004375,0.384206925051553
BSU_01340,rpmD,33.9066336325492,-0.0383022407254174,0.486056422889353,-0.0788020462680658,0.937190076424571,0.970405874973963
BSU_01350,rplO,426.816242153326,-0.433491058707554,0.214653174629001,-2.01949521341478,0.0434357743126567,0.117613763321486
BSU_01360,secY,1486.2829474923,0.0337811064328287,0.130144516237039,0.259566114728196,0.795198477131549,0.888086841325291
BSU_01370,adk,785.937572018172,0.0469417494061828,0.146000318907238,0.321518129258385,0.747817775825373,0.858697534564625
BSU_01380,mapA,702.869900415198,-0.0042167383375271,0.157750204202925,-0.0267304778388927,0.978674704012591,0.987178657270632
BSU_01389,ybzG,254.79249355913,-0.108929617008376,0.194138854610919,-0.561091272670202,0.574735317342785,0.734974215123198
BSU_01390,infA,162.518443629061,-0.0504943160119737,0.223072593125631,-0.226358224040262,0.820922817071941,0.906049086324282
BSU_01400,rpmJ,147.713660365417,0.128016352885049,0.274432825502191,0.4664760953825,0.640874754360754,0.786003496987949
BSU_01410,rpsM,313.146564878704,0.0035633337031692,0.191007811132592,0.0186554344664766,0.985115980204884,0.990125044511011
BSU_01420,rpsK,298.339993745694,0.223575064568728,0.19740667222999,1.1325608301033,0.257398725603753,0.439154175906774
BSU_01430,rpoA,1728.79114928151,-0.197206806422727,0.125913349235919,-1.56621047426217,0.117299351400079,0.252808726719485
BSU_01440,rplQ,530.137659736908,-0.0763611306547624,0.150848628697404,-0.506210307075047,0.612709020106681,0.762168157765308
BSU_01450,ecfA,141.869520107172,-0.135464421263143,0.249877132977455,-0.542124121759336,0.587733002493434,0.742864168906769
BSU_01460,ecfAB,132.573783598767,-0.142776646445922,0.250050336575787,-0.570991618732129,0.568005324198255,0.729614570795362
BSU_01470,ecfT,82.0428783824928,0.0004876090020943,0.32056459945552,0.0015210943532833,0.998786342768003,0.998786342768003
BSU_01480,truA,95.6344942719762,0.0951675250924349,0.288116533037044,0.330309142933491,0.741166385218207,0.85508106310194
BSU_misc_RNA_4,ldlM,4.70953645521124,-0.646200922244025,1.54521734725308,-0.41819419345296,0.675805140818285,0.811198948265456
BSU_01490,rplM,1262.01672320879,0.153551692540743,0.127511839274853,1.2042151804411,0.228506420077271,0.403973658322297
BSU_01500,rpsI,1398.38143745088,0.231229428703324,0.132048553778276,1.75109398843992,0.0799297215719602,0.188527347423779
BSU_01510,ybaJ,530.483380322348,-0.328084410649557,0.142515566761222,-2.30209525952521,0.0213298007051149,0.0666215219916719
BSU_01520,ybaK,2.262289924728,0.458655934383217,2.07505490411382,0.221033156025861,0.82506661660378,
BSU_01530,cwlD,92.2026710825141,-3.6686737469063,0.454848054989662,-8.06571272903361,7.280983423930629e-16,1.73697483866299e-14
BSU_01540,salA,2452.67719446972,0.007995707358102,0.103430198683556,0.0773053465996418,0.938380637666529,0.970405874973963
BSU_01550,gerD,12.7697387285595,-3.37361041534493,0.923440308771045,-3.65330642739072,0.0002588849718266,0.0014482964712445
BSU_01560,kbaA,182.941968000452,0.0540993098017983,0.228746797974069,0.23650302553276,0.813042359829758,0.901159953209936
BSU_01570,pdaB,159.920439514109,-4.87065704375695,0.382015272930529,-12.7499013492131,3.12140001663418e-37,2.3558057216451802e-35
BSU_rRNA_23,rrnI-16S,1877.28838264211,-0.156927315775107,0.157215198424558,-0.998168862474266,0.318197482553532,0.509385942953997
BSU_rRNA_14,rrnI-23S,4166.13179950521,-0.108019388850347,0.168295900978196,-0.641842066399119,0.520975733159093,0.695360214901413
BSU_rRNA_15,rrnI-5S,0.227011210252496,-0.931720917211643,3.5138986469198,-0.265153042484128,0.790891567165694,
BSU_tRNA_23,trnI-Asn,0.697975669199055,1.85467894249985,3.45053095343934,0.537505377440881,0.590918571455784,
BSU_tRNA_24,trnI-Thr,23.0160268868629,-0.665815210116226,0.753939331125077,-0.883115103071561,0.377174084800576,0.572240360382746
BSU_tRNA_25,trnI-Gly,11.6806963835296,1.99009866283385,1.00977407561348,1.97083556698045,0.0487426870361808,0.128545675913079
BSU_tRNA_26,trnI-Arg,29.4764483144419,0.753743928110449,0.494772959703589,1.52341374630094,0.127655225043921,0.268758585000345
BSU_tRNA_27,trnI-Pro,5.24180567170573,1.66381862512358,1.17024586769498,1.42176842581019,0.155093488473397,0.310261720796661
BSU_tRNA_28,trnI-Ala,10.0675185843952,1.04334194565104,0.871158394102808,1.19764896110031,0.231053706759734,0.407608982898282
BSU_rRNA_16,rrnH-16S,2238.87472516854,-0.185936050794506,0.146833971892244,-1.26630130887529,0.205405228539925,0.375611058885123
BSU_rRNA_29,rrnH-23S,3155.41754937325,-0.050916836556246,0.15158159813418,-0.33590381143214,0.736943402786685,0.852578613424618
BSU_rRNA_24,rrnH-5S,0.0927147793697453,0.744093845581333,3.52963812512487,0.210813068989901,0.833033140139644,
BSU_rRNA_25,rrnG-16S,2332.72916083779,-0.11614851970546,0.155149812156028,-0.74862172303924,0.454085235249312,0.644444950071065
BSU_rRNA_27,rrnG-23S,4442.44880917449,-0.0746705352725608,0.162049650027556,-0.46078800700812,0.644950706931049,0.789033417173823
BSU_rRNA_28,rrnG-5S,0.0,,,,,
BSU_01580,ybaR,348.941490584683,0.84293045385524,0.193699129501378,4.35175137867226,1.35054358691363e-05,0.0001010109266536
BSU_01590,ybaS,259.377665421298,-0.300796719328184,0.199146531506689,-1.51042911494585,0.130933964146227,0.273993134705729
BSU_01600,eesA,5.73708074267645,0.982962934019061,1.17013894862643,0.840039497166483,0.400886241315931,0.594951300572911
BSU_01610,feuC,10.2753278779436,0.9302126913263,1.032006026278,0.901363623506319,0.367395015832767,0.562751553771888
BSU_01620,feuB,24.578214877664,0.367647783076299,0.626369809516827,0.586950037326826,0.557237262692726,0.723067170189905
BSU_01630,feuA,61.4861105438816,-0.284440780732909,0.340919723232439,-0.834333602162926,0.404093021685538,0.597148498759938
BSU_01640,btr,124.156545763284,0.0419534150824265,0.26770805396682,0.15671330937106,0.875470797331059,0.937261190631539
BSU_01650,ybbC,4275.25955924318,-0.804973120387756,0.10335534437355,-7.78840344702836,6.78611993078377e-15,1.50637346698842e-13
BSU_01660,nagZ,4749.48967557362,-0.768905781994217,0.104988229867945,-7.32373317429344,2.41165980168898e-13,4.69990602667181e-12
BSU_01670,amiE,2594.61702419909,-0.696354995294641,0.113162845015719,-6.15356564425285,7.57599973132022e-10,1.04132367167915e-08
BSU_01680,murP,1719.80981061294,-0.802602918735795,0.134086851530756,-5.98569441800711,2.15468572676645e-09,2.79503139118985e-08
BSU_01690,murR,504.817692852072,-0.84421550717712,0.160977361341633,-5.24431199605446,1.5686656380958e-07,1.63196267261545e-06
BSU_01700,murQ,811.812727237426,-0.906658616611057,0.137765873834231,-6.58115534259239,4.66806543398535e-11,7.39585481544778e-10
BSU_01710,ybbJ,46.491246670975,-0.278641028765523,0.453476377474737,-0.614455443781185,0.538914407616477,0.709268771723525
BSU_01720,ybbK,87.6748300459906,-0.668438953782699,0.327537347142981,-2.04080224625775,0.0412704872216349,0.11307841086271
BSU_tRNA_75,trnSL-Glu2,19.7985712344044,0.678025029924685,0.62577159518901,1.08350240748766,0.278585482838669,0.464234580194025
BSU_tRNA_78,trnSL-Val1,0.54304523628331,2.19621437363393,3.47471072559285,0.632056751503886,0.527349794141244,
BSU_tRNA_76,trnSL-Thr1,22.8419206508143,1.26200585462352,0.571674222572743,2.20756123818918,0.0272748737071743,0.0819233001146748
BSU_tRNA_77,trnSL-Tyr1,48.7764942562814,0.560546443298542,0.416542845273309,1.34571137077327,0.178395617849706,0.342992223109832
BSU_tRNA_74,trnSL-Gln2,18.5229875050975,0.532409911162759,0.605574539668191,0.879181465347732,0.379302892337323,0.574614942332339
BSU_01730,sigW,2211.73778050829,-0.133048695576735,0.097876165422118,-1.35935745952986,0.174033344409637,0.337260696846128
BSU_01740,rsiW,3305.75779394988,-0.277337814568985,0.0938851339371811,-2.95401202446548,0.003136717835722,0.0130983768897526
BSU_01750,cdaA,589.982499287011,0.0734169627952987,0.146214499846345,0.502118209017927,0.615584372212582,0.764599260638668
BSU_01760,cdaR,1060.31105822525,0.234290969703445,0.126888611549689,1.84643024178492,0.0648297595136635,0.160374452765922
BSU_01770,glmM,640.471963839608,0.451862650502444,0.134069999119299,3.37034872432844,0.0007507311277418,0.0037479887916077
BSU_misc_RNA_5,glmSA,1561.89918635917,-1.01927812849486,0.127684229115253,-7.98280363642105,1.43046372904413e-15,3.29880829959009e-14
BSU_01780,glmS,23376.6939674232,-0.200552429380169,0.0840744400455612,-2.38541498785464,0.0170598648172721,0.0552814198723626
BSU_01790,ybbU,3.85193273682993,1.11986198489446,1.74403185006239,0.642110971112366,0.520801132955184,0.695360214901413
BSU_01800,alkA,137.430795280293,-0.484488892414999,0.242467978471686,-1.99815619146416,0.0456997293433324,0.122150403415436
BSU_01810,adaA,12.0321304825382,-0.672207770102511,0.765011934126342,-0.878689259756693,0.379569783636539,0.574614942332339
BSU_01820,adaB,42.0705630429909,-0.526098573058029,0.454600157112155,-1.15727758740795,0.24715896737541,0.427955519595518
BSU_01830,ndhF,56.9396830557827,-0.652523616693059,0.410176755803066,-1.59083518863841,0.111646671458788,0.243534068957135
BSU_01845,ybcC,98.3322890734931,0.0091768702009652,0.311115292030582,0.0294966863925904,0.976468461668813,0.986689528818706
BSU_01860,ybcF,23.9911721422346,1.24902940842354,0.677526914819836,1.84351260607215,0.0652542028876889,0.161136345143841
BSU_01870,ybcH,11.3333257077784,0.268084697088606,0.830259802772903,0.322892540615909,0.746776625718912,0.857976687893497
BSU_01880,ybcI,30.6214448553606,0.624567680825214,0.620657411535316,1.00630020558399,0.31427118162476,0.505666056685847
BSU_01889,ybzH,523.943307682576,0.368349537185645,0.153334345145686,2.40226373834035,0.0162939561500884,0.0532568598259977
BSU_01890,ybcL,28.0589522439222,0.092880506489088,0.501165138657726,0.185329144676444,0.852970879823572,0.925910596795933
BSU_01900,ybcM,3.01717452557049,-1.58575646414546,1.81105817054648,-0.875596648376549,0.381249348105882,
BSU_01910,skfA,8732.98516894121,-0.596874954744529,0.128968410904132,-4.62807094047406,3.6908759584059e-06,3.02185919198084e-05
BSU_01920,skfB,6721.68321849779,-0.049525429859018,0.106843743756965,-0.463531397511421,0.642983514880426,0.78732380917282
BSU_01935,skfC,3599.76523616812,0.194748958603369,0.108131822861845,1.80103278987715,0.071697711894966,0.174279444007678
BSU_01950,skfE,2912.09078078476,0.114554668829847,0.116691888358618,0.981684934927072,0.326255089488341,0.517297508199428
BSU_01960,skfF,2034.11029713857,0.17962445273237,0.116972885215159,1.53560761027626,0.124634646571186,0.264227996893254
BSU_01970,skfG,1115.51696858365,0.0977883235905757,0.144688274995423,0.675855203841977,0.49913258141095,0.679562780647252
BSU_01980,skfH,1761.99091854676,0.306649483756478,0.112863828813317,2.71698636295331,0.0065879322060857,0.0249649898875385
BSU_01990,ybdG,183.386298355597,0.319159943885717,0.277053295868041,1.15198031803141,0.249329161243042,0.429981449239663
BSU_02000,ybdJ,167.250849573556,-0.126337165602095,0.293962090081162,-0.429773667642701,0.667360289514516,0.806231828223154
BSU_02010,ybdK,225.155096405757,0.478730648997755,0.220945385243485,2.16673748795517,0.0302548763991564,0.0885669900796179
BSU_02019,ybzI,189.932773492611,0.062220384981387,0.212272043210755,0.29311624856605,0.76943329740337,0.872893582268758
BSU_02030,ybdM,109.813270243467,-0.140043541375819,0.292099230078604,-0.4794382420595,0.631626893312392,0.779394540469601
BSU_02040,ybdN,2034.57378876702,0.503919312810437,0.117235144126392,4.29836391267756,1.72063493674556e-05,0.0001248868897002
BSU_02050,ybdO,2699.1104520388,0.535064142048897,0.103951686310207,5.14723869367725,2.64348866177687e-07,2.69609863268693e-06
BSU_02060,ybxG,1572.42178894971,0.0743556655777603,0.111256570791751,0.668326059742918,0.503925482164874,0.683545296347548
BSU_02070,csgA,2.34619597872439,-2.09890379458237,2.56799753201358,-0.81733092357632,0.41373933931009,
BSU_02080,ybxH,0.930544003472972,-0.0478520507248679,3.41111254021948,-0.0140282826088725,0.988807416996134,
BSU_02090,ybxI,214.156025072433,-1.44605924776217,0.2384930962924,-6.06331701102684,1.3334247413300402e-09,1.77407255224411e-08
BSU_02100,cypC,79.1099138960447,-0.870259603883325,0.338332501987266,-2.57220219391183,0.0101053854478439,0.035944691511568
BSU_02110,ybyB,322.082040983585,-1.37584137814385,0.258561942848949,-5.32112871285011,1.03125404167949e-07,1.09762449410553e-06
BSU_02120,ybeC,193.408530184197,-0.384709133537886,0.239034165738124,-1.60943157372473,0.1075220059637,0.237154009965632
BSU_02130,glpQA,105.350019960302,-0.489333571329455,0.331118775480108,-1.47781886007504,0.139456268859378,0.287715194848548
BSU_02140,glpT,69.3677931339767,0.367282387297655,0.379726813510803,0.967227949751318,0.333430092848915,0.525662102322768
BSU_02150,ybeF,2.42155115399238,1.17971782791614,1.81730271593475,0.64915867762259,0.516235817916424,
BSU_02160,ybfA,137.655647352653,-0.242617956416508,0.28204306713988,-0.860215990688334,0.389669991612015,0.584575401222072
BSU_02170,ybfB,201.720677543494,0.2269015720324,0.204668220052034,1.10863118844105,0.267589317870984,0.451647359011045
BSU_02190,ybfF,142.671053431298,1.01794149386661,0.297971474314481,3.41623806845438,0.0006349271259944,0.003221983496336
BSU_02200,ybfG,296.705319983484,-1.33097738947158,0.19338800896423,-6.88241942507284,5.884445067646719e-12,1.00935254032238e-10
BSU_02210,ybfH,49.5856715745225,-0.0538197358968058,0.392340352912014,-0.137176141830293,0.890891568681449,0.946287334083085
BSU_02220,ybfI,78.8393857204659,0.0173061782294117,0.357861168846735,0.0483600338231266,0.961429310404402,0.980301270056125
BSU_02230,purT,140.535663045294,0.343102383381087,0.255892082493958,1.34080890677494,0.179982503663799,0.344555372995962
BSU_02240,mpr,2379.65402811798,-0.263121705140193,0.113412310794458,-2.32004535748381,0.0203384237990601,0.0640552330727605
BSU_02250,ybfJ,1220.2867591905,-0.2855045503711,0.117549982430496,-2.42879279492798,0.0151491874365765,0.0501869729044126
BSU_02260,cesB,340.923603755906,0.364249405111494,0.268322782625353,1.35750457545038,0.174620940634539,0.338083733476665
BSU_02270,pssA,174.696777839127,0.12857594182235,0.232972729074545,0.551892671443145,0.581021889707141,0.737785825688082
BSU_02280,ybfM,117.402799461775,0.142739619436206,0.258147193773445,0.552938877040348,0.580305265057157,0.737552711344844
BSU_02290,psd,242.989601076527,0.414985407363297,0.236523528758766,1.75452061594492,0.079341340532867,0.187646782584292
BSU_02300,ybfN,12.7025629435967,-0.660585641878641,0.80958317517052,-0.81595772014346,0.414524317715561,0.605988053214181
BSU_02310,ybfO,972.532280053399,-0.131297916405104,0.12429880544383,-1.056308754829,0.290827177457185,0.478677087083575
BSU_02320,ybfP,66.9185190691094,0.860578456428684,0.414404201200341,2.07666441106528,0.0378325434907975,0.10553957528918
BSU_02330,ybfQ,933.261119121461,-0.061147628472864,0.131917208146812,-0.463530340975776,0.642984272005748,0.78732380917282
BSU_02340,gltP,853.266561985708,-1.22202325267268,0.129660003204074,-9.42482818505964,4.30810306140887e-21,1.51550303456849e-19
BSU_02350,gamP,89.3255514214801,0.109690578492713,0.344816960605582,0.318112480024386,0.750399617292224,0.860709812484117
BSU_02360,gamA,95.3691911391652,-0.238837741446319,0.333575849964785,-0.715992304213666,0.473996100870283,0.661363971331947
BSU_02370,gamR,108.083390459602,0.140190904430993,0.271869064308488,0.515655963975069,0.606094715856853,0.756889038965643
BSU_02380,ybgB,46.4541306423412,-0.572888080612161,0.409531142237261,-1.39888770725099,0.161846659421091,0.320527425218009
BSU_02390,ilvE,3660.11295376845,-0.0418925899265404,0.0995377309911426,-0.420871457580927,0.673848948418347,0.809828310620892
BSU_02400,ybgF,82.6576954011233,0.168572848927376,0.31859543375049,0.529112570581897,0.596727361696224,0.749060479904186
BSU_02410,ybgG,114.047298810485,0.411670753313304,0.267084405793359,1.54135076546479,0.123231439805956,0.26267220082112
BSU_02420,glnT,7.32618075276887,0.230504667260869,1.15326298068751,0.199871730143853,0.841580900388514,0.919558388395031
BSU_02430,glsA,1.89873519174563,-0.0097203761966853,2.21422095015637,-0.0043899757140311,0.996497317406029,
BSU_02440,glnJ,54.6561475374294,-0.43723408097236,0.505805781242371,-0.864430770044613,0.387351295761486,0.582781887896313
BSU_02450,glnL,51.6188621428068,-0.294893478988177,0.383731672772069,-0.768488764187415,0.442196863354571,0.631862024022315
BSU_02460,kdgD,41.2352648366187,0.322031966941205,0.494625909229561,0.6510616628288,0.515006682808356,0.692595296140477
BSU_02470,gucD,67.9730357965632,-0.122828564498926,0.32816722859584,-0.374286503330892,0.708191172346234,0.833811404462674
BSU_02480,gudP,76.9408397443991,0.0183792993633419,0.346899616449579,0.0529816076231185,0.957746562119201,0.979161592879185
BSU_02490,gudD,212.266864794269,-0.120259249716311,0.19781414743334,-0.607940591088594,0.543226876776714,0.712660713976039
BSU_02500,garR,438.477635719431,0.278916309822222,0.156541348559224,1.78174209171771,0.0747912994439143,0.179145230231788
BSU_02510,garD,666.874008418852,0.346502131865975,0.131067092048855,2.64370046248388,0.008200519059448,0.0303119809579419
BSU_02520,ycbJ,1529.62985395355,0.213494886517683,0.114855775743038,1.85880845030663,0.0630542942598826,0.156729566151361
BSU_misc_RNA_6,tboW,592.412994625947,0.222870037206186,0.137897301459054,1.61620303550583,0.106050422714565,0.234281694884599
BSU_02530,rtpA,2.3276344989215,0.829507211255904,2.03139686842748,0.408343255888758,0.683021686565078,
BSU_02540,ycbK,11.5641346275067,-1.10798059907799,0.865957674725203,-1.27948585873968,0.200726016252014,0.369690610061224
BSU_02550,ycbL,55.4281073891989,-0.0988339320100239,0.448067836934741,-0.220578055068966,0.825420989720128,0.908801378944667
BSU_02560,ycbM,51.1538039874462,0.0507131548748549,0.507848345727211,0.0998588560965704,0.920456381100421,0.961079109446585
BSU_02570,ycbN,68.3555617778342,0.0939203651465214,0.34959624104462,0.26865381866201,0.788196092919531,0.884749048596261
BSU_02580,ycbO,53.6526114406453,0.0832085595272583,0.425884646973227,0.195378161947428,0.845096911407979,0.920009776882906
BSU_02585,BSU_02585,0.0,,,,,
BSU_02590,ycbP,30.982875888512,-1.3873047165706,0.523012356058433,-2.65252761335451,0.0079891592867466,0.029636282573088
BSU_02600,cwlJ,18.3520697864246,-2.46411455067811,0.734212337838591,-3.3561334013156,0.000790404331391,0.0039105701783123
BSU_02610,ycbR,94.4896132310702,-0.094063270117211,0.33034181759053,-0.284745270227354,0.775839305041529,0.876825263095421
BSU_02619,yczK,0.0,,,,,
BSU_02620,phoD,6.27426290957651,0.400045797188748,1.19848215615905,0.333793703254484,0.738535235261809,0.853231216691279
BSU_02630,tatAD,0.076965790185161,-0.609019383111511,3.52627986358419,-0.172708748786743,0.86288036660074,
BSU_02640,tatCD,3.65326640916716,1.25713078326466,1.67087269425081,0.752379751964489,0.451822719608133,0.64288464708681
BSU_02650,pcp,456.389726684342,-0.353147641423048,0.165225950322716,-2.13736184136503,0.0325685725407377,0.0936233688480623
BSU_02660,ycbU,185.909667958863,-0.300806965424542,0.216296243809682,-1.39071747214076,0.164311117237823,0.323095901304692
BSU_02670,lmrB,192.78690139048,-0.017752610909073,0.230511009404669,-0.0770141563082903,0.938612283310157,0.970405874973963
BSU_02680,lmrA,119.381028558405,0.0879146812060952,0.283170362049448,0.310465687757052,0.756206848412822,0.864742321697418
BSU_02690,ansZ,10.4658645089368,-1.54416312088568,0.970189704960419,-1.5916094687365,0.11147248120265,0.243439577775936
BSU_02700,estA,303.397515168931,-0.178161883995819,0.253325674604569,-0.703291856516017,0.48187388462226,0.665421987713574
BSU_02710,yczC,23.5511707202544,-0.518217749085317,0.607083619315846,-0.853618402139269,0.393316458911046,0.587709366788968
BSU_02720,yccF,261.277247011306,0.421097231402608,0.197061326090376,2.13688418604007,0.0326074125424818,0.0936701518780913
BSU_02730,natK,49.114606989537,0.642137054064746,0.425160903827584,1.51033890530337,0.130956969225769,0.273993134705729
BSU_02740,natR,96.7869720329714,-0.393493039388226,0.289765543569752,-1.35797042857687,0.174473067678788,0.337955064831847
BSU_02750,natA,5.89713988267578,-0.392485912203864,1.24644660273584,-0.314883855708211,0.752849839823692,0.862566846565869
BSU_02760,natB,9.75913909619212,0.0587212729670802,1.01383899634034,0.0579197221442919,0.953812573493081,0.977212673442746
BSU_02770,yccK,227.423069075035,-0.886885591188704,0.211042068704277,-4.20241138003368,2.64086646899643e-05,0.0001861160732224
BSU_02780,ycdA,745.690289723183,0.0954911948768792,0.14877502127778,0.64184964691476,0.5209708107069,0.695360214901413
BSU_02785,BSU_02785,5.61037053579259,-0.477849779876838,1.1109193374553,-0.430139042292136,0.66709450106941,0.806145349036134
BSU_02790,ycdB,63.3092683050273,-0.419197349004196,0.39060579630031,-1.07319797344201,0.283182299774992,0.470615745919602
BSU_02800,ycdC,50.5400577801528,-0.476452831891792,0.392101465884202,-1.21512637249997,0.224317896478852,0.398617453160773
BSU_02810,cwlK,61.5658156969364,-0.246367811314377,0.362537567940183,-0.679564914373305,0.496779991702782,0.677705039484629
BSU_02820,rapJ,1533.04263161572,-0.309003913578148,0.103539064937492,-2.98441862271693,0.0028411776514212,0.0120344167663772
BSU_02830,ycdF,15.230081630194,-1.04948980709523,0.76201267946997,-1.37726029417938,0.168431786454867,0.328861874682104
BSU_02840,ycdG,25.6784292066266,-1.11818149952116,0.58593059792944,-1.90838557240838,0.0563414001973984,0.143480461484295
BSU_02850,znuA,1260.14995940943,-0.15903206439133,0.123098040831526,-1.29191385433164,0.196386979286201,0.364254848533075
BSU_02860,znuC,152.923462276346,-0.400931541749855,0.273678359627439,-1.46497349039817,0.142928150527876,0.293090632663227
BSU_02870,znuB,250.384737338385,-0.0383551545196865,0.216284889377712,-0.177336265284369,0.859244266617625,0.928159505564483
BSU_02880,yceB,46.5730903373302,-0.0794652362260698,0.439059962817797,-0.180989484251942,0.856375830056442,0.927807654419901
BSU_02890,yceC,776.764288700168,0.14963406296325,0.13758311327077,1.08759032562931,0.276776003504439,0.462332873459527
BSU_02900,yceD,1215.9002278978,0.0850404175829209,0.118704724705091,0.71640297211585,0.473742560267376,0.661232470635467
BSU_02910,yceE,1535.01203592606,-0.0398902740293658,0.130761250363369,-0.305061888889222,0.760319016775173,0.867537433473527
BSU_02920,yceF,2160.87898214118,0.0169523055743449,0.107071253887602,0.158327328380225,0.874198874795269,0.937150956161067
BSU_02930,yceG,1401.18933372423,0.646022474941676,0.133746912854888,4.83018606674379,1.36405521965542e-06,1.22824147869623e-05
BSU_02940,yceH,931.087551317159,0.681733547483805,0.124624612205666,5.4702962393877,4.49283973117489e-08,5.10952814359095e-07
BSU_02950,niaP,53.3775271384389,0.902302181310601,0.414301846551946,2.17788597569639,0.029414526866667,0.0869655990196117
BSU_02960,yceJ,0.0,,,,,
BSU_02970,yceK,812.635798353586,0.376286108427565,0.122346108076529,3.07558707296347,0.0021008857564799,0.0093071256938615
BSU_02980,opuAA,96.9640658283299,-0.683785089577624,0.28055081756976,-2.4372949453537,0.0147976041498306,0.0492186336746369
BSU_02990,opuAB,68.926672114931,-0.466164511676794,0.345879050102294,-1.34776741042548,0.177733202874662,0.342035477576598
BSU_03000,opuAC,95.8026417399932,-0.0532909910870184,0.301234080096392,-0.17690890443062,0.859579944219815,0.928159505564483
BSU_03010,amhX,4600.69129178782,0.0572326491840139,0.0980666223720091,0.583609874590212,0.559482815112521,0.724169992370463
BSU_03020,ycgA,1294.93663240608,0.342551492619374,0.113087037768356,3.02909598994931,0.0024528673385234,0.0106393441193426
BSU_03030,ycgB,252.800955176736,-0.0363410334422619,0.188476637063221,-0.192814526025696,0.847104226835647,0.921470032912676
BSU_03040,amyE,7565.11605235168,-0.147909648716998,0.0926825729346828,-1.59587335605407,0.110517071259515,0.2419601069611
BSU_03050,lctE,18.1329161852672,2.38074938355429,0.834631697723099,2.85245502902543,0.0043382950417181,0.0173824929712085
BSU_03060,lctP,14.6038344392933,0.606010538240967,0.773557576198242,0.783407152728427,0.433388057181014,0.623136066975542
BSU_03070,mdr,290.684038456871,0.43276959973704,0.178941182053378,2.41850196120837,0.015584561551363,0.0513017565421948
BSU_03080,ycgE,93.6128575856739,-0.334387304162906,0.345169734171774,-0.968761948278173,0.33266397611512,0.525052534164967
BSU_03090,ycgF,190.612529103787,-0.048364569453548,0.2408108985784,-0.20084045090593,0.840823332066459,0.918972525383852
BSU_03100,ycgG,206.960695429887,-0.283063105396129,0.203656334269102,-1.38990572727339,0.164557506238085,0.323329932095275
BSU_03110,ycgH,2.99740861140221,-3.21049275278953,2.0660307538149,-1.55394238292987,0.120198160792705,
BSU_03120,ycgI,0.499114859244391,1.11883796091551,3.46635843144914,0.322770418305463,0.746869117672444,
BSU_03130,nadE,764.381148123405,0.208073413300393,0.16789268628525,1.23932386754999,0.215225583188987,0.388107961725115
BSU_03140,tmrB,46.9924621431334,0.759286933385651,0.48643951146601,1.56090719501248,0.118545649430193,0.254569576194896
BSU_03150,aroK,115.036313842604,-0.252793631275469,0.307589951341546,-0.821852697635003,0.411160737269414,0.603724167104823
BSU_03160,ycgJ,16.5954446755972,0.0321308389780617,0.662438211246826,0.0485039033566402,0.961314653676425,0.980301270056125
BSU_03170,ycgK,92.6719549776716,0.128186216259984,0.295239247823754,0.434177424596698,0.664159605365085,0.804472285343002
BSU_03180,cah,43.5850134383066,1.08491380691426,0.486411591432773,2.23044398205755,0.0257179824543022,0.0779236096115391
BSU_03190,ycgL,28.9007972657711,-0.772821014043779,0.519595429138808,-1.48735144826942,0.136922012921135,0.284019756954609
BSU_03200,putB,4206.05326427568,-1.69717213084749,0.145416755231213,-11.6710906397889,1.7911215717204701e-31,1.12650691578965e-29
BSU_03210,putC,9135.62428992758,-1.81489778076077,0.133711167739554,-13.5732699926447,5.76897750106204e-42,5.20587513193664e-40
BSU_03220,putP,7284.70865668183,-1.36760902898404,0.141369559040678,-9.67399939749773,3.88876965512199e-22,1.4542597151722e-20
BSU_03230,putR,1273.43809830283,-0.640150994610807,0.119846898423323,-5.34140643631566,9.22282146438586e-08,9.93656567420169e-07
BSU_03240,ycgQ,72.1743431152344,-0.253067980585706,0.426585878090332,-0.593240408516564,0.553020273262285,0.719420013609612
BSU_03250,ycgR,27.2186404221009,-0.78527057615694,0.580667429666489,-1.35235857228632,0.176260635412301,0.340147790607374
BSU_03260,ycgS,39.8726569532892,-0.250762378118341,0.435868811405663,-0.575316176694636,0.565077483000683,0.727771394602408
BSU_03270,ffoR,536.474398253773,-0.329620938565468,0.168017440086892,-1.96182573901257,0.0497827759486275,0.13045978722396
BSU_03280,nasF,600.363012141634,0.133470381109178,0.136339101458918,0.978958931670794,0.327600271887525,0.518472238496056
BSU_03290,nasE,129.1207704827,0.561688306062925,0.29203640145339,1.92335031957505,0.0544360690603224,0.139484026339135
BSU_03300,nasD,258.795737839523,0.912876138961489,0.265667249016666,3.43616363078395,0.0005900145033571,0.0030199139376516
BSU_03310,nasC,15.1977599084443,-0.0360546117775703,0.923569759581329,-0.03903831995746,0.968859836978795,0.983309824767476
BSU_03320,nasB,20.6488659873682,0.0677865825042037,0.631913689730567,0.107271900586781,0.914573275971305,0.958927423227301
BSU_03330,nasA,18.7228792860954,1.57674591455356,0.829131800859085,1.90168307731033,0.0572125995407761,0.145164731475404
BSU_03340,folEB,13.8521318612667,0.0245489092211547,0.738648385917857,0.033234905388238,0.973487263014234,0.98535616405074
BSU_03350,yciB,3.525563725622,2.69031005371699,1.99628990433129,1.34765499133163,0.177769374670855,
BSU_03359,yczL,2.51982257961397,-0.198195854762137,1.72066922367193,-0.115185331402153,0.908298225131097,
BSU_03360,zinU,13.2352566576559,-0.0715828350020688,1.09251664438581,-0.0655210475464301,0.947759148822308,0.974682527027854
BSU_03370,yckA,99.8707274149013,0.333833046858673,0.288925037877492,1.15543135102131,0.247913829658647,0.428685348988324
BSU_03380,yckB,154.276122718253,-0.0173195737305923,0.231548759090751,-0.0747988190418425,0.940374781455256,0.970793098605273
BSU_03385,BSU_03385,1.59916568115271,1.64304526929857,3.06137224507612,0.536702216445984,0.591473324788566,
BSU_03390,yckC,220.672286762436,-0.294740436270287,0.207006793022195,-1.42382011704652,0.15449855072058,0.309668509918459
BSU_03400,yckD,12.1939006951861,-1.05062787710779,0.950064006444874,-1.10584957432418,0.268791633593463,0.453006118979482
BSU_03410,bglC,25.6265357171431,0.896225848371394,0.64925162946801,1.3803983042842,0.167464042006961,0.327728244869012
BSU_03420,nin,125.030455652396,0.320282272408542,0.255010807841094,1.25595567936917,0.209132039516002,0.380415028935549
BSU_03430,nucA,169.061406475815,0.445577955189058,0.280015717524969,1.59126051611487,0.11155095871728,0.24345322273156
BSU_03440,tlpC,207.486608190611,0.592428264999868,0.221294187995381,2.67710720451562,0.0074260869726943,0.0278428301263389
BSU_03450,hxlB,41.4084366950784,-0.789852009456074,0.476990215576791,-1.65590820034109,0.0977404107069881,0.219990453830645
BSU_03460,hxlA,82.2438547840088,-0.0751512998297603,0.330475943675474,-0.227403238474624,0.820110202311233,0.905875653744997
BSU_03470,hxlR,195.421646845016,-0.0420851606329804,0.219785550789593,-0.191482836254644,0.848147326428875,0.922121412259366
BSU_03480,srfAA,1016987.3957399,-0.210687074052697,0.0810617631315729,-2.59909315950513,0.0093470402822011,0.0337094389325952
BSU_03490,srfAB,751909.783120225,0.211844167563884,0.0803951645326806,2.63503618402036,0.0084128314360449,0.0308495258754616
BSU_03500,comS,0.0,,,,,
BSU_03510,srfAC,222855.758847127,0.469097306884663,0.0997534750140837,4.7025660691864,2.5691204632836e-06,2.18981910535733e-05
BSU_03520,srfAD,28513.5400468928,0.341663571691717,0.104660825333176,3.26448382767925,0.0010966372332516,0.0052083994911071
BSU_03530,srfT,379.914449191576,0.686091346171126,0.174628681188168,3.92885831527204,8.53501054094082e-05,0.0005287884888872
BSU_03540,ycxB,187.512498972604,0.203103786646154,0.217020320351009,0.935874513122335,0.34933780103215,0.542702549432804
BSU_03550,ycxC,7.7814136681936,-0.29849683105744,1.00259747663494,-0.297723501219349,0.765914205006796,0.871601790686098
BSU_03560,ycxD,25.7443355824562,0.805483118845212,0.751699867734952,1.07154883673496,0.28392272416847,0.471048452447369
BSU_03580,yczE,25.0321788900032,0.400771057515715,0.697733640624163,0.574389758758373,0.56570408158803,0.727771394602408
BSU_03590,tcyC,32.0513501855267,0.34850323060721,0.600800876195467,0.580064451327175,0.561871155219766,0.726053102866226
BSU_03600,tcyB,20.4025303858935,-0.385302645654633,0.643054635248163,-0.59917559805154,0.54905579336747,0.716933185991937
BSU_03610,tcyA,58.9861142026813,0.381662333062564,0.39113559333215,0.975780111983975,0.32917344236838,0.520136642280603
BSU_03620,bsdA,6.46084830347468,-0.914799864817986,1.25131493195113,-0.731070845124154,0.464735881256515,0.652169926672007
BSU_03630,ubiX,7.80988446009666,0.972348513864127,1.02539564697765,0.948266668314925,0.342993714938125,0.535855066130282
BSU_03640,bsdC,24.9060448368557,0.295473948316626,0.667292241227025,0.442795420149506,0.657913716288247,0.800023720712357
BSU_03651,bsdD,5.8015537396581,3.93873417226891,1.43971324452572,2.73577685504064,0.0062233211342608,0.023963827484524
BSU_03652,yclD,8.75093134879253,-0.439987426860443,1.00272080290949,-0.438793556076404,0.660811129926524,0.80228926596227
BSU_03660,yclE,190.179749999213,0.163841674430962,0.229773793833137,0.713056400809333,0.475810857111218,0.662115611085708
BSU_03670,dtpT,1569.86406232029,-0.800136832772557,0.106144908305902,-7.53815557941436,4.76664984868427e-14,9.699197804847249e-13
BSU_03680,yclG,35.9883493097158,-0.264813218167202,0.558558119437353,-0.474101456861738,0.635427559768358,0.783153147446097
BSU_03690,yczF,0.888508251164728,0.926510720349673,3.2369605929148,0.286228606668138,0.774703034926265,
BSU_03700,gerKA,4.14189814108932,-3.6476951094563,1.69165194882034,-2.15629173128668,0.0310608925277489,0.090276991735067
BSU_03710,gerKC,8.32835357771243,0.819659478087032,1.09993619241354,0.745188206134476,0.456157951591533,0.646007650373018
BSU_03720,gerKB,15.5268014370679,0.539615952413106,0.758634781565577,0.711298724400052,0.476899141888892,0.662127670756372
BSU_03730,yclH,4.9188884396859,0.820635992391449,1.52953711888405,0.536525712426114,0.591595270386243,0.745963538084232
BSU_03740,yclI,7.12638264983627,-1.60000343027218,1.11131528447671,-1.43973852661046,0.149941389029532,0.302874309421697
BSU_03750,yclJ,101.401359224776,-0.0741198126782495,0.273190817230168,-0.271311508306673,0.78615145596384,0.883520792286069
BSU_03760,yclK,280.411218644285,-0.268663735070462,0.200595258392606,-1.33933243100209,0.180462475445178,0.345048243009182
BSU_03770,rapC,3708.94497218979,-0.0134802570746635,0.115687150698178,-0.116523373540703,0.907237762864991,0.955165606416692
BSU_03780,phrC,843.398115902851,0.0223749104849947,0.124197695139147,0.180155601598939,0.857030412856565,0.927966887913087
BSU_03788,yczM,58.0033561206631,0.613022384038396,0.368325202302002,1.66435090568621,0.0960423249487481,0.217175365082665
BSU_03789,yczN,35.3978136763374,1.32565212699526,0.554566362247647,2.39043010402293,0.0168286520408315,0.0545747926730403
BSU_03790,thrD,4347.5000807245,0.487731229472837,0.106192831544079,4.59288279991281,4.37164603040392e-06,3.53203752483921e-05
BSU_03800,pbtN,502.242536549449,0.116667788552027,0.18511873253027,0.630232213441442,0.528542665996586,0.701849202351832
BSU_03810,pbtO,263.530350011973,0.0894690140672328,0.183967874815228,0.486329551597489,0.626733530143785,0.775430963823204
BSU_03820,pbtP,285.886262087188,0.198416338234719,0.252602744908211,0.785487656940618,0.432167704394093,0.622084817887361
BSU_03830,pbtQ,961.645057548964,0.306148297199532,0.119900193054831,2.55335950176102,0.0106689312486964,0.0375629632004571
BSU_03840,ycnB,115.933931526248,0.456009496626582,0.281166809150242,1.62184682468304,0.104836149625975,0.23246520144093
BSU_03850,ycnC,116.485712054298,1.26115293375475,0.379724103585913,3.32123486985706,0.0008962008510259,0.0043365193215399
BSU_03860,nfrAB,160.13633818642,0.507579497342118,0.261643254335184,1.93996783380423,0.0523835991715188,0.135428856901385
BSU_03870,ycnE,39.4998453253028,0.384281161643158,0.434338866029931,0.884749654470656,0.376291668386023,0.571110316442553
BSU_03880,yczG,808.523697105186,-0.0198777085195368,0.13044613995687,-0.152382496914888,0.878885261296512,0.938958240859173
BSU_03890,gabR,127.11242778484,-0.0095278155685268,0.293741216173299,-0.0324360867455036,0.97412428455795,0.985432118395063
BSU_03900,gabT,1848.64315074192,-0.349049124190921,0.116312707152395,-3.00095434743507,0.0026913491159679,0.0114817987465394
BSU_03910,gabD,2957.91870855813,-0.340511463339306,0.0935652936522314,-3.63929241332729,0.000273388220049,0.0015160343693746
BSU_03920,glcU,0.227011210252496,-0.931720917211643,3.5138986469198,-0.265153042484128,0.790891567165694,
BSU_03930,gdh,2.76077066775479,-1.57218891309822,1.95933181353056,-0.802410751584366,0.422315395798406,
BSU_03940,cutI,568.834966786959,0.396214559926895,0.165015622915989,2.40107301918081,0.0163470741667527,0.0533884381323292
BSU_03950,cutJ,1089.03340593985,0.261233346301446,0.148817343548135,1.75539584347539,0.0791916225504696,0.187628096579337
BSU_03960,cutR,501.747827875258,0.140678408933998,0.179112321300441,0.78542005325265,0.432207327098807,0.622084817887361
BSU_03970,ycnL,57.8514398809884,0.630872538819895,0.469768193280003,1.34294434541222,0.179289995716024,0.343756476774696
BSU_03981,mtlA,127.389477943824,-0.693386872159869,0.260007191578841,-2.66679882179188,0.0076577495899545,0.0285343972602344
BSU_03982,mtlF,49.7236626807812,-0.72007553053004,0.432106532005812,-1.66643056097184,0.0956276880267579,0.216557846698894
BSU_03990,mtlD,170.398063723066,-0.891477074713067,0.239036660739945,-3.72945753154966,0.0001918924436069,0.0011002010130004
BSU_04000,ycsA,319.361125922774,0.353175940641832,0.188967263254772,1.86897949707653,0.0616256669342729,0.154287179399377
BSU_04010,sipU,75.6138027264978,0.729312111252008,0.33916915175243,2.1502902238714,0.0315322652109312,0.0914039335828042
BSU_04020,yczH,324.576655096948,0.208111712054075,0.188585225828811,1.10354197228042,0.269791874852098,0.454094072243308
BSU_04030,ycsD,219.955269739877,-0.174404157766185,0.219766652681274,-0.793587906255831,0.42743537523354,0.617786992546806
BSU_04039,yczO,12.8365251184635,-1.1916453145872,0.867044902409431,-1.37437554995795,0.169325122657323,0.330295387288792
BSU_04040,ribZ,358.554002741436,0.241376536732525,0.190515792366781,1.26696340357878,0.205168375823609,0.375508786615432
BSU_04050,pxpA,11.8689652058278,2.17833492119757,1.18270400162461,1.84182594986177,0.065500612975478,0.161360857247008
BSU_04060,pxpG,26.3121449068566,-1.42716186817848,0.774419339143117,-1.84287994377518,0.065346541207115,0.161220051432149
BSU_04070,pxpI,33.0415606231202,0.0526950582118166,0.516086937264638,0.102105002872405,0.918673330053428,0.960799443953585
BSU_04080,pxpB,18.595229778922,0.321162424101923,0.668573247026304,0.480369840597715,0.630964435653986,0.779040265437149
BSU_04090,pxpC,45.1712467762535,0.39259558044649,0.460798326931933,0.851990030129782,0.39421962559837,0.588423468485737
BSU_04100,pxpR,27.7009388519501,-0.468392257468524,0.592178120479871,-0.790965152662112,0.428964326795547,0.6189193328218
BSU_04110,lipC,10.6987614365292,-0.761494369073834,1.02472919078285,-0.743117670427716,0.457410442304558,0.646699845369967
BSU_04120,yczI,54.0748205134905,-0.033258901759545,0.426311233967371,-0.0780155414860368,0.937815690354115,0.970405874973963
BSU_04130,yczJ,208.553094099197,-0.527669215252629,0.236858263260135,-2.22778470123757,0.0258948755267493,0.0784023547130096
BSU_04140,pbpC,1352.0210387086,-0.0822890454879967,0.116476502191906,-0.70648623490099,0.479885809967419,0.664444962366497
BSU_04150,ycsN,2528.87748656135,-0.937196805176039,0.122314509517981,-7.66218831166765,1.82791349639057e-14,3.89111226847038e-13
BSU_04160,mtlR,4051.46636224399,-0.508355568472071,0.111219265483906,-4.5707509958842,4.85979461097082e-06,3.88689931216568e-05
BSU_04170,ydaB,105.057368554616,0.687956930700132,0.285233378762459,2.41190892063534,0.0158692452268356,0.052142262628649
BSU_04180,ydaC,1.67864963313797,-0.832971341890206,2.47499600057922,-0.336554621379293,0.736452669268103,
BSU_04190,ydaD,4.09617625800929,-0.503654233647535,1.37480889709182,-0.366344904162994,0.714107726324515,0.837598522738927
BSU_04200,lyxE,10.7016451964832,-1.078796879944,0.850056956403089,-1.269087761494,0.204409764769531,0.374450544377018
BSU_04210,ydaF,517.535614338571,0.121831641363576,0.158230050877501,0.769965254311245,0.441320503739097,0.630826932169762
BSU_04220,ydaG,607.908231244893,0.0201589155307267,0.134790740720535,0.149557124049958,0.881114037671169,0.940232485957075
BSU_misc_RNA_64,bsrC,0.0,,,,,
BSU_04230,amj,79.7306119278159,-1.07536941976325,0.357446129252187,-3.00847968898987,0.0026255835170286,0.0112505688260342
BSU_04240,ydzA,18.6074529721075,0.846797177494824,0.643135355829435,1.31667023095431,0.187949186274231,0.355110183078896
BSU_04250,lrpC,157.743128791076,0.160040105425213,0.235579525162327,0.679346413127102,0.496918394792121,0.677705039484629
BSU_04260,topB,793.809751811928,0.0841432925433174,0.12841466069403,0.655246777031193,0.512308881790178,0.690901289249847
BSU_04270,epsJ,51.0165675259344,0.155538496191752,0.450741524740106,0.34507248091117,0.730039881294049,0.850279334245679
BSU_04280,epsK,18.6406021589206,0.491091677331157,0.670695498470342,0.732212574038728,0.46403883079188,0.651741279321056
BSU_04290,ydaL,30.854353655558,0.0129673491799566,0.487215593338811,0.0266152178978786,0.978766635432255,0.987178657270632
BSU_04300,ydaM,11.061996427634,1.02773335756332,0.965581652641953,1.06436711463118,0.287162425137638,0.474526762239783
BSU_04310,ydaN,52.1405423879602,0.697142206164981,0.421051900387647,1.65571561492336,0.0977794235889041,0.219990453830645
BSU_misc_RNA_7,swaO,29.0984851662157,-0.943257573205309,0.552224089038668,-1.70810653125865,0.0876165772507318,0.20282443604219
BSU_04320,kimA,672.911352256766,-0.706717977060279,0.152328527590915,-4.63943286419863,3.49366604502117e-06,2.88314269441011e-05
BSU_04330,nudT,21.6821252412609,-0.791525832767695,0.574394685670353,-1.37801733287963,0.168197936733225,0.32871451759869
BSU_04340,poxB,64.5629595705195,-1.21062158929529,0.370296173769005,-3.26933323931801,0.0010780125993623,0.0051396471770182
BSU_04345,BSU_04345,15.3412402667774,0.555753833595347,0.667389065426515,0.832728407439783,0.404997919475125,0.597729741390089
BSU_04359,ydzK,503.499169675373,-0.105585034160031,0.21044382876354,-0.501725495018763,0.615860628076435,0.764713570788299
BSU_04360,mntH,515.161041334326,-0.317544058432144,0.160376399597635,-1.97999243796983,0.0477043784066071,0.126376640829167
BSU_04370,ydaS,32.9509022437803,-1.37347584461009,0.501867723238306,-2.73672878532161,0.006205342915755,0.0239167859269257
BSU_04380,ydaT,13.9356808501264,-0.141311835508744,0.828580987177758,-0.170546799522964,0.864580132718126,0.930724100340493
BSU_04390,ydbA,69.6080896395824,-0.0666181140838118,0.361837315160155,-0.184110679835012,0.853926628400185,0.926608921854463
BSU_04400,gsiB,379.570872018446,-1.98283052313757,0.595371707149962,-3.33040770887377,0.0008671890577756,0.0042299668376342
BSU_04410,ydbB,25.480599632686,0.768748756078243,0.690812539443189,1.11281818465234,0.265786523777407,0.44958429511003
BSU_04420,ydbC,44.077627058882,0.143963835720751,0.468731146379171,0.307135202840339,0.758740463790629,0.866684552887975
BSU_04430,ydbD,84.1393115605497,-0.308074594087896,0.305800427665114,-1.00743676665251,0.313724930421252,0.505344270926899
BSU_04440,dctB,118.432014726232,-0.166670905306634,0.287760077693087,-0.579200932397573,0.562453601767266,0.7262037016908
BSU_04450,dctS,296.906589841657,-0.0364914249093014,0.184717564692405,-0.197552544448426,0.843395166983317,0.919986834816495
BSU_04460,dctR,120.275082392593,0.0919320206994326,0.284305622974868,0.323356322458523,0.746425403819743,0.857976687893497
BSU_04470,dctP,516.108458668458,-0.453359304697772,0.185775990529766,-2.44035466265019,0.014672848731274,0.0489212811915811
BSU_04480,ydbI,297.382923031973,-0.498477031876632,0.195354579202749,-2.55165266107884,0.0107213343123026,0.0376835382983642
BSU_04490,ydbJ,77.017676880925,0.474182702839357,0.353542279239025,1.34123337061695,0.179844694944663,0.344501766827548
BSU_04500,ydbK,71.6541866374329,0.682301052862206,0.363923038721823,1.87484984533707,0.0608133835987482,0.152624177191822
BSU_04510,ydbL,188.727574239784,0.924838523662217,0.285532013560012,3.23900116183588,0.0011994908485375,0.0056516305474225
BSU_04520,ydbM,409.952767170677,0.0732916459017681,0.162374150414578,0.451375084732624,0.651719237348722,0.795697166322582
BSU_04530,fbpB,21.8780010715549,-0.186352394959367,0.721607776177738,-0.258246101429853,0.79621698043922,0.888466851022366
BSU_04536,fbpA,0.412294013831614,-0.0659788545302042,3.48744135267738,-0.0189189861155804,0.984905733521231,
BSU_04540,ydbO,90.8591473346811,0.0941303525212304,0.309401773711189,0.304233396570946,0.760950083179261,0.867537433473527
BSU_04550,ydbP,161.535205452429,-0.0388158946801462,0.265348895409762,-0.146282480732415,0.883698395432437,0.941289516806704
BSU_04560,ddlA,1005.93289192327,-0.259505421141891,0.134109714259418,-1.93502329473248,0.0529874371718941,0.13670034288411
BSU_04570,murF,229.504447469569,0.0566867316868371,0.210603061040644,0.26916385453627,0.787803594024885,0.884749048596261
BSU_04580,cshA,5662.16515655769,0.0103721174970825,0.109731620265273,0.0945225949640428,0.924694034611307,0.963175430846586
BSU_04590,ydbS,118.524103500277,-0.584589234673871,0.308627332170634,-1.89415898638123,0.0582039101737213,0.147050779751136
BSU_04600,ydbT,390.107280402465,-0.0179903517504374,0.177993652317356,-0.101072996234502,0.919492514132294,0.960929865599987
BSU_04610,ydcA,129.534916225437,0.105844445520244,0.266947918870901,0.396498485427157,0.691737324959109,0.820344528789564
BSU_04620,acpS,56.56351794329,0.198544041132156,0.367182520713348,0.540723019021801,0.58869850985212,0.743440071310055
BSU_04630,ydcC,686.890050650927,-2.10602162269655,0.155856919203064,-13.5125320933146,1.31905339968763e-41,1.16497673661774e-39
BSU_04640,alrA,191.073352825871,0.0428952083750279,0.209513042585678,0.204737651869507,0.837777101535838,0.916850184148501
BSU_04650,ndoAI,632.657508314418,-0.0526887694826258,0.141281786231189,-0.372933913763006,0.709197630351094,0.833846217546444
BSU_04660,ndoA,1302.86029491541,0.0267312006186263,0.129356256155388,0.206647914937456,0.836284837124233,0.91644645312179
BSU_04670,rsbRA,461.558373540459,-0.0361945623973905,0.147943688080596,-0.244650940279876,0.806726717698141,0.896099171839706
BSU_04680,rsbS,303.688032785748,-0.137745876475332,0.18154326449969,-0.758749584320531,0.448002369424569,0.638618762184541
BSU_04690,rsbT,292.287962281876,0.024833632977803,0.184697784883616,0.134455499796338,0.893042397511905,0.947412106387343
BSU_04700,rsbU,649.304176596538,-0.0970193445279126,0.158902072195885,-0.610560599916614,0.541490513229896,0.711531218872206
BSU_04710,rsbV,264.219216173074,0.0716303614734572,0.226437338369657,0.316336351545173,0.751747222164422,0.861779265176613
BSU_04720,rsbW,575.167475512377,-0.407336834331121,0.163566028776417,-2.49035106726179,0.0127616968907903,0.0433855886926049
BSU_04730,sigB,694.916958072451,-0.142525489986425,0.158099192812364,-0.901494102854643,0.367325667880877,0.562751553771888
BSU_04740,rsbX,611.146667716709,-0.121222512802364,0.151446410365011,-0.800431733642272,0.42346070118857,0.615040367611531
BSU_04745,BSU_04745,0.0,,,,,
BSU_04750,ydcF,4.89158577375264,0.27549274139015,1.40788885095275,0.195677905399788,0.844862279018847,0.920009776882906
BSU_04760,ydcG,118.254526726765,0.253107803528104,0.314073516524946,0.805887125818838,0.420307935127391,0.611960097760013
BSU_04770,ydcH,129.198398267611,0.171099066761098,0.286740919606955,0.59670265058656,0.550705922637519,0.717733213459448
BSU_04780,tex,267.629238442512,-0.191464157470016,0.223534120444028,-0.85653213518228,0.391703505707888,0.585997844364693
BSU_04785,cmpA,16.3890114328354,0.241199976048043,0.682254845931913,0.353533547597717,0.723688483065905,0.845491385647783
BSU_04790,ydcK,268.097980881898,0.112621476509622,0.184790680044595,0.609454310587763,0.542223348406195,0.711818190776127
BSU_tRNA_45,trnS-Asn,16.6312758031868,-0.28527452141001,0.64038490278316,-0.445473527202446,0.65597758671773,0.798522862893049
BSU_tRNA_46,trnS-Ser,258.949919768808,0.773852462130103,0.187305996592461,4.13148791927813,3.60422636584677e-05,0.000247701053719
BSU_tRNA_47,trnS-Glu,345.682802719605,0.62263881243154,0.223039136791141,2.79161236628436,0.0052446144106619,0.020615903805547
BSU_tRNA_48,trnS-Gln,112.257082555822,0.36333387525749,0.278493169717176,1.30464196169146,0.192014792741568,0.358548540112573
BSU_tRNA_49,trnS-Lys,39.5150642911799,1.221928507971,0.476206810099508,2.56596185114545,0.0102890143537147,0.036504015882282
BSU_tRNA_50,trnS-Leu1,1295.00636668186,0.793834668447325,0.121650418873764,6.52553995125233,6.77569939592059e-11,1.0455735387534e-09
BSU_tRNA_51,trnS-Leu2,469.996094568483,0.687130714898698,0.195376953830993,3.51694865451269,0.0004365382173093,0.0023142658238203
BSU_04800,ydcL,981.594805713934,0.579968938771967,0.134886744414034,4.29967333922565,1.71050045057693e-05,0.0001248868897002
BSU_04810,immA,558.476092795005,0.481079932888272,0.20706122582687,2.32337044739857,0.0201592602854898,0.0635874539856142
BSU_04820,immR,436.927641051504,0.264399565115338,0.156660270061059,1.68772570743231,0.091463894591566,0.209992603124774
BSU_04830,xis,43.6542592211798,1.33790734559392,0.578843858886055,2.31134411301975,0.0208138552416983,0.0651570988750297
BSU_04839,ydzL,126.813375437063,0.98975648623877,0.478407624893926,2.06885600215553,0.0385596013654236,0.107064150680852
BSU_04840,ydcO,87.2494948199275,0.28127220501396,0.537296736503454,0.523495092943212,0.600629764939109,0.751751757289385
BSU_misc_RNA_65,sncO,2.0995543553654,1.22579434274672,3.39767491659832,0.360774462782909,0.718268054655179,
BSU_04849,BSU_04849,37.8436784729383,0.37995497090806,0.878672332529055,0.432419409194834,0.66543661400645,0.805299247719104
BSU_04850,helP,31.8237404220317,0.750458852099292,0.64122130906622,1.17035856651762,0.24185670223018,0.420942210045064
BSU_04860,conQ,161.60090885304,0.439606743835351,0.420767981549772,1.0447723284842,0.296128206945775,0.485285506131824
BSU_04870,nicK,116.267372079836,1.42241159269863,0.394733880692824,3.60346973561545,0.0003139973230559,0.0017172633570559
BSU_04880,ydcS,31.4161274577344,-0.377468133982573,0.668909643462399,-0.564303621082107,0.572547517485831,0.732853760432835
BSU_04890,ydcT,37.1374879661174,0.909975896095054,0.628313092469438,1.44828415482893,0.147537597232688,0.299037385797309
BSU_04900,yddA,47.9054677030943,0.557215394805697,0.539354631442634,1.03311506441558,0.301550054343359,0.491068762486968
BSU_04910,conB,72.2528484189034,1.14523819139571,0.523933925291891,2.18584469550752,0.0288269695280043,0.0855942421393033
BSU_04920,conC,11.7737561183932,1.99334969497752,0.919793772105396,2.16717024558099,0.0302218752639351,0.0885328187865875
BSU_04930,conD,19.0821927474059,0.066747670433058,0.805824436466878,0.0828315293163755,0.933985498494786,0.968517063265515
BSU_04940,conE,52.1885660336063,0.294956307267551,0.519985005117651,0.56724002493267,0.570551118246071,0.731652051850307
BSU_04950,yddF,4.85515391945228,3.18266504205851,1.46810390815641,2.16787451104546,0.0301682356715752,0.0885328187865875
BSU_04960,conG,51.7157817574569,1.21353146068636,0.444084373604722,2.73265967643915,0.0062825210479648,0.0241469859908351
BSU_04970,cwlT,5.40378766611454,0.520484535582248,1.40870772856741,0.369476595483406,0.711772515091899,0.835804161286131
BSU_04980,yddI,7.67410611508791,0.350426047965897,1.04175856313161,0.336379330458766,0.73658483420043,0.852401351203229
BSU_04990,yddJ,690.793108573247,0.406994711934701,0.149066074156219,2.73029738146976,0.006327721701376,0.024253243255236
BSU_05000,yddK,330.267351203366,-0.164452844729324,0.195375477286804,-0.841727155388666,0.399940694493674,0.593972745203307
BSU_05010,rapI,255.647060117532,0.313838495632876,0.261867651063072,1.19846225510797,0.230737108795763,0.407223528321093
BSU_05020,phrI,51.3257407760519,0.417081171918727,0.522604170497657,0.798082364175464,0.424822694952809,0.616371550768651
BSU_05030,yddM,130.123411135381,0.726241391107197,0.349482891814792,2.07804561572664,0.0377051579393948,0.105325781027206
BSU_05040,yddN,80.0328584650087,0.714321179908744,0.356308469966747,2.00478304648612,0.0449862457481394,0.120944239702414
BSU_05050,lrpA,56.0101544102006,1.08893797622897,0.525036592404668,2.07402301474196,0.0380771734778575,0.106008281090937
BSU_05060,lrpB,35.771556692035,-0.824624986009651,0.574527485097963,-1.43530989795735,0.151198808479741,0.304969025266961
BSU_05070,yddQ,30.3896069110005,1.31780054695123,0.678116185756919,1.94332560500718,0.0519768296830736,0.13476316053369
BSU_05080,yddR,20.1924860684352,0.118044845088975,0.666614580511,0.177081102844295,0.85944468509113,0.928159505564483
BSU_05090,yddS,58.5613000782867,0.228560489163928,0.409717544563099,0.557848918595012,0.576947555148251,0.73576064799337
BSU_05099,ydzM,19.4836812855446,-0.264723916979753,0.707470464785628,-0.3741837011669,0.708267649273763,0.833811404462674
BSU_05100,yddT,274.094498492567,-0.168664847162867,0.1903158746748,-0.886236355485697,0.375490176733717,0.570728569616133
BSU_05109,ydzN,11.5985540271439,-1.71030828945041,1.08779579428194,-1.57226962858354,0.115888033491879,0.250678075573106
BSU_05110,sufLC,46.5392331215232,-0.82627869746164,0.507430090649447,-1.62835967493395,0.103448642852725,0.230002847606675
BSU_05120,cspC,3184.99730693398,-0.0508268085378038,0.118748816215913,-0.428019496593457,0.66863692592179,0.807069461907924
BSU_misc_RNA_66,sncZ,57.8240340115558,0.235144660761778,0.404204228362041,0.581747157160271,0.560737002459808,0.725341008791107
BSU_05130,cdnL,1852.44277802202,0.429869872596155,0.108408343738173,3.96528401572459,7.33086062654492e-05,0.0004631720313666
BSU_05140,ydzE,83.7934320208497,-0.220034136444286,0.337299143795193,-0.652341224375861,0.51418107159295,0.692287769267701
BSU_05150,ydeC,179.436427318891,-0.229019369594162,0.212696848511064,-1.07674077541515,0.281596090473553,0.46849914691612
BSU_05160,ydeD,71.3106449416217,-0.241481068882102,0.343282455273847,-0.703447161869853,0.481777124251515,0.665421987713574
BSU_05170,ydeE,122.19919795517,0.162074739786206,0.266697740467737,0.607709459787541,0.543380187842487,0.712660713976039
BSU_05180,ydeF,186.843605120077,-0.105439706471197,0.281397529747032,-0.374700185058426,0.707883454612797,0.833811404462674
BSU_05190,ydeG,13.942654581549,-0.136337360777499,0.75715192344582,-0.180066056171428,0.857100710252656,0.927966887913087
BSU_05200,ydeH,389.993568716124,0.0739098493431441,0.18742268226763,0.394348477190207,0.693323777303445,0.821417798960417
BSU_05210,ydeI,131.032334533373,0.0241681311714946,0.274195977415752,0.0881418152055873,0.929763961962338,0.965586741582604
BSU_05220,ydeJ,303.637667842004,-0.366486576395015,0.173214961558436,-2.11579053620825,0.0343626263550182,0.0978321412892186
BSU_05230,ydeK,59.4942106442631,-0.0644623455398491,0.501478643521116,-0.128544547953685,0.897718046449652,0.950376845399772
BSU_05240,ydeL,113.407996460817,0.003430479354376,0.296824300516466,0.0115572725966407,0.990778835909934,0.992931662931467
BSU_05250,ydeM,156.91654886309,-0.429069698471017,0.230940676458107,-1.85792171847583,0.0631801317027568,0.15694837025622
BSU_05260,ydeN,313.396226539367,-0.129050194804264,0.179728054953183,-0.718030331090376,0.472738585216885,0.660275190859788
BSU_05270,ydzF,108.498200461694,-0.514135736489575,0.332406590744932,-1.54670740835007,0.121933815879881,0.260497822808742
BSU_05280,ydeO,350.169090421673,0.0305110681070138,0.17606690005915,0.173292470627719,0.862421541727365,0.929847225898777
BSU_05290,ydeP,46.793266741143,0.512868950936655,0.569930305138301,0.899880119222998,0.368184051148119,0.563162029514885
BSU_05300,ydeQ,55.4538702336851,0.0608705046903963,0.389953355787581,0.1560968864275,0.875956652551508,0.937261190631539
BSU_05310,ydeR,12.4906236084655,0.922173035805995,0.78546807493891,1.174042669879,0.240377934850678,0.419071317751015
BSU_05320,ydeS,118.894328733509,0.31621263245461,0.274904661992047,1.15026289537337,0.250035608257422,0.431020685164685
BSU_05329,ydzO,47.015374695111,0.722511630824553,0.486202465170522,1.48603037331609,0.137271087239454,0.284337466632222
BSU_05330,aseR,17.2746819765774,1.41776715200972,0.835913216853601,1.69606978741912,0.0898726644987709,0.207026320940287
BSU_05340,arsF,145.202254841495,-0.102109657330904,0.240039973886875,-0.425386054153737,0.670555270632789,0.808209909522854
BSU_05350,ydfB,107.714982594134,-1.22546084549809,0.287944195323549,-4.255897029357,2.08212523068472e-05,0.0001495311735739
BSU_05360,ydfC,0.91791972816127,-0.447691643389001,3.14372206018094,-0.142408150217718,0.88675762505636,
BSU_05370,ydfD,60.3706812626624,0.300991507712896,0.359594484110294,0.837030380089414,0.402575491613424,0.596101674503943
BSU_05380,ydfE,36.6268511869007,0.816187621916419,0.730155952732056,1.11782642990508,0.263641131141791,0.446746467596824
BSU_05390,ydfF,540.247004746477,0.416386833052047,0.165522878993286,2.51558476740207,0.011883509667763,0.0410386427877573
BSU_05400,ydfG,710.375776660994,-0.125512437103657,0.150383472929383,-0.834615896672337,0.403934008762127,0.597148498759938
BSU_05408,ydzP,0.473657569992563,-1.15222799075587,3.46527431756452,-0.332507006708112,0.739506449812729,
BSU_05409,ydzQ,2.60254195299206,-3.22240130767892,2.18127618035181,-1.47730091984922,0.13959499154707,
BSU_05410,ydfH,87.4099466825648,0.366268700940749,0.322994035088664,1.13397976789326,0.256803034815165,0.438678764410597
BSU_05420,ydfI,53.8336703556396,0.692753916494553,0.403975041182488,1.71484335880447,0.0863739496440444,0.200861773093797
BSU_05430,ydfJ,19.5334502489061,-1.18332407004832,0.746219556862627,-1.58575858695454,0.112794083328984,0.245392159276003
BSU_05440,cesA,612.222455338744,-0.100387983878012,0.199867257247986,-0.502273285080685,0.615475298481396,0.764599260638668
BSU_05450,ydfK,15.7887009572555,-0.574820165473072,0.644490173121088,-0.891899038102283,0.372447050287837,0.567599175039146
BSU_05460,ydfL,159.191642603463,0.154665426627225,0.240272107691175,0.643709451394246,0.519763859939543,0.694654037593418
BSU_05470,mneP,49.4005234885025,0.103309489075491,0.437283907146716,0.236252666487515,0.81323661400251,0.901159953209936
BSU_05480,ydfN,663.628585743116,-2.76404916286617,0.247286082398482,-11.1775363015057,5.25280143999766e-29,2.86899720755662e-27
BSU_05490,ydfO,684.468879612326,-2.69544374606727,0.228600459810428,-11.7910687856994,4.33998090600037e-32,2.8148844907511796e-30
BSU_05500,ydfP,319.159261966619,-2.83298303327767,0.277861963490432,-10.1956489391007,2.07355050491503e-24,9.458580380112421e-23
BSU_05510,ydfQ,7.72173867814125,-1.86571906217645,1.16550376522699,-1.60078338469639,0.109424904916479,0.240202422161981
BSU_05520,ydzH,7.61041363999918,-0.600768573770302,1.04372197642212,-0.575602111809253,0.564884153315522,0.727771394602408
BSU_05529,ydzR,5.87093689329577,1.04505689290824,1.31886654290175,0.792390176650412,0.428133205473143,0.618253450990386
BSU_05530,ydfR,5.67064403456581,-0.289634243052374,1.46346608622917,-0.197909774457882,0.843115656529137,0.919986834816495
BSU_05540,ydfS,16.4549489397866,-0.236582502695941,0.812089016556341,-0.291325824968262,0.770802138130016,0.873754133832314
BSU_05550,cotP,1.59789538006878,-2.02125671431936,3.01023834814131,-0.671460688675167,0.501927094556841,
BSU_05560,ydgA,0.297936311320316,-0.0797743749994543,3.49941130992962,-0.0227965128800646,0.981812589621762,
BSU_05570,ydgB,1.5391064850329,1.18976185892225,2.95160088004072,0.403090359190379,0.686881752633321,
BSU_05580,ydgC,791.111144748597,0.322664380524175,0.126420175706945,2.55231713387382,0.0107009066653313,0.0376436131930426
BSU_05590,ydgD,513.834236394413,0.331089294696907,0.143366221420612,2.30939541696888,0.0209216491172965,0.0654451887610382
BSU_05600,ydgE,688.480169934605,-0.348171690311965,0.139016982831083,-2.50452630478264,0.0122615487260902,0.0419256085354204
BSU_05610,vmlR,411.30231694855,-0.132685963566577,0.189475835772388,-0.700279077939882,0.48375303510223,0.666907621623831
BSU_05620,ydgF,835.624272807735,-0.104711241014035,0.124800888931269,-0.8390264036637,0.401454493127184,0.595368917817414
BSU_05630,dinB,80.1482577487789,0.247926973544027,0.331194462534106,0.748584295905902,0.454107800278936,0.644444950071065
BSU_05640,ydgG,6.04044978134281,0.966763967351823,1.12034992010648,0.862912515100588,0.38818556915702,0.583402714544094
BSU_05650,ydgH,126.140682611953,0.932013153183425,0.800799472989231,1.16385335482852,0.244483445499236,0.424801499484022
BSU_05660,ydgI,17.4957286966898,1.44207147384223,0.750231066994855,1.92216976513467,0.0545843999005014,0.139777818622444
BSU_05670,ydgJ,12.2185963743876,1.44653176516887,0.773614182430927,1.86983615091367,0.0615065745142611,0.154081949794024
BSU_05680,ydgK,37.4474569979236,0.114889233946154,0.484205138114655,0.237273884357149,0.812444320928807,0.900850022608124
BSU_05690,ydhB,10.445536908043,-0.477500144538947,1.12396442211022,-0.424835639941744,0.670956494734512,0.808458754613341
BSU_05700,ydhC,190.672746364732,0.278779020455359,0.230377922551144,1.21009434136845,0.226242694255046,0.401167630864031
BSU_05710,spoL,48.4900124758163,-1.32737447133482,0.442117972290411,-3.00230833064375,0.0026794064189475,0.0114543934552535
BSU_05720,ydhE,203.147283489796,-0.499964701800309,0.214488632480086,-2.33096130092922,0.0197554003737874,0.0624084223375888
BSU_05730,ydhF,36.3036538526831,-0.163583834328434,0.45894068696316,-0.356437855642914,0.72151268378281,0.843661732502096
BSU_05740,phoB,154.236971401019,-1.03619319408466,0.275669867542106,-3.75881921126687,0.0001707171343515,0.0009911144401306
BSU_05750,fra,98.5653686638011,-0.416561694311979,0.297900670943212,-1.39832412257771,0.1620157571783,0.320709302836016
BSU_05760,ydhH,281.956509551458,-0.11238596032567,0.211436310718135,-0.531535761023997,0.595047566888863,0.74837915798005
BSU_05770,ydhI,108.213786278593,0.346631805733774,0.302222292008643,1.14694321001265,0.251405092652725,0.432169713469321
BSU_05780,ydhJ,198.470404908888,0.15065478484449,0.271354105426333,0.555196261386173,0.578760425839803,0.736821094265467
BSU_05790,ydhK,88.619385411504,0.140246917389044,0.333878429391038,0.420053843085464,0.674446120402666,0.810311388072783
BSU_05800,pbuE,32.7573534814917,0.913261618605394,0.469817016545717,1.94386662560684,0.0519115367957922,0.134677993274583
BSU_misc_RNA_8,aswA,0.288009461899987,1.03771951177196,3.51363265844462,0.295340922813294,0.767733458085253,
BSU_05810,gmuB,33.5450907968457,0.268970718085181,0.501157324217174,0.536699166285402,0.591475432028642,0.745963538084232
BSU_05820,gmuA,28.812069565143,-0.0877460072562425,0.549805661238481,-0.159594586673749,0.873200443531537,0.936767225544988
BSU_05830,gmuC,108.278280641444,0.355677850560281,0.292071185297414,1.21777795436444,0.223308364085432,0.397492718404215
BSU_05840,gmuD,127.975794902879,0.27190674819466,0.294834913558252,0.922233886459102,0.356406591089119,0.550388303426686
BSU_05850,gmuR,167.506743864537,-0.036203435121897,0.229009587775786,-0.158086984363914,0.87438825661571,0.937150956161067
BSU_05860,gmuE,228.871749796857,0.0157756399558131,0.212475642613128,0.0742468160669935,0.940813994787307,0.970793098605273
BSU_05870,gmuF,293.481694810996,0.0872279477296385,0.221379588779307,0.394019829066517,0.693566399555569,0.821417798960417
BSU_05880,gmuG,414.916381158261,0.132721847721921,0.159907576550588,0.829990989701067,0.406543877998766,0.598851539238068
BSU_tRNA_79,trnE-Arg,35.7981345204835,1.06340926906162,0.498194498951588,2.13452631713012,0.0327997217432366,0.0940273791133806
BSU_tRNA_80,trnE-Gly,82.0916609911978,0.669455280539437,0.37253478591292,1.79702756857697,0.072331243230905,0.175377915100167
BSU_rRNA_30,rrnE-16S,2582.80225995351,-0.175922225112619,0.148968770337858,-1.18093359241425,0.237629105216856,0.415519515816885
BSU_rRNA_12,rrnE-23S,4497.91677602611,-0.0418686805664798,0.149587384072987,-0.279894463199191,0.779558475246287,0.878588270152503
BSU_rRNA_13,rrnE-5S,0.0,,,,,
BSU_tRNA_21,trnE-Met,3.01434430665317,-0.868658948813158,1.72489131071663,-0.503602136213592,0.614540991124439,
BSU_tRNA_22,trnE-Asp,12.7281596507364,1.03872783220006,0.833388700789769,1.24639058726823,0.212621035216394,0.384738412024086
BSU_05900,thiL,430.038100389981,0.225599116752845,0.167353868607578,1.34803646088304,0.177646655861389,0.342035477576598
BSU_05910,tsaE,132.546596480253,0.351475674764385,0.306171650606982,1.14796936315818,0.250981211559382,0.431933254221805
BSU_05920,tsaB,139.379310676368,0.426578643194811,0.294644994977606,1.44777155718268,0.147680949863657,0.299181855970736
BSU_05930,rimI,73.8408085019552,0.980940223495681,0.386874837634338,2.53554929933912,0.0112271124486329,0.0391349814752105
BSU_05940,tsaD,243.980203225704,0.3057878768551,0.204106481998155,1.49817817573213,0.13408696427353,0.279134899046852
BSU_05950,ydiF,568.841177951438,-0.357656725923066,0.152990303442187,-2.33777381883694,0.019398984452729,0.0614696064605175
BSU_05960,moaC,371.516107078769,-0.172217419829143,0.186901286026661,-0.921435178378473,0.356823269494389,0.550622078688182
BSU_05970,rex,436.99238104595,-0.196046334161883,0.160187700519149,-1.2238538509918,0.221007365402027,0.394751107480127
BSU_05980,tatAY,1202.49368824033,-0.135381843593293,0.122356034624302,-1.10645824710638,0.268528226364544,0.452746006352243
BSU_05990,tatCY,2481.11625799331,-0.146592129104358,0.101067747739064,-1.45043431147619,0.146937444760248,0.298257864645374
BSU_06000,ydiK,81.188324159949,0.860032425323204,0.344908385958907,2.49350975602452,0.0126487108252991,0.0431073880425425
BSU_06010,ydiL,276.241358238663,0.0785625157805205,0.17794250918805,0.441505046427638,0.658847408960529,0.800842048197703
BSU_06020,groES,616.199485589329,0.90538727386069,0.142954570026173,6.33339160612301,2.39829814664467e-10,3.5302608534475304e-09
BSU_06030,groEL,4887.34617642427,0.609203290327819,0.0906828270927697,6.71795652890923,1.8429064990822797e-11,3.02367781726899e-10
BSU_06040,ydiM,55.2708002259131,0.756396474257482,0.418556211769837,1.80715625043315,0.0707379201608483,0.172218830843215
BSU_06048,ydzU,32.0568540256812,2.53116192506298,0.792741403196234,3.19292257835613,0.0014084070253781,0.0065394827319289
BSU_06060,bsuMA,529.411023449233,0.0850949604844259,0.153287368338505,0.55513354692417,0.578803318326994,0.736821094265467
BSU_06070,bsuMB,836.065832847951,0.267574788663277,0.119580642441077,2.23760955954994,0.0252465276156796,0.0768879942279428
BSU_06090,bsuRA,467.117520157787,0.390929746725475,0.14812783849405,2.63913759020509,0.0083117239305767,0.0305656949998345
BSU_06100,bsuRB,358.088558712924,0.422921350732627,0.197052954052687,2.14623197488097,0.0318544757335763,0.0920166518928847
BSU_06110,bsuRC,554.433083370067,0.689012265694216,0.169616887533961,4.06216784019375,4.86190993520824e-05,0.0003244660472837
BSU_06120,ydjB,17.3271434032287,-1.66121805896983,0.812714984854945,-2.04403522751131,0.0409500671497999,0.112572005787297
BSU_06130,ydjC,6.17603119837148,1.73352974833426,1.20583352473365,1.43761946634978,0.150542054534924,0.303939721972018
BSU_06140,gutR,848.201675159009,-0.242653445058994,0.135580210804145,-1.78974087456998,0.0734955781201197,0.177087095233197
BSU_06150,gutB,79.5643188824045,-0.410030988162339,0.324943069404285,-1.26185485018666,0.207001020952679,0.377365497573373
BSU_06160,gutP,46.2193951957693,0.0668553670206118,0.561390733000973,0.119088832591214,0.905204978081223,0.954718934924837
BSU_06170,ydjE,2088.60363330189,-0.0288207266028118,0.122928997937935,-0.234450187394864,0.814635500223308,0.902200511857528
BSU_06180,pspA,756.978377813696,-0.0742078809005936,0.158079001384669,-0.469435410463002,0.638758442429082,0.784927855098614
BSU_06190,ydjG,463.662159640355,0.241947257790154,0.161168104659648,1.50121054225397,0.133301114092651,0.277777572589656
BSU_06200,ydjH,213.606165694698,0.676046352947619,0.266728422053879,2.53458685708064,0.0112580013780799,0.0392046675506793
BSU_06210,ydjI,273.537668924165,0.75712921636637,0.226657869639945,3.340405597075,0.0008365611621435,0.0041095448332046
BSU_06220,ydjJ,28.0443716529669,-0.998666294308573,0.654876669751236,-1.52496850237149,0.127266954088984,0.268301232312531
BSU_06230,iolT,2057.96071318134,-0.206653542450243,0.159613237641756,-1.29471430755679,0.195418802442496,0.362945614737718
BSU_06240,bdhA,5828.33837422367,-0.408793233306,0.0975719207907913,-4.18966061129936,2.7937198443984e-05,0.0001952311628635
BSU_06250,walM,228.249954739428,1.15328843106202,0.2728500532311,4.22682135262475,2.37015692770798e-05,0.000169046759569
BSU_06260,ydjN,75.1686340664183,1.68427856950013,0.375386389076582,4.48678646459,7.23054775446443e-06,5.64173002420712e-05
BSU_06269,ydzJ,5.51762861663526,0.18955675850146,1.34037304748902,0.141420896858949,0.887537446865585,0.943932344847308
BSU_06270,ydjO,763.494395112634,-0.392301144602963,0.129578807753021,-3.02751006438256,0.0024657750298571,0.0106730262241262
BSU_06280,ydjP,495.345197452383,-1.09818527188008,0.171962329976794,-6.38619674453284,1.70062179207442e-10,2.5484769165707302e-09
BSU_06290,yeaA,650.350541162735,-1.02344046537922,0.146411570200785,-6.99016111893137,2.7457073897650598e-12,4.80904277422563e-11
BSU_06300,cotA,88.6645850387767,0.0153584541019567,0.342691737050701,0.0448171124116844,0.964253085065401,0.981032979437863
BSU_06310,gabP,1884.74759096991,-0.246830211896279,0.114660331332317,-2.15270799437077,0.0313416348182892,0.0909148330752751
BSU_06319,ydzX,0.0,,,,,
BSU_06320,mneS,292.209073814791,-0.122565478173532,0.174448504816441,-0.702588298492429,0.482312356910124,0.66580598388225
BSU_06330,yeaC,275.752972758459,-0.150095547378158,0.181759753623215,-0.825790882668687,0.40892272691934,0.601288784782919
BSU_06340,yeaD,228.421795001189,0.202946632714787,0.220025865696383,0.92237624913989,0.356332354048918,0.550388303426686
BSU_06350,yebA,492.438955887317,0.319523950087065,0.147001741591588,2.17360656157933,0.0297346952241039,0.0876624430932211
BSU_06360,guaA,1124.85760552921,0.137691375126308,0.111847552492299,1.23106292500936,0.218299330590335,0.392617210260174
BSU_misc_RNA_9,gswC,2.22938597339182,1.55492635647808,2.22249245550675,0.699631781707686,0.484157289299522,
BSU_06370,pbuG,105.292574096799,0.396476687699313,0.273741816412137,1.44835996522501,0.147516405191671,0.299037385797309
BSU_06380,yebC,145.359023048183,-0.577314112053799,0.285675405929026,-2.02087439125659,0.04329276948242,0.117303058826061
BSU_06390,yebD,1081.91565364354,0.26814300065452,0.125361507911453,2.13895800331245,0.0324390697613393,0.0933804289731758
BSU_06400,yebE,77.3947281729191,-0.215648367371771,0.358060341602762,-0.602268227769875,0.54699560636859,0.715368230005046
BSU_06410,yebG,38.9856243685331,-0.742604686383719,0.545240915385415,-1.36197534966501,0.173205664631181,0.336284711826022
BSU_misc_RNA_10,gswD,35.3268701565807,-0.584701771831727,0.460466976528569,-1.2698017483029,0.20415525781682,0.374342370522107
BSU_06420,purE,82.0538308904685,-0.435651669788557,0.358936403680504,-1.21372941089681,0.224851069509886,0.399211629399288
BSU_06430,purK,154.792268606861,0.229481807275201,0.274857462826044,0.834912048287513,0.403767230570124,0.597148498759938
BSU_06440,purB,214.473131279016,0.268951126339566,0.265726838083786,1.01213384496286,0.311474061873739,0.502889471348848
BSU_06450,purC,134.547117494407,0.652303300254413,0.270806147744281,2.40874627732003,0.0160074220971902,0.0525271218382899
BSU_06460,purS,33.394730864223,0.722246412641392,0.524365247604614,1.37737276820066,0.168397027733771,0.328861874682104
BSU_06470,purQ,117.456043305188,0.331320922413584,0.276427036912878,1.19858363390846,0.230689885077997,0.407223528321093
BSU_06480,purL,475.197840058681,0.580620057578799,0.155335557101807,3.73784385501808,0.0001856051524651,0.0010700652609481
BSU_06490,purF,419.04944181921,0.471653543073703,0.18706550080653,2.52132831035213,0.0116912713464177,0.0405095720859599
BSU_06500,purM,139.229047859564,0.454884623943134,0.257611105588919,1.76578033351176,0.077432709165912,0.184408018214401
BSU_06510,purN,84.1285928801884,0.719125650080274,0.331590697359641,2.16871479147774,0.0301043437076703,0.0885008008006652
BSU_06520,purH,289.800033448319,0.323280609631464,0.184749391173603,1.74983315277985,0.0801471081926543,0.188707116340163
BSU_06530,purD,273.928110106138,0.338454515114042,0.188819113975895,1.79248015726442,0.073056084908041,0.176619573939009
BSU_06540,yezC,86.9413956786833,-0.186390084640331,0.33324499895282,-0.559318475074009,0.575944388793345,0.73561389473267
BSU_06550,yecA,8.54695904888575,-0.144304494767554,0.950876570681752,-0.151759438834519,0.879376674625029,0.938976460768213
BSU_06559,yezF,11.918142751546,-1.93630700105098,1.38931746954016,-1.3937109721163,0.163404901571762,0.321912068234719
BSU_06560,yerA,7929.32742650987,0.399431880177438,0.0929272801480445,4.29832746144183,1.72091787300777e-05,0.0001248868897002
BSU_06570,yerB,5858.9767257124,0.176783896486016,0.0918512515052894,1.9246759689043,0.054269908718994,0.139230155186986
BSU_06580,yerC,3411.82750617454,0.19429634834848,0.102022343527368,1.90444898275012,0.0568517350014028,0.144425674412988
BSU_06590,yerD,16.5669121954787,-0.118625691973113,0.764510097781288,-0.155165631320476,0.876690742319943,0.93733000139639
BSU_06600,pcrB,103.809728829153,0.11251950862849,0.269374795608725,0.41770614943474,0.676161975668147,0.811198948265456
BSU_06610,pcrA,373.807339180679,0.197394026888548,0.159277513934167,1.23930881398699,0.21523115583985,0.388107961725115
BSU_06620,ligA,673.470458477899,-0.107407183635785,0.131629701225321,-0.815979848286119,0.414511661400046,0.605988053214181
BSU_06630,yerH,553.62701361307,-0.0641065166692349,0.142033750735746,-0.451347066011833,0.651739427968388,0.795697166322582
BSU_06640,yerI,1682.62615144752,0.247095483103129,0.117661400117903,2.10005560749342,0.0357239497761886,0.100809052019686
BSU_06650,sapB,268.995735497269,0.230954563685615,0.182625042646934,1.26463797263618,0.206001134373893,0.376470891616556
BSU_06660,opuE,50.5410972987532,-0.338624737419,0.566592679343541,-0.597651098865827,0.550072760980232,0.717426639874359
BSU_06670,gatC,705.213937266685,0.298608878937565,0.170572505635961,1.75062726448342,0.0800101357241356,0.188527347423779
BSU_06680,gatA,1346.7376155357,0.548123896601413,0.109390959850844,5.01068733055075,5.42359733801515e-07,5.17548334485078e-06
BSU_06690,gatB,2513.74577941708,0.364223123075215,0.096034997262891,3.79260825174152,0.0001490732308533,0.0008777347252088
BSU_06700,yerO,271.655677638148,0.130614926890783,0.176382179383688,0.740522241800025,0.458983170436325,0.648104348988057
BSU_06710,srfP,6457.85157603197,0.253436042861841,0.0907725889816528,2.79198870171111,0.0052385185228494,0.0206114600837421
BSU_06720,dagK,305.892395412708,0.517063409845922,0.200464221568714,2.57933014579704,0.0098992127588413,0.0353324438193899
BSU_06730,rlmCD,256.659919190034,0.456004390303301,0.193448963315518,2.35723356945341,0.0184116621231745,0.0588804387313539
BSU_06740,yefB,18.4004950016248,-0.350918475868887,0.618502562226637,-0.567367861186484,0.570464280451966,0.731652051850307
BSU_06750,yefC,41.1530979843663,-0.0165767842227556,0.467381311910846,-0.0354673663672665,0.971707067861454,0.98405325240773
BSU_06760,yeeA,402.077505805165,0.539915052359834,0.169605410600195,3.18335983769148,0.0014557657485055,0.006736771039071
BSU_06770,yeeB,465.818850659019,0.329929805449386,0.162739424576605,2.02735020298711,0.0426266107322759,0.115724696631574
BSU_06780,yeeC,486.780674285198,-0.150677619531742,0.151143296717797,-0.996918968977336,0.318803843445036,0.51015988979967
BSU_06790,yeeD,33.3794324713444,1.06366221636179,0.569599751515057,1.86738532369895,0.0618477978179139,0.154563641626828
BSU_06800,yezA,22.5055149060684,0.0640733776986057,0.618160430478466,0.103651697099104,0.917445760222654,0.960241389481653
BSU_06811,yezG,160.121266823249,0.215098074376327,0.229317937895557,0.93799061839765,0.348249231397187,0.541416688962443
BSU_06812,yeeF,382.61037721118,-0.352808876843124,0.159654094675214,-2.20983293639194,0.0271167589615901,0.0815073616579004
BSU_06820,yeeG,58.8965734260487,-0.520287616844222,0.379785465159947,-1.36995136616169,0.170702083659054,0.332349277904412
BSU_06830,rapH,4043.08071404688,-0.0005699249950906,0.0953509079587706,-0.005977132334566,0.995230966788893,0.99595075774848
BSU_06839,phrH,276.814258085582,0.080425089525407,0.180278446811824,0.446115944239055,0.655513496094004,0.79819199832391
BSU_06840,yeeI,1345.57171867786,0.203775507105173,0.111638248618844,1.82531981311266,0.0679527819793549,0.166610748964148
BSU_06850,cotK,55.4308972187023,0.91564258122908,0.395363084370472,2.31595365735027,0.0205607991408567,0.0646085368915185
BSU_06860,yezE,645.469281310012,0.0093226570980421,0.193489361405464,0.0481817554739153,0.96157139032138,0.980301270056125
BSU_06870,yesE,40.8182868807407,0.319564637104114,0.559779021352831,0.570876408215183,0.568083423948593,0.729614570795362
BSU_06880,yesF,204.310140566694,-0.22538028476592,0.210749961933795,-1.0694202869499,0.284880330006806,0.471882781268256
BSU_06890,cotJA,25.5084507082557,-3.82963273146246,0.828831731095204,-4.62051896396636,3.82781351901579e-06,3.11757187003219e-05
BSU_06900,cotJB,40.8905079198967,-4.656747072541,1.48933068658871,-3.12673814786374,0.0017675728226955,0.0079925869139535
BSU_06910,cotJC,196.19353412044,-3.86388789041153,0.362129516229857,-10.6699059790503,1.4076875137395e-26,7.21396403646006e-25
BSU_06920,yesJ,556.843263912694,-0.886200351806952,0.180135350025699,-4.91963599415952,8.67053082322578e-07,8.03378871589513e-06
BSU_06930,yesK,7.11367129897877,0.122110433444674,1.21722016834407,0.100319101359284,0.920090993297252,0.961071392344462
BSU_06940,yesL,1341.01646718293,-1.28885403814963,0.128775455170113,-10.0085380125199,1.39803183827324e-23,5.92166342925736e-22
BSU_06950,yesM,2215.28046141609,-1.06172870230461,0.0966279947094819,-10.9877960884603,4.37478186770938e-28,2.3281691708797002e-26
BSU_06960,yesN,623.21481623537,-0.876530745569413,0.132785798694466,-6.6010880243773,4.0815110752554894e-11,6.516289412840601e-10
BSU_06970,yesO,275.706042723061,-1.3139305227327,0.199941506895721,-6.57157457264729,4.9785940879599e-11,7.828084870879381e-10
BSU_06980,rhgP,174.082405203248,-1.1043552958378,0.291959988090163,-3.78255699714838,0.000155225533942,0.0009100864285216
BSU_06990,rhgQ,115.381831922634,-1.51788675945084,0.304141283480342,-4.99072911799871,6.01518037036594e-07,5.68770244131868e-06
BSU_07000,rhgH,178.791413967522,-1.03083303724434,0.232411172090334,-4.43538504613572,9.19078652851532e-06,7.05193251014179e-05
BSU_07010,rhgR,487.142866871107,-1.24039817358663,0.157442577245118,-7.87841634258494,3.31556364106176e-15,7.399411115079221e-14
BSU_07020,rhgT,163.079055919808,-1.21707552157284,0.246861239448824,-4.93020096751617,8.21450677013544e-07,7.64538511274265e-06
BSU_07030,yesU,111.333218326432,-1.62942538373031,0.359664608561369,-4.5304023385784,5.88714641491575e-06,4.63710526913003e-05
BSU_07040,yesV,100.233276696007,-1.1190545335097,0.390962967154064,-2.86230315279126,0.0042057442109201,0.0169495574946888
BSU_07050,rhgW,485.690901101286,-0.832906669527848,0.226092634113551,-3.68391775695592,0.0002296763732326,0.0012988918600661
BSU_07060,rhgX,397.898786458537,-0.830924633971682,0.177978087841236,-4.66869064641769,3.03125410010549e-06,2.54196682212887e-05
BSU_07070,yesY,166.573368164968,-1.1037222635084,0.318660374334782,-3.46363198063917,0.0005329350844783,0.0027549359099246
BSU_07080,rhgZ,459.625230240553,-1.04817909511686,0.185409443368333,-5.65332097478206,1.57377019757014e-08,1.88262826804428e-07
BSU_07090,yetA,118.246467793595,-1.03237522398829,0.336483882888239,-3.06812681524836,0.0021540518528626,0.0094920055639413
BSU_07100,lplA,146.050830615011,-0.790974775536644,0.258337611500112,-3.06178713561537,0.0022001985591493,0.0096441649620157
BSU_07110,lplB,54.8505087831827,-0.468281617991619,0.399743414605302,-1.17145549090281,0.241415738529714,0.420350977616125
BSU_07120,lplC,31.2181935859279,0.0342905382366864,0.524915347526043,0.0653258442495531,0.947914565553227,0.974682527027854
BSU_07130,lplD,123.748139451975,-0.576745549837098,0.283987820018682,-2.03088128849737,0.0422670383405465,0.115279908602865
BSU_07140,yetF,78.6135056350709,-0.219170807521203,0.348723522254911,-0.628494476380613,0.5296800639863,0.70290982915829
BSU_07150,hmoA,316.165002166607,0.136864546509615,0.202286264192009,0.676588433012458,0.498667120108703,0.679345984762463
BSU_07160,yetH,88.2244368198014,0.78328600298017,0.407205372257616,1.92356500268525,0.0544091313547229,0.139484026339135
BSU_07190,yezD,9.54544188904169,-1.84429593251562,1.03090718212467,-1.78900289424174,0.0736143494439297,0.177246615163429
BSU_07200,calJ,458.135178532034,0.609219035855577,0.162875230148412,3.74040322337815,0.0001837252769819,0.0010607004516719
BSU_07210,yetK,58.4684999129069,1.09780482885585,0.511412235453235,2.14661432158136,0.0318239987947571,0.0920074538610709
BSU_07220,flvL,119.733300765027,0.817887239702211,0.369252774008832,2.21497926968221,0.0267614874492856,0.0806731549760235
BSU_07230,flvM,5.46451331220808,0.770918476285841,1.5150742845166,0.508832130651474,0.610869895615972,0.761172552501589
BSU_07240,yetN,38.0894478932716,0.964579011398703,0.524294519880448,1.83976557988561,0.0658026608082767,0.161816851312296
BSU_07250,cypD,11.5869569356049,1.99058874060697,1.2150678162767,1.63825320195434,0.101368885572159,0.226774167846567
BSU_07260,ltaSA,1368.00608665874,-0.0463788440244762,0.113407389561447,-0.408957866007021,0.682570582026053,0.816527517576411
BSU_07270,spmH,0.85344468434645,-0.848382809688008,3.45302084492942,-0.245692930274028,0.805919945306721,
BSU_07280,spmG,3.06360578632816,-0.3666116728175,2.08028154211744,-0.176231757766951,0.860111872131072,
BSU_07290,yfnF,6.79609253885766,-1.24189846906423,1.0174075321913,-1.22064996549556,0.222218579551483,0.396232527370363
BSU_07300,yfnE,30.4196321710696,-0.499419855271331,0.668995881052558,-0.74652156973758,0.45535240671713,0.645328726624379
BSU_07310,yfnD,92.316457987592,0.153513902890246,0.317716987897134,0.483178138840813,0.628969256198564,0.777446138924655
BSU_07320,yfnC,302.492401010952,0.383261641918304,0.185145432263167,2.07005723680794,0.0384469848161839,0.106822914305207
BSU_07330,pynN,372.443169641789,-0.020028786619777,0.182442774532905,-0.109781199453117,0.912582901574658,0.957082269943508
BSU_07340,mtrA,85.8042329038223,-0.0959934149290886,0.295580028279543,-0.324762858599849,0.745360556625778,0.857298883500583
BSU_07350,vdhT,1482.82531112105,0.619163580655954,0.132198993222485,4.68357258677402,2.8191755506092e-06,2.38614502469996e-05
BSU_07360,yfmS,835.018296911236,0.398172302481804,0.12944050927036,3.07610271874123,0.0020972558100812,0.0093009710124437
BSU_07370,ettA,620.6378830698,0.172527449786614,0.147197525714318,1.17208118104822,0.241164464672231,0.420089673879325
BSU_07380,yfmQ,515.362041086782,0.536742291799258,0.185016065056125,2.90105776293771,0.0037190531612071,0.0152096449972129
BSU_07390,copP,137.927770716878,0.163504678445543,0.245283915558569,0.666593559847591,0.505031783887126,0.68375307727184
BSU_07400,copO,8.31963697291743,0.366866554554679,1.29756795825716,0.282733981075981,0.777380765459044,0.877116401118466
BSU_07410,yfmN,0.278144338109236,1.02403539809626,3.48911112168653,0.29349463584905,0.769144099040317,
BSU_07420,ettM,170.008988292702,0.548577436615561,0.290759983044769,1.88670198309613,0.0592004208065846,0.149295836432644
BSU_07430,yfmL,96.2959657849599,0.378928037526188,0.369979858291906,1.02418558479262,0.305747626144759,0.496540843555123
BSU_07440,yfmK,469.635570242468,-0.232800891184971,0.154130716777436,-1.51041204538829,0.13093831694964,0.273993134705729
BSU_07450,yfmJ,1788.69823790384,0.0427618840695374,0.100896555784387,0.42381906634076,0.671697772047967,0.808882347482191
BSU_07460,yfmI,405.801399631982,0.668128538638549,0.19098249765479,3.4983757508828,0.0004681011383496,0.0024596048421383
BSU_07480,yfmG,1281.01293744698,1.71673406826954,0.147923122517298,11.6055829477828,3.86047800207625e-31,2.39176778904754e-29
BSU_07490,fecF,333.323133426198,-0.318635869810092,0.194512499012536,-1.63812542344416,0.10139553252788,0.226774167846567
BSU_07500,fecE,163.839333169563,-0.404883941608738,0.304713113331816,-1.32873816023743,0.183934370497778,0.349395339228938
BSU_07510,fecD,118.74891508453,0.109289667069926,0.276535700912495,0.395209973646435,0.692687932670732,0.82105871174078
BSU_07520,fecC,1424.4810286673,-0.663738885992218,0.150993460417052,-4.39581213755175,1.10359351126773e-05,8.35951946217585e-05
BSU_07530,yfmB,327.470225767946,-0.857604774085362,0.196248097566065,-4.37000299478906,1.2424483255874e-05,9.3431213759299e-05
BSU_07550,yflT,77.0293613329488,-1.4871410915654,0.374349138319356,-3.97260455371135,7.10910156004944e-05,0.0004519124131051
BSU_07560,pelA,9189.65501431589,0.333555555454569,0.101490310827159,3.28657536602312,0.0010141363220718,0.0048723146677317
BSU_07570,maeS,107.804499530595,0.957024776583007,0.371966201012766,2.57288101439668,0.0100855874598986,0.0359112941169047
BSU_07580,citS,1251.9649365686,-0.417105866750042,0.13897494748918,-3.00130256773449,0.0026882730299909,0.0114804746373378
BSU_07590,citT,547.5588166332,-0.14640901066928,0.153983452560906,-0.950810026885001,0.34170082165335,0.534284308788325
BSU_07600,yflP,1328.70492074543,-0.271264251939664,0.107900239042941,-2.51402827598657,0.0119360863510862,0.0410600070604764
BSU_07610,citM,432.729618620076,-0.971384114817393,0.181174673254492,-5.36158888749814,8.24931128300321e-08,9.03506362420748e-07
BSU_07620,yflN,321.869545493209,-1.01577801071832,0.191880331591704,-5.2938099610947,1.19793923306456e-07,1.26530426372799e-06
BSU_07630,nosA,136.875461908667,0.492502106101675,0.267144772810672,1.84357755130293,0.0652447300953003,0.161136345143841
BSU_07640,acyP,47.123641526721,-0.125782024624384,0.42743365953749,-0.294272624108472,0.76854958979723,0.872367882758627
BSU_07650,yflK,111.767062646562,0.380847184823054,0.291548384986442,1.30629152633024,0.191453437634816,0.358144758730113
BSU_07660,yflJ,144.315138137959,-0.718987096956077,0.276381710584731,-2.60142791444102,0.0092836573423358,0.0335391310948966
BSU_07670,yflI,26.799759716979,0.92514239508789,0.542541827767879,1.70520012971922,0.0881571058432949,0.203866376799731
BSU_07680,yflH,409.266260594834,-0.0138628284997415,0.154412646251009,-0.0897778053567356,0.928463785714059,0.964709642048831
BSU_07690,mapB,417.042740463987,0.232292055847665,0.176783141142821,1.31399439078865,0.188848091863804,0.356311597768087
BSU_07700,nagP,1996.54227449003,0.357286711947661,0.119872293139457,2.98056125056356,0.002877206928943,0.0121622056639946
BSU_07710,ltaSB,1747.8068264195,0.328468855060911,0.11619650506255,2.82683936908508,0.0047009902390426,0.0186913893508297
BSU_07720,yflD,1.72716690177566,0.439997084917381,2.42185238504004,0.181677912177998,0.855835501007793,
BSU_07735,yflB,51.3301746196067,0.485579849959565,0.401722453638848,1.20874460852543,0.226760978023119,0.401501262451867
BSU_07750,yflA,91.405179136407,-0.745661899131664,0.325419068971871,-2.29138968864826,0.0219408854166031,0.0681711192846702
BSU_07760,yfkT,5.70586858357799,0.835965973502136,1.21953855656107,0.685477280734315,0.493042792346043,0.67476897831995
BSU_07770,yfkS,2.03185111958085,0.440796779413155,3.08092887399397,0.143072689257421,0.886232773830805,
BSU_07780,yfkR,6.36122953596652,-1.49214622406514,1.28540406869787,-1.16083826121439,0.2457076800238,0.426393218971068
BSU_07790,yfkQ,6.79191526331623,0.58360260579044,1.14969875637351,0.507613496626971,0.611724423595456,0.761769449508992
BSU_07800,treP,462.607919958373,-0.930467383851229,0.185562592367617,-5.01430472585705,5.32255764155695e-07,5.09076884103753e-06
BSU_07810,treA,501.976777926056,-0.542892515940556,0.142712821130108,-3.80409070216341,0.000142326027271,0.0008415888022819
BSU_07820,treR,341.973604828109,-0.568540559858845,0.198341735226858,-2.86646962732561,0.0041507798668905,0.0167443024562317
BSU_07830,hypO,196.793926933058,0.0206673867558788,0.209492647573157,0.0986544730581132,0.921412617687356,0.961392752767276
BSU_07840,yfkN,3698.76366703847,-0.248838913259737,0.0953419793428151,-2.60996168712842,0.009055236358875,0.0328856396550221
BSU_07850,sufLB,64.7160059767523,-0.709587061193051,0.402456168832378,-1.76314122169312,0.0778766743077616,0.185252765072503
BSU_07860,yfkL,133.060879846971,0.713749767937876,0.281971090523758,2.53128704298052,0.0113644803714812,0.0394575485030273
BSU_07870,yfkK,223.618325995611,0.127646825792965,0.210036243631834,0.607737139008796,0.5433618268794,0.712660713976039
BSU_07880,yfkJ,42.998948163181,0.235732554378884,0.485019925482388,0.48602653621793,0.626948351688972,0.775465616168332
BSU_07890,yfkI,71.7912824763534,-0.192082806723953,0.328248112131974,-0.585175663239535,0.558429607104368,0.724000679185867
BSU_07900,rbn,116.402651386859,-0.822880093306532,0.324213485641919,-2.53808101682535,0.0111462177958254,0.0389788964367912
BSU_07910,yfkF,107.167101090153,-0.455411278265892,0.328036410587939,-1.38829490741488,0.165047262312231,0.323929638703579
BSU_07920,chaA,26.0366122200288,-2.35918509118223,0.826091628181598,-2.8558394864445,0.0042923207365873,0.0172482317304684
BSU_07930,yfkD,28.6262409195102,-1.17568821675423,0.544185152565719,-2.16045625502846,0.0307373665721696,0.089745160229124
BSU_07940,mscC,120.219650663858,0.0969591416995418,0.266632620822214,0.363643208398692,0.716124456933678,0.838926934498872
BSU_07955,yfkA,59.2089789192796,-0.675472252803346,0.438474363493523,-1.54050569210376,0.123437136397503,0.26267220082112
BSU_07970,yfjT,86.2356521782656,-0.524835950091206,0.326370707762943,-1.6080975945685,0.107813805959835,0.237568464080002
BSU_07980,pdaA,38.7781270920532,-0.0403291740772026,0.474134664484132,-0.085058480423661,0.93221489845659,0.967406010873326
BSU_07990,yfjR,242.728152772044,0.189143721814736,0.19868740760339,0.951966327892782,0.341114059051002,0.533721997406976
BSU_08000,yfjQ,171.821899602241,-0.359879704691847,0.220359427297702,-1.63314866581884,0.102437733405036,0.228374788492539
BSU_08010,yfjP,430.620035195041,-0.227135136361552,0.167613343086856,-1.35511369308977,0.17538133665628,0.339026737991425
BSU_08020,yfjO,555.35546230497,-0.0328995938808774,0.151485167372017,-0.217180298583839,0.82806783772212,0.909822550128247
BSU_08029,yfzA,949.303096955139,0.263143917593213,0.157253025186662,1.67337904807146,0.0942526997985589,0.214027875746071
BSU_08030,dusC,416.148611575036,0.424774367085975,0.160299835035412,2.64987401260979,0.0080521791715962,0.0298167669413879
BSU_08040,yfjM,79.5159325682617,0.524661334946596,0.341308749422561,1.53720446907452,0.124243246295245,0.26377263524226
BSU_08050,yfjL,113.940104361357,0.576993390024176,0.268401856507012,2.14973695611938,0.0315760274594687,0.0914669155507709
BSU_08060,acoA,15851.9969324503,1.34548565059328,0.388767071070336,3.46090435820337,0.0005383640424908,0.0027760858886702
BSU_08070,acoB,15795.025527332,1.29751589679355,0.397157288584094,3.26700764178173,0.0010869074640121,0.0051681018134184
BSU_08080,acoC,21074.3595080354,1.42089995305825,0.299003578076653,4.75211688836041,2.01297938909253e-06,1.7740716441875e-05
BSU_08090,acoL,23611.0126707272,1.34490298923356,0.360405754544657,3.73163572521958,0.0001902404656228,0.0010922381366536
BSU_08100,acoR,8676.2188269522,-0.411429899191957,0.0956556479972657,-4.30115636458516,1.69909106937607e-05,0.0001243902474246
BSU_08110,sspH,1914.03875433373,-0.480299604657268,0.12040393401886,-3.98906903309352,6.63331168911327e-05,0.0004229627775961
BSU_08120,yfjF,58.6268881526463,-0.308825569872314,0.379792933140983,-0.813141959536342,0.41613667174047,0.607378102811073
BSU_08130,yfjE,83.1801114395121,0.549781649166803,1.32669734310801,0.414398696147869,0.678582143657166,0.81386722863938
BSU_08140,yfjD,73.8160722570776,0.0091233439732134,0.319570858699499,0.0285487356711471,0.977224498406914,0.986972966639197
BSU_08150,yfjC,80.2850289234523,-0.433555417628569,0.381201093465635,-1.13734043542993,0.255395997250323,0.436814497151253
BSU_08160,yfjB,293.106531223488,-0.702187040195608,0.19521995670503,-3.59690193588448,0.0003220298187729,0.0017565647539112
BSU_08170,yfjA,83.2005613485452,-1.44547803778186,0.421519366061555,-3.42920908068262,0.0006053430055681,0.0030888779664591
BSU_08180,malA,820.860904304478,-0.58047812132885,0.142353430482849,-4.07772485257238,4.54785405796726e-05,0.0003047224074889
BSU_08190,malR,519.229257639037,-0.693024425821969,0.15704531247867,-4.41289469188135,1.01997616166561e-05,7.74025785571107e-05
BSU_08200,malP,761.086225065745,-0.52540806695663,0.151429002509187,-3.46966603656228,0.0005211058688149,0.002708097862313
BSU_08210,yfiB,141.648296561162,-0.241408908783742,0.250654103543563,-0.963115725499327,0.335489450931228,0.527107006364696
BSU_08220,yfiC,101.430386882972,0.100067380771755,0.299132050522113,0.334525774142539,0.737982845099204,0.852830398108796
BSU_08230,catD,1.50762350544795,0.763149824885639,2.5842379408601,0.295309426744057,0.7677575159731,
BSU_08240,catE,19.7317723088503,-0.178688972822411,0.673695466878136,-0.265237012281594,0.790826883958047,0.886742948489966
BSU_08250,yfiF,95.7119120790431,-0.0068031110432004,0.410373959010698,-0.0165778332026742,0.986773408670806,0.991070994288051
BSU_08260,yfiG,854.409217307082,-0.349706916321387,0.137698806209255,-2.53965103945746,0.0110963121486672,0.0388370925203351
BSU_08270,yfiH,552.29913117723,-0.280479350316743,0.160729801091784,-1.74503638038211,0.0809785364699859,0.190340829494287
BSU_08280,yfiI,1234.61264470088,-0.466314256625981,0.117544025420777,-3.9671455436097,7.2738576210641e-05,0.0004602710820889
BSU_08290,linJ,73.2644105012611,-0.0920916155036656,0.328940534033158,-0.279964327820974,0.779504873169738,0.878588270152503
BSU_08300,linK,92.5365579771197,0.122844491131896,0.296911213250152,0.413741501330223,0.679063429860142,0.813974096837843
BSU_08310,bifL,0.169680569554906,0.0601886817669237,3.49434826565142,0.0172245801480532,0.986257452974171,
BSU_08320,bifM,0.309965727285956,1.65152208843328,3.50020938550644,0.471835226564402,0.637044404808335,
BSU_08330,bifN,2.40071749761359,-1.62822222501123,2.01834756835348,-0.806710524262922,0.419833279303768,
BSU_08340,padR,329.889516679022,-0.115400640963406,0.197400916063749,-0.584600331470286,0.558816484763956,0.724000679185867
BSU_08350,estB,25.2487572323077,0.979729912707048,0.61038034799553,1.60511378835254,0.108468765411706,0.2386082910567
BSU_08360,icaC,44.7073493150747,-0.110900953213591,0.41880475036864,-0.264803474927097,0.791160859825546,0.886877863660772
BSU_08370,yfiR,221.782435498268,-0.0748559464128672,0.211974353320741,-0.35313680754389,0.723985879801574,0.845600840477303
BSU_08380,yfiS,52.0355960778769,0.0340346916674302,0.40944196840295,0.0831245800233532,0.933752481446284,0.968517063265515
BSU_08390,bstA,422.458732723083,-0.0227428852435668,0.166307665445941,-0.136751876003933,0.891226923549199,0.946401371105839
BSU_08400,yfiU,19.3893883360138,-0.809247935032551,0.647989876599867,-1.24885891625165,0.211716680468376,0.383771153111018
BSU_08410,yfiV,148.536204842459,-0.100963122029639,0.261634275591705,-0.385894095111595,0.699575103980871,0.826566670972552
BSU_08425,mprF,618.328636631156,0.213492978888821,0.138594175809977,1.5404181138285,0.123458468864372,0.26267220082112
BSU_08440,sxzY,733.585887345723,0.199558168261397,0.15119008764257,1.31991568609429,0.186863169781445,0.354025110799989
BSU_08450,sxzZ,76.8583158882371,0.0783759618572771,0.394739730386851,0.198550983911519,0.842613999261079,0.919960734069631
BSU_08460,sxzA,64.7622212647586,0.448388546963773,0.367194316275389,1.22112060859757,0.222040357853175,0.396154589221706
BSU_08470,yfhB,525.867757561375,0.168885823200258,0.14627591418227,1.15457028003814,0.248266443018739,0.428861425289548
BSU_08480,yfhC,902.669660464085,0.197737915209652,0.129897145683891,1.52226528280193,0.127942623288728,0.269042466702893
BSU_08490,yfhD,41.3508141631432,-2.15901791866547,0.455572004330866,-4.73913651001577,2.14630878948548e-06,1.87422198248426e-05
BSU_08500,yfhE,3.24889376961179,0.548427940521865,1.94433334849138,0.282064770913585,0.777893845614434,
BSU_08510,yfhF,37.4580966174164,-0.8568869508015,0.481495157842209,-1.77963773227043,0.0751352669403477,0.179865336256853
BSU_08520,recX,426.342356876655,-0.273759218997217,0.152233840331229,-1.79828097617175,0.0721324928740453,0.174998233734753
BSU_08530,yfhH,317.399684499848,-0.101609977534864,0.181854576978702,-0.558743030959096,0.576337107290465,0.73576064799337
BSU_08540,yfhI,22.1847305882535,0.886573300151576,0.797265965410942,1.11201699133689,0.266130844814404,0.449983355122033
BSU_08550,sspK,0.910775325044039,-1.37272393804892,3.43750550087196,-0.399337233846089,0.68964473542469,
BSU_08560,yfhJ,208.457483257831,-0.161656535156198,0.260149899185212,-0.62139764675099,0.534338020016402,0.706833137691188
BSU_08570,yfhK,48.0613362858819,-0.799679317382799,0.415146341781053,-1.92625885597843,0.0540720600832251,0.138808362031829
BSU_08580,spdL,188.039840558291,-0.820258724796534,0.277453597500822,-2.95638165150879,0.0031127166283303,0.0130119705178242
BSU_08590,ephM,952.696251847992,-0.778265533526072,0.134390025300002,-5.79109596704616,6.9928604643395e-09,8.58797745191516e-08
BSU_08600,csbB,280.794570531886,-1.31301195594408,0.217203384776199,-6.04508054649783,1.4933537762409802e-09,1.96790842069089e-08
BSU_08610,yfhO,122.441938765026,-0.7106322702117,0.347578743126228,-2.04452166383956,0.0409020394697284,0.112572005787297
BSU_08620,yfhP,375.774833804038,-0.0455254525752161,0.208235305497754,-0.218625042791829,0.826942143350164,0.908826274039326
BSU_08630,mutY,213.154652817223,0.134137790580899,0.240745884806751,0.557175839946642,0.577407295001461,0.735897353868917
BSU_08640,yfhS,0.283186174681154,-0.602544843446675,3.48850260376345,-0.172723059686595,0.862869117201459,
BSU_08650,fabL,243.52293394365,0.366947017594604,0.1868312924975,1.96405544643713,0.0495236622362709,0.129862742857082
BSU_08660,sspE,188.286687921512,-0.0252707651833697,0.212082875826167,-0.11915514199309,0.905152444882916,0.954718934924837
BSU_08670,ygaB,424.761464060066,-2.42237536976245,0.211293329987063,-11.4645141420733,1.9887253079212597e-30,1.1793141075973099e-28
BSU_08680,ygaC,651.476783128024,-0.718531273516394,0.139957076427903,-5.13394028980404,2.83738147544981e-07,2.8587307049981e-06
BSU_08690,ygaD,289.737661194058,-0.265288734888392,0.178440926543839,-1.48670341511153,0.137093160332837,0.284110688238445
BSU_08700,ygaE,162.116489262975,-0.324195757249956,0.279707887201307,-1.15905118190904,0.246435323143642,0.427298674339707
BSU_08710,gsaB,452.436236077694,0.0885355846162751,0.158684806624521,0.557933594901541,0.57688973003605,0.73576064799337
BSU_08720,bcp,527.651447691207,-0.159795766563871,0.159422245230026,-1.00234296872,0.316177976483171,0.507886461935169
BSU_08730,perR,2593.67552390301,-0.52594744456351,0.130314172269327,-4.03599574324509,5.43712017508458e-05,0.0003565479596647
BSU_08740,ygzB,1130.69960308058,0.0883470022984281,0.118842676411518,0.743394586575178,0.457242820789167,0.646683117238785
BSU_08750,ygxA,364.237505154766,-0.870226273101827,0.18122490337506,-4.8019132961038,1.57156742975934e-06,1.40594318985582e-05
BSU_rRNA_22,rrnD-16S,2519.09772758638,-0.107754822603248,0.151084088178517,-0.713210927122436,0.475715245599458,0.662115611085708
BSU_rRNA_17,rrnD-23S,4402.24835639207,-0.112886016899326,0.15163579638622,-0.744454934716091,0.45660129513787,0.646216152784623
BSU_rRNA_18,rrnD-5S,0.0,,,,,
BSU_tRNA_29,asnTA,0.124536168546466,0.736143942618979,3.52856182867337,0.208624356993554,0.834741494813912,
BSU_tRNA_30,trnD-Ser,35.9110019340553,1.06990596497313,0.573138181745473,1.86675046097046,0.0619364434031843,0.154599023792314
BSU_tRNA_31,trnD-Glu,71.8849972497978,0.791037777400286,0.331962943647087,2.38290987755924,0.017176398769046,0.0555722769215197
BSU_tRNA_32,trnD-Val,6.72940214393676,-0.0938830999502095,1.4166182583338,-0.0662726880709791,0.947160727170334,0.974682527027854
BSU_tRNA_33,trnD-Met,12.262386284181,0.290580648178118,0.844457958602593,0.344103155424067,0.730768709965741,0.850650845504147
BSU_tRNA_34,trnD-Asp,74.7828039523013,0.381832403811832,0.355808646144664,1.07313975629639,0.283208415636513,0.470615745919602
BSU_tRNA_35,trnD-Phe,27.7704123842792,0.440648652544268,0.531233905125823,0.829481417305057,0.40683204768505,0.599063437368088
BSU_tRNA_36,trnD-Thr,39.4839529911743,1.14349609807266,0.492686577062657,2.3209402311913,0.0202900698454714,0.0639514653975337
BSU_tRNA_37,trnD-Tyr,123.472980169313,0.91560826351157,0.290203318151709,3.15505787233252,0.0016046627202087,0.0073520474079321
BSU_tRNA_38,trnD-Trp,86.3929751958613,0.935959307528578,0.332190492339089,2.81753791608576,0.0048393400431656,0.0191680348465464
BSU_tRNA_39,trnD-His,66.0045964952532,0.682738810159903,0.364830042714528,1.87138867479215,0.0612912275115587,0.153728027432314
BSU_tRNA_40,trnD-Gln,241.860807807806,0.818033838983613,0.207092969963059,3.95008019407675,7.81250129483854e-05,0.0004891356391383
BSU_tRNA_41,glyTB,51.8681200638717,1.01440453099447,0.461845440659404,2.19641560073895,0.0280622100331048,0.0838030459333942
BSU_tRNA_42,cysTA,4.31560159587384,0.990754752891529,1.24679330113978,0.794642345275526,0.426821578768297,0.617514819565103
BSU_tRNA_43,leuTA,32.8267022977121,1.24781009360847,0.789262902479032,1.58098155847584,0.11388225441337,0.247629773740126
BSU_tRNA_44,leuTB,3.98938104542384,3.29544579254503,1.86568288794448,1.76634829736569,0.0773374334584737,0.184286846318097
BSU_08760,spo0M,1258.17130312898,-0.35386960303391,0.10893175489539,-3.24854403909805,0.0011599725130091,0.0054841069493178
BSU_08770,ygzA,15.660481889508,0.879422058219039,0.663411686640269,1.32560531556614,0.184970464608579,0.350599268762654
BSU_08779,ygzC,22.308858725788,0.30310585084776,0.59730981481174,0.507451649598781,0.611837953423989,0.761769449508992
BSU_08780,ygaJ,431.3514202034,0.234636713224699,0.166780487166429,1.40685950263808,0.159469054202352,0.31702875670209
BSU_misc_RNA_11,tswD,185.366418988683,-0.291442282564785,0.222823129079252,-1.30795345962998,0.190889095344487,0.357733920891632
BSU_08790,thiC,1136.83602669089,0.480298550225741,0.118618607939539,4.04909953479267,5.14150758254699e-05,0.0003414783676024
BSU_08800,ygaK,4.17528528443151,2.03866956491978,1.5737886758841,1.29538965183781,0.195185846009797,0.362891466437441
BSU_08810,senS,0.0,,,,,
BSU_08820,katA,1330.57485992266,-0.729686930963568,0.134868369901913,-5.41036368641701,6.28968837071385e-08,7.0563503856306e-07
BSU_08830,ssuB,0.076965790185161,-0.609019383111511,3.52627986358419,-0.172708748786743,0.86288036660074,
BSU_08840,ssuA,0.159789617230934,-0.629103058843526,3.52910956685065,-0.17826112987615,0.858517903709091,
BSU_08850,ssuC,0.294216738101372,0.727064305443566,3.48942094446468,0.208362452399708,0.834945971545397,
BSU_08860,ssuD,7.29604117774082,1.77044555097605,1.2693509819092,1.39476439236149,0.163086899830168,0.321912068234719
BSU_08870,ygaN,309.063962969191,-0.186121744753464,0.208248815254245,-0.893746956141059,0.371457295655484,0.567090560597982
BSU_08880,rpsNB,5.4527306505075,0.806330524973053,1.34934278660943,0.597572783561669,0.550125028841263,0.717426639874359
BSU_08890,ygaO,197.559123045658,0.52804715341739,0.229479368451122,2.30106591708641,0.0213879054717995,0.0667026263061156
BSU_08899,ygzD,37.3406046270927,-0.0237688020030265,0.476045992260924,-0.0499296336686701,0.960178462494803,0.979769124340199
BSU_tRNA_82,trnSL-Gly1,0.609057714875203,0.342282956356818,3.46800263675745,0.0986974325592929,0.921378507434331,
BSU_08900,yhzB,89.9124205716123,0.201757364144308,0.310841416907222,0.649068474052565,0.516294117994657,0.693423599682111
BSU_08910,queG,26.1610204588958,-1.38128108925499,0.67668492696684,-2.04124701793849,0.0412262804062001,0.113063035930732
BSU_08920,yhbB,35.0109527924701,-2.50056666509594,0.658094143567369,-3.79970964570658,0.0001448657174974,0.000855387757229
BSU_08930,trmL,151.281498563288,0.299125420537828,0.237803829929222,1.25786628679134,0.208440117940903,0.379322634621959
BSU_08940,yhbD,135.196900723461,0.315448380329332,0.242139562253852,1.30275440078076,0.192658622942707,0.359589003523012
BSU_08950,yhbE,247.841097265552,0.317200692512726,0.184715362959753,1.71724044730291,0.0859352480855438,0.200065740214858
BSU_08960,yhbF,399.345580447555,-0.0074257518949329,0.17522369958402,-0.0423786959901063,0.96619681122656,0.981807334981995
BSU_08970,prkA,977.812633048957,-4.79031439192973,0.226795016424604,-21.1217797791524,5.01688153250819e-99,2.97501074877736e-96
BSU_08980,yhbH,303.206670740622,-3.01448598409663,0.218034507114497,-13.8257288903064,1.78297256015414e-43,1.76217121361901e-41
BSU_08990,yhbI,6.70206448284821,-0.182865547818684,1.17272319731338,-0.155932404370967,0.876086302724578,0.937261190631539
BSU_09000,yhbJ,16.4848840619056,0.962629377031753,0.689515934579029,1.39609446099236,0.162686051592175,0.321599919293799
BSU_09010,yhcA,45.6394100513354,0.0332403326581347,0.452421604854566,0.0734720276429327,0.941430502606825,0.970901370514517
BSU_09020,yhcB,21.9565257895251,-0.547731772006323,0.875088097942546,-0.625916148664479,0.531369941829241,0.704605985218672
BSU_09030,yhcC,23.1530056659373,-0.653408929011584,0.626882539615162,-1.04231476827016,0.297265767580825,0.48634446546459
BSU_09040,yhcD,0.0,,,,,
BSU_09050,yhcE,53.4358607153308,0.581715281184699,0.379281334240264,1.53373031749619,0.125096012010699,0.264935482579802
BSU_09060,yhcF,59.457254318797,0.67299414356208,0.372507398136154,1.80665980576336,0.0708153383996579,0.172306254218628
BSU_09070,yhcG,60.9004259465841,0.221159668493104,0.386466876593843,0.572260345937828,0.567145610051038,0.729159372457889
BSU_09080,yhcH,79.1277353511494,0.323004179194488,0.365868183302248,0.882843040023653,0.377321082429885,0.57225422475939
BSU_09090,yhcI,121.78172214598,0.403544573116375,0.267872881998498,1.50647788647243,0.131944539707938,0.27577556803523
BSU_09100,cspB,6981.61636962524,0.416322758682645,0.100023319931299,4.16225695136489,3.1511747127323e-05,0.0002183727250843
BSU_09110,yhcJ,159.206148906021,-0.182443892829939,0.294569846936958,-0.6193569868982,0.535681210505278,0.706993506955425
BSU_09120,dgcK,66.6968162103757,-0.162578092668695,0.366609857656416,-0.443463505613268,0.657430510378448,0.799822405797462
BSU_09130,tcyP,96.4074913368877,-0.0821343512212102,0.276854450778646,-0.296669788006693,0.766718624813233,0.871958633314995
BSU_09140,yhcM,59.3406955181299,-1.75439677638668,0.435223586113508,-4.03102412728415,5.55343419117772e-05,0.0003630284303555
BSU_09150,yhcN,33.3031065584941,0.276050460881085,0.552666137528014,0.499488646284381,0.617435183295648,0.766043718753753
BSU_09165,yhcO,8.50624498057821,-4.4128345827358,1.32782351819911,-3.32335925840567,0.000889402902075,0.0043180250836414
BSU_09180,yhcQ,42.3925862911821,-0.102413551667724,0.412981926735268,-0.247985553453465,0.804145584425402,0.894189210005315
BSU_09190,mncR,5717.01474473028,-1.29198467326383,0.107299391010996,-12.0409320229173,2.1649573056723e-33,1.44947383481382e-31
BSU_09200,srtA,1240.8241756179,-1.13313295899587,0.13216345054368,-8.57372408434031,1.00191300936759e-17,2.70061097524992e-16
BSU_09210,yhcT,59.2031548203996,-0.330603822609423,0.40762855503209,-0.811041862814042,0.417341630510471,0.608494944941681
BSU_09220,yhcU,20.4471556777401,0.438904018753092,0.728386548014447,0.602570187422499,0.546794658080463,0.715330799146549
BSU_09230,yhcV,12.4797763310232,-1.40102942701371,0.804912803616568,-1.74059776502339,0.0817541096910452,0.191946441927335
BSU_09240,glpW,78.7467972601824,-0.260309469712138,0.312398112361589,-0.833261980183923,0.404696993723684,0.597729741390089
BSU_09250,yhcX,427.298550354717,-0.183645981990982,0.154497247892201,-1.18866830637086,0.234570217031255,0.412061350358332
BSU_09260,yhxA,3648.04353133436,-0.558489457780992,0.108861825954512,-5.13025987653704,2.89342440599826e-07,2.90813673348638e-06
BSU_09270,glpP,2520.22595036179,-0.491933558447673,0.104106728930382,-4.72528109856029,2.29797257220164e-06,1.99558245757511e-05
BSU_09280,glpF,2174.96625602793,-0.691372140059654,0.109045703243604,-6.34020524875846,2.29459265873469e-10,3.3896278029920605e-09
BSU_09290,glpK,6945.76225280043,-0.462891299622877,0.100114786785725,-4.62360570785214,3.77126415547254e-06,3.08159793491467e-05
BSU_09300,glpD,380.791951764964,-0.0217836597712594,0.155014290145639,-0.140526784664776,0.888243791357205,0.943958007660972
BSU_09310,pgcA,2096.47562677036,-0.0810544478034548,0.099188520652421,-0.817175689992271,0.413828032946128,0.605925984042109
BSU_09320,yhcY,647.749674247363,-0.234757285324259,0.147328404378853,-1.5934285470206,0.111064085861605,0.242773575782792
BSU_09330,yhcZ,324.665533359261,-0.018772279064273,0.180649396246808,-0.103915537246667,0.917236376922779,0.960241389481653
BSU_09340,azr,381.561180382247,-0.0806273416850192,0.173154431793815,-0.465638337117626,0.641474396805515,0.786170717785561
BSU_09350,yhdB,5.74089051967339,3.72371941399926,1.43219402505444,2.60001043773222,0.0093220925004936,0.0336487008430862
BSU_09360,yhdC,15.8971251909153,-0.0080877952556251,0.668173551585838,-0.0121043331278672,0.99034237530999,0.992931662931467
BSU_09370,lytF,781.493444024768,0.667397811394292,0.159982208930368,4.17170019001786,3.02335270811627e-05,0.0002098651687523
BSU_09380,nsrR,747.473915947221,-0.0290698026837831,0.134791890249288,-0.215664329879346,0.82924940751884,0.910467723178975
BSU_09390,ygxB,14.3792565979721,-2.04432857460615,0.892088232769633,-2.29162150055405,0.0219274937046621,0.0681711192846702
BSU_09400,spoVR,239.840513318503,-3.79175588023825,0.272539802062906,-13.9126683572004,5.30622842094498e-44,5.37223272569332e-42
BSU_09410,phoA,192.916736349897,-0.585998354234163,0.274292397737056,-2.13640027601464,0.0326468015847262,0.0937184463196395
BSU_09420,lytE,1087.4268498696,-0.195072236431862,0.114933058794804,-1.69726829232079,0.0896459489850321,0.206733519020482
BSU_09430,citR,56.548078779044,0.572758633869169,0.366857628901029,1.56125588988007,0.118463386704411,0.254524595346796
BSU_09440,citA,986.47369943936,-0.34810106552228,0.138671042546569,-2.51026500651986,0.0120640587753471,0.0413525251663631
BSU_09450,yhdF,947.870156326642,-0.406303165697767,0.149018928158842,-2.72652052137082,0.0064005972414943,0.0244199256888264
BSU_09460,bcaP,3457.39139769753,-0.128268286652097,0.0978780557632611,-1.31049074945196,0.190029871590045,0.356986128572473
BSU_09470,yhdH,182.086244975804,0.712875228556269,0.236450411087758,3.01490373933707,0.0025706082646806,0.0110576113022686
BSU_09480,yhdI,132.353509365583,0.260145017061672,0.243568321959168,1.06805768077379,0.28549449376606,0.472597611697401
BSU_09490,yhdJ,240.187650125173,-0.118879889433552,0.200400734229536,-0.593210847707718,0.553040053825168,0.719420013609612
BSU_09500,asiMB,24.1856312993204,-0.669901107589491,0.565764599201793,-1.18406331632382,0.236387999976515,0.414552846600133
BSU_09510,asiMA,186.705230435237,0.168545966514072,0.22058641160843,0.764081365144392,0.444818756528691,0.63517119310306
BSU_09520,sigM,46.4525141178704,-0.268498984057483,0.430521080054393,-0.623660481441606,0.532850581366133,0.705763485402303
BSU_09530,akrN,220.792208432704,-1.44623286790442,0.219212377922175,-6.59740513566192,4.18416243879333e-11,6.65458171778969e-10
BSU_09540,plsC,742.619846090704,0.109823417539208,0.141411993565949,0.776620248182771,0.437382851777298,0.627358748350921
BSU_09550,yhdP,2423.35778823959,-0.312311921801172,0.114871692475902,-2.71878924276048,0.0065521341706363,0.0248837227285559
BSU_09560,cueR,1402.43630751731,-0.270146496030831,0.115873233355522,-2.33139689130765,0.0197324413053794,0.0623833692754227
BSU_09570,yhdR,340.691449880549,0.742936023162502,0.178807705182189,4.15494411946911,3.25367051159588e-05,0.0002247252295113
BSU_09590,yhdT,8879.591404677,0.0016230369614112,0.0914835634637012,0.0177412958127199,0.985845236530028,0.990618149802989
BSU_09600,crcBA,145.281134271984,-0.0316934810901223,0.233669149491118,-0.135633998579376,0.892110626827031,0.946855334175148
BSU_09610,crcBB,167.768154023287,-0.295669589397873,0.229282509719823,-1.28954271199828,0.197209477382487,0.364965020336471
BSU_09620,yhdW,638.809865840079,0.004373017788965,0.140515375204026,0.0311212761067283,0.975172822006918,0.985860298137048
BSU_09630,yhdX,55.1074923874839,-0.865803151118452,0.462886879185266,-1.87044219668176,0.0614224368826983,0.153964091485556
BSU_09640,mscY,56.188538737567,-0.769838518069188,0.398671855298678,-1.93100794008255,0.0534820705069879,0.137595454937401
BSU_09650,srtN,290.438047008755,0.0621716974662287,0.210006500263871,0.296046538502906,0.767194540865722,0.872260898146703
BSU_09660,yheN,418.25285645226,0.865860396453887,0.189345590686853,4.57291027117648,4.80996157917038e-06,3.85870643694143e-05
BSU_09670,dat,7527.68951045527,-0.400685131717941,0.093217702033575,-4.29838027517159,1.72050794468748e-05,0.0001248868897002
BSU_09680,nhaC,2.8736400880147,0.177600517897882,1.51433458435842,0.117279575948618,0.906638509360074,
BSU_09690,nhaX,362.575245115123,-1.37607415119794,0.255711448373977,-5.38135527348559,7.39271268060682e-08,8.13982767564957e-07
BSU_09700,bmrB,83.2872300701017,-0.294271997887707,0.324359214269172,-0.907241061582741,0.364279334086766,0.560045746590431
BSU_09710,bmrC,1309.47188792298,0.653706404265205,0.108010222724366,6.05226420033793,1.4282397224778702e-09,1.88809652484256e-08
BSU_09720,bmrD,1622.41161079608,0.586120425676597,0.144473429498167,4.05694270366878,4.97192729237905e-05,0.0003312756049866
BSU_09730,yheG,120.849824817495,0.191770644447962,0.303719315660384,0.631407469198958,0.527774133501806,0.701052937013119
BSU_09740,yheF,0.0,,,,,
BSU_09750,sspB,3.27514457459774,-2.94810680212724,1.99675796235383,-1.47644674903509,0.139824000640524,
BSU_09760,yheE,132.481609052728,-0.517068587599753,0.304062803186266,-1.70053219986597,0.0890308649802612,0.205772338826873
BSU_09770,spaD,57.1771807190922,-2.11659213474994,0.454520504558248,-4.65675830578221,3.21227181382328e-06,2.67753821268683e-05
BSU_09780,spaC,29.4729568397779,-3.2801888065154,0.778445705846685,-4.21376697421391,2.51146404414837e-05,0.0001782066196112
BSU_09790,yheB,118.885842184964,-0.186811117543977,0.314262474917773,-0.594442965527005,0.552215878582075,0.719023874527664
BSU_09800,yheA,222.433227565586,0.352528187587935,0.212362077748808,1.66003361487602,0.0969076903255094,0.218621642685429
BSU_09810,yhaZ,236.639379333719,0.258653008915101,0.1918690638826,1.34807041677842,0.177635735303059,0.342035477576598
BSU_09830,yhaX,1294.68643573523,-1.32306723356735,0.180514143721377,-7.32943805007044,2.31119784317906e-13,4.52536898445107e-12
BSU_09840,hemZ,143.184444835111,-0.0640644874239418,0.274352192464075,-0.233511847849843,0.815363970574353,0.902312941043493
BSU_09850,khtU,143.00279330352,-0.95429097754381,0.289767913947066,-3.29329415581235,0.0009902081841422,0.0047683923113394
BSU_09860,khtT,124.737220002875,-0.596705087690896,0.306670580125341,-1.94575262957084,0.051684461336751,0.134340763311743
BSU_09870,khtS,168.078349299402,-0.237976905990691,0.275088372131277,-0.865092566970168,0.386987984105995,0.582547155995261
BSU_09880,yhaR,579.618789216016,-1.00609072879465,0.150088847319365,-6.70330105643264,2.0376304874968698e-11,3.33000163527539e-10
BSU_09889,yhzD,21.8549701273728,-1.41006526066515,0.648893641426848,-2.17302986289797,0.0297780697621173,0.0877280110592965
BSU_09890,yhaQ,178.630986136413,-0.0270273461028045,0.231215801739892,-0.116892296717718,0.906945402633222,0.955165606416692
BSU_09900,yhaP,223.051201676979,-0.0668026596735156,0.226518144483747,-0.294910855047679,0.768061979421351,0.872361219574702
BSU_09910,yhaO,240.713961117011,0.105313416469208,0.262271425916153,0.401543614983342,0.688019933543299,0.818893563043367
BSU_09920,sbcE,484.702161651909,0.523374404134747,0.144729648286756,3.61622107377594,0.0002989351014347,0.0016413751402852
BSU_09930,yhaM,814.550356650173,-0.0117151110694117,0.12681643232648,-0.0923784942889105,0.926397325427547,0.964019879130045
BSU_09940,yhaL,24.3554311870004,-4.6842106166512,0.853008353823748,-5.49140063594157,3.98758645930568e-08,4.55990947453936e-07
BSU_09950,prsA,935.945813844318,0.0806290428570224,0.122565682712901,0.657843542110303,0.510638672095457,0.688872644741059
BSU_09958,sscA,0.0,,,,,
BSU_09959,sscB,0.230897370555483,-1.01409890554728,3.4984867004775,-0.289867874989739,0.771917319021617,
BSU_09965,yhaJ,151.320336772543,0.253454819433775,0.249173336064019,1.01718275092105,0.309066500093812,0.499974685069919
BSU_09980,yhaI,199.929667527372,-0.411802891427412,0.215866085477361,-1.90767757944358,0.0564329012624441,0.143625366732315
BSU_09990,scoC,7820.41569087461,0.0864848110292895,0.0859467196357406,1.00626075545209,0.314290153276195,0.505666056685847
BSU_10000,yhaH,1283.42538766771,0.0077085730627745,0.123925728509709,0.0622031692326957,0.950401038696836,0.975118427011605
BSU_10009,yhzF,32.0781148456925,-3.93265280035643,0.704120509676973,-5.58519847995991,2.3343346046052e-08,2.72186037744837e-07
BSU_10010,trpP,3330.52526140866,-0.136251021074961,0.108214404942727,-1.25908395603222,0.208000008810416,0.378687735338613
BSU_10020,serC,1000.14101913457,0.317504900590999,0.118611629209792,2.67684461217051,0.0074319093664137,0.0278428301263389
BSU_10030,hinT,319.623767299292,-0.0706606645129534,0.192185156278245,-0.367669729969421,0.713119513917386,0.836675834446317
BSU_10040,ecsA,641.860915379586,-0.0608274033556241,0.140935114270863,-0.431598637928655,0.666033148575509,0.805299247719104
BSU_10050,ecsB,578.459263124967,0.149533723927912,0.172358281453148,0.867574929775331,0.385627075795556,0.581241100808771
BSU_10060,ecsC,384.113560574888,0.277944170951819,0.208784622032446,1.33124828948669,0.18310732692231,0.348500006444067
BSU_10070,sndC,7202.62174739401,-0.152144620762124,0.0868206513621789,-1.75240128212631,0.0797048311439749,0.188199518816064
BSU_10080,yhfA,4.07892586360016,2.52210734955096,1.59759000317817,1.57869499967677,0.114406032312443,0.24837836826828
BSU_10090,yhgB,1.43031908346046,-0.449576197158606,2.15460166794455,-0.208658613723016,0.834714750388959,
BSU_10100,hmoB,262.31574762375,0.316598554216021,0.180857748965023,1.7505390619301,0.0800253399568051,0.188527347423779
BSU_10110,pbpF,150.533202435471,0.650280954526154,0.292167279015409,2.22571451778438,0.0260333097028079,0.0786493948881774
BSU_10120,hemE,392.961943343057,0.2631978778449,0.17479395467733,1.50576075889331,0.132128600248234,0.275888239250714
BSU_10130,hemH,587.640096555165,0.148037829950801,0.176895017622748,0.836868284591889,0.402666609325236,0.596101674503943
BSU_10140,hemY,588.607645373201,0.0881466029243354,0.151875858508522,0.580385874292123,0.561654428776465,0.726053102866226
BSU_10150,yhgD,91.7015341726393,0.412220906778658,0.307481622721601,1.34063591550605,0.180038690442843,0.344555372995962
BSU_10160,yhgE,347.175075259901,0.328354038306355,0.183948073448053,1.7850365711989,0.074255385100203,0.178067073108575
BSU_10170,fabHB,116.507278230113,1.02533055701824,0.37940186981986,2.70249210291206,0.0068821819283518,0.0259708519859896
BSU_10180,yhfC,112.939374591897,-1.05121804258815,0.2691297243213,-3.90599011402083,9.38403483453086e-05,0.000577083386639
BSU_10200,yhfE,746.346821662213,-0.335094253926749,0.130183535724235,-2.57401407991077,0.0100526182236404,0.0358491565690131
BSU_10210,yhfF,503.22033527153,-0.0725266964154469,0.145513318046755,-0.498419645630946,0.618188292704099,0.766457468045016
BSU_10220,gltT,4005.42222234127,-0.475959659850551,0.127456749771871,-3.73428367428519,0.0001882502180327,0.001082308386501
BSU_10230,yhfH,276.854485590595,2.08849477455171,0.236081538292888,8.84649765353815,9.03088291109318e-19,2.67765678313913e-17
BSU_10240,yhfI,158.954759134159,-0.206632337383534,0.253973383164676,-0.813598396842844,0.415875056604668,0.607378102811073
BSU_10250,lplJ,268.209171168397,0.36657678459777,0.187796600113272,1.95198839796175,0.0509395820828504,0.132820480669543
BSU_10260,yhfK,409.843933836068,0.231320996138312,0.151745209443885,1.52440394649727,0.12740783486636,0.268461889609269
BSU_10270,lcfB,763.992314826992,-0.587729464040145,0.164174027940371,-3.57991742916615,0.0003437027962892,0.0018625460932073
BSU_10280,yhfM,21.9451620432958,-3.4202505820185,0.828728985315892,-4.12710384531172,3.67360529079022e-05,0.0002520518274722
BSU_10290,yhfN,209.35357593377,-0.739758846820507,0.260102650095537,-2.84410345895664,0.00445365840463,0.0177974072789826
BSU_10300,aprE,19245.4461054336,0.107270038580699,0.0898853737913601,1.19340927290008,0.23270912512065,0.410006612213845
BSU_10310,yhfO,42.7700276541972,-0.0237325235465775,0.434023452592341,-0.0546802791527223,0.956393180809769,0.978334361744433
BSU_10320,yhfP,348.436734515596,-0.13381594395975,0.164318682527634,-0.814368408395956,0.415433930993299,0.606992695372468
BSU_10330,yhfQ,724.028086218844,-0.181371928556811,0.182571661815363,-0.993428699467252,0.320501081267074,0.512260216383486
BSU_10340,phoE,403.56664061046,0.921046760830518,0.212378675960777,4.33681374395904,1.44563024191455e-05,0.0001075414181753
BSU_10350,yhfS,372.064715716138,1.57821747480923,0.163309166590916,9.66398584815887,4.28846276152528e-22,1.5894115109903102e-20
BSU_10360,yhfT,857.124105993161,1.20748204945788,0.137834835207512,8.76035472193951,1.94636902056664e-18,5.53382041395352e-17
BSU_10370,bioY,204.42499208154,0.923756333481922,0.225757588579335,4.09180634544782,4.28026028080636e-05,0.0002898427475632
BSU_10380,hemAT,1367.92220938408,0.745931742581968,0.12777165386517,5.83800647496591,5.28291048616154e-09,6.54607803822583e-08
BSU_10390,yhfW,51.205735271592,-2.3389668662482,0.583352653397573,-4.00952468909766,6.08410917811161e-05,0.0003939959001301
BSU_10400,yhxC,17.8944512933983,-2.43836128694827,0.731938124392068,-3.33137625393338,0.0008641771208974,0.0042202343868766
BSU_10410,yhzC,20623.4057471563,-0.0363537460311738,0.0928939826161323,-0.391346619095869,0.695541043942285,0.823030465622698
BSU_10420,comK,436.907729963117,0.352976284328329,0.177568768624566,1.98782864274194,0.0468306447801706,0.124691473048421
BSU_10430,yhxD,18.7498826958339,0.551869527813297,0.676455945725676,0.815824786965651,0.414600354403343,0.605988053214181
BSU_10440,yhjA,2733.02940808453,0.193087187872462,0.107791684736599,1.79129947123744,0.0732452509484166,0.176955443353357
BSU_10450,yhjB,809.881296706164,0.144862519612939,0.157140276464484,0.921867536905344,0.35659767407822,0.550478596169093
BSU_10460,yhjC,89.2690750979155,-0.116923012249728,0.295023311457667,-0.396317876279095,0.691870541271594,0.820344528789564
BSU_10470,yhjD,14.2352670119913,-0.4486550657145,0.718717666696887,-0.624243825501672,0.532467469256594,0.705706406412555
BSU_10480,yhjE,288.197472566065,-0.464307797703863,0.2144881133479,-2.16472507709905,0.0304087454604238,0.0888920439480418
BSU_10490,sipV,371.642846183611,-0.307361519864487,0.158292735924295,-1.94172852007236,0.052169974176335,0.135118484616086
BSU_10500,yhjG,37.0674889936089,-0.55860752824453,0.589656769863811,-0.947343534058886,0.343463754125639,0.536387525724426
BSU_10510,yhjH,108.844552441246,0.0247426030177056,0.266219215112712,0.0929407105615202,0.925950663347393,0.963796690961643
BSU_10520,glcP,86.3425046570279,-0.0611679415619944,0.310779689269583,-0.1968209109989,0.843967686577021,0.919986834816495
BSU_10530,ntdC,133.124222242153,0.170837817945068,0.252785235158824,0.675821979229645,0.499153678196452,0.679562780647252
BSU_10540,ntdB,58.4795307101074,-0.005054913805765,0.394852347650609,-0.0128020355858133,0.989785732466311,0.992931662931467
BSU_10550,ntdA,31.990838784719,0.803163332654911,0.561251866982084,1.43102122220744,0.152424132966479,0.307135687500379
BSU_10560,ntdR,3040.1397848331,0.195154040921431,0.106741441882471,1.82828747185473,0.0675064190564947,0.165810145268349
BSU_10570,yhjN,176.446639157945,1.29233007810305,0.239199663715015,5.40272531337145,6.56359326188193e-08,7.32405258872901e-07
BSU_10580,yhjO,5.91190440214672,1.44563342675497,1.26065028947106,1.14673628271765,0.251490630201431,0.432169713469321
BSU_10590,yhjP,182.080377837172,0.572712707923963,0.212843967884892,2.6907631614615,0.007128878468308,0.0268286260398429
BSU_10600,yhjQ,0.514083545236637,-1.1084449612449,3.46436795672988,-0.319955898186747,0.749001762656218,
BSU_10610,yhjR,5.46604650867718,-2.48011532056058,1.52857128729081,-1.62250549986207,0.10469515645741,0.232354196859543
BSU_10620,addB,1105.39723639191,-0.0125215416293372,0.155213902736328,-0.0806728096426279,0.935702161079546,0.969328592623208
BSU_10630,addA,1864.35863614158,0.137949638404785,0.11588163979112,1.19043567776089,0.233875197212183,0.411188455581437
BSU_10640,sbcD,238.505508776832,0.677117752662966,0.1894757986405,3.57363714796996,0.0003520567103388,0.0019053290803345
BSU_10650,sbcC,1050.1106456777,0.408051109574867,0.117388201478572,3.47608281271226,0.0005087951497431,0.0026566146749481
BSU_10660,hlpB,169.163757991352,0.14521004870351,0.281263788794161,0.516277083964692,0.605660899114665,0.756574899857049
BSU_10670,gerPF,68.1149463327581,-0.437294714836704,0.367199187617793,-1.19089238098171,0.233695835947907,0.411188455581437
BSU_10680,gerPE,106.6022577983,-0.495368720693395,0.310836714400475,-1.59366219543542,0.111011715924333,0.242773575782792
BSU_10690,gerPD,16.2837415696796,-0.2376930771669,0.657752043227358,-0.361371856787588,0.717821483570833,0.840292436069523
BSU_10700,gerPC,199.131516166505,-0.407373920391931,0.260511993310587,-1.56374343927518,0.117877831921755,0.253528953527049
BSU_10710,gerPB,19.1935355562339,0.659595000828016,0.68654072144954,0.960751460503854,0.336677149787445,0.528557596906159
BSU_10720,gerPA,33.0152941724497,0.282696122869558,0.506755634591341,0.557854917780106,0.576943458238754,0.73576064799337
BSU_10730,pchI,74.8714292636518,-0.525365185111973,0.341359993563349,-1.53903560762306,0.123795603571755,0.263112877980231
BSU_10740,yisJ,0.991923278831527,-0.263069841483213,3.12811752945033,-0.0840984518664933,0.932978155516849,
BSU_10750,mblK,923.206410940243,-0.677649884671877,0.129759063205926,-5.22237035263157,1.76647228027372e-07,1.83315660885405e-06
BSU_10760,yisL,152.217238769841,-0.236636302789177,0.256557523250073,-0.922351836701052,0.356345083569156,0.550388303426686
BSU_10770,wprA,1595.61303500851,0.262691170196557,0.126738989143367,2.07269421960909,0.0382007460741789,0.106264005378258
BSU_10780,yisN,21.6139963577809,-1.65614722593634,0.887906756659301,-1.86522651563944,0.0621496603616927,0.154944888985818
BSU_10790,asnO,25.1817141530531,-3.79594278336976,0.763301158327949,-4.97306042569746,6.59041075188369e-07,6.21745341615209e-06
BSU_10800,yizA,102.390361188896,-0.698226968600138,0.376307584177427,-1.85546876533567,0.0635293155586692,0.157627130235526
BSU_10810,farP,54.1039300507135,0.523883876729953,0.51674063095821,1.01382365802839,0.310666904334876,0.50197676912965
BSU_10820,yisQ,9.15143749016623,0.168841196605329,0.985409760142671,0.171341104416181,0.863955561671623,0.930293005576889
BSU_10830,yisR,147.177381343373,-0.292284368540251,0.23543391416541,-1.24147096469245,0.214431817815354,0.387171150827113
BSU_10840,iolQ,348.987884543327,-0.286810631936983,0.177974598269773,-1.61152565998343,0.107065199031079,0.236397681477664
BSU_10850,iolX,1292.89895328176,0.759870500100648,0.168203879036973,4.5175563396705,6.25573862506849e-06,4.91810057436729e-05
BSU_10860,yisT,1473.10109908438,-0.707388090820138,0.106727125853096,-6.62800656502095,3.4025034207472595e-11,5.45320142838683e-10
BSU_10870,yisU,65.0407045863672,0.53135293840878,0.347070838800702,1.53096393878801,0.125778305318157,0.265837955893925
BSU_10880,yisV,157.828199790546,0.0318086692834445,0.244166558073528,0.130274471387133,0.896349276809347,0.949763119282794
BSU_10890,yisX,525.052473358846,-0.0839707286016201,0.145461124023385,-0.577272650444529,0.56375528611437,0.727431828616956
BSU_10900,yisY,47.1247062859729,0.164683945895601,0.441479092605588,0.373027734843896,0.709127801946254,0.833846217546444
BSU_10910,yisZ,7.21580770176676,-1.7262836937338,1.12031592500306,-1.54089007859912,0.123343540906097,0.26267220082112
BSU_10920,yitA,11.2320914188651,-0.895348396279125,0.945447738435246,-0.947009929666723,0.343633719137373,0.536451135065527
BSU_10930,yitB,5.23841824498319,0.440994379810733,1.52834338866684,0.288544042576328,0.772930322248439,0.875186515999255
BSU_10940,slpH,11.038552667058,1.70550919561149,0.882955733270043,1.9315908276569,0.0534100288616826,0.137595454937401
BSU_10950,slpS,11.2222559670004,0.648243515732382,1.07027868083478,0.605677313152475,0.544729051895555,0.713528019696576
BSU_10960,yitE,11.9491900815415,-3.41345436582558,1.08620781613223,-3.14254262870268,0.0016748732284382,0.0076316122626205
BSU_10970,yitF,10.8564842063275,0.699210415891367,0.955093986733446,0.732085455048004,0.464116410906538,0.651741279321056
BSU_10980,yitG,28.4867553567352,-0.0380353914500259,0.624185583678838,-0.0609360299958421,0.95141015496228,0.975859538732005
BSU_10990,yitH,431.150820490636,0.252265575688268,0.166336148069161,1.51660104322831,0.129367441851834,0.271625822522491
BSU_11000,yitI,260.015236896261,0.0995477199826202,0.188341495193851,0.528549058613771,0.597118306426326,0.749060479904186
BSU_11010,samT,345.367894140268,0.154707836364587,0.193344545300171,0.800166542709546,0.423614311562713,0.615048271177622
BSU_misc_RNA_12,mswK,601.370131907708,-0.122517822970373,0.162533736096536,-0.753799339834312,0.450969720454823,0.642187070191413
BSU_11020,yitK,739.354902509218,0.0529184617799983,0.132002810290517,0.400888902770579,0.688501920550866,0.818893563043367
BSU_11030,yitL,413.185584389997,0.0180841255451987,0.170635647245132,0.105980935620207,0.915597478159998,0.959032332031832
BSU_11040,yitM,2886.7360619119,-0.120579116921639,0.117851658025305,-1.02314315251931,0.306240166435368,0.497146238120146
BSU_11055,yitO,105.585228862192,0.0521030258586577,0.287079171275191,0.181493577633023,0.85598017374988,0.927721593011945
BSU_11070,yitP,43.0806879369075,-0.695162642264013,0.468779854885868,-1.48291918907919,0.138095882479018,0.285476099686456
BSU_11079,yizB,173.310187135657,-0.234763969349097,0.239092176341042,-0.981897329062865,0.32615043174765,0.517297508199428
BSU_11080,yitQ,300.846109895363,-0.23251021359188,0.173244934875741,-1.34208953213349,0.179566967562562,0.344128569876359
BSU_11090,yitR,167.252805856297,-0.577100299016046,0.252728331471826,-2.28348082565639,0.0224020610515793,0.0693962353918699
BSU_11100,nprB,430.147276163416,-0.362864860742302,0.169545636646747,-2.14021940003293,0.032337040068957,0.0931513208370856
BSU_11110,fakBB,775.045917571383,-0.366043435279031,0.131888258025688,-2.77540579243783,0.0055132869542827,0.0215765680913937
BSU_11120,yitT,935.970225538276,-0.475985976361372,0.123949980026531,-3.84014564794192,0.0001229613383052,0.0007365259961115
BSU_11130,ipi,523.470379216901,-0.759762220735489,0.145570766784009,-5.21919501779357,1.79702465739754e-07,1.86021180869256e-06
BSU_11139,yizC,204.696954297922,0.23527074576941,0.200626533210916,1.1726801136621,0.240924109057215,0.419847177454451
BSU_11140,ribZC,809.309799608938,-0.0464464532825888,0.15753614880049,-0.294830447717815,0.768123405816799,0.872361219574702
BSU_11150,yitV,152.691156542465,0.235768226967202,0.274479857942824,0.858963673087859,0.390360558256692,0.585050089439697
BSU_11160,yitW,2286.5128746849,-0.148101056991719,0.0983256748027262,-1.50622975422094,0.132008203730668,0.27577556803523
BSU_11170,yitY,408.294029669987,0.495748995156727,0.164948207445356,3.00548276840752,0.00265159619855,0.0113471915671973
BSU_11180,yitZ,48.5609925973336,0.403779361596026,0.388797095799348,1.03853492209317,0.299021085659852,0.487910151697676
BSU_11190,argC,28875.2403755952,0.0962480922087235,0.0880966839686178,1.09252798031546,0.274601098867147,0.460297686630727
BSU_11200,argJ,38235.7254749722,0.165608591960287,0.0868369823726037,1.90712053131564,0.0565049811277823,0.143720696483716
BSU_11210,argB,25797.7258819567,0.134306129100741,0.08010213020761,1.67668611000287,0.0936038781690389,0.21303468512093
BSU_11220,argD,39684.617492077,0.147779259621382,0.0799103196397202,1.84931383440402,0.0644125092550845,0.159437284387511
BSU_11230,carA,67229.5157855458,0.0877810485925162,0.0877749039427393,1.00007000463118,0.317276630906077,0.508923802567335
BSU_11240,carB,161129.337013753,0.193117830368469,0.0797035870764299,2.42295030188896,0.0153950326404311,0.0508391252907157
BSU_11250,argF,59989.9622938312,0.200279402690583,0.0803470108419555,2.49268019546536,0.0126782980784459,0.0431727771317712
BSU_11260,yjzC,63.6863776504938,0.873217581022999,0.366513857587697,2.38249540350343,0.0171957466543199,0.0555915454533347
BSU_11270,yjzD,501.396375613629,0.127819971393213,0.162271961837153,0.78768981373064,0.43087816526501,0.620740670120805
BSU_11280,yjaU,30.6310253407467,0.344254927143738,0.50593929534382,0.680427336464928,0.496233916837813,0.677495608944051
BSU_11290,yjaV,17.2790642945429,-0.405847172068582,0.716522766824597,-0.566412109788456,0.571113664521966,0.73214725800824
BSU_11300,med,400.236977681652,0.164635068180043,0.222131165461659,0.741161501754509,0.458595522911191,0.647933973997397
BSU_11310,comZ,82.6391959582984,-0.121860968482554,0.372984240369529,-0.326718813539741,0.743880569345691,0.856308442416518
BSU_11320,yjzB,5.129848543498,-0.591653685167868,1.25633322599814,-0.470936908237709,0.637685790320061,0.783841787272305
BSU_11330,fabHA,525.215445738168,0.421096590153571,0.160079009316404,2.63055469890655,0.0085245650355164,0.0311766250770298
BSU_11340,fabF,1566.30506463351,0.336753127989229,0.117240244854881,2.87233388505848,0.0040745222741676,0.0164847387525047
BSU_11350,yjaZ,73.4031014970615,-0.727469709348458,0.413960133749182,-1.75734243478922,0.0788594588975913,0.187268657828319
BSU_11360,appD,9959.53767779529,0.0322619397693075,0.0871306842477923,0.370270703688694,0.711180800093697,0.835345642668064
BSU_11370,appF,12284.5348234249,0.132920528947698,0.0877580468957825,1.51462496773144,0.129867405579789,0.272395382738831
BSU_11390,appB,16305.3278667641,0.578709529187249,0.0955316265131546,6.05777950517321,1.3801339686913901e-09,1.8303310236543e-08
BSU_11400,appC,19320.9324000972,0.544989823659641,0.0972133002101777,5.60612408468141,2.06907651550139e-08,2.43306986284597e-07
BSU_11410,yjbA,730.536217001308,0.227906145687046,0.170515407818968,1.33657215264094,0.181362333955049,0.346122995452739
BSU_11420,trpS,211.014581382609,0.376446474335664,0.200701216787952,1.87565616372617,0.0607025089260956,0.152527914377859
BSU_misc_RNA_13,tboWA,256.11763125579,-0.0182716164938729,0.185361857735611,-0.0985726875910711,0.921477556526537,0.961392752767276
BSU_11430,oppA,42973.454332851,0.151982816371608,0.0859649208135266,1.76796319863176,0.0770670561945764,0.184065218793836
BSU_11440,oppB,880.263345491852,0.393887456380749,0.138655860457666,2.84075591958849,0.0045006744776117,0.0179464935221577
BSU_11450,oppC,1681.67907664155,0.295281169285839,0.108686985252262,2.71680338359274,0.006591575263007,0.0249649898875385
BSU_11460,oppD,2706.06935766334,0.234170124580648,0.0992151188939983,2.36022621543029,0.0182637940890421,0.0584976923330352
BSU_11470,oppF,1455.7104723298,0.26991298329357,0.119834547357772,2.25238037982262,0.02429824452497,0.0744918855414701
BSU_11480,yjbB,90.8924864471178,-0.485639564027899,0.337025530788351,-1.44095779002831,0.149596608004709,0.302324985310392
BSU_11490,yjbC,574.80761165603,-0.821960283510092,0.149511611410041,-5.49763510511459,3.84918386494987e-08,4.41380171917318e-07
BSU_11500,spxA,6418.97445421009,-0.186608490646756,0.0986577546068006,-1.89147311724742,0.058561216251428,0.147863508917079
BSU_11510,yjbE,38.5618841149649,-2.91581806170262,0.49551233195734,-5.88445104924986,3.993773153728491e-09,5.02368253367483e-08
BSU_11515,BSU_11515,4.48701619650909,0.587882412270766,1.39363572773747,0.421833625939813,0.67314645988531,0.809452767955945
BSU_11520,mecA,4136.98638060485,-0.386173497514871,0.106198178571481,-3.6363476540696,0.0002765310640269,0.0015305072623678
BSU_11525,BSU_11525,0.0,,,,,
BSU_11530,coiA,58.6387233145895,-0.639125559687784,0.356390054779424,-1.7933316351472,0.0729199118635003,0.176495949939003
BSU_11540,pepF,3384.87003211281,-0.574955500623171,0.0922789010920574,-6.23062795307451,4.64569208281579e-10,6.6042013136193e-09
BSU_11549,yizD,5.56796659758633,-4.11545300015134,1.70974962363505,-2.40705009859958,0.0160819635637864,0.0527300400894767
BSU_misc_RNA_67,roxS,2.9697807225001,-0.668864920037662,2.26109191984824,-0.295815006088985,0.767371362412729,
BSU_11550,spxH,802.222535323036,-0.0317085957308015,0.124354589818784,-0.254985326854513,0.798734432210608,0.890192656827997
BSU_11560,yjbI,451.874903848148,-0.0105163123801716,0.176715818485078,-0.0595097398202619,0.952546107972777,0.976542083031612
BSU_11570,cwlQ,1312.72076710981,0.308559325028146,0.123018531921582,2.50823449287165,0.0121336115959613,0.041522359220804
BSU_11580,yjbK,221.845136473165,0.164308548194016,0.235244552125369,0.698458462521379,0.484890525948273,0.667172433132998
BSU_11590,yjbL,99.3267509242474,0.134877790544705,0.321477113966582,0.419556430877768,0.674809522357932,0.810513404892297
BSU_11600,relP,268.251100370241,0.0083410252261822,0.209274289455178,0.0398569038169817,0.968207209552724,0.983128211069804
BSU_11610,ppnKA,235.304101329045,0.331684091129919,0.197477944677649,1.67960068488327,0.0930350343526752,0.212730014872371
BSU_11620,yjbO,531.742903614427,0.344831358504283,0.142348494618556,2.42244471519218,0.0154164713172983,0.0508694534484144
BSU_11630,prpE,51.3122799847218,-0.113564745215788,0.413653915049781,-0.274540481992346,0.783669298099996,0.881574866236608
BSU_11640,kefQ,18.9381655186037,-0.471576884015012,0.727444788842123,-0.648264846003809,0.516813666902441,0.693458346381155
BSU_misc_RNA_14,tswA,42.3794854437508,0.302200861715168,0.412062628103528,0.733385755233406,0.463323184799354,0.651687910734429
BSU_11650,tenA,631.398633859217,0.520066111134117,0.14141274064903,3.67764678590638,0.0002353956172798,0.0013276184882181
BSU_11660,tenI,589.075289195181,0.496658761778304,0.15558709737391,3.19215905535356,0.0014121354794469,0.0065494685756248
BSU_11670,thiO,866.317673286998,0.444694048162911,0.155890605899458,2.8526032444169,0.0043362723807013,0.0173824929712085
BSU_11680,thiS,157.138871117707,0.697503091198056,0.250234714729542,2.78739539376833,0.0053133605417549,0.0208269684691454
BSU_11690,thiG,907.130352564343,0.547050200404111,0.136530392413253,4.00680164126599,6.15465091638344e-05,0.0003979432391574
BSU_11700,thiF,1166.79999821043,0.470059291260096,0.149779814254064,3.13833538652116,0.0016991034154175,0.007725058354215
BSU_11710,thiD,1074.50565515268,0.619907469003214,0.129325771340658,4.79337925130413,1.63995181880689e-06,1.46375682792691e-05
BSU_11720,fabI,1559.11851258907,0.703725554710652,0.153786557202836,4.57598874381769,4.7397603020563e-06,3.820338837638e-05
BSU_11730,cotO,126.504958994712,-4.45476805119149,0.447037938340761,-9.96507828334646,2.16703078466586e-23,9.08620685570504e-22
BSU_11740,cotZ,15.6673159955254,-4.65891137095477,0.996181858145327,-4.6767679343495,2.91431743139747e-06,2.45381980887037e-05
BSU_11750,cotY,8.5625799113249,-3.76454121077503,1.21551067253621,-3.09708610202505,0.0019543310011998,0.0087324305554149
BSU_11760,cotX,34.7078922345785,0.930964345670282,0.696418228241109,1.33678917052695,0.181291465116263,0.346122995452739
BSU_11770,cotW,6.86621905960223,1.1618965897462,1.08623073117001,1.06965910317663,0.284772781131488,0.471882781268256
BSU_11780,cotV,2.27180153510508,-0.477225106190237,2.17942464315969,-0.218968390436462,0.826674671021655,
BSU_11790,yjcA,23.5151430391049,-4.48412012324288,0.946243594726653,-4.73886444064991,2.14919215529392e-06,1.87422198248426e-05
BSU_11799,yjzK,0.0,,,,,
BSU_11800,yjcB,0.0,,,,,
BSU_11809,yjcZ,0.0,,,,,
BSU_11810,spoVIF,3.61069502103246,-1.9091557287415,1.73183191040088,-1.10239089444863,0.270291768419316,
BSU_11820,yjcD,48.0376668660036,0.35357120249587,0.406600173205478,0.869579566846839,0.384530208261872,0.579798363419917
BSU_11839,yjzE,240.199559432299,-1.2038468176132,0.207735467354121,-5.7950952379308,6.8282420889249105e-09,8.41069225849475e-08
BSU_11840,yjcF,4655.02276656949,-0.272437677763776,0.0953909513762594,-2.8560117477933,0.0042899926053904,0.0172482317304684
BSU_11850,yjcG,5038.2234242312,-0.40081254805963,0.104760284074317,-3.82599714769095,0.0001302437973618,0.0007738967881305
BSU_11860,yjcH,5873.91913523568,-0.307060779125993,0.0984175875467029,-3.11997872311472,0.0018086410361115,0.0081428079619296
BSU_misc_RNA_15,mswA,9.38033239342219,1.13461680880295,0.980559043190294,1.15711217665325,0.247226532399434,0.427955519595518
BSU_11870,metI,461.700301758596,0.669041347718726,0.199677425433043,3.35061084781,0.0008063353009777,0.0039751755752478
BSU_11880,metC,567.777498112958,0.553248506832054,0.139886030075511,3.95499469484843,7.65363500901795e-05,0.0004813672564005
BSU_11890,yjcK,694.637104470302,0.0457108065756823,0.136389878220952,0.335148085561237,0.737513381206978,0.852830398108796
BSU_11900,yjcL,742.856899540134,0.266206113385392,0.143780006430543,1.8514821357585,0.0641002224150171,0.158758963749842
BSU_tRNA_83,trnSL-Val2,0.0,,,,,
BSU_11910,yjcM,982.60281589172,1.23939996268986,0.151019426610752,8.2068909312202,2.26989590286404e-16,5.6085344599932304e-15
BSU_11920,yjcN,806.250187236556,0.528997276657421,0.165608020220153,3.19427329639103,0.0014018333896573,0.0065162490486758
BSU_11928,yjzF,34.4542279104822,0.849821614426433,0.735857661798479,1.15487227835533,0.248142733097845,0.428826180303561
BSU_11929,yjzG,46.8080288094836,-0.329007226329964,0.462556992550636,-0.711279326933854,0.476911159642905,0.662127670756372
BSU_11930,yjcO,166.282005831735,0.321528410086064,0.244252726859529,1.31637592840868,0.188047897674628,0.35513504242374
BSU_11940,yjcP,313.633475987162,0.387825661983152,0.226920315298419,1.70908303856853,0.0874355689500778,0.202536298388266
BSU_11950,yjcQ,714.778318971133,0.543771159572731,0.137431432616608,3.95667242362005,7.6001036724189e-05,0.0004787258018848
BSU_11960,yjcR,5.20488897340683,1.31728776613545,1.31739537562606,0.999918316480684,0.317350039518091,0.508923802567335
BSU_11970,yjcS,118.081127879543,0.792203597595612,0.353083042602241,2.24367500562199,0.0248533194094938,0.0759691670609785
BSU_11980,yjdA,421.838023168098,0.610061465257612,0.159550415079816,3.82362819270903,0.0001315021709124,0.0007798078735105
BSU_11990,yjdB,785.221088759988,-0.125713080771113,0.140558522390749,-0.89438248661745,0.37111727960391,0.566779921867488
BSU_12000,manR,210.553509279209,0.656135743097861,0.256941477828684,2.55363886221336,0.0106603761065658,0.0375629632004571
BSU_12010,manP,52.5862285579598,0.202132591095004,0.374216560376646,0.540148706651461,0.589094483088552,0.743713868400419
BSU_12020,manA,42.0893722975406,0.803926325384729,0.46003731885855,1.74752415169152,0.0805464592491137,0.189539882280652
BSU_12030,yjdF,273.05977662356,0.385057557324043,0.192660033638011,1.99863744468938,0.0456475958638757,0.122089671669425
BSU_12040,yjdG,370.831247896652,0.192118858020785,0.196059555991655,0.979900505481925,0.327135233432364,0.518099333833554
BSU_12050,yjdH,105.070016386663,-1.10650745562659,0.311451647923954,-3.55274233738125,0.0003812376850067,0.0020525520498873
BSU_12060,trnE,294.729893606958,0.266058723656477,0.171973442555886,1.54709192130068,0.121841081725978,0.260433743689255
BSU_12069,yjzH,67.232499268444,-0.558957686655071,0.348225939293765,-1.60515809875821,0.108459016092192,0.2386082910567
BSU_12070,yjdJ,31.4566390044182,0.354607391841138,0.550831419489509,0.643767547192162,0.519726180960429,0.694654037593418
BSU_12080,ctaO,178.847163440489,0.690354143065113,0.251994198850497,2.73956363366398,0.0061520804321658,0.023733537057547
BSU_12090,cotT,9.1360827003425,-0.809285944695261,1.02538700416836,-0.789249270183242,0.429966330211413,0.61971883219013
BSU_12100,pdaC,1080.05081660155,0.0529528664949856,0.112282115706156,0.471605528288797,0.637208380007357,0.783817659324712
BSU_12110,yjfA,204.178398209182,-0.508079314477018,0.292647148633184,-1.73614988852622,0.0825373351546013,0.19356637187952
BSU_12120,yjfB,560.247489077753,0.84991598505285,0.190888877616495,4.45241229172278,8.4910927858819e-06,6.57584443175294e-05
BSU_12130,yjfC,2.20382798961332,1.29554276212829,2.10131897127994,0.616537888742879,0.537539573436071,
BSU_12140,yjgA,144.234131288661,-0.160797825795273,0.239309372456193,-0.671924480620616,0.501631774638837,0.681149328271447
BSU_12150,yjgB,6.53006244856366,1.35538841079966,1.40240674586324,0.966473111169585,0.333807495477934,0.525844981913392
BSU_12160,yjgC,52.9587466546668,-1.3689512371054,0.443523289767194,-3.08653743487509,0.0020250244650878,0.0090288684796772
BSU_12170,yjgD,15.7781909026892,-1.66870065817564,0.78835546276408,-2.11668560312242,0.0342865395043603,0.0976825157739187
BSU_12180,yjhA,285.668366774102,0.0385156057124512,0.190673926128437,0.201997234202369,0.839918886401937,0.918467675830991
BSU_12190,yjhB,68.834984783934,-0.241777785975767,0.358398621236423,-0.67460579268321,0.499926251718632,0.680391433076735
BSU_12200,yjiA,53.4263779565804,-0.122064721931172,0.436473899702135,-0.279660987780651,0.779737611669259,0.878588270152503
BSU_12210,cypE,544.288972487609,-0.10758495816279,0.147736835979783,-0.728220267134407,0.466478761308852,0.654173425065218
BSU_12220,ppuG,456.978106598125,-0.348026011629177,0.174115149465314,-1.99882671150627,0.0456271065916945,0.122089671669425
BSU_12229,yjzI,41.2640533719039,-0.516728222929969,0.473466390623959,-1.09137255180668,0.275108985126555,0.460660507164311
BSU_12230,yjjA,365.278144559674,0.237582237357872,0.167667146187715,1.41698742275891,0.156486604711269,0.312446318497584
BSU_12240,yjkA,42.6905624603714,0.64885868568106,0.423974216695768,1.53042015322989,0.125912763679302,0.26598670841363
BSU_12250,yjkB,46.1817823985127,0.480494647797756,0.404777385341213,1.18705902354875,0.235204339785939,0.412825883488977
BSU_12260,yjlA,207.579451173211,-0.144124942095277,0.206044923621585,-0.69948310087936,0.48425017040659,0.667149836494443
BSU_12270,yjlB,42.6781538141124,-0.0556851604398401,0.427413458660188,-0.130284059407947,0.896341691322537,0.949763119282794
BSU_12280,yjlC,673.067600955588,0.554177781237523,0.149780052624356,3.69994382781655,0.0002156471935848,0.0012262349322885
BSU_12290,ndh,2360.52549785895,0.540297880777353,0.116691391106606,4.63014345491652,3.6541248379349e-06,2.9976822534126e-05
BSU_12300,uxaC,232.153250522096,-0.650350339439257,0.243794228195984,-2.66761991968262,0.0076390622134752,0.0284903389471119
BSU_12310,exuM,57.2941171398534,-1.04762096199295,0.445434554787357,-2.35190770615689,0.0186774085768098,0.059592561877277
BSU_12320,yjmC,165.632440048219,-2.58419701078505,0.370751476375284,-6.97015973085234,3.1658133664584297e-12,5.521550959734839e-11
BSU_12330,yjmD,162.40974093689,-2.13133591960862,0.341225891037233,-6.24611430606846,4.2078928413106e-10,6.0023928468317205e-09
BSU_12340,uxuA,229.304742022853,-1.8991135853528,0.213174158005632,-8.9087420497874,5.161484479876e-19,1.55255957072212e-17
BSU_12350,uxuB,157.713752392946,-1.52772569830473,0.260340607585042,-5.86818058264571,4.40603229134051e-09,5.52551058651192e-08
BSU_12360,exuT,162.937853849468,-1.52550882289748,0.288788317129512,-5.2824464578785,1.27470095770954e-07,1.34296539986099e-06
BSU_12370,exuR,632.318355664584,-0.672970337790849,0.175900633428956,-3.82585511303831,0.0001303189243322,0.0007738967881305
BSU_12380,uxaB,48.870209558926,-0.741751500348282,0.413370720509707,-1.79439777310223,0.0727497021179129,0.176215308903183
BSU_12390,uxaA,94.8582127159961,-1.08500956876951,0.320190268969358,-3.3886400491245,0.0007024014928595,0.0035427321954557
BSU_12400,yjnA,11.8541601426579,-1.18442700985085,0.993384731724758,-1.19231449007113,0.233137954973638,0.410587887609492
BSU_12410,yjoA,90.5511194726133,0.551135245795053,0.31841949987502,1.73084640234463,0.0834791632231407,0.195223665655919
BSU_12420,yjoB,429.378358015993,-0.207834366789897,0.153160473157991,-1.35697130274277,0.174790329014661,0.33825391875984
BSU_12430,rapA,149633.49626517,0.159436661728037,0.117713615725439,1.35444536934381,0.1755943314195,0.339177324207698
BSU_12440,phrA,3931.85340270546,0.531084454434131,0.123136858184636,4.31296089784752,1.61082616077818e-05,0.0001187662414456
BSU_12450,yjpA,43.2015340378682,0.206783526019021,0.535524640212889,0.386132608084696,0.699398461254969,0.826566670972552
BSU_12460,xlyB,81.2658942701571,-0.294477327975952,0.350342599347023,-0.840541026197803,0.400605108762913,0.594746711900877
BSU_12470,yjqA,140.184162904137,0.529553346974051,0.301783601915876,1.75474526651606,0.0793028894656942,0.187646782584292
BSU_12480,pghB,69.8628092284229,0.162113364395786,0.413871371689541,0.391699874610784,0.695279982693383,0.822956147179993
BSU_12490,xpdC,104.073270431419,0.0883522845475336,0.281816845093865,0.313509593502497,0.753893533251699,0.863286084559394
BSU_12500,xkdA,46.9398084254877,-0.0047989280551776,0.393997169275301,-0.012180107953579,0.990281920203191,0.992931662931467
BSU_12510,xre,572.994589293239,0.142238950358438,0.14497959828086,0.981096320069028,0.326545244975947,0.517435226638982
BSU_12519,yjzJ,0.956961714422792,-1.30658348065221,3.4252198068741,-0.381459746913182,0.70286213455475,
BSU_12520,xkdB,9.69743539260405,0.0663581365494282,1.06569589583855,0.0622674224500167,0.950349871234503,0.975118427011605
BSU_12530,xkdC,11.0220836917753,-0.0399676665872319,1.12280941216727,-0.0355961271379847,0.971604396462571,0.98405325240773
BSU_12539,ykzK,6.59430170868105,-1.57661011227125,1.06609710934165,-1.47886163320043,0.139177299300251,0.287282431325381
BSU_12540,xkdD,10.0186035324217,2.06722183175605,1.17688251098309,1.75652353779073,0.0789990559753965,0.18738576077364
BSU_12550,xtrA,8.89954452657869,1.84690147653806,1.29389996172961,1.42739124442761,0.153467153140481,0.308047462614186
BSU_12560,xpf,8.68425206741282,-0.528924662093214,1.13034838096388,-0.46793065837117,0.63983417817465,0.785747922612641
BSU_12570,xtmA,37.5701621245465,-2.05194491386018,0.550465593559523,-3.72765334994239,0.000193270962869,0.0011065762301648
BSU_12580,xtmB,52.9171570420918,-1.90959704861351,0.452441667697322,-4.22064806350022,2.43600994115379e-05,0.000173445579172
BSU_12590,xkdE,72.6521073003244,-1.54090917012633,0.356594602446421,-4.32117917532938,1.5519758255467e-05,0.0001150402080686
BSU_12600,xkdF,124.262873968222,-1.97363923290422,0.337128423705528,-5.85426530107156,4.79123280521031e-09,5.99048414892409e-08
BSU_12610,xkdG,122.881304273396,-1.2805038866677,0.277415178148565,-4.6158393178543,3.91509784935171e-06,3.18034660913091e-05
BSU_12619,ykzL,50.2602303258935,-1.40396892736476,0.414600108959056,-3.38632069077291,0.0007083655156645,0.0035684772518491
BSU_12620,xkdH,42.3072920522344,-2.02955112655508,0.485847355470464,-4.17734315871657,2.94933897977344e-05,0.0002057597664712
BSU_12630,xkdI,44.1407299030934,-1.45679721243855,0.454971089686561,-3.20195556478581,0.0013649805185109,0.0063663304857739
BSU_12640,xkdJ,32.1156429753194,-1.66474794340531,0.752824661221714,-2.2113355594697,0.0270126086423626,0.081253143822063
BSU_12649,ykzM,12.0307115552923,-1.66798143412733,1.29412858988746,-1.28888384598039,0.197438470837532,0.365225977026111
BSU_12650,xkdK,123.597928852886,-1.30200845999984,0.344828996029405,-3.77580909665965,0.0001594891101465,0.0009299217425781
BSU_12660,xkdM,92.8468428981607,-1.98519620900436,0.333513151764993,-5.95237758540692,2.6427479308372804e-09,3.38581687064986e-08
BSU_12671,xkdN,32.0356714912162,-1.29786438224152,0.55335035567072,-2.34546588601785,0.019003317521847,0.0604002840989179
BSU_12672,xkzB,1.86989819407709,-0.61156488845603,2.02271265620075,-0.302348871245374,0.762386126631737,
BSU_12680,xkdO,147.480723907453,-0.629737601417353,0.24401929880531,-2.58068769355733,0.0098603738984212,0.0352241067576132
BSU_12690,xkdP,23.9750022453564,-0.861512807505187,0.58151670689637,-1.48149278823508,0.138475305263903,0.286117965231689
BSU_12700,xkdQ,33.1448864069171,-0.468202055214422,0.533332442579949,-0.877880319729915,0.380008670355737,0.574816238574844
BSU_12710,xkdR,7.08846749384118,-1.68946940124625,1.47035408197719,-1.14902214504306,0.250546849351106,0.431543556703918
BSU_12720,xkdS,12.6140724592638,-0.572198603525663,0.813242527167667,-0.703601428123165,0.481681021739311,0.665421987713574
BSU_12730,xkdT,20.7038629765137,-1.27917268435244,0.706604134897348,-1.81031021639617,0.0702476936213366,0.171427499248776
BSU_12740,xkdU,22.2713926855276,-1.017856550369,0.610038731786135,-1.66851135400668,0.0952142599182991,0.215857123386597
BSU_12749,xkzA,9.51707259987035,-1.28263902574533,0.959822197051109,-1.33632982200872,0.181441493159518,0.346122995452739
BSU_12750,xkdV,120.094787723421,-0.875294564804558,0.263522415946978,-3.32151844335198,0.0008952906514921,0.0043365193215399
BSU_12760,xkdW,35.1161982994308,-0.781130244720719,0.463157081528681,-1.68653417139288,0.0916929590824615,0.210402141045494
BSU_12770,xkdX,8.3606970974796,-1.31759474811935,0.950484059405691,-1.38623550293227,0.165675003882753,0.324854483286399
BSU_12780,xepA,28.0392845603133,-1.00924761359337,0.517148062312794,-1.95156414021896,0.0509899741880838,0.132868413593682
BSU_12790,xhlA,24.284724248803,-0.577926506445763,0.684098686823154,-0.844799906179563,0.398222567009112,0.591635952432592
BSU_12800,xhlB,16.9865024199869,-1.62040268075353,0.699439017332811,-2.31671759881605,0.0205191202597056,0.0645264153015439
BSU_12810,xlyA,140.66432964576,-1.52734512093105,0.285196252958976,-5.3554179098936,8.53588943975767e-08,9.29986274657063e-07
BSU_12815,spoIISC,79.3495933068003,-0.0606823784763049,0.34340593247072,-0.176707426222111,0.859738207394709,0.928159505564483
BSU_12820,spoIISB,1002.62134629563,-0.267093839542133,0.123737608590798,-2.15855019814886,0.0308850799906921,0.0900308757312942
BSU_12830,spoIISA,838.781266472241,-0.4201027320647,0.14365893486396,-2.92430632638703,0.0034522483223978,0.0142024606405088
BSU_12840,pitB,258.9545030246,0.441699304817136,0.213125445187956,2.07248507763866,0.0382202264586217,0.106264005378258
BSU_12850,ykaA,225.724345457431,0.151276201357983,0.207566698467503,0.728807667486542,0.466119320700029,0.653890267058405
BSU_12860,steT,42.4715592538336,0.239793730929276,0.440318653001586,0.544591352863747,0.586034603286033,0.742107882318585
BSU_12870,mhqA,995.836983132172,-1.40218709249961,0.142533802314812,-9.83757585728768,7.75570255937067e-23,3.09556935807189e-21
BSU_12875,BSU_12875,0.0,,,,,
BSU_12880,ykcB,7.19904275471509,-0.676856280679766,1.17649166447906,-0.575317531875138,0.565076566645684,0.727771394602408
BSU_12890,ykcC,10.5621192840099,-0.668206330500744,0.911471235558706,-0.733107425042495,0.463492911841273,0.651687910734429
BSU_12900,htrA,930.886844394451,-0.424717835768622,0.127075301680868,-3.34225321640583,0.0008310121371687,0.0040911760677536
BSU_12910,proCC,214.507621735328,0.10310956669784,0.20767980771899,0.496483350164484,0.61955343153024,0.767462337893771
BSU_12920,dppA,7694.64487805206,0.38044890030798,0.0856843457641817,4.44012143542581,8.99081302848874e-06,6.9369637325756e-05
BSU_12930,dppB,9197.0632569422,0.262371133390442,0.0834258904874548,3.14496053751918,0.0016610923484514,0.0075793033019211
BSU_12940,dppC,10156.2305810517,0.224636923546016,0.0894649675757834,2.51089258324195,0.012042633491313,0.0413131996879672
BSU_12950,dppD,11473.4993218894,0.170119824572413,0.0864144228126332,1.96865082280619,0.0489932021143856,0.12887882254551
BSU_12960,dppE,50167.2380872553,0.114285990719732,0.0875644383686805,1.30516443488786,0.191836861683567,0.35848128927246
BSU_12970,ldcA,4506.10662776256,0.552369341440702,0.0931881637460222,5.92746245055484,3.07651668160422e-09,3.92942176779664e-08
BSU_12980,aeeB,6075.52398581772,0.542873404821336,0.102468711255349,5.29794312986443,1.1711442753041e-07,1.24015813438452e-06
BSU_12990,eepC,7085.46432322245,0.516338484337381,0.0905181257852375,5.70425514070453,1.16852936716978e-08,1.41829397752098e-07
BSU_13000,ykfD,8340.71805521474,0.52305369808195,0.0894591552000489,5.84684370104206,5.0098782468887305e-09,6.24504642727781e-08
BSU_13010,pgl,611.887692915502,-0.208709193199044,0.150848677517319,-1.38356660882944,0.166491198578634,0.325992908160335
BSU_13020,ddaH,11.315777295966,0.0085090785081877,0.866908020510112,0.009815434056292,0.992168542459795,0.993604733353585
BSU_13030,ykhA,563.663920016941,1.21553323249822,0.147681937728806,8.23075083650614,1.86043588460786e-16,4.6243529083875704e-15
BSU_13040,hmpA,11.2564830409858,2.46547215294277,1.03119597574778,2.39088612729983,0.0168077649891696,0.0545496735496819
BSU_13050,ykzH,0.0927147793697453,0.744093845581333,3.52963812512487,0.210813068989901,0.833033140139644,
BSU_13060,ykjA,1.74221424550375,-0.220984779569204,2.57667778663786,-0.0857634511832202,0.931654461120408,
BSU_13070,ykkA,51.0479823478997,-0.019417570682122,0.528692500470152,-0.0367275319109964,0.970702256157605,0.98405325240773
BSU_13080,ykkB,91.363736887495,-0.835439094219693,0.306100330938285,-2.72929823910622,0.0063469274213069,0.0242597566536326
BSU_misc_RNA_16,gdwA,28.5275803942686,-1.14647768054276,0.51193772461308,-2.23948661218366,0.0251242714517915,0.0765718434628389
BSU_13090,gdnC,23.1481256757817,0.151380839587655,0.602124055799995,0.25141137964755,0.801496070512952,0.892199031563224
BSU_13100,gdnD,27.1272090505435,-0.479450073557371,0.653452947891273,-0.733717821772145,0.463120734403307,0.651687910734429
BSU_13110,purU,282.66671440989,0.595185251886585,0.218144496908038,2.7283991130773,0.0063642554358327,0.0243036102246015
BSU_misc_RNA_17,pswB,830.645179519176,-0.0905558421395646,0.134742391021226,-0.67206646292405,0.50154138568065,0.681149328271447
BSU_13120,proB,137.505723924238,0.296642088616259,0.250973655611352,1.18196504686384,0.237219570126806,0.415404795232183
BSU_13130,proA,171.403262791883,0.164274174987698,0.232832665052916,0.705546083709356,0.480470463795248,0.664810965071358
BSU_13140,ohrA,21.2335929040068,-1.69442634230283,0.80654024613161,-2.10085776925549,0.0356534535009567,0.100686088157758
BSU_13150,ohrR,94.6642357344429,0.417831589650657,0.364400040318757,1.14662882387488,0.251535058477928,0.432169713469321
BSU_13160,ohrB,125.082962134416,-1.28704582577796,0.309695420808635,-4.1558439011381,3.24089050665514e-05,0.0002242156082187
BSU_13169,ykzN,0.982622026830333,0.555963507783809,3.45289402090844,0.161013776970061,0.872082549769338,
BSU_13170,guaN,63.8894925010771,-0.112401832293402,0.396041576520719,-0.283813212948165,0.776553528258033,0.876897088084629
BSU_13180,metE,199.643376832867,-0.0876643478848802,0.205302684202426,-0.427000495514439,0.669378966779355,0.807495521970678
BSU_misc_RNA_18,mswB,916.690130058945,-0.675902241206983,0.16468631253375,-4.10417982410327,4.05751774340634e-05,0.0002756588568392
BSU_13190,ispA,2483.26430992043,-1.0968330223039,0.146333815746869,-7.49541735589827,6.60877351308299e-14,1.32526661124674e-12
BSU_13200,rsbRB,446.179496188409,0.126865601667877,0.178561608338922,0.710486441335571,0.477402535999075,0.66228166822538
BSU_13210,thiX,91.8296303961259,0.603606176585368,0.29017472268507,2.08014733674948,0.0375120208966617,0.104927492413775
BSU_13220,thiW,195.332085309896,0.271284488769242,0.210337303425243,1.28975927879412,0.197134250561504,0.364965020336471
BSU_13230,thiV,53.5154260358237,1.14982892917975,0.464138394574814,2.47734068678607,0.0132365486893297,0.0446343733626381
BSU_13240,thiU,90.4291597581398,0.499634998884515,0.301692523915768,1.65610666250388,0.097700220361289,0.219990453830645
BSU_misc_RNA_19,tswB,5.21333692561751,-0.226198494613,1.30479601160012,-0.173359278080261,0.862369031794079,0.929847225898777
BSU_13250,ykoG,25.6143177394857,-0.245323751678938,0.519723405050849,-0.472027523284113,0.636907143203534,0.783817659324712
BSU_13260,ykoH,45.1125807046709,0.12476612874361,0.452033657892036,0.276010705320995,0.782539843850077,0.880781695179411
BSU_13270,ykoI,27.1270724150474,0.345124311429099,0.557578020351393,0.61897043791575,0.535935833853012,0.706993506955425
BSU_13280,ykoJ,1764.71011895664,-0.163352963256523,0.121466657910362,-1.34483788445939,0.17867759307755,0.343216422427075
BSU_13290,ykzD,7.85811640366278,-0.480498001515087,1.17291086478209,-0.409662844758761,0.682053289354808,0.816379239939968
BSU_misc_RNA_68,swmG,68.8433220297815,0.627863374314839,0.357375224895714,1.75687437342098,0.0789392245595481,0.187350898311426
BSU_13300,mgtE,161.440129010503,0.352044688589434,0.237015762814088,1.48532183855456,0.137458589527493,0.284583842956919
BSU_13310,tnrA,372.237383283696,0.0093103544669523,0.164489832239504,0.0566013980328955,0.954862720863063,0.977709707524069
BSU_13320,ykzB,1.95310465878842,-1.45019265854955,2.00239325889497,-0.724229694695362,0.468924731037587,
BSU_13330,ykoL,2.57613820372,-1.25286201417409,1.92484565514467,-0.650889597732408,0.515117756834768,
BSU_13340,ykoM,6059.75893973882,-0.946783861535585,0.127334362556693,-7.43541525261138,1.04239979985904e-13,2.0703356790501798e-12
BSU_13350,ykoN,12.685616437598,-0.23088559310546,1.05188353365375,-0.219497297674651,0.826262684687346,0.908801378944667
BSU_13360,ykoP,6.18893333362203,-0.209030113144889,1.07952622048702,-0.193631344174841,0.846464553549452,0.921015560100597
BSU_13370,ykoQ,46.1274152393199,0.473309534564191,0.436105190012983,1.08531048334944,0.277784164334734,0.463612527423697
BSU_13380,ykoS,7.34024391192439,-0.414114868444794,1.35980876404523,-0.304539049456383,0.76071724743279,0.867537433473527
BSU_13390,ykoT,14.4193696822804,-0.516058318979083,0.773051807761408,-0.667559811383764,0.504414618422969,0.683603237392988
BSU_13400,ligD,84.1607217441722,0.239105743428476,0.299779250680485,0.797606048069427,0.425099140171551,0.616483372341405
BSU_13410,ligV,26.7960378310494,0.457761237910602,0.513860019000685,0.890828671202753,0.373021091184483,0.567599175039146
BSU_13420,dgcW,224.933946558707,1.53904262447662,0.223457770285768,6.88739810886158,5.68220430563303e-12,9.7870664202003e-11
BSU_13430,ykoX,179.369359958856,0.031952900858703,0.226954247795361,0.140790054247031,0.888035800362552,0.943958007660972
BSU_misc_RNA_87,mnrW,0.0,,,,,
BSU_13440,ykoY,224.934984394475,0.519945634926979,0.214665219217287,2.42212332683797,0.0154301129855004,0.0508740262135125
BSU_13450,sigI,669.420919293327,-0.546180756769459,0.155593690857851,-3.51030143804768,0.0004475989641656,0.0023638464379793
BSU_13460,rsgI,828.229464303489,-0.0495889623129727,0.133075843593006,-0.372636843577964,0.709418747489486,0.833846217546444
BSU_13470,sspD,8.95227794813018,0.613600108047772,1.01715461966197,0.603251557026493,0.546341354176066,0.715188571802223
BSU_13480,htpK,184.108217264544,0.353575407796078,0.210881478864936,1.67665462941169,0.0936100374995368,0.21303468512093
BSU_13490,htpX,1113.29581813643,-0.497162305838175,0.179714334816284,-2.76640317171363,0.005667841391596,0.0220912766352257
BSU_13500,ktrD,98.589456783991,0.281098523860301,0.331957230868854,0.846791386723413,0.397111410007187,0.591426018568066
BSU_13509,ykzP,0.0927147793697453,0.744093845581333,3.52963812512487,0.210813068989901,0.833033140139644,
BSU_13510,ykzE,0.076965790185161,-0.609019383111511,3.52627986358419,-0.172708748786743,0.86288036660074,
BSU_13520,ykrP,4.0604764483607,-1.35731562854457,1.66891280335427,-0.813293316353355,0.416049908133472,0.607378102811073
BSU_13530,kinE,1466.06938286395,-0.770490837679504,0.108031186785949,-7.13211490683835,9.88383048429674e-13,1.8153885106334398e-11
BSU_13540,ogt,369.16559268809,-0.410596695617648,0.16616132890152,-2.47107253132887,0.0134708493732873,0.0453140160036592
BSU_13545,BSU_13545,133.155077555257,-0.663036399024766,0.247858295625707,-2.67506236719235,0.0074715349514161,0.0279622100734166
BSU_13550,mtnA,31968.7201166687,0.298892341478828,0.0860367046409892,3.47400964188523,0.0005127426084428,0.0026738625221687
BSU_13560,mtnK,23775.5781826512,0.354517007355175,0.0921350716146826,3.84779651377271,0.0001191849823468,0.0007170099445241
BSU_misc_RNA_20,mswC,3573.87984167207,0.239026584686269,0.0929044857651307,2.57282070631708,0.0100873449627345,0.0359112941169047
BSU_13570,mtnU,717.446550142867,-0.0801900021888332,0.149712643198892,-0.535626119981739,0.592216972928542,0.746520696819429
BSU_13580,mtnE,1003.02211927011,0.140952665413674,0.121029943719462,1.16460985671771,0.244176952145611,0.424446619914754
BSU_misc_RNA_21,mswD,84.5554079906101,0.452916892067463,0.356053149306149,1.27204854935303,0.203355870054282,0.373343749047026
BSU_13590,mtnW,679.56273552676,0.203641788698186,0.133900754754244,1.52084123104416,0.128299684790109,0.269656704589237
BSU_13600,mtnX,361.549245036748,0.512901788297142,0.205267501759411,2.49869942343967,0.0124649986353704,0.0425511589929462
BSU_13610,mtnB,497.687023834466,0.458666315991322,0.155284344516793,2.9537189819011,0.0031396976644914,0.0130983768897526
BSU_13620,mtnD,904.606051537771,0.47625956103258,0.142508284383528,3.34197806880362,0.0008318363288807,0.0040911760677536
BSU_13630,ykvA,509.026375434742,-0.300339697182259,0.175654683931645,-1.70983027870259,0.0872972621707777,0.20237361814085
BSU_13640,spo0E,2414.74295959914,0.198595147393022,0.126511582804619,1.56977837910484,0.116466679253087,0.251667457355316
BSU_13650,eag,266.800879764212,0.0171106563532756,0.226845446183599,0.0754286966793546,0.939873627591632,0.970793098605273
BSU_13660,kinD,3266.73956755912,-0.160300293642696,0.0989814213366416,-1.61949880571532,0.10533998324531,0.233205922527062
BSU_13670,mhqR,600.293014046325,0.708686725749547,0.155440938649952,4.55920256210938,5.13482257327831e-06,4.08326599649009e-05
BSU_13680,motB,1407.29717269052,0.523025170301239,0.107755504704969,4.85381393491929,1.21109374258567e-06,1.10005473205101e-05
BSU_13690,motA,946.62304161951,0.315623487483814,0.134516932007562,2.3463476513579,0.0189584149318932,0.060303739756543
BSU_13700,clpE,169.635673877222,-0.354835498913948,0.238604455233381,-1.48712855578024,0.136980860858378,0.284019756954609
BSU_13710,ykvI,38.1653429881843,-2.06647052845215,0.459664176026542,-4.495609264823,6.9371023637615e-06,5.42295892880866e-05
BSU_misc_RNA_22,qswA,2.12638509866665,-2.90779718583231,2.31593083762696,-1.25556304989307,0.209274435132911,
BSU_13720,queC,23.0297966231574,0.790103947731815,0.76700544862527,1.03011516951795,0.302955945041234,0.492971433895007
BSU_13730,queD,17.6047169442104,-0.219007433012799,0.834010716650286,-0.262595466269809,0.792862394855143,0.887347479386276
BSU_13740,queE,19.3485321945596,0.556788387920035,0.636336001970022,0.874991177925314,0.381578705902577,0.576185233976572
BSU_13750,queF,105.450438660662,0.246393754886913,0.274913289201593,0.896259891991739,0.370113974849461,0.565663884241573
BSU_13760,ykvN,133.806066153451,-0.132323117562025,0.25370436356051,-0.521564216338222,0.601973783448281,0.752807176394071
BSU_13770,ykvO,45.9987559669264,-0.231477644420446,0.53584422983655,-0.431986819175144,0.665750993023223,0.805299247719104
BSU_13780,ykvP,22.076357337794,-1.13263153930136,0.566562298376544,-1.99912973833038,0.0455943182499702,0.122089671669425
BSU_13789,ykzQ,8.22443899178457,-2.60236323313064,1.13351164792345,-2.29584163329778,0.021684937993371,0.0675782114192817
BSU_13800,ykvR,41.0023653011497,0.195768277682007,0.438513225752907,0.446436426964961,0.655282024814181,0.798144273768681
BSU_13810,ykvS,236.767099092835,0.639613867521547,0.247616382652748,2.58308380354029,0.0097921534155946,0.0350407145070114
BSU_13819,ykzS,17.5015753399064,1.00473828235445,0.728556436287176,1.3790809226458,0.167869805090248,0.328227772458605
BSU_13820,ykvT,7.07981198929953,1.60867517243431,1.15963056487105,1.38723074500299,0.165371413216457,0.324412446248353
BSU_13830,ykvU,51.6043160779467,-4.10076718946125,0.539234156789269,-7.60479865347962,2.85347791621421e-14,5.98221557081069e-13
BSU_13840,stoA,51.179069201162,-1.50617607614288,0.431071725693767,-3.49402660014141,0.0004757936091794,0.0024937112016461
BSU_13850,pfeT,644.44250212765,-0.487054164044477,0.14325862445825,-3.39982437976304,0.0006742914658378,0.0034092373625981
BSU_13860,papB,646.985973027372,0.0185015849770057,0.154127522264782,0.120040760437459,0.904450859232405,0.954718934924837
BSU_13870,ykvZ,174.89031345921,0.41393989143481,0.247355137751817,1.67346389162183,0.0942360091613383,0.214027875746071
BSU_13880,glcT,328.39214160877,0.118507615570637,0.17343407364728,0.683300651817996,0.494416882389014,0.675996205137285
BSU_misc_RNA_88,gswA,3.8202621713246,2.29999248388531,1.56706275189995,1.46770924208155,0.142183219212144,0.291890476236207
BSU_13890,ptsG,48.6147355892361,0.113314938133953,0.489432524658605,0.23152310568856,0.816908437257876,0.903781162861792
BSU_13900,ptsH,364.531734834022,0.0057840955595806,0.163190949574191,0.0354437275760259,0.971725917036687,0.98405325240773
BSU_13910,ptsI,2898.14192968092,0.125438931146464,0.0957255752326572,1.31040143495183,0.19006006845222,0.356986128572473
BSU_13920,splA,1.14841643608225,0.0523485360225181,2.92675665087028,0.0178861935811958,0.985729643179813,
BSU_13930,splB,12.9252071054798,0.467126535337384,0.779262548645413,0.599446920873314,0.548874895792179,0.716933185991937
BSU_13940,ykwB,3718.31277060821,0.0301333923475159,0.115362882711915,0.261205264979077,0.79393421816024,0.888068159413408
BSU_13950,mcpC,5428.46826559899,0.612458934895952,0.131335867608996,4.66330291980347,3.11174183855916e-06,2.60420168787482e-05
BSU_13960,ohaC,775.313895285852,0.621669856547551,0.125118282791957,4.96865719921399,6.7418133269319e-07,6.34586556011209e-06
BSU_13970,ykwD,60.9977112790542,0.276987333305401,0.395387381517129,0.700546720137051,0.483585938761853,0.666898748106462
BSU_13980,pbpH,3751.11581835129,-0.407657755290244,0.0929478282840478,-4.38587714007093,1.15519314580516e-05,8.70273457030345e-05
BSU_13990,kinA,1283.43290162574,-0.557099923941613,0.108632455656761,-5.12830093523658,2.92368825138546e-07,2.93145650519349e-06
BSU_14000,dapX,3175.35234577008,-0.432077233419378,0.102707098772347,-4.20688772815098,2.58911687105047e-05,0.0001829709004908
BSU_14009,ykzT,113.225709747638,0.845749110732561,0.358485423442437,2.35922873128583,0.0183129643120003,0.0586099574858236
BSU_14010,cheV,1938.13381762044,0.482263947419165,0.108673477017268,4.43773366469664,9.09110091676222e-06,7.00132836836363e-05
BSU_14020,kre,1118.21194452695,0.110408557555574,0.115060954561036,0.959565805592248,0.337273785607978,0.528909514189163
BSU_14030,ykuC,271.565505006236,-0.0251904101300008,0.194004418319692,-0.129844517708305,0.896689440989189,0.949772357628508
BSU_14040,ltdD,52.3911335812433,0.268503812970583,0.512418082308147,0.523993633794358,0.600282967765506,0.751666545760065
BSU_14050,ppeE,122.277183819543,-0.044706756243848,0.282533271020999,-0.158235368465773,0.874271334812553,0.937150956161067
BSU_14060,fadH,260.957955572138,-0.679984744394705,0.230357469712092,-2.95186757019242,0.0031585836359786,0.0131572479800412
BSU_14071,ykuG,1090.3253094042,-0.442957605328469,0.13111063906223,-3.37850237400053,0.0007288180318431,0.0036493650786259
BSU_14072,ykzU,304.817933708563,-0.331094140457688,0.204474605678225,-1.61924332539719,0.105394919455738,0.233205922527062
BSU_14080,ykuH,328.840236047717,-0.0643256133865938,0.173533402400083,-0.370681450930642,0.710874807645797,0.835222566243336
BSU_14090,ykuI,909.989693852444,0.154422414157771,0.126086156242455,1.22473726505571,0.2206742287154,0.394444979694106
BSU_misc_RNA_69,fsrA,0.889984499287537,-1.08035225045155,3.4428690198851,-0.313794176952918,0.75367736729615,
BSU_14100,ykuJ,177.126190690131,0.252150773158492,0.255420379311746,0.98719911793231,0.323545034141727,0.514770194220892
BSU_14110,ykuK,422.308215044644,-0.0129259679017416,0.166767609979511,-0.0775088634017702,0.938218740512347,0.970405874973963
BSU_14120,abbA,7350.98204465934,0.207340326681843,0.116935619818772,1.77311521504894,0.076209617295956,0.182227028453637
BSU_14130,ykuL,395.850599602029,0.0961050805340672,0.164545602456798,0.584063500325388,0.559177590332423,0.724000679185867
BSU_14140,ccpC,1979.20676941594,0.337737886127771,0.100544910129501,3.35907492177146,0.000782038619897,0.0038784257003497
BSU_14150,fldN,5.58003032675577,0.0417193065122312,1.43526311011176,0.0290673579069295,0.976810869408432,0.986795307596594
BSU_14160,ykuO,13.1966050428098,1.96739582672992,0.972773957543308,2.02245939200354,0.0431289146909534,0.116935417950456
BSU_14170,fldP,27.7979627715666,1.93926036580596,0.847950544536862,2.2869970168663,0.0221959972166718,0.0689121798402429
BSU_14180,dapH,388.584481334923,0.385831513805634,0.157268282740939,2.45333329188312,0.0141539128656348,0.047419606380347
BSU_14190,dapI,169.257889784442,0.521178294321835,0.228537616317747,2.28049238772673,0.0225785017572586,0.069890649361954
BSU_14200,ykuS,81.0193715024141,-0.880719682615196,0.43841582155692,-2.00886838318825,0.0445510937218868,0.120007521115868
BSU_14210,mscT,28.2503836809643,0.118330679711989,0.540658597805325,0.218863956279109,0.826756024476453,0.908826274039326
BSU_14220,ahpA,674.07894656326,0.283094139566158,0.141618740412098,1.99898783693725,0.0456096699010965,0.122089671669425
BSU_14230,ykuV,631.08812589017,0.168025644007058,0.147238976639844,1.14117639120828,0.253796526821077,0.435348412831703
BSU_14240,rok,8653.00878170204,0.0185468797578835,0.0832542877355428,0.222773868618006,0.823711506771562,0.907914758531819
BSU_14250,sppO,102.153538330986,-4.87837406143097,0.497331029283198,-9.80910856992405,1.02873300921189e-22,4.0285572841873304e-21
BSU_14260,mobA,123.614780869774,0.106355808187839,0.25436937255767,0.418115621068831,0.675862584336588,0.811198948265456
BSU_14270,moeB,358.773431003392,0.146112351472642,0.168812270376607,0.865531582192909,0.386747089326017,0.582506229242488
BSU_14280,moeA,383.707709032875,-0.0648271100459096,0.191961281213252,-0.337709300730767,0.735582265169316,0.852208011363016
BSU_14290,mobB,229.944665733135,0.0812936836463997,0.204721848028004,0.397093346066706,0.691298626500589,0.820344528789564
BSU_14300,moaE,279.695389697173,0.0176987454401799,0.197758142827192,0.0894969238037684,0.928686998223832,0.964709642048831
BSU_14310,moaD,114.152707054752,-0.0505924370607234,0.259529389327814,-0.194939144240114,0.845440589327223,0.920142602594993
BSU_14320,yknU,198.938443243153,-0.201513242633401,0.204053749707258,-0.987549814313624,0.323373174979406,0.514694037323433
BSU_14330,yknV,252.771093599062,-0.409604185129995,0.184564398067146,-2.21930225666262,0.0264661681954608,0.0798408896652308
BSU_14340,skiW,1916.72273676319,-0.535778612211387,0.100856918938561,-5.31226432306309,1.08271403835011e-07,1.14944909800289e-06
BSU_14350,skiX,1046.86496272464,-0.280179059887676,0.123361734137368,-2.27119910275975,0.0231349277255714,0.0714000631887338
BSU_14360,skiY,395.63999110255,0.225756172020449,0.229369987407551,0.984244602234376,0.324995260407092,0.516088495007589
BSU_14370,skiZ,590.816187807674,0.217561059738039,0.149953149484321,1.45086022191743,0.146818786333547,0.298162809232169
BSU_14380,fruR,588.499839500467,-0.530513819552061,0.143328698850804,-3.70137888507795,0.0002144310041824,0.0012209919044738
BSU_14390,fruK,719.086066252161,-0.752562689851144,0.188577022126696,-3.99074437258603,6.58662430712136e-05,0.0004206319615209
BSU_14400,fruA,1249.46385286681,-0.397997569576311,0.135533531800583,-2.9365247425405,0.0033191234132738,0.0136683346116068
BSU_14410,sipT,725.307833282511,-0.272706444547901,0.132661784225853,-2.0556518679383,0.0398160844433896,0.109964448785436
BSU_14420,ykoA,17.4198532585343,-0.813523309364409,0.735978128237002,-1.10536343153724,0.269002142541545,0.453111762222889
BSU_14430,ykpA,2964.1855747125,-0.435864645234039,0.109856413533911,-3.96758487932519,7.26046572918893e-05,0.000460125087662
BSU_14440,panE,732.247247270997,-0.491728134801278,0.125743462148422,-3.9105662147338,9.20800126285051e-05,0.0005670981193188
BSU_14450,ampS,589.580523950925,0.367646999459349,0.151200547352873,2.43151897196068,0.0150356608661718,0.0498628881676995
BSU_14460,ykpC,66.3413681133465,0.318429751144477,0.344130431389676,0.925317037085579,0.354801019148803,0.548929940546656
BSU_14470,mreBH,147.884951650799,0.178892155341923,0.230067642533119,0.777563299959365,0.43682650377193,0.626994058491452
BSU_14480,abhA,445.857517337443,-1.13526071998173,0.167569022633596,-6.77488417691657,1.2450596366987798e-11,2.0672970207746501e-10
BSU_14490,kinC,597.841100868113,0.464350471498542,0.174728858729308,2.65754881520699,0.0078711190401224,0.0292768952827495
BSU_14500,ykqA,195.715476443415,1.02488680260958,0.2319897950543,4.41780985396232,9.97060751601302e-06,7.59412693559083e-05
BSU_14510,ktrC,1364.39148840592,-0.0165723331954946,0.115024964573544,-0.144075968698939,0.885440480914571,0.941943474186669
BSU_14520,adeC,508.467178930087,0.700929768656886,0.156482053306831,4.47929812936758,7.48888766841157e-06,5.8214181107821e-05
BSU_14530,rnjA,5225.21378380465,-0.0056475943863093,0.103336935065216,-0.0546522342930449,0.956415523960229,0.978334361744433
BSU_14540,rnpZA,805.459713896033,-0.0371866568005621,0.144605946612179,-0.257158558633095,0.797056373825214,0.889164473998512
BSU_14550,ykrA,367.270275743242,0.0863453457676853,0.166209210854037,0.519497958771447,0.603413535976385,0.754221495886171
BSU_14560,defB,176.668655072366,-0.0122504610815975,0.233934768707184,-0.0523669959335178,0.958236271448704,0.979161592879185
BSU_14569,ykzV,0.0,,,,,
BSU_14568,BSU_14568,0.0927147793697453,0.744093845581333,3.52963812512487,0.210813068989901,0.833033140139644,
BSU_14570,ykyA,179.635742053508,0.303516603292882,0.242179965347401,1.25326883608021,0.210107885866636,0.381354540547619
BSU_14580,pdhA,624.237601759694,-0.650187512916392,0.178665193515407,-3.63913921969544,0.0002735508895836,0.0015160343693746
BSU_14590,pdhB,741.97011368798,-0.668137592948893,0.135777461985702,-4.92082841421246,8.6178659810403e-07,8.0028549636014e-06
BSU_14600,pdhC,2653.5318909631,-0.47968123582151,0.105440469978669,-4.54930859013196,5.38224657670273e-06,4.26368426333836e-05
BSU_14610,pdhD,3439.30184911586,-0.506995674721458,0.102363762825441,-4.95288235531191,7.31221864865633e-07,6.85169742902312e-06
BSU_14620,slp,4.9404135317248,-0.418183207048181,1.22585990744635,-0.341134581943642,0.733002268360653,0.852208011363016
BSU_misc_RNA_70,srrA,2.77522356956316,-0.868545027857856,1.9106437873808,-0.454582394475791,0.649409702969155,
BSU_14629,rgpA,0.0,,,,,
BSU_14630,speA,249.606747727238,0.668373856425279,0.196415891194111,3.40285020912461,0.0006668683010611,0.0033758174606157
BSU_14640,yktA,305.614383396275,0.448649493985571,0.189538663995938,2.36706054863395,0.0179299991853498,0.0576956795491371
BSU_14650,yktB,523.83493875742,-0.133664170283496,0.159194812688074,-0.839626417635839,0.401117882392435,0.595082319446389
BSU_14660,ykzI,68.4911045523165,-0.760544169967878,0.407010462968039,-1.86861085688502,0.061676974182454,0.154322555654832
BSU_14670,suhB,450.884927345026,-0.10037178254287,0.155095598215848,-0.647160742777376,0.517527915737801,0.693458346381155
BSU_14680,ykzC,156.629805818052,0.232934252426414,0.350040564412406,0.665449311046072,0.505763154242028,0.684254439982673
BSU_14690,yktD,533.049379627217,0.695875477457481,0.149848728093638,4.64385307977148,3.41970787539321e-06,2.83904147815144e-05
BSU_14700,nprE,2002.4119942191,0.379724548171146,0.125518861174842,3.02523895307021,0.002484367629314,0.010742302113836
BSU_14710,ylaA,32.4321685085685,0.643255446746961,0.567475495688947,1.13353871952834,0.256988090759053,0.438814300592689
BSU_14720,ylaB,1.29865373279154,1.28900504560065,3.10763045806692,0.414787106444588,0.67829775914119,
BSU_14730,sigP,17.2847541090305,2.17038388367135,0.805351755522436,2.69495145293799,0.0070398887226546,0.026517765959836
BSU_14740,sigQ,20.9452463007489,-0.12620937420463,0.668808497612167,-0.188707791027226,0.850321844947268,0.924243513583689
BSU_14750,ylaE,38.1334720152344,1.07704962605022,0.530697461256023,2.02949835769164,0.0424075560933992,0.115389167274748
BSU_14760,ylaF,190.854863669549,-0.168474521329022,0.284870219101618,-0.591407981712981,0.554247093673613,0.720538579968421
BSU_14770,bipA,2110.65692882343,0.400429056114508,0.132063022623378,3.03210579434084,0.0024285407185639,0.0105584136879027
BSU_14780,ylaH,348.827026445982,0.472380195622867,0.173515869570263,2.72240341354819,0.0064808975038787,0.0246583002186989
BSU_14790,ylaI,148.16142741022,0.212019328248285,0.283082546624394,0.748966443804114,0.45387743088776,0.644444950071065
BSU_14800,ylaJ,171.536647249296,-1.1984745038341,0.235117142748345,-5.09735057948062,3.44440092237459e-07,3.3961302206121e-06
BSU_14810,ylaK,319.805218422554,-3.00495276115022,0.204432366494864,-14.6990068777867,6.5412005443177895e-49,7.7578638455609e-47
BSU_14820,ylaL,516.324041816035,0.0686491930507368,0.146572127145819,0.468364581912905,0.639523891728222,0.785635890667017
BSU_14830,glsB,184.014903138644,-1.34993663577935,0.29129088991919,-4.63432493942345,3.58104126586001e-06,2.9435450088287e-05
BSU_14840,ylaN,6774.0927563695,-0.0829422208942451,0.104010892828033,-0.797437832125696,0.425196794751492,0.616483372341405
BSU_14850,ftsW,1698.46464046149,0.299732739954312,0.118373137147504,2.53210100853217,0.0113381324465426,0.0394175777098815
BSU_14860,pycA,58645.1971665306,0.0829448069293554,0.0841287941439579,0.985926492508895,0.324169185480699,0.515565627942676
BSU_14870,ctaA,568.184317302667,0.491873600188887,0.162838196427972,3.02062790536038,0.0025225114197474,0.0108845581116128
BSU_14880,ctaB,5322.90699038685,-0.322434770077526,0.101875635057623,-3.16498414851747,0.0015509140017326,0.0071215088730001
BSU_14890,ctaC,8779.47041873767,0.133098398944923,0.0881036583008727,1.51070229672409,0.130864317001591,0.273993134705729
BSU_14900,ctaD,13038.2798755164,0.0826136063179972,0.0933365609882389,0.885115172910722,0.376094516842932,0.571019875426119
BSU_14910,ctaE,3563.03286066761,-0.085465855126177,0.106910424128758,-0.799415546450791,0.424049498835874,0.615464849534165
BSU_14920,ctaF,1267.37892876639,-0.146708359447465,0.129884255821254,-1.12953150880245,0.258673685388492,0.440605034077814
BSU_14930,ctaG,4388.49223835526,0.121558840802587,0.0988672491788794,1.22951575786893,0.218878493413876,0.392807879879377
BSU_14940,ylbA,4350.87195891746,0.0135262638193984,0.110406163590812,0.122513665718243,0.902492223841642,0.953728416793955
BSU_14950,ylbB,342.095742500369,0.128209327416644,0.174868366185771,0.73317621827862,0.463450958184039,0.651687910734429
BSU_14960,ylbC,962.666921973653,-0.0745982900342795,0.14307798037322,-0.521382045229389,0.602100656619686,0.752807176394071
BSU_14970,ylbD,5.36251509083317,0.219357193389567,1.07062249130608,0.204887525874753,0.837660001389033,0.916850184148501
BSU_14980,ylbE,7.32772764943694,-1.45026630839925,1.47278292655674,-0.984711516034384,0.324765794427641,0.516088495007589
BSU_14990,ricF,618.647673109562,0.314026613417831,0.158400450166041,1.98248561218517,0.0474249161259276,0.126004744376688
BSU_15000,ylbG,142.006808650766,0.539429436122187,0.255414723128761,2.11197471122385,0.0346886184218228,0.0984227307375162
BSU_misc_RNA_23,csfG,14.1412480260159,1.63612216026423,0.778375532576239,2.10197018250183,0.0355558878490146,0.10053984363846
BSU_15010,rsmD,112.421177589783,0.918761051393316,0.289702740987942,3.17139233222359,0.0015171009489827,0.0070049900325109
BSU_15020,coaD,145.574831301458,0.675105128530426,0.238518469464508,2.83041028246612,0.0046488347278395,0.0185017382121399
BSU_15030,spoVV,46.6928172209743,-5.50575780028952,1.46755717451114,-3.75164790572711,0.0001756760653008,0.0010170590614557
BSU_15040,ylbK,219.763392332397,-0.091556265716337,0.199613475562891,-0.458667760070591,0.646472769240887,0.790662482356783
BSU_15050,ylbL,219.183906887987,-0.0777127072646225,0.222620726807185,-0.349081185652271,0.727028360867657,0.847961429042328
BSU_15060,ylbM,287.518544045222,-0.283502203790666,0.184236871589906,-1.53879188972398,0.123855110472988,0.263112877980231
BSU_15069,ylzH,3.34386588812839,-2.71181147432915,2.46908754449817,-1.09830511290369,0.27207128004674,
BSU_15070,ylbN,792.89981132208,0.419059286421775,0.144224986479598,2.90559421533421,0.0036655647673404,0.0150056798315879
BSU_15080,rpmF,1504.12610405822,0.57776891939588,0.124467746832957,4.64191675431612,3.45191940085422e-06,2.85436602249918e-05
BSU_15090,gerR,609.3513267299,-4.48948675510784,0.212978015336458,-21.0795783218068,1.22469761246914e-98,6.3546497366992496e-96
BSU_15100,ylbP,12481.5291812028,-0.410764602624166,0.0862722240440535,-4.76126131180316,1.92386746181489e-06,1.70276627590482e-05
BSU_15110,panE,261.169233045436,0.0442275615125595,0.186478367234609,0.237172612397001,0.812522882352401,0.900850022608124
BSU_15120,bshC,578.474112056175,0.0142202380441645,0.157078217835976,0.0905296624832699,0.927866323470739,0.964339786862053
BSU_15130,mraZ,2501.41788635674,-0.428482943063715,0.100485092851814,-4.26414437110189,2.00669670992797e-05,0.000144473991615
BSU_15140,rsmH,4551.00663469236,-0.22850511234607,0.102306816848423,-2.2335277294828,0.0255141638043272,0.0775892263382872
BSU_15150,ftsL,1833.22642189148,-0.307670144538531,0.112611047312419,-2.73214886000443,0.0062922704160706,0.0241620855662436
BSU_15160,pbpB,2322.679832472,-0.150562757975607,0.118441409274769,-1.27120032510184,0.203657390961922,0.373732020284234
BSU_15170,spoVD,212.692713507796,-3.31825599748757,0.237035670722972,-13.9989731814064,1.5813903283697601e-44,1.64108781326572e-42
BSU_15180,murE,241.992357437628,0.586811821995884,0.220578694555547,2.660328655849,0.0078064435773025,0.0290623742505676
BSU_15190,mraY,138.232136316257,1.06847472659194,0.337927813005556,3.16184310811486,0.0015677400608172,0.0071908165662455
BSU_15200,murD,236.829170817092,0.960934487125824,0.214261183990788,4.48487434460896,7.29569157656771e-06,5.68187912464026e-05
BSU_15210,spoVE,220.921788436818,-0.259130615761535,0.197943191137243,-1.30911608665472,0.190495030899728,0.357614537367547
BSU_15220,murG,273.098808981876,-0.825103715259134,0.189554004171272,-4.35286882419857,1.34367554712325e-05,0.0001006786497492
BSU_15230,murB,359.196393918104,-0.678159195689925,0.171877110167386,-3.94560506067088,7.95987207727268e-05,0.000496863593876
BSU_15240,divIB,510.200645063014,-0.28626990903291,0.140812803660395,-2.03298209815721,0.0420543316618662,0.114964629871843
BSU_15250,ylxW,518.30570299557,-0.087990933295849,0.152663281398684,-0.576372605709022,0.564363356670141,0.727771394602408
BSU_15260,ylxX,601.489915800005,0.0727684733767435,0.151421362569851,0.480569400127905,0.630822567844233,0.779040265437149
BSU_15270,sbp,163.358144615544,0.188019751194347,0.236674770201295,0.794422451680985,0.426949537979245,0.617514819565103
BSU_15280,ftsA,5078.48243504817,-0.417407756046443,0.0892141829841294,-4.67871522312431,2.88678051830166e-06,2.43557437631508e-05
BSU_15290,ftsZ,8554.58111186689,-0.392931670083236,0.0986851614967207,-3.98166922082093,6.84329733195702e-05,0.000435682932898
BSU_15300,bpr,11268.1370234676,-0.692597644761918,0.123745739570749,-5.59694133442018,2.18166489646391e-08,2.5582177924355e-07
BSU_15310,spoIIGA,1438.59970133013,-1.85619063376617,0.128795057127683,-14.4119710426931,4.3511329616015503e-47,4.88150079016434e-45
BSU_15320,sigE,903.04568653704,-1.82141742887087,0.190933541994481,-9.53953616449181,1.43472561676068e-21,5.17873568275965e-20
BSU_15330,sigG,1864.36212822726,-1.92578153067595,0.144769636273251,-13.3023856400458,2.24198944082058e-40,1.89928534058086e-38
BSU_15340,ylmA,426.950593535313,0.83962688023439,0.209195412554572,4.01360082413546,5.97994420415298e-05,0.0003890712914018
BSU_misc_RNA_24,tswE,98.239994619323,-0.0942267784203085,0.318888913094036,-0.295484648575795,0.767623677757752,0.872361219574702
BSU_15350,thiQ,431.039722544144,0.241994232857632,0.19645567633496,1.23180066553551,0.218023554657608,0.392461307625208
BSU_15360,ylmC,186.910576723073,-0.0792839809240859,0.209490986756194,-0.378460105380843,0.705088824929441,0.831484009171054
BSU_15370,ylmD,2032.53589377126,-0.21164722884366,0.104604016443229,-2.02331837763157,0.0430403333520956,0.116771518787287
BSU_15380,ylmE,2053.99465425373,-0.0376409295953376,0.10498569512449,-0.358533889314193,0.719943811227029,0.842064457707353
BSU_15390,sepF,1411.21949954342,-0.0610677564841476,0.113751899130138,-0.536850434596109,0.59137093065611,0.745963538084232
BSU_15400,ylmG,1890.51081284076,0.0348148602870554,0.124616395240101,0.279376242748612,0.77995610106287,0.878588270152503
BSU_15410,ylmH,545.818624223311,0.754159685421539,0.188657999894535,3.99749645306924,6.4015949947133e-05,0.0004113470715643
BSU_15420,divIVA,1905.0741015312,0.425920925602836,0.1063985662875,4.00307015840752,6.25257502341862e-05,0.0004036460174527
BSU_misc_RNA_25,iswA,1842.5781337474,0.323614602679402,0.103861624939625,3.1158245681937,0.001834313625976,0.0082494429701264
BSU_15430,ileS,1121.54916672893,1.06183953023,0.138479695126357,7.6678355571271,1.74922943513612e-14,3.74280999239693e-13
BSU_15440,ylyA,0.567528025631239,-1.03167764841632,3.47841010672605,-0.296594598325659,0.766776035319316,
BSU_15450,lspA,80.4134459042931,0.498628202612626,0.321594343068185,1.55048810204633,0.121024407036591,0.259088351525988
BSU_15460,rluD,80.1947138465493,0.673432350006586,0.322543927128685,2.08787793960823,0.0368088466223576,0.103378567205282
BSU_misc_RNA_26,pyaA,2.41777983832084,-0.311887063041613,1.67640317490883,-0.186045378408792,0.852409175665209,
BSU_15470,pyrR,508.7633795232,-0.282154649740897,0.143480435477924,-1.96650260226113,0.0492405820274678,0.12928377988363
BSU_misc_RNA_27,pyaB,3.9114204544186,0.754610570914292,1.60150120184685,0.47118951271724,0.637505407149337,0.783841787272305
BSU_15480,pyrP,68.5817341400389,0.283403603284263,0.374068100041656,0.757625692361104,0.448675094864417,0.639358159554478
BSU_misc_RNA_28,pyaC,0.227011210252496,-0.931720917211643,3.5138986469198,-0.265153042484128,0.790891567165694,
BSU_15490,pyrB,4.87899162801257,-1.06661359473352,1.36842887656539,-0.779443939688416,0.435718248838001,0.626219052858997
BSU_15500,pyrC,12.2226467088955,0.252737782717796,1.12209344909239,0.225237731244419,0.821794338191433,0.906769882464816
BSU_15510,pyrAA,15.7493234431777,-0.76548864396775,0.714146907402,-1.07189240201645,0.283768363287066,0.47098059816258
BSU_15520,pyrAB,72.5015276912082,-0.0187042735348216,0.358615300578049,-0.0521569311311379,0.958403650173001,0.979161592879185
BSU_15530,pyrK,42.575095513084,0.881609102415039,0.697830541364549,1.26335700454028,0.206460908463181,0.37671174990359
BSU_15540,pyrD,24.7296214025559,-1.77720475887675,0.648022108194189,-2.74250636884781,0.0060972267497329,0.0235657246165192
BSU_15550,pyrF,18.2522270650097,-1.41280754352006,0.799377232064758,-1.76738526799273,0.0771637284492068,0.184161886572628
BSU_15560,pyrE,16.5921758852722,-0.337361027846812,0.75509705208935,-0.446778366983868,0.655035092344213,0.798077683686771
BSU_misc_RNA_29,mswE,71.1777170533792,-0.479236634821727,0.428980934197097,-1.11715136179348,0.263929612805838,0.446989727767047
BSU_15570,cysH,2264.50665540818,-0.124312069309468,0.0967765501083845,-1.28452676986569,0.198957703086258,0.367544915670252
BSU_15580,cysP,1589.84402850913,-0.170253614540339,0.104261811580627,-1.63294318369559,0.102480946699614,0.228374788492539
BSU_15590,sat,707.850102165406,-0.373533451783677,0.14281735933667,-2.61546252863512,0.0089106697916229,0.0324457809693219
BSU_15600,cysC,494.441944590664,-0.393520025450051,0.146309495966399,-2.68964104380775,0.0071528912975531,0.0268946121160717
BSU_15610,sumT,575.753752559291,-0.215670284070267,0.13915605738691,-1.54984474352141,0.12117878483781,0.259285121578221
BSU_15620,sirB,1198.95112983408,-0.121444998780882,0.111946518901937,-1.0848483719915,0.277988817334999,0.463612527423697
BSU_15630,sirC,1198.9843516772,-0.104172866271225,0.116811850075874,-0.89180049972294,0.372499873818737,0.567599175039146
BSU_15640,fbnA,337.294661653202,0.170444062470487,0.166666963945212,1.02266255072911,0.30646742367136,0.497217080728528
BSU_15650,tcaB,333.077262210363,-3.60004875913033,0.292429811920295,-12.3108130990132,7.92210198578455e-35,5.5736687022019796e-33
BSU_15660,yloC,1914.85483506327,0.0620522493539627,0.0991618251606978,0.625767519440099,0.531467439103749,0.704605985218672
BSU_15670,remA,543.669377032968,0.0430529046832223,0.148172854559872,0.290558650645595,0.771388888218866,0.873917924398611
BSU_15680,gmk,1017.15790828384,-0.346253161042279,0.139523676986714,-2.48168030344593,0.0130764536179129,0.0442743547862615
BSU_15690,rpoZ,322.873056439,-3.82653626112802,0.76178598130061,-5.02311194358672,5.08408910558021e-07,4.87391544509548e-06
BSU_15700,coaBC,1362.26241438637,3.28122336279482,0.153070047495901,21.4360903159888,6.15745544387241e-102,4.25993292458573e-99
BSU_15710,priA,1936.71204117834,2.48909467096985,0.112471732938326,22.1308466220108,1.59553441909355e-108,1.32461267473146e-105
BSU_15720,defA,549.980620957214,0.867157742714136,0.138248075392161,6.27247605620776,3.5535111453289005e-10,5.08642233250353e-09
BSU_15730,fmt,1501.12479563555,1.02101559517247,0.128273879637024,7.95965318942274,1.7252215542682802e-15,3.8710241469014204e-14
BSU_15740,rsmB,2339.15330619452,1.0894090872002,0.0960756971352811,11.3390703339497,8.403239107596839e-30,4.71376291022087e-28
BSU_15750,rlmN,2319.09803324622,0.916684010525284,0.0967285820792938,9.47686806546825,2.62029578191953e-21,9.29645110320341e-20
BSU_15760,prpC,1057.95025135725,0.829758938923331,0.127699373774555,6.4977526075282,8.152872593663529e-11,1.2534286717147102e-09
BSU_15770,prkC,2258.44138806966,1.12008429538738,0.113054188240638,9.90749934007977,3.86191014465838e-23,1.5563872825705801e-21
BSU_15780,rsgA,1385.2587757724,0.864363043559777,0.119405504261368,7.23888776239129,4.52379194076458e-13,8.6535761963658e-12
BSU_15790,rpe,685.79970577619,1.19117733596315,0.133105624747302,8.94911344448871,3.5834873311044304e-19,1.09375411113342e-17
BSU_15800,thiN,115.154087844123,0.731152549191931,0.283137205345841,2.58232593734496,0.0098136852692894,0.0350875172720247
BSU_15810,spoVM,62.3333193521082,-1.11821287304046,0.513803657092838,-2.17634276752222,0.0295296398699801,0.0872437972244039
BSU_15820,rpmB,2493.48556315215,0.140699735531079,0.135454060472496,1.03872659882092,0.298931906982975,0.487910151697676
BSU_15830,yloU,812.262911753979,0.0812079878784877,0.153112827594347,0.530380041662074,0.595848460977297,0.748824390407739
BSU_15840,yloV,4360.48026717187,0.143396641039699,0.101283352496718,1.41579674748962,0.156835022156356,0.312991431236074
BSU_15850,sdaAB,1971.25907895695,-0.713623383247212,0.111010263029778,-6.42844511642844,1.28915781570269e-10,1.96738753418451e-09
BSU_15860,sdaAA,3377.49509045102,-0.609086351758803,0.102896399301379,-5.91941366164637,3.2309139468219903e-09,4.1013834230147e-08
BSU_15870,recG,4115.82781690271,-0.400485114547818,0.0973920078074044,-4.11209424226873,3.92086174773813e-05,0.0002669714120191
BSU_15880,fapR,2345.13162381877,0.0093951369398366,0.109882523836248,0.0855016485955285,0.931862584883035,0.967406010873326
BSU_15890,plsX,2811.04330974339,0.199664059208588,0.138227656623891,1.44445810690304,0.148610155808656,0.300770724896017
BSU_15900,fabD,1732.61716324548,0.479039151623376,0.1328792353936,3.6050715539145,0.0003120669347281,0.0017089575805496
BSU_15910,fabG,2461.34881421397,0.452526385846157,0.109147757286166,4.14599802229299,3.38336745624615e-05,0.0002332949885527
BSU_15920,acpA,1366.04215410524,0.56978278935459,0.166526121756819,3.42158205177355,0.000622579362408,0.0031631908609004
BSU_15930,rnc,660.202535511199,0.484233426014067,0.143845055135016,3.36635434259145,0.0007616879640925,0.0037956383420746
BSU_15940,smc,1081.50602047262,0.188784174241714,0.145408675170343,1.29830062766583,0.194184050809454,0.361623147110831
BSU_15950,ftsY,428.751429280399,0.225309925632117,0.154688574391352,1.45653889770875,0.145243704847252,0.296852101832075
BSU_15960,ylqB,3481.00707944579,0.775530300305228,0.107710128116969,7.2001613391735,6.01413539332754e-13,1.1347580008046699e-11
BSU_15970,ylxM,361.199806618888,0.0071269938211187,0.202829814906768,0.035137801729961,0.971969858590705,0.984060215368297
BSU_15980,ffh,1903.68922089908,-0.137530533652342,0.103006585311472,-1.33516253583668,0.181823155612527,0.346532561500276
BSU_15990,rpsP,304.258473469933,-0.0901367395263744,0.262924949267961,-0.342823074711373,0.731731565653043,0.851294206565521
BSU_16000,ylqC,216.345891363621,-0.0719029902609591,0.231538717054142,-0.310544133507251,0.756147203473645,0.864742321697418
BSU_16010,ylqD,78.6057873874895,-0.196053098703018,0.371334209936709,-0.52796939645403,0.59752057710101,0.749111421185833
BSU_16020,rimM,222.236597348837,0.0026703964014865,0.271586884609999,0.0098325675973684,0.992154872531563,0.993604733353585
BSU_16030,trmD,290.979139131815,0.155486063834041,0.172768149990454,0.899969489993568,0.36813648744181,0.563162029514885
BSU_misc_RNA_30,BSU_misc_RNA_30,28.9269599569624,1.07274412932567,0.528365468290042,2.03030703879534,0.0423253391912011,0.115359476679367
BSU_16040,rplS,7255.10584940868,0.91209533602609,0.0887230146464401,10.2802563648313,8.64972170099394e-25,4.08011304327566e-23
BSU_16050,rbgA,586.299488036967,0.129365173063422,0.138206220914324,0.936030029672959,0.349257726529782,0.542702549432804
BSU_16060,rnhB,137.572459309349,0.198336595440854,0.24508838396717,0.809245188329374,0.418374127141327,0.609572131191171
BSU_16070,ylqG,562.876290733611,0.431333468969371,0.156319054771668,2.75931472077675,0.0057922722075713,0.0225128482524613
BSU_16080,ylqH,60.3258822104101,0.819524915440987,0.382110956438535,2.14473021940896,0.0319744232680326,0.0922989088912401
BSU_16090,sucC,7704.83109834861,0.563020496742045,0.0914899020171523,6.15390862082781,7.55962521438292e-10,1.04132367167915e-08
BSU_16100,sucD,10974.6512608828,0.417701595798737,0.0977082662602759,4.2749872839424,1.91148204194587e-05,0.0001384740306477
BSU_16110,dprA,1894.06156179748,0.636699395314769,0.102327704934981,6.22216041803465,4.90355279703194e-10,6.8534167207002e-09
BSU_16120,topA,3828.96808925431,0.558358386246054,0.0920879687488237,6.06331526074829,1.33343925873323e-09,1.77407255224411e-08
BSU_16130,trmFO,267.192346399324,0.506599357331425,0.181527992045291,2.79075062541885,0.0052585970483032,0.0206513115870451
BSU_16140,codV,1275.29927478921,0.123339070887535,0.113135561092051,1.09018835189389,0.275630183282852,0.460979587599785
BSU_16150,clpQ,847.39846228953,0.416570157215596,0.140379998132142,2.96744666447047,0.0030028437567892,0.0126289811899008
BSU_16160,clpY,3094.42536542111,0.293844431410745,0.0928202620611087,3.16573585212775,0.0015469119826481,0.0071109984938786
BSU_16170,codY,2301.0189451061,0.23624966051494,0.0985442379836276,2.39739700005789,0.0165120225663462,0.0538001614386994
BSU_16180,flgB,1307.36418539129,0.190557700144037,0.126852185122336,1.50220274061707,0.133044757265386,0.277625653505256
BSU_16190,flgC,2170.43147965321,-0.0548831355759553,0.110513663634046,-0.496618551690537,0.619458068243033,0.767462337893771
BSU_16200,fliE,1808.96381120862,0.0756477277651232,0.129460050887202,0.584332597173429,0.558996565121219,0.724000679185867
BSU_16210,fliF,4253.16411505432,0.282409586149687,0.124568288201269,2.26710658248261,0.0233837155680855,0.0720607300097422
BSU_16220,fliG,2004.60185009224,0.329891257115275,0.103140438690593,3.19846668584476,0.0013816049510725,0.006436635411787
BSU_16230,fliH,1210.97802193699,0.150083196334319,0.13915347997022,1.07854432649789,0.280790911355496,0.467346861682704
BSU_16240,fliI,3258.39086475308,0.330264772804846,0.109518102268473,3.01561811211112,0.0025645603440659,0.0110430394068648
BSU_16250,fliJ,613.637572544747,0.384506732226196,0.16317859461316,2.35635521397723,0.01845526051537,0.0589744314082377
BSU_16260,ylxF,914.044137143686,0.577610535677224,0.149321087348169,3.86824490723418,0.0001096215353566,0.0006642905011176
BSU_16270,fliK,2552.3058233946,0.649291790360688,0.110302489681103,5.88646541195819,3.94542278969322e-09,4.97794832827251e-08
BSU_16280,flgD,535.178102569971,0.907706021721394,0.164100674019044,5.53139727881954,3.17689884506346e-08,3.66314086273845e-07
BSU_16290,flgE,2097.36389602083,0.64957155466852,0.104597293980095,6.21021376319864,5.291257410590381e-10,7.370472990389481e-09
BSU_16299,swrD,145.724132819095,0.648999363366119,0.329739193904238,1.96822026426922,0.0490426996416483,0.128927325023738
BSU_16300,fliL,260.919624540244,0.811750736606763,0.229122121691755,3.54287368942418,0.0003957922247323,0.0021144575609575
BSU_16310,fliM,980.998416356624,0.779724800104317,0.129575753132598,6.01752088067283,1.7710847530854601e-09,2.3191712334567e-08
BSU_16320,fliY,916.663714621851,1.07777040240168,0.15721562908731,6.85536424500864,7.11310428718681e-12,1.21010229082428e-10
BSU_16330,cheY,421.470206862981,1.20116830557622,0.169208441823293,7.09874928598782,1.25890947240533e-12,2.2720579217193497e-11
BSU_16340,fliZ,451.150739788157,1.21564993355268,0.170754921134756,7.11926734218872,1.0850227202818998e-12,1.9754075929342698e-11
BSU_16350,fliP,290.959041594137,1.14718375405975,0.187484416307836,6.11882190878282,9.426968729476901e-10,1.27880219594963e-08
BSU_16360,fliQ,110.234538771337,1.05241772320375,0.278180640822097,3.78321697762138,0.0001548143431024,0.0009100864285216
BSU_16370,fliR,244.993918669304,1.25125974499883,0.202757708628842,6.17120677413711,6.77707224493694e-10,9.377208962911072e-09
BSU_16380,flhB,455.269304328214,1.49249147536591,0.187138615334668,7.97532605815657,1.5197905770677702e-15,3.46192601317774e-14
BSU_16390,flhA,795.000160377872,1.51652980642438,0.180558557522159,8.39910235901314,4.49904516053087e-17,1.15997120878035e-15
BSU_16400,flhF,323.534078786083,1.65127488474079,0.219726379070626,7.51514174913898,5.68493045277272e-14,1.1455410829834699e-12
BSU_16410,flhG,310.292648871624,1.73448792601698,0.239399634636212,7.24515694709679,4.31938730732352e-13,8.3008225521759e-12
BSU_16420,cheB,292.29382872351,1.95468993514691,0.214634265843888,9.10707303636518,8.46344164872083e-20,2.6414846829955e-18
BSU_16430,cheA,813.654322809859,1.61093590890967,0.165515748726459,9.73282555469687,2.18439378055519e-22,8.474222974845401e-21
BSU_16440,cheW,339.791481496234,1.58321362673651,0.184105457833449,8.59949316749077,8.006890967605339e-18,2.1723270853941002e-16
BSU_16450,cheC,275.895455028932,1.72734425286935,0.241969957241913,7.13867238957443,9.42366331854148e-13,1.7385611749007e-11
BSU_16460,cheD,206.168451149711,1.83335913115242,0.230146399538109,7.96605610529588,1.6381858812604402e-15,3.69571173538701e-14
BSU_16470,sigD,327.248180771362,1.29343392131935,0.174686111580193,7.40433174463085,1.31812533547615e-13,2.59314609837039e-12
BSU_16480,swrB,288.363908432477,0.965345983077829,0.179321170024118,5.38333529135458,7.31181546060894e-08,8.07216648324141e-07
BSU_16490,rpsB,8977.56570701258,0.291392636044487,0.101485141349942,2.87128373837214,0.0040880839951358,0.0165235021069219
BSU_16500,tsf,2461.60017072457,0.485919616438376,0.122351438401735,3.97150718279979,7.14193469384242e-05,0.0004533053656596
BSU_16510,pyrH,738.804315718969,0.335518071528679,0.127940217982497,2.6224597458055,0.0087297579802413,0.0318709106209164
BSU_16520,frr,834.578335163559,0.459943561515906,0.143015319185562,3.21604401636954,0.0012997089583789,0.0060892684946172
BSU_16530,uppS,959.306798962486,-0.179841999050338,0.14107469465386,-1.27479984622045,0.202380095161364,0.371716714608328
BSU_16540,cdsA,513.579907579173,0.105678775980874,0.198221059840484,0.533135964795657,0.593939464698269,0.747700939588807
BSU_16550,dxr,827.506188455937,0.0853341096262791,0.14654190938537,0.582318805481584,0.560351960843752,0.725068886989531
BSU_16560,rasP,2820.89256065793,-0.0952972429496954,0.0973995767163923,-0.978415370604551,0.327868929145848,0.518472238496056
BSU_16570,proS,3532.07757190363,0.0011416066066603,0.0925367128599303,0.012336796622421,0.99015691012656,0.992931662931467
BSU_16580,polC,2416.26909413027,-0.228845954529684,0.111362737197437,-2.05495985720932,0.0398828821719997,0.110075694079768
BSU_misc_RNA_71,surG,56.1702491279111,0.269778949574192,0.451039546395688,0.598127041697403,0.549755167971476,0.717426639874359
BSU_16590,rimP,671.525631249422,0.544585044750923,0.134725145996772,4.04219301988339,5.29536139928926e-05,0.0003505748830693
BSU_16600,nusA,1859.79650741842,0.552785675693104,0.10806872019277,5.11513113791908,3.13523059467469e-07,3.11347899485518e-06
BSU_16610,rulR,215.600891706155,0.546804189495309,0.199479035868904,2.74116118074014,0.0061222466633812,0.0236404147904144
BSU_16620,rulQ,363.485269468461,0.437949621926286,0.16344695013397,2.6794603482495,0.0073740936370098,0.0276761868781446
BSU_16630,infB,4715.11101598296,0.383763984669318,0.0874932005291564,4.38621495554311,1.15340142095481e-05,8.70273457030345e-05
BSU_16650,rbfA,1013.44275547108,0.178407011781816,0.117132363696425,1.52312312457212,0.127727904430933,0.268758585000345
BSU_16660,truB,40.5905272601981,1.17555327514888,0.53591912537173,2.19352738033649,0.0282694040980666,0.0842091899621791
BSU_16670,ribC,310.031017769083,0.280598620853462,0.180056345946538,1.55839339834641,0.119140020609865,0.255713663677119
BSU_16680,rpsO,6315.11332648639,0.392506699972977,0.118584575251189,3.30993047908263,0.0009331914616257,0.0045095200898818
BSU_16690,pnpA,3660.59090521764,0.498826334835362,0.101626244810735,4.90844009600431,9.18036611309458e-07,8.46837771899013e-06
BSU_16700,ylxY,122.558157736618,0.0066692109254808,0.333227267511672,0.0200140011808824,0.984032203475743,0.989994589585024
BSU_16710,mlpA,185.193112782996,-0.330160903847502,0.223802498822673,-1.47523332216724,0.140149825687686,0.288715596242971
BSU_16720,ymxH,90.5435645171999,-4.49059863118127,0.983797696507495,-4.56455493555535,5.00555117069357e-06,3.98810804405931e-05
BSU_16730,spoVFA,4.73977655471134,1.32298385696603,1.56387050477331,0.845967650728091,0.397570790845446,0.591481451619461
BSU_16740,spoVFB,6.34640541597095,-0.331554238725162,1.25837258769138,-0.26347859288117,0.792181721214577,0.887202164044638
BSU_16750,asd,3279.03636711841,-0.0831599121756264,0.097722965681042,-0.850976140522097,0.394782606791784,0.588840316490369
BSU_16760,dapG,1397.59348889392,-0.137737164590889,0.112136559223172,-1.22829847415567,0.219334943575864,0.393035312820078
BSU_16770,dapA,2014.60529700198,0.035594173854687,0.0991484642003149,0.358998741349883,0.719596030857971,0.841894905324532
BSU_16780,rnjB,5567.58259086244,-0.0332908704485575,0.0982753933228527,-0.338750823811928,0.734797449996255,0.852208011363016
BSU_16790,tepA,14.4211622603361,-3.35257732704115,1.07291379157287,-3.1247406393447,0.0017796189433359,0.008038300580835
BSU_16799,tepJ,14.2827904363965,-1.49468636841178,0.983272024222413,-1.52011481216889,0.128482122496649,0.269903487086836
BSU_16800,spoIIIE,1588.57553469417,0.27705794761851,0.109907013419355,2.52083956245253,0.0117075218420258,0.0405320460102161
BSU_16810,ymfC,1617.18929570255,0.2426322935328,0.126264838464978,1.92161409686592,0.054654333475437,0.139870615447928
BSU_16825,bcbE,23.3089963144483,1.41699437387192,0.591473847869188,2.39570080566826,0.0165886249596471,0.0540073585941137
BSU_16845,ymfF,497.805822639603,-0.778832951040972,0.163447676988561,-4.76502918481662,1.88826316381749e-06,1.67482487030051e-05
BSU_16860,ymfH,1516.06395857585,-0.637918292283922,0.107727398361227,-5.92159749504841,3.1882919757492604e-09,4.05969324887583e-08
BSU_16870,efpI,67.1044949267181,-0.294305706084256,0.348374867049017,-0.844796034160659,0.398224729245161,0.591635952432592
BSU_16880,ymfJ,47.7921694398359,-0.785671180741183,0.424084612123284,-1.85262836302295,0.0639356442465408,0.158445886129785
BSU_16910,rodZ,1243.21578331674,-0.0272967020275698,0.138212132160974,-0.19749859582354,0.843437380170914,0.919986834816495
BSU_16920,pgsA,105.181080672976,0.551976928162407,0.283080710724664,1.9498924061247,0.0511889444393874,0.133219629070782
BSU_16930,cinA,565.584556920041,0.288076903064832,0.143252408039533,2.01097424474241,0.0443281772096794,0.119673024585775
BSU_16940,recA,2397.64394460169,0.287390379054153,0.099824389337678,2.8789595504761,0.0039898950505122,0.0161896914512963
BSU_16950,pbpX,69.1601392101474,-0.475103574197511,0.337698697993414,-1.40688601117075,0.159461192290311,0.31702875670209
BSU_16960,rny,30321.8209567691,-0.199305811129024,0.0855999054943104,-2.32834148563717,0.0198939780768694,0.062798405320977
BSU_16970,pdeB,328.325910038055,0.451293946935903,0.173432028514456,2.60213727995625,0.009264475898271,0.033524707656978
BSU_16980,spoVS,4649.1813044587,-1.07857905124492,0.103100779717138,-10.4614053764099,1.2991425683199e-25,6.27062883848359e-24
BSU_16990,tdh,553.229547149454,-0.4924913826155,0.140005152343877,-3.51766613135676,0.0004353597391424,0.0023109696639133
BSU_17000,kbl,527.566931907596,-0.365486571285271,0.1777116962112,-2.05662642964654,0.0397221739138678,0.109778125110829
BSU_17010,miaB,1804.95735511703,0.133725641650996,0.106111819869385,1.26023323146848,0.20758523814227,0.378264408923863
BSU_17020,ricA,2847.0186172306,-0.434005357023435,0.114728592745772,-3.7828874793675,0.0001550195036763,0.0009100864285216
BSU_17030,cotE,314.9520084939,-4.76577335126713,0.304353562179965,-15.6586744611489,2.8987602578340797e-55,4.29741208223903e-53
BSU_17040,mutS,409.799806876666,0.934605267396855,0.178131763406317,5.24670754684571,1.5484139644944e-07,1.61494129814479e-06
BSU_17050,mutL,278.254718529436,0.677736599636784,0.180550999694743,3.75371280570382,0.0001742344804311,0.0010101219668572
BSU_misc_RNA_89,surX,128.460877923999,0.706788381945926,0.28107364017109,2.51460215734105,0.0119166772731503,0.0410600070604764
BSU_17060,ymzD,294.363532344629,0.469568564323511,0.17772169781255,2.64215664211572,0.0082379946183319,0.0303963694761742
BSU_17070,ymcC,173.510799024475,0.0731304103194166,0.216232316762896,0.338202963434026,0.73521024280864,0.852208011363016
BSU_17080,pksA,843.883185106348,0.203244631096164,0.140752116006116,1.44398987996268,0.1487418220544,0.300890498707513
BSU_17090,pksB,262.269180820267,0.170476046707589,0.205705727559946,0.828737482080608,0.407252971294715,0.599341673232327
BSU_17099,BSU_17099,47.6807309446996,-0.14710370704573,0.422047510869729,-0.348547742273348,0.727428865689327,0.848190230751797
BSU_17100,pksC,1335.71021093569,-0.183615139012103,0.120556475425571,-1.52306326444873,0.127742878392118,0.268758585000345
BSU_17110,pksD,518.386331310296,0.154967942361073,0.147709716695533,1.04913844415869,0.294114404527423,0.482938644459387
BSU_17120,pksE,1062.78503064424,0.601328420670194,0.132457215152749,4.5397936229955,5.63093156964485e-06,4.45218989439919e-05
BSU_17130,acpK,100.787261591613,0.635248851232328,0.280939169447881,2.261161562059,0.023749254364543,0.0730786915249948
BSU_17140,pksF,635.891288838875,0.845167931846358,0.141425440956794,5.97606714978928,2.2858880778049e-09,2.94680789160501e-08
BSU_17150,pksG,432.623629155199,1.17388800789446,0.163738552498192,7.16928292075516,7.53916097884896e-13,1.4033657947624199e-11
BSU_17160,pksH,280.735059546201,1.43837461604561,0.26930460049852,5.34106960439213,9.23997675317238e-08,9.93656567420169e-07
BSU_17170,pksI,240.791614323278,1.1810878500333,0.197609522321751,5.9768772079224,2.27455510621816e-09,2.94133278688835e-08
BSU_17180,pksJ,4934.25571460234,1.37596255620307,0.141864263076002,9.69914851258852,3.04025190676732e-22,1.16852645046214e-20
BSU_17190,pksL,3037.04906587338,1.70871440340721,0.176304507944777,9.69183614943314,3.2660336098342597e-22,1.2437894967359601e-20
BSU_17200,pksM,1583.45931798976,1.20962300132297,0.166756887567439,7.25381133558144,4.0520444042581e-13,7.82327270794203e-12
BSU_17210,pksN,7367.82003882492,-0.304957294852506,0.107397143954247,-2.83952890760693,0.0045180201290162,0.0179983700149198
BSU_17220,pksR,4936.88251555329,-0.345685966823819,0.0987621489265318,-3.50018676771576,0.0004649322866864,0.0024460505982704
BSU_17230,pksS,341.830539338228,-0.255499290184814,0.20796035873152,-1.22859612160348,0.219223270348661,0.393035312820078
BSU_17240,ymzB,102.107551231419,0.233648467583259,0.288044599313685,0.811153787087021,0.417277360616165,0.608494944941681
BSU_17250,ymaE,294.583587998882,0.135024184606339,0.19885658854847,0.679002821037674,0.49713607449547,0.677705039484629
BSU_17260,aprX,52.8320404998703,1.06132646531889,0.542122085454549,1.95772593258031,0.0502621805947553,0.13146711509063
BSU_17270,pghC,47.4011534100187,-0.0280595206274796,0.501906927614626,-0.0559058245337156,0.955416830782076,0.978035823570012
BSU_17280,ymaD,38.6843134369266,-0.118507032450869,0.595676020290724,-0.198945447548872,0.842305418012095,0.919865769578586
BSU_17290,ebrB,30.8583378591927,0.321666243871683,0.5503219960194,0.584505518947752,0.558880253247547,0.724000679185867
BSU_17300,ebrA,12.6801868728176,0.548634297617783,0.865834786747586,0.633647788256081,0.526310706109894,0.700005043595697
BSU_17310,ymaG,1.80641191415331,0.494771620009511,2.50602081035127,0.197433164946527,0.843488578481384,
BSU_17320,ymaF,21.0964616598197,-4.24326161844777,1.0169568805211,-4.1725088838314,3.01263849148101e-05,0.000209471731627
BSU_17330,miaA,294.073071215597,-0.288269132391011,0.234365523285198,-1.22999803192135,0.218697841840335,0.392743805200872
BSU_17340,hfq,1021.48592873368,-0.957490918636798,0.140012157478742,-6.83862698696128,7.99557712788051e-12,1.35467921052376e-10
BSU_17350,ymzC,124.073937196679,-0.156634180008254,0.285986720703756,-0.547697388266169,0.583899705753788,0.740533968403291
BSU_17360,ymzA,231.091066168163,0.0330515253578545,0.204679223022164,0.16147963075996,0.871715653112976,0.935736145868105
BSU_17370,nrdI,124.162039456816,0.148768923571138,0.266533480102853,0.558162237305909,0.57673360469739,0.73576064799337
BSU_17380,nrdE,955.573947488597,0.534395653791903,0.138192884423722,3.86702727872267,0.0001101701085523,0.0006666415752197
BSU_17390,nrdF,607.424948219677,0.654351705943481,0.16230136602558,4.03170793917008,5.53729733365328e-05,0.0003625444989273
BSU_17400,ymaB,75.3998024317174,0.853746144002062,0.329465567607747,2.59130612707459,0.0095612397478451,0.03436251618468
BSU_17410,cwlC,54.7354702525932,-0.25131203647237,0.39588603910778,-0.634809040093355,0.525552966620241,0.699445451888624
BSU_17420,spoVK,55.6136779272065,-3.58476062990189,0.582934379337617,-6.14950971664293,7.77228250280943e-10,1.06477705178752e-08
BSU_17430,hflX,404.327429175791,-0.044040156796819,0.16980648911509,-0.259354969449782,0.795361370397956,0.888086841325291
BSU_17440,ynbB,317.98809942831,0.389693788932051,0.186996267602032,2.08396559957765,0.0371632964894681,0.104162622368523
BSU_17450,glnR,622.021362543503,-0.209201665161793,0.148937715689792,-1.40462517632216,0.160132766072539,0.318195841056538
BSU_17460,glnA,8330.73705501344,0.0250670564932089,0.0842219613263096,0.297630880336414,0.765984903016836,0.871601790686098
BSU_17470,ynxB,35.853902880801,0.1063765161869,0.483507097125482,0.220010247666112,0.825863173753161,0.908801378944667
BSU_17480,ynzF,183.16540124845,0.100437235185146,0.21563085984223,0.465783215160541,0.641370680671331,0.786170717785561
BSU_17490,ynzG,35.8967166105188,0.0930765098239301,0.506016021866145,0.18393984736031,0.854060644426687,0.926608921854463
BSU_17500,ynaB,609.445573661391,-0.110122180521266,0.141858117235637,-0.776283956584199,0.437581343688231,0.627426652037943
BSU_17510,ynaC,806.866614330752,-0.0470288136139079,0.138273002322616,-0.340115661220555,0.733769428145297,0.852208011363016
BSU_17520,ynaD,34.3942114863392,0.106274578760086,0.466565612402331,0.227780564908934,0.81981683651221,0.905875653744997
BSU_17530,ynaE,406.485724649834,0.131849953334752,0.20713799343095,0.63653196186196,0.524429755524327,0.698622565847716
BSU_17540,ynaF,144.352121068155,0.263949889832331,0.269665751947679,0.978803900480263,0.327676882113013,0.518472238496056
BSU_17550,ynaG,101.148225230719,0.504497258389698,0.332775182805066,1.51603029449833,0.129511692315745,0.271791220830463
BSU_17559,ynzI,125.0543783203,0.736391473711975,0.284637722755692,2.58711834321422,0.0096782345815583,0.0346629436997831
BSU_17560,ynaI,123.562339001678,0.743635955556641,0.346433097517524,2.14654997136648,0.0318291264139961,0.0920074538610709
BSU_17570,xynP,252.200307083426,0.111821097289336,0.194482427417461,0.574967614165516,0.565313200059328,0.727771394602408
BSU_17580,xynB,579.165642308986,0.241974619427158,0.157089242192085,1.54036403798598,0.123471642188252,0.26267220082112
BSU_17590,xylR,481.351967590572,-0.131955056062842,0.146376171745577,-0.901479076063,0.367333653995242,0.562751553771888
BSU_17600,xylA,537.99335697943,0.084379449102094,0.155709184715416,0.541904122459516,0.587884556699286,0.742864168906769
BSU_17610,xylB,241.963046220385,-0.167980952215581,0.186330906243691,-0.901519536409534,0.36731215125147,0.562751553771888
BSU_17620,yncB,57.4526516593155,0.158236625790247,0.40685607332859,0.38892531330717,0.697331396179297,0.824678810695231
BSU_17630,yncC,2634.2984057136,-0.305399796470163,0.142666466853686,-2.14065577710963,0.0323018072197025,0.0931144456729062
BSU_17640,alrB,29.9674959453632,-0.983378063575151,0.49645376265823,-1.980804936012,0.0476131530626649,0.126288944640972
BSU_17650,yncE,40.5232500274858,0.167895229606442,0.423662781194101,0.396294498972099,0.691887784941523,0.820344528789564
BSU_17660,dutA,55.6768095123,0.365003038834413,0.412373694536548,0.885126873198415,0.376088207052492,0.571019875426119
BSU_17670,cotU,25.2529982414874,0.558660394263121,0.598016662329207,0.934188676427847,0.350206575764174,0.543848670406692
BSU_17679,BSU_17679,25.7667065220554,0.690036859998738,0.891893843252094,0.773675998796752,0.439122416815125,0.629201640386464
BSU_17680,thyA,218.106913792412,0.142901530828458,0.203724452431508,0.701445158511352,0.483025248243094,0.666388815236389
BSU_17689,BSU_17689,87.1302951390758,0.0093562560834026,0.338127686742709,0.0276707777867422,0.977924730723548,0.987178657270632
BSU_17690,yncM,10259.2052432373,-0.0532300512262312,0.0950060686182488,-0.560280537868786,0.575288100213231,0.735228110832857
BSU_17699,ynzK,3.69440715245013,-0.671009793363679,1.97819925125496,-0.339202329056587,0.734457314835918,0.852208011363016
BSU_17700,cotC,23.9122536552412,0.342475718887993,0.555059063959822,0.617007704449959,0.537229643950545,0.707949286361495
BSU_17710,tatAC,3454.32437389216,-0.228980624575723,0.0979027035935317,-2.33885905262019,0.0193427292966228,0.0613381736518573
BSU_17715,BSU_17715,0.479368851692803,-0.929266923354815,3.49039490461772,-0.266235468693074,0.79005786837611,
BSU_17720,yndA,38.6716944539151,-4.88628352868969,0.734479093346749,-6.65271969338801,2.8772586360807997e-11,4.64727649742079e-10
BSU_17730,flvS,1240.95647400907,0.19968174195787,0.11337536357721,1.76124455664378,0.0781970196022549,0.185908263670653
BSU_17740,ynzB,81.0409153119639,-0.789610176057299,0.340512022289113,-2.31889074209215,0.0204009612409072,0.064203479993181
BSU_17750,yndD,9.59717071012003,-0.807146710531323,1.00837001942566,-0.800446953977319,0.423451885883339,0.615040367611531
BSU_17760,yndE,2.55244880332651,-1.94574379898607,1.93984439305316,-1.00304117482517,0.315840995233156,
BSU_17770,yndF,23.4193074835016,0.0447567730812015,0.600191576183816,0.0745708118160829,0.940556198238629,0.970793098605273
BSU_17780,yndG,108.729201037262,0.387317656306209,0.273799664537032,1.41460237711074,0.157185111451985,0.313539354943388
BSU_17790,yndH,46.2745866726102,0.122560192115575,0.400921288955788,0.305696393511022,0.759835819506756,0.867458329695419
BSU_17800,yndJ,115.112165557583,0.909992664285497,0.289165821860697,3.14695788883334,0.0016497872063018,0.0075421439354175
BSU_17810,yndK,31.8307510870929,2.01865334908188,0.553266760975341,3.64860767258681,0.0002636653952094,0.0014710686230033
BSU_misc_RNA_72,surA,194.951677106613,0.14145279770126,0.233343693646283,0.606199359797926,0.544382377863569,0.713524234452692
BSU_17820,pghL,40.7182213977034,0.646808251873479,0.577842563275788,1.11935030920312,0.262990720946346,0.445945458598155
BSU_17830,yndM,10.5552933020955,0.213237124530161,1.37563417777913,0.155010051345495,0.876813393259981,0.93733000139639
BSU_17840,fosB,83.5545032521941,-0.873766563314162,0.342806230742596,-2.54886429987397,0.0108074344139669,0.0379540272862745
BSU_17845,yzzP,85.9679871108405,-0.333672735655418,0.338945794046888,-0.984442767887714,0.324897858507245,0.516088495007589
BSU_misc_RNA_73,ncrF,6.70828945872469,0.518837815617107,1.15138415810594,0.450620943465653,0.652262769429615,0.796076132012872
BSU_17850,lexA,2156.33003205051,0.212940735141731,0.0974167000819547,2.18587506005221,0.0288247473393748,0.0855942421393033
BSU_17860,dinK,23.3073116694035,-0.0357291082843815,0.619402760245738,-0.0576831596136358,0.95400100803992,0.977212673442746
BSU_17870,dinL,149.152636342198,-0.0112081077669511,0.244315632194974,-0.0458755244855007,0.963409462264087,0.980815390843605
BSU_17880,ynzC,444.867384669751,0.385299379058168,0.171988076508819,2.24026797019509,0.0250735313248555,0.0764733493971163
BSU_17890,tktA,2112.07921594353,0.805614482509335,0.142117657074224,5.66864455194743,1.43931610317373e-08,1.72778630079801e-07
BSU_17900,pcfA,1546.26306536213,-1.27014377419526,0.139443004727681,-9.1086948153171,8.33789613518848e-20,2.6220156709975298e-18
BSU_17910,yneF,1364.54035540453,-0.367545187831815,0.10816857645032,-3.39789243690956,0.0006790711405094,0.0034292266475115
BSU_17920,spo0D,102.528025219627,0.167417353253609,0.302385381839723,0.553655577644119,0.579814582249047,0.737552711344844
BSU_17930,ccdA,196.908521929424,-0.774927640380384,0.213641250048012,-3.62723790563027,0.0002864693222434,0.0015791954271347
BSU_17940,yneI,212.280837904462,0.135937932313926,0.195391290077009,0.695721555757929,0.486603223444437,0.668503774059521
BSU_17950,yneJ,894.553843968088,0.0052660361206823,0.145729805434346,0.0361356148454803,0.971174224322495,0.98405325240773
BSU_17960,yneK,511.438139937655,-0.16601433667334,0.155605494651052,-1.0668925094556,0.286020377697289,0.473204698215005
BSU_17970,cotM,12.3152837815975,-0.192137321458217,0.773919106120298,-0.248265380630558,0.803929082875019,0.894188001879476
BSU_17980,sspP,3.08888020659926,0.339619324436319,1.56383725591925,0.217170503612721,0.828075470830661,
BSU_17990,sspO,0.433231594748489,-0.186620702271627,3.47468745147681,-0.0537086298775762,0.957167307079902,
BSU_18000,citB,29253.5363159638,1.70437583818648,0.093679569078957,18.1936771800259,5.79206086608541e-74,1.60285631034137e-71
BSU_18010,yneN,1094.74992461061,1.83244916051729,0.156311066105668,11.7230929720519,9.70623064735465e-32,6.198548218026019e-30
BSU_18019,ynzL,3.09750491527159,1.57259958200838,1.91596831502995,0.820785797798434,0.411768289623823,
BSU_18020,sspN,23.3058431096185,-0.481452234340043,0.607534495949478,-0.792468966865184,0.428087279760649,0.618253450990386
BSU_18030,sspT,34.667821962539,-0.438105997430629,0.498463925030506,-0.878912144753137,0.379448913195448,0.574614942332339
BSU_18040,yneP,78.2639858052065,0.0628406052680283,0.31035106638142,0.20248232429399,0.839539675392456,0.918294912398968
BSU_18050,yneQ,80.3341756780111,-0.714662829663161,0.375526781509025,-1.9030941729145,0.057028258167164,0.144785504374249
BSU_18060,yneR,697.146576719259,-0.249258530747441,0.16183926850416,-1.54016100697486,0.123521112021881,0.26267220082112
BSU_18070,plsY,873.211887898566,-0.436971122284041,0.120012744488252,-3.64103932584274,0.0002715396513602,0.0015109398026761
BSU_18080,yneT,1351.93278535866,-0.420324568204566,0.125978395167276,-3.33648136766984,0.0008484611573292,0.0041630759622619
BSU_18090,parE,707.666862690825,-0.0961626200119164,0.141063451048243,-0.681697628246947,0.495430167492061,0.677079133958095
BSU_18100,parC,1502.23500277244,0.0297552002030238,0.120925268878519,0.246062716907544,0.805633683482006,0.895364235644928
BSU_18120,alsT,923.900344727909,0.699625646144284,0.136453419067987,5.12721228183883,2.94063884995013e-07,2.94134743762481e-06
BSU_18130,eglS,141.552596063745,-0.117912549897395,0.27029869009372,-0.436230563516647,0.662669454972758,0.803264896060418
BSU_18140,ynfE,5.15113059111127,0.824057201594628,1.55069488521581,0.531411568743225,0.595133606478474,0.74837915798005
BSU_18150,xynC,792.361249869248,-0.0944991086222562,0.13426279946496,-0.703836870665865,0.481534369329274,0.665421987713574
BSU_18160,xynD,600.079565266075,-0.320372220793035,0.140842981114149,-2.27467651038559,0.0229253426029017,0.0708585980228184
BSU_18170,yngA,2.28241621489603,-0.99351712583598,1.80755466103724,-0.549647071400797,0.582561466456034,
BSU_18180,yngB,278.730001819322,-0.189450871386827,0.191737313454758,-0.98807513244692,0.323115853562469,0.514658955535866
BSU_18190,yngC,826.247074256694,-0.33340274619417,0.126643180846186,-2.63261506830836,0.0084730316034922,0.0310154798819192
BSU_18200,nrnB,32.8100200059883,-0.194529870675109,0.501747537922828,-0.387704684073665,0.698234589028357,0.825511757065426
BSU_18210,ldeE,247.109938977384,-2.10460342545139,0.251425454717876,-8.37068556886162,5.72839748005502e-17,1.4588084625588001e-15
BSU_18220,ldeF,105.004950055974,-2.0871690898084,0.403743319345891,-5.16954458389514,2.34665148342025e-07,2.40517291547592e-06
BSU_18230,ldeG,118.539120760186,-2.6482487608144,0.330045916843294,-8.02387978661706,1.0245657177184801e-15,2.3893102776682e-14
BSU_18239,lgeHB,12.8032037789325,-1.7757765733633,0.956372165446408,-1.85678404027413,0.0633418852267151,0.157256079890009
BSU_18240,ldeHA,162.371251958153,-2.38199609298428,0.282881823601966,-8.4204635796463,3.74997485101553e-17,9.72884100410341e-16
BSU_18250,ldeI,188.902802583356,-2.62565219846931,0.275668538910499,-9.52467121872684,1.65565170724113e-21,5.924663997205121e-20
BSU_18260,ldeJ,88.5132419871433,-3.40595534519779,0.37205058523028,-9.15454908662402,5.45852908261114e-20,1.7296453604518199e-18
BSU_18270,ynzE,1.54079045275979,-0.806824301384036,2.53779183457679,-0.317923751818906,0.750542775275529,
BSU_18275,BSU_18275,1.23681345232213,-0.527028811892558,2.76942882872478,-0.190302349143681,0.849072212939356,
BSU_18280,yngK,27.0709344861266,-0.325334482990717,0.536969792535079,-0.60587110767402,0.544600346520259,0.713528019696576
BSU_18290,yngL,0.856225012699243,2.21389868661074,3.46068344854997,0.639728747088489,0.522348962862742,
BSU_18300,ppsE,399.071911637308,1.14501347404055,0.201977769142931,5.6690074303686,1.43627138581813e-08,1.72778630079801e-07
BSU_18310,ppsD,1569.68433550272,1.47791037034403,0.209719347809528,7.04708643136873,1.82702843916878e-12,3.22723193659131e-11
BSU_18320,ppsC,1257.34130418384,1.48979189348637,0.211463020912885,7.04516509342835,1.8524174110932497e-12,3.25821384468139e-11
BSU_18330,ppsB,3654.8821026152,1.15292609489718,0.173869206678769,6.63099646521802,3.33428221121032e-11,5.36457575919924e-10
BSU_18340,ppsA,7256.78903898987,0.786698136529184,0.153228100869741,5.13416359051501,2.83401514335434e-07,2.8587307049981e-06
BSU_18350,dacC,1494.81917170341,-1.23841794440936,0.109177227290545,-11.3431891901198,8.01686155609012e-30,4.55862908483974e-28
BSU_18360,galM,895.377972649988,-1.30441629897181,0.14750464084918,-8.84322209431729,9.29971190172772e-19,2.73780880170722e-17
BSU_18370,yoeA,787.550864008284,-0.5768840895095,0.133375001882532,-4.32527896057749,1.52338956195636e-05,0.0001131232570962
BSU_18380,iseA,13498.3056087344,-1.51385519035102,0.147632551195011,-10.2542100512193,1.1329858304183e-24,5.2255824245181995e-23
BSU_tRNA_85,trnSL-Arg1,20.6968975680595,0.55044506798974,0.609781218112866,0.90269272263459,0.366688999857086,0.562676401675241
BSU_18390,yoeC,240.271153582085,0.286912984228685,0.200773290478265,1.42903960753557,0.152992849773231,0.30763140318879
BSU_18400,yoeD,383.223444196706,0.125422505844192,0.176344072439742,0.711237435480287,0.47693711417493,0.662127670756372
BSU_18410,ggt,2749.01252198512,-0.709882230691035,0.116975087912654,-6.06866165572885,1.28980547844138e-09,1.72709114226135e-08
BSU_18420,ftsR,156.989103811912,0.791034050039143,0.257123471307289,3.07647546144777,0.0020946354288894,0.009299285203551
BSU_18430,yogA,89.6154955629059,-0.0195467604962672,0.314568656040311,-0.0621382967467754,0.950452699515527,0.975118427011605
BSU_18440,gltB,13922.2693361965,1.06853256538967,0.131320277927922,8.1368436181361,4.05716218134991e-16,9.79144198533924e-15
BSU_18450,gltA,25462.5157908548,1.18733870557428,0.12786645600037,9.28577159885345,1.60539702214551e-20,5.20625237416096e-19
BSU_18460,gltC,307.438065716306,0.582903721545962,0.177863381862391,3.27725535994216,0.0010482152193979,0.0050186175037147
BSU_18470,proJ,105.395914506973,0.586735459207328,0.302576369179768,1.93913179934661,0.0524852914943469,0.135573394519623
BSU_18480,proH,78.7399873964324,0.519450543028297,0.317553766452063,1.63578769300068,0.101884028626408,0.227498979466498
BSU_18490,rtp,145.262480500342,-0.187851113393405,0.259789377474182,-0.723090047868004,0.469624563180014,0.658140297690831
BSU_18500,yoxD,133.901071647428,0.443867094909126,0.252931486152623,1.75489062931963,0.0792780173246138,0.187646782584292
BSU_18510,yoxC,22.6347487085096,-1.2802750212657,0.800646854815939,-1.59905083441565,0.109809307814607,0.240791567215232
BSU_18520,yoxB,8.41038761370662,-0.629588359890815,1.0545772638717,-0.597005436642345,0.550503750855954,0.717695059611515
BSU_18530,yoaA,279.534008741913,-0.333517999284018,0.186238053198982,-1.79081553718605,0.0733229011244937,0.176955443353357
BSU_18540,yoaB,10.3260861534486,-0.22955270360126,0.929891340442782,-0.24685970673945,0.805016800728707,0.894918248480146
BSU_18550,yoaC,57.4054872945295,0.923539056625146,0.540750140645045,1.70788500493681,0.0876576820668968,0.20282443604219
BSU_18560,yoaD,50.6051478803156,0.732418445728463,0.379022850174908,1.93238599042373,0.0533118819019171,0.137451938990595
BSU_misc_RNA_31,mswF,5.01073015360572,1.57442025825161,1.38249077169121,1.13882876507422,0.254774581637463,0.43647102285477
BSU_18570,yoaE,884.137169297633,0.493232576964993,0.142324329957513,3.46555347994425,0.0005291412774986,0.0027387349662054
BSU_18580,yoaF,645.774183908537,0.0022010720241241,0.144709609863099,0.0152102685247126,0.987864429512231,0.991926765095614
BSU_18590,yoaG,107.610022135042,-0.628737116453117,0.294032689830862,-2.13832386057071,0.0324904672988601,0.0934635687855636
BSU_18595,BSU_18595,4.98528916738847,2.57584630614904,1.31780444513536,1.95464988425082,0.0506244090981611,0.132164730922306
BSU_18596,BSU_18596,45.0837469835861,-0.0390037925101853,0.428835691284564,-0.0909527665324465,0.927530122272884,0.964339786862053
BSU_18600,yozQ,175.676348368801,-0.083151266271758,0.273244204340221,-0.304311180076211,0.76089082835324,0.867537433473527
BSU_18610,yoaH,674.552698069637,0.708052924731837,0.156002432593985,4.53873002464409,5.65940379340631e-06,4.46619489475848e-05
BSU_18620,yoaI,128.061847251285,-0.111730602761651,0.321171290729403,-0.347884776711838,0.72792671846144,0.848532380885549
BSU_18630,exlX,81.4876377944958,0.204682565779016,0.37766743907303,0.541965085159052,0.587842558603284,0.742864168906769
BSU_18640,yoaK,93.2631102359256,0.387733803169446,0.287088852985091,1.35057073494101,0.176832980656944,0.340935300839283
BSU_18650,pelB,27.3827419874365,-0.659125608496742,0.582236579689577,-1.13205805249845,0.257610028841979,0.439334112458116
BSU_18660,yoaM,7.62488702592723,-1.41236151918336,1.1123587997235,-1.26969959651007,0.204191656592344,0.374342370522107
BSU_18669,yozS,45.5399145580693,0.0958165085267832,0.401748441941588,0.238498768193641,0.811494270631817,0.900431092593604
BSU_18670,oxdD,14.5824137514215,-0.845308095278371,0.692802536914009,-1.22012846408397,0.22241617973545,0.396414582259276
BSU_18680,yoaO,63.4441019876973,-1.09039440183839,0.439677618050568,-2.47998614683402,0.0131387487222227,0.0444128224315525
BSU_18689,BSU_18689,4.8599774193426,-3.19305522444935,1.54390398123413,-2.06816956446797,0.0386240811396769,0.107171497868181
BSU_18690,yoaP,69.1712879069391,-1.04905221203026,0.364589897504501,-2.87734854753431,0.0040103236586743,0.0162566928780833
BSU_18700,yoaQ,16.9928879357859,-1.5659923863959,0.91384017479262,-1.71363924413946,0.0865950014306697,0.201263074433768
BSU_18709,yozT,6.51728391615902,-1.21802262652743,1.37483426754094,-0.885941422383958,0.375649093477947,0.570761122630658
BSU_18710,yozF,9.63221853402925,-1.07629885988405,1.03324625251661,-1.04166732496012,0.297565943054498,0.486489259401032
BSU_18720,yoaR,11.6123706547172,0.42948790275389,1.06941119559852,0.401611563934972,0.68796991803722,0.818893563043367
BSU_18730,yoaS,33.0931544717098,-0.430686506191753,0.552695449796977,-0.77924742523203,0.435833978248529,0.626219052858997
BSU_18740,yozG,44.3692494973875,0.409783994620625,0.491106455512399,0.834409708976589,0.404050147992841,0.597148498759938
BSU_18750,yoaT,139.850489173376,-0.148154892149797,0.277979452142648,-0.532970660269414,0.594053890330977,0.747700939588807
BSU_18760,yoaU,25.8423533223978,-0.483105030115394,0.562897943024106,-0.858246216925161,0.390756520659525,0.585148022098733
BSU_18770,yoaV,32.8145644444422,0.883732426650866,0.541214167114293,1.63287009163646,0.1024963216,0.228374788492539
BSU_18780,yoaW,243.746433067154,-0.540951007517518,0.242359055108609,-2.23202309183414,0.0256134367803525,0.0776635325604407
BSU_18790,yoaZ,252.546075504669,0.243039161407655,0.192497783962197,1.26255563261644,0.20674892113993,0.377071516542993
BSU_18800,penP,1109.90733372442,0.484461669660106,0.151937252070472,3.18856411484526,0.00142981298201,0.0066240554557184
BSU_18810,yobA,77.6896886472391,1.02773038004538,0.356364028662379,2.88393411619853,0.0039274091084593,0.0159662530033829
BSU_18820,yobB,300.673175277813,-0.289614674778929,0.176399582696511,-1.64181043034099,0.100629296786415,0.225424830523697
BSU_18830,yppS,2069.13990834003,0.776856711337236,0.135975893336246,5.71319439259865,1.10874900332639e-08,1.34968243777356e-07
BSU_18840,xynA,335.826502226212,0.697087874931943,0.19866715835457,3.50882290110487,0.000450094503053,0.0023740054411347
BSU_18849,yozV,25.6937721662346,1.01392243553293,0.772758420410296,1.31208202816423,0.189492459109377,0.35668368040567
BSU_18850,yobD,114.615163487653,0.582583982114712,0.271341731241905,2.14704896091096,0.031789383965287,0.0920074538610709
BSU_18860,yozH,98.8791499863203,-0.1348823743205,0.299659857296644,-0.450118262543838,0.652625169173646,0.796076132012872
BSU_18870,yozI,155.818034979949,0.602769175079638,0.253897386650484,2.37406608642811,0.0175934012656596,0.0567004725572617
BSU_18880,yobE,447.829938671887,-0.15721171552245,0.181753831069485,-0.864970573645554,0.38705494007105,0.582547155995261
BSU_18890,yobF,1581.62355795407,-0.36058105389833,0.106591233419108,-3.38283967951244,0.000717404985571,0.0036052640376576
BSU_18898,yozW,14.6407437839392,1.65519503216204,0.758398984465958,2.18248582351093,0.0290736964042697,0.0861823304624207
BSU_18899,yozX,0.201501958731627,0.0568806078618872,3.53027735410194,0.0161122207001089,0.987144864072255,
BSU_18900,yozJ,23.2899746218935,1.10743294969207,0.571744121317195,1.93693806092968,0.0527529152003894,0.136179944649762
BSU_18908,yozY,871.289903838501,-0.516922355537779,0.128899071665705,-4.01028765264035,6.06448199108888e-05,0.0003933385116407
BSU_18910,rapK,1282.20670199479,0.113574469582674,0.111803451977642,1.01584045549315,0.309705367648636,0.50081300393825
BSU_18920,phrK,477.488447628278,-0.251632646401762,0.155503653608672,-1.61817835505653,0.105624166120004,0.233464277723182
BSU_18950,yozL,1.06443977172122,1.66142715198079,3.02204787758469,0.54976864010131,0.582478070583104,
BSU_18960,yozM,43.9240414220962,-1.77623574598198,0.504560881120654,-3.52035960861031,0.0004309620702824,0.0022905551264308
BSU_18970,yobI,1074.5871555716,0.277996409925748,0.136032022610536,2.04361006026986,0.0409920846319042,0.112612934021863
BSU_misc_RNA_74,asrE,339.906409763198,-0.199324534528406,0.18299190245928,-1.08925330492567,0.276042198248745,0.461292739505049
BSU_18978,bsrE,197.683799738974,-1.0458763045525,0.225489149288526,-4.63825557838369,3.51362133295993e-06,2.89385757006283e-05
BSU_18980,yobJ,629.682801381328,-0.0021640606347121,0.182909561373201,-0.0118313149868459,0.990560196669148,0.992931662931467
BSU_18990,rttM,190.358113420028,0.389234264655393,0.208580503751919,1.86611048326137,0.0620259095836806,0.154729297284771
BSU_19000,rttL,522.654580708476,0.0502312854397988,0.151184703528494,0.332251109189309,0.739699654034431,0.853863532785574
BSU_19010,yobM,609.141256093038,0.131295283408732,0.136728229279484,0.960264636649049,0.336922043221801,0.528557596906159
BSU_19020,yobN,26.5653621588106,-2.73667486162011,0.570975998678254,-4.79297705675056,1.64324423467584e-06,1.46375682792691e-05
BSU_19030,yobO,7941.08312921315,-1.47551728627726,0.0919569579405334,-16.0457383467539,6.12264505950867e-58,9.41299986741499e-56
BSU_misc_RNA_75,bsrF,91.5670211785354,-1.46067624711852,0.313651173253056,-4.65700871439123,3.20836869478523e-06,2.67753821268683e-05
BSU_19040,csaA,95.0420076628231,0.578498847445652,0.295914430510186,1.95495314793626,0.0505886005424733,0.132154361769545
BSU_19050,yobQ,105.916507508099,0.624366945624897,0.289585745044359,2.15606933804444,0.0310782513103856,0.090276991735067
BSU_19060,yobR,175.402953688406,0.0624739087909253,0.236721111289869,0.26391354979077,0.791846534478116,0.88716733188088
BSU_19070,yobS,19.8318018600299,0.25171092232019,0.583516957971172,0.431368649842437,0.666200341283402,0.805299247719104
BSU_19080,yobT,32.0941593760815,0.978819676790737,0.665988714250702,1.46972411971275,0.141636487482714,0.291200128549156
BSU_19090,yobU,4.96397750049631,2.4926396977976,1.46964565541418,1.69608210565227,0.0898703319714327,0.207026320940287
BSU_19100,yobV,40.6710228225186,1.52098406343166,0.562968473353714,2.70172156243644,0.0068981503052184,0.026007467681164
BSU_19110,yobW,9.62785020257307,-5.46244335564401,1.36839921474054,-3.99184923288612,6.55600506344256e-05,0.0004199687811473
BSU_19120,czrA,127.890060876191,0.570664375868078,0.35175341080632,1.62234212472866,0.104730113785643,0.232354196859543
BSU_19130,yocA,1342.51233235759,0.566670221573269,0.114780848336291,4.93697537339165,7.93434855984712e-07,7.40123165661244e-06
BSU_19140,yozB,1037.15129965232,0.117142060119021,0.130122285316855,0.900245948138504,0.367989378836041,0.563162029514885
BSU_19150,yocB,140.109402842722,-0.302444346098032,0.286034110983504,-1.05737160179289,0.29034202680132,0.478447698790107
BSU_19160,yocC,10.8548822451557,-0.768090422829912,0.889461999836242,-0.863544955232854,0.387837913575269,0.583091336200993
BSU_19170,yocD,1516.30974896891,0.0686883747897823,0.123745706177364,0.555076833868739,0.578842107540277,0.736821094265467
BSU_19180,desE,153.09487981917,0.465825589984745,0.249392479531732,1.86784136738764,0.0617841854778208,0.154497683083394
BSU_19190,desK,188.73488016184,-0.133241006436726,0.245844390912207,-0.541972936386037,0.587837149878954,0.742864168906769
BSU_19200,desR,148.429816493416,-0.212910525940815,0.274092251010773,-0.776784185454578,0.437286108644963,0.627358748350921
BSU_19210,walL,418.437872867265,0.709161450034279,0.168581008955448,4.20665088213877,2.5918306308993e-05,0.0001829709004908
BSU_19220,recQ,428.152512603399,0.416449889373608,0.156912238274222,2.65403064766569,0.0079536602571201,0.029530987233726
BSU_misc_RNA_32,ssrSA,259.767279188192,-0.472317400382993,0.193777958425781,-2.43741550494194,0.0147926708774217,0.0492186336746369
BSU_19230,azoJ,163.482897019856,1.60103884002497,0.340047271179136,4.70828315861282,2.49811921683944e-06,2.13808100393825e-05
BSU_19240,yocK,77.7142795939039,-0.573016636595963,0.341194912128486,-1.6794407425987,0.0930661785131836,0.212730014872371
BSU_19250,yocL,33.9411620744839,-0.100992083284823,0.457332140288667,-0.220828746523428,0.825225779590314,0.908801378944667
BSU_19259,yoyB,16.1777532877647,-1.15612841035105,0.733822714480306,-1.5754873589186,0.115143994045203,0.249719289070866
BSU_19260,yocM,74.5187276205605,-0.496516729564565,0.328869123010216,-1.50976998089645,0.131102127403225,0.274158655340448
BSU_19270,yozN,83.2977306457323,-1.69106033378363,0.482908851781249,-3.50182094932826,0.0004620900443194,0.0024341824542766
BSU_19280,yocN,188.540882351724,-0.660133345978727,0.21244831547605,-3.10726561657838,0.0018882665399254,0.0084554416474977
BSU_19290,yozO,607.212813664714,-0.162981108932851,0.141945892596625,-1.14819179302358,0.250889396531987,0.431933254221805
BSU_19300,yozC,228.570137763476,-0.104376902148555,0.204628311535503,-0.510080454485133,0.609995097845988,0.760844246141435
BSU_19310,dhaS,36796.9094816756,-0.640796033474662,0.0924341638098503,-6.93245881244587,4.13587988153345e-12,7.18327924194367e-11
BSU_19320,sqhC,146.332859693354,-0.494572630049897,0.272803495906954,-1.81292629115934,0.0698431905858625,0.170741510083578
BSU_19330,sodF,92.7571461983086,-1.02329412037677,0.343215952968036,-2.98148763636307,0.0028685162910576,0.0121378298921309
BSU_19340,yocR,457.219844914105,0.970279155567453,0.188426521652294,5.14937678124698,2.61353400950627e-07,2.67211322006417e-06
BSU_19350,yocS,1101.19943564888,0.419609510202892,0.124854730193957,3.36078184263459,0.0007772218821103,0.0038591483644019
BSU_19360,odhB,16630.5813395049,0.197039313680437,0.0893399928989398,2.2054995449051,0.0274190596959395,0.0822416753449698
BSU_19370,odhA,20479.1637220909,0.260916645732566,0.0884684740539271,2.94926128796481,0.0031853454401713,0.013248866655462
BSU_19380,yojO,295.475927102373,0.0881286401699877,0.186129049129476,0.473481386071464,0.63586977783718,0.783233070564432
BSU_19390,yojN,157.286449547584,0.0248165144995145,0.257590726475476,0.0963408692504975,0.92324985306072,0.962191850377868
BSU_19400,sodC,151.578760022741,-0.379819974295903,0.254167516375482,-1.49436867351214,0.135079284758367,0.281059704777936
BSU_19410,cwlS,1417.68175760928,-0.408603840914588,0.115869504020395,-3.52641399796333,0.0004212279467852,0.0022416887270583
BSU_19420,yojK,49.7687427186029,-0.41474225736237,0.387482961835067,-1.07034966233923,0.284461948187374,0.471754513354291
BSU_19430,cdaS,4.50266190275753,-0.471682831279595,1.39791862506688,-0.337417946096132,0.735801858040244,0.852208011363016
BSU_19440,mdtK,90.4074663205472,0.0543609530386021,0.291109518541803,0.186737119799111,0.85186675059763,0.925195939751639
BSU_19450,rsbRC,80.2670945762181,0.18292621664953,0.315448516896662,0.579892460580042,0.561987140329844,0.726053102866226
BSU_19460,bshBB,589.57294423736,0.259866730364831,0.138359993140573,1.87819270922345,0.0603548071846566,0.151894667955667
BSU_19470,yojF,141.566752138432,0.236261849047356,0.275107615273103,0.858797924633296,0.390452012780288,0.585050089439697
BSU_19479,yoyC,108.698913033137,0.34600069510622,0.300352693090498,1.15198133083484,0.249328745047097,0.429981449239663
BSU_19480,yojE,119.2815128173,0.289468418621892,0.25645595531506,1.12872566467125,0.259013579220587,0.440793600266548
BSU_19490,gerT,10.3307638528764,-0.153916989037839,0.9655981008093,-0.159400674989767,0.87335320714505,0.936767225544988
BSU_19510,yojB,33.4786727420405,0.193935788504852,0.49392769369024,0.392640038172218,0.694585363452568,0.822368466540676
BSU_19520,yojA,191.076083717021,0.375748038072507,0.210876984579001,1.78183521934676,0.0747761070614383,0.179145230231788
BSU_19530,yodA,18.4465096455284,0.826845628954036,0.713987739141326,1.15806698578387,0.246836701404735,0.427637373760874
BSU_19540,arxR,333.998047644543,-0.231699816937169,0.196205072012552,-1.18090635762131,0.237639925451526,0.415519515816885
BSU_19550,noxC,2713.72737932387,0.65263426419526,0.117616901817327,5.54881359831154,2.87614619453426e-08,3.32559410961329e-07
BSU_19560,yodD,425.146275244962,-1.28473181325468,0.215411219781853,-5.96408958899971,2.46001746811658e-09,3.16146517342165e-08
BSU_19570,yodE,282.848114821197,-1.52426985757439,0.201665591468266,-7.55840322821877,4.08047420498243e-14,8.38517248756538e-13
BSU_19579,yoyD,22.8701110056648,-0.305922704285273,0.598027131905471,-0.51155321884899,0.608963733209949,0.759786130614518
BSU_19580,yodF,812.70585215665,0.345359422882166,0.136196353715395,2.53574646795502,0.0112207937527314,0.0391349814752105
BSU_19590,ctpA,2405.30046078809,-0.0497683214384432,0.103044720926811,-0.482977885628822,0.629111438363747,0.777446138924655
BSU_19600,yodH,13.011996122638,-1.84210109530324,0.946108276206876,-1.94702989248606,0.0515311510192494,0.134026195414101
BSU_19610,yodI,7.15738295210141,-1.27595068280309,1.15968650175599,-1.10025483686414,0.27122110392372,0.455436408732752
BSU_19620,ldcB,252.612122484864,-0.053959096026556,0.193740918781512,-0.278511614200651,0.780619650759303,0.879097170456285
BSU_19630,deoD,190.303689815401,0.215763924260513,0.234646243174477,0.919528569226129,0.357819169458222,0.55174865245954
BSU_19639,yoyE,0.185429558739491,0.98001051637488,3.50609031042138,0.279516620967216,0.779848384448896,
BSU_19640,yodL,4565.32319387278,-2.25240624379576,0.130696275505477,-17.2338977150222,1.47844709468529e-66,3.23001783686243e-64
BSU_19650,pgpB,53.4211359425853,0.137161181381197,0.375937388591547,0.364851130915902,0.715222535125285,0.838432291246839
BSU_19660,yozD,30.0151309342121,-3.20351358333106,0.627299668292469,-5.10683130448823,3.27605972718918e-07,3.23783903037197e-06
BSU_19669,yoyF,7.88944798817836,-4.93248121548142,1.42285200859298,-3.46661577289336,0.0005270547048124,0.0027313409234413
BSU_19670,yodN,8.5671999171041,0.897202591910541,0.965374589428177,0.929382854837709,0.352690709939222,0.546479707710979
BSU_19680,yozE,496.033500299192,-0.111560829610657,0.149636658267575,-0.745544780953127,0.455942450251456,0.645944406482524
BSU_19689,yokU,19.7131452699616,-3.15619358572579,0.823233182026331,-3.83389986535411,0.0001261275026322,0.0007544023968681
BSU_19690,kamA,91.6825701331063,-2.81605112687358,0.365516486077834,-7.7043067389139,1.31555506910042e-14,2.87414162728202e-13
BSU_19700,kamB,75.9672093778872,-3.22346519841879,0.416156776801567,-7.74579528223281,9.49854407434605e-15,2.08616171706934e-13
BSU_19710,yodQ,90.0486431200109,-5.01903291906844,0.522278472600587,-9.60987898673501,7.26343005778242e-22,2.6447805412153302e-20
BSU_19720,yodR,42.2459998257246,-5.94377608420434,0.838419161014753,-7.08926556140545,1.3482558828549899e-12,2.4227749652515496e-11
BSU_19730,yodS,69.4253162384837,-5.15343497607199,0.678496933553685,-7.59536959007381,3.06915183931892e-14,6.37002464250642e-13
BSU_19740,yodT,158.802272803182,-4.87772799893549,0.421375854628919,-11.5757178427583,5.471138077783099e-31,3.33980796483495e-29
BSU_19745,BSU_19745,0.0,,,,,
BSU_19749,yoyG,54.8653596897349,0.425036017733753,0.443091993929536,0.959250050907815,0.337432791690706,0.528959032593701
BSU_19750,cgeE,279.901496477659,0.114705135114153,0.189055361324027,0.606727755884993,0.544031599078125,0.713289692916392
BSU_19760,cgeD,157.391115448921,-0.117886685477074,0.238393956296676,-0.494503666571005,0.620950517540758,0.768734148020187
BSU_19770,cgeC,0.0,,,,,
BSU_19780,cgeA,3.93159513838648,0.106283395468643,1.411618084204,0.0752918913819206,0.939982472911216,0.970793098605273
BSU_19790,cgeB,19.8687416224795,0.568840101039318,0.623568197604882,0.912233983747449,0.361645557895023,0.556615020697901
BSU_19800,phyC,40.3674490983966,0.489620217448218,0.528631428709942,0.926203382653721,0.354340294964195,0.548469789569013
BSU_19820,sprB,0.076965790185161,-0.609019383111511,3.52627986358419,-0.172708748786743,0.86288036660074,
BSU_19830,yotM,7.95876819976822,0.344677409535769,1.13208536025455,0.304462385644019,0.760775645225506,0.867537433473527
BSU_19840,yotL,136.046985686001,-0.220320898354234,0.252824352042433,-0.871438595904148,0.38351471961582,0.578477325990286
BSU_19850,yotK,3.73348699278631,-1.16554954382866,1.85098757350599,-0.629690636777736,0.528897009777494,0.702095135141151
BSU_19860,yotJ,1.36734631842098,1.59040875819872,3.05392981433463,0.520774495449635,0.602523872103814,
BSU_19870,yotI,3.30082347799939,-0.197869067571423,1.64003874773874,-0.120649019935804,0.903969040107897,
BSU_19880,yotH,0.710220256588794,0.481932130582944,3.46117232269053,0.139239565572487,0.889260844202167,
BSU_19890,yotG,6.47261979274956,-0.936016910212184,1.33989215746254,-0.698576303323392,0.484816857105081,0.667172433132998
BSU_19900,yotF,0.159789617230934,-0.629103058843526,3.52910956685065,-0.17826112987615,0.858517903709091,
BSU_19910,yotE,5.64864686057773,0.302312011845076,1.35075690799965,0.223809339826197,0.82290566217929,0.907696897287551
BSU_19915,BSU_19915,8.61894621331971,-1.30572551753143,1.24650433153844,-1.0475098116345,0.294864509319249,0.483787580309962
BSU_19920,yotD,1.87813624263108,1.57312553379278,2.1717860060359,0.724346473096655,0.468853052586071,
BSU_19930,yotC,5.56977810109157,0.877355443313338,1.41209223207735,0.621315961792842,0.53439175350238,0.706833137691188
BSU_19940,yotB,10.5465147165871,-0.208975578243359,0.939220754731504,-0.222498893035109,0.823925534904689,0.907914758531819
BSU_19950,sspC,20.1730466607639,-3.49007981382907,0.984496730979825,-3.54503951511911,0.0003925542318459,0.0020998616190622
BSU_19970,yosX,13.048344022087,-0.595284822572918,0.751530815244466,-0.792096359188249,0.428304492838594,0.618253450990386
BSU_19980,yosW,3.49356420564212,-0.278725000376463,1.65861139458698,-0.168047199775731,0.866546146978879,
BSU_19990,yosV,11.9798110229528,0.494944543814578,0.85127664745361,0.581414450044044,0.560961160894789,0.725404915537156
BSU_19999,yojW,7.79216533964678,1.46837002003928,1.06108213540599,1.38384199586722,0.166406840770721,0.325992908160335
BSU_20000,yosU,6.73113821652269,-1.21154757102518,1.15306623936475,-1.05071810245059,0.293388079362489,0.48250947600384
BSU_20010,yosT,78.9033441473666,0.257349908890389,0.419922022627629,0.612851660601277,0.53997442845315,0.710438622031387
BSU_20020,dutB,16.1484277100796,0.18473939923795,0.723611588416582,0.255301880449703,0.798489947669943,0.890192656827997
BSU_20040,nrdFB,37.9544710235036,0.575053336436737,0.502931805191893,1.14340220781489,0.252871636249179,0.434106766778471
BSU_misc_RNA_76,srdFi,0.0,,,,,
BSU_20050,yosQ,0.0,,,,,
BSU_20060,nrdEB,45.6305419518306,0.910224041266596,0.664539213226943,1.36970704384265,0.170778369012313,0.332349277904412
BSU_misc_RNA_33,srdEi,0.0,,,,,
BSU_20070,nrdIB,4.38167194824447,-0.0768339150254351,2.0103701932871,-0.0382187893960992,0.969513240067951,0.983732451606469
BSU_20080,yosL,5.20553894111565,1.49608347179358,1.36975395247148,1.09222789180068,0.274732945760547,0.460297686630727
BSU_20090,yosK,3.29977874371217,-0.107616827924233,1.85720515025171,-0.0579455790921362,0.953791977225138,
BSU_20100,yosJ,9.57463633600721,1.03242006443272,1.04103005358541,0.991729355821151,0.321329566860092,0.51283806708338
BSU_20110,yosI,3.10570955962348,-1.6184446314685,1.86120877292023,-0.869566410290001,0.384537400844535,
BSU_20120,yosH,16.7555549178791,0.637731558841123,0.884341510692223,0.721137197712155,0.470825106778596,0.659155149490034
BSU_20130,yosG,15.7811575073175,0.269079346681918,0.68295070064918,0.393995271439276,0.693584530319505,0.821417798960417
BSU_20140,yosF,2.80140914837827,-0.899488648925438,2.368219105906,-0.379816481795219,0.70408164688832,
BSU_20150,yosE,6.60654201778805,0.0721333624547496,1.25435575671476,0.0575063031907882,0.954141885199579,0.977212673442746
BSU_20160,yosD,10.1513967005057,-0.202413569845492,1.03516605761732,-0.195537294095013,0.84497234465278,0.920009776882906
BSU_20170,yosC,18.2636862691495,-0.182631724894251,0.716613109987736,-0.25485401027254,0.798835858030424,0.890192656827997
BSU_20180,yosB,7.70973258821207,0.793961442313047,1.12177960447422,0.707769546839978,0.479088380687444,0.663848457426212
BSU_20190,yosA,2.03733749451735,-0.736418883509362,1.97197977292808,-0.373441398141674,0.708819953078653,
BSU_20200,yorZ,12.1700873347946,-0.239735257871227,0.778511864084121,-0.307940403905421,0.758127680782885,0.866222957040946
BSU_20210,yorY,1.91490781305301,0.297306143841111,2.40522157844578,0.123608629868199,0.901625159247497,
BSU_20220,yorX,2.46312410000423,-0.230849063929078,2.19345621864547,-0.105244436595883,0.916181851182702,
BSU_20230,yorW,8.87653977518849,2.08878151716641,1.31631153477788,1.58684434647827,0.112547902192259,0.244984972207692
BSU_20240,yorV,4.42083089340257,1.83294410636841,1.4472938905343,1.26646296122465,0.205347381931221,0.375611058885123
BSU_20250,mtbP,17.7057625310184,-0.894322020144988,0.85993819213165,-1.03998406900397,0.2983473021686,0.487382782881487
BSU_20260,yorT,1.2681968058763,-1.38514213865373,3.18254175089543,-0.435231411579756,0.663394464447201,
BSU_20270,yorS,9.0748425021249,-0.471012229191202,0.925989571782747,-0.508658243617575,0.610991795937195,0.761172552501589
BSU_20280,yorR,18.3456331343244,-0.301316224416807,0.684769479422646,-0.440025780165987,0.659918435632332,0.801439855561676
BSU_20290,yorQ,3.37132779746024,-0.61634369593767,1.80631206074014,-0.341216619948339,0.732940512377524,
BSU_20300,yorP,9.43991707881973,1.3657532807458,1.07744715803621,1.26758261002336,0.204947045347787,0.375269159787677
BSU_20310,yorO,5.51157133211055,-0.227605238227058,1.30636924086612,-0.174227340255008,0.861686799708262,0.92977954395347
BSU_20320,yorN,6.40365080026067,0.708472755087232,1.14066561602335,0.621104682332015,0.534530748678749,0.706833137691188
BSU_20330,yorM,42.1401783668899,0.557831629136686,0.430391072364374,1.29610408987392,0.194939626130422,0.362704790707029
BSU_20340,dpoL,33.5332695661273,-0.343854328801619,0.478010621636086,-0.719344535953426,0.471928661639867,0.660010310630937
BSU_20350,yorK,7.9646910076559,0.852790730025179,1.02371187115444,0.833037844001441,0.404823386342345,0.597729741390089
BSU_20360,yorJ,7.36469004820993,0.0489448457631135,1.13714141453589,0.043042004395812,0.965668050196352,0.981510302733854
BSU_20370,yorI,4.38952933657364,2.13444678508393,1.53174468584215,1.39347425508476,0.163476424919004,0.321912068234719
BSU_20380,yorH,1.62684440759551,0.514091446063783,2.27189563083743,0.226283038307656,0.820981289750973,
BSU_20390,yorG,34.1538211989797,0.310143782928642,0.500451839153021,0.619727531531381,0.535437186587722,0.706993506955425
BSU_20400,yorF,38.9058228672321,0.365954257862666,0.494619441898326,0.739870346499423,0.459378669068822,0.648378393507202
BSU_20410,yorE,8.65832475844906,1.87374893739398,1.31133723246985,1.42888411233841,0.153037544588015,0.30763140318879
BSU_20420,yorD,3640.35376313869,0.448258987316123,0.109468290579609,4.09487519118728,4.22395870735534e-05,0.000286497591409
BSU_20430,yorC,33.3655303583648,-0.134597153983559,0.467298338890468,-0.28803259669859,0.773321786941911,0.875227911010015
BSU_20440,yorB,540.636354350256,0.403106196376662,0.144278944281104,2.79393641522131,0.0052070715979629,0.0205071671756587
BSU_20450,yorA,43.0360051537315,-0.749120604346402,0.410124412723575,-1.82656916073736,0.0677645737489711,0.166247485598096
BSU_20460,pghZ,8.1836633447412,-0.96357851215658,1.13966495917694,-0.845492795402321,0.397835753534458,0.591481451619461
BSU_20470,yoqY,4.13091857547891,0.791019190468156,1.40317238074677,0.563736288799509,0.572933616770989,0.733121899881744
BSU_20480,yoqX,1.00920138611402,-1.81235158906355,3.07039569224404,-0.590266457721275,0.555012023259779,
BSU_20490,yoqW,416.876252027053,0.153540077353622,0.201998820466898,0.760103831293324,0.4471925227072,0.637902461085081
BSU_20500,yoqV,33.2786340641752,0.676484354937156,0.508643600083439,1.32997712902745,0.183525806930189,0.3489764656744
BSU_20510,yoqU,2.5433154837742,0.544050992529718,1.62980804095019,0.333812926958276,0.738520728129515,
BSU_20520,yoqT,4.41080908579191,-2.7030854662296,1.55955414061577,-1.7332424670825,0.0830525818498634,0.194554891229561
BSU_20530,yoqS,4.61568352054569,2.23313338756246,1.54055496331832,1.44956424193548,0.147180073600963,0.298604342872726
BSU_20540,yoqR,0.339361139109813,0.0627911766318904,3.47235714541552,0.0180831561968769,0.985572515163428,
BSU_20550,yoqP,1.76876302162666,-0.188067180725892,2.55310154723362,-0.0736622407086274,0.941279144677235,
BSU_20560,yoqO,151.868676307024,0.318691462685485,0.240211308856252,1.32671298534158,0.184603643815613,0.350223823344886
BSU_20570,yoqN,5.1216718349365,0.0944354693733077,1.27791862232387,0.0738978740301779,0.941091647503642,0.970793098605273
BSU_20580,yoqM,1266.58579293637,-0.140066366506796,0.123467394647695,-1.13444012410293,0.256609976342971,0.438529440839717
BSU_20590,yoqL,26.3122075437903,0.657772111359564,0.557184120501284,1.18052917726331,0.237789812935042,0.415606531997203
BSU_20600,yoqK,6.66331591841652,0.530956880373302,1.0434768229413,0.508834378205609,0.610868320079895,0.761172552501589
BSU_20610,yoqJ,12.419430965247,0.207518597048863,0.752709953239455,0.275695300900115,0.782782105149914,0.880815537673432
BSU_20620,yoqI,6.52013450289794,-1.53928540513327,1.30273974825557,-1.18157552741785,0.237374168704104,0.415404795232183
BSU_20630,yoqH,26.338041299494,1.01889005819247,0.811746731970919,1.25518221147452,0.209412621549271,0.380591852912006
BSU_20640,yoqG,10.6286256158871,0.879683151413239,1.01625145364215,0.865615638984362,0.386700976438402,0.582506229242488
BSU_20650,yoqF,6.10234659338238,-0.735845802948587,1.54021877570818,-0.477754079195828,0.632825248617119,0.780458141211276
BSU_20660,yoqE,2.14598206146623,0.0496023139974058,2.37396530103172,0.0208942877032991,0.983329983383078,
BSU_20670,yoqD,12.6106770418209,2.00349535617602,1.01746533602775,1.96910428811049,0.0489411165404843,0.12887882254551
BSU_20680,yoqC,5.68284172726034,2.29888593659728,1.43275841699596,1.60451748831272,0.108600032753026,0.238770516926806
BSU_20690,yoqB,2.94227357825728,0.599615876954411,1.88689909647695,0.317778453587667,0.75065299571792,
BSU_20700,yoqA,11.0811230339546,-0.913480294629118,0.87063649954353,-1.0492097392058,0.294081597184185,0.482938644459387
BSU_20710,yopZ,5.08026515619234,-0.418473293019842,1.30636452205958,-0.320334245115665,0.748714965903954,0.859094791765948
BSU_20720,yopY,2.76838262009682,-0.324311405001978,1.88119047254161,-0.172396899588702,0.863125509459161,
BSU_20730,yopX,15.3117028673151,0.180756818725227,0.794877074222413,0.227402229334708,0.820110986936569,0.905875653744997
BSU_20740,yopW,3.02515992812486,2.66453830594961,2.34485447520548,1.13633418795259,0.255816727732912,
BSU_20750,yopV,34.2200486469157,-0.226962416942575,0.643893365947721,-0.35248447793606,0.72447495728253,0.845934049980248
BSU_20760,yopU,179.642927857365,0.358022824463966,0.246189280033394,1.45425838369324,0.145874683751622,0.2973878925003
BSU_20770,yopT,383.728956229662,0.546239689553094,0.160208157352577,3.40956227560224,0.0006506722051676,0.0032978514330293
BSU_20780,yopS,155.973439970994,0.689254994552988,0.329763058979799,2.09015223441147,0.0366041267307863,0.102942906544373
BSU_20790,yopR,3905.94821807433,-0.259911748794126,0.131825233220684,-1.97163883153551,0.0486508509978399,0.128385049263848
BSU_20800,yopQ,5084.50194775002,-0.31480759630829,0.111597721813442,-2.82091418348623,0.004788701133505,0.0190167085091015
BSU_20810,yopP,2209.18878395147,-0.326903136942559,0.122215637006448,-2.6748061455124,0.0074772472130793,0.0279622100734166
BSU_20820,yopO,216.485343072568,-0.180010637877739,0.205303621411406,-0.8768020585327,0.380594160807588,0.574907700695887
BSU_20830,yopN,261.184150649926,-0.178114791176855,0.235450119338356,-0.756486306642693,0.449357679333575,0.640111093656029
BSU_20840,yopM,209.840227098022,-0.200021083893568,0.273005542969465,-0.732663087049264,0.463763942992413,0.651687910734429
BSU_ncRNA_1,aimX,18.0873311790751,0.724605702865786,0.665224914187332,1.0892642284016,0.276037382552927,0.461292739505049
BSU_20850,aimP,12.4651121349062,0.989295843146799,0.830328052172906,1.1914517889139,0.233476272302823,0.41100933262469
BSU_20860,aimR,377.638617651085,0.474169214228203,0.212397343835026,2.23246301326866,0.0255843771391955,0.0776635325604407
BSU_20870,yopJ,240.077011866631,0.617580486511781,0.217192661072067,2.84346848306656,0.0044625422675129,0.0178115509158137
BSU_20880,yopI,333.566738392336,0.465861125434988,0.190407996491148,2.44664685317796,0.0144192042985911,0.0482305536208314
BSU_20890,sieB,371.417322607695,0.628441454762741,0.208493169597486,3.01420644127576,0.0025765242056632,0.0110715858982485
BSU_20900,yopG,84.2693369984772,0.548339990524591,0.305597023315657,1.79432372925374,0.0727615127583848,0.176215308903183
BSU_20910,yopF,57.3783940928115,-0.152187544660328,0.429222121139982,-0.35456593955626,0.722914796624711,0.844825259231187
BSU_20920,yopE,47.9592609332607,0.563058599173585,0.430478705834949,1.3079824658957,0.190879256577298,0.357733920891632
BSU_20928,yoyH,21.8571244563111,0.279460205371655,0.61189854304099,0.456710035593163,0.647879476611466,0.791916286046583
BSU_20929,yoyI,67.5453386398544,0.441096347656874,0.363031479269683,1.21503608597314,0.224352328455817,0.398617453160773
BSU_20930,yopD,226.539214905597,0.269991951913966,0.247556355172148,1.09062823988589,0.275436498181016,0.460979587599785
BSU_20940,yopC,850.129821239769,0.264350140671977,0.164881530435973,1.6032732106076,0.10887434830322,0.239120327940036
BSU_20950,yopB,5.73725138282457,2.39116552522293,1.39746787873127,1.71107011589692,0.0870681700522324,0.202136450719696
BSU_20960,yopA,537.63484879994,-0.683293054660108,0.15854770385263,-4.3097000969199,1.63476086401112e-05,0.0001203172401863
BSU_20970,yonX,29.7916315962399,0.54678315740274,0.575106673862299,0.95075084719615,0.341730869629728,0.534284308788325
BSU_20980,yonV,44.9770806683164,0.295855319113874,0.542984480153189,0.544868831297731,0.585843734458879,0.742107882318585
BSU_20990,yonU,386.798867840897,-0.238591026717909,0.171211373461178,-1.39354659620209,0.163454564761972,0.321912068234719
BSU_20999,yoyJ,73.380251268499,-0.400566226485901,0.354393324485535,-1.13028716629297,0.258355240534529,0.44024326907177
BSU_misc_RNA_90,apbT,2.19438888285322,0.852279194516527,2.12611475139828,0.400862274228617,0.688521526669157,
BSU_21000,spbT,14.3632221239178,0.343417422112059,0.714734613231861,0.480482427679284,0.630884395295194,0.779040265437149
BSU_21010,yonS,709.295405403467,1.24626573088568,0.153030855757381,8.14388526233912,3.8279197590115697e-16,9.292219251261411e-15
BSU_21020,yonR,76.2606456066269,1.02600484623699,0.365215997410781,2.80930970579302,0.0049647860189318,0.0196461646945532
BSU_21030,yonP,1.16784856241411,1.80775845742072,3.26048621607267,0.554444440988377,0.579274718912195,
BSU_21040,yonO,11.15145631985,-0.654736545195532,0.823327558623717,-0.795232150725037,0.42647847299938,0.617478947129552
BSU_21050,hupN,4.57149817214664,-0.0302364964828329,1.59995530868453,-0.0188983381715162,0.984922205252118,0.990125044511011
BSU_21058,BSU_21058,2.82296451735703,0.0449902789805105,2.28010916746563,0.0197316337403783,0.984257455612568,
BSU_21060,yonK,0.0927147793697453,0.744093845581333,3.52963812512487,0.210813068989901,0.833033140139644,
BSU_21070,yonJ,9.26226790127799,1.13406266019005,0.977943060588654,1.1596407867626,0.246195087649122,0.427060513510867
BSU_21080,yonI,45.8187247155646,0.184365128876302,0.406229926752549,0.453844280627327,0.649940909998085,0.794202154077731
BSU_21090,yonH,3.5036601252703,-0.68024223154986,1.4710111799715,-0.462431720990075,0.643771755966375,
BSU_21100,yonG,2.85649575758199,-0.774051644547458,1.62292274206479,-0.476949163681482,0.633398321934489,
BSU_21110,yonF,8.41761475926547,-1.04125583668455,1.0303713021641,-1.01056370116053,0.31222529645934,0.503319303146688
BSU_21120,yonE,47.2854633362908,-0.225246107969192,0.413604327515046,-0.544593208979416,0.586033326425668,0.742107882318585
BSU_21130,yonD,119.791783565822,0.429990862256246,0.27910475353296,1.54060744868492,0.123412353968935,0.26267220082112
BSU_21140,yonC,35.0011593858317,0.601225007299758,0.528559576552368,1.13747822189007,0.255338423671954,0.436814497151253
BSU_21150,yonB,98.5326471274325,0.579295230348592,0.382530968412313,1.51437472566717,0.129930825782434,0.272395382738831
BSU_21160,yonA,52.7083582452415,0.559894480582974,0.473770334665245,1.18178458973921,0.237291183928587,0.415404795232183
BSU_21170,yomZ,8.20101555256339,-0.892333272066143,1.09162707441802,-0.817434170494416,0.41368035479723,0.605923483685005
BSU_21180,yomY,4.60330370850645,0.477180001524552,1.32848549964876,0.359190974723259,0.7194522278723,0.841894905324532
BSU_21190,yomX,19.5313338600885,0.390426725120212,0.58532583364152,0.667024591570183,0.504756425586487,0.683603237392988
BSU_21200,yomW,11.4244815532204,0.477540690801664,0.845052682831674,0.565101680053225,0.572004605845955,0.732384675776237
BSU_21210,yomV,28.1965108224577,0.363609950412777,0.91307528660225,0.398225596232977,0.690463899852101,0.820273720441693
BSU_21220,yomU,26.8263850003398,1.78869893171021,0.740316609046833,2.41612697844667,0.0156865898916719,0.0515966993980428
BSU_21229,youA,19.1639907864522,0.269428635358139,0.737166197177487,0.365492390168928,0.714743886269346,0.838107873419224
BSU_21230,yomT,8.66942203064885,1.91858684828823,1.03501656011671,1.8536774407473,0.063785321050042,0.158167782364829
BSU_21240,yomS,4.78772987269904,2.39096609409161,1.61141475268539,1.48376827884138,0.137870405227301,0.285151994070018
BSU_21250,yomR,18.0243303784873,0.20238756323324,0.648054345468908,0.312300294949492,0.754812315915712,0.864099813393856
BSU_21260,yomQ,2.88984917460407,0.899946633321353,1.83054683894644,0.491627208970688,0.622982904939727,
BSU_21270,yomP,0.956866616328861,0.286951746598397,3.45749578511523,0.0829940987444568,0.933856231946397,
BSU_21280,yomO,4.51345114483813,0.528191132932786,1.60832826424961,0.328410029639827,0.742601660600068,0.855548013641655
BSU_21290,yomN,18.4110524033267,-0.141811896171389,0.646065976783486,-0.219500641215339,0.826260080426006,0.908801378944667
BSU_21300,yomM,12.5960914710224,1.00616144585508,0.859940442167037,1.17003619845994,0.24198640190978,0.420991430983863
BSU_21310,yozP,12.6758264338381,-0.588688938116685,0.80206903487665,-0.73396292902296,0.462971331953365,0.651687910734429
BSU_21320,yomL,476.579068378474,-0.350541605151258,0.145692470637385,-2.4060378935005,0.0161265918708771,0.0528346352454704
BSU_21329,youB,37.4918545199669,-0.668322295020298,0.499870945234754,-1.33698967981913,0.181226005554666,0.346122995452739
BSU_21330,yomK,147.428584307755,0.679489929978791,0.303856347722604,2.23622094806165,0.0253373016827859,0.0771078733762788
BSU_21340,yomJ,694.823754643962,-0.314683701050612,0.167560689856054,-1.87802820172766,0.0603773071854616,0.151894667955667
BSU_21350,cwlP,217.036428766958,-0.208953694341175,0.211278171438804,-0.988998025296227,0.322664107821836,0.51415689503587
BSU_21360,yomH,4.6455383066105,1.14536451397542,1.33987191611279,0.854831346341165,0.392644521988607,0.587128029817978
BSU_21370,yomG,104.120022533933,-0.0484278708784818,0.309957732487845,-0.156240241176693,0.875843658332498,0.937261190631539
BSU_21380,yomF,11.6611762996588,0.0152010206792194,0.755657722320741,0.0201162778202474,0.983950614950122,0.989994589585024
BSU_21390,yomE,26.3651129845849,0.444902691120223,0.606023344555649,0.734134576030956,0.462866722392642,0.651687910734429
BSU_21400,yomD,14.5250794185576,0.716663911460462,0.874925100937901,0.819114585571055,0.412721040993677,0.605158968973773
BSU_21409,BSU_21409,0.843517834926121,-0.043760920583257,3.2838949311095,-0.0133259198303497,0.989367768988643,
BSU_21410,blyA,11.4164532643216,1.11489139411508,0.993359902592557,1.12234386671471,0.261716261494835,0.444328916754625
BSU_21420,bhlA,0.700668780245059,-1.3048135291274,3.44367501053679,-0.3789014715776,0.704761031382672,
BSU_21430,bhlB,0.418752906647838,0.993522757623702,3.47075190964521,0.286255769207446,0.774682232281205,
BSU_21440,bdbB,106.83402233587,1.44884161728421,0.367489083003044,3.94254328712184,8.06220931301408e-05,0.0005024959588336
BSU_21450,sunS,218.193070829048,1.74708874053647,0.372414737245697,4.69124491006337,2.71547683493698e-06,2.30982466020971e-05
BSU_21460,bdbA,40.8844209887158,1.3010911466929,0.510580189820624,2.54826014136975,0.0108261706728177,0.037987687627106
BSU_21470,sunT,511.325139743352,1.26166082775689,0.229104500511921,5.50692293227668,3.65160021309116e-08,4.19883448325247e-07
BSU_21480,sunA,8389.57896284276,0.317934311724724,0.114558326230928,2.77530514092734,0.0055149936750105,0.0215765680913937
BSU_21490,sunI,877.991389423967,-0.189392530893601,0.174578346576788,-1.08485694020649,0.277985021837753,0.463612527423697
BSU_21500,uvrX,23.6469106747932,1.6083256990071,0.68507237021963,2.34767269696117,0.0188911134164745,0.0601943955015435
BSU_21510,yolD,1.8011826007143,2.20151389563662,2.46455406481623,0.89327068416362,0.371712233230628,
BSU_21520,yolC,129.650711619955,-1.00722884796124,0.297900802160147,-3.38108806910756,0.0007219939805131,0.0036239383471708
BSU_21530,yolB,884.217983463163,0.774744127510338,0.147104770106866,5.26661458324917,1.38962524828835e-07,1.46033782421391e-06
BSU_21540,yolA,1677.04604116233,0.716440033923328,0.127731444011328,5.60895587980505,2.03550902455424e-08,2.40039714798996e-07
BSU_21546,bsrG,140.090134159713,-0.831168559636436,0.262389391429556,-3.16769117496726,0.0015365464779088,0.0070790282239731
BSU_misc_RNA_77,asrG,20.3291741043342,0.37566053711414,0.667679223840529,0.562636253608909,0.573682600061812,0.733854074840241
BSU_21550,yokL,221.682374853424,0.575391628473481,0.242676599964611,2.37102229286791,0.0177389611191816,0.0571252347600643
BSU_21560,yokK,240.249014589937,0.609869337139169,0.198105906908558,3.07850152807747,0.0020804446277145,0.0092461730724232
BSU_21570,yokJ,228.82375717475,0.467256245707209,0.200183086461727,2.33414447726853,0.0195881580405034,0.0619744238004036
BSU_21580,yokI,741.678170646084,0.324218858155845,0.129771690108192,2.49837894447965,0.0124762746319481,0.0425546557084772
BSU_21590,yokH,1937.02119271579,-0.102915158743211,0.159575606352732,-0.644930394409554,0.518972293883978,0.694654037593418
BSU_21600,yokG,3392.69663745034,-0.180335721074853,0.104310842176767,-1.72883007472275,0.0838395118410486,0.195845702674278
BSU_21610,nukF,105.449059338157,0.805553187823761,0.291343452254147,2.76496067301713,0.0056929658816727,0.0221683877812605
BSU_21620,yokE,60.0559916180737,1.59713035371432,0.436612353453354,3.65800541620487,0.000254185676666,0.0014258442484337
BSU_21630,aacD,633.539774306125,-0.204622325235566,0.159180335626892,-1.28547489505982,0.19862638408646,0.367096224551601
BSU_21638,BSU_21638,93.8232309024505,0.437130254431518,0.319248336140963,1.36924834038447,0.170921660083031,0.332447769829602
BSU_21639,BSU_21639,177.596050628432,0.45046980067822,0.248411743207615,1.81339978078947,0.0697701833481382,0.170741510083578
BSU_21640,yokC,176.602711200294,0.732182543311751,0.256504954718844,2.85445770088261,0.0043110372143118,0.0173066880818264
BSU_21650,yokB,526.183644286473,0.184607921877036,0.14980118272512,1.23235289948135,0.21781728716663,0.392260112376869
BSU_21660,sprA,917.675023022612,0.0735926037937125,0.153464455152237,0.479541687491795,0.631553318879712,0.779394540469601
BSU_21680,msrB,905.745718469651,-0.475986297472445,0.120633644752884,-3.94571761839324,7.95613343201359e-05,0.000496863593876
BSU_21690,msrA,728.986944122715,-0.444900695747802,0.149056818958919,-2.98477251061167,0.0028378929244924,0.0120344167663772
BSU_21700,ypoP,1402.53057626774,-0.369668318246374,0.110133653793828,-3.35654275974898,0.0007892351577598,0.0039094452742973
BSU_21710,dinF,137.836307451801,0.276013191721802,0.242533776062841,1.13804021939726,0.255103688478265,0.436814497151253
BSU_21720,ypmT,213.859708227823,-0.153605841912394,0.226217264016055,-0.679019095118628,0.497125763050676,0.677705039484629
BSU_21730,ypmS,1512.8723538053,-0.188003375361658,0.109333327680348,-1.71954315623973,0.085515516512947,0.199288876267249
BSU_21740,ypmR,2572.14898003983,-0.390938058849722,0.102146335107974,-3.82723529372325,0.0001295906261079,0.0007728889209398
BSU_21750,scuA,2214.77771660495,-0.298852379891907,0.101003908680783,-2.95881994860628,0.0030881947801148,0.0129320440511023
BSU_21760,ypmP,3265.68506321557,-0.0680344220269162,0.0954750317426822,-0.712588629562103,0.476100349805845,0.662127670756372
BSU_21770,ilvA,4199.97686267,0.174211467636455,0.0950735297238707,1.8323866605398,0.0668938340271221,0.164402785699576
BSU_21780,silP,259.578269454087,-0.0692409308056068,0.234705447033667,-0.295012031807146,0.767984688492301,0.872361219574702
BSU_21790,yplQ,61.4280701989912,-0.232125543076963,0.358841705667969,-0.646874483680403,0.517713181266008,0.693458346381155
BSU_21800,ypkP,483.177309341025,-0.12785900811229,0.156713299835854,-0.815878475191407,0.414569644185648,0.605988053214181
BSU_21810,dfrA,274.267699871132,0.0387296886514619,0.198118095909146,0.195487890562115,0.845011016736861,0.920009776882906
BSU_21820,thyB,384.566641973318,-0.180166681414366,0.166369483916163,-1.08293105907064,0.278839024616892,0.464470622465779
BSU_21830,ypjQ,2971.73919033309,-0.155129368249823,0.0932324266590038,-1.66389928707107,0.0961325575275612,0.217227134619982
BSU_21840,ypjP,2642.72457322094,-0.368437386216664,0.103343122243198,-3.56518535746983,0.0003635991291038,0.0019626787840183
BSU_21850,rsmJ,81.5457344513219,0.739394299387781,0.349581127102606,2.11508643362993,0.0344225812650833,0.0979356647233453
BSU_21860,brxA,554.959372513167,0.253799429040691,0.15601311707036,1.62678263088758,0.103783271836313,0.230623319803284
BSU_21870,ilvD,6290.57514336361,0.0492818908918416,0.0911262189965941,0.540809126445634,0.588639151650306,0.743440071310055
BSU_21880,ypgR,1384.69939914249,-0.68680900164475,0.112262945980295,-6.11786013316722,9.48402502685639e-10,1.28235139695377e-08
BSU_21890,hdhQ,461.504040199759,-0.791228718104855,0.154049987313335,-5.13618165054119,2.80376665084274e-07,2.83864277259713e-06
BSU_21900,bsaA,304.399457219813,-0.893555638031158,0.220877155359182,-4.04548689781019,5.22144861420611e-05,0.0003462337571496
BSU_21910,metAA,939.604957435924,-0.0554989420559154,0.171759002648552,-0.323121007924549,0.746603600892758,0.857976687893497
BSU_21920,ugtP,2100.385313851,-0.0829930994307401,0.098154641942609,-0.845534126437608,0.397812687162015,0.591481451619461
BSU_21925,BSU_21925,19.5747845749022,-0.236592751804386,0.697021341574991,-0.339434013985541,0.734282798453651,0.852208011363016
BSU_21930,cspD,7355.4663077191,0.327680181216118,0.110272147827234,2.97155889018777,0.0029629204420895,0.0124863784315875
BSU_21940,degR,302.981756406472,0.523775847117854,0.173361213701652,3.02129776282746,0.0025169371265373,0.0108718064643667
BSU_21950,ypzA,182.757118350987,1.13541727105128,0.239316715578805,4.74441272647916,2.09112108837225e-06,1.83127502907873e-05
BSU_21960,ypeQ,101.13345177503,-0.519296085908483,0.28698752549102,-1.80947267662591,0.0703776012876844,0.171442149615715
BSU_21970,ypeP,363.874672118866,-0.655433251701819,0.194480869404048,-3.37016825207681,0.0007512230003897,0.0037479887916077
BSU_21980,queP,235.062933586007,0.0261757303447638,0.198453148119512,0.131898791189749,0.895064344766499,0.949019692241568
BSU_21990,ypdQ,132.065401395579,0.414761864084525,0.284950245382808,1.45555889424599,0.145514598306296,0.297113181293376
BSU_22000,sspL,72.907382209184,0.11797366459629,0.358998971779691,0.328618391332574,0.742444145184597,0.855548013641655
BSU_22010,exnP,734.182297930606,0.0248136511681932,0.139049610142067,0.178451785250179,0.858368183151576,0.928128764850792
BSU_22019,ypzF,1036.57690917232,0.143110494227498,0.153690795980947,0.931158520678356,0.351771570714765,0.546074715795434
BSU_22020,ypbS,521.807973462161,0.0250555971527063,0.145905800997077,0.171724475527935,0.86365414295819,0.930274414117004
BSU_22030,dynA,680.39094672602,-0.159469735511688,0.132027711939926,-1.20785048205825,0.22710477950768,0.401666783015075
BSU_22036,fbpC,0.0,,,,,
BSU_22040,bpsB,1.43838400022647,0.40970998615033,2.78231865088592,0.147254875360834,0.882930848363827,
BSU_22050,bpsA,5.11456668327016,-1.38696181253836,1.31288532403752,-1.05642266475569,0.290775155680653,0.478677087083575
BSU_22060,pbuX,8.59583525846367,-0.984238854242121,1.04126480885061,-0.945233955739431,0.344539447563964,0.537027585510915
BSU_22070,xpt,4.15428710302576,-1.42506870116472,1.67717476935915,-0.84968408015656,0.395500751710705,0.589487834955525
BSU_misc_RNA_34,gswA,81.1012990699448,-0.391350495856285,0.319584515870167,-1.22456025377423,0.220740951055025,0.394444979694106
BSU_22080,ypwA,815.225311608279,-0.334498972900004,0.122552687025849,-2.72942993758637,0.0063443928879068,0.0242597566536326
BSU_22090,kdgT,405.672804030225,-0.201443012899304,0.164052813962062,-1.22791562079447,0.219478644933014,0.393035312820078
BSU_22100,kdgA,172.916141265215,-0.173036855480388,0.245020381477279,-0.706214129767952,0.480054984660162,0.664457566296877
BSU_22110,kdgK,324.682313615424,-0.406163191437994,0.202485618632725,-2.0058866115065,0.0448683470154567,0.120705449423954
BSU_22120,kdgR,305.845500787474,-0.0013316002463582,0.189040780243168,-0.0070439840792308,0.994379760333918,0.995338892005327
BSU_22130,kduI,468.831081506444,-0.546166926739703,0.15393777849555,-3.54797199282366,0.0003882094991282,0.0020793001688793
BSU_22140,kduD,358.987377027898,-0.44768867109299,0.169524106109076,-2.64085551824079,0.0082696977533461,0.0304688146399347
BSU_22150,ypvA,1354.93388942485,0.864440061454845,0.122313568234611,7.06740939645187,1.57852741373882e-12,2.80019969847429e-11
BSU_22160,yptA,42.4233934240299,-0.530333228952962,0.495643873061883,-1.06998846909331,0.284624499034125,0.471835581266236
BSU_22169,ypzG,42.5518710692642,-0.295972288625589,0.443602762772827,-0.66720118417558,0.504643634844705,0.683603237392988
BSU_22170,rlmKB,383.218488799023,1.65316629415186,0.184843416654539,8.94360385710423,3.7668101361423504e-19,1.1413159762866301e-17
BSU_misc_RNA_35,rnpB,74057.4215574657,-0.0178652599724402,0.0856818438821793,-0.208506950399045,0.834833156264799,0.91555942712158
BSU_22180,gpsB,1087.95805820865,0.225549386692824,0.137220856231615,1.64369610339786,0.100238991254877,0.224671734718679
BSU_22190,ypsA,143.982468202343,0.403606567770179,0.307711135077189,1.31164108724546,0.189641262986103,0.35668368040567
BSU_22200,cotD,306.001855702753,0.220189831769824,0.18194074245576,1.21022827981129,0.226191309385543,0.401167630864031
BSU_22205,BSU_22205,16.1032708381199,0.791128281361335,0.676675737574129,1.16913942296426,0.242347462716352,0.421442948360108
BSU_22210,yprB,195.476810608888,0.850523091367539,0.257885636600015,3.29806305841963,0.0009735426835901,0.0046935838322679
BSU_22220,yprA,296.191633085321,0.531826866738637,0.18653813374339,2.85103563580324,0.0043577085334911,0.0174434408124606
BSU_22230,ypqE,939.891742923485,-0.0036777465574335,0.135586935408454,-0.0271246381250111,0.978360323606089,0.987178657270632
BSU_22240,ypqA,0.530833707036254,-0.0133735787822913,3.44603370709828,-0.003880861279663,0.996903528475044,
BSU_22250,yppG,9.6835467694091,0.367816279968806,1.12783567820965,0.326125770868221,0.744329199676957,0.856349919029669
BSU_22260,yppF,160.999604585986,0.416077945624087,0.245623359581802,1.69396732595996,0.0902714920413337,0.20771450302859
BSU_22270,yppE,644.351706855004,-2.0849098161709,0.153591151916248,-13.574413565879,5.6796454810380495e-42,5.20587513193664e-40
BSU_22280,yppD,156.644421178184,-3.34963152027545,0.341410965417649,-9.81114217048606,1.0082083898036699e-22,3.98578383435717e-21
BSU_22290,sspM,14.0423149084104,1.21787905594651,0.893443977760064,1.36312861943491,0.172841978505128,0.335735635364897
BSU_22300,yppC,13.1352782127166,-0.899286604376569,0.744267880482725,-1.20828350646181,0.226938230466893,0.401543305485113
BSU_22310,recU,461.170013009396,-0.187828310930998,0.152675989513891,-1.23024132038724,0.218606750815314,0.392743805200872
BSU_22320,ponA,6158.12786389154,-0.0242650725966926,0.0973737617375769,-0.249195185270619,0.803209803576542,0.893627417487598
BSU_22330,ypoC,377.802085122568,0.354413620250872,0.166328784847664,2.13080147597705,0.0331055007182866,0.0947077418894607
BSU_22340,nth,274.625469575407,0.155480716674693,0.180972452481138,0.859140242302341,0.390263147517468,0.585050089439697
BSU_22350,dnaD,866.030270504793,0.103294412791079,0.1495755976191,0.690583319975246,0.489827432649276,0.671047416807639
BSU_22360,asnS,3605.08837828285,-0.109274805532977,0.0976011857258295,-1.11960530725457,0.262881992955093,0.445943258175967
BSU_22370,aspB,1155.39437603795,0.0059771460775612,0.119660086036075,0.049951042787645,0.960161401777617,0.979769124340199
BSU_22380,tseB,399.49206435863,-0.0265447318271347,0.170093625621106,-0.156059533272956,0.875986095245881,0.937261190631539
BSU_22390,ypmA,35.1226489960763,0.663722597815482,0.484346499406361,1.3703466395008,0.170578720560015,0.332349277904412
BSU_22400,dinG,995.638632756731,0.292022787698337,0.136711348715982,2.13605373980339,0.0326750337818736,0.0937346684371508
BSU_22410,panD,121.042867104978,-0.0850709963690566,0.255410995011923,-0.333074918584008,0.739077731546288,0.853620384988492
BSU_22420,panC,230.444468034598,-0.538891267589578,0.238814264077594,-2.25652881192425,0.0240375329948826,0.0738016268208267
BSU_22430,panB,319.12109543107,-0.491520248957049,0.186639276218985,-2.63353062074858,0.0084502215770585,0.0309592848776433
BSU_22440,birA,104.360398076252,0.555371976767337,0.273909849387224,2.02757213006317,0.0426039358431888,0.115724696631574
BSU_22450,cca,133.047863524166,0.361948922015155,0.260144030447708,1.3913404870073,0.164122202038641,0.322877374721517
BSU_22460,bshA,115.924676961428,0.632349857774708,0.323206546341771,1.9564883970699,0.0504076479632543,0.131764576004703
BSU_22470,bshBA,80.5159552335917,-0.21461581942313,0.337321067751525,-0.636236037238026,0.52462258786704,0.698655233312828
BSU_22480,mgsA,67.6969904167152,0.284700140106828,0.361512331030329,0.787525391721545,0.430974370341643,0.620740670120805
BSU_22490,dapB,116.651864138508,0.241580144676295,0.268470261653944,0.899839495026415,0.368205672874825,0.563162029514885
BSU_22500,ypjD,40.3229498569307,0.699246817162926,0.417180728752585,1.67612444432356,0.0937138196398567,0.213154008397285
BSU_22510,ypjC,174.395124442042,0.070831014648268,0.243184170451478,0.291264906415448,0.770848725055112,0.873754133832314
BSU_22520,ypjB,279.421597654223,0.11136592479677,0.208224711533288,0.534835293931796,0.592763755213102,0.746769036117421
BSU_22530,ypjA,121.422081515549,0.523446155195783,0.256632752821814,2.03967011007057,0.0413831938848905,0.113312426000119
BSU_22540,qcrC,10697.6473866493,0.0549233160133098,0.0898523935369828,0.611261579700753,0.541026421835871,0.711371769730979
BSU_22550,qcrB,6089.33639874296,0.196889173894624,0.0931113616701993,2.11455584327083,0.0344678204998435,0.0979972074622262
BSU_22560,qcrA,4146.52599524484,0.0978588192789733,0.110059932171893,0.88914119196563,0.373927203396054,0.568769447159041
BSU_22570,ypiF,359.538155746035,-0.589826711753362,0.171457608380276,-3.44007313134326,0.0005815570217417,0.0029803002435183
BSU_22580,ypiB,9012.15305553927,-1.28792600014226,0.0980853127016054,-13.130671296939,2.19700247193372e-39,1.8239514521993701e-37
BSU_22590,ypiA,1329.31821105757,-0.564254870880723,0.120804919777661,-4.67079380474919,3.00038002014649e-06,2.52116952705022e-05
BSU_22600,aroA,394.034473699224,0.928653658309338,0.179564068933602,5.17171204586998,2.31958847921428e-07,2.38331974683626e-06
BSU_22610,tyrA,342.904223264759,0.514628178682839,0.165500646351989,3.10952367876752,0.0018738926389364,0.0084080105812389
BSU_22620,hisC,1020.21138758061,0.389426369583799,0.134376215864841,2.8980304816404,0.0037551409176613,0.0153421160917442
BSU_22630,trpA,688.343538922498,0.360837439724593,0.138916909850691,2.59750551687641,0.0093903611778693,0.0338069290974289
BSU_22640,trpB,526.167379494441,0.903384189925432,0.165338785688256,5.4638370916111,4.65951176851248e-08,5.28459927625555e-07
BSU_22650,trpF,250.948035574002,0.737760617565343,0.267116027611197,2.76194814726429,0.0057457602827504,0.0223529999378604
BSU_22670,trpD,128.804874153421,0.816947163965225,0.254372519848624,3.21161721577231,0.0013199011310816,0.0061699432377476
BSU_22680,trpE,704.294525626752,0.842602207910124,0.151039044306838,5.57870457785978,2.42316372642151e-08,2.81752174464305e-07
BSU_22690,aroH,724.115045367554,0.0329535820002628,0.127005748678256,0.259465278880756,0.795276268335909,0.888086841325291
BSU_22700,aroB,1036.37148366277,0.139842341362068,0.124883238067518,1.11978471671645,0.262805513596827,0.445943258175967
BSU_22710,aroF,918.252187649383,0.208957509581305,0.128183273094559,1.63014646557792,0.103070545224787,0.229285012448065
BSU_22720,cheR,285.635260053638,0.0498753861521418,0.178460693952316,0.279475469065856,0.779879961156868,0.878588270152503
BSU_22730,ndk,3753.67594989985,0.309085034173681,0.0958181469490693,3.22574631231358,0.0012564467089596,0.0059065801686201
BSU_22740,hepT,411.274511673273,0.886791193908516,0.188225514508199,4.71132299053903,2.46113811256924e-06,2.11515203007762e-05
BSU_22750,menG,375.234859919085,0.675469413682051,0.167685876377603,4.02818310208189,5.62095606249514e-05,0.0003668646008713
BSU_22760,hepS,768.721047477366,0.625459310058581,0.128144704898214,4.88088298736484,1.05611895653347e-06,9.65627706733573e-06
BSU_22770,mtrB,361.821933203586,-0.01952299706872,0.172605032303508,-0.11310792511768,0.909944991980631,0.955978948701398
BSU_22780,folEA,529.750947967172,0.0154882998866881,0.155307724331098,0.0997265265034007,0.920561440414267,0.961079109446585
BSU_22790,hbs,7570.32736505843,0.499127433677434,0.129913710560342,3.8419919770177,0.000122039826367,0.0007320626000719
BSU_22800,spoIVA,2003.32595798459,-4.08100708394462,0.140221161582904,-29.104074148835,3.18806655269706e-186,1.32336642602455e-182
BSU_22810,yphF,3390.20328954041,0.0234556756768315,0.0904431023614849,0.259341785768066,0.795371541572435,0.888086841325291
BSU_22820,yphE,384.134421438204,-0.007594221094064,0.167340428659003,-0.0453818671012199,0.963802934052292,0.980815390843605
BSU_22830,gpsA,698.466104275551,0.543065663756163,0.130037067555679,4.17623739110877,2.96370529450304e-05,0.0002064151120382
BSU_22840,der,714.901246198283,0.526188046656806,0.128941108837509,4.08084009359581,4.4873219331081e-05,0.0003020793423445
BSU_22849,ypzH,13.5939256597282,-2.58300239291451,0.946156622512722,-2.72999451830163,0.0063335378676646,0.024253243255236
BSU_22850,yphB,20.8482715465115,-1.63910892145394,0.771029055764017,-2.12587179328766,0.0335139360961848,0.0958101575311729
BSU_22860,yphA,14.4557782781753,-1.61245085119929,0.737176782209345,-2.18733265902206,0.0287182482342447,0.0853935876936602
BSU_22869,ypzI,43.5489599833047,0.106564445754768,0.40743738837457,0.261548028716501,0.79366991648376,0.888011812216735
BSU_22870,fni,1818.63797106215,0.0291184089713254,0.108928180632637,0.267317500413672,0.789224713516069,0.885424806974379
BSU_22880,rpfA,9534.7288368033,-0.0928166062202697,0.0911200835634088,-1.01861853710527,0.308384100342562,0.499454701725311
BSU_22890,cmk,505.875078440569,0.0107163430282637,0.153649135077047,0.0697455473660167,0.944396188469017,0.972751508271685
BSU_22900,ypfB,33.9588318090521,0.382662102199158,0.51428820563936,0.74406159426393,0.456839212641383,0.646332505683157
BSU_22910,dgrA,166.929813836717,0.205671703504881,0.246364463470898,0.834826990091354,0.40381512699063,0.597148498759938
BSU_22920,sleC,71.2449943235364,-0.212540675852899,0.36111831493888,-0.588562438016669,0.556154837514497,0.722114085243252
BSU_22930,sleB,6.42838667591815,-3.47658386055925,1.39511790765897,-2.49196418558845,0.0127038846526668,0.0432244468796886
BSU_22940,prsW,1162.19576340406,0.151984639270828,0.124657449739873,1.2192182624302,0.222761362241493,0.39685940543538
BSU_22950,ypdA,1490.19290762247,0.493246128819361,0.10417826584158,4.73463562514493,2.19448987404603e-06,1.90971225726731e-05
BSU_22960,gudB,3820.16032427882,0.0666695112577674,0.103455943949455,0.644424174316556,0.519300412698355,0.694654037593418
BSU_22970,mecB,1734.1873221111,-0.248784584305122,0.103888502428229,-2.39472683203797,0.0166327518098462,0.0541085836698053
BSU_22980,ypbG,68.2194727590122,-1.13566451139935,0.405895000317985,-2.79792682962256,0.0051431762398191,0.0202940347637731
BSU_22990,ypbF,92.0918804192375,-0.374952430252372,0.301181367643679,-1.24493899866996,0.213154174189801,0.385535066257892
BSU_23000,ypbE,417.036034577814,0.0621581107422224,0.154480457607399,0.402368763693027,0.68741265482524,0.818893563043367
BSU_23010,ypbD,254.092864287691,0.0766956902358377,0.258442987959398,0.296760577028643,0.766649305256388,0.871958633314995
BSU_23020,recS,903.839552127284,0.0459648594580079,0.122661634150547,0.374728901798208,0.707862095395432,0.833811404462674
BSU_23030,gmmB,677.325302402617,-0.0801384318142791,0.14492739281975,-0.552955726692395,0.58029372685687,0.737552711344844
BSU_23040,fer,2795.53061373365,-0.151220478747138,0.11527413744502,-1.31183353091029,0.189576308635479,0.35668368040567
BSU_23050,fmnP,719.673368320151,-0.261948817556551,0.131221203957489,-1.99623848628469,0.0459079701285241,0.122562833585256
BSU_misc_RNA_78,fswB,168.615307502723,-0.427357438057171,0.255370868628888,-1.67347763803952,0.094233305154451,0.214027875746071
BSU_23070,serA,2810.40021955097,0.980924489058434,0.128244461750849,7.64886433040795,2.02762022184801e-14,4.29420996984239e-13
BSU_23080,aroC,501.306840382478,0.142413979381818,0.145662488339913,0.977698383467711,0.328223521531113,0.518833144659424
BSU_23090,rsiX,737.552494107779,-0.556225962342057,0.168121661652452,-3.30847290512694,0.0009380626126889,0.004527788261944
BSU_23100,sigX,322.567615093713,-0.552334944591541,0.170208664697235,-3.24504598854604,0.0011743165696985,0.00554560646282
BSU_23110,resE,3125.05223361672,0.200897815829887,0.105716435869729,1.90034609261182,0.0573877162652036,0.145520103980978
BSU_23120,resD,984.293619208585,0.0431184553279049,0.134467936276121,0.320659753707858,0.748468249790279,0.859094791765948
BSU_23130,resC,1240.28454738564,-0.0074302590717051,0.146852341716557,-0.0505968034615785,0.959646810032838,0.979769124340199
BSU_23140,resB,1717.90627180623,0.107870700211486,0.111640123808966,0.966235942160631,0.333926131612552,0.525844981913392
BSU_23150,resA,755.711975855395,-0.0468092995875462,0.153043711084603,-0.305855753600158,0.759714475991063,0.867458329695419
BSU_23160,rluB,773.976350642689,-0.251927409871415,0.164148583819126,-1.53475225926416,0.124844693693562,0.264538194753433
BSU_23170,spmB,86.8596889398285,-4.02515280388599,0.3829236944952,-10.511631590707,7.63608654886548e-26,3.77349943623102e-24
BSU_23180,spmA,40.7497039793327,-4.42348636559631,0.700484716545297,-6.31489347463909,2.7034763154024e-10,3.9654170265849405e-09
BSU_23190,dacB,112.409194338931,-3.98509191137309,0.374556095414607,-10.6395062319354,1.9516080228056898e-26,9.760391448995711e-25
BSU_23200,ypuI,258.560471657892,-0.0241751198833293,0.217141350882667,-0.111333561226634,0.911351842817765,0.956516181930858
BSU_23210,spcB,179.749478202985,0.278545596451778,0.270155725442914,1.03105568462452,0.302514707576512,0.492446490647099
BSU_23220,scpA,290.106727982073,0.295159749059102,0.179966430953965,1.64008225030925,0.10098806643712,0.226106506893467
BSU_23230,ypuF,108.255480082326,0.160300821578778,0.356432466392606,0.449736869374321,0.652900183177437,0.796177632305976
BSU_23240,ypzK,4715.46377147713,-0.2441713220802,0.0991980928527766,-2.46145177853957,0.0138375997825527,0.0464348235225355
BSU_23250,ribH,912.501919594806,0.0820732145990504,0.1416103503358,0.579570733385168,0.562204134013987,0.72610745497575
BSU_23260,ribBA,1849.54338392148,-0.0250221858599782,0.0993911947091103,-0.251754553642413,0.801230786966543,0.892142971217307
BSU_23270,ribE,901.950792372187,0.102309066712412,0.150393424682987,0.680276195106727,0.496329594507073,0.677495608944051
BSU_23280,ribD,1637.78799086253,-0.0780785655064014,0.108401581339966,-0.72027146229107,0.471357871876535,0.659523688763421
BSU_misc_RNA_36,fswA,120.471525796957,-0.65163346636349,0.268004191333089,-2.43143013220121,0.0150393485873187,0.0498628881676995
BSU_23300,ypuD,179.259088737761,-0.575911280634058,0.237183756533818,-2.42812277303628,0.0151772045500988,0.0501996622210839
BSU_23310,sipS,968.225340349185,-0.382751224450672,0.125952925381569,-3.03884346704249,0.0023748821635903,0.0103551847280077
BSU_23320,ypzC,1.54301663064343,0.310974658877118,2.33328324752953,0.133277714656537,0.8939737514826,
BSU_23328,ypzJ,37.8627831366476,-0.0806803631163597,0.494847056665629,-0.163041008387519,0.870486146613485,0.934899869234819
BSU_23340,ypuB,5.77283086396282,-0.15410424518914,1.83702880530538,-0.083887767434067,0.933145665450912,0.968129881851221
BSU_23350,ypzD,7.4547712085359,0.304150295016267,1.06361736288634,0.285958377165726,0.774910001129054,0.876710660857646
BSU_23360,ppiB,78.4864840051394,-0.101868121704858,0.358913229451761,-0.283823814074674,0.776545403690964,0.876897088084629
BSU_23370,ypuA,386.237314869944,-0.998262639713915,0.166029340963464,-6.01256762160846,1.82607619292554e-09,2.38366109334399e-08
BSU_23380,lysA,1154.61541791447,-0.0768561715264291,0.137835771446808,-0.557592348631275,0.577122782429876,0.73576064799337
BSU_23390,spoVAF,65.0060681469701,-0.196848856925782,0.48123267203566,-0.409051314186738,0.682502003920365,0.816527517576411
BSU_23401,spoVAEA,7.5785366423252,0.848359398565702,1.11579005909689,0.760321703575988,0.447062311740952,0.637902461085081
BSU_23402,spoVAEB,6.35542959367825,-4.55731083708906,1.62310580189279,-2.80777188509493,0.0049885549708623,0.0197214206514758
BSU_23410,spoVAD,12.3208251516098,-1.85237726302506,0.996308051021113,-1.85924148773722,0.0629929166003392,0.156729566151361
BSU_23420,spoVAC,3.3109498214964,-2.11552285790756,2.20521095949234,-0.959329015122696,0.337393022790025,
BSU_23430,spoVAB,2.03051538944011,0.128492144842649,3.11303168782217,0.0412755659845341,0.967076211985738,
BSU_23440,spoVAA,2.76956245600704,-0.858678340480939,1.94801882641693,-0.440795709382512,0.659360900009125,
BSU_23450,sigF,8428.70224948283,-2.07627853462945,0.115116184392773,-18.0363738216448,1.00954913316099e-72,2.46508144220663e-70
BSU_23460,spoIIAB,3800.45162401158,-2.06700632343346,0.128695540624351,-16.061211704816,4.77138448237398e-58,7.617698840897839e-56
BSU_23470,spoIIAA,3131.97912274204,-2.18534967820147,0.133346596099807,-16.3884924109032,2.31105437005919e-60,3.99716112088155e-58
BSU_23480,dacF,141.094637710403,-4.4329450433487,0.882201388470696,-5.02486745235489,5.03780355269679e-07,4.84072281186212e-06
BSU_23490,pupG,1774.24890561624,0.0660195208513951,0.116804808785163,0.565212353310072,0.57192933524383,0.732384675776237
BSU_23500,deoB,1562.12455878242,0.0087579549170733,0.102840015876027,0.0851609642654182,0.932133423804118,0.967406010873326
BSU_23510,ripX,960.856633941166,0.23127300172503,0.138404777560545,1.67099001783995,0.0947236495107242,0.214979698807554
BSU_23519,yqzK,18.3784516299856,-0.692034302628262,0.619737802693506,-1.11665659190151,0.264141184557626,0.447165602405671
BSU_23520,fur,1928.47452163801,-0.242824389410857,0.10550003871864,-2.3016521354883,0.0213547974883691,0.0666494468979098
BSU_23530,spoIIM,56.2432805520796,-3.89751228093245,0.538552744359748,-7.23701127094982,4.58680043658045e-13,8.73385716158049e-12
BSU_23540,yqkK,4.9165677496348,0.27037456795741,1.31225697853812,0.206037820624594,0.836761368467687,0.916622817903624
BSU_23550,mleA,1029.11968022387,0.0313931973191273,0.120366458295462,0.260813500402801,0.794236332870671,0.888086841325291
BSU_23560,mleN,426.214906342323,-0.0217326106170435,0.156946235618154,-0.138471690840158,0.889867641498237,0.945441663644531
BSU_23570,ansB,543.627607431611,-0.248448549807818,0.139020205122388,-1.78713985919596,0.0739148866387914,0.177613077938737
BSU_23580,ansA,293.145787593561,-0.318225389110837,0.234862010754314,-1.35494620048931,0.175434698435457,0.339026737991425
BSU_23590,ansR,188.836882723766,0.152139827340685,0.215290630334001,0.706671846817745,0.479770428966809,0.664444962366497
BSU_23600,yqxK,303.381501867289,-0.108789295183228,0.212103108038239,-0.512907595694517,0.608015959917336,0.759059924696801
BSU_23610,nudF,109.680246966183,0.0341925993240152,0.333983268555402,0.102378180415775,0.918456502164867,0.960799443953585
BSU_23616,mciZ,0.26743718549657,-1.50746674388833,3.49769173377258,-0.430989023227152,0.666476351871109,
BSU_23620,yqkF,308.648854873319,0.0505771289421417,0.173048319912057,0.292271713287045,0.770078884575675,0.873387281386237
BSU_23630,yqkE,127.529714966225,0.191553717830018,0.289859761718224,0.660849635335828,0.508708747800979,0.687162385981733
BSU_23640,yqkD,181.512260456306,-0.099390389566478,0.249122751897825,-0.398961511180007,0.689921564376413,0.819886748848122
BSU_23650,yqkC,260.0085035413,0.106118233597668,0.191804103499102,0.553263625030653,0.580082905073975,0.737552711344844
BSU_23660,yqkB,238.450569117066,-0.029835022985084,0.198854351532965,-0.150034549181782,0.880737357453925,0.940072196140715
BSU_23670,yqkA,437.439314936232,0.574604937061013,0.175547157106897,3.27322268574885,0.0010632867099534,0.0050790599919638
BSU_23680,yqjZ,130.773879439725,0.356530689305002,0.249666816938673,1.42802593342863,0.15328439422655,0.307829472875864
BSU_23690,yqjY,335.885177963327,0.464428448024595,0.184563230404172,2.51636497154688,0.0118572325209177,0.0409819918354115
BSU_23700,yqjX,1.79929964138145,-0.518789521285134,2.39146533064886,-0.216933741265809,0.828259981947511,
BSU_23710,polYB,8.5773789060008,-0.16336273873876,0.911555899638499,-0.179213078214452,0.857770395040891,0.927987915574779
BSU_23720,yqzH,36.5938112524945,0.1502155823212,0.448851091307705,0.334666853284358,0.73787640819908,0.852830398108796
BSU_23730,yqjV,212.470370551723,-0.155200648337051,0.207464726410265,-0.74808210061762,0.45441063779754,0.644654325870672
BSU_23740,yqjU,29.0613846976899,0.7662288866173,0.585461437309143,1.30876064209965,0.190615442768286,0.357614537367547
BSU_23750,yqjT,173.405901623645,-0.167583785460188,0.26206952740556,-0.639463073479914,0.522521728452175,0.696527840335575
BSU_23760,coaA,222.774421450097,-0.155923616981684,0.223258687066516,-0.698398879929046,0.484927776650611,0.667172433132998
BSU_23770,dsdA,265.731374483995,-0.097018691599933,0.178772175559942,-0.542694584859503,0.587340103261419,0.742864168906769
BSU_23780,yqjQ,204.138556618764,0.200940147874557,0.230257729992169,0.872674927705535,0.38284028739409,0.577880011990134
BSU_23790,yqjP,192.080396554221,-0.118778651957471,0.209329783781809,-0.567423563964875,0.570426444122918,0.731652051850307
BSU_misc_RNA_91,pswI,58.0605779216932,-0.140982789531545,0.367868586684155,-0.383242262684936,0.701540144643117,0.827769511203405
BSU_23800,proI,24.2180778950192,-0.583472002875159,0.616818040038957,-0.945938615605841,0.344179896157693,0.536899943235845
BSU_23810,yqjN,427.218049395942,0.0738694066845385,0.174104697644617,0.424281525334375,0.671360511016735,0.808710818697176
BSU_23820,yqjM,405.560291694059,0.356571901916893,0.162729761183581,2.1911904701601,0.0284380119445124,0.0846209229976136
BSU_23830,yqjL,534.188634300522,-1.035340261429,0.155393353754142,-6.6627061995655,2.6883074592329e-11,4.3590485403421006e-10
BSU_23840,rnz,144.574977031815,0.275258654499015,0.260465457506182,1.05679523547756,0.290605049252616,0.478677087083575
BSU_23850,zwf,1310.30242160988,-0.129951623608167,0.11387709358133,-1.14115683427903,0.253804663708196,0.435348412831703
BSU_23860,gndA,3864.94351125676,0.729537271749419,0.113728803180044,6.41470983031878,1.41091336878753e-10,2.1374822605244603e-09
BSU_23870,polYA,175.824710997697,0.577090695180949,0.263104569620332,2.19338910005899,0.0282793569759763,0.0842091899621791
BSU_23880,mifM,201.029695377593,-0.148509330244661,0.208555671696673,-0.712084831050076,0.476412246880322,0.662127670756372
BSU_23890,oxaAB,1361.13732130957,-0.117722486015365,0.118558093994153,-0.992951911163238,0.320733390118208,0.512260216383486
BSU_23900,yqjF,7.93862590554889,-2.45545523087209,1.23868789915084,-1.98230339745418,0.0474452940160836,0.126004744376688
BSU_23910,yqjE,1202.39660682615,0.109491188837363,0.136238402709337,0.803673462547569,0.421585584096949,0.613175108474575
BSU_23920,yqjD,708.131507370067,0.234073893650592,0.133521894542551,1.75307498783277,0.0795891362409453,0.188033297971636
BSU_23930,yqjC,2.25686008355495,-0.0600545530451288,2.30601713337943,-0.0260425441666688,0.97922340460861,
BSU_23940,yqjB,10.4627870839439,0.759759359795487,0.931263121394235,0.815837481739873,0.414593092740403,0.605988053214181
BSU_23950,yqjA,511.603027859944,0.634467216399144,0.158204475005637,4.01042521949228,6.06094947825767e-05,0.0003933385116407
BSU_23960,artR,10853.2637296763,-0.0917438870202553,0.0907722224033101,-1.01070442687442,0.312157917637938,0.503319303146688
BSU_23970,artQ,5424.99513838435,-0.147557279254873,0.101339856673218,-1.45606362687771,0.14537503137325,0.29697428899132
BSU_23980,artP,29809.4164216572,-0.374828783949585,0.0872002123406439,-4.29848476154316,1.71969721903801e-05,0.0001248868897002
BSU_23990,brxB,1070.38476271554,0.0617957603271932,0.152953144401026,0.404017587014568,0.686199786490148,0.818310096668672
BSU_24000,bmrU,28.1492285027429,-0.630145463465461,0.518167440209131,-1.21610393584579,0.223945331426965,0.398284948908882
BSU_24010,bmr,1337.55598404169,-0.698937900547896,0.110790958435766,-6.30861859501942,2.81536958568694e-10,4.1005611053285905e-09
BSU_24020,bmrR,166.434218298584,0.167093254358869,0.253180741560775,0.659976162992471,0.509269126328813,0.687695557381556
BSU_24030,bkdB,388.760205604384,-0.0989336275950556,0.179776493785409,-0.550314590700317,0.582103618351262,0.738707465538394
BSU_24040,bkdAB,172.036959140554,0.0925397174192449,0.242653179599891,0.381366185152954,0.702931548825526,0.829175578054777
BSU_24050,bkdAA,186.359951939089,-0.356876110070066,0.228017698007199,-1.56512460738376,0.117553694770902,0.253094080391085
BSU_24060,lpdV,208.452121991557,0.061243447530694,0.232942678951986,0.262912094109286,0.792618334403999,0.887313566912351
BSU_24070,buk,144.5423849486,0.0439979651871047,0.241161155932207,0.1824421724014,0.855235732337089,0.927399039950694
BSU_24080,bcd,246.968851903212,-0.224787097659366,0.19410449300661,-1.15807261427849,0.24683440467137,0.427637373760874
BSU_24090,ptb,150.806140818693,-0.263623023832833,0.25698809365247,-1.02581804505439,0.304977358679829,0.496032784102363
BSU_24100,bkdR,199.183186720753,-0.0241178954130983,0.207339494187741,-0.116320797962689,0.907398303106382,0.955165606416692
BSU_24110,yqzF,609.016451353624,-0.110442708330324,0.131900398757799,-0.837318987436298,0.402413289199535,0.596101674503943
BSU_24120,mmgF,310.865695874981,-1.74597162456304,0.245075396078276,-7.12422239238321,1.0466992332362999e-12,1.9140301837726397e-11
BSU_24130,mmgE,253.282224133939,-2.87989013029041,0.225647110140982,-12.7628052869415,2.64501023095014e-37,2.04529978982781e-35
BSU_24140,mmgD,153.374998384314,-4.1421324326136,0.361885844760968,-11.4459642248498,2.4635001722700598e-30,1.44028017113986e-28
BSU_24150,mmgC,179.452082872229,-4.22135244774556,0.390149811655441,-10.8198243895953,2.7730820840743e-27,1.45709667480917e-25
BSU_24160,mmgB,116.469304359153,-3.95510941501454,0.343839139430237,-11.5027900010697,1.2771906917083798e-30,7.68350516127752e-29
BSU_24170,mmgA,163.810712801502,-3.85981646381034,0.30607334489873,-12.610756631184,1.84215904508598e-36,1.34154424493893e-34
BSU_24180,glpQ,255.955162286933,-0.188187332974173,0.191320055458828,-0.98362574965211,0.325299559635503,0.516374176691003
BSU_24190,yqiI,42.0684996876135,1.04129798522028,0.543023558354907,1.91759265173484,0.0551626826187851,0.140997718935084
BSU_24200,yqiH,20.5847691776198,0.61908911813996,0.616534486042052,1.00414353479934,0.31530943398259,0.50671678686091
BSU_24205,BSU_24205,0.726843902332518,-2.51261123803332,3.4596627435157,-0.726259009709141,0.467680002846969,
BSU_24210,yqiG,81.005371683289,-0.142789561799178,0.350075935517092,-0.407881683121879,0.68336054094668,0.817001614478591
BSU_24220,spo0A,4757.00323062038,-0.788306356216559,0.0905094233845305,-8.70966057166698,3.0478607304085698e-18,8.54842560265269e-17
BSU_24230,spoIVB,34.6657134152197,-2.57508958319034,0.527501898949505,-4.88166884009046,1.05191802353284e-06,9.63909871012103e-06
BSU_24240,recN,1277.74313822884,0.161454862070675,0.113368106810522,1.42416475508868,0.154398784851008,0.30961804633649
BSU_24250,argR,254.407760054717,-0.0480262660265908,0.197148368826898,-0.243604683682467,0.807537000510447,0.896519414046233
BSU_24260,yqxC,1057.57857909046,0.0169337229654722,0.11468198435591,0.147658091727113,0.882612606955531,0.940864132376068
BSU_24270,dxs,2164.19971595465,0.0023061580605438,0.0975195276813163,0.0236481668377245,0.981133251298811,0.987960636277114
BSU_24280,ispA,131.801644062903,0.17777807603135,0.280332178924692,0.634169351207832,0.525970307067611,0.699776520717197
BSU_24290,xseB,19.2018463529021,0.656665171937124,0.620699929001637,1.05794304341767,0.29008140991066,0.478318354113186
BSU_24300,xseA,137.86602475259,0.765996711255695,0.249870406930521,3.0655759546135,0.0021725118911422,0.0095429596403509
BSU_24310,folD,640.408618314858,0.525988744892494,0.147725167064416,3.56058994783967,0.000370022531221,0.001994757827401
BSU_24320,nusB,330.621045012149,0.410935678132327,0.172963392776265,2.3758534770643,0.01750841374986,0.0565143277415778
BSU_24330,yqhY,1233.90906710107,0.0854927941272057,0.108135363996251,0.790609019729839,0.429172181771171,0.619004074542089
BSU_24340,accC,2635.58158823737,0.0546174828185429,0.122168019328363,0.447068579148708,0.654825544809937,0.79805661670759
BSU_24350,accB,419.967529560722,0.453734377903663,0.185884713197724,2.44094508955682,0.0146488819524374,0.0488806342319675
BSU_24360,spoIIIAH,630.445462061913,-3.95535361985419,0.196988385009883,-20.0791210083567,1.12365417322311e-89,5.1825427478323805e-87
BSU_24370,spoIIIAG,157.561813669773,-5.29770982549249,1.04056003182083,-5.09121017864032,3.55785376088162e-07,3.49968032261129e-06
BSU_24380,spoIIIAF,143.851558448293,-4.38483366023489,0.320010635250949,-13.702149795104,9.856225309591849e-43,9.29845255911722e-41
BSU_24390,spoIIIAE,62.5605363071234,-3.97930187083988,0.512596857631508,-7.76302431744617,8.29277044458221e-15,1.83102606997132e-13
BSU_24400,spoIIIAD,22.5922251203324,-4.81267502788331,0.942397025512831,-5.10684445896289,3.27583176729691e-07,3.23783903037197e-06
BSU_24410,spoIIIAC,26.0209392647983,-4.0757426231313,0.71901061333211,-5.66854306119779,1.44016877879092e-08,1.72778630079801e-07
BSU_24420,spoIIIAB,47.8130846262164,-5.18410133380143,0.674597600820948,-7.68473135316916,1.53318376281747e-14,3.31471135388298e-13
BSU_24430,spoIIIAA,157.594786665572,-4.30760732544618,0.357831982670209,-12.0380724308152,2.24131568845298e-33,1.47677800361402e-31
BSU_24440,yqhV,31.2884225647331,-5.01393170698235,0.954773189583105,-5.25143747403679,1.50916764184254e-07,1.57797352173511e-06
BSU_24450,efp,1016.04255505959,0.168652502222028,0.113614300431795,1.48443023088695,0.137694819660402,0.284930805787801
BSU_24460,papA,2071.11272933074,-0.0876305185712593,0.0971000447160592,-0.902476603666963,0.366803744382848,0.562676401675241
BSU_24470,yqhS,421.256992797429,-0.0526898074457527,0.192330672222658,-0.273954262400511,0.784119770708611,0.881842635657395
BSU_24480,yqhR,5.03483773579819,-3.31663600479865,1.68865524069098,-1.96406935227437,0.049522049799124,0.129862742857082
BSU_24490,yqhQ,1114.24625960179,-0.487930673141842,0.125681445914075,-3.88228086964742,0.000103481254142,0.0006307645902253
BSU_24500,yqhP,868.264013279456,-0.332780066887631,0.122930898498903,-2.70704982190136,0.0067884068913977,0.0256636402606484
BSU_24510,yqhO,23.4025312112925,0.028238047260501,0.591190022877911,0.0477647561151967,0.961903725025973,0.980301270056125
BSU_24520,mntR,981.104622643046,0.748136582779308,0.118576190537961,6.30933224777363,2.80241932143799e-10,4.0960713391863e-09
BSU_24530,lipM,644.055998583581,0.524538017825655,0.176352407376348,2.97437401410832,0.0029358698732572,0.0123849551259053
BSU_24540,yqhL,415.009467547669,0.770057763822416,0.16301189487136,4.72393603196936,2.3132320573549e-06,2.00464013989148e-05
BSU_24550,gcvPB,21327.9452375692,-0.346495139498209,0.0879632671268446,-3.93908901767549,8.17915812670712e-05,0.0005090207703742
BSU_24560,gcvPA,11893.6216079117,-0.293908643390711,0.0874153688472368,-3.3622078962377,0.0007732188510807,0.0038438700010012
BSU_24570,gcvT,9360.37220195193,-0.30168729478702,0.0899479930325342,-3.35401919059939,0.000796468387613,0.0039358812821212
BSU_misc_RNA_37,swgA,1421.33815610586,-0.342382491758588,0.112921735344525,-3.03203356478696,0.0024291219156702,0.0105584136879027
BSU_24580,yqhH,50.0424576271232,-3.37338637492985,0.542004072895965,-6.22391333132538,4.84905013326727e-10,6.80234488507653e-09
BSU_24590,yqhG,37.8890212144553,-1.33947991841434,0.589037325715157,-2.2740153466303,0.0229650638235477,0.0709285564966864
BSU_24600,sinI,631.37844518266,-0.0851023482621828,0.145424658557878,-0.585198886530737,0.558413993505135,0.724000679185867
BSU_24610,sinR,2928.02108105964,-0.352338071179147,0.111252425595263,-3.16701473512996,0.0015401251433889,0.0070876490800529
BSU_24620,tasA,53.1231664695255,-0.0014070098372966,0.398886781955158,-0.0035273413433258,0.997185594637683,0.997425880323138
BSU_24630,sipW,3.01608398133473,0.889514470687762,1.85560366300565,0.479366627918244,0.631677830224928,
BSU_24640,tapA,1.57560641828431,-2.39093025391927,2.63551362250333,-0.907197076692877,0.364302589352519,
BSU_24650,yqzG,20.5140436777345,-2.09236883425775,0.682084636125454,-3.0676088031294,0.0021577889193116,0.0094983900361217
BSU_24660,spoIIT,12.1645406316865,-0.756030512907846,0.878579263257496,-0.860514861350953,0.38950529497361,0.584575401222072
BSU_24670,comGG,20.4906867497085,1.05283339612703,0.809564237208519,1.30049395432454,0.19343172700829,0.360383796593991
BSU_24680,comGF,24.1865483747902,-0.299764569323542,0.691116076698001,-0.433739829575013,0.664477380010869,0.80462240502483
BSU_24690,comGE,26.3998792496936,0.278256212380816,0.891931466064374,0.311970395672455,0.755063022130133,0.864148498721308
BSU_24700,comGD,32.4919460518781,-0.330778142214988,0.509688709248543,-0.648980713547037,0.516350842355434,0.693423599682111
BSU_24710,comGC,17.2966159330697,0.503973171914644,0.824268804172002,0.611418470969428,0.540922577465187,0.711371769730979
BSU_24720,comGB,104.739849086475,-0.166887488589278,0.386406546098721,-0.431896121518192,0.665816913785818,0.805299247719104
BSU_24730,comGA,189.636216044275,0.156773165180777,0.265721332515311,0.58999088893905,0.555196757819131,0.721321358906796
BSU_24740,yqxL,6.11337985772086,-0.484737335096483,1.19030375224799,-0.407238349186932,0.683832938062048,0.817330989316315
BSU_24750,yqhB,5.22281565152399,-1.11820279788834,1.38798689410924,-0.805629219291701,0.420456672589334,0.61196200838651
BSU_24760,rsbRD,43.7437995248593,0.34088451306434,0.492352156740809,0.692359134406702,0.488711822469029,0.66979110936794
BSU_tRNA_73,trnSL-Gln1,0.840937872803423,0.447240783071612,3.29071685293737,0.135909834561547,0.891892560763816,
BSU_24770,mgsR,243.960065807595,-1.45951429145091,0.229689216768592,-6.3543004411972,2.09377261179271e-10,3.1151434091582603e-09
BSU_24780,yqgY,2609.19708771595,-0.0821626745186557,0.119903972538683,-0.685237300975566,0.49319418940562,0.67476897831995
BSU_24790,yqgX,302.240575909148,0.0794622891472759,0.213149416918466,0.372800875067239,0.709296651517695,0.833846217546444
BSU_24800,yqgW,4195.31416298622,-0.229442487276731,0.132413068832621,-1.73277826199136,0.0831350879857433,0.194638325002155
BSU_24810,yqgV,405.115901096274,-0.210676919118705,0.171516148121508,-1.22832118973109,0.21932641956527,0.393035312820078
BSU_24820,yqgU,723.548628367226,-0.195935241039758,0.146565640961629,-1.33684293095033,0.181273912418755,0.346122995452739
BSU_24830,yqgT,379.93050433205,0.283849955583162,0.182519958722247,1.55517214429747,0.119905076571191,0.257089862007755
BSU_24840,ltaSC,5731.61734460591,0.274423339732111,0.0909573227418172,3.01705603748983,0.002552426224113,0.0110022027583524
BSU_24850,glcK,511.244017073301,-0.164826443116977,0.165061715151329,-0.998574642011103,0.318000789272002,0.509268278702269
BSU_24860,yqgQ,86.7636935195393,0.0553451308558794,0.340920357165532,0.162340352204333,0.871037839650491,0.9352504067225
BSU_24870,glpG,353.906369281208,0.346211115397194,0.183321816132254,1.88854290613959,0.0589531035031599,0.148762512244144
BSU_24880,yqgO,29.3881142141976,2.62952455805818,0.715074856961193,3.67727173240672,0.000235741873624,0.0013277673234915
BSU_24890,folN,74.5462983378828,1.56560140687525,0.408602030834847,3.83160456563677,0.0001273102447718,0.0007603810446731
BSU_24900,rpmGA,187.472972574459,0.852861794102226,0.233449358799532,3.65330536133362,0.0002588860471364,0.0014482964712445
BSU_24910,yqgM,359.382478587987,0.253120781393673,0.229410922749663,1.10335104518925,0.269874747343831,0.454094072243308
BSU_24920,yqgL,328.247598472877,-0.147257419769353,0.17966058466791,-0.819642327456233,0.412420036429988,0.604931297251195
BSU_24930,yqzD,335.847319074897,-0.315946702168217,0.171454079761493,-1.84274823094163,0.0653657785016399,0.161220051432149
BSU_24940,yqzC,785.154652060738,-0.239051775814846,0.156739821706377,-1.52515023439714,0.127221629992326,0.268301232312531
BSU_24950,pstBB,6.23991647714534,0.134263224267101,1.42414711260322,0.0942762324755057,0.924889729548179,0.963175430846586
BSU_24960,pstBA,7.99352536472424,0.68702371846157,1.16719945087606,0.588608671762067,0.556123815344163,0.722114085243252
BSU_24970,pstA,3.3268067310955,-0.819035989129306,1.84334014072474,-0.44432168053764,0.656810028587222,
BSU_24980,pstC,6.28685769795379,0.675865635787843,1.24523935147161,0.542759618854891,0.587295319642078,0.742864168906769
BSU_24990,pstS,5.01359505855511,-0.38276803311589,1.34034429807134,-0.285574410744065,0.775204104859845,0.876804424870086
BSU_25000,pbpA,1415.4057168871,0.737411317245608,0.145539533406,5.0667423482011,4.04681440456189e-07,3.96186947956047e-06
BSU_25010,yqgE,2.45119292691615,3.55913225419647,2.00252555673597,1.77732176362218,0.0755153148509878,
BSU_25020,sodA,9944.90368725987,0.232672316017648,0.0906394532505032,2.56700926223158,0.0102579872352082,0.0364562542922512
BSU_25030,yqgC,181.511924432724,0.570551831680683,0.225411326019083,2.5311586678319,0.0113686408117612,0.0394575485030273
BSU_25040,yqgB,94.5802049169868,0.72571930117777,0.414466153139876,1.75097362156096,0.0799504538820807,0.188527347423779
BSU_25050,yqgA,1468.02617186977,0.156181279448952,0.114758343005089,1.36095795180683,0.173526977876952,0.336593684657584
BSU_25060,yqfZ,22.2646036674737,-1.61138910559947,0.630502479209483,-2.55572207681057,0.0105967718143904,0.0373960420746766
BSU_25070,ispG,820.408759629573,-0.193864768507719,0.138341503594566,-1.40134929482821,0.161109646990365,0.31937256191834
BSU_25080,yqfX,17.011505456811,1.08905194190031,0.771333677477869,1.41190767847882,0.157977146556329,0.314967884416581
BSU_25090,yqfW,401.525384592504,0.0140009437351348,0.253155181169265,0.0553057759689835,0.955894860653496,0.978283916807855
BSU_25100,zur,1425.77992290833,0.195379633928137,0.115076511665595,1.69782374439624,0.089541033013162,0.20660635243893
BSU_25110,yqfU,517.827570599819,0.434418754537102,0.158008736853798,2.74933375955697,0.0059716545743603,0.0231540437799297
BSU_25120,yqfT,36.368627480201,-1.8846037292353,0.509016650450334,-3.70244023956381,0.0002135356686836,0.0012175639570134
BSU_25130,nfo,1143.93484693114,0.216749240725469,0.130317673102987,1.6632374992928,0.0962649040573171,0.217407843711601
BSU_25140,cshB,1187.20171871965,0.362907093333614,0.117856078023985,3.07923952178146,0.0020752975852112,0.0092331835757898
BSU_25150,yqfQ,14.4199117521409,-0.458386974378764,0.731049845561704,-0.627025608666343,0.530642448793296,0.703961906340994
BSU_25160,ispH,319.698372965994,0.184567797147722,0.199849091664363,0.923535832015161,0.355728036174416,0.550159120029807
BSU_25170,yqfO,1022.01345745576,-0.0050097329885352,0.115465022879539,-0.0433874507067115,0.965392681167328,0.981510302733854
BSU_25180,trmK,412.529455895848,0.0574288547449038,0.175730765882875,0.326800230206589,0.743818985304893,0.856308442416518
BSU_25190,cccA,4495.81668348893,-0.0247626579857608,0.101531116346706,-0.24389230490879,0.807314229049306,0.896511868588462
BSU_25200,sigA,2465.23331947519,-0.528970076842728,0.104374466291813,-5.06800269870431,4.0201170722929e-07,3.94503687165197e-06
BSU_25210,dnaG,4714.22456984841,-0.540888919273002,0.100681003065615,-5.37230364024579,7.77370620402192e-08,8.53668107219444e-07
BSU_25220,antE,76.8048483102434,0.336467989337292,0.379407765762593,0.886824202612211,0.375173555060387,0.570456200386691
BSU_25230,yqxD,1205.96980554541,-0.591133504005097,0.124346628350977,-4.75391662680697,1.99513339045345e-06,1.76208483058984e-05
BSU_25240,ppsR,483.708144346418,0.303180681310109,0.151377696216686,2.00280945533831,0.0451977445871218,0.121355651863611
BSU_25250,ccpN,275.165970863219,0.437731593628948,0.224164050643211,1.95272878221522,0.0508517412910101,0.132674781960392
BSU_25260,glyS,439.415986711473,0.420397120494265,0.1573053623706,2.67249071588444,0.00752904578548,0.0281305752074956
BSU_25270,glyQ,149.953623086159,0.492591082946063,0.270240356338078,1.82278875598365,0.0683353913635186,0.167449946605647
BSU_misc_RNA_39,tboG,980.683397438198,0.356499626551323,0.150827181493757,2.36362983794191,0.0180968841393044,0.0580526785643374
BSU_25280,recO,3697.1227276383,0.195602133876984,0.0903004814018065,2.16612503987239,0.030301633244546,0.0886413527823187
BSU_25289,yqzL,473.168623157387,0.0977888127180771,0.16024551766797,0.610243669471593,0.541700405750946,0.711581767174739
BSU_25290,era,5738.2729102352,-0.0212862424682418,0.0934740086855552,-0.227723650323465,0.819861085158532,0.905875653744997
BSU_25300,cdd,1654.50162163577,0.0013420629454743,0.103178043618405,0.0130072532721968,0.989622006076262,0.992931662931467
BSU_25310,unpK,126.639277923169,-0.501614655954006,0.298363824377842,-1.6812180799733,0.0927205629429889,0.212173680692584
BSU_25320,rnrY,213.295719897053,0.0409464607934501,0.202125113029821,0.202579779324151,0.839463496054081,0.918294912398968
BSU_25330,pgpH,920.889068615518,0.103166582910385,0.121408691238345,0.849746273171266,0.395466165903682,0.589487834955525
BSU_25340,phoH,2986.59941957657,-0.196275794575538,0.095648834070102,-2.05204586635824,0.0401652051227011,0.110781240175636
BSU_25350,yqfD,82.4481641409871,-2.35067153273394,0.345484502404108,-6.80398546498157,1.0176381078904399e-11,1.71020882018349e-10
BSU_25360,yqfC,12.2138586061151,-2.27199127841175,0.916240102068772,-2.47968984688821,0.0131496707614196,0.0444135747198152
BSU_25370,yqfB,2232.43475652804,-0.284281918725403,0.0967849857564227,-2.93725226597492,0.003311346200777,0.013649849135477
BSU_25380,floA,2303.92132027288,-0.267979168167026,0.101238811555482,-2.64700033563872,0.0081209272404978,0.0300445356286153
BSU_25390,nfeDA,3980.27883005793,-0.331102124023837,0.0987457149339881,-3.35307840188488,0.0007991806492582,0.0039445884364698
BSU_25400,yqeY,18405.1421026546,0.346713005556484,0.0971098726166478,3.57031675785605,0.0003565498060505,0.0019271331314009
BSU_25410,rpsU,4982.3500946415,0.343958186545275,0.107624249314439,3.19591717234983,0.0013938711921717,0.0064865014783685
BSU_25420,yqeW,24.0321718370751,-0.475634240411464,0.567092886669487,-0.838723693405579,0.401624379374032,0.595408142422002
BSU_25430,mtaB,572.404548999284,0.326559063080791,0.151402479997022,2.15689375158989,0.0310139439107991,0.090276991735067
BSU_25440,rsmE,202.889296394828,0.383100706717337,0.219773732816325,1.74315966611675,0.0813057286763368,0.191001742917642
BSU_25450,prmA,424.08429647077,0.641118817228814,0.15872193182534,4.03925790126038,5.36205815818642e-05,0.0003541648666871
BSU_25460,dnaJ,362.858050514586,0.647658793252021,0.170525725815575,3.79801223630309,0.0001458611245999,0.0008600419434862
BSU_misc_RNA_79,surC,0.339361139109813,0.0627911766318904,3.47235714541552,0.0180831561968769,0.985572515163428,
BSU_25470,dnaK,2452.99993975254,0.718023775070323,0.0998770125575272,7.18907941561383,6.52296270068183e-13,1.2196764941680299e-11
BSU_25480,grpE,736.828450589817,0.691775294447375,0.142549241092699,4.85288654744584,1.21677306491559e-06,1.10280021669533e-05
BSU_25490,hrcA,1684.14524301864,0.28771304447116,0.132227566119146,2.17589306765211,0.0295632572934474,0.0872809964616643
BSU_25500,hemN,130.992126548339,0.791456331009727,0.257668422493508,3.07160777929499,0.0021290928436335,0.0094019833977901
BSU_25510,lepA,1569.26166833804,-0.103370783194407,0.114490408936566,-0.902877229233063,0.366591057068561,0.562676401675241
BSU_25520,yqxA,23.4970913205324,-3.47010187848066,0.783100699182267,-4.43123327830537,9.36956577160024e-06,7.17584271548203e-05
BSU_25530,spoIIP,110.133443817171,-2.85622501968107,0.323188455227217,-8.83764557020766,9.77568239995193e-19,2.85766603114088e-17
BSU_25540,gpr,52.7004831777886,-2.65638983712189,0.460715969682359,-5.76578632373724,8.12779843452922e-09,9.95235731614477e-08
BSU_25550,rpsT,6580.25309173986,0.95210595595126,0.125469429319984,7.5883500954094,3.24004516205115e-14,6.69125744660415e-13
BSU_25560,holA,362.825465457554,0.485453721158707,0.158994407550766,3.05327544935004,0.0022635805902066,0.009901078008375
BSU_25565,BSU_25565,5.0926196943967,0.895189605639661,1.24298554505885,0.720193094117821,0.471406115288141,0.659523688763421
BSU_25569,yqzM,77.9065123732682,0.366926236926559,0.375021989424542,0.978412592524493,0.327870302590255,0.518472238496056
BSU_25570,comEC,262.0043553227,0.249904535836842,0.19920091811774,1.25453506037122,0.209647590497695,0.380852143613099
BSU_25580,comEB,369.144907573533,-0.199752712242253,0.166143250610618,-1.20229206728598,0.229250389296197,0.405116375465523
BSU_25590,comEA,32.9996156688782,1.22588546283116,0.657590982673571,1.86420661951153,0.0622926941496443,0.155208267356046
BSU_25600,comER,197.287069509202,-3.81054463230694,0.415448855414129,-9.1721148888676,4.6382830561119806e-20,1.48103945891699e-18
BSU_25610,yqeM,1343.7802587514,0.359697108590113,0.106877330241599,3.36551360121934,0.0007640130041976,0.0038026594489501
BSU_25620,rsfS,643.307269536113,0.38168396310902,0.153867257433128,2.4806054873299,0.0131159448522968,0.0443718721123749
BSU_25630,yqeK,777.880216911191,0.237141969704893,0.130852017961531,1.81229126916951,0.0699412028895624,0.170880478631297
BSU_25640,nadD,1114.04154683394,0.331610635980839,0.127631784081839,2.59818225034139,0.0093718737702617,0.0337696597398927
BSU_25650,yqeI,637.348762881521,0.209830298256787,0.130875329879707,1.60328381559497,0.108872007996379,0.239120327940036
BSU_25660,aroE,1449.31886898643,0.0807114108221946,0.116934505016956,0.690227497952733,0.490051133461491,0.671132383701303
BSU_25670,rgpH,920.211407623311,0.1474577370706,0.133159930097427,1.10737319374313,0.268132610701449,0.452262684689848
BSU_25680,yqeG,350.410065637185,0.262702579239248,0.195103836361421,1.34647572358651,0.178149144412404,0.342677061379004
BSU_misc_RNA_80,sdaM,76.6764015434506,0.277669891285085,0.400707425714998,0.692949202999239,0.488341430237345,0.669674686790624
BSU_25690,sda,101.649385609905,0.563026389823605,0.292023242800947,1.92801910020355,0.0538527504635206,0.138330920280986
BSU_25700,yqeF,88.0247310966243,0.0203139239165461,0.321118886752373,0.0632598229334637,0.949559608307341,0.975118427011605
BSU_25710,cwlH,8.98065019013399,-1.09869534869794,1.03609091295955,-1.06042368961578,0.288951889568505,0.476914232047262
BSU_25720,yqeD,77.464772493239,-0.660566737047986,0.319718268550881,-2.06609006123421,0.0388199765154723,0.10757124333493
BSU_25730,yqeC,39.291994523999,0.710062688318596,0.514476092278384,1.38016654024494,0.167535373551444,0.327728244869012
BSU_25740,yqeB,408.030341694069,0.0804777766224057,0.157098031349125,0.512277435504948,0.608456855091929,0.759381961962296
BSU_25750,nucB,16.7292500658908,-0.556480514724282,0.65219999784626,-0.853235995955122,0.393528445498648,0.587814529422414
BSU_25770,spoIVCA,235.810365138805,-0.927819613089609,0.22025860433043,-4.21241029793189,2.52660063832568e-05,0.0001789747312233
BSU_25780,arsC,910.449051661667,-0.261401084269168,0.13787938867117,-1.89586773475321,0.0579775363818133,0.146568059391539
BSU_25790,arsB,843.951119566875,-0.195790713283413,0.150461747134621,-1.30126571711437,0.193167517672695,0.360053150363429
BSU_25800,yqcK,368.31895784218,-0.330484321753398,0.194547078601505,-1.69873700560848,0.0893687475897911,0.20632351014751
BSU_25810,arsR,247.595210462733,-0.224061579906587,0.198193559607159,-1.13051897524168,0.258257607428967,0.44024326907177
BSU_25820,yqcI,34.7049818133981,-0.50955553431136,0.479522602166994,-1.06263090000064,0.28794936837243,0.475637814609613
BSU_25830,rapE,846.39061540436,0.0148252014674878,0.126721636114468,0.116990294018112,0.906867744914787,0.955165606416692
BSU_25840,phrE,1237.29375217501,-0.455972126301868,0.131481203722132,-3.46796434314294,0.0005244168670684,0.0027210680190016
BSU_25850,yqzI,119.61835597143,0.295959918766908,0.27962243192986,1.05842695353263,0.289860836607648,0.478224297598706
BSU_25860,rttG,1358.15616029615,-0.0731124197671858,0.109429550393348,-0.66812318523087,0.504054963170283,0.683545296347548
BSU_25870,rttF,545.794552213402,0.0885696741028928,0.139316799100676,0.635742959030294,0.52494397136839,0.698859020253428
BSU_25875,BSU_25875,0.406400079874645,0.968992319684597,3.47375375552616,0.278946749792812,0.780285690717577,
BSU_25880,yqxJ,256.544828809618,0.278547400611152,0.213446077278117,1.30500126384712,0.191892417432765,0.35848128927246
BSU_25890,yqxI,789.582530162172,0.288691509404615,0.125958516623773,2.29195704381713,0.0219081220570765,0.0681711192846702
BSU_25900,cwlA,1.49800274798134,0.51859730557382,2.42655862991939,0.213717195694154,0.830767600922601,
BSU_25910,yqxH,0.805406978970895,-1.07095520903428,3.43327619752836,-0.311933892707282,0.755090764062492,
BSU_25920,yqxG,12.7141300493751,-0.12715625425781,0.835357014768336,-0.152217856568875,0.879015110570645,0.938958240859173
BSU_25930,yqcE,1.91630572776573,-1.55885406038651,2.26678999014338,-0.687692316961358,0.491646559263501,
BSU_25940,yqcD,0.524790697849303,0.333962419600735,3.46476755127228,0.0963881168530634,0.923212329556988,
BSU_25950,yqcC,4.74410497228711,-1.10068009173291,1.32236220687143,-0.832359005734897,0.405206333960904,0.597729741390089
BSU_25960,yqcB,0.153931580370322,-0.921462105873972,3.51335747461091,-0.262273939538709,0.793110252195924,
BSU_25970,yqcA,1.34104468027762,-0.695450680485326,2.826112060485,-0.246080362562119,0.80562002415481,
BSU_25980,yqbT,3.68249185206643,2.29682150349617,1.54335598268313,1.48819943633687,0.136698305875338,0.283717333844264
BSU_25990,yqbS,0.076965790185161,-0.609019383111511,3.52627986358419,-0.172708748786743,0.86288036660074,
BSU_26000,yqbR,0.217250947916211,1.35595832005054,3.51438758200031,0.385830614413552,0.699622120530554,
BSU_26010,yqbQ,1.60181737189417,-0.287720234737075,2.53648361186513,-0.113432719766523,0.909687500484981,
BSU_26020,yqbP,4.83258423246748,2.28135264954826,1.54042980848492,1.48098448691542,0.138610707399136,0.286255246972047
BSU_26030,yqbO,46.2636975034405,0.011574235132475,0.483600375418677,0.0239334701145644,0.980905676632937,0.987960636277114
BSU_26050,txpA,200.837037628634,-0.322677830476806,0.227200416134782,-1.42023432864394,0.155539472712,0.310854285617482
BSU_misc_RNA_81,ratA,230.280913034891,-0.174097887130534,0.2380225287062,-0.731434490999085,0.464513804308268,0.652078729010356
BSU_26055,bsrH,132.880446796377,-0.350749985889041,0.250278593960547,-1.40143821466542,0.161083071438823,0.31937256191834
BSU_misc_RNA_92,asrH,28.185844314064,0.0257149605609744,0.534944403355958,0.0480703422629574,0.961660182316358,0.980301270056125
BSU_26060,yqbM,9.35433466983542,1.41070859677857,0.970439343483375,1.45368034205503,0.146034950741824,0.297444102320566
BSU_26075,yqbK,11.917261642199,-0.770581912787913,0.899736893157762,-0.856452501445661,0.391747535078782,0.585997844364693
BSU_26089,yqzN,0.0,,,,,
BSU_26090,yqbJ,2.89456543534812,1.54012012601037,2.0212665739861,0.761957945494112,0.446085104194258,
BSU_26100,yqbI,1.02797720860708,0.407196834350318,3.00940781672911,0.135307960618277,0.892368391299231,
BSU_26110,yqbH,0.921805888464257,-0.558151049521195,3.12554416719976,-0.178577239566336,0.858269667384346,
BSU_26120,yqbG,6.97721041220945,0.675203210543302,1.12497744667722,0.60019266389527,0.548377842222123,0.716933185991937
BSU_26130,yqbF,4.3025322980886,1.87717875541539,1.76086338366974,1.06605587510329,0.286398384491641,0.473641312360479
BSU_26140,yqbE,14.4766815947871,0.0735127630742694,0.748744579084064,0.0981813626807118,0.921788281381296,0.961392752767276
BSU_26150,yqbD,28.1596274607876,0.567715251661027,0.526231466352659,1.07883182204191,0.280662706165381,0.467320855712995
BSU_26160,yqbC,203.325185285629,0.307668459443068,0.222344170813848,1.38374870956547,0.166435413054126,0.325992908160335
BSU_26170,yqbB,15.8231011200603,0.544762133301843,0.707456539227959,0.770029115705591,0.441282621747769,0.630826932169762
BSU_26180,yqbA,13.1162137113477,0.662942296066816,0.839840807546889,0.789366615803321,0.42989776202099,0.61971883219013
BSU_26190,yqaT,108.20426076006,1.25121757780683,0.282959905341501,4.42189000698439,9.78412642386948e-06,7.46579205615482e-05
BSU_26200,yqaS,140.17158732112,0.967629898557671,0.23691015887833,4.08437486656964,4.41956346613505e-05,0.0002987884030606
BSU_26210,yqaR,301.246512221211,0.433388810634178,0.194689239262574,2.22605426101478,0.0260105471187816,0.0786378594974963
BSU_26220,yqaQ,0.303977000437657,-1.51178874293447,3.49722300179273,-0.432282626003405,0.665536013008461,
BSU_26230,yqaP,2484.384260677,-0.0319681006838814,0.0968707416148845,-0.330007803707878,0.741394065634054,0.855106075700738
BSU_26240,yqaO,4.02388583245662,-1.56263395369233,1.55580391347946,-1.00439003922904,0.315190649269456,0.50671678686091
BSU_26250,yqaN,2.87679933855774,-2.56446864553735,2.52262853993356,-1.01658591621455,0.309350456854495,
BSU_26259,yqzO,0.817870663808103,0.985075743310651,3.46043056788494,0.284668547449788,0.775898089544721,
BSU_26260,sknM,3.38173175980368,2.93604036703009,2.01201283875836,1.45925528429627,0.144494857731369,
BSU_26270,yqaL,1.35962577145203,-0.899900472558328,2.47643405670769,-0.363385598789053,0.716316858096538,
BSU_26280,yqaK,4.16425552064661,1.64928338597862,1.6313163776855,1.01101380979121,0.312009820219265,0.503319303146688
BSU_26290,yqaJ,2.11557750632326,0.0043948702991052,2.22237335650395,0.0019775571400922,0.998422138718247,
BSU_26300,yqaI,0.124536168546466,0.736143942618979,3.52856182867337,0.208624356993554,0.834741494813912,
BSU_26305,BSU_26305,0.0,,,,,
BSU_26310,sknH,0.226933958425547,0.0595818561622804,3.53060334839432,0.0168758283734641,0.986535676185258,
BSU_26320,yqaG,1.81351805443194,-0.0610579901661221,2.55570595506151,-0.0238908509976268,0.980939672047801,
BSU_26330,yqdA,0.950921025305451,0.0698780671201539,3.4196462683818,0.0204342968938775,0.9836969245921,
BSU_26340,yqaF,0.339361139109813,0.0627911766318904,3.47235714541552,0.0180831561968769,0.985572515163428,
BSU_26350,sknR,192.042081676059,-0.163659574487545,0.234569474085231,-0.697701928717627,0.485363621732672,0.667354883674171
BSU_26360,yqaD,20.9611338189502,-1.47981452980286,0.63945839052346,-2.31416860226275,0.0206584755203248,0.0648173332463101
BSU_26370,yqaC,78.0677681542219,-1.2600980049135,0.366121676670685,-3.44174651545397,0.0005779715753804,0.0029655871562475
BSU_26380,yqaB,42.7794808834765,0.710012932985333,0.463594942168635,1.53153727187788,0.125636662104754,0.265809268296042
BSU_26399,BSU_26399,1.92376822451319,1.33685854637275,2.06691450387003,0.646789474779752,0.517768205230427,
BSU_26400,yrkS,0.720023654749968,1.15984066999485,3.47950095481321,0.333335350401453,0.738881157948684,
BSU_26410,psiE,19.5117937472188,0.789959945217682,0.724612480131815,1.09018263813781,0.275632699692283,0.460979587599785
BSU_26420,yrkQ,112.766392596095,-0.302091366991025,0.278268393425137,-1.08561149641415,0.277650911340193,0.463607776738994
BSU_26430,yrkP,81.4158217642322,-0.0404020124011277,0.319266503353368,-0.126546355401432,0.899299457646006,0.951323152061308
BSU_26440,yrkO,72.064477340712,-0.157068809633163,0.348939868657461,-0.450131451695337,0.652615659618581,0.796076132012872
BSU_26449,BSU_26449,9.86531253515427,-1.0926192216831,0.94722856416422,-1.15349057557946,0.248709083631364,0.429447340330197
BSU_26450,yrkN,96.129244701099,-0.99190267877346,0.298254082823985,-3.32569690038018,0.0008819778072329,0.0042869904892552
BSU_26470,yrkL,706.995816647681,-0.310553687263161,0.137876430661678,-2.2524059099354,0.0242966325987778,0.0744918855414701
BSU_26480,yrkK,201.355444772831,-0.426758315435034,0.254210732935717,-1.6787580544168,0.0931992064957195,0.212799728362889
BSU_26490,yrkJ,4.97607268940802,-0.262520846858936,1.46739726638481,-0.178902368753693,0.858014362798362,0.927987915574779
BSU_26500,yrkI,25.7231900653863,-0.25834843916338,0.545624188319293,-0.473491543619391,0.635862532696461,0.783233070564432
BSU_26510,yrkH,79.2198806277383,0.1839717861178,0.303985085586653,0.605200040530795,0.545046088902172,0.713718080452024
BSU_26530,yrkF,26.1487929283977,-0.630592424889051,0.572565650488469,-1.10134518958844,0.270746450527062,0.455007496412079
BSU_26540,yrkE,12.5505754317354,0.957616110650743,0.788253741830233,1.21485767822335,0.224420377749151,0.398617453160773
BSU_26550,yrkD,457.302093410083,-0.0006343038347816,0.14798853313627,-0.0042861688087523,0.996580142553677,0.997060537898364
BSU_26560,yrkC,271.285503596307,0.0797675396058278,0.182917829218138,0.436084005297819,0.662775781500104,0.803264896060418
BSU_26569,BSU_26569,17.3663878219747,0.363488704477261,0.880630527566426,0.412759600194354,0.679782753392642,0.814366005579468
BSU_26570,yrkB,12.9833511538921,-0.464909305075693,1.06111104404602,-0.438134451322825,0.661288821734673,0.802634473397844
BSU_26580,bltR,73.4940057422511,-0.315411056969761,0.345688168444066,-0.912414961696311,0.361550316385638,0.556615020697901
BSU_26590,blt,45.2740443458185,-0.322320204524995,0.450805009754663,-0.71498807145113,0.474616414144226,0.661562369077462
BSU_26600,bltD,32.3529634888831,-0.434188371685315,0.528589445429627,-0.821409461425049,0.411413076077874,0.603881074540047
BSU_26610,yrkA,863.12109369213,-0.617026555697259,0.131749393650261,-4.6833350697249,2.82244569291178e-06,2.38614502469996e-05
BSU_26619,yrzO,33.4168109217644,1.35173941844842,0.548303045484587,2.46531444532423,0.0136893057927771,0.0460115857051155
BSU_26620,yrdR,164.612316105229,0.265498097162968,0.333735395803771,0.795534727515314,0.426302518341572,0.617478947129552
BSU_26630,czcR,212.482539670317,-0.0961812297813983,0.220482704683577,-0.436230269940818,0.662669667952303,0.803264896060418
BSU_26640,yrdP,67.4350932033509,1.03016479744442,0.371834630452854,2.77049180758069,0.0055971708228634,0.0218568730815674
BSU_26650,czcD,63.1872533831754,0.272718917051154,0.578366345460944,0.471533171304779,0.637260037321784,0.783817659324712
BSU_26660,yrdN,41.35579703418,-0.123403880368776,0.495160430706302,-0.249219995613848,0.803190613043866,0.893627417487598
BSU_26670,gltR,48.1954331288692,0.44103445453825,0.446459884112109,0.987847890108541,0.323227149381355,0.514658955535866
BSU_26680,yrdK,45.7661548815227,0.0656215599859449,0.440303945827611,0.149036956420184,0.881524471597852,0.940428702545023
BSU_26690,brnQ,187.34448146532,0.189041337176966,0.209032989537185,0.904361257022244,0.36580387472847,0.562181371343162
BSU_26700,azlD,61.1343751408801,-0.0155433879872078,0.430382250479949,-0.036115309053462,0.971190415431897,0.98405325240773
BSU_26710,azlC,93.0123621634718,0.0473239644259866,0.312116745650655,0.151622638277009,0.879484577081863,0.938976460768213
BSU_26720,azlB,77.9038575761304,0.435222072277356,0.385486409639801,1.12902053456055,0.258889171328854,0.44079120188108
BSU_26730,yrdF,9.19714087961355,-1.38013986555321,0.989705189941564,-1.39449593634514,0.163167895775078,0.321912068234719
BSU_26740,cypA,102.034662221887,-2.11774863344966,0.393380847921469,-5.38345637475577,7.30689629779665e-08,8.07216648324141e-07
BSU_26760,yrdC,147.011232392488,0.60742873693589,0.246751033171716,2.46170696482221,0.0138277591897035,0.0464348235225355
BSU_26770,yrdB,297.867016818439,0.0836041664923818,0.189670185306846,0.440787076562022,0.659367150321215,0.801093184661385
BSU_26780,yrdA,892.431153391202,-0.295331604354116,0.124869638112812,-2.36511940626673,0.0180242585712431,0.0579199387231137
BSU_26790,aadK,333.57382113941,-0.208035390215732,0.175868900788406,-1.18290038365581,0.236848629591131,0.415142904683834
BSU_26800,yrpB,772.21059978177,-0.268278286726523,0.129995290626555,-2.06375389010992,0.0390410569524001,0.108039618272942
BSU_26810,murI,127.196534865213,-0.38526770536397,0.274900710469129,-1.40147948219739,0.161070738899589,0.31937256191834
BSU_26820,yrpD,2809.79695672554,0.315740808181171,0.102679547841085,3.07501167291695,0.0021049431516313,0.009315158872518
BSU_26826,yrpDX,105.708807231742,0.710044004453247,0.343423797926235,2.06754455789275,0.0386828701217689,0.107262921760496
BSU_26827,BSU_26827,6.40151972179665,0.0554703579342495,1.28458201626057,0.0431816398113093,0.965556740743856,0.981510302733854
BSU_26830,zinT,5.02257072029316,-0.292588290314013,1.41604905230454,-0.206622990805185,0.836304303643782,0.91644645312179
BSU_26840,sigZ,37.4038663101454,-0.930423720283349,0.526571102145522,-1.76694793256281,0.0772369485689113,0.184161886572628
BSU_26850,yrpG,15.6591910871147,-0.42906244125769,0.669575363302365,-0.640797832138779,0.521654041600291,0.696041763639604
BSU_26860,yraO,288.458181994946,0.376432406133138,0.193548045118154,1.9449042014521,0.0517865092840264,0.134521777245303
BSU_26870,yraN,152.382098248448,0.461786178430566,0.258591497808392,1.78577479284618,0.0741357296832182,0.177882898216785
BSU_26880,prpF,31.449969638102,0.310196876990231,0.499609971968976,0.620878073685634,0.534679848795551,0.706833137691188
BSU_26890,csn,2367.96274591757,0.357152477870418,0.135117484419547,2.64327358820152,0.0082108659538347,0.0303232247102918
BSU_26900,yraL,1507.77322143738,0.0422808554460172,0.122122733785782,0.346216090447033,0.729180323200792,0.849516565143555
BSU_26910,yraK,133.088797469876,0.0666004919275676,0.248255791264317,0.268273668817089,0.788488672808673,0.884838194330576
BSU_26920,yraJ,330.375008659714,-0.961269016462352,0.238851928637565,-4.02453947910542,5.70869172120591e-05,0.0003720059550192
BSU_26930,yraI,164.879989982188,-0.799207650985757,0.254769689453926,-3.13698090498434,0.0017069724393752,0.007739163400242
BSU_26935,BSU_26935,2.99765587048313,-1.44606006614305,1.80430557087946,-0.801449648818744,0.422871382263169,
BSU_26940,yraH,66.0225848335935,-0.157678650188844,0.501429408465273,-0.314458321603936,0.753172966615146,0.862698947135615
BSU_26950,yraG,2.47067981614133,-1.42085860325172,1.79540134518137,-0.791387734594898,0.428717765182479,
BSU_26960,yraF,2.65788798674311,-1.25241670824073,2.05018095109142,-0.610881057876379,0.541278325844802,
BSU_26970,adhB,10.2324769878683,-0.45865776066403,0.867330959581396,-0.528815160576527,0.596933679751429,0.749060479904186
BSU_26980,yraE,1.20855481264085,-0.638242416395343,3.20243597327088,-0.19929904039376,0.842028829771601,
BSU_26990,yraD,7.61705125619798,-3.77405513404758,1.30527947394564,-2.89137706474403,0.003835576215834,0.0156399576345059
BSU_27000,adhR,43.100954168916,0.285507004807722,0.42346606315112,0.674214605730601,0.500174885155537,0.680506702156878
BSU_27009,yrzP,2.5219920545359,0.710040203977719,1.99530786150181,0.355854962373221,0.721949185627519,
BSU_27010,adhA,52.868072276276,-0.477811688293524,0.384799451518228,-1.24171613657014,0.214341314101908,0.387171150827113
BSU_27020,sufL,506.789836479459,-0.721226390265124,0.170397301440958,-4.23261626895557,2.30988429340428e-05,0.0001656015492559
BSU_27030,sacC,259.676543593777,-0.446098263540854,0.204258492202746,-2.18398882088123,0.0289630695306917,0.0859368846475348
BSU_27035,BSU_27035,26.7734742133613,-0.95072265814249,0.547208984572123,-1.73740323157502,0.0823160212516795,0.193156474966491
BSU_27040,levG,113.770106698452,-0.401515663907055,0.304270474745415,-1.3196011352827,0.186968223638741,0.35406254394362
BSU_27050,levF,79.4598996332909,-0.910240763971835,0.436305828124239,-2.08624479733661,0.0369564542597146,0.103652865967618
BSU_27060,levE,53.1329573336579,-0.952624934219424,0.448367810406612,-2.12465059290388,0.0336157789393242,0.0960351674997486
BSU_27070,levD,87.2206872127268,-1.24720865449057,0.399346777553216,-3.12312186949943,0.0017894363612623,0.0080738590604348
BSU_27080,levR,255.001578724783,-0.531197332295041,0.231614096574764,-2.29345855952067,0.0218216185583151,0.06795314226224
BSU_27085,BSU_27085,5.3703966975888,0.979370847580515,1.50238780688835,0.651876195407181,0.514481042489755,0.692287769267701
BSU_27090,aapA,39.9766912754647,-0.26289942907167,0.542308863990895,-0.484778041680845,0.627833800493992,0.776329492359416
BSU_27100,yrhP,103.357528541696,0.189820865194031,0.277126010404918,0.684962284545855,0.493367720816051,0.674783989821228
BSU_27110,yrhO,193.836393107833,0.349247667196121,0.206808558924042,1.6887486137573,0.0912676151108389,0.209774014576463
BSU_27120,sigV,6.35856600240072,-0.582401610552676,1.1127804246992,-0.523375139987845,0.600713220652587,0.751751757289385
BSU_27130,rsiV,26.6800008141739,-0.707061007904595,0.584144332767378,-1.21042175408071,0.226117098573546,0.401167630864031
BSU_27140,oatA,34.1839942173974,-0.249970886919344,0.534762281590612,-0.467443003227197,0.640182961762456,0.785747922612641
BSU_27150,yrhK,5.50218931101485,0.669542570161638,1.16586179532578,0.57428982821634,0.565771691250776,0.727771394602408
BSU_misc_RNA_82,surF,1.58320530665056,2.46515324814621,2.6149833833278,0.942703217107667,0.345832727375987,
BSU_27160,cypB,865.641232317788,-0.127107241959019,0.126837385855709,-1.00212757541075,0.316281981234019,0.507886461935169
BSU_27170,bscR,77.4599904436464,0.166200232480658,0.314446807622297,0.528548003833744,0.597119038304734,0.749060479904186
BSU_27180,yrhH,88.0245696604623,-0.695541624648798,0.304207993622192,-2.28640153852307,0.022230778414111,0.0689685808647046
BSU_27185,BSU_27185,396.072146976393,0.76152703767469,0.202474946337408,3.76109267566204,0.0001691727316409,0.000983523822187
BSU_27190,yrzI,651.778974081373,0.612330979683692,0.196148843340352,3.1217669666356,0.0017976917386137,0.0081023001161626
BSU_27200,yrhG,69.2039136662454,-0.312847789053643,0.402043943948781,-0.778143269566319,0.436484556525186,0.626925426257769
BSU_27210,yrhF,280.210672855847,0.210837749308555,0.21113891848205,0.998573597062729,0.31800129568689,0.509268278702269
BSU_27220,yrhE,991.04367630067,-0.226739134183405,0.151857454497395,-1.49310506312546,0.135409687421581,0.281606018280052
BSU_27230,yrhD,198.399216843068,-0.110999689962892,0.21127418771961,-0.525382164101387,0.599317549901636,0.750684112746437
BSU_27240,yrhC,28.616528138044,-0.124519033172462,0.523746424600637,-0.237746793722572,0.812077487889168,0.900837427105275
BSU_27250,mccB,51.6534900141784,-0.296637546751103,0.390402806998875,-0.759824318455677,0.447359604617119,0.637921579788959
BSU_27260,mccA,210.212863636576,-0.313879904166782,0.216108067157277,-1.4524210423776,0.146384568905342,0.297572157456451
BSU_27270,mtnN,1020.353801274,0.0231758847158945,0.11615120268078,0.199532025334159,0.841846594384746,0.9196066350766
BSU_27280,yrrT,229.69264688029,-0.0945114036521647,0.211143786519227,-0.447616314977653,0.654430126541681,0.797808944280328
BSU_27290,yrzA,93.5669779067015,0.202420106560423,0.285566775720711,0.708836334512503,0.478426047103328,0.663308791424821
BSU_27300,yrrS,1066.10833024973,-0.217793459916387,0.129526100099421,-1.68146388835312,0.0926728450144325,0.212173680692584
BSU_27310,pbpI,263.107311302941,-2.24178898135536,0.26805730324197,-8.36309607775076,6.1093422303705e-17,1.5463341218456102e-15
BSU_27320,greA,1400.76795292488,0.302288260974737,0.126781224316455,2.38432987695563,0.0171102571023615,0.055401464299456
BSU_27330,udk,429.834745497131,0.396287373757914,0.154741135207972,2.56096979788408,0.0104380429926381,0.0368751629467579
BSU_27340,yrrO,481.344798728256,0.587744043039395,0.144141663434427,4.07754447281492,4.55138262209488e-05,0.0003047224074889
BSU_27350,yrrN,233.826043038467,0.651966657557447,0.201142959771413,3.24130985393855,0.001189817801586,0.0056124246527085
BSU_27360,yrrM,95.08013254552,-0.0536134691100274,0.302717386989593,-0.177107333157149,0.859424081957392,0.928159505564483
BSU_27370,yrrL,125.970013866474,0.252497933084662,0.260833042336983,0.968044273924649,0.33302225879118,0.525275374178361
BSU_27380,yrzB,935.742664146241,-0.101145197605342,0.145515663833688,-0.695081168175423,0.48700443573982,0.668503774059521
BSU_27390,rimF,568.684339936322,-0.186747017376972,0.152943781248292,-1.22101739510287,0.222079433659097,0.396154589221706
BSU_27400,yrzL,487.53411662093,-0.226674984931618,0.152307699419827,-1.48827003359036,0.136679694395687,0.283717333844264
BSU_27410,alaS,476.64478232688,0.505538698633629,0.161349517380049,3.13319002648681,0.0017291745322899,0.0078274847148699
BSU_misc_RNA_40,tboA,88.9580493548945,-0.0761336849731538,0.324126542785922,-0.234888770042626,0.814295065965983,0.902092025306858
BSU_27420,yrrI,23.0111835221928,-0.563885221816451,0.642831935385993,-0.877189185502836,0.380383889063677,0.574907700695887
BSU_27430,glnQ,130.28117386938,-3.72318616569187,0.349663270761559,-10.6479189466565,1.7830655895129598e-26,9.0262259293516e-25
BSU_27440,glnH,219.719857337242,-4.83507392568587,0.292628100408022,-16.5229310477844,2.5090268871146e-61,4.52824809061422e-59
BSU_27450,glnM,22.3072070400629,-5.02298193187071,0.903335227980655,-5.56048494101049,2.69026066111141e-08,3.11934972186409e-07
BSU_27460,glnP,8.45476102937581,-3.88777284764634,1.33330866050549,-2.91588359305518,0.0035468280623544,0.0145483036431158
BSU_27468,yrzQ,42.1853279123847,-1.75066354975376,0.569884912320672,-3.07195981487691,0.0021265835203756,0.0094009032940142
BSU_27469,yrzR,80.5239990663269,-1.87094050947535,0.374825111412829,-4.99150257682367,5.99113834512623e-07,5.67790302982168e-06
BSU_27470,yrrD,85.4906837836319,-0.729748089690212,0.447298518559459,-1.63145653162544,0.102794024759151,0.228915234321479
BSU_27480,recDB,423.862067985533,-0.0594413861608654,0.14935644086331,-0.397983413485769,0.690642412176275,0.820273720441693
BSU_27490,yrrB,61.8787734319566,0.166466702509302,0.359698559486164,0.462795021328701,0.643511300224805,0.787736775946082
BSU_27500,mnmA,696.609656274449,0.735469986891435,0.145424732900221,5.05739272972263,4.25027363437511e-07,4.15126726030378e-06
BSU_27510,iscSA,757.283260403607,0.272173129271782,0.129555206323126,2.10082741555711,0.0356561189091554,0.100686088157758
BSU_27520,cymR,424.224425341825,0.131903075342354,0.171263759535573,0.7701750545477,0.441196059162579,0.630826932169762
BSU_27530,rarA,160.920944934996,-0.457788589181377,0.227658304372151,-2.01085829240401,0.0443404268400198,0.119673024585775
BSU_27540,tcdA,1570.00635318178,-0.315182689971156,0.106453218348908,-2.96076243498926,0.0030687854867638,0.0128802108751839
BSU_misc_RNA_41,ssrSB,695.428009408676,-0.796057606197097,0.158077712955355,-5.03586236993399,4.75702275795287e-07,4.60289078514275e-06
BSU_27550,aspS,784.140375428709,0.235452668638651,0.135672911163167,1.73544347666782,0.0826622849554951,0.193749940626911
BSU_27560,hisS,258.300968352573,0.353264270787133,0.218294509101563,1.61829205984642,0.105599671057122,0.233464277723182
BSU_misc_RNA_42,tboH,2532.58095578208,0.27361708754539,0.121906201496494,2.24448866576537,0.0248009773690585,0.0758650383632732
BSU_27570,yrzK,3.59850475253493,-3.01594960679138,1.62713567519441,-1.85353296149138,0.0638060062500334,
BSU_27580,yrvJ,423.338804731486,-0.647104987689137,0.162014424899275,-3.99411958590382,6.49350857258951e-05,0.0004166082547885
BSU_27590,dtd,342.833126761845,0.0460112058081976,0.196458975145828,0.234202615452128,0.814827684643188,0.902200511857528
BSU_27600,rsh,2889.41557074148,-0.122191245347421,0.0957109498271385,-1.27666944657961,0.201718972580632,0.370830582454474
BSU_27610,apt,329.341354501574,0.722623988874481,0.182923746083229,3.95041105568487,7.8017087150962e-05,0.0004891356391383
BSU_27620,recJ,747.891271045978,0.981110442784706,0.146877718569448,6.67977724831565,2.3930570690512e-11,3.89552152691433e-10
BSU_27630,yrvD,379.556751511704,0.546317393941668,0.189894980478821,2.87694489113998,0.0040154571504285,0.0162616220794428
BSU_27640,yrvC,625.388368132239,0.624400621995918,0.153025920889094,4.08035853251589,4.49662893198306e-05,0.0003020793423445
BSU_27650,secDF,2344.64598939452,0.0770727131863049,0.0973125981047399,0.792011668451701,0.428353872572476,0.618253450990386
BSU_27660,comN,498.854114907784,0.0076992345278815,0.146154003937295,0.0526789162148768,0.957987738119136,0.979161592879185
BSU_27670,spoVB,73.5923206490476,-1.6878633599958,0.460063661698967,-3.66876043581165,0.0002437293298905,0.0013708949164981
BSU_27680,yrbG,2.1152122018098,1.03367729987638,1.94402925097792,0.531719005440069,0.594920626743665,
BSU_27690,yrzE,115.988899303942,-3.42505215556312,0.367469000988824,-9.32065601818558,1.15623170685996e-20,3.83961425214054e-19
BSU_27700,yrbF,919.455181814808,-0.192737366756132,0.117995691371887,-1.63342715751104,0.102379189195935,0.228374788492539
BSU_27710,tgt,298.349496842146,0.573689501056993,0.193523307119534,2.96444655476376,0.0030322790988033,0.0127398689667337
BSU_27720,queA,351.082486644019,0.500332463553916,0.192040883019431,2.60534348565399,0.0091782196390754,0.0332740521587793
BSU_27729,yrzS,8.9621651225383,1.21083527929359,0.957999907949042,1.26392003720109,0.206258729120599,0.376673992335947
BSU_27730,ruvB,183.081071792094,0.307976149333774,0.229839254303285,1.33996322894166,0.180257299866267,0.344814770389343
BSU_27740,ruvA,106.885326140833,-0.0727281046747109,0.31144761694098,-0.233516330576043,0.81536049007554,0.902312941043493
BSU_27750,bofC,463.050442254725,-0.0809782350335928,0.171626447898326,-0.471828415871925,0.637049266516323,0.783817659324712
BSU_27760,csbX,1616.31572617257,0.0542016630655909,0.107069256044408,0.506229940022279,0.612695239140515,0.762168157765308
BSU_27770,yrbE,2717.09751639945,-0.167250652840881,0.10067225890288,-1.66133803555785,0.0966455750562088,0.218148875507516
BSU_27785,yrzF,428.032829172865,-0.420092466803038,0.172706129532515,-2.43241202810899,0.0149986345033018,0.0498074654585647
BSU_27786,BSU_27786,2.52651905770414,0.0453096642307104,1.7805241856887,0.0254473736413667,0.979698124625814,
BSU_27800,yrzH,25.3493605952414,0.199915500016099,0.594132366996799,0.336483098920575,0.736506594456388,0.852401351203229
BSU_27809,yrzT,32.0855751734831,-0.33104300880615,0.514496691143013,-0.6434307829477,0.519944614503192,0.694654037593418
BSU_27810,alaP,54.3604086286978,-1.72012031501959,0.542561758643143,-3.17036777402324,0.0015224610652276,0.0070219287575112
BSU_27820,yrbC,52.2747731104322,-0.104456133432249,0.385187263570722,-0.271182729314388,0.786250495472112,0.883520792286069
BSU_27830,sgpA,11.809890904821,-3.68835245919039,1.14497713976566,-3.2213328380908,0.0012759587162946,0.0059847509958635
BSU_27840,safA,938.826903095191,-3.72801452556016,0.200374939677355,-18.6051935015578,2.9163682998323498e-77,1.10053134660037e-74
BSU_27850,nadA,89.9083594170028,-2.90910937946106,0.357668558799119,-8.13353398808235,4.16953115562054e-16,1.00044646398733e-14
BSU_27860,nadC,7.1308157021304,3.54431167810603,1.30159650876856,2.72304946596647,0.0064682372208912,0.0246327089026787
BSU_27870,nadB,21.4528788649287,1.27762759161811,0.850611734498402,1.50201030599644,0.133094447235717,0.277625653505256
BSU_27880,nifS,26.3129261451917,-0.104766439114312,0.508941746632748,-0.205851533711798,0.836906885052936,0.916622817903624
BSU_27890,niaR,242.347595484457,0.473271286355466,0.233036010829953,2.03089335708211,0.0422658138036087,0.115279908602865
BSU_27900,pheA,657.431582677516,0.142666969911892,0.16757058955023,0.851384304935728,0.394555907410682,0.588713720942395
BSU_27910,thrR,524.303899085544,-0.379004393552421,0.163948071284629,-2.31173438383691,0.0207923253403883,0.065138824519209
BSU_27920,obgE,1967.08009332821,-0.151089912339832,0.102306285563687,-1.47683899877078,0.139718799905818,0.287970575178277
BSU_27930,spo0B,821.743289051819,-0.149784283418525,0.125802484306547,-1.19063056857876,0.233798645722458,0.411188455581437
BSU_27935,BSU_27935,2.71729602265709,-0.10219549462982,1.92568634410862,-0.0530696470598514,0.957676415497495,
BSU_27940,rpmA,6242.43059475052,0.451072569687133,0.0926745185296191,4.86727718518407,1.13146283753757e-06,1.03224225024581e-05
BSU_27950,rppA,7274.54639274925,0.311001806732263,0.105604343925422,2.94497172343491,0.0032298417913211,0.0133669723586979
BSU_27960,rplU,4540.64611719843,0.429908591385015,0.124434291199741,3.45490449007283,0.0005504877926116,0.0028350804306837
BSU_misc_RNA_43,ldlU,7.63597869675054,-3.42776239002034,1.23863933917813,-2.76736115316243,0.0056512112157908,0.0220471595458155
BSU_27970,spoIVFB,69.104673367278,-3.12283858406975,0.460906557438674,-6.77542667525459,1.2403964015743799e-11,2.0672970207746501e-10
BSU_27980,spoIVFA,200.05017183091,-3.82668036016581,0.336857595714297,-11.359934906771,6.61939410770759e-30,3.8162645751519797e-28
BSU_27990,minD,975.117069273074,-0.236767321779303,0.119067281307925,-1.98851707352744,0.0467545326361085,0.124648725094725
BSU_28000,minC,550.796821851926,-0.237069895186273,0.140193008739226,-1.691025089755,0.0908320108496298,0.208888463732306
BSU_28010,mreD,210.462281777166,0.388584190478275,0.219921036603659,1.76692596797176,0.0772406274446989,0.184161886572628
BSU_28020,mreC,477.634771303114,0.662395250326414,0.184947967603635,3.58152219193889,0.0003415981151992,0.0018584191037903
BSU_28030,mreB,491.294353705047,0.832046962031193,0.192851315758965,4.31444794014849,1.60002231737269e-05,0.0001181795843312
BSU_28040,ysxA,117.134037127526,-0.283065193280323,0.329674572342647,-0.858620036325153,0.390550180158372,0.585050089439697
BSU_28050,maf,158.83525652889,-0.235504679917631,0.237500758624308,-0.991595484922914,0.321394892679762,0.51283806708338
BSU_28060,spoIIB,4803.56134963796,-1.96937092283834,0.138537092188868,-14.2154775426749,7.3448687430592e-46,7.81757696216378e-44
BSU_28070,comC,9.96111480566188,2.25388355549191,1.53871313814082,1.46478476047537,0.142979650961945,0.293090632663227
BSU_28080,folC,171.247097965123,0.124037614719855,0.263073975454759,0.471493291974013,0.637288508846279,0.783817659324712
BSU_28090,valS,438.328172937559,0.321124107687875,0.177445589654656,1.80970464418329,0.0703416019473029,0.171442149615715
BSU_misc_RNA_44,tboV,845.62901757197,-0.0794895854196489,0.128977494607312,-0.616305857558054,0.537692673613733,0.708334588438783
BSU_28099,yszA,1.11134035897912,2.40275850573381,2.94732194907573,0.815234489902709,0.414938099092863,
BSU_28100,cotN,372.911766540405,-4.28637548784731,0.216110069235145,-19.8342238425892,1.5082636466239e-87,6.26080239713579e-85
BSU_28110,spoVID,859.607259993783,-4.90818668190108,0.530943199796738,-9.24427826513287,2.3683360552164502e-20,7.62090152341355e-19
BSU_28120,hemL,2323.73301890493,0.1751663482144,0.124393662627029,1.40816135255703,0.159083297270363,0.316565084836663
BSU_28130,hemB,892.306128431575,0.19206042121463,0.149927169908642,1.28102478911369,0.200184959186432,0.369154938064362
BSU_28140,hemD,584.596909667985,0.289485844009433,0.161868271022192,1.78840388039818,0.0737108707223006,0.177376130068562
BSU_28150,hemC,768.922373919036,0.115114603286598,0.131158043994173,0.87767856077293,0.380118182338701,0.574816238574844
BSU_28160,hemX,642.029475766422,-0.245334769795343,0.186327206390657,-1.31668785545451,0.187943276091282,0.355110183078896
BSU_28170,hemA,2432.47254982061,-0.245864636165973,0.111479016578763,-2.20547905526476,0.0274204959473472,0.0822416753449698
BSU_28180,ysxD,93.7101210981601,-0.138280499528354,0.341903965907352,-0.404442514029876,0.68588734253809,0.818310096668672
BSU_28190,engB,809.511429642189,0.216817244413966,0.150411768476505,1.44149122512201,0.149445954576479,0.302167636359945
BSU_28200,lonA,1883.42851024861,0.32337129942107,0.126113271681619,2.56413377520998,0.0103433670147613,0.0366342290770257
BSU_28210,lonB,227.442529249075,-4.41253244032283,0.288764481297597,-15.2807312744788,1.02780860890117e-52,1.29285864713598e-50
BSU_28220,clpX,5245.75788042307,-0.0382585371229644,0.0903500364772531,-0.423447943295479,0.671968471625373,0.808924128228545
BSU_28230,tig,3633.03321953423,0.908996584158221,0.134155410017556,6.77569830422243,1.2380679510171998e-11,2.0672970207746501e-10
BSU_28240,ysoA,404.788918221031,0.0329881745462992,0.191001184705821,0.172711884468713,0.862877901726209,0.930025333048782
BSU_28250,leuD,1903.70339713521,1.14135199393272,0.523064055008145,2.18205013899292,0.0291058325137879,0.0861823304624207
BSU_28260,leuC,4598.9081382728,1.07265441184965,0.473835185773038,2.26377112560703,0.023588195309234,0.0726369426770256
BSU_28270,leuB,2496.33779476653,0.993652546527141,0.451253706117991,2.20198201822043,0.0276665786830302,0.0828600058537217
BSU_28280,leuA,3734.91763149931,1.07065554295796,0.422265362293879,2.53550406583628,0.0112285624998737,0.0391349814752105
BSU_28290,ilvC,4920.25858182485,0.983887606488026,0.402592409582695,2.44388017028903,0.0145302517703191,0.048523793321476
BSU_28300,ilvH,1455.72799500504,0.792942373087715,0.2119005195811,3.74205015945812,0.0001825250706835,0.0010552389532136
BSU_28310,ilvB,3482.0093940212,0.84918478159158,0.328009524825859,2.58890281324122,0.0096282263924932,0.0345285647792579
BSU_misc_RNA_45,tboILV,2525.91391942939,0.387691430690737,0.107408998868728,3.60948742446211,0.0003068026460953,0.0016823484596326
BSU_28320,cotQ,2.34873512496207,-2.59565575609308,2.2619456763162,-1.14753231400338,0.251161685848901,
BSU_28330,ysnE,17.5597639117535,-0.45349136350203,0.737791965564702,-0.614660208660487,0.538779143352485,0.709268771723525
BSU_28340,ysnF,84.5681484275266,-1.54221481073114,0.327065611348544,-4.71530713477439,2.41346410476042e-06,2.07848329851877e-05
BSU_tRNA_84,trnSL-Arg2,35.9676462823706,-0.468650786217146,0.50344385420944,-0.930889874409275,0.351910532802827,0.546086213706369
BSU_28350,ysnB,880.092699497373,0.0621629187826916,0.118953918314087,0.522579833129633,0.601266677578508,0.752217594523323
BSU_28360,rdgB,1001.22123190974,0.184297565084699,0.117535279647718,1.56801911423604,0.116876671606685,0.252158928793067
BSU_28370,rph,463.899278483202,0.127885725028703,0.148049827798285,0.863801916763759,0.387696714731965,0.583090240163908
BSU_28380,gerM,676.850928505208,-4.56815138025499,0.572822959817984,-7.97480495842299,1.5262164789485102e-15,3.46192601317774e-14
BSU_28390,rcmE,673.415367360498,0.49187619909428,0.141395814064313,3.47871825166304,0.0005038179886909,0.002633940139869
BSU_28400,ysmB,436.270243410314,0.225132929266515,0.157543292216148,1.42902262673065,0.152997730173622,0.30763140318879
BSU_28410,gerE,223.652040219726,-0.0365903897514633,0.272263759469943,-0.134393170147578,0.893091682075084,0.947412106387343
BSU_28420,ysmA,240.963126758782,-0.0391255961638011,0.198721460531206,-0.196886617374962,0.843916266488989,0.919986834816495
BSU_28430,sdhB,8307.88090595956,-0.0019028423486042,0.0880908532673624,-0.021600907222785,0.982766309842345,0.989200521861197
BSU_28440,sdhA,12997.71584707,0.0287414116187797,0.0848722961096721,0.33864303119171,0.734878661754334,0.852208011363016
BSU_28450,sdhC,1280.75446330883,0.151747321693473,0.134966512869331,1.12433312876942,0.260871729161522,0.443257694535193
BSU_28460,yslB,497.798182116224,0.187677204835666,0.156865724317838,1.19641945779945,0.231532911899132,0.408189539542018
BSU_28470,lysCA,32.5496639555927,-1.05069733812283,0.496956315758202,-2.11426498628917,0.0344926411167068,0.0980006524814852
BSU_28475,lysCB,0.0,,,,,
BSU_misc_RNA_46,kswC,344.192227543946,0.0873035644485434,0.164868794509847,0.529533588864381,0.596435350121852,0.749060479904186
BSU_28490,uvrC,432.263790839251,0.088005374272081,0.160943733302267,0.546808331498056,0.584510418595326,0.741082085396822
BSU_28500,trxA,1888.97529715687,-0.0186318000587909,0.11357984963331,-0.164041422126752,0.869698535328585,0.934537566696598
BSU_28510,abfB,1231.52316248322,-0.50584969178717,0.138024067660937,-3.66493829923789,0.000247398219064,0.0013896481831325
BSU_28520,etfA,3622.25870068778,-0.498024241944751,0.12839094739769,-3.87896695241389,0.0001049010034808,0.0006384810343827
BSU_28530,etfB,2296.64344977743,-0.518027084682805,0.134259162073294,-3.85841142372098,0.00011412641431,0.0006885737584314
BSU_28540,fadB,1420.11728762126,-0.488470762256677,0.142281435877129,-3.43313067685449,0.0005966544542498,0.0030501387187081
BSU_28550,fadR,1039.76458088947,-0.419556648243725,0.139425939135272,-3.00917211564678,0.002619606662238,0.0112450747207342
BSU_28560,lcfA,3320.79693748511,-0.505724331595748,0.129262624915124,-3.91237863170282,9.13914720870334e-05,0.0005636939088161
BSU_28570,yshE,295.449421201591,0.0586153392853718,0.188306207618711,0.311276723304089,0.755590261029437,0.864513553895588
BSU_28580,mutSB,1679.55172780843,0.049926954861822,0.117964479787318,0.423237189294923,0.672122215914298,0.808924128228545
BSU_28590,polX,1178.53054611982,0.0011764214155759,0.125511736905515,0.0093729992475648,0.99252153811314,0.99371850089427
BSU_28600,yshB,405.007355749912,-0.0346300418955421,0.169053304610404,-0.20484687936358,0.837691759125637,0.916850184148501
BSU_28610,zapA,118.094255443032,-0.0858053035239674,0.26547422953709,-0.323215189939855,0.746532277876786,0.857976687893497
BSU_28620,rnhC,631.381610647772,0.0870707923949212,0.131424240571718,0.66251699090022,0.50763994936997,0.686165232769373
BSU_28630,pheT,627.829520244465,0.504515588534444,0.164274918686698,3.07116626547627,0.0021322438091348,0.0094058916596375
BSU_28640,pheS,122.79847655091,-0.0756872008528297,0.296525817006684,-0.255246580607595,0.798532656096079,0.890192656827997
BSU_28645,BSU_28645,0.0,,,,,
BSU_28650,rlmBB,375.691624598538,0.0872999521180391,0.160946540558124,0.542415834570311,0.587532073802332,0.742864168906769
BSU_28660,sspI,3.1409960755697,0.69640546629049,1.95897141974934,0.355495470362502,0.722218437741259,
BSU_28670,ysfB,194.190512265139,-0.0989799944051868,0.246562261534548,-0.401440162777375,0.688096084718087,0.818893563043367
BSU_28680,glcD,344.817540569164,0.170884411173922,0.18077283557107,0.945299168617288,0.344506162752753,0.537027585510915
BSU_28690,glcF,365.466235749773,0.238629801742608,0.161886792024052,1.47405355779212,0.140467171507453,0.289225807999721
BSU_28700,ysfE,2252.33997395053,-0.327856449809064,0.109571850714145,-2.99215946132359,0.002770115273461,0.0117935882052687
BSU_28709,BSU_28709,639.149260745479,-0.486373326829885,0.160243594596616,-3.03521228448627,0.0024036643783554,0.0104696860803287
BSU_28710,cstA,4987.83559223464,-0.349125413978703,0.104761857242561,-3.33256228142607,0.000860502079492,0.0042121982688341
BSU_28720,abfA,1831.44336932182,-1.09233747101833,0.123813892468782,-8.82241442569741,1.12017795460993e-18,3.22906853443459e-17
BSU_28730,araQ,755.667942535316,-1.21911128256128,0.151465068605267,-8.04879497158784,8.36131822901503e-16,1.98330468392237e-14
BSU_28740,araP,1056.786980441,-1.10799952147787,0.135239600782042,-8.19286300070916,2.55084469692101e-16,6.265417950839721e-15
BSU_28750,araN,1616.47755859361,-1.07784383816997,0.134572116886143,-8.00941430595088,1.1525601566354e-15,2.67278056435393e-14
BSU_28760,egsA,1042.53694047433,-1.00123166052176,0.141300949022104,-7.08580987920428,1.38233479166255e-12,2.4733067759445e-11
BSU_28770,araL,715.268476115706,-1.23833447085823,0.145690761400526,-8.49974603025005,1.9000593984449102e-17,5.02366023117506e-16
BSU_28780,araD,951.097260254553,-1.10673133886064,0.145628801998012,-7.59967344149233,2.9687894592884504e-14,6.19268595251576e-13
BSU_28790,araB,2097.2007752048,-1.11750148014081,0.109806721089627,-10.1769861539593,2.51221750743042e-24,1.13350161666779e-22
BSU_28800,araA,2504.77000654916,-1.04188728695425,0.110958432820207,-9.38988827142578,6.0063937224828004e-21,2.0777116951688401e-19
BSU_28810,abnA,3948.21052221749,-1.02687587598181,0.113086608321938,-9.08043747371463,1.0813931872395701e-19,3.349897850919e-18
BSU_28820,frvX,510.941975514468,-0.323075165451135,0.148193627563319,-2.18008811015234,0.0292509309418711,0.0865435597574532
BSU_28830,ysdB,1045.39204800902,-0.204428396356969,0.129817213039155,-1.57474029499702,0.115316402715789,0.249832143879561
BSU_28840,ysdA,41.8713698924072,1.25135601400381,0.42895583215262,2.91721412837345,0.0035317322525676,0.0145007127402652
BSU_28850,rplT,3644.42068927192,0.756922997453286,0.115133533335187,6.57430529166218,4.88808474730653e-11,7.714996116376201e-10
BSU_28860,rpmI,1269.63470685932,0.717135235361431,0.127573605084398,5.62134490819633,1.89476554615172e-08,2.24719193773594e-07
BSU_28870,infC,1692.33329972691,0.5422800203352,0.108383103242037,5.00336310840078,5.63386772989054e-07,5.35152973610427e-06
BSU_misc_RNA_47,BSU_misc_RNA_47,197.631720687413,0.408041791484862,0.23790281505458,1.71516167806274,0.0863155887132692,0.200838569926447
BSU_28890,yscB,667.437260500725,0.710436217875438,0.146873672206249,4.83705627566662,1.31776128783822e-06,1.1891363273514e-05
BSU_28900,pftB,46.8323374894013,0.0542536447925044,0.464591489583883,0.116777095596601,0.907036694614351,0.955165606416692
BSU_28910,pftA,27.9075693986361,0.253761865659423,0.627760699876902,0.404233437533096,0.686041067377133,0.818310096668672
BSU_28920,lytT,167.797136069261,0.116149821744394,0.229834381641414,0.505363126764949,0.613303812292176,0.762679486166814
BSU_28930,lytS,513.655244006199,-0.114728756079732,0.175665042372572,-0.653110912280438,0.513684777794473,0.692082282578661
BSU_28940,ysaA,1258.09602101664,-0.0825397125669725,0.111206666454036,-0.742219106091877,0.457954594387531,0.647248730440124
BSU_28950,thrS,472.721541964439,-0.11838850072023,0.171007548099421,-0.692299854807582,0.48874904126126,0.66979110936794
BSU_misc_RNA_48,tboT,147.570229584617,-0.0564511635455658,0.316936451375825,-0.178115086795825,0.85863259393366,0.928159505564483
BSU_28960,ytxC,347.599068630137,-0.915951915123576,0.167165367576797,-5.47931625073464,4.26972603464354e-08,4.86912988181466e-07
BSU_28970,ytxB,255.030003512156,-0.149451761927942,0.182721277190412,-0.817922051695157,0.413401697742146,0.605729067182367
BSU_28980,dnaI,329.177792499205,-0.06930738655038,0.169689211708392,-0.40843720029464,0.682952726984904,0.816749285426199
BSU_28990,dnaB,513.86519998978,-0.113011889913871,0.146616349611854,-0.770800052061411,0.440825456396538,0.630826932169762
BSU_29000,nrdR,232.409318340762,0.220339707048192,0.236881249925699,0.930169471485414,0.352283345663711,0.546092474877255
BSU_29010,speD,7941.9201255758,-0.0066115932484605,0.09857112416494,-0.0670743415424307,0.946522520365762,0.974458080862669
BSU_29020,gapB,12411.6078299373,-0.101278224123486,0.125475716688306,-0.807153980041185,0.419577775601277,0.611111349656456
BSU_29030,ytcD,44.2581164584324,-0.0422962216953454,0.466795562317552,-0.0906097339172476,0.927802697204712,0.964339786862053
BSU_29040,ytbD,9.16883930783626,-0.240703773669457,0.999355419887136,-0.240859026608012,0.809664379357218,0.898640865965726
BSU_29050,ytbE,16.8032722675149,-1.36217739486576,0.695240660187781,-1.95928902446217,0.0500789483805339,0.131070438037577
BSU_29060,coaE,372.475306204656,-0.0224057640086612,0.187838858462771,-0.119281836527461,0.905052073105063,0.954718934924837
BSU_29070,spcF,207.440489267057,-0.0139192237345919,0.217259774983869,-0.0640671920774354,0.948916725087314,0.975118427011605
BSU_29080,mutM,641.60291446659,-0.226131320397891,0.144087100089908,-1.56940711733936,0.116553106703568,0.251723176860829
BSU_29090,polA,1700.88595847306,-0.0983274094999838,0.104048220109528,-0.945017698490934,0.344649840472435,0.537027585510915
BSU_29100,phoR,5608.53926768994,0.239730455736888,0.0919700434834032,2.60661457423525,0.0091442225587599,0.0331797795816542
BSU_29110,phoP,2579.06885102118,0.212380908453534,0.110908033872489,1.91492808084317,0.0555016760904272,0.141776896893147
BSU_29120,mdh,14752.9958485527,0.413055468487274,0.0983575752170273,4.19952878642913,2.67471025818773e-05,0.0001881817335887
BSU_29130,icd,15436.3764335159,0.664955697305277,0.109169669985212,6.09102965498887,1.1218676502067201e-09,1.51197162857405e-08
BSU_29140,citZ,50035.9911202401,0.249862001389521,0.0894160770651864,2.79437445245295,0.0052000227773205,0.0204988552218969
BSU_29150,ytwI,24.1645629635942,1.81621092526957,0.585345305589018,3.10280258153255,0.0019169747101212,0.0085747435578806
BSU_29160,ytvI,63.4081397630933,-2.94577934212446,0.450374197328734,-6.54073736816298,6.121625160610669e-11,9.48166643346824e-10
BSU_29170,ytzA,304.573925597777,0.704633941815194,0.180889956252241,3.89537349897207,9.80475243455987e-05,0.0005985224611155
BSU_29180,pyk,3925.52139485675,0.184107010931854,0.0930981273621886,1.97755869154709,0.047978513242156,0.126852744247255
BSU_29190,pfkA,1010.04821042581,0.242954142716978,0.123864078067989,1.96145764378612,0.0498256613413914,0.130489791942029
BSU_29200,accA,4904.4888427191,-0.698905875439328,0.119679644024954,-5.83980576758402,5.22617157725405e-09,6.49516114286873e-08
BSU_29210,accD,4714.57623636425,-0.649695934188845,0.120242728450456,-5.40320352474821,6.54611120612242e-08,7.32405258872901e-07
BSU_29220,maeB,3329.55392607478,-0.0171647036614028,0.116538248582807,-0.147288155349326,0.882904581178135,0.940933739787019
BSU_29230,dnaEC,1162.07537953188,0.191009146583846,0.123436411040856,1.54742952240101,0.121759706912753,0.260393891496569
BSU_29239,ytrH,5.23993706231933,-3.84866104034966,1.45833892873158,-2.63907173053189,0.0083133388713112,0.0305656949998345
BSU_29240,ytrI,23.3819286700147,-3.14153205374032,0.661895007095803,-4.74626945370751,2.07202646782119e-06,1.8183894012528e-05
BSU_29249,ytzJ,3452.7288239614,-0.319492957466207,0.152389150714857,-2.09655973517449,0.0360325667843739,0.101541876932747
BSU_29250,nrnA,420.553793936964,0.306455021200754,0.195942420135313,1.56400549196608,0.117816278676718,0.253527927831548
BSU_29260,ytpI,212.837461614337,0.450208175123616,0.228472237650898,1.97051589178869,0.0487792754891878,0.128560490511504
BSU_29270,ytoI,993.61491891335,-0.25097622882352,0.12067820916231,-2.07971456127561,0.0375517216972879,0.104967809269658
BSU_29280,ytnM,8.96331832525009,0.147344847609087,0.876963144961545,0.168017149244679,0.866569787720763,0.931899271717328
BSU_29290,sndA,15.1832613491935,-0.465589284470186,0.694350021233414,-0.670539742539553,0.502513780427628,0.682123839946071
BSU_29300,ribR,7.60552707387365,-1.49531266761038,1.06891927272383,-1.39890140047714,0.16184255256855,0.320527425218009
BSU_29310,cmoJ,20.1231424873248,-0.146354911013082,0.68954442821591,-0.212248703672006,0.831913012160359,0.912839258122562
BSU_29320,cmoI,1.16455002272865,0.0736186730617613,2.9102140209611,0.0252966525937665,0.979818343921413,
BSU_29330,cmoO,6.29573384695531,0.131247375874642,1.17630065978299,0.111576385495572,0.911159296728848,0.956516181930858
BSU_29340,tcyN,2.62945219558455,-1.04313677919341,1.96189211479132,-0.531699358659365,0.594934236199229,
BSU_29350,tcyM,2.39106755436601,0.638927851392383,2.00006473635547,0.319453585565757,0.749382582249206,
BSU_29360,tcyL,0.787509457581507,0.532943188963007,3.45716829480931,0.15415598649426,0.877486744968975,
BSU_29370,tcyK,2.10878977427557,1.80591821250894,1.95323949746009,0.924575923667978,0.355186541558198,
BSU_29380,tcyJ,3.1429481786243,2.48765434262074,1.95504366100243,1.27242904710641,0.203220718990459,
BSU_29390,snaA,1.30255879722088,0.277996088532413,2.71612136258363,0.102350392866089,0.918478557565334,
BSU_29400,ascR,13.9675862172297,0.955967723401979,0.706257664274397,1.35356792819251,0.175874264775533,0.339560033992203
BSU_29410,ytkL,894.306666262532,0.515051379543477,0.136409098902119,3.7757846337879,0.0001595047652892,0.0009299217425781
BSU_29420,ytkK,525.961518632714,0.51930205457907,0.195926799243016,2.65049016564068,0.0080375067221301,0.0297890092888947
BSU_29430,ytzD,13125.2666262497,-0.0488816793564142,0.110072236612048,-0.444087272694374,0.656979487815232,0.799508019326012
BSU_29440,argH,88350.3388414546,-0.0708997363942423,0.0926884684934659,-0.76492510391668,0.44431614429159,0.634671822076528
BSU_29450,argG,61971.066388238,-0.153527217635919,0.0979277433707222,-1.56776019084516,0.116937108630849,0.252158928793067
BSU_29460,moaB,191.857946877583,0.287071933354665,0.222093769295879,1.29257085538596,0.196159525033579,0.363995613953683
BSU_29470,ackA,209.201980388909,0.626140410877774,0.198537238807427,3.15376810234127,0.0016117710535121,0.0073764736969446
BSU_29479,BSU_29479,5.9125240300145,-2.88849264812468,1.83648847467474,-1.57283461778123,0.115757117584495,0.2505254406117
BSU_29480,ytxK,214.426089765524,0.124795831775951,0.208198837495364,0.599406957681643,0.548901538384274,0.716933185991937
BSU_29490,tpx,3074.50832320637,0.143842787486701,0.134116422405292,1.07252180536114,0.283485725291295,0.470888053495065
BSU_29500,gerW,81.5258214433813,-4.5920830928477,0.530336150618798,-8.65881589910407,4.7668998107197796e-18,1.30180270488801e-16
BSU_29510,ytfI,22.2408662370619,-5.0931536767398,0.945427272878971,-5.38714486332763,7.15857354539771e-08,7.94525101255237e-07
BSU_29520,yteJ,236.412739325952,0.196344250244195,0.206048497695145,0.952903090488397,0.340639174088742,0.533381068141218
BSU_29530,sppA,287.816844104282,0.26231553403907,0.194969577273138,1.34541777085347,0.178490359590021,0.343015501230638
BSU_29540,ppnKB,5511.4874653821,-0.479591939912547,0.109959714160234,-4.36152406883927,1.29159584556795e-05,9.69514349901006e-05
BSU_29550,ytcJ,649.107343938841,-0.0627703917569873,0.13425694520084,-0.467539252163726,0.640114115730256,0.785747922612641
BSU_29560,ytcI,558.239831727463,-0.340188185011295,0.141056395847057,-2.41171754721531,0.0158775764785864,0.052142262628649
BSU_29570,sspA,240.024911116362,0.639399869271379,0.189180818639296,3.37983456182468,0.0007252947337796,0.0036361092269556
BSU_29580,trmG,451.24338968324,0.651882917546818,0.152794605470901,4.26640008354853,1.9865240133684e-05,0.0001434097596433
BSU_29590,iscSB,323.274480944533,0.353894213852836,0.168662707363305,2.09823629292595,0.0358842770768399,0.101192686240464
BSU_29600,braB,286.162869285638,1.02833009840212,0.20463222616697,5.02525979247789,5.0275148538401e-07,4.84072281186212e-06
BSU_29610,ezrA,4228.92592995957,0.468565314049717,0.100919829241648,4.64294596582954,3.43476201686837e-06,2.84584773094224e-05
BSU_29620,hisK,258.494522347117,-0.132361659011853,0.249066400618547,-0.531431211448586,0.595119997764222,0.74837915798005
BSU_29630,refZ,8211.59103493326,-2.21787722802734,0.142474110444918,-15.5668789305044,1.22227445040395e-54,1.69122041454226e-52
BSU_29640,msrC,393.933971144199,-0.166309151144441,0.157222280033871,-1.05779633210136,0.290148305385931,0.478318354113186
BSU_29650,dgcP,1598.48830286578,0.125403292418156,0.103759402062687,1.20859690712552,0.226817745229975,0.401501262451867
BSU_misc_RNA_93,ldsD,57.7543843645496,1.05207530254286,0.465888898208514,2.25821071630685,0.023932525471841,0.0735880838767496
BSU_29660,rpsD,1928.82322802703,0.87622625271931,0.104017242896675,8.42385577927405,3.64292651258623e-17,9.51055846147511e-16
BSU_29670,tyrS,270.190399240707,0.0662362344001723,0.188821971333029,0.350786690407707,0.725748383019476,0.846944486340693
BSU_misc_RNA_83,tboY,5243.98542070757,-0.237298123651612,0.100335318191488,-2.36505079097605,0.018027598369131,0.0579199387231137
BSU_29680,acsA,34319.4195891104,-0.338034269777563,0.0931879973612853,-3.62744429915175,0.0002862404996833,0.0015791954271347
BSU_29690,acuA,1308.73339395112,-0.313836044568394,0.122295484867063,-2.56621121302671,0.0102816200214505,0.036504015882282
BSU_29700,acuB,1424.96812354774,-0.116029443146652,0.125722327975347,-0.922902439170582,0.356058049388363,0.550388303426686
BSU_29710,acuC,2509.12814502948,-0.0596711854251545,0.0963989919422507,-0.619002172355717,0.535914927791325,0.706993506955425
BSU_29720,motS,31.9793576096105,-0.293857132283738,0.493055018045555,-0.595992579993553,0.551180183629688,0.717900515295524
BSU_29730,motP,104.324227093681,0.316204331737558,0.301378273638177,1.04919418351032,0.294088755130481,0.482938644459387
BSU_29740,ccpA,1223.26096054667,-0.113422042984743,0.112391692982739,-1.00916749249575,0.312894313902067,0.504201978651973
BSU_29750,aroX,3682.16628680816,0.0956086819699939,0.102791831027399,0.930119456131779,0.352309238188699,0.546092474877255
BSU_29760,brxJ,1864.33001939544,-1.17761581793767,0.105522219473557,-11.159884845227,6.40745147902954e-29,3.45419884278593e-27
BSU_29770,ytxH,3702.46984004758,-1.14975967110557,0.0923060403231064,-12.4559526882636,1.29792253143954e-35,9.289097289664699e-34
BSU_29780,ytxG,2239.91903213844,-1.04669384027839,0.125792843641165,-8.32077413929981,8.73906376865345e-17,2.1985365881018502e-15
BSU_29790,murC,1356.91144404851,0.18495257106765,0.129510178562427,1.42809293540198,0.153265110648694,0.307829472875864
BSU_29805,sftA,471.427459771745,0.438587847651041,0.164181792916594,2.67135496488242,0.0075545711471125,0.0282005618989785
BSU_29820,ytpR,1013.65699031373,0.176525612283712,0.135615583638872,1.30166170839023,0.19303205489023,0.359962291037442
BSU_29830,ytpQ,1061.57444575301,0.0650854749616339,0.130322850090125,0.499417215911284,0.617485493363059,0.766043718753753
BSU_29840,ytpP,211.595557624945,0.604591058290358,0.294833439480179,2.05061901850859,0.0403040628013604,0.111090414799766
BSU_29845,BSU_29845,1.09351177273753,1.77298045933325,2.94661098817854,0.601701570531786,0.547372804400077,
BSU_29850,ytoQ,158.142352755892,-0.0029603756373087,0.247727276184178,-0.0119501400205435,0.990465394711613,0.992931662931467
BSU_29860,ytoP,799.56991897976,-0.18615236838294,0.143741209287627,-1.29505219349065,0.19530222501114,0.362891466437441
BSU_29870,ytzB,1654.67359239849,0.0349278212005492,0.103220172770761,0.338381735497763,0.735075536165966,0.852208011363016
BSU_29880,maeC,3125.02209355488,-0.0377033100620041,0.0977547796385773,-0.385692752839321,0.69972423073899,0.826566670972552
BSU_29890,ytnP,1501.79124014573,-0.0061521126825418,0.11663379684373,-0.0527472555042056,0.957933286958759,0.979161592879185
BSU_29900,trmB,430.004983066097,0.0072427233816475,0.167958470696059,0.0431221084094893,0.965604195727081,0.981510302733854
BSU_29910,ytzH,2.26615555188877,-1.40734282481781,2.6978612086943,-0.521651306702663,0.601913133573545,
BSU_29920,ytmP,1117.08633111407,0.0581239338920654,0.116457026582732,0.49910199150391,0.617707534653565,0.766090222989826
BSU_29930,amyX,604.52100208075,0.482163977551994,0.14922622339336,3.23109415079822,0.0012331731241868,0.0058037433543077
BSU_29940,ytlR,283.051997397118,0.281215003969532,0.197456017639171,1.42419059865484,0.1543913056251,0.30961804633649
BSU_29950,ytlQ,321.975829588236,0.430929910749281,0.175310693006631,2.45809256331547,0.0139677167918271,0.0468335964482022
BSU_29960,ytlP,178.550760047853,0.31871462246177,0.248653811928835,1.28176045237137,0.199926691233999,0.368842531249923
BSU_29970,ytkP,270.332601736163,-0.257286990580502,0.196215043734788,-1.3112500738132,0.189773289901932,0.356770347093713
BSU_29980,ytjP,1058.48401472861,-0.374351212507012,0.134268396179842,-2.78808135911296,0.0053021226275218,0.0208025624072243
BSU_29990,pbuO,37.6198774015732,-0.425809490851589,0.447242629444005,-0.95207715637693,0.341057853261537,0.533721997406976
BSU_30000,ythQ,373.015413163495,-0.570216821169574,0.177932737274776,-3.20467627207356,0.0013521446661031,0.006313557377946
BSU_30010,ythP,353.827665488327,-0.681812064606665,0.174993946566857,-3.89620371437349,9.77122111234552e-05,0.0005973540329506
BSU_30020,ytzE,2607.79856510098,0.192583481998395,0.0942825917175825,2.04261972958133,0.0410900964884305,0.112807533414997
BSU_30035,rsuA,41.9564507085919,1.07482193160636,0.465474249735936,2.3090899920159,0.0209385880016,0.0654488545140372
BSU_30050,murJ,339.635994587439,0.834458128877112,0.183231484172669,4.5541197935763,5.26053739651756e-06,4.17523723383258e-05
BSU_30060,ytfP,512.564776584905,-0.596298187492484,0.169804787462396,-3.51166887814948,0.0004453024397147,0.0023547139200713
BSU_30070,opuD,732.107849674129,-0.369199478219567,0.190294177244597,-1.94015120990808,0.0523613159848489,0.135428856901385
BSU_30080,yteV,110.761227511307,-2.61239737107447,0.342517822965916,-7.62704068492936,2.40203802851534e-14,5.06135018089704e-13
BSU_30090,rmgU,175.582969743653,-2.65925692938289,0.294821948599617,-9.01987434115464,1.88305171750272e-19,5.7900353180398495e-18
BSU_30100,rmgT,670.096215748312,-2.7135308389733,0.166054747089167,-16.3411819688372,5.02688910840082e-60,8.34664667558871e-58
BSU_30110,rmgS,206.971563664526,-3.01823528282376,0.236495365813137,-12.7623442956112,2.66071280777408e-37,2.04529978982781e-35
BSU_30120,rmgQ,759.183621502795,-3.04834927006771,0.195746770046654,-15.5729224514978,1.1120791697188e-54,1.5918071150009501e-52
BSU_30135,rmgP,295.085103568195,-3.14237247035494,0.210097967115656,-14.956700978573,1.40836641945602e-50,1.7194497079888e-48
BSU_30150,rmgR,2658.41735154366,-1.1137888023747,0.109921452237887,-10.1325881317897,3.9602591872459305e-24,1.74883360492105e-22
BSU_30160,ytcQ,3995.74627131102,-2.0180041190959,0.164732578577257,-12.2501823047072,1.6761870080762499e-34,1.15964204508742e-32
BSU_30170,ytcP,995.992688818335,-2.12332188572327,0.167156548399733,-12.702594699704,5.720124011786699e-37,4.2400419237368904e-35
BSU_30180,ytbQ,500.314475693001,1.51625573957981,0.163109428700656,9.29594169790452,1.45908792398908e-20,4.8068841051418e-19
BSU_30190,bioI,555.907297950258,1.54302450928377,0.201088341735569,7.67336632231445,1.67540125864557e-14,3.60341483141854e-13
BSU_30200,bioB,1385.45667647914,1.27342930680219,0.137037285205516,9.29257541035215,1.5059936757502102e-20,4.922346258298511e-19
BSU_30210,bioD,742.072420734823,1.35653014457493,0.210994532450567,6.42921941540236,1.28260875769047e-10,1.96461584987939e-09
BSU_30220,bioFC,2411.1308671458,1.27104504230001,0.125995589302414,10.0880122021513,6.24207179616461e-24,2.7274568448294e-22
BSU_30230,bioK,1923.25374144423,1.13523552899276,0.130406237793366,8.70537750495945,3.1651945326001098e-18,8.81793456699534e-17
BSU_30240,bioW,1784.85729513105,1.19896434596703,0.135091758266986,8.87518499535318,6.981726742949391e-19,2.08497465539445e-17
BSU_30250,ytaP,168.284835704062,-0.984290844057958,0.261206807273164,-3.76824346322877,0.0001644003205125,0.0009571188365321
BSU_30260,msmR,456.68725535999,-0.100636134597203,0.163553432850576,-0.61531043918317,0.538349724790438,0.70897516104223
BSU_30270,msmE,1874.24528048476,0.234243308163096,0.117015016928113,2.00182262339031,0.0453038118839279,0.12148328367583
BSU_30280,msmF,852.905360400341,0.0983427406738148,0.129125804419089,0.761604089254189,0.446296333481884,0.637061925819567
BSU_30290,msmG,1037.41971834795,0.0997983745631886,0.116868967610997,0.853933910799754,0.39314160900692,0.587659639534651
BSU_30300,melA,2423.81890920934,0.0642883340391093,0.0990284043751271,0.649190850289582,0.516215025008754,0.693423599682111
BSU_30310,ytwF,174.25257136264,0.122419415430521,0.216410689611408,0.565681000556583,0.571610653156404,0.732384675776237
BSU_30320,leuS,913.108785740408,0.0170788166899992,0.11823388373015,0.144449426434971,0.885145589376747,0.94187114624529
BSU_misc_RNA_49,tboL,973.70330573127,-0.205692696372593,0.167052609162698,-1.23130490091455,0.21820884958972,0.392617210260174
BSU_30330,ytvB,320.26952422421,-0.919932035262647,0.225455787890207,-4.0803212189462,4.49735084483045e-05,0.0003020793423445
BSU_30340,blrA,481.20298742551,0.0773164910771603,0.155647871851599,0.496739789355278,0.619372559695831,0.767462337893771
BSU_30350,yttB,101.329731222356,-0.378466366239556,0.284723126520499,-1.32924350355611,0.18376764672677,0.349276328554406
BSU_30360,yttA,384.49194714776,-0.0445309852691983,0.201876340000559,-0.220585459737753,0.825415223647415,0.908801378944667
BSU_30370,bceB,74.8365373489238,-0.288925781811216,0.319608661495139,-0.903998597721391,0.365996144953433,0.562268689008772
BSU_30380,bceA,12.3752351699349,-0.681664657596829,0.977614439178435,-0.697273516305349,0.485631638727926,0.667502295483318
BSU_30390,bceS,345.506188160808,-0.0476637843257349,0.168582422307281,-0.2827328239409,0.77738165254513,0.877116401118466
BSU_30400,bceR,153.289146492233,-0.290519400465904,0.263586999909579,-1.10217651312684,0.270384940701204,0.454583997104373
BSU_30410,ytrF,235.189859517618,0.50612989924487,0.199060925983299,2.54258788732518,0.0110034924695932,0.0385447234103642
BSU_30420,ytrE,75.6965386868922,0.211982151412778,0.341313142827605,0.621078197155298,0.534548173863625,0.706833137691188
BSU_30430,ytrD,37.5106637896633,0.540288634795867,0.451633023406823,1.19630010826109,0.231579466543352,0.408189539542018
BSU_30440,ytrC,33.9741305323371,0.97110541392117,0.490877977670066,1.97830307753973,0.0478945261493317,0.1267922053864
BSU_30450,ytrB,25.5266875584866,0.890829075280592,0.720114836410377,1.23706529880871,0.216062841333305,0.389438495169148
BSU_30460,ytrA,19.1609144671992,1.46254256962686,0.757412230311422,1.93097300399482,0.0534863909885689,0.137595454937401
BSU_30466,BSU_30466,2.92006665635656,0.478327549815306,1.75546110808012,0.272479719210888,0.785253183262911,
BSU_30470,ytzC,36.5074218620986,-0.373773334380351,0.571402954200178,-0.65413266003068,0.51302634146692,0.691644151812012
BSU_30480,ytqA,132.533648385255,0.0305660432972213,0.25684157574147,0.119007381141394,0.905269508037619,0.954718934924837
BSU_30490,ytqB,167.138127612319,0.114916010978289,0.235953292729668,0.487028638799072,0.626238035845196,0.775048922717176
BSU_30500,tbcS,470.411234060805,0.173946635684544,0.149634138990846,1.16247961098761,0.245040701958724,0.425413615152932
BSU_30510,ytpA,343.316143740636,0.104079570210096,0.177193829675801,0.587376944222734,0.556950574810097,0.722921149479897
BSU_30520,ytoA,45.4800087678512,0.181107827832453,0.455553549242634,0.397555519287574,0.69095785401899,0.820344528789564
BSU_30530,ytnA,432.329391307053,0.620528521729144,0.170498008796782,3.63950597492759,0.0002731615997287,0.0015160343693746
BSU_30540,asnB,1096.96963648575,0.392269073798967,0.132149147526916,2.9683814170581,0.0029937259076427,0.0126034038971856
BSU_30550,metK,1518.91173113956,0.518092308797316,0.109103810231939,4.74861792357137,2.04811454109137e-06,1.80121259747252e-05
BSU_misc_RNA_50,mswG,36.5340837573948,-0.0125832229469954,0.474760575087308,-0.0265043552630321,0.978855059823156,0.987178657270632
BSU_30560,pckA,5706.55298944675,0.600067270985416,0.0995201340312353,6.0296067406529,1.6435913152027501e-09,2.15903403462235e-08
BSU_30570,ytmB,297.287415501841,0.405580213766987,0.200053110501019,2.02736269759185,0.0426253338536969,0.115724696631574
BSU_30580,ytmA,72.524766174818,-0.125670115466163,0.365830664016432,-0.343519906413637,0.731207367789633,0.850922843760798
BSU_30595,ytlA,4.8103958597889,2.1466420243089,1.31101762910128,1.63738608593726,0.101549823655044,0.22699694022191
BSU_30610,ytlC,2.84009315416994,0.448521452152711,1.90649523418588,0.235259676557356,0.814007190278662,
BSU_30620,ytlD,4.03302432470945,2.37180588215027,1.7556047517335,1.35099080804397,0.176698377205663,0.340834090976164
BSU_30630,rppG,162.300782094942,0.215358300544297,0.258992690869704,0.831522695953768,0.405678412300139,0.597795508122937
BSU_30640,ytkC,0.597723572571104,0.0698094539338316,3.43843629394225,0.0203026748108785,0.983801922037231,
BSU_30650,dps,1641.87229394153,0.208683636618014,0.122774454699583,1.69973173270158,0.089181397608429,0.206005554520083
BSU_30659,ytzI,550.22671820925,-0.133263542360056,0.160252640036013,-0.8315840683193,0.405643757792952,0.597795508122937
BSU_30660,ytkA,557.123282368739,0.0983180033512659,0.139505757346076,0.704759468151307,0.480959936184497,0.665258298696656
BSU_30670,luxS,852.329732423098,-0.0921788871195243,0.14320025668147,-0.643706158464256,0.519765995665298,0.694654037593418
BSU_30680,ytjA,53.2467327083094,-0.0364459364753687,0.373327919075311,-0.0976244599269213,0.922230501064742,0.961612361195615
BSU_30690,ytiB,434.196700403126,0.190484422222546,0.167074260144195,1.14011830462781,0.254237016898056,0.435729916244356
BSU_30700,rpmEB,95.7907119355371,-0.399715348159656,0.297410761797046,-1.34398414416632,0.178953514252035,0.343587436475577
BSU_30710,ythA,5.87580278461474,2.60439859898546,1.36674369261771,1.90555011378708,0.0567085997085742,0.144150273968335
BSU_30720,ythB,15.4396519975686,0.171147509414334,0.869323744217206,0.196874306669773,0.843925900473627,0.919986834816495
BSU_30739,ytzL,8.7342365301128,0.131051168726368,0.886219731496958,0.147876609004183,0.882440148540838,0.940864132376068
BSU_30740,mntD,99.2803261463863,0.543220656474645,0.299846498871985,1.81166249570439,0.0700383619675737,0.171017200310234
BSU_30750,mntC,137.355395806126,0.506990194585211,0.281512146418295,1.80095317745857,0.0717102602662282,0.174279444007678
BSU_30760,mntB,90.4990861309201,0.116876689961318,0.291427944568362,0.401048328204851,0.68838454283832,0.818893563043367
BSU_30770,mntA,98.9399199928728,0.368838967512597,0.282433853009626,1.30593044559721,0.191576211880483,0.358212997980128
BSU_30780,menC,57.3464564598895,0.30338208606305,0.370664541468163,0.818481543611873,0.413082276534325,0.605474763380643
BSU_30790,menE,64.618207151202,-0.0195707557608613,0.429697365125794,-0.0455454404639693,0.963672556203235,0.980815390843605
BSU_30800,menB,277.963653026065,0.410238294331639,0.194438480980496,2.10986165013699,0.0348702743575329,0.0988705661599173
BSU_30810,menH,47.9945178601218,0.895285236506693,0.44613639276234,2.00675230945263,0.0447760431602553,0.120535249778353
BSU_30820,menD,137.75041881542,0.350836393194952,0.274427266526299,1.27843124932825,0.20109741153068,0.370113976172455
BSU_30830,menF,337.389408099217,-0.0939227373342015,0.170426217303809,-0.551104981499242,0.581561710755004,0.738245462184716
BSU_30840,yteA,2.71381897346227,2.123402907781,1.99904612815107,1.06220805907313,0.288141242030296,
BSU_30850,ytdA,18.3826366415719,1.08781726932019,0.894170335222691,1.21656604616532,0.223769367872639,0.398142582957275
BSU_30860,ytcA,0.897452313212319,-1.1968994960325,3.42836812815515,-0.349116387532329,0.727001934212711,
BSU_30870,ytcB,0.725155884438358,0.331785718499883,3.46500810551319,0.0957532301214469,0.92371656355956,
BSU_30880,ytcC,1.1277028621527,-0.65228023615609,3.3320941462369,-0.195756844653607,0.844800489446416,
BSU_30890,cotOO,6.18524163016286,-0.543375320798096,1.26670747507789,-0.428966696327961,0.667947461267012,0.806471760244144
BSU_30900,cotS,14.5433251177188,-0.994985217110735,0.758171842871154,-1.31234788849818,0.189402781088338,0.35668368040567
BSU_30910,cotSA,4.44389016557065,-0.143307484162832,1.25948452203638,-0.113782648103628,0.909410094059239,0.955686405174659
BSU_30920,cotI,3.08623025228038,2.08602413216737,1.98385906521777,1.05149814759567,0.293029859728487,
BSU_30930,ytaB,7.00056431456236,-1.44224282185703,1.20051646582267,-1.20135197051938,0.229614698655294,0.405587495369416
BSU_30940,glgP,658.317126195561,-2.74906608347106,0.224714375605396,-12.2336013264166,2.0561618464324e-34,1.39920128271162e-32
BSU_30950,glgA,608.586596782752,-2.60638248705895,0.256996543144579,-10.1417025115107,3.6075659005128804e-24,1.61021570462677e-22
BSU_30960,glgD,297.478541448314,-2.50158901206104,0.233337424025956,-10.7209078119538,8.12023747395706e-27,4.21338821929947e-25
BSU_30970,glgC,389.396384474486,-2.95171588507151,0.284082802948244,-10.3903363893846,2.74383664326504e-25,1.30915700071186e-23
BSU_30980,glgB,718.997958331997,-2.82328769817293,0.167456702844947,-16.8598070438966,8.88787277077031e-64,1.7568361843556e-61
BSU_tRNA_72,trnB-Glu,207.486751528441,0.730582253831052,0.219976077154783,3.3211895733416,0.0008963463208579,0.0043365193215399
BSU_tRNA_71,trnB-Ser2,115.065808401741,1.11709791320601,0.300781947501115,3.71397925469537,0.0002040255266281,0.0011649380481891
BSU_tRNA_70,trnB-Asn,92.1022346513264,0.891379184614303,0.309115151801444,2.88364766146069,0.0039309830328733,0.0159662530033829
BSU_tRNA_69,trnB-Ile2,19.7078679799899,1.3322034818759,0.661302889814197,2.01451332270786,0.0439556675458396,0.118789046863789
BSU_tRNA_68,trnB-Gly2,50.662356830665,0.593492126696021,0.406969279344649,1.45832168868307,0.144751894757825,0.296138548614949
BSU_tRNA_67,trnB-His,27.3474531340441,0.622534819272888,0.538840253812279,1.15532352096651,0.247957967458677,0.428685348988324
BSU_tRNA_66,trnB-Phe,21.4265125058434,1.4760234084488,0.58972306276622,2.50290941908428,0.0123177064833895,0.0420829626440738
BSU_tRNA_65,trnB-Asp,71.5585101421333,0.435149328081171,0.331520466398174,1.31258661888625,0.189322280995731,0.35668368040567
BSU_tRNA_64,trnB-Met2,17.5480404909671,1.42302299350235,0.674557505857099,2.10956513143271,0.0348958303969313,0.0988754894045473
BSU_tRNA_63,trnB-Ser1,128.191321680388,0.668385382877132,0.264703133401417,2.52503766875906,0.0115685888449667,0.0401179718424868
BSU_tRNA_62,trnB-Met3,50.999351389232,0.716544368496572,0.383784724740926,1.86704765016449,0.061894933934279,0.154588369892414
BSU_tRNA_61,trnB-Met1,47.0434342633735,1.02055618737453,0.514932969867202,1.98192045779808,0.047488143870149,0.126037906141297
BSU_tRNA_60,trnB-Ala,13.3801715015837,1.82293519080518,0.858420317476571,2.12359278280355,0.0337042095731144,0.0962215776740012
BSU_tRNA_59,trnB-Pro,41.9602907752542,-0.446168908713629,0.554336881991828,-0.804869607648091,0.4208949283364,0.612385155108446
BSU_tRNA_58,trnB-Arg,75.8118112670935,0.797961972357466,0.325795192101567,2.44927485642176,0.0143144168997445,0.0479186649603545
BSU_tRNA_57,trnB-Leu2,117.623144211655,0.814016969158407,0.279487909798514,2.91253016899816,0.0035851356694356,0.0146909162525444
BSU_tRNA_56,trnB-Gly1,102.251830242936,1.04313110053922,0.304776976478883,3.42260466190921,0.0006202421446332,0.0031551778705546
BSU_tRNA_55,trnB-Leu1,86.3740517662034,0.581222949289112,0.309410339749428,1.87848586365863,0.0603147291278961,0.151894667955667
BSU_tRNA_54,trnB-Lys,11.7746803922314,1.47839856369189,0.838224136574423,1.76372702620289,0.0777779486513915,0.185124005075646
BSU_tRNA_53,trnB-Thr,43.8027991533235,0.92675198104296,0.442422164563727,2.09472321974834,0.0361956038853007,0.101863018120599
BSU_tRNA_52,trnB-Val,0.47940245792987,2.20380977174539,3.47510554976059,0.634170600054785,0.525969492140369,
BSU_rRNA_21,rrnB-5S,0.113505605126248,-0.616244548442178,3.52732883216632,-0.174705727127717,0.86131086739296,
BSU_rRNA_20,rrnB-23S,4534.69395115479,-0.0625272075061837,0.155336281482123,-0.402528030860451,0.687295463321528,0.818893563043367
BSU_rRNA_19,rrnB-16S,2515.17097142143,-0.125553239445694,0.14636236993394,-0.857824586349356,0.390989331385373,0.585285508323361
BSU_misc_RNA_51,tswC,1.79027242494592,1.47970034074202,2.85545405427267,0.518201418274588,0.604317745345468,
BSU_30990,thiT,45.4003011605938,-0.466185314934418,0.482912410248001,-0.965362051256888,0.334363501970837,0.526334052590423
BSU_31000,yuaI,1228.42362630343,-0.628806483773142,0.136093996443105,-4.62038370690377,3.83030993427227e-06,3.11757187003219e-05
BSU_31010,floT,2585.51802613028,-0.697902236118793,0.101514724279487,-6.87488678191501,6.203911114478e-12,1.05977098914396e-10
BSU_31020,nfeDB,491.621166540722,-0.597115153152314,0.166748684552944,-3.58092871768788,0.0003423750605769,0.001858585673557
BSU_31030,yuaE,1716.01572073286,-0.168387033543787,0.124918029216575,-1.34798022831315,0.17766474192225,0.342035477576598
BSU_31040,yuaD,208.041815237863,-0.0158897572043377,0.251192697868555,-0.0632572417079278,0.949561663710733,0.975118427011605
BSU_31050,gbsB,682.115847205964,0.810389157287338,0.151368067300952,5.35376563721403,8.61424192828781e-08,9.36065922626249e-07
BSU_31060,gbsA,437.386886681121,0.998908998462486,0.191802063603919,5.20802007910239,1.90866275238941e-07,1.97086046894737e-06
BSU_31070,gbsR,229.125993876998,0.522040316765623,0.2500869970065,2.08743486472452,0.0368488431580057,0.103420924914727
BSU_31080,bslA,138.411401586089,0.0270547833936779,0.267071643904622,0.101301594576397,0.919311050418656,0.960929865599987
BSU_misc_RNA_52,swdA,15.7913909682881,0.865292933597404,0.753029000425529,1.1490831470082,0.250521696940661,0.431543556703918
BSU_31090,ktrA,48.6332151696278,0.271349554238156,0.415165247686133,0.653594094762233,0.513373349758849,0.691887264561358
BSU_31100,ktrB,44.0335233244456,0.687086073210144,0.421281214479692,1.63094400983138,0.102902134273924,0.229033114944267
BSU_31110,yubF,270.325121858478,-0.0443916806292153,0.199171258807404,-0.222881960454653,0.82362737673028,0.907914758531819
BSU_31120,lytG,270.257077509814,0.0333729805589477,0.184561719881337,0.180822873672854,0.856506608464722,0.927807654419901
BSU_31130,yubD,112.943765081919,1.14859362751152,0.316688979197429,3.62688221870666,0.0002868640643113,0.0015792741789872
BSU_31140,cdoA,8.3769532824708,-0.0993772822857777,1.02859758162978,-0.0966143456494593,0.923032663612619,0.962191850377868
BSU_tRNA_86,trnSL-Ala1,2.93628097274974,-2.65348201330597,2.03059496121843,-1.3067510084403,0.191297288779964,
BSU_31150,uppP,538.960240953065,0.233266651633517,0.145099320841323,1.60763434508844,0.107915285572297,0.237642626212521
BSU_31160,yubA,774.479080236476,-0.0742867158093559,0.125605533323658,-0.591428688240474,0.554233223096916,0.720538579968421
BSU_31170,iolU,217.281400958156,-0.158249988270312,0.220345618728272,-0.718189856388587,0.472640231522026,0.660275190859788
BSU_31180,rhaA,446.084277579717,-0.179275419148292,0.178001548998698,-1.00715651159644,0.313859567855171,0.505365037302877
BSU_31190,rhaM,82.8917754888544,0.421209373648718,0.369353203958937,1.14039723802029,0.254120843048472,0.435710706110784
BSU_31200,rhaB,444.560310191198,-0.159221207907383,0.188315205870982,-0.845503724306087,0.397829654161361,0.591481451619461
BSU_31210,rhaR,250.866826211164,-0.243940243974282,0.214983390185621,-1.13469344661306,0.256503784088427,0.438528504016088
BSU_31220,rhaE,321.418012693014,-0.353580372046619,0.184880913263525,-1.91247633844514,0.0558151247164106,0.142402324952563
BSU_31230,tlpB,516.283148350944,0.350857316552107,0.159433701994378,2.20064711640753,0.0277610153142532,0.083023036433332
BSU_31240,mcpA,2863.48278561836,0.213182690116778,0.108391057527215,1.96679223342065,0.0492071683315246,0.12927782009124
BSU_31250,tlpA,249.349947906202,0.539416990605084,0.200689618377023,2.68781711265062,0.0071920775863443,0.0270174787881589
BSU_31260,mcpB,1703.19152106911,0.334707692545275,0.109352332649985,3.06081895497014,0.0022073251964305,0.0096651971417542
BSU_31270,tgl,19.6949538506755,0.69211222409952,0.680114749964259,1.01764036750547,0.308848896030345,0.49981745318595
BSU_31279,yuzH,73.8827841655131,-1.31129828012018,0.445015327094971,-2.94663621740906,0.0032125089082243,0.0133085074631132
BSU_31280,yugU,136.510367568653,-1.06080723498309,0.257211156274287,-4.12426603242614,3.71918829925129e-05,0.0002547582612242
BSU_31289,BSU_31289,0.0,,,,,
BSU_31290,yugT,114.545813691395,-1.27811193228553,0.372886724970703,-3.42761446491813,0.0006089095394795,0.0031013294458643
BSU_31300,yugS,138.264690051115,-0.662234519152782,0.253124534331794,-2.61623995042982,0.0088904056481228,0.0324004160187516
BSU_31310,yugP,350.619920536229,-0.176929630164356,0.177918068696254,-0.99444441737064,0.320006552837386,0.511689984910628
BSU_31319,yuzI,6.34004403181193,-0.475970789626677,1.12640944813749,-0.422555750410023,0.672619416973092,0.809053375791163
BSU_31321,mstX,4.00176893157013,2.01996082740187,1.56561479284143,1.29020295198913,0.196980201480738,0.364965020336471
BSU_31322,kbfO,36.606576544555,-1.59922548540945,0.727917349675067,-2.19698772961425,0.02802132255452,0.0837411878501169
BSU_31330,yugN,1843.45439865686,-0.473340617870319,0.136022734042354,-3.47986401834072,0.0005016683384867,0.0026260091715743
BSU_31340,yugM,1336.66459211734,-0.561901648226975,0.162909526576954,-3.44916383979268,0.0005623253993007,0.00288887714418
BSU_31350,pgi,1571.90841214663,-0.242458569072508,0.124711842102922,-1.94415033074735,0.0518773253713518,0.134673406889607
BSU_31360,bdhK,71.3833104069836,0.770023903443322,0.345807215177444,2.22674331143785,0.025964434003804,0.078555660021713
BSU_31370,bdhJ,491.70557764347,-0.223169598022178,0.152642336146396,-1.46204260008273,0.143729536484574,0.294337102095445
BSU_31380,yuzA,30.6506196913645,-1.73256516763084,0.537540963654608,-3.22313141653718,0.0012679736598479,0.0059540256357791
BSU_31390,yugI,680.053986298313,0.901276161996942,0.150285824097252,5.99708034613908,2.0089667699924903e-09,2.61417588157957e-08
BSU_31400,yugH,2748.39203336138,0.225592551253314,0.100648121418463,2.24139852859619,0.0250002717476902,0.0763621251101266
BSU_31410,yugG,885.642240333076,0.0419326739787511,0.125202457607152,0.334918936737833,0.737686236812349,0.852830398108796
BSU_31420,yugF,13.5965956368954,0.569338669508622,0.850719242995155,0.669243906490386,0.503339902412573,0.683021881305848
BSU_31430,yugE,36.7444245903977,-0.218816964052784,0.473719324713034,-0.461912682547492,0.644143938723934,0.788278741050428
BSU_31440,patB,103.875295908535,0.635579783907718,0.337280953256959,1.88442240147341,0.0595078620579293,0.149980045781703
BSU_31450,kinB,373.093654284553,-0.247949972019928,0.161835617984455,-1.53211002069857,0.125495287366021,0.265645557295437
BSU_31460,kapB,190.412721462457,0.363923625630802,0.230259890156074,1.5804907462786,0.113994524430266,0.247744120895306
BSU_31470,kapD,84.2730029982913,-0.351897178204516,0.354997158430548,-0.991267591437247,0.321554933549209,0.51283806708338
BSU_31480,yuxJ,70.4199389172271,-0.692273734014274,0.333643045214744,-2.0748933446783,0.0379964206679704,0.10585445784748
BSU_31490,pbpD,1943.53108768795,-0.151448842799359,0.103107983429668,-1.46883721087093,0.141876948516399,0.291405845270447
BSU_31500,yuxK,673.589563206425,-0.035143511045661,0.135777908077819,-0.258830847692241,0.795765755678446,0.888202111272178
BSU_31510,yufK,109.613880756619,0.254070486874136,0.344188186212962,0.738173176917041,0.46040922039039,0.649612057729609
BSU_31520,maeL,442.719651814157,0.250831640841036,0.175343467355578,1.43051603018877,0.152568968351188,0.307135687500379
BSU_31530,maeM,374.60521683056,-0.0120601058358313,0.160837168051089,-0.0749833261923666,0.94022797831189,0.970793098605273
BSU_31540,nupN,5054.07339180317,-0.0116168401257869,0.11418965196282,-0.101732862182375,0.918968717209396,0.960866283409623
BSU_31550,nupO,1531.89423952035,0.469036052005071,0.118443463078769,3.95999947834307,7.4949927105004e-05,0.0004728224124815
BSU_31560,nupP,1138.22698461542,0.462418192532575,0.113303031357536,4.08125172814996,4.47938087101025e-05,0.0003020793423445
BSU_31570,nupQ,746.829458800324,0.531113166670626,0.125612274355675,4.22819481133479,2.35573780471689e-05,0.0001683075323129
BSU_31580,maeN,257.699118526804,0.362636912358544,0.202930710481468,1.7869986829404,0.073937701440168,0.177613077938737
BSU_31590,yufS,7.56681133486435,-0.0261096497669207,1.07396282410833,-0.0243115023917133,0.98060413826181,0.987960636277114
BSU_31600,mrpA,276.259226068549,0.244082425760926,0.201781278612354,1.20963861186467,0.226417595175681,0.401246324242003
BSU_31610,mrpB,60.697754964812,-0.334886649110826,0.420989609597731,-0.795474856091628,0.426337331451388,0.617478947129552
BSU_31620,mrpC,70.4924434385058,0.51842627977128,0.356439082128256,1.45445969806627,0.145818899239493,0.2973878925003
BSU_31630,mrpD,245.765533468379,0.110721797520218,0.199339326207057,0.555443823489247,0.578591124544022,0.736821094265467
BSU_31640,mrpE,93.2039384118025,0.379074280454091,0.306824565522167,1.23547565302982,0.216653532221049,0.390333685872211
BSU_31650,mrpF,44.6924667055221,0.643666060476408,0.561230355581927,1.14688390261608,0.251429606479691,0.432169713469321
BSU_31660,mrpG,88.5089185941184,-0.228504697095664,0.320241498697845,-0.713538682602979,0.475512485260916,0.662115611085708
BSU_31670,yuxO,332.721745207618,-0.163361378138249,0.245567363397742,-0.665240591737978,0.505896621610895,0.684254439982673
BSU_31680,comA,619.957017566068,0.005407578769948,0.137613588747017,0.0392953836840131,0.968654887062022,0.983309824767476
BSU_31690,comP,3580.9417784777,-0.0416203023756949,0.098855418202847,-0.421021964524917,0.673739043039601,0.809828310620892
BSU_31700,comX,137.295253335804,-0.544186626267584,0.382487648210584,-1.42275607804196,0.154806877908968,0.309837680906522
BSU_31710,comQ,1453.84982578139,-0.14577041572817,0.109237258987656,-1.33443860711154,0.182060154470684,0.346665917985233
BSU_31720,degQ,251.866734630868,-0.918280005875578,0.237379771623482,-3.86840041000671,0.0001095516631883,0.0006642905011176
BSU_31725,BSU_31725,2.91237143333504,0.94779189142001,2.21396378342044,0.428097288003388,0.668580291176772,
BSU_31730,cotIC,15.7987513410161,-3.18232632331553,0.871831533595157,-3.65016198736541,0.0002620749799695,0.0014641631788068
BSU_31740,pdeH,104.871370279323,0.234106520247064,0.327976594659657,0.713790325465138,0.475356842871132,0.662115611085708
BSU_31750,pncB,974.854474905527,0.588124562801185,0.149899603292016,3.92345643273966,8.72875562310235e-05,0.0005399860594858
BSU_31760,pncA,677.64527624577,0.20326187977999,0.132267990902876,1.53674277799566,0.124356311050133,0.26377263524226
BSU_31770,yueI,207.774367065891,-0.2819214694571,0.229229861433329,-1.22986362987048,0.218748175770758,0.392743805200872
BSU_31780,yueH,156.741810771368,-0.0117596139777669,0.251230422422617,-0.0468080810610786,0.962666188339588,0.980379624091666
BSU_31790,yueG,146.154946522979,-0.31111598557562,0.242652797671861,-1.28214464683956,0.199791909547344,0.368757766354392
BSU_31800,yueF,555.903083861364,-0.285899069333605,0.155357290863698,-1.84026811837519,0.0657288835963024,0.161802484702651
BSU_31810,yuzE,10.4743466722661,0.695121966077907,1.02719542384042,0.676718324424601,0.498584687791449,0.679345984762463
BSU_31820,yuzF,265.257302978266,-0.276018842191653,0.203580998176252,-1.35581829671887,0.175156988290205,0.338805525812042
BSU_31830,yueE,591.558087627261,-0.459425622618955,0.140942124275351,-3.2596757355622,0.0011153965649352,0.0052854008459432
BSU_31840,bznD,374.689014209253,0.155704639149047,0.160856517439436,0.967972212923674,0.333058247371103,0.525275374178361
BSU_31850,yueC,95.2954465961403,0.220523062989549,0.323692273538292,0.681273793096768,0.495698262611094,0.677079133958095
BSU_31860,yueB,621.108934589327,0.341293584724508,0.164014717433398,2.08087170508402,0.0374456506542762,0.104812471925759
BSU_31875,yukAB,294.051082975189,0.311637332738263,0.19747360172746,1.57812148060359,0.114537704258893,0.248534244839867
BSU_31890,yukC,120.183620801507,0.30634714957537,0.29874730802939,1.02543902937941,0.305156080275302,0.496032784102363
BSU_31900,yukD,25.1659547521041,0.490820060961185,0.550539089228334,0.89152627045819,0.372646904508626,0.567599175039146
BSU_31910,yukE,3814.6684453563,0.291648431948333,0.104052265943768,2.80290322659525,0.005064486328821,0.0200025525698726
BSU_31920,adeR,386.412001363992,-0.256184545028596,0.176321490185094,-1.45293999477696,0.146240415149597,0.297554148199866
BSU_31930,ald,294.914935936132,-0.135302680919156,0.323733788853133,-0.417944266486617,0.675987866577485,0.811198948265456
BSU_31945,yukJ,6153.93932319657,-1.37893652548293,0.105713185969362,-13.0441298579591,6.86361275822914e-39,5.58644246262924e-37
BSU_31959,mbtH,3.52920616795699,0.0697084196417278,1.70499514249999,0.0408848200819599,0.967387719148713,
BSU_31960,dhbF,108.142940455578,0.0320436108689926,0.352578329602746,0.0908836652130507,0.92758502974321,0.964339786862053
BSU_31970,dhbB,11.1856169247029,1.75108065601082,1.05215774187501,1.66427578899936,0.0960573284249032,0.217175365082665
BSU_31980,dhbE,9.32051007494189,2.05923847437247,1.15308202389511,1.78585602038645,0.0741225734629603,0.177882898216785
BSU_31990,dhbC,3.56005648666812,-0.358525882648228,1.49029881897217,-0.2405731508903,0.809885961571098,
BSU_32000,dhbA,3.96849850595705,0.493195005458364,1.67482469939164,0.294475598334268,0.768394506931516,0.872367882758627
BSU_32010,besA,106.254386996398,0.689298634577738,0.34733589456938,1.98453037925238,0.0471967449012732,0.125585697490503
BSU_32020,yuiH,44.7150934905779,0.424041364748725,0.406268053481805,1.0437477451515,0.296602113634603,0.485870313219116
BSU_32030,bioYB,1503.57572978216,1.14798883485941,0.115226720046578,9.96287002177414,2.21572210981682e-23,9.19746247784964e-22
BSU_32040,hisP,86.736075176729,-2.09537895280342,0.414465173726402,-5.05562128167283,4.28991896913611e-07,4.18015343682723e-06
BSU_32050,pepA,570.561962212692,-0.0977437966642716,0.170189923475542,-0.574321879158247,0.565750006232673,0.727771394602408
BSU_32060,yuiD,306.321787104882,-0.411340812502285,0.176074394538061,-2.33617621449988,0.0194820594269882,0.0616857579568482
BSU_32070,spsC,128.369300133449,-0.832636785275426,0.304932737101787,-2.73055885435315,0.0063227042586142,0.024253243255236
BSU_32080,yuiB,3381.55574587373,-0.186133942890356,0.127928125053127,-1.45498843833643,0.1456724622937,0.297289277768511
BSU_32090,yuiA,155.636885576407,0.334412492245268,0.281527243482805,1.18785126479489,0.234892013088387,0.412452092356132
BSU_32100,yumB,99.5135558809876,-0.905064592983099,0.288527592163031,-3.13683896294984,0.0017077990061724,0.007739163400242
BSU_32110,trxBB,1067.56292225797,0.187223822022741,0.127248996715759,1.47131864969395,0.141204962033083,0.290600791967937
BSU_32120,yuzG,21.1649701001975,-0.439736139777435,0.600189380775952,-0.732662312700241,0.46376441539617,0.651687910734429
BSU_32130,guaC,5.92684052594644,-0.029779552399482,1.1909268257442,-0.0250053586465089,0.980050689364404,0.987904422426334
BSU_32140,paiB,351.476119544015,0.769320398151726,0.183591132520005,4.19040063423486,2.78462341392492e-05,0.0001949236389747
BSU_32150,paiA,181.427680261946,1.45979817820405,0.27397622518142,5.32819290154613,9.91947420226256e-08,1.05850224713604e-06
BSU_32160,sufA,501.077032537518,-0.158140413804022,0.152273124735089,-1.03853135002739,0.299022747752081,0.487910151697676
BSU_32170,dapF,330.094607019914,-0.367472748475461,0.168956566012017,-2.17495393727004,0.0296335683735855,0.0874263982364985
BSU_32180,yutK,7.78947228589495,2.77204068911109,1.24163251812977,2.23257739196983,0.0255768263634556,0.0776635325604407
BSU_32190,yuzB,56.0910077762767,-0.294788554634315,0.488972156012244,-0.602873908073681,0.546592574762029,0.715291859343374
BSU_32200,yutJ,282.443175543946,0.893487151062272,0.223452690081264,3.99855177727927,6.37312404034248e-05,0.000410152525449
BSU_32210,yuzD,189.503459538673,-0.113242576117894,0.224895192915885,-0.503534889517399,0.614588256873585,0.763919929445157
BSU_32220,yutI,3250.96517670679,0.18534505857905,0.0925362002094693,2.00294650266051,0.0451830309488965,0.121355651863611
BSU_32230,yuxL,411.133373853827,-0.371132860014297,0.158419379656442,-2.3427238562552,0.0191435460432302,0.0607994335313302
BSU_32240,thrB,15859.7982440995,0.171625533513095,0.0840834762894482,2.0411327062917,0.0412376382556321,0.113063035930732
BSU_32250,thrC,20858.4124918532,0.0713247435510528,0.0908548862228258,0.785040260532885,0.432429963749832,0.62218952496553
BSU_32260,hom,17892.2583669151,0.0679838984661899,0.0873940769168724,0.777900526723967,0.436627657747822,0.626925426257769
BSU_32270,cotNH,106.806562757027,-1.19086192621109,0.351975880833837,-3.38336230138815,0.0007160410411356,0.0036027713475807
BSU_32280,yutG,52.5766563196577,-3.87424247622897,0.481851032899905,-8.04033240919454,8.95950903518012e-16,2.11312056846776e-14
BSU_32290,nucF,418.270073063238,0.0221954818957602,0.152459500713569,0.145582805872228,0.884250742282711,0.941308066873799
BSU_32300,yutE,324.890972106351,-0.167600105765459,0.170626414722448,-0.982263537788615,0.325970032737961,0.517240675036421
BSU_32310,yutD,207.72929717638,-0.23082157399907,0.226185205584948,-1.0204981064174,0.307492286862436,0.498204716145969
BSU_32320,yutC,17.1424072338704,-0.59227556714043,0.925435945390097,-0.639996285092178,0.522175014541289,0.696289266097299
BSU_32330,lipA,2035.38172355564,0.131338138000639,0.0988865854588531,1.32816941136358,0.184122147090081,0.349470065190181
BSU_32340,lytH,23.7636642184358,0.11954911232478,0.593721050694409,0.201355690833189,0.840420459181587,0.918774118004416
BSU_32350,fisB,59.5420996138391,-0.852777040238337,0.379829252699269,-2.24515893438446,0.0247579313251091,0.0757892130756106
BSU_32360,yunC,105.291230969369,-0.0486286716242235,0.297840012600882,-0.163271117267202,0.870304973811735,0.934899869234819
BSU_32370,yunD,322.396894922979,0.174957115311762,0.185454595561297,0.943395955124415,0.345478411340773,0.53803358368842
BSU_32380,yunE,137.801111074807,0.0784846519309021,0.238444501326572,0.329152702177057,0.742040270937198,0.855548013641655
BSU_32390,yunF,216.910307157725,0.0343513748839402,0.197608856937589,0.173835198564958,0.861994981064446,0.929847225898777
BSU_32400,yunG,19.7743438159005,-0.334947728361845,0.637486793519467,-0.525419085958864,0.599291888462097,0.750684112746437
BSU_32410,pucH,105.125076726898,-0.0367951684864989,0.289960429480075,-0.126897206465296,0.899021757685702,0.95127181140794
BSU_32420,pucR,72.7011745904467,-0.640438827414236,0.35309956280215,-1.81376273120193,0.0697142625486957,0.170727966867042
BSU_32430,pucJ,123.743575642537,-0.0058692149669146,0.312127547272535,-0.018803899297584,0.98499754318413,0.990125044511011
BSU_32440,pucK,196.935478258576,-0.256363189908375,0.225309551093462,-1.13782655313193,0.255192914948053,0.436814497151253
BSU_32450,pucL,500.199109749446,-0.400658795762457,0.156782870706514,-2.5555010822098,0.01060350313705,0.0373960420746766
BSU_32460,pucM,182.138991066338,-0.0601691760370664,0.231609435242976,-0.259787240420254,0.795027893797646,0.888086841325291
BSU_32469,yuzJ,4.42109196325381,-2.04181175622258,1.41181528439524,-1.44623151398818,0.148112277413045,0.299909299288561
BSU_ncRNA_2,auzJ,2.66000156100368,1.48540121895133,2.04325618298126,0.726977474153053,0.467239755016157,
BSU_32470,pucE,61.9256261690242,-0.47662889333389,0.372867463789458,-1.2782796559665,0.20115083841124,0.370113976172455
BSU_32480,pucD,155.745649077396,-0.440532729928582,0.244819702933013,-1.79941697768141,0.0719527459516473,0.174664238856894
BSU_32490,pucC,28.0582058858377,0.155866499243964,0.549149577325991,0.283832503346237,0.776538744363178,0.876897088084629
BSU_32500,pucB,21.9378772614196,-0.166508592879543,0.630297662283432,-0.26417453664086,0.791645431111108,0.88716733188088
BSU_32510,pucA,62.2099014842773,-0.317814129285985,0.360460484732093,-0.881689235706919,0.377944883630708,0.572990946658536
BSU_32520,pucG,402.854577736599,-0.790886954876936,0.178239893374993,-4.43720504933773,9.11344715631666e-06,7.00554058256861e-05
BSU_32530,pucF,191.950828118257,-0.332745958420877,0.226893968759874,-1.46652623795844,0.142504978538465,0.292406409250207
BSU_32539,BSU_32539,0.0,,,,,
BSU_32540,bsnA,658.911118341168,-0.349813244419493,0.14087778204247,-2.48309732981199,0.0130245495167636,0.0442030174780411
BSU_32550,frlP,443.362656576255,1.02800950042299,0.165029233884962,6.2292569396498,4.68652633684381e-10,6.6395122267026105e-09
BSU_32560,frlR,299.796236536281,-0.212983551122868,0.199920136951767,-1.06534316337654,0.28672066681626,0.473985459161408
BSU_32570,frlD,192.668487922772,1.43352645691594,0.233391260005876,6.14215998011175,8.14068048028829e-10,1.11157778531831e-08
BSU_32580,frlM,92.2759823076147,1.35369387370331,0.306478350451129,4.41693147888162,1.0011194865156e-05,7.6110750705609e-05
BSU_32590,frlN,138.319509897219,1.19931690336934,0.360428384864238,3.32747628581219,0.0008763644772942,0.0042697053347984
BSU_32600,frlO,543.642232590921,1.51210269988183,0.147109272380895,10.2787722038805,8.78394277062004e-25,4.09687038661166e-23
BSU_32610,frlB,791.178008090469,1.31542665359901,0.151271969493144,8.69577264053957,3.44477602764392e-18,9.53284352716661e-17
BSU_32620,yurQ,233.912250295676,0.781301992295017,0.220698843467966,3.54012726128499,0.0003999341302602,0.0021338387849746
BSU_32630,dadA,305.805508379438,0.285877779289325,0.193545760380177,1.47705523865665,0.139660830775781,0.287970575178277
BSU_32640,sspG,0.623548486405999,0.57058408760491,3.44406512411522,0.165671689425877,0.868415326695096,
BSU_32650,yurS,2.10550830151742,2.26364267469911,2.34257572273028,0.96630501747915,0.333891576109714,
BSU_32660,glxB,367.699269031851,0.57981101792286,0.176606809571905,3.2830615044138,0.0010268625937534,0.0049220630792964
BSU_32669,yuzN,109.999806757479,0.889382338013023,0.30260823612372,2.93905529276276,0.00329214336536,0.0135976986165268
BSU_32670,sufB,11756.6459551907,-0.349716159958913,0.091007455724137,-3.8427198868077,0.0001216783156084,0.0007309503445598
BSU_32680,sufU,2222.01739299906,-0.330486623921184,0.127018684645029,-2.60187408525584,0.0092715886268876,0.033524707656978
BSU_32690,sufS,4418.98495830376,-0.466536657392719,0.108395757225427,-4.30401216186424,1.67732449617959e-05,0.0001230136746226
BSU_32700,sufD,5923.5434576644,-0.390291774750213,0.0999692980430393,-3.90411638763516,9.4570264748602e-05,0.0005807117884193
BSU_32710,sufC,2665.87504493556,-0.32876098404558,0.111559956750755,-2.94694434832105,0.0032093095605932,0.0133085074631132
BSU_misc_RNA_84,bsrI,1.56396326430419,1.97094289801795,2.17064305491288,0.907999541222154,0.36387846404373,
BSU_32719,yuzK,0.0,,,,,
BSU_32720,yurZ,7.15130255000952,-0.701091983776601,1.08952924060044,-0.643481567681681,0.519911671248724,0.694654037593418
BSU_32730,metQ,710.637752538123,-0.0546163243438746,0.128284430392007,-0.425743982936822,0.670294409061828,0.808130145807624
BSU_32740,metP,187.998286889909,-0.402582932304969,0.283930990315336,-1.41789007201312,0.156222861370689,0.312069825577348
BSU_32750,metN,192.112048408745,-0.214656077768622,0.210235450104535,-1.02102703260506,0.307241631377461,0.497992976121765
BSU_misc_RNA_53,mswH,151.3837617202,-0.424976950783004,0.237459796828099,-1.78967958559592,0.0735054360604186,0.177087095233197
BSU_32760,yusD,832.155048952814,-0.600993407655622,0.122707268382747,-4.89778165202905,9.69246496373666e-07,8.92093615620197e-06
BSU_32770,yusE,320.399661990231,0.0509936713678104,0.177094966850622,0.287945345227249,0.773388575664837,0.875227911010015
BSU_32780,yusF,585.561265833272,-0.010525977495522,0.149126637990676,-0.0705841534238844,0.943728722688659,0.972451865036462
BSU_32790,yusG,1081.63090534069,0.181765200203536,0.140149927944222,1.29693395401443,0.19465391253884,0.362335601322297
BSU_32800,gcvH,3928.49769592391,0.130867466491258,0.0914708717938854,1.43070098627842,0.152515930451812,0.307135687500379
BSU_32810,yusI,43.095429232734,0.004530222436918,0.417358052473908,0.0108545226576197,0.991339514020966,0.993253758798221
BSU_32820,fadE,2060.98191602635,-0.912140973647862,0.180785871438019,-5.04542178209197,4.52521991431265e-07,4.39910722817607e-06
BSU_32830,fadA,925.311528625294,-0.917786799744046,0.208956640351343,-4.39223562458156,1.12191013835097e-05,8.48278503514552e-05
BSU_32840,fadN,1654.52403813482,-0.729813061361901,0.197550131636085,-3.69431827413974,0.0002204775052965,0.0012502761263469
BSU_32849,yuzL,0.306271144557299,-0.884306285772838,3.50782222155087,-0.252095525349021,0.800967228551581,
BSU_32850,putM,6.00889494320496,-2.55187510303077,1.5449597062753,-1.65174217338199,0.0985871214433423,0.221567483005584
BSU_32859,yuzM,0.360151964866315,-0.849856060256296,3.47598738130779,-0.244493425041304,0.806848693548411,
BSU_32860,yusN,5.26556654149719,1.26939904513253,1.24279201685856,1.02140907562411,0.307060667270379,0.497894074155994
BSU_32870,mdtR,84.7052479672365,-0.283499650994252,0.400596228019808,-0.707694259618025,0.479135142965293,0.663848457426212
BSU_32880,mdtP,281.417259780866,0.339421164907312,0.213492438985873,1.58985098732125,0.111868397729675,0.243889558285652
BSU_32890,yusQ,119.367917897841,0.178460678583295,0.264989355446611,0.673463574725554,0.500652414690195,0.680908188123192
BSU_32900,yusR,95.6092308895831,-0.0849249113762998,0.302983413129483,-0.280295579547143,0.779250741927314,0.878588270152503
BSU_32910,yusS,99.3442385040871,-0.298354943526559,0.304132544212505,-0.981003017283447,0.326591253624219,0.517435226638982
BSU_32920,yusT,360.918062640035,0.0198118557841769,0.172153810290558,0.115082296178858,0.908379892265798,0.955571447743367
BSU_32930,yusU,30.463370952043,1.80935860253545,0.626998882712619,2.88574454025743,0.0039048897107996,0.0159069648572416
BSU_32940,feuV,1807.4251436027,-0.0125858467095314,0.111526716496839,-0.112850508872357,0.910149073781721,0.955978948701398
BSU_32950,cotNW,12.3834494732415,-1.05507479758025,1.00925900953927,-1.04539547094248,0.295840229078409,0.485005051700029
BSU_32980,yusZ,116.905233956844,0.0997259335210779,0.258997409664373,0.385046065326715,0.700203286518548,0.826897252443384
BSU_32990,mrgA,302.970299657193,-0.094146533662881,0.202444010247561,-0.465049736703756,0.641895839426918,0.786455026405294
BSU_33000,htrB,831.188339420041,-0.337895344092097,0.134621788348848,-2.50996029867395,0.0120744735906289,0.0413540758042085
BSU_33010,cssR,100.918810634018,-0.389449222567196,0.300669375436117,-1.29527399324359,0.195225727371148,0.362891466437441
BSU_33020,cssS,449.832532848299,-0.19484453638476,0.154227039811566,-1.26336170766696,0.206459219022097,0.37671174990359
BSU_33029,spxO,242.30335995159,-0.468609911236832,0.195776511903609,-2.39359618107587,0.0166841063350996,0.0541907084483556
BSU_33030,yuxN,184.1727456924,0.206149311218425,0.258604211151863,0.797161462685408,0.425357264237271,0.616500699667917
BSU_33040,fumC,6407.3420115196,-0.867875889461323,0.0925737577291484,-9.37496662931787,6.91976557427948e-21,2.37387990899456e-19
BSU_33049,yvzF,89.8551032365383,0.145917605570133,0.286308986760395,0.509650804961453,0.610296123947391,0.76099105151866
BSU_33050,gerAA,9.18776174228529,-1.4838374991562,1.11515202914195,-1.33061453539921,0.183315877262637,0.348737033234282
BSU_33060,gerAB,6.36257868218772,-0.23899188347834,1.24537264983522,-0.191903912061953,0.847817473017529,0.922004278358858
BSU_33070,gerAC,25.0639676972704,-0.0938344196940087,0.546667383515676,-0.171648103624821,0.863714187426388,0.930274414117004
BSU_33080,liaR,376.725702462782,0.355453793829646,0.168722314371876,2.10673849012171,0.0351402538624081,0.0995001321847585
BSU_33090,liaS,975.963710482291,0.788835894794888,0.122955464306799,6.41562291877148,1.40248200409649e-10,2.13249186776723e-09
BSU_33100,liaF,651.849094169677,1.21367022602738,0.179641392084184,6.75607226122267,1.41782725789016e-11,2.33547656646906e-10
BSU_33110,liaG,1083.08585483569,1.18981874033285,0.134726472068826,8.83136567047513,1.03405329902526e-18,3.00164702395376e-17
BSU_33120,liaH,2470.14306056197,1.99377469728757,0.365245099330109,5.45873086577841,4.79550021174709e-08,5.42401127492158e-07
BSU_33130,liaI,591.396491950386,2.08517666953636,0.222786796747613,9.3595163626262,8.010250624193651e-21,2.70329677569332e-19
BSU_33140,yvqJ,674.239559991568,-0.0538454352657761,0.158555817615891,-0.339599240667531,0.734158350045515,0.852208011363016
BSU_33150,yvqK,53.1223892350433,0.268244150476936,0.368921825581067,0.727102957528848,0.467162887129132,0.654911565171573
BSU_33160,yvrA,97.2583466744093,0.177614297666306,0.296293194408352,0.599454530236419,0.548869822867365,0.716933185991937
BSU_33170,yvrB,105.141535566833,-0.0156364087814483,0.375390863744282,-0.0416536743209069,0.966774784419467,0.981913905095475
BSU_33180,yvrC,372.567521646428,0.0144321691402234,0.194537734757356,0.0741869908078471,0.940861597156757,0.970793098605273
BSU_misc_RNA_85,srbL,5.97305752912106,-0.17422596621891,1.0833263007487,-0.160825012831776,0.872231224277914,0.936047521193801
BSU_33190,yvrD,144.434823494545,-0.231431548042734,0.243995113728497,-0.948508945553137,0.342870420954568,0.535855066130282
BSU_33200,yvrE,114.996498560737,0.957725240834344,0.316000247127249,3.0307737083784,0.0024392798815864,0.010591475720152
BSU_33210,yvrG,206.033952347206,0.383220684131197,0.211767097496003,1.80963279311334,0.0703527509908771,0.171442149615715
BSU_33221,yvrH,145.332151369679,0.161288729375656,0.249258666274037,0.647073707753589,0.51758424076141,0.693458346381155
BSU_33222,rsoA,7.24988745984152,4.86909566776189,1.49473515053391,3.25749726700591,0.001123993407291,0.0053200645765851
BSU_33230,sigO,7.01757298829475,4.39393415482928,1.48506922201689,2.95874029956786,0.0030889930158655,0.0129320440511023
BSU_33239,yvrJ,0.525114108656855,0.267748612789305,3.46662652704125,0.0772360710623845,0.938435746780598,
BSU_33240,oxdC,30.7170859022888,-1.4104171994265,0.58700564231404,-2.40273192923067,0.0162731117179611,0.0532306436101312
BSU_33250,rsiO,5.3718772433219,0.586881413071452,1.45275740071126,0.403977575873382,0.686229208986665,0.818310096668672
BSU_33260,yvrN,910.103234923696,0.386784456832673,0.131242362296726,2.94710069267263,0.0032076873354638,0.0133085074631132
BSU_33270,yvrO,388.130073082546,0.278546436934039,0.154701914065748,1.80053646146651,0.0717759716793914,0.174337073400324
BSU_33280,yvrP,525.82720280913,0.279593106639113,0.169546831931993,1.64906122664245,0.0991350919963125,0.222558013454134
BSU_33290,fhuC,264.581522833144,0.105005246528756,0.182585829385082,0.575100745125707,0.565223164040468,0.727771394602408
BSU_33300,fhuG,99.2188829633082,0.0855971286571683,0.283472850422889,0.301958824379383,0.762683452004053,0.869036236417465
BSU_33310,fhuB,93.9104714405812,0.696246642842012,0.342501142107496,2.03283013469044,0.0420696874910452,0.114964629871843
BSU_33320,fhuD,184.205235869043,0.186482337989488,0.268166170670681,0.695398444640119,0.486805635008447,0.668503774059521
BSU_33330,lysP,5.95676670071883,-1.21805475014752,1.22433740730135,-0.994868524708659,0.319800213005593,0.511557103732645
BSU_misc_RNA_54,kswB,42.9050359727125,-0.482247930734235,0.434950893814094,-1.1087410960474,0.26754188780946,0.451647359011045
BSU_33340,sspJ,5.95268768206093,0.605306599689275,1.29705060800708,0.466679245938854,0.640729380518682,0.786003496987949
BSU_33350,yvsG,63.5456132772707,0.213162834444944,0.375635894962114,0.567471951705902,0.570393577532092,0.731652051850307
BSU_33360,ltaSP,347.820877053194,0.0710099710452884,0.190588962320676,0.372581760143121,0.709459750227046,0.833846217546444
BSU_33370,yvgK,963.507292549964,-0.299977178856863,0.121240747115797,-2.47422740285785,0.0133524675853331,0.0449887118074009
BSU_33380,modA,133.447384639635,0.109155085726021,0.255892752469944,0.426565757226133,0.669695643338991,0.807642828442809
BSU_33390,modB,113.066906333725,0.482158605527547,0.290787571105042,1.65811284057039,0.0972946926104261,0.219375485619706
BSU_33400,pgoN,338.09169911684,-0.358592955913406,0.215320595509135,-1.66539087942562,0.0958347978507294,0.216908531013292
BSU_33410,yvgO,102.371510634232,-1.22558715696734,0.306253776702373,-4.0018678958477,6.28443852196357e-05,0.0004050730482091
BSU_33420,nhaK,242.850060580884,0.0187460676908533,0.190788007575867,0.0982560063865596,0.921729010899947,0.961392752767276
BSU_33430,cysI,1944.96070700774,-0.307126615245673,0.104159663425742,-2.94861374494197,0.0031920265076685,0.0132633653987307
BSU_33440,cysJ,737.955900276997,-0.0281638118104968,0.125958581182597,-0.223595816545987,0.823071819173776,0.907696897287551
BSU_33450,helD,2725.41220618986,1.28620343112107,0.100431674811535,12.8067507938575,1.50297259334211e-37,1.1997767759544501e-35
BSU_33460,yvgT,103.642084181837,0.660515714119657,0.27939726647811,2.36407364483434,0.0180752190820427,0.0580280235186073
BSU_33470,bdbC,586.74676662797,-0.184960041572542,0.176127066357398,-1.05015115165332,0.293648624135181,0.482746708429756
BSU_33480,bdbD,1170.16917266573,-0.388106416891988,0.143400052828834,-2.7064593717775,0.0068004903043687,0.0256859283470744
BSU_33490,cadA,791.67452630094,0.220007478921939,0.143158240862507,1.53681323266077,0.124339052032232,0.26377263524226
BSU_33500,copA,427.279865976047,0.38900263386884,0.179463604505446,2.16758509303783,0.0301902689606441,0.0885328187865875
BSU_33510,copZ,100.981488666178,-0.0102321279249655,0.285801280665402,-0.0358015467990314,0.971440599691957,0.98405325240773
BSU_33520,csoR,188.908384555933,-0.0735279336243718,0.232947724118703,-0.315641347871268,0.752274749816203,0.86214591012895
BSU_33530,iolW,165.203853082416,0.153843319710306,0.221732639407158,0.693823517014154,0.487792892595291,0.669143521864856
BSU_33540,azoRB,4781.20450011102,-1.39492211839669,0.168934014258845,-8.25720104098957,1.49128126943138e-16,3.72910153578895e-15
BSU_33550,yvaC,3.48039762607613,0.475077975150644,1.79077370164831,0.265292021383473,0.790784510394119,
BSU_33560,yvaD,75.47079544787,0.675317009332997,0.496602137137378,1.35987535862372,0.173869369948536,0.337100305771309
BSU_33570,yvaE,49.0570770614914,-0.203596694335941,0.474071001385599,-0.429464560668918,0.667585179147759,0.806268861984972
BSU_33580,yvaF,98.1042172461971,0.394587356404683,0.299490916846655,1.3175269572757,0.187662051173522,0.355052495178345
BSU_33590,yvaG,220.966456173268,-0.309944020643504,0.252988645407742,-1.22513016401968,0.220526181708464,0.394400767027935
BSU_misc_RNA_55,ssrA,268472.280858123,-0.167798321648029,0.102536373252107,-1.63647607503594,0.10173998893777,0.227299620064953
BSU_33600,smpB,120.216529993149,0.0823839807974681,0.255818528576798,0.322040710873434,0.747421853195816,0.85848038533919
BSU_33610,rnr,1159.84090991821,-0.0080729743892555,0.125401685254445,-0.0643769210347946,0.94867010624628,0.975118427011605
BSU_33620,estA,303.62998267343,0.238187553863868,0.169806322247276,1.40270132885284,0.160705920899212,0.319029305429282
BSU_33630,secG,2381.52016663496,-0.204313860905655,0.12837421368788,-1.59154907388496,0.111486060552169,0.243439577775936
BSU_33640,yvaM,186.288158336712,-1.06982981483063,0.280340083502456,-3.81618568941196,0.0001355305256252,0.0008025495176467
BSU_33650,yvzC,1.32551193386381,0.0655209959413875,2.82796137656149,0.0231689854339716,0.98151547800194,
BSU_33660,rghRA,156.433102554541,0.0977370931445378,0.236036212288774,0.414076688474238,0.678817944505863,0.813914872225257
BSU_33670,rghRB,129.200882992722,0.0854220585216088,0.251806056139552,0.339237506163344,0.734430816841021,0.852208011363016
BSU_33680,catR,216.352589320871,0.0478275930710052,0.195005223254026,0.245263138458101,0.806252691444385,0.895812345338769
BSU_33690,yvaQ,304.059144638057,0.315293070969224,0.176046540514332,1.79096431005161,0.0732990224437731,0.176955443353357
BSU_33700,opuBD,128.762586749418,1.08385994272387,0.280718297016724,3.86102350378428,0.0001129130398472,0.0006822445828325
BSU_33710,opuBC,86.1161307634138,1.3391904136296,0.373220339235916,3.58820319485077,0.000332964754801,0.0018138276865865
BSU_33720,opuBB,78.2419076361725,2.07314623570217,0.494043287620492,4.19628459216045,2.71329273233679e-05,0.0001905732340428
BSU_33730,opuBA,154.275115781985,1.47345431738262,0.312927765695582,4.7086084359034,2.49413671140589e-06,2.13808100393825e-05
BSU_33740,yvaV,231.649043653329,0.288068505518249,0.188131755727495,1.53120617199529,0.125718445895602,0.265837955893925
BSU_33750,sdpA,690.699291760728,1.06567858981123,0.148871444569466,7.15838146726629,8.16351296654658e-13,1.51280099661316e-11
BSU_33760,sdpB,627.459750179531,1.32494978335558,0.248641739283073,5.32875046311976,9.88907543139388e-08,1.05797814731227e-06
BSU_33770,spbC,16907.1060322497,1.22816185105009,0.116924618715005,10.5038773232491,8.290334647771679e-26,4.0486093085765e-24
BSU_33780,sdpI,922.309821717186,0.562009911325733,0.513456544296595,1.09456178437779,0.273708665620651,0.459241985040954
BSU_33790,sdpR,420.93614833471,0.628234186799356,0.559665613950299,1.1225170372092,0.261642667736685,0.444328916754625
BSU_33800,opuCD,156.323175160652,0.749223298886961,0.251004711803384,2.98489734915351,0.0028367350220717,0.0120344167663772
BSU_33810,opuCC,195.714679237708,0.760667520242343,0.252848206698207,3.00839594702072,0.0026263072012592,0.0112505688260342
BSU_33820,opuCB,141.318551757866,0.269793426674993,0.263845228153035,1.02254427174445,0.30652337017208,0.497217080728528
BSU_33830,opuCA,232.285683109986,0.38854771815195,0.209006833968107,1.85901920418181,0.0630244163523855,0.156729566151361
BSU_33840,opcR,126.634563890127,0.470105852105714,0.27495979030131,1.70972581696603,0.087316586386476,0.20237361814085
BSU_33850,yvbG,8.38450979840032,0.0331814666268202,1.20241347487907,0.0275957208731025,0.977984594615816,0.987178657270632
BSU_33860,yvbH,222.477907949996,-0.135098022353275,0.193019257231657,-0.699919916234751,0.483977318789343,0.66699530222263
BSU_33870,yvbI,231.701998390485,0.262055808458211,0.220202893651607,1.19006523534982,0.234020752874455,0.411270171541855
BSU_33880,yvbJ,376.115864525241,0.582753776327555,0.167832708280527,3.47223006944213,0.000516153786678,0.0026882739880808
BSU_33890,yvbK,235.173826947932,-0.204039442643936,0.195794345267285,-1.04211100869841,0.297360215212992,0.48634446546459
BSU_33900,eno,1356.55176499761,0.0623694285771666,0.11661743401792,0.534820793326515,0.592773783186438,0.746769036117421
BSU_33910,pgm,872.567806231439,0.118700884052159,0.126277764330814,0.939998302006632,0.347218431651058,0.540218781777939
BSU_33920,tpiA,317.282181104391,0.0337136187733074,0.171991857653989,0.196018690844842,0.844595536604989,0.920009776882906
BSU_33930,pgk,725.660844192824,0.215513897534913,0.127205985061741,1.69421193059674,0.090225018553431,0.20771450302859
BSU_33940,gapA,554.045406939489,0.0162437160414257,0.156328752354902,0.103907411763568,0.917242825213136,0.960241389481653
BSU_33950,cggR,62.7477800071728,-0.514698089968628,0.369690219644619,-1.39224156501463,0.16384926002142,0.322493256685119
BSU_33960,araE,417.787840328431,-0.916138361563394,0.163928849104008,-5.58863413347172,2.28862563727528e-08,2.67608028741681e-07
BSU_33970,araR,216.646958461483,0.873725314854509,0.24054494978762,3.63227461489394,0.0002809339186166,0.0015528051879865
BSU_33980,yvbT,100.117497881336,-0.0397866745671378,0.273623108167192,-0.145406851174379,0.884389655699305,0.941308066873799
BSU_33990,yvbU,66.0230849049567,0.954256520384966,0.484660993060233,1.96891545647118,0.0489628003208782,0.12887882254551
BSU_34000,cyeB,13.8897176813239,-0.143478250789497,0.831698908210224,-0.172512250975844,0.863034830860975,0.930025333048782
BSU_34010,yvbW,72.8905817762779,0.315221341189349,0.326116426092778,0.966591425540981,0.333748322701376,0.525844981913392
BSU_misc_RNA_56,tboX,254.610826668924,0.654797016061557,0.198850565215314,3.29291000683124,0.0009915620694949,0.0047693790851375
BSU_34020,yvbX,281.319044332257,1.15684304604902,0.201303412583971,5.74676321280176,9.09679780827105e-09,1.11061199123921e-07
BSU_34030,lutC,9946.23992060382,-0.379366615201019,0.0921478624803262,-4.11693342623129,3.83946920041255e-05,0.0002625640304927
BSU_34040,lutB,12069.1652470807,-0.26238021525182,0.0878560799967547,-2.98647760361619,0.0028221150903676,0.0120026636681517
BSU_34050,lutA,4480.51527797524,-0.247375339214332,0.0910533751824119,-2.71681679804567,0.0065913081242816,0.0249649898875385
BSU_34060,yvfU,264.040681416323,0.141699714957014,0.188377629180184,0.752210947625194,0.451924211081501,0.64288464708681
BSU_34070,yvfT,462.421144572268,0.0184197144388252,0.158767100771472,0.116017199717833,0.907638910441493,0.955165606416692
BSU_34080,yvfS,6.091183779281,0.187934942677119,1.20730727162134,0.155664549609425,0.876297441782944,0.937261190631539
BSU_34090,yvfR,29.1957845328961,-0.437905796702881,0.614955111607655,-0.712093921063733,0.476406618344067,0.662127670756372
BSU_34100,rsbQ,202.311411110201,-0.0376598737949988,0.215019028808317,-0.175146702148727,0.860964362381589,0.92924156740665
BSU_34110,rsbP,363.577527295615,0.0588873323454331,0.173770970835279,0.338878997236273,0.734700887048932,0.852208011363016
BSU_34120,ganB,612.42359048396,-0.469415874002088,0.153255930810979,-3.06295405024848,0.0021916370987982,0.009616792385953
BSU_34130,ganA,2204.39064573929,-0.803959352532551,0.117846558566091,-6.82208595918968,8.972794598159759e-12,1.51406790150249e-10
BSU_34140,ganQ,724.91976518421,-0.629491140066877,0.145064268725423,-4.33939484614488,1.42875612114543e-05,0.0001064769597643
BSU_34150,ganP,703.623218706143,-0.778543999314232,0.189243335143619,-4.1139837169081,3.88888878989561e-05,0.0002655062066917
BSU_34160,ganS,969.204251009474,-0.942230591090241,0.152234265767773,-6.18934631003229,6.04142238836865e-10,8.38727235254792e-09
BSU_34170,ganR,61.2080899502366,0.759324978046772,0.349745664504498,2.17107760041156,0.0299253069426583,0.0880992546943083
BSU_34180,lutR,1354.15714211435,-0.0804745940951826,0.109179370494662,-0.737086078904596,0.461070004346105,0.650323339463364
BSU_34190,lutP,13933.2003705021,-0.53065311227898,0.0990821223594093,-5.35568980198159,8.52306232978383e-08,9.29986274657063e-07
BSU_34200,sigL,2822.82536041379,0.0114312724812585,0.103322245990415,0.110637088573539,0.911904135587343,0.956839184552134
BSU_34210,yvfG,199.890108618822,0.520969684320258,0.217170562433684,2.39889641801404,0.0164445657553539,0.0536224606837972
BSU_34220,epsO,5.21026190947148,0.846449423185742,1.44919233177424,0.584083564773931,0.559164091715616,0.724000679185867
BSU_34230,epsN,7.17687713395856,0.411154795503167,1.02626611483662,0.400631755798175,0.688691262005395,0.818893563043367
BSU_34240,epsM,4.62200907926516,0.301585362235179,1.93310237290582,0.15601106618158,0.876024298480167,0.937261190631539
BSU_34250,epsL,3.30565132360379,0.503678803493805,1.79539529527578,0.280539224325213,0.779063836449583,
BSU_34265,epsK,5.05283409661725,-1.82468573380529,1.57869572760778,-1.1558185037786,0.247755402725114,0.428685348988324
BSU_34280,epsJ,5.21591176765229,0.930897819128904,1.28988254214851,0.721691928304065,0.470483905783778,0.658899693963719
BSU_34290,epsI,3.11726304226683,1.56136353184852,1.74848185798853,0.892982403400355,0.371866596082623,
BSU_34300,epsH,6.34462281822031,-2.50480821587644,1.66803278445327,-1.50165406772711,0.133186472071804,0.277678074118562
BSU_34310,epsG,1.67845975127178,0.287692747941596,2.44316260971144,0.117754236577636,0.906262391102063,
BSU_34320,epsF,1.88156339259897,2.65668538056259,2.47373694081138,1.07395630341002,0.28284226655461,
BSU_34330,epsE,6.898729395044,3.1568521158962,1.30080487398855,2.42684523945287,0.0152307513635947,0.0503366631451285
BSU_34340,epsD,12.2984044816466,0.92047262328413,0.816793634404487,1.12693412939639,0.259770332114547,0.441747910121869
BSU_34350,epsC,29.7225720703799,-0.20364197605196,0.560745122071233,-0.363163169926052,0.716482998268264,0.838962179354461
BSU_34360,epsB,11.0887890745862,-0.684648591483015,1.20669078039592,-0.567376997161097,0.570458074723666,0.731652051850307
BSU_34370,epsA,9.30814172097041,0.434611136037609,1.02805409764029,0.422751231705783,0.672476772496018,0.809053375791163
BSU_34380,slrR,1.02312525390136,-0.796632192891251,3.42292451470585,-0.232734373623693,0.815967675729498,
BSU_34390,pnbA,501.30039016503,-0.306834966911931,0.182947621662986,-1.67717384966699,0.0935084910665749,0.21303468512093
BSU_34399,BSU_34399,56.7269125058452,0.977631165379903,0.456118994832656,2.14336867452447,0.03208350639106,0.092549433654823
BSU_34400,padC,18.9070530546187,1.93576508006204,0.896032908330914,2.16037275200963,0.0307438250652407,0.089745160229124
BSU_34430,racX,1541.82264831817,-0.563644114246579,0.139648355199883,-4.03616722473974,5.43314973342713e-05,0.0003565479596647
BSU_34440,pbpE,2198.45149018796,-0.639472218707542,0.117608592738695,-5.43729164524853,5.40965516522732e-08,6.08549555307821e-07
BSU_34450,sacB,8.84879320833562,0.157225945963252,1.30685112923516,0.120308994992619,0.904238378896461,0.954718934924837
BSU_34460,levB,8.11875705041583,0.403755154619869,1.1108225128423,0.363474047340621,0.716250796401831,0.838926934498872
BSU_34470,aspP,3.93382412065665,-3.75850172863145,1.73240250056657,-2.1695314613101,0.0300423584812689,0.0883811694229249
BSU_34480,yvdT,1873.2959430887,-0.306816053612415,0.116185258543655,-2.64074855500824,0.0082723088651424,0.0304688146399347
BSU_34490,psmA,200.927292054319,-0.449192215722896,0.250932507420787,-1.79009176746339,0.0734391600516326,0.177087095233197
BSU_34500,psmB,209.372524371533,-0.361621506863176,0.214205087248449,-1.6882022341689,0.0913724145051878,0.209898667742687
BSU_34510,yvdQ,13.5219743729919,-0.617674690280491,0.855473078313748,-0.722027035027228,0.470277856136249,0.658833405609709
BSU_34520,cotNP,77.5564963914426,0.195262329099485,0.313501851709709,0.622842665951112,0.53338791764582,0.706249839281595
BSU_34530,cotR,31.5130502668008,-1.03690333543335,0.802815391846543,-1.2915837762507,0.196501325451468,0.364304154510515
BSU_tRNA_81,trnQ-Arg,4.43028692516461,0.616463000006733,1.3626432535995,0.452402342563479,0.65097915967997,0.795236754511935
BSU_34540,clpP,1747.49299409294,-0.0197624812517745,0.10881637121392,-0.181613125224732,0.855886347713941,0.927721593011945
BSU_34550,mdxM,637.416142434285,0.917052412985872,0.24247161020006,3.78210221076696,0.0001555094797042,0.0009104652330779
BSU_34560,mdxL,1372.45900044331,0.649868249648309,0.401012562525623,1.62056830727537,0.105110253786649,0.232895520744032
BSU_34570,mdxK,1602.62268699375,0.738342325811694,0.207925955148665,3.55098681780149,0.0003837896389017,0.0020636150143539
BSU_34580,mdxJ,488.199862913745,0.850778963826367,0.245210645922309,3.4695841227706,0.0005212648017316,0.002708097862313
BSU_34590,mdxG,232.707564535837,0.566627554707978,0.28731393454703,1.97215479855269,0.0485919379260444,0.128311154154587
BSU_34600,mdxF,517.750182981501,0.500394942399599,0.263458060444134,1.89933434397885,0.0575205300142586,0.145678901823787
BSU_34610,mdxE,788.275289398935,0.658557198598314,0.241946670168285,2.72191056872268,0.0064905704578332,0.0246724889839431
BSU_34620,mdxD,1159.7151430755,0.293178151086058,0.412356846132045,0.710981650568197,0.477095606656784,0.662127670756372
BSU_34630,mdxR,229.408680004667,-1.19383033367318,0.211637054107798,-5.64093248559915,1.69131675790555e-08,2.01742984542125e-07
BSU_34640,yvdD,485.721830306768,0.597877320217078,0.168448225099508,3.54932395318438,0.0003862216181243,0.0020713254997856
BSU_34650,yvdC,135.970501157899,0.390681875986617,0.256025085166289,1.52595155171169,0.127021930652248,0.268056956856879
BSU_34660,yvdB,637.276979567833,0.272571354540613,0.146372189707297,1.862179933809,0.0625777318792765,0.15582493403172
BSU_34670,yvdA,336.81803865668,0.0906938275546591,0.189861836368689,0.47768329480677,0.632875635937218,0.780458141211276
BSU_34680,yvcT,1344.07870163711,0.0468822618275742,0.113476940803159,0.41314351176331,0.679501471769409,0.81426403271213
BSU_34690,psdB,385.903380571522,0.202418052230884,0.189537514566875,1.06795772168609,0.28553958326598,0.472597611697401
BSU_34700,psdA,175.384566795289,0.459242001457589,0.216609060356153,2.12014216165517,0.0339940582946184,0.0969823614989422
BSU_34710,psdS,245.364744715283,0.375727170959945,0.185136988385923,2.02945491463182,0.0424119766784436,0.115389167274748
BSU_34720,psdR,139.007504804822,0.0565592791561673,0.261228688514387,0.216512510466676,0.828588274481757,0.910153460538177
BSU_34729,yvzJ,8.40059905435357,-0.337039040461955,0.913573731321553,-0.368923742995985,0.71218456540873,0.835815134580616
BSU_34730,yvcN,1353.5995840786,-0.19046908421943,0.117146083573546,-1.6259108150197,0.103968629098308,0.230911599458041
BSU_34740,crh,679.787562485847,-0.289229755600512,0.140039252387339,-2.06534775550302,0.0388901080548823,0.10769368814931
BSU_34750,whiA,1694.99976769589,-0.0152044812666819,0.117898539691019,-0.128962422321165,0.897387383115197,0.9502691396202
BSU_34760,mgfK,1465.44651462198,-0.236019477701743,0.134538238403531,-1.75429290960263,0.0793803300934755,0.187646782584292
BSU_34770,yvcJ,820.793487150456,-0.192193606736555,0.135220740265429,-1.42133230715415,0.155220175575881,0.31036558228106
BSU_34780,yvcI,499.674261510677,-0.185185769409666,0.145132244208822,-1.27597950696065,0.201962763424354,0.371114400608453
BSU_34790,trxB,368.685126415545,-0.163814275280327,0.16288179484398,-1.00572489047803,0.314547926464415,0.505884712419134
BSU_34800,cwlO,1167.87516154481,1.84518219368819,0.190494338047732,9.68628365860321,3.44848900144359e-22,1.3013343495447601e-20
BSU_34810,yvcD,651.671778424248,-0.0589002844453049,0.145349171881469,-0.405233023916624,0.685306232589319,0.818310096668672
BSU_34820,bmrA,639.815134656055,-0.490592399728531,0.138190009810877,-3.55012927779614,0.0003850420187364,0.002067670659476
BSU_34830,yvzA,179.640539063093,-0.512014197561382,0.2682279400319,-1.90887719415244,0.0562779356524133,0.143406820683344
BSU_34840,yvcB,866.587339810152,-0.340218075306509,0.149909854893275,-2.26948438812592,0.023238885550489,0.0716676180684099
BSU_34850,yvcA,254.326860068266,-0.45656375509639,0.219848934866933,-2.07671579292723,0.0378277981038003,0.10553957528918
BSU_34860,hisIE,636.081491756227,-3.82298572681047,0.606571630651494,-6.30261214607804,2.92670628727867e-10,4.247817412060751e-09
BSU_34870,hisF,592.274714717847,-3.64264974175576,0.197822209937451,-18.4137551739389,1.01905429001099e-75,3.25391873679663e-73
BSU_34880,hisA,639.081319410939,-3.64773739382051,0.196839232920213,-18.531556639926,1.1491401000016601e-76,3.9750671292557304e-74
BSU_34890,hisH,448.512341327719,-3.29275297323739,0.529052980474159,-6.22386243866596,4.8506241531743e-10,6.80234488507653e-09
BSU_34900,hisB,518.581812472365,-3.65649659630229,0.5818041251412,-6.28475536404092,3.2837036069199503e-10,4.73286585844608e-09
BSU_34910,hisD,770.511695238626,-3.5399048935857,0.229992949517261,-15.3913626527061,1.87051218339705e-53,2.42640502290036e-51
BSU_34920,hisG,287.770513280691,-3.38959471457146,0.622812398421501,-5.44240083075142,5.25672262027926e-08,5.92952597738565e-07
BSU_34930,hisZ,334.140572097735,-3.71778836837617,0.26083178582874,-14.2535862972515,4.2583861306244e-46,4.65172653374261e-44
BSU_34940,yvpB,171.603617797348,0.0328879849271083,0.23327304500328,0.140984934314403,0.887881844133818,0.943958007660972
BSU_34950,pelC,450.325295948137,-0.144375212153873,0.150209084223222,-0.961161656104105,0.336470892571075,0.528448987916206
BSU_34960,hprF,533.565884262373,0.359145114401372,0.147312363630518,2.43798351713482,0.0147694474366758,0.0492038333143187
BSU_34970,ppaX,495.797522524978,0.268145879877574,0.168689905886071,1.5895786915589,0.111929803318476,0.243895335209971
BSU_34980,yvoD,557.564900427753,0.189025745034085,0.141480356415552,1.33605646623397,0.181530817743055,0.346134324506854
BSU_34990,lgt,634.242785252832,0.452054703133213,0.135672104457265,3.3319649970905,0.0008623510178074,0.0042162768844742
BSU_35000,hprK,600.233699611624,0.724999797056544,0.147417360331925,4.91800826866072,8.7429220358564e-07,8.08282168615589e-06
BSU_35010,nagA,292.704165096893,0.257978853691467,0.20730110386996,1.24446444748937,0.213328676317933,0.385682637367483
BSU_35020,nagBA,232.347632475954,-0.030459073424848,0.19444427362464,-0.156646800942294,0.875523216011005,0.937261190631539
BSU_35030,nagR,218.353022839448,0.375574106630679,0.223834646632265,1.6779087253981,0.093364918914021,0.212826896437178
BSU_35040,yvnB,65.4010501001987,0.0475394704940988,0.349968500789151,0.135839283783829,0.891948334908278,0.946855334175148
BSU_35050,yvnA,842.560449727745,0.533557820700803,0.125131579234279,4.26397416196471,2.00822676853441e-05,0.000144473991615
BSU_35060,cypX,149.947631997399,0.160481051743961,0.248035796781078,0.647007624813143,0.517627008688808,0.693458346381155
BSU_35070,pchC,97.6694198266511,0.463996913969042,0.338334612862898,1.37141426365698,0.170245853521416,0.331935433521559
BSU_35080,pchR,24.2979936822793,0.224076216335287,0.544215100098559,0.411742004760078,0.680528533619915,0.814789138464455
BSU_35090,pchE,61.8938838577273,-0.0308480751642194,0.413342098457253,-0.0746308572955815,0.940508422006899,0.970793098605273
BSU_35100,yvlD,547.499570527007,-0.21747027603702,0.137741224389702,-1.57883216880478,0.114374557862727,0.24837836826828
BSU_35110,yvlC,112.105897019582,-0.44322985873209,0.30504426091934,-1.45300179520273,0.146223255568355,0.297554148199866
BSU_35120,yvlB,1867.97556564303,-0.381025609146158,0.110313009497959,-3.45404056040377,0.0005522543101878,0.0028406538309663
BSU_35130,yvlA,357.859136050605,-0.103387194632061,0.166618374718818,-0.620502959571745,0.534926706128021,0.706934338471002
BSU_35140,yvkN,21.240046074418,-0.982922341319067,0.705110385594705,-1.3939978213341,0.16331826254971,0.321912068234719
BSU_35160,uvrA,1584.97021390998,0.0876360740158667,0.105759289400741,0.828637129773047,0.40730977118487,0.599341673232327
BSU_35170,uvrB,585.349587610882,0.217623875363805,0.138187936909266,1.57483989001657,0.115293406288029,0.249832143879561
BSU_35180,csbA,86.4559891472311,-0.40749979892164,0.32099075632364,-1.26950633591073,0.204260532216953,0.374342370522107
BSU_35190,yvkC,45.4401988768467,0.374684499206554,0.429935871304692,0.871489271340699,0.383487061332504,0.578477325990286
BSU_35200,yvkB,23.444814714434,-0.0704823925289854,0.566181164926648,-0.124487349447799,0.900929416143655,0.952619496322296
BSU_35210,yvkA,28.9838161479155,-0.139505919800773,0.551631801797528,-0.252896804256361,0.800347959055608,0.891399081845943
BSU_35220,minJ,893.287026477755,0.156143945063021,0.118408252623234,1.31869140540279,0.187272301244759,0.354476663231644
BSU_35240,ctpB,51.4699420361311,-2.3198115213888,0.413324438735939,-5.61256800706833,1.99345824027674e-08,2.357505742276e-07
BSU_35250,ftsX,199.744995098574,0.850973866086898,0.255347666957156,3.33260873783382,0.0008603584243984,0.0042121982688341
BSU_35260,ftsE,175.776327537778,0.739593617404045,0.272526604430596,2.71384006324563,0.0066508267339547,0.0251664373497229
BSU_35270,cccB,299.605665611244,0.337498164955473,0.174791459280993,1.93086187588213,0.0535001359356698,0.137595454937401
BSU_35280,yvjA,38.3030255920384,1.3332637149353,0.446735926880798,2.98445599449415,0.0028408306091117,0.0120344167663772
BSU_35290,prfB,2020.99195146586,0.0076977910593764,0.117513656757459,0.0655055018436219,0.947771525908884,0.974682527027854
BSU_35300,secA,7414.57706964109,-0.141301822360818,0.0877734981143644,-1.60984608562267,0.107431461435299,0.237080274544353
BSU_35310,hpf,15936.775239838,-0.402772237882818,0.0997193735668593,-4.03905704053355,5.36665143691156e-05,0.0003541648666871
BSU_35319,yvzG,454.026754648508,1.03768307911253,0.150088466103495,6.91380960877423,4.71808308471677e-12,8.16031786860804e-11
BSU_35320,fliT,674.799645836422,0.508470360850916,0.150683455182202,3.37442727362529,0.0007396945824127,0.003699364110356
BSU_35330,fliS,767.489034665088,0.530318278770948,0.124132667389979,4.27218950435411,1.93562968936286e-05,0.000139979073877
BSU_35340,fliD,2986.62632906058,0.663343146504718,0.105623665767866,6.28025113200084,3.38026567310954e-10,4.85518436300266e-09
BSU_35350,yvyC,346.030634682887,0.8288661560099,0.175540403467097,4.72179703156065,2.33769911800522e-06,2.02162271642493e-05
BSU_35360,hag,82022.0061077712,0.404554458516887,0.101356133934184,3.99141564317741,6.56800513851114e-05,0.0004200892038514
BSU_35370,csrA,87.4785293000945,0.639468987728355,0.301968295917672,2.11766929301313,0.0342030851932205,0.0975116803825948
BSU_35380,fliW,119.610257815017,0.484243181535664,0.254886280680871,1.89984011788362,0.0574541044097567,0.145599503910196
BSU_35390,yviE,228.534365797106,0.55182021236608,0.2120802927941,2.60194007229997,0.0092698048965856,0.033524707656978
BSU_35400,flgL,3515.70683173795,0.354238529047285,0.111655252886293,3.17260961656711,0.0015107551575623,0.0069834573040549
BSU_35410,flgK,4381.51454870834,0.329310382749755,0.0895283289793005,3.67828134964849,0.0002348108628172,0.0013261223014343
BSU_35420,flgN,1122.14864612909,0.254085634123247,0.132473948901736,1.91800453017158,0.0551104367303297,0.140950969111274
BSU_35430,flgM,956.200333582185,0.142781425608389,0.168212601948089,0.848815272784685,0.395984090370215,0.589996395953612
BSU_35440,yvyF,1144.98705547198,0.360278319508602,0.120964922109597,2.97837020208372,0.0028978573907361,0.0122370356347362
BSU_35450,comFC,413.210154265475,-0.17910434398405,0.15187900581155,-1.1792567578845,0.238295951439586,0.415790876177268
BSU_35460,comFB,45.2202084863501,-0.110555157356519,0.42645544573726,-0.259241987554856,0.795448536749562,0.888086841325291
BSU_35470,comFA,153.900353905257,0.0810843571256219,0.357038601062668,0.227102495036355,0.820344043977812,0.905892026217583
BSU_35480,fakBA,286.572778897099,-0.276850501969042,0.184607303461401,-1.49967253070747,0.133699249443906,0.278467428219596
BSU_35490,degU,2772.09131602216,-0.0575640133718079,0.096964326983664,-0.593661763686618,0.55273836191248,0.719420013609612
BSU_35500,degS,2861.44084380058,-0.241506674003375,0.102874064259416,-2.34759534137166,0.0188950366992318,0.0601943955015435
BSU_35510,yvyE,471.886229422771,-0.415645729119677,0.156580510442758,-2.65451765321475,0.0079421883797807,0.0295147931642522
BSU_35520,tagV,974.369769273149,-0.224853968278553,0.131501311912539,-1.70989904973802,0.0872845422068453,0.20237361814085
BSU_35530,tagO,3603.37497840401,-0.241744238634128,0.0962694445121284,-2.51112115437284,0.0120348385235403,0.0413131996879672
BSU_35540,tuaH,49.780085434336,-0.518150291987476,0.413180413639237,-1.25405337446584,0.209822605887891,0.381003340787679
BSU_35550,tuaG,30.9287260633707,-1.21345500922472,0.511076147836129,-2.37431352326347,0.0175816145231556,0.0567004725572617
BSU_35560,tuaF,43.1848746105257,-1.4015606318226,0.55314180948961,-2.53381792476658,0.0112827339443913,0.0392578613605768
BSU_35570,tuaE,35.4760549738884,-0.0462281610854535,0.496543453991216,-0.0930999305576813,0.925824172604619,0.963796690961643
BSU_35580,tuaD,40.8992551147458,-1.5440182891078,0.492149673809776,-3.13729414296959,0.0017051496717865,0.007739163400242
BSU_35590,tuaC,20.2232632265333,-0.404938853829755,0.614580008385226,-0.658887123409219,0.50996825516757,0.688191881404611
BSU_35600,tuaB,40.3111250046931,-1.3175713450045,0.499838279844491,-2.63599527714128,0.0083890899148493,0.0307896659916353
BSU_35620,lytC,1497.7956481818,1.32191111122522,0.155347795676245,8.5093651021619,1.74888331174331e-17,4.653599119901589e-16
BSU_35630,lytB,1493.89916279134,1.15309306978523,0.154079137265507,7.48377158809135,7.22194302250327e-14,1.4412637253082199e-12
BSU_35640,lytA,302.156848148064,0.786898005748337,0.17721791865434,4.44028466039693,8.98399621703404e-06,6.9369637325756e-05
BSU_35650,tagU,1308.22315366973,-0.596226628610232,0.127295347455207,-4.68380534347521,2.81597447615734e-06,2.38614502469996e-05
BSU_35660,mnaA,407.632872651678,-0.084921914575254,0.192703703040967,-0.440686469617039,0.659439993251735,0.801093184661385
BSU_35670,gtaB,1307.01600944576,-0.0772475680427979,0.118665553328981,-0.650968759473456,0.515066653622176,0.692595296140477
BSU_35678,BSU_35678,1.44546778487507,0.871918363716574,2.75476169340494,0.316513172737953,0.751613028321607,
BSU_35680,ggaB,607.39329273881,0.991118541477293,0.155536936278773,6.37223906545827,1.8628819655256e-10,2.78159102118589e-09
BSU_35700,tagH,739.755626391305,0.387969725769835,0.136415571577705,2.84402815076605,0.0044547111931734,0.0177974072789826
BSU_35710,tagG,266.879619781883,0.0862919970684944,0.221412241229557,0.389734535856254,0.696732855973756,0.824205780891154
BSU_35720,tagF,1979.99412169744,0.347914663903539,0.111776826581747,3.11258312248733,0.0018545777974596,0.0083315502567693
BSU_35730,tagE,2064.75990580408,0.18772628363037,0.112414591938816,1.66994587083984,0.0949300735952499,0.215330456554034
BSU_35740,tagD,3334.14535363668,0.0490851539968478,0.113611313462638,0.432044595743449,0.665709001273563,0.805299247719104
BSU_35750,tagA,2512.64961962579,-0.145183239405692,0.0992514031171219,-1.46278274005223,0.14352683739117,0.294067078978651
BSU_35760,tagB,968.449918302495,0.0321254519377682,0.139958904431048,0.229534891462337,0.818453204959186,0.905007792697278
BSU_35770,tagC,92.2388546198986,0.504002369739356,0.391990242983095,1.28575233379238,0.198529510432605,0.36708062263062
BSU_35780,lytD,2365.98605039152,0.0076585214562427,0.107844564751979,0.0710144407727526,0.94338626243333,0.972435156533587
BSU_35790,pmiA,862.130206407046,-0.248559894255395,0.124530302466392,-1.99597920612516,0.0459361862237229,0.122562833585256
BSU_35800,gerBA,4.97059142650301,-2.03913193061895,1.31259966307693,-1.55350636449115,0.120302209952411,0.257675166931092
BSU_35810,gerBB,18.3116588582251,-0.855267565380382,0.661007505720454,-1.29388480157755,0.19570521501029,0.363315003357654
BSU_35820,gerBC,58.5400565041958,-0.345896119427605,0.354963417313471,-0.97445568347721,0.329830332985521,0.520976298410539
BSU_35830,ywtG,33.8926968580743,-0.390916370845626,0.546469115823579,-0.715349430601359,0.474393151732638,0.661562369077462
BSU_35840,tagT,988.761616924665,-0.151513851472572,0.117466468283213,-1.28984767897568,0.197103549839759,0.364965020336471
BSU_35850,ribZB,257.474245187753,-0.0344720689037732,0.18803131465785,-0.183331531593554,0.854537895017041,0.926884453152793
BSU_35860,pgdS,1569.71413425605,0.493538648679286,0.125881492295405,3.92066093021127,8.83064406735744e-05,0.0005454762429107
BSU_35870,edmS,10.4620452066408,-0.258619779337336,1.25014609574448,-0.206871645016277,0.836110101491425,0.91644645312179
BSU_35880,capA,45.9654227753416,0.20058478579463,0.396073712975801,0.506432967458472,0.612552736005563,0.762168157765308
BSU_35890,capC,12.5240064142842,1.45522507638457,0.924409882939351,1.57422059547587,0.11543645953551,0.249961785879969
BSU_35900,capB,37.4579354411522,0.0218060251274381,0.459100882705,0.0474972406913227,0.962116929464865,0.980301270056125
BSU_35910,rbsR,8608.01399074585,-0.22091160224056,0.0889968081432219,-2.48224185619161,0.0130558627222261,0.0442407233958861
BSU_35920,rbsK,7772.08621838003,-0.175534956162261,0.0924324898529337,-1.89906121150202,0.0575564282983176,0.145680935284339
BSU_35930,rbsD,4002.39796077213,-0.344587198152264,0.100490871746435,-3.42903979399988,0.0006057207093947,0.0030888779664591
BSU_35940,rbsA,25510.9632475029,-0.447052121223428,0.0872538138646609,-5.12358258536239,2.99784250370924e-07,2.98418326927987e-06
BSU_35950,rbsC,13485.1963401649,-0.495158879932153,0.102826643077634,-4.81547257706653,1.46851931087429e-06,1.31659258303222e-05
BSU_35960,rbsB,21388.7232463514,-0.454625983917343,0.091628491099258,-4.96162250914798,6.99067564799578e-07,6.56522502597975e-06
BSU_35970,ywsB,26756.7545740576,-0.374487362831311,0.0978622964844901,-3.82667662914146,0.0001298849607619,0.0007735329585694
BSU_35980,ywsA,5.33987278410053,0.322333488223423,1.54372907104709,0.208801851483427,0.834602925919902,0.91554882280484
BSU_35990,ywrO,285.300249242216,0.20591843634744,0.174606561204783,1.17932817029672,0.238267525133578,0.415790876177268
BSU_36000,alsD,54.6731909716886,1.28649793103815,0.43795836806079,2.93748909681657,0.0033088180666203,0.013649849135477
BSU_36010,alsS,31.8122429796051,-0.0442727724458032,0.607367465951992,-0.072892894215876,0.941891348496851,0.971135367016996
BSU_36020,alsR,104.68508225748,0.51266844672819,0.268360077642205,1.91037523625892,0.0560849169619335,0.143002758175053
BSU_36030,ywrK,10.7027676240906,0.749566304474698,1.17514962069869,0.637847548322433,0.523572924236738,0.697705042859293
BSU_36040,ywrJ,9.32679385235325,3.15655488215402,1.20831825027027,2.61235389058138,0.0089921119386789,0.0327136342308995
BSU_36050,cotB,29.9970779312769,-0.357152108827622,0.497750996880889,-0.717531679626325,0.473046096333867,0.660482457410657
BSU_36060,cotH,9.40192350819701,-1.31477780818595,0.850424413470466,-1.54602547546879,0.122098415392366,0.260694773532054
BSU_36070,cotG,0.0,,,,,
BSU_36079,BSU_36079,0.0,,,,,
BSU_36080,ywrF,63.3856334985011,-0.191039712428814,0.379484141173898,-0.503419488988001,0.614669372283022,0.763919929445157
BSU_36090,ywrE,10.3968246792628,0.0930993465467225,0.870364657017147,0.106965908824683,0.914816025361226,0.958939727594557
BSU_36100,hpxW,9.26056232292327,-1.24424169613263,1.12042030126417,-1.11051334461608,0.266777880932274,0.450893723025191
BSU_36110,chrS,66.4649591424152,0.302327712159307,0.412303119905038,0.733265642590674,0.463396425797538,0.651687910734429
BSU_36120,chrB,55.7245563918289,0.262718387537392,0.394676906839475,0.665654318721632,0.505632078353471,0.684254439982673
BSU_36130,chrA,40.5040824272318,0.379664326805584,0.460686817593774,0.824126743605601,0.409867545828171,0.602251392117783
BSU_36140,ywqO,11.3071426227868,0.253379133385565,0.896000817927598,0.282788953219504,0.777338622897245,0.877116401118466
BSU_36150,ywqN,23.8090190974955,-0.760606798805385,0.664354154753751,-1.14488152646131,0.252258237473219,0.433232910116396
BSU_36160,ywqM,32.7716872411552,0.977252372177212,0.506721141191399,1.92858022438042,0.0537829960203951,0.138237285746539
BSU_36170,nfi,1007.85279269642,-0.815032392396014,0.172777165744854,-4.71724599070922,2.39058581765682e-06,2.06306065053918e-05
BSU_36180,rttO,485.511035055743,-0.605316533674264,0.19991688531013,-3.02784095868261,0.0024630767940027,0.0106724757535545
BSU_36190,rttN,2652.84278875846,-0.955770567265471,0.132921779545698,-7.19047375480614,6.456688817819199e-13,1.21274729786278e-11
BSU_36200,ywqI,576.600887725882,-0.938866650558031,0.161207697942791,-5.82395668779546,5.7470476110603705e-09,7.09999840283084e-08
BSU_36210,ywqH,780.984082323922,-1.06273496282969,0.165710095732796,-6.41321796436186,1.42479580581424e-10,2.1506645054308802e-09
BSU_36215,BSU_36215,54.5471056978872,1.08874163872823,0.368850576025629,2.95171462238026,0.0031601484548545,0.0131572479800412
BSU_36220,ywqG,221.188349176871,0.499451718016226,0.212842592062066,2.34657787793988,0.0189467062703894,0.060303739756543
BSU_36230,uglF,157.325197620192,-0.256601665029863,0.232176530432273,-1.10520070461952,0.269072631625975,0.453111762222889
BSU_36240,ptpZ,26.8700989585253,-0.0336268337536376,0.5357556513937,-0.0627652431965238,0.949953443186572,0.975118427011605
BSU_36250,ptkA,170.795773607157,-0.224942962550555,0.216292068128755,-1.03999635537559,0.298341593935838,0.487382782881487
BSU_36260,tkmA,211.719017769681,-0.0255073488123902,0.223254654260813,-0.114252260033924,0.909037825576484,0.955686405174659
BSU_36269,ywzD,145.790821830709,0.0899295375380096,0.273599398853113,0.328690552373216,0.742389596038247,0.855548013641655
BSU_36270,ywqB,115.00681760873,0.154692719999136,0.279949518846738,0.552573623403243,0.580555407597273,0.737614312756016
BSU_36280,hepA,456.957376132624,-0.0606240291832901,0.212762680299542,-0.284937325934883,0.775692158814106,0.876825263095421
BSU_36290,ywpJ,239.082252702292,0.247201544118595,0.201452516874854,1.22709583356638,0.219786573655304,0.393417019078555
BSU_36300,glcR,168.9677128267,0.091846825021852,0.239117409419516,0.384107645046927,0.700898665396703,0.827483037560215
BSU_36310,ssbB,717.608928802525,0.303898346179259,0.173977677747646,1.7467663099864,0.0806778827577746,0.189741581488681
BSU_36320,ywpG,22.627474993446,0.219125014253349,0.584732872527674,0.374743792504976,0.707851019930517,0.833811404462674
BSU_36330,ywpF,1470.13267318377,-0.191459196421143,0.134499915828657,-1.42348934006062,0.154594350142306,0.309710978494551
BSU_36340,ywpE,3.62552847232867,0.981196730929818,1.43433749333568,0.684076610622479,0.493926790455201,
BSU_36350,ywpD,31.1708404519499,-0.129465397809662,0.480532871089336,-0.269420482133039,0.787606126230812,0.884749048596261
BSU_36360,mscL,44.4161939206151,0.641379983624935,0.488144664772172,1.31391374301772,0.188875233316202,0.356311597768087
BSU_36370,fabZ,60.3170595379187,0.532968652070405,0.401167617625996,1.32854355300254,0.183998605529862,0.349395339228938
BSU_36380,rapD,178.311444776211,-0.120622610190996,0.263993040110201,-0.456915872254223,0.647731515044805,0.791916286046583
BSU_36390,flhP,2000.40648027493,0.467587956986075,0.102200196959597,4.57521581069877,4.75729337265638e-06,3.82703968796447e-05
BSU_36400,flhO,2434.41546495423,0.220676207232796,0.140675137431924,1.56869373836288,0.116719318334051,0.251951061052858
BSU_36410,mbl,1538.93425167392,-0.0962758288242326,0.154359454179646,-0.623711902428634,0.532816804950002,0.705763485402303
BSU_36420,spoIIID,270.003249459944,-4.59555472192782,0.271412656001993,-16.9319839009058,2.61418571688028e-64,5.4257424553850094e-62
BSU_36430,usd,0.941310347964141,-2.12415512246363,3.12859894337046,-0.67894772098058,0.497170987371097,
BSU_36440,ywoH,195.030009633535,-0.069400543004108,0.239395055310509,-0.289899651077135,0.771893008569467,0.874250444357942
BSU_36450,ywoG,424.99249565342,0.202210801271574,0.153545797064451,1.31694129788975,0.187858302114681,0.355110183078896
BSU_36460,ywoF,1268.59942490586,-0.115643153676835,0.115698243001983,-0.99952385339899,0.317540989797494,0.508923802567335
BSU_36470,pucI,3.04545072567169,-0.52187068792632,2.1554072354536,-0.242121618292004,0.808685927508461,
BSU_36480,ywoD,21.4158947739817,0.390262150959901,0.913203775000806,0.427354947103188,0.66912081698496,0.807418753286212
BSU_36490,ywoC,11.3396945855342,-1.12663040366409,0.906559232115881,-1.24275432178278,0.213958379596858,0.386652692079476
BSU_36500,ywoB,3.43458967114259,1.22247438191648,1.77234984476174,0.689747786267796,0.490352809112293,
BSU_36510,amtB,16.7231960191835,1.09853024664881,0.872199105138756,1.25949481050436,0.207851663483554,0.378583701237486
BSU_36520,glnK,328.887049021484,-0.295774033860618,0.176254684593093,-1.67810594392682,0.0933264185868387,0.212826896437178
BSU_36530,bcrC,91.2078384579609,-0.794477422123412,0.290717351745002,-2.73281734769061,0.0062795145048713,0.0241469859908351
BSU_36540,ywnJ,53.9349641772264,-2.33169475497214,0.507685774383349,-4.59279119609818,4.37356609917455e-06,3.53203752483921e-05
BSU_36550,spoIIQ,1710.99501945558,-4.43206915228575,0.180508227602046,-24.5532805410777,3.98977944264537e-133,5.5205248221403e-130
BSU_36560,ywnH,156.777945465568,-0.317017405309063,0.227022536686428,-1.39641380955469,0.162589918940652,0.321599919293799
BSU_36570,ywnG,190.942755222425,-0.450840577455862,0.273540947940862,-1.64816485739945,0.0993188461335384,0.22285001637855
BSU_36575,BSU_36575,1.64142394182955,1.1696088084627,2.17058020902747,0.53884615901236,0.589993010492396,
BSU_36580,ywnF,413.11745120466,-0.212897116499093,0.173380611667433,-1.22791766883057,0.219477876037092,0.393035312820078
BSU_36590,clsA,163.666949175787,0.144192875614728,0.23331428736787,0.618019913145638,0.536562212280188,0.707294297610371
BSU_36600,mta,133.780000332347,-0.223258228902837,0.247288941175666,-0.902823344389839,0.36661965940945,0.562676401675241
BSU_36610,ywnC,33.649064580102,1.07128435072698,0.487831528678314,2.19601294247917,0.0280910170304602,0.0838287646969377
BSU_36620,ywnB,40.0526932999497,0.216968864874981,0.437824654921364,0.495561093776115,0.620204108206434,0.768039156672109
BSU_36630,ywnA,173.454822914711,0.0746653472599482,0.221211263515339,0.3375295908238,0.735717709284874,0.852208011363016
BSU_36640,ureC,3103.68706494488,-0.365678023895275,0.111906279610487,-3.26771674626386,0.0010841881384953,0.005161083673044
BSU_36650,ureB,427.37443675525,-0.540527032381265,0.17767928394765,-3.04214999279557,0.0023489481462816,0.0102528746111618
BSU_36660,ureA,424.349849353278,-0.324901855172574,0.176570298399122,-1.84007082798355,0.065757839482865,0.161802484702651
BSU_36668,ywzE,19.3468941473963,-0.293852278176066,0.630100178706327,-0.466358030209387,0.640959247724454,0.786003496987949
BSU_36670,csbD,44.4979342982796,-1.1656803339209,0.424018234576775,-2.7491278413637,0.00597540756352,0.0231540437799297
BSU_36680,ywmF,1.04283979658352,0.66004171175518,3.02616042385872,0.218111937011438,0.827341896911957,
BSU_36690,rapB,1567.32249018845,-0.130854501857628,0.104926769453936,-1.24710312286012,0.212359688049922,0.38443308551907
BSU_36700,moaA,213.926445389282,0.0241169243967371,0.218521428914844,0.110364116308865,0.912120610280124,0.956839184552134
BSU_36710,fdhD,68.795401352075,0.273667505755149,0.382672541208472,0.715148008505948,0.474517591395711,0.661562369077462
BSU_36720,ywmE,10.2509325292538,-2.47023636705477,0.9826164027732,-2.51393764655578,0.0119391540645616,0.0410600070604764
BSU_36730,ywmD,39.4411363513248,-0.809416592730818,0.555305689754425,-1.45760543726604,0.144949330078878,0.2963963887475
BSU_36739,BSU_36739,0.0,,,,,
BSU_36740,ywmC,2.08484123222267,-1.03238927308058,1.98433271771223,-0.520270246952759,0.602875230251171,
BSU_36750,spoIID,168.911958755629,-2.87313954966913,0.289638948677763,-9.91972786389871,3.41686499139415e-23,1.39053005679188e-21
BSU_36760,murAA,2672.79373275005,0.143083953759476,0.108951989720767,1.31327527038456,0.189090208416548,0.35645479343192
BSU_36770,ywmB,922.168483340153,0.163664692494065,0.119547715601817,1.36903237063258,0.170989156489087,0.332447769829602
BSU_36780,ywzB,178.403346487193,-0.07560632926197,0.236090975141681,-0.320242352409268,0.748784619756492,0.859094791765948
BSU_36790,ywmA,38.3678753396567,0.152324504073312,0.479908380854872,0.317403300609115,0.750937603077603,0.861088947617439
BSU_36800,atpC,6702.33869914825,0.725994491607469,0.0994823668891671,7.29772033285353,2.92684196984679e-13,5.67725281160468e-12
BSU_36810,atpD,13517.2147262136,0.695878680530919,0.0982297825278884,7.08419241723713,1.39857471679694e-12,2.4916238838730002e-11
BSU_36820,atpG,6978.50290293497,0.834794431505055,0.0948743160891632,8.79895071623507,1.3810131374956399e-18,3.9535072646513e-17
BSU_36830,atpA,11751.4365393286,0.785934568480414,0.0899925323221326,8.73333095758572,2.4728017544999002e-18,6.98272114484973e-17
BSU_36840,atpH,3150.07359547141,0.815996793609009,0.101541178818925,8.03611700297623,9.27302020301369e-16,2.17470660241298e-14
BSU_36850,atpF,4239.60064336042,0.814564553139141,0.096090906050525,8.47702021574069,2.31034814958043e-17,6.06978175247364e-16
BSU_36860,atpE,1444.26845599896,0.599803114542968,0.131171019084303,4.57268014482281,4.81524917931983e-06,3.85870643694143e-05
BSU_36870,atpB,5714.06915739289,0.800156198329791,0.103959930563381,7.69677503624304,1.39543254371362e-14,3.03269135547394e-13
BSU_36880,atpI,2706.96899918952,0.313710663475109,0.0959588924458669,3.26921930296436,0.0010784468058739,0.0051396471770182
BSU_36890,upp,416.08251110699,0.392403099784772,0.154740846867133,2.53587276875708,0.0112167478292741,0.0391349814752105
BSU_36900,glyA,1641.55553162215,0.0337648947199767,0.125653911912069,0.268713438413321,0.788150209669926,0.884749048596261
BSU_36910,ywlG,1035.56299999704,-0.198873355118897,0.115338567263114,-1.72425720067444,0.0846614219953384,0.197654422217463
BSU_36920,rpiB,818.81156018591,-0.194405582744358,0.13945300898221,-1.39405799963168,0.163300090884544,0.321912068234719
BSU_36930,prpB,258.668523235772,0.178625190053969,0.188799347868877,0.946111266115317,0.344091838092589,0.536899943235845
BSU_36940,mntP,26.4298740830187,-0.357004803213831,0.514141445433893,-0.694370793065609,0.487449705230814,0.668893793855574
BSU_36950,tsaC,204.734330276748,-0.0370672530694583,0.223944861186235,-0.165519551880375,0.868535061903486,0.933529011383059
BSU_36960,ywlB,117.992606329378,-4.68814171679516,1.11229800609388,-4.21482524567203,2.49971671485592e-05,0.0001776767822494
BSU_36970,spoIIR,25.3864997556546,-1.40949127498353,0.580477744181655,-2.4281573051015,0.0151757594697251,0.0501996622210839
BSU_36980,ywlA,41.2110991858863,0.417067182882884,0.50670616125444,0.82309475347677,0.410454112114241,0.602899865317132
BSU_36990,ywkF,47.1234532495787,1.38207692093003,0.444505354394584,3.10924695791892,0.0018756487107268,0.0084080105812389
BSU_37000,prmC,115.71913844258,0.711229515773086,0.274738194627344,2.58875369235719,0.0096323965344207,0.0345285647792579
BSU_37010,prfA,1419.08633502569,0.234374798858472,0.118373013675974,1.97996816656229,0.0477071058008443,0.126376640829167
BSU_37020,ywkD,16.6586403899495,0.757449240635928,0.788729724072816,0.960340681373889,0.336883781892748,0.528557596906159
BSU_37030,racA,6608.42474809666,-2.63855919978008,0.145286125847249,-18.1611229867483,1.04857689074642e-73,2.72040167093024e-71
BSU_37040,ywkB,23.4488480932987,-0.0758727161622801,0.614399006414094,-0.12349094866723,0.901718341348432,0.953153255649947
BSU_37050,maeA,20.8690770123013,0.105917150649646,0.591272253922966,0.179134315785848,0.857832237683048,0.927987915574779
BSU_37060,tdk,94.9264115383909,0.718691081992845,0.304426788327802,2.36080105151249,0.0182355105117325,0.0584522039646346
BSU_37070,rpmEA,5556.97112145938,0.31105720305156,0.114223904673949,2.72322333875268,0.0064648337470072,0.0246327089026787
BSU_37080,rho,759.002169984276,0.526521738537016,0.135097191812864,3.89735516683686,9.72489461711324e-05,0.0005953987840064
BSU_37089,BSU_37089,66.3253817684844,0.123037961674895,0.35731784114997,0.344337582693653,0.730592423520317,0.850650845504147
BSU_37090,glpX,2528.4408333148,-0.150546547625202,0.101140251835669,-1.48849290853861,0.136620950937776,0.283717333844264
BSU_37100,murAB,2668.92263078269,-0.0246612189814957,0.0973693739236754,-0.25327490552447,0.800055786526294,0.891312820684554
BSU_37110,tal,5467.07276285005,-0.284094913661958,0.1024875500746,-2.77199438814926,0.0055713997047992,0.021776723328269
BSU_37120,fbaA,7325.72689199824,-0.340686273375934,0.0901183510120433,-3.78043172727833,0.0001565566469169,0.0009153051286653
BSU_37130,spo0F,1328.61538994972,-1.32303733862218,0.141752412903682,-9.33343786903408,1.0249139856529801e-20,3.4309822213270204e-19
BSU_37140,ywjG,48.8656528351509,0.614066443697624,0.435801177597292,1.40905182285914,0.158819845010943,0.316192410858717
BSU_37150,pyrG,217.047098585561,0.52487046772772,0.206018427289116,2.54768699399468,0.0108439718921086,0.0380180129426883
BSU_37160,rpoE,52.3172286370984,0.306767018971826,0.417321411724349,0.735085740518997,0.462287278059212,0.651687910734429
BSU_37170,acdA,886.788215410756,-1.0310482034896,0.212189732386211,-4.85908621446853,1.17928775628842e-06,1.07351392025291e-05
BSU_37180,fadF,873.769328228685,-0.918137623824562,0.233273565952849,-3.93588369121146,8.28911133229584e-05,0.0005150913344365
BSU_37190,clsB,1.52124126060032,0.691080277208928,2.95192892907077,0.234111421316119,0.814898479367975,
BSU_37200,uvsE,3.79434169429344,-1.60856592937529,1.66946213177423,-0.963523459897696,0.335284896868482,0.527028914390213
BSU_37210,ywjC,18.4106738757095,-1.35156665972901,0.626735542084528,-2.15651829036804,0.031043217140419,0.090276991735067
BSU_37220,ywjB,199.737273447697,-0.408889615167645,0.26018660484292,-1.57152446573681,0.116060876082354,0.25092119615513
BSU_37230,ywjA,276.144238822929,0.187727648990148,0.21410045027236,0.876820430556483,0.380584180252298,0.574907700695887
BSU_37240,clsC,47.8063754349554,-0.908575584660244,0.433435036857868,-2.09622090370646,0.0360625994401998,0.101557564637903
BSU_37250,narI,3.24935157174844,-1.20523972537217,1.52624403392903,-0.789676944564041,0.429716459217822,
BSU_37260,narJ,1.25728086727108,-0.447515202391789,2.77489533404334,-0.161272822402173,0.871878527628191,
BSU_37270,narH,2.74883667770435,-0.155920848285633,2.00038094522909,-0.0779455776448504,0.937871343951431,
BSU_37280,narG,11.0161771972963,-0.378445375811787,0.867295283412527,-0.436351243976246,0.662581907604955,0.803264896060418
BSU_37290,arfM,5.48882129312642,-1.58102004432488,1.58163026888936,-0.999614180016347,0.31749725816392,0.508923802567335
BSU_37300,ywiC,13.0064438793297,-0.748077088631633,0.899655932281633,-0.831514651089358,0.405682955042716,0.597795508122937
BSU_37310,fnr,262.004186939606,0.125256420591621,0.229490048041408,0.545803278445522,0.585201169455616,0.741731314323744
BSU_37320,narK,8.73729431331006,0.316234705022639,1.05889373494246,0.298646308488948,0.765209927897184,0.871197589331106
BSU_37330,argS,1830.3193907794,-0.144886446069999,0.102812197295054,-1.40923401971654,0.158765981433894,0.316192410858717
BSU_37340,ywiB,233.94788512204,-0.198634647173849,0.206089137576895,-0.963828804901162,0.335131762601393,0.527028914390213
BSU_37350,sboA,0.467616880875222,0.337250206422435,3.46854092147239,0.0972311453310671,0.922542834819425,
BSU_37360,sboX,8.65179399272384,0.98477605408621,1.0778366127391,0.913659864999024,0.360895599363572,0.555872962136619
BSU_37370,albA,907.176710020166,0.0129264763400807,0.15868151378194,0.0814617659738505,0.935074730119366,0.968920420550546
BSU_37380,albB,15.7233469502732,-0.826042027390224,0.880390645454648,-0.938267610696434,0.348106900411166,0.541398180444642
BSU_37390,albC,288.135536125835,-0.213361364664489,0.180853694816832,-1.17974567719272,0.238101380942134,0.415790876177268
BSU_37400,albD,155.039276500699,0.351520376225423,0.225053711066232,1.56193992340776,0.118302142244507,0.254309783768488
BSU_37410,albE,284.720075766651,-0.0077523870511344,0.217619018828102,-0.0356236651230289,0.971582438256097,0.98405325240773
BSU_37420,albF,259.248991252957,0.164394297714131,0.248729340083809,0.660936492891185,0.508653041776073,0.687162385981733
BSU_37430,albG,118.878073519388,0.264507808343164,0.25803084215427,1.0251015193952,0.30531528869707,0.496032784102363
BSU_37440,ywhL,53.5036559360934,0.165697862486123,0.380953184360846,0.434955971726885,0.663594385923191,0.804022269692692
BSU_37450,ywhK,50.7169245824796,0.550131725923881,0.503177211280349,1.09331605961258,0.274255054118797,0.459972820059445
BSU_37460,rapF,7982.2064843373,-0.196351562295036,0.114202096247485,-1.7193341343711,0.0855535479422399,0.199288876267249
BSU_37470,phrF,1513.39619205338,-0.175618192716109,0.119545931104437,-1.46904366458684,0.141820946264865,0.291405845270447
BSU_37480,ywhH,1006.34563938317,0.37655825470083,0.136627986050886,2.75608435420094,0.0058497908464905,0.0227151373281406
BSU_37490,speB,89.6874101247666,0.277823689888695,0.310096762717171,0.895925798948402,0.370292394253209,0.565728276976471
BSU_37500,speE,226.651235010766,0.323645767889116,0.192490328947734,1.68136118660276,0.0926927797506336,0.212173680692584
BSU_37510,pbpG,74.895508432736,-2.64798552184577,0.448577762397189,-5.90306908593731,3.5680076899079e-09,4.51548778073405e-08
BSU_37520,ywhD,384.689885096774,0.0652105681314845,0.164520701654625,0.396366946382101,0.691834346490382,0.820344528789564
BSU_37530,ywhC,223.975381495294,-0.0845699162402177,0.207860900490734,-0.406858221245835,0.684112122427662,0.817429309210485
BSU_37540,hmtB,94.6145417338284,0.135876600117203,0.382484736624464,0.355247117352584,0.722404469132206,0.844466615423201
BSU_37550,ywhA,83.0207111196755,-0.168218452687657,0.318869739654789,-0.527545990628561,0.597814487709341,0.749253604613972
BSU_37560,thrZ,27.8598257242287,0.204704166427867,0.674912775279074,0.303304625317283,0.761657721621643,0.868105766735706
BSU_misc_RNA_57,tboTB,55.2185151780074,0.296451120163902,0.426369656972025,0.695291316622359,0.486872754933301,0.668503774059521
BSU_misc_RNA_58,tboTA,77.6258600594759,0.284003206981454,0.349903110962473,0.811662423349857,0.416985361657269,0.60840289498746
BSU_37569,BSU_37569,2197.79689659377,-0.288032208295584,0.110046311151815,-2.61737267956423,0.0088609538054415,0.0323214580372476
BSU_37570,mmr,59.0687276992585,0.931454039196278,0.402720881933093,2.31290226303941,0.020728013380491,0.0649863924036392
BSU_37580,ywgB,16.309200354765,0.471853293838511,0.725645744505709,0.650252960774854,0.515528836369393,0.692992292671421
BSU_37590,ywgA,197.862857175004,-0.0803280138959717,0.220724705779269,-0.363928512725268,0.71591139242205,0.838926934498872
BSU_37600,ywfO,576.806839687986,-0.249975022837891,0.139415474361616,-1.79302207292646,0.0729693947137283,0.176512795720679
BSU_37610,ywzC,71.387958814036,0.307797082902277,0.332342797554251,0.92614338317963,0.354371470880292,0.548469789569013
BSU_37620,psrF,250.271347286609,-4.54862079203019,0.313611350548666,-14.5040056237516,1.14281576309136e-47,1.31773006460895e-45
BSU_37630,ywfM,18.2115695258757,0.644504569596025,0.683283089315934,0.943246773809767,0.345554693836022,0.53803358368842
BSU_37640,lipL,170.766853705155,0.520494109550216,0.233178206864482,2.23217305145808,0.0256035277763942,0.0776635325604407
BSU_37650,cysL,80.0340868129957,-0.179766419723854,0.317908951751194,-0.565465107961306,0.571757450533102,0.732384675776237
BSU_37660,pta,138.559750172693,-0.111898110261786,0.278610596169124,-0.401629054315871,0.687957044030727,0.818893563043367
BSU_37670,hemQ,917.901106602536,-0.0968949159476947,0.146903240823658,-0.659583242714208,0.509521310775877,0.687812345050622
BSU_37680,bacG,669.366905503726,-0.203043168898299,0.162372630706742,-1.25047656131784,0.211125512204282,0.382866754547826
BSU_37690,bacF,334.564484303003,0.758085112873273,0.184361197946293,4.11195588506706,3.92321275190689e-05,0.0002669714120191
BSU_37700,bacE,314.584755240904,0.800546209559548,0.261016036441945,3.06703841063652,0.0021619107459112,0.0095064528668196
BSU_37710,bacD,811.940398424516,0.163291603551366,0.129137078590899,1.26448271350994,0.206056821429249,0.376470891616556
BSU_37720,bacC,750.481754030746,-0.0909288539396139,0.126446031658533,-0.719111962209828,0.47207193742791,0.660010310630937
BSU_37730,bacB,675.132775995271,0.0192431857860813,0.144431256831677,0.133234219574145,0.894008148778514,0.948142009601331
BSU_37740,bacA,624.280822543476,0.314754824021483,0.140094148133997,2.24673784175787,0.0246567863042093,0.075535291475109
BSU_37750,ywfA,27.5288244509567,-0.935624212967096,0.644519969185487,-1.45166055002065,0.146596013605384,0.297856119665173
BSU_37760,rocC,637.185071448881,-0.315658021748385,0.157682001391317,-2.00186463238136,0.045299292374925,0.12148328367583
BSU_37770,rocB,511.741516783322,-0.121617121633343,0.148372317307757,-0.819675286064863,0.412401242370075,0.604931297251195
BSU_37780,rocA,503.272808636573,0.180060695597911,0.201677355771566,0.892815630733777,0.371955914340888,0.567599175039146
BSU_37790,rocG,217.957178465486,0.0189572504198676,0.281874982301848,0.0672541077078173,0.946379410868174,0.974458080862669
BSU_37800,bslB,2959.18274403224,-0.239890156511578,0.0954226868572713,-2.51397402873799,0.0119379224809556,0.0410600070604764
BSU_37810,spsL,31.4623761113331,-1.14569672375007,0.530491820632175,-2.15968782022835,0.0307968447123191,0.089836755025184
BSU_37820,spsK,34.9840267419989,-0.336980049796301,0.447646372271538,-0.75278181767972,0.451581034596967,0.642837062624147
BSU_37830,spsJ,44.7388964222734,-0.859912277905071,0.433601735990355,-1.98318458283156,0.0473468153538377,0.125904311680833
BSU_37840,spsI,16.649614368412,-0.707077427057981,0.670257721422194,-1.05493365381552,0.291455669309726,0.479521396474306
BSU_37850,spsG,15.8305899281561,1.27875215082954,0.964355015580065,1.32601804332439,0.184833720885072,0.350500125808101
BSU_37860,spsF,6.06221740683132,1.16865942625215,1.22443686859549,0.954446453080659,0.339857701815992,0.532358234052144
BSU_37870,spsE,14.8353213068768,0.626047046537226,0.726045503511662,0.86226971107076,0.388539116298131,0.583709458733928
BSU_37880,spsD,10.649812474143,0.17616731816629,0.818122431706895,0.215331240580634,0.829509074407874,0.910467723178975
BSU_37890,spsC,17.6595224495019,1.31032499590262,0.659094267173524,1.98806917487212,0.0468040399735228,0.124691473048421
BSU_37900,spsB,11.1879413403339,0.648575978805486,0.902652025001072,0.718522709573178,0.472435050571331,0.660275190859788
BSU_37910,spsA,2.09221151673732,-1.31461542120478,2.11642491798236,-0.621149094416275,0.534501529627341,
BSU_37920,gerQ,228.737677294647,-5.29530885069563,0.398020320206775,-13.3041168550005,2.1906627496067698e-40,1.89446689033702e-38
BSU_37930,ywdK,139.357169682011,0.525940562852364,0.315288176814814,1.66812649990766,0.0952906176227503,0.21591231100002
BSU_37940,ywdJ,389.83218426393,-0.0233806311263626,0.16013757805643,-0.146003401638332,0.883918703086613,0.941289516806704
BSU_37950,ywdI,115.955093993586,-0.291431193967012,0.274500523761882,-1.06167809799815,0.288381845604362,0.476162705291848
BSU_37960,ywdH,98.4738764598806,0.293803257146883,0.288618563472991,1.01796382606685,0.30869514738368,0.499763477687072
BSU_37970,ung,159.228747614643,0.321335541941788,0.244593060097966,1.31375576156202,0.188928409223696,0.356311597768087
BSU_37980,ywdF,177.729837949315,0.391932988838546,0.269794201281472,1.45271094403414,0.146304027096103,0.297554148199866
BSU_37990,ywdE,84.3584259925351,0.0592341888680363,0.31939718237346,0.185456203551526,0.852871228832986,0.925910596795933
BSU_38000,ywdD,639.807593448058,0.124549227462951,0.165694450020599,0.75168014044808,0.45224343615557,0.64311836364569
BSU_38018,ywzG,1025.38558690527,0.239911423072532,0.191681011479314,1.25161809832386,0.210709056605017,0.382278537573175
BSU_38020,pdxK,511.007652788733,-0.372156198279174,0.145300114129164,-2.56129322753557,0.0104283297226697,0.0368751629467579
BSU_38030,ywdA,156.669779171028,0.344671098686163,0.268496634298987,1.28370733430629,0.199244377213308,0.367910769489519
BSU_38040,sacA,207.424705452369,0.566390400047734,0.291974889509683,1.93985996877636,0.0523967102345516,0.135428856901385
BSU_38050,sacP,115.620081314972,0.288881609065364,0.256569219928319,1.12594024001037,0.260190815182303,0.442281766511769
BSU_38060,nirC,7.96693731216262,1.87592483906121,1.01844948269379,1.84194196269746,0.0654836396803861,0.161360857247008
BSU_38070,sacT,8121.82861510376,-3.1884463428701,0.128540484319596,-24.804997116259,7.91829964953462e-136,1.64344309226091e-132
BSU_38080,ywcI,1934.81153380605,-2.82954358195932,0.123977590636972,-22.8230244467706,2.70903195951093e-115,2.81129791598246e-112
BSU_38090,vpr,14849.3616746042,-1.58813423508531,0.103160047610104,-15.3948575235997,1.7721441395400501e-53,2.37295816878412e-51
BSU_38100,ywcH,102.641841349638,0.793155498687419,0.319026979924278,2.48617060185843,0.012912604727428,0.0438627023106003
BSU_38110,nfrAA,348.156897702504,-0.101789658890036,0.161150470303387,-0.631643573229438,0.52761980724394,0.701052937013119
BSU_38120,rodA,440.820120851668,-0.164810160687468,0.187761063412164,-0.877765377402472,0.380071057090733,0.574816238574844
BSU_38130,ywcE,5072.81188901808,-0.713747748220455,0.089433886312123,-7.98073054467839,1.4546971913050202e-15,3.33615913873323e-14
BSU_38140,qoxD,2712.42893470748,0.476981084371001,0.122278788532241,3.90076717390142,9.58883370118885e-05,0.0005879357266415
BSU_38150,qoxC,2846.20740447949,0.506727837493234,0.137099042729795,3.69607130293339,0.000218961500706,0.0012433778241188
BSU_38160,qoxB,10119.1993047323,0.481975664610417,0.105558777655018,4.56594586748236,4.9724708301689e-06,3.96937046462137e-05
BSU_38170,qoxA,5218.95660196005,0.548419952011347,0.101564054737786,5.39974455950221,6.67358515307475e-08,7.4268235845612e-07
BSU_38180,ywzA,54.1484830978769,-1.30253776854193,0.414989935299327,-3.138721346585,0.0016968672501805,0.0077233508283986
BSU_38190,galT,1306.00727770169,-0.414324577669012,0.112349407417434,-3.68782165561045,0.0002261820843728,0.001280875623781
BSU_38200,galK,540.713469987857,-0.325485537402448,0.159826620344855,-2.03649139736644,0.0417010360678455,0.114107449385383
BSU_38210,ywcD,61.8796512782757,-0.387551538409201,0.382594530190907,-1.01295629661987,0.311081036335279,0.502450343123635
BSU_38220,slrC,130.69115674116,-0.24914917521207,0.297338663711219,-0.837930634725824,0.402069662197495,0.595855468683256
BSU_38229,slrA,215.880986590908,-0.200427996360391,0.218845992663128,-0.915840376702313,0.359750622650632,0.554315083378907
BSU_38230,vbfB,84.4774766363345,-0.111687261849366,0.321303579866631,-0.34760665254874,0.728135609495387,0.848537595456303
BSU_38240,vbfA,336.962543678157,-0.639355380364847,0.221646662188509,-2.88457030686562,0.0039194822906474,0.0159507558710563
BSU_38250,ywbO,49.800582635475,-0.129447703738,0.41940688283463,-0.308644681420358,0.757591828271137,0.865849030603934
BSU_38260,efeB,909.100643731219,0.169177002965786,0.129929806340297,1.30206461266245,0.192894298917884,0.359867071823881
BSU_38270,efeM,558.88016344322,0.156028444796096,0.150960215761456,1.0335732763038,0.301335697895002,0.490912277065209
BSU_38280,efeU,431.530554065808,0.0427318207546835,0.16228186758992,0.263318517276773,0.792305088439767,0.887202164044638
BSU_38290,thiE,181.493082218476,0.0178660263797686,0.285924303076154,0.0624851619381584,0.950176477906841,0.975118427011605
BSU_38300,thiM,164.670987809097,-0.268341840918762,0.226607361068014,-1.18417089212836,0.236345421974009,0.414552846600133
BSU_38310,cidR,134.826449209919,-0.609656935937554,0.281249616335903,-2.16767206256177,0.03018364654913,0.0885328187865875
BSU_38320,cidA,1.79215523826422,-0.901128657814258,2.41659597680129,-0.372891731371262,0.709229026320989,
BSU_38330,cidB,6.79528591456514,-0.715422047205793,1.10503319750205,-0.647421316231061,0.517359303673185,0.693458346381155
BSU_38340,ywbF,408.674282455672,0.27856346103759,0.182139142202368,1.52939921462949,0.126165507033788,0.266385055797179
BSU_38350,ywbE,94.1345348818179,0.581270746261348,0.286217868788098,2.03086812407122,0.0422683741010744,0.115279908602865
BSU_38360,rlmI,271.705439037808,0.509110551723864,0.205456024665038,2.47795387141304,0.0132138227543022,0.0445939660594376
BSU_38370,glxA,743.983848044634,0.0443423361573249,0.129699973113092,0.341883927135904,0.732438245891621,0.851877601203732
BSU_38380,ywbB,64.1310447940326,0.0290154515602481,0.353703594156146,0.0820332392422309,0.934620281429163,0.968920420550546
BSU_38390,ywbA,20.9847407405366,0.266700632761749,0.889257385479143,0.299913879959566,0.764242846738785,0.870335269358765
BSU_38400,epr,2846.94614368492,0.0498025906896506,0.113833804417338,0.437502646463997,0.661746857225419,0.802955628279075
BSU_38410,sacX,35.6375207228097,-0.02497263565205,0.494675036148072,-0.050482910652833,0.959737567362739,0.979769124340199
BSU_38420,sacY,69.9938033569754,0.364402430498098,0.367638737834079,0.991197044808044,0.321589373311982,0.51283806708338
BSU_38430,gspA,378.251230645817,-1.31734855742656,0.214886218052232,-6.13044693776662,8.76325415926933e-10,1.19266452508613e-08
BSU_38440,ywaF,0.330756553042459,0.732945953157769,3.49054739105957,0.209980232623423,0.833683101183437,
BSU_38450,tyrZR,1653.28288451076,0.0924692556971113,0.12325273918597,0.750240978884769,0.453109582344699,0.643688527143342
BSU_misc_RNA_59,tboYB,447.074008127707,-0.0213564852179314,0.178797527203326,-0.119445081551073,0.904922747006165,0.954718934924837
BSU_38460,tyrZ,104.511786335586,-0.0108945580877627,0.33783951472857,-0.0322477318750463,0.974274491422149,0.985432118395063
BSU_38470,eapD,346.46216622326,-1.29073763425517,0.20499658891522,-6.29638591103083,3.04665327529883e-10,4.4065009567127e-09
BSU_38480,relQ,56.7959964599679,-1.33199931543752,0.431014880083143,-3.09037895670929,0.0019990126525795,0.0089224747536104
BSU_38490,menA,331.222263466855,-0.0183486446053629,0.199839652536044,-0.0918168360108284,0.92684356736393,0.964242518327738
BSU_38495,BSU_38495,0.829768870901992,-0.0056280254293944,3.31043152709043,-0.0017000881556795,0.998643526562015,
BSU_38499,ywzH,12.3949323833162,0.187703763348832,0.853115573746091,0.220021494303065,0.825854414818337,0.908801378944667
BSU_38500,dltA,538.472501930758,-0.401500480640772,0.192941194859282,-2.08094741474779,0.0374387195291144,0.104812471925759
BSU_38510,dltB,271.470390731353,0.218787608688506,0.209770945650683,1.04298337412674,0.296955993010774,0.486258117154921
BSU_38520,dltC,37.8780131954039,0.0326371882259174,0.463561007705644,0.0704053785443527,0.943871010414817,0.972451865036462
BSU_38530,dltD,309.886071936766,0.23227250870047,0.196818232052208,1.18013715639341,0.237945668628227,0.415703901715392
BSU_38540,dltE,350.90532391316,0.0192663741998417,0.165803828243124,0.116199815191183,0.907494183217503,0.955165606416692
BSU_38550,ilvK,1351.99247447391,-0.0984557776360401,0.114213840389037,-0.862030182162501,0.388670909164196,0.583709458733928
BSU_38560,licH,3074.47234863039,-0.544946170778162,0.115859122158837,-4.70352407841542,2.55708923456799e-06,2.18404885034809e-05
BSU_38570,licA,704.949056044809,-0.30216948137838,0.136517742684238,-2.21340812876822,0.0268695207490926,0.0809246627118051
BSU_38580,licC,1985.17448293641,-0.49132305651753,0.121698034265207,-4.03723083519023,5.40858444246991e-05,0.0003558008561124
BSU_38590,licB,605.056426203533,-0.499946857170618,0.138887267645485,-3.59965939028155,0.000318634275463,0.0017403301019038
BSU_38600,licR,2541.43316742442,-0.393793849777257,0.113735215953367,-3.4623739575851,0.0005354326372303,0.0027644040760486
BSU_38610,yxzF,12.5929963999736,0.0561222873862411,0.724574395717312,0.0774555210865287,0.938261173956365,0.970405874973963
BSU_38620,aag,30.5644237374346,0.161171984915357,0.476240223655633,0.338425813086925,0.735042324487966,0.852208011363016
BSU_38630,katX,154.605319278933,-3.01358469468943,0.267356587455385,-11.2717802219567,1.80875330394658e-29,1.00108466195763e-27
BSU_38640,yxlH,101.800537023242,0.0914688664180456,0.311818726578859,0.293339875451365,0.769262377290735,0.872893582268758
BSU_38650,yxlG,156.512242172263,-1.00587291682321,0.23994575378462,-4.19208467313032,2.76402789361388e-05,0.0001938087801755
BSU_38660,yxlF,131.948566359956,-0.848277356043013,0.353377106693525,-2.40048758104385,0.0163732463256865,0.0534318753914503
BSU_38670,yxlE,46.3300176953182,-1.2954069438566,0.451543986528133,-2.86883887839328,0.0041198160582624,0.0166355607566611
BSU_38680,yxlD,38.0808549395901,-0.920897244499266,0.458342704553125,-2.00918927115273,0.0445170650898794,0.119993725446811
BSU_38690,yxlC,15.1694649161828,-1.80329964850592,0.844933921550173,-2.13424932117468,0.0328223773165086,0.0940273900902878
BSU_38700,sigY,58.3401822895767,-0.633405481471017,0.39675128236113,-1.59647998539921,0.110381670812824,0.241791195537747
BSU_38710,yxlA,7.12680118347149,2.92547086554738,1.26387756732403,2.31467900149647,0.0206305057818211,0.0647785397128136
BSU_38720,nnrA,32.4381257508889,-0.356217200224412,0.575821290986948,-0.618624572936269,0.536163709924278,0.706993506955425
BSU_38730,cydD,11.497917989824,-3.09706855510706,1.08406145553501,-2.85691234504651,0.0042778395654919,0.0172233870381739
BSU_38740,cydC,20.1205327457615,-3.05141638102617,0.816495903325385,-3.73720966461498,0.0001860737574824,0.0010712790115254
BSU_38750,cydB,10.4480256729607,-2.79165704629263,1.12438211291622,-2.48283658573342,0.0130340865798898,0.0442030174780411
BSU_38760,cydA,0.977657442085364,-0.445792867514904,3.45318578937262,-0.129096114343705,0.897281596586211,
BSU_38770,cimH,473.655465556267,0.13878804575572,0.19787389214137,0.701396451314376,0.48305563600248,0.666388815236389
BSU_38780,yxkI,142.133471532802,0.65122341505173,0.272007195473008,2.39414039734972,0.0166593705065109,0.054152738427977
BSU_38790,yxzE,27.8833793042946,0.656836698940746,0.592561684358783,1.10846974463345,0.267658998594838,0.451647359011045
BSU_38800,yxkH,33.2632618177597,1.67910035355054,0.636436656483532,2.63828353763905,0.0083326878922586,0.0306097233989075
BSU_38810,msmX,3106.33749726952,-0.375591363423084,0.125237285913669,-2.99903787185228,0.0027083363935596,0.0115424069503757
BSU_38820,yxkF,350.455202267678,-0.342458055513109,0.173163016627589,-1.97766279533933,0.0479667600494166,0.126852744247255
BSU_38830,aldY,36.5834514862632,-0.48279479550411,0.501101088021172,-0.963467865158,0.335312783161781,0.527028914390213
BSU_38840,gdnE,192.988282334363,0.621533120557712,0.238094960458049,2.61044215031684,0.009042526445248,0.0328682375431038
BSU_misc_RNA_60,gdwB,2.52222939581298,1.04254439426744,1.94148970278258,0.536981675861195,0.591280271533361,
BSU_38850,yxkC,1346.8789962105,1.38931142917657,0.165631826675767,8.38794968974303,4.9469381951735705e-17,1.2675765708744101e-15
BSU_38860,galE,2417.88902167794,-0.124566543127361,0.110381046805143,-1.1285138774527,0.259102959443599,0.440793600266548
BSU_38870,yxkA,5.26389527368124,-0.717235895144225,1.50227139798085,-0.477434301224291,0.633052893630057,0.780458141211276
BSU_38880,yxjO,104.191792873001,-0.559887876974614,0.34817829792607,-1.60804932504294,0.107824376373578,0.237568464080002
BSU_38890,yxjN,28.927459705335,0.0541519746098945,0.52953120683956,0.102263991074471,0.918547136381048,0.960799443953585
BSU_38900,yxjM,76.70426920778,-0.0479375191003165,0.326235865111899,-0.146941290724961,0.883178360351247,0.940983925517974
BSU_38910,yxjL,26.9042116031967,0.562109235955558,0.74816567129516,0.751316529910392,0.452462183440736,0.643209083377567
BSU_38920,pepT,865.470320275496,-0.0834808887288861,0.128735755484812,-0.648466996713551,0.516682950126177,0.693458346381155
BSU_38930,yxjJ,969.468308110703,-0.338224460651657,0.158721139937874,-2.13093517841445,0.0330944827717095,0.0947077418894607
BSU_38940,yxjI,209.360782267262,-0.422355978467242,0.204894958297885,-2.06132928782564,0.0392716359034833,0.108605303554536
BSU_misc_RNA_61,mswI,111.748183932352,0.0326836100900284,0.286717535436908,0.113992365483416,0.90924384545612,0.955686405174659
BSU_38950,yxjH,363.009941329123,-0.192652475025516,0.179726551535279,-1.07191994382477,0.2837559914538,0.47098059816258
BSU_misc_RNA_62,mswJ,43.0686687128697,-0.396474312771045,0.426058476246074,-0.930563138337982,0.352079589721567,0.546092474877255
BSU_38960,yxjG,746.613023018281,0.24411607818907,0.137905128244287,1.77017404136443,0.0766981522716128,0.183289597052081
BSU_38970,yxjF,79.9520290674536,-2.5578122030368,0.378550018057421,-6.75686720651222,1.41007315406718e-11,2.33195763447525e-10
BSU_38980,scoB,65.382189523465,-3.18525001924375,0.429122095779211,-7.42271267448929,1.14745526477939e-13,2.2681365733805998e-12
BSU_38990,scoA,75.480670051551,-3.60677999258805,0.551396631144319,-6.54117161561699,6.10387381309795e-11,9.48166643346824e-10
BSU_39000,yxjC,119.584313785256,-3.19252087591028,0.339778178276247,-9.39589732367889,5.6732159098754204e-21,1.9789511967977202e-19
BSU_39010,rlmA,368.6806731629,0.476444674086029,0.183824254061703,2.59184880971204,0.0095461713978417,0.0343380913972627
BSU_misc_RNA_63,gswB,0.416326929294974,-0.0988749251037185,3.46822959087526,-0.0285087600209206,0.977256381383786,
BSU_39020,nupG,1389.43019340502,0.384561862542187,0.122282008373487,3.14487689282642,0.0016615673343166,0.0075793033019211
BSU_39040,yxiS,79.6355061460266,-0.226349749744034,0.358436803603259,-0.631491374402984,0.527719287345976,0.701052937013119
BSU_39050,katE,183.667345382695,-1.44099688760299,0.280384040089449,-5.13936844316557,2.75663410329909e-07,2.79774771706467e-06
BSU_39060,citH,157.341768285949,-7.01933897472037,1.73813567360398,-4.03842984257147,5.38101819412181e-05,0.0003545493099015
BSU_39070,bglS,1247.77640415188,-0.909624193907561,0.120365362917149,-7.55719230069268,4.11862842890195e-14,8.42188502875468e-13
BSU_39080,licT,1124.24098881328,-0.606248991704915,0.125589413817538,-4.82723004492799,1.38445167176215e-06,1.24390885053781e-05
BSU_39090,yxiP,331.54583815805,-0.304970177070513,0.213179214488952,-1.4305812027763,0.152550277897054,0.307135687500379
BSU_39100,yxiO,229.630276468684,-0.430405614346572,0.235523876525982,-1.82743941164323,0.0676337281547608,0.166024604122065
BSU_39110,deaD,620.116482311852,0.0881858748450808,0.166627729376331,0.529238891840815,0.596639740449975,0.749060479904186
BSU_39120,yxiM,302.825454292012,0.227714032111937,0.174217180262346,1.3070698984396,0.191188973373926,0.357889718104671
BSU_39139,yxzJ,17.5066092169394,0.212190343272771,0.629534340257986,0.337059203451576,0.736072270650414,0.852283401804705
BSU_39140,yxiK,203.609996812679,-0.0104774448469816,0.208105191549175,-0.0503468691433668,0.959845974927463,0.979769124340199
BSU_39150,yxiJ,50.9360157775745,-0.631282506571014,0.395143456055217,-1.5976033435381,0.110131281863443,0.241370090293112
BSU_39160,yxiI,115.010617300284,0.0207437228256474,0.267093899973038,0.0776645323151947,0.938094907968442,0.970405874973963
BSU_39170,yxzG,147.128510080621,-0.0079658600717709,0.242427893358849,-0.0328586779409068,0.973787285213617,0.985419556538695
BSU_39180,yxiH,153.148297757512,-0.293584115029897,0.318810401458296,-0.920873703263729,0.357116369347745,0.550869583486619
BSU_39190,yxiG,164.704543605006,-0.140583946122536,0.245700074123082,-0.572177060280865,0.567202026901114,0.729159372457889
BSU_39200,yxzC,128.213807225132,0.0852230008648081,0.261092175914607,0.32640963125866,0.744114451542816,0.856340196383207
BSU_39210,yxiF,123.947905157661,0.153932896895403,0.267575731198138,0.575287213852054,0.565097067459715,0.727771394602408
BSU_39220,wapI,557.4802061392,0.0629291458844713,0.156794031100901,0.40134911668911,0.6881631063654,0.818893563043367
BSU_39230,wapA,11142.7439791747,0.189704837671893,0.0927222519246817,2.04594726437393,0.0407615594399501,0.112276863460672
BSU_39240,yxxF,401.090350068073,0.017491978029767,0.173658592373157,0.100726245622101,0.919767776333117,0.960975595157002
BSU_39250,yxiE,1860.31440545812,-0.159165234781827,0.118487738352404,-1.34330553519758,0.179173060521253,0.343701560925319
BSU_39260,bglH,2418.44351662268,-0.348883856798265,0.108618406134207,-3.21201414396736,0.0013180788589923,0.0061683713006506
BSU_39270,bglP,2061.18569403431,-0.270738073070738,0.115087851159933,-2.35244702496448,0.0186503461473668,0.0595519898905536
BSU_39280,yxxE,309.330633161807,0.0393431088398365,0.232268309594777,0.169386469073098,0.865492665836217,0.93128989696955
BSU_39290,rtbE,124.477009113448,0.371306625547406,0.302831082524145,1.22611794817264,0.220154292601771,0.39390537439222
BSU_39300,rtbD,487.338649856108,0.0923017199861387,0.151113539701836,0.610810389117088,0.541325114744855,0.711531218872206
BSU_39310,yxiC,156.776094403403,-0.417913076351052,0.241581055609015,-1.72990831295737,0.0836466578145404,0.195505223304143
BSU_39320,yxiB,244.652344962715,-0.758983478165343,0.217111151423154,-3.49582908657727,0.0004725912999162,0.0024800587685867
BSU_39330,abnB,594.298098276845,-1.57517542669327,0.163609381497676,-9.62765956495989,6.11053496011027e-22,2.2446752760546702e-20
BSU_39339,yxzL,0.246646359740067,-0.208440095636748,3.48150740128572,-0.0598706455599581,0.952258659391141,
BSU_39340,hutP,10554.0096896852,0.428284893890552,0.121841711105212,3.51509257384544,0.0004396007191412,0.0023275288075963
BSU_39350,hutH,16384.8195637999,0.749280090066757,0.114326458488421,6.55386425831289,5.60669355487671e-11,8.78240941369555e-10
BSU_39360,hutU,16821.7681069034,0.607446607060316,0.118150842947061,5.14128034898989,2.72872532481583e-07,2.77621049590944e-06
BSU_39370,hutI,15316.6373988232,0.572920791931101,0.107038460730339,5.35247599808498,8.67588140358017e-08,9.40302446638676e-07
BSU_39380,hutG,15354.281996446,0.583283874138372,0.112610111482585,5.17967584312867,2.22271803406445e-07,2.28945472938003e-06
BSU_39390,hutM,15064.4734781397,0.581712032381842,0.108749126466482,5.34911912659029,8.83833534523332e-08,9.55414844220404e-07
BSU_39400,pdp,1328.57835439283,0.0390797091721877,0.111076693247713,0.351826364555484,0.724968485057345,0.846272267005917
BSU_39410,nupC,750.274898769779,0.0817008522945844,0.136607521156918,0.59806994228917,0.549793265198468,0.717426639874359
BSU_39420,deoC,625.78370877913,0.148658845975705,0.147011780065456,1.01120363218183,0.311918977734206,0.503319303146688
BSU_39430,deoR,557.347939362557,-0.508697200907032,0.139530576671321,-3.64577580801748,0.0002665863180126,0.0014853688672086
BSU_39440,yxxB,39.86377073588,0.218915311361123,0.421865202185199,0.518922419358539,0.60381484298324,0.754495910061237
BSU_39450,yxeR,180.016158119313,-0.287674035810047,0.23389566264254,-1.2299246277589,0.218725330865886,0.392743805200872
BSU_39460,yxeQ,54.8595781004256,0.297562592923446,0.416332255836317,0.714723850367323,0.474779697213325,0.661567815754452
BSU_39470,sndB,64.1763850343865,1.02398925454667,0.36332361656845,2.81839442263108,0.0048264480793997,0.0191352301600651
BSU_39480,yxeO,35.5602287956855,0.556144576925347,0.51782436599902,1.07400233253296,0.282821636124755,0.470349603987923
BSU_39490,yxeN,35.4124180618642,0.414822034594284,0.535145154999445,0.775157974839021,0.438246317536828,0.628163143679341
BSU_39500,yxeM,54.8279010327264,0.800430191773355,0.398304582574043,2.00959322787746,0.0444742585956074,0.119956236147087
BSU_39510,snaB,21.1949003508847,0.218016515423974,0.568400656156643,0.383561336642602,0.701303600914024,0.827725688767163
BSU_39520,yxeK,67.4258952855828,0.188771544662232,0.343387878574649,0.549732697163901,0.582502726782296,0.73898802532803
BSU_39530,yxeJ,1.07772541056489,-1.04843099121595,3.41434937849984,-0.307066112746961,0.75879305056205,
BSU_39540,yxeI,322.634834777128,-0.065615954498457,0.187354137667083,-0.350224208098636,0.726170440402642,0.847198847136415
BSU_39550,hadM,230.795127459634,0.292887594162233,0.209796686490665,1.39605443280089,0.162698104195851,0.321599919293799
BSU_39560,yxeG,29.1529877768041,0.838723156057942,0.527813235766511,1.58905290588235,0.112048448809706,0.244025766531526
BSU_39570,yxeF,42.76328639054,1.2650010689733,0.587241534502439,2.15414100442523,0.0312291157317434,0.090651789791935
BSU_39580,cotNE,0.757767665461801,0.0045406634654072,3.42410343006849,0.0013260882908891,0.998941934936541,
BSU_39590,yxeD,3.24885652340342,-3.52575924212509,1.98604918748504,-1.77526280030848,0.075854504633753,
BSU_39600,yxeC,98.1391390734856,0.522875721922697,0.29252250013649,1.78747180705322,0.0738612648503094,0.177613077938737
BSU_39610,frxB,152.546796915181,0.0958116161335569,0.287958240983527,0.332727467032409,0.739340014074896,0.853685785375492
BSU_39620,yxeA,12.0396484324413,-1.23231033940625,0.941665658751594,-1.30864954875808,0.190653088700164,0.357614537367547
BSU_39630,tpeM,25.9187238818489,-0.810189035825047,0.574794217350904,-1.40952885636015,0.158678847005118,0.316192410858717
BSU_39640,tpeL,13.5894285774417,-0.933291819189956,0.771650342257944,-1.2094750278462,0.226480399349317,0.401246324242003
BSU_39650,tpeK,108.871058105508,0.092550633244444,0.282691333707537,0.327391123139961,0.743372079572576,0.856197975112587
BSU_39660,tpeJ,112.847582839481,-0.0044591439611936,0.259501466341203,-0.0171835019819524,0.986290223758595,0.990825440179557
BSU_39670,iolJ,1821.57947906994,0.1477449713025,0.165790035985868,0.891157121861617,0.372844883891871,0.567599175039146
BSU_39680,iolI,1802.06498054835,0.102077740259713,0.130291433924006,0.783457033094369,0.433358775761094,0.623136066975542
BSU_39690,iolH,1357.2344193787,0.156593581079403,0.172601769069624,0.907253627372943,0.364272690594071,0.560045746590431
BSU_39700,iolG,1617.51762596841,-0.074049328860679,0.200631355095971,-0.36908153675809,0.71206695047092,0.835815134580616
BSU_39710,iolF,2036.11108810226,-0.0997851789047548,0.186753014533225,-0.534316295531615,0.593122719821522,0.746981920503379
BSU_39720,iolE,1417.88191744535,-0.114173404653131,0.137965150842836,-0.827552493913431,0.407923981694923,0.600032759750398
BSU_39730,iolD,3357.36456880032,-0.0748037737996161,0.111153578320514,-0.672976749195759,0.500962082998851,0.680908188123192
BSU_39740,iolC,1238.04873767761,-0.0137073582433683,0.145173099134975,-0.0944207868058521,0.924774904086456,0.963175430846586
BSU_39750,iolB,1144.05780101097,0.0182539268256159,0.142922914604852,0.127718685811045,0.898371602060149,0.950826241752085
BSU_39760,iolA,1179.57594015598,-0.0183332246257503,0.152123040985571,-0.1205157647847,0.904074592169879,0.954718934924837
BSU_39770,iolR,783.216973995363,0.10329539491757,0.145427515988704,0.710287831125392,0.477525664417866,0.66228166822538
BSU_39780,iolS,1632.82957516757,-0.0190021611014414,0.146007909642092,-0.130144737692781,0.896451915526376,0.949763119282794
BSU_39790,yxcE,239.80929625303,-0.624803166052856,0.187860137882494,-3.32589538736349,0.0008813500035754,0.0042869904892552
BSU_39800,yxcD,74.6811318235761,-0.623640430794032,0.316047839928185,-1.9732469329192,0.0484674356953188,0.128063860961979
BSU_39810,csbC,43.0896015274066,-1.0897289777564,0.440553744238001,-2.47354378894507,0.0133780408403509,0.0450383191632577
BSU_39820,htpG,3748.61077712432,0.199874172764179,0.092639287458503,2.15755300205338,0.0309626020770245,0.0901935166468271
BSU_39830,yxcA,52.6337486947874,0.566289677950034,0.389459968517732,1.45403821631607,0.145935711159506,0.2973878925003
BSU_39840,yxbG,6.03057156205166,-1.21558300618944,1.08753714594587,-1.11773929812044,0.263678353556304,0.446746467596824
BSU_39850,yxbF,249.651496880556,0.658772138196106,0.186616374191371,3.53008754483972,0.0004154221825513,0.0022136296274332
BSU_39860,aldX,71.7426596276949,0.115965080468799,0.37570438970327,0.308660435296983,0.757579843198646,0.865849030603934
BSU_39870,yxbD,363.467435951593,0.339411957539403,0.167249110553029,2.02937974627845,0.0424196264180356,0.115389167274748
BSU_39880,yxbC,17103.3324340254,-0.24316771018921,0.108509366547469,-2.24098359364058,0.0250271377535423,0.0763879770698193
BSU_misc_RNA_86,srlX,176363.884038079,-0.189082611122279,0.0861160056774312,-2.19567326230311,0.0281153382625361,0.0838410697757092
BSU_39890,yxbB,20832.4195566894,0.0351346148536416,0.0943149502015045,0.372524342944319,0.709502491056141,0.833846217546444
BSU_39900,yxbA,4072.30505456459,0.260112094202561,0.100466222474315,2.58905020808422,0.0096241061008053,0.0345285647792579
BSU_39910,yxnB,8644.25004115003,0.269227598741347,0.0872357947955146,3.08620560370237,0.0020272858794299,0.0090292528814523
BSU_39920,asnH,12251.299483017,0.683196479921027,0.0948439645189593,7.20337328143275,5.87408723597854e-13,1.11339434322132e-11
BSU_39930,yxaM,3731.13537362352,1.26477267494573,0.125538780795666,10.0747567160489,7.14373650430663e-24,3.0889218988934197e-22
BSU_39940,yxaL,725.595452153939,0.630599958821134,0.152205630050382,4.14307906095456,3.42673745117543e-05,0.0002358936510751
BSU_39950,yxaJ,19.4718443173022,1.72148714190417,0.824288854981656,2.08845131351737,0.0367571428373426,0.103303249775091
BSU_39960,yxaI,82.4558561929944,-0.0411496826132267,0.330735935463422,-0.124418541201362,0.900983893654862,0.952619496322296
BSU_39970,yxaH,8.96900254282386,1.21469545204355,1.2669582280649,0.958749408730563,0.337685001176363,0.529154563942273
BSU_39980,qdoI,7.6701035879681,1.36774860846923,1.31787945224495,1.03784045357057,0.299344339742853,0.488051199635736
BSU_39990,qdoR,27.05559732971,0.656837734674656,0.579846102658577,1.13277942485614,0.257306893916876,0.439154175906774
BSU_40000,yxnA,38.7211793571349,-0.364670091949245,0.454000975029499,-0.803236362929729,0.421838131729248,0.613327525326833
BSU_40010,yxaD,168.008145697131,-0.182013136947624,0.236384855515321,-0.76998645514254,0.441307927394557,0.630826932169762
BSU_40021,yxzK,3.5197131853284,1.25125006112714,1.84783920441096,0.677142284967377,0.498315682320902,
BSU_40022,yxaC,12.5604715992585,0.97843010456834,0.944055401529609,1.03641174340302,0.300010094065254,0.488944601674467
BSU_40030,yxaB,242.374377610758,0.142432486098786,0.202171980731881,0.704511503439634,0.481114288770745,0.665258298696656
BSU_40040,glxK,189.455771173931,-0.025191511143479,0.237550977370567,-0.106046758562401,0.915545253352448,0.959032332031832
BSU_40050,gntR,56.9422245818641,1.03220335070066,0.531610288326848,1.94165420302407,0.0521789763525864,0.135118484616086
BSU_40060,gntK,145.896969344635,0.635335281051474,0.231618531452621,2.74302439043586,0.0060876163609949,0.0235505084012021
BSU_40070,gntP,167.551297957615,0.358376499348835,0.255304845219669,1.40371992956296,0.160402265420242,0.318578853473409
BSU_40080,gntZ,281.646321023224,0.460087334908928,0.191300607319649,2.4050490030079,0.0161702973205931,0.0529360443042444
BSU_40090,ahpC,4310.34796030584,0.0709307540468994,0.0967735750673072,0.732955809450732,0.463585382305413,0.651687910734429
BSU_40100,ahpF,10204.8122510108,0.0626750963212961,0.0945659261505757,0.662766166129433,0.507480325841466,0.686165232769373
BSU_40110,bglA,506.770873306437,-0.209163241064926,0.15049748730323,-1.38981218100667,0.16458591821665,0.323329932095275
BSU_40120,ptsJ,66.644512986866,-0.581204372864107,0.418491729289085,-1.38880731012637,0.16489135176487,0.323776727140954
BSU_40130,yydK,158.832590897101,-0.0485162724801946,0.225341246915031,-0.21530134027566,0.829532384741721,0.910467723178975
BSU_40139,yyzN,75.4767517635745,-0.2216351279696,0.401259068710944,-0.552349205917287,0.580709124087367,0.737614312756016
BSU_40140,liaM,459.689278777796,0.408668461390401,0.167974502399031,2.43291961311837,0.0149776257031284,0.0497775214521104
BSU_40150,liaL,832.790128774375,0.108887533381453,0.170115095886807,0.640081544873039,0.522119586447024,0.696289266097299
BSU_40160,liaK,139.579160158881,0.859414982881651,0.304681984329412,2.82069510861686,0.0047919723200482,0.0190167085091015
BSU_40170,liaE,474.163743986499,1.31755041512228,0.207417986826594,6.35215120578616,2.12324459609503e-10,3.1477101137108802e-09
BSU_40180,liaD,4137.04043909101,0.632714485672802,0.163156539365263,3.87795970749493,0.0001053361573534,0.0006401909065507
BSU_40190,fbp,1071.53140299629,-0.37796221424382,0.115862247695207,-3.26216884069182,0.0011056327000904,0.0052451215292288
BSU_40200,yydD,734.242812724311,0.548063194642671,0.189207988832717,2.8966176218237,0.003772092091765,0.01539621855744
BSU_40210,yydC,113.786855876329,0.318230852501118,0.31036803713327,1.02533384378261,0.305205691958466,0.496032784102363
BSU_40220,yydB,1081.2523180913,0.172117372601905,0.125652860186759,1.36978475735518,0.170754101563915,0.332349277904412
BSU_40230,rlmH,117.908583594936,0.305213648071949,0.300898371820022,1.01434130808294,0.31041991962039,0.501773008701027
BSU_40239,yyzF,23.32911930639,-0.512482318821096,0.645475902529819,-0.793960420230282,0.427218473483435,0.617688569637665
BSU_40240,yycS,85.6260729606006,0.369672873461754,0.33590640558471,1.10052344139811,0.271104121852787,0.455424204698874
BSU_40250,yycR,852.554012499757,-0.704813006165358,0.156113169928088,-4.5147568683028,6.33894474525669e-06,4.97409444944433e-05
BSU_40259,yyzG,11.4010632744958,-0.660727131267955,1.15687921455279,-0.571128881007139,0.56791228254716,0.729614570795362
BSU_40260,yycQ,60.8488361182602,-0.0577127475587299,0.388851483249227,-0.148418483778137,0.882012513673397,0.940707591022167
BSU_40270,yycP,606.49947057607,-0.200778704892702,0.156927182235985,-1.2794386672334,0.200742624687545,0.369690610061224
BSU_40280,yycO,576.671248940823,-0.186557142988539,0.170380877950403,-1.09494178708743,0.273542140479538,0.459148170291371
BSU_40290,yycN,148.537853669749,-0.478520002319479,0.278183387611992,-1.72016023827747,0.0854033184503532,0.199162457801919
BSU_40300,rapG,3371.93723500581,-0.086592570842275,0.0943651149244104,-0.917633289713455,0.358810883467593,0.553072401512803
BSU_40310,phrG,668.582401302359,-0.58948432660776,0.16271665203582,-3.62276582778998,0.0002914696722848,0.0016025041187474
BSU_40320,argI,859.965562298787,0.226741910997937,0.173462737894985,1.30715053705198,0.191161590502609,0.357889718104671
BSU_40330,rocE,713.876920672395,0.10424132819538,0.168492273982143,0.618671264454698,0.536132943974443,0.706993506955425
BSU_40340,rocD,572.908587933136,-0.16276370177814,0.203203271278042,-0.800989574402232,0.423137681456225,0.615001581136131
BSU_40350,rocR,275.250315805451,0.38608937488069,0.219858647740615,1.75608000344017,0.0790747489962808,0.187458185655946
BSU_40358,BSU_40358,0.678722278219625,0.0641605890732019,3.46073030427136,0.018539609687011,0.985208379027855,
BSU_40360,htrC,542.968292385504,-0.0045950327459597,0.144567655219039,-0.0317846529294379,0.974643785641433,0.985565494323408
BSU_40370,walJ,357.288603137494,-0.123125402324873,0.191086087447183,-0.6443451952456,0.519351614551671,0.694654037593418
BSU_40380,walI,340.800366847395,0.209177189590097,0.163807570685565,1.2769689991412,0.201613192218853,0.370800337129136
BSU_40390,walH,630.314625415076,-0.0972235970277378,0.13130379772874,-0.740447715218349,0.459028375337241,0.648104348988057
BSU_40400,walK,711.78428275087,-0.0825261072357896,0.126414718423749,-0.652820401491204,0.513872069492991,0.69210998068313
BSU_40410,walR,306.397600554564,0.0056380182284715,0.184320016993469,0.0305882037145824,0.975597949821177,0.98604993662228
BSU_tRNA_1,trnY-Phe,27.6199360484678,0.659437147505094,0.528215117141222,1.24842535949002,0.21187532686153,0.383891087648281
BSU_tRNA_2,trnY-Asp,77.5077081223941,0.887864067895267,0.353008403976187,2.51513578117296,0.0118986548466268,0.0410567882529906
BSU_tRNA_3,trnY-Glu,44.7920789457392,0.777432648162194,0.451396206354832,1.72228440828117,0.0850180107287923,0.198375358367182
BSU_tRNA_4,trnY-Lys,29.1745320575121,0.931897505461982,0.538039437979377,1.73202453143909,0.0832691947648271,0.19484240556302
BSU_40420,purA,246.801505082057,0.461399280365661,0.194137002338628,2.37666840843073,0.0174697846977525,0.0564335223971755
BSU_40430,yycE,16.0376953840901,-0.0169780346367181,0.706675136874478,-0.0240252327424586,0.980832481695817,0.987960636277114
BSU_40440,dnaC,358.942936927253,-0.256409471770945,0.183737023048965,-1.39552425263042,0.162857806519774,0.321762377374385
BSU_40450,yycD,5.24462675502285,-1.87584221237002,1.31807823657743,-1.42316454388997,0.154688461306214,0.309750025509935
BSU_40460,yyzB,2.53222954213392,-0.919217459933242,2.00140311526286,-0.459286514007706,0.646028430898126,
BSU_40470,yycC,53.1520263304048,-0.385524119225453,0.39163346758753,-0.984400341473086,0.324918710236933,0.516088495007589
BSU_40480,yycB,1875.76305521094,-0.161223921864666,0.108058669211042,-1.49200358510608,0.135698205490649,0.282064722579711
BSU_40490,yycA,189.019141833943,0.261084000297631,0.23442730285466,1.11370986706057,0.265403674919568,0.449119712430137
BSU_40500,rplI,744.573553179347,-0.160276064345621,0.135516057525128,-1.1827090255773,0.236924485954228,0.415142904683834
BSU_40510,gdpP,948.692176589937,0.110290792904665,0.123777091810407,0.891043659949615,0.372905748137185,0.567599175039146
BSU_40520,yybS,415.945781575038,0.308860056438534,0.154745693385858,1.99592020741018,0.0459426087831024,0.122562833585256
BSU_40529,yyzH,5.65624997890231,1.77430272939389,1.32957435712716,1.33448928213963,0.182043557090139,0.346665917985233
BSU_40530,cotF,1.69380777875425,-0.577221746456646,2.08700372572661,-0.276579164349925,0.782103265248557,
BSU_40540,hypR,113.441892334822,-0.552962777545612,0.262675149956206,-2.10512025076527,0.0352808418846879,0.0998301122449485
BSU_40550,ppaC,2790.3911283367,-0.0692726181293167,0.101656293956476,-0.681439539385293,0.495593411282333,0.677079133958095
BSU_40560,yybP,51.2868064714075,1.13550160403117,0.443346382477909,2.5612064266426,0.0104309357454497,0.0368751629467579
BSU_misc_RNA_94,mswM,2.9411983023398,-1.61134990288449,1.57571314462693,-1.02261627275185,0.306489312560413,
BSU_40570,yybO,4.20134512310229,-0.230718601572,1.36501540497697,-0.169022708997114,0.865778779187062,0.93128989696955
BSU_40576,BSU_40576,19.5456729889844,-0.0402256327382177,0.614051106748683,-0.0655086071763749,0.94776905352224,0.974682527027854
BSU_40580,yybN,1793.25681687595,0.517238080191451,0.116852042215847,4.42643594740104,9.58028124222635e-06,7.32371039345886e-05
BSU_40590,yybM,239.763713437466,1.04682687641476,0.264893420656752,3.95187949107741,7.7539787970221e-05,0.0004869404839098
BSU_40600,yybL,41.2690404877285,2.74964980744889,0.591244429283673,4.65061431662071,3.30947736157725e-06,2.75303417392929e-05
BSU_40610,yybK,23.2898141563351,0.545312143648636,0.655137598424881,0.832362766172642,0.405204212018925,0.597729741390089
BSU_40620,yybJ,60.2691278908066,1.11646246301058,0.44422143209998,2.51330166068913,0.0119607012067846,0.0411000585342408
BSU_40630,ictI,333.470043017355,-0.389568008118476,0.211116237342775,-1.84527733641804,0.0649972055480596,0.160692912584869
BSU_40640,yybH,88.689189586142,0.275554951762758,0.313354113800814,0.879372376575584,0.379199404588225,0.574614942332339
BSU_40650,yybG,79.3444982771019,0.940134795987924,0.444775756742317,2.11372760708403,0.0345385391614521,0.0980639371129874
BSU_40660,yybF,103.775506012751,0.344070150252398,0.298618083958101,1.15220801664736,0.249235604226082,0.429981449239663
BSU_40670,yybE,33.5022111381403,-0.0122838149704061,0.523974657719832,-0.0234435287841235,0.981296483587218,0.987960636277114
BSU_40680,yybD,8.68859153351464,1.76717516261328,1.29640015416894,1.36314019782427,0.172838330132131,0.335735635364897
BSU_40690,yybC,13.2363375945097,-0.0495128053015688,0.822761384076003,-0.0601788152189153,0.952013218136156,0.976236874625293
BSU_40700,yybB,401.528204563002,-0.130793607899238,0.175572269126147,-0.744955957738774,0.456298345192409,0.646007650373018
BSU_40710,yybA,135.002077469623,-0.285952265260399,0.259273820392969,-1.10289679392618,0.270071986689933,0.454241822021844
BSU_40720,yyaT,81.7652176421818,0.289890661990736,0.324993519105942,0.891989055007086,0.372398798926577,0.567599175039146
BSU_40730,yyaS,99.5517268198457,-0.0614067749512046,0.280156787061874,-0.219187175849652,0.826504244796008,0.908826256992909
BSU_40740,yyaR,71.6224496334958,0.0189147896567037,0.402428023612464,0.0470016712228733,0.962511895559255,0.980379624091666
BSU_40750,yyaQ,316.842225824461,-0.278854782738013,0.222106494330157,-1.25550035616474,0.20929717887728,0.380548659447915
BSU_40760,yyaP,351.339109110006,-0.0242636341331626,0.205158938366645,-0.118267497026137,0.90585571023502,0.955094501698137
BSU_40770,tetB,719.37273441684,0.10310568807338,0.133639286902341,0.771522285574042,0.440397418225746,0.630593198708199
BSU_40780,tetL,18.2246922025613,0.823659279686344,0.742413061811974,1.10943532927085,0.267242428579542,0.451495043155751
BSU_40790,yyaO,140.882639263192,0.0598798328939834,0.259867461434376,0.230424511647084,0.81776191600985,0.904484336092962
BSU_40800,yyaN,2.78611830015211,1.08992379836267,2.04462715264995,0.533067262141201,0.593987020215812,
BSU_40810,yyaM,9.18875415924995,0.0685370922931842,1.18960487942114,0.0576133247927952,0.954056635654248,0.977212673442746
BSU_40820,yyaL,382.7263516636,-0.257902315737621,0.22179224313134,-1.16281034943543,0.244906457178836,0.425358453451611
BSU_40830,yyaK,261.394797593073,-0.0822773221397947,0.199760401088103,-0.41188004074695,0.680427350806647,0.814789138464455
BSU_40840,yyaJ,187.204044538633,-0.693259374807889,0.227680020001353,-3.04488454807659,0.0023276964517917,0.0101708083909341
BSU_40850,maa,67.6877077702779,0.159518630713385,0.360329760488314,0.442701792095128,0.657981446039987,0.800023720712357
BSU_40860,yyaH,25.9043538650056,-0.383105467041182,0.569076017118203,-0.673206136820218,0.50081615755151,0.680908188123192
BSU_40870,ccpB,97.1518098147381,-0.568399280502866,0.291476804023934,-1.95006694411331,0.0511681405345446,0.133219629070782
BSU_40880,exoA,4.82063824580435,0.875035942862687,1.41103375667067,0.620138206280287,0.535166800255043,0.706993506955425
BSU_40890,rpsR,1398.44474145883,0.372473634615282,0.113688478521132,3.27626545328468,0.0010518964250341,0.005030440161655
BSU_40900,ssbA,1422.46270426283,0.660186010676444,0.143681808128146,4.59477799783562,4.33210232109309e-06,3.51221811227684e-05
BSU_40910,rpsF,609.061365030166,0.686311168262995,0.174416913132762,3.93488885874613,8.32352043732855e-05,0.000516456402621
BSU_40920,engD,480.539792590828,0.0121023868359065,0.156165899150964,0.0774969881498092,0.938228187178234,0.970405874973963
BSU_40930,yyaE,150.509336309381,0.412160110680013,0.232083186210285,1.77591542674946,0.0757468578619768,0.181224903161421
BSU_40939,yyzM,133.907200571233,-0.471032822962332,0.294452777510926,-1.59968884295837,0.109667628181139,0.240607993964011
BSU_40940,yyaD,6.2790336264095,-1.63980254479361,1.28141412807754,-1.27968196140755,0.200657011215516,0.369690610061224
BSU_40950,sprC,82.5798638315519,-3.42359639030537,0.48156429358418,-7.10932358548487,1.1661305151406799e-12,2.1138025189296698e-11
BSU_40960,parB,1770.19510358486,-0.118387828169542,0.137620807039474,-0.860246576926297,0.389653134715116,0.584575401222072
BSU_40970,parA,923.785618330544,0.0678712060839052,0.121322798176746,0.559426646136442,0.575870580308063,0.73561389473267
BSU_40980,yyaB,134.912262370374,-0.634334884950039,0.285106932882383,-2.22490164843422,0.0260878413447615,0.0787568213978945
BSU_40990,nocA,1866.81650791678,-0.55686072407242,0.114958870765118,-4.84399960060662,1.27251187653896e-06,1.15080540294406e-05
BSU_41000,rsmG,871.994184545072,0.0032863362622208,0.171212233626325,0.0191945177784048,0.984685930977493,0.990125044511011
BSU_41010,trmF,1580.89182952765,0.130236792716062,0.106934567847616,1.21791105848628,0.223257773387719,0.397492718404215
BSU_41020,mnmE,1262.37461102977,0.115436680615875,0.110358384684362,1.04601640324872,0.295553459146376,0.484726356743029
BSU_41030,jag,1226.18963925453,0.0981104430139036,0.121100840837046,0.810154928205011,0.417851138235642,0.60902390267421
BSU_41040,oxaAA,803.756453259777,-0.0957221478322338,0.134500475108106,-0.711686317504058,0.476659042266884,0.662127670756372
BSU_41050,rnpA,213.769831575457,0.574900472735313,0.228458248116056,2.51643561778197,0.0118548557133122,0.0409819918354115
BSU_41060,rpmH,588.751191254992,0.753363265698201,0.149371621459005,5.04355016260544,4.56972896681623e-07,4.43199648160144e-06
