,gene_name,baseMean,log2FoldChange,lfcSE,stat,pvalue,padj
BSU_00010,dnaA,1850.06807943403,-0.019582317803643,0.183778891903099,-0.106553683074594,0.915143064858291,0.950048277112054
BSU_00020,dnaN,1522.17189752296,0.244692422608224,0.17231230057587,1.42005197417978,0.155592550458922,0.297588274436299
BSU_00030,rlbA,100.945744427058,-0.455705039479888,0.37703309286159,-1.20866058738027,0.226793269268661,0.387354875830545
BSU_00040,recF,1772.33628033167,0.122534906272576,0.162981387362576,0.751833741603754,0.452151048003844,0.614346671943784
BSU_00050,remB,144.563085097233,0.238837008008367,0.26993339019093,0.884799793902608,0.376264620651388,0.547129992906093
BSU_00060,gyrB,4407.19418331904,-0.126304135407766,0.147895674761709,-0.854008311002116,0.393100384455797,0.562177242303575
BSU_00070,gyrA,6657.38689481542,-0.229934688094984,0.133226881338499,-1.72588809243964,0.0843675473535902,0.190545003225183
BSU_rRNA_1,rrnO-16S,15535.3202818751,-0.8099668673923,1.08261914629055,-0.748154944578194,0.454366703836881,0.615977338598785
BSU_tRNA_5,trnO-Ile,1.30876004170728,1.29342595001302,3.45039700511571,0.374862935510125,0.707762405531495,
BSU_tRNA_6,trnO-Ala,25.2394280672506,-1.38181432206018,0.603429213001424,-2.28993607251315,0.0220250227531098,0.0670381696126913
BSU_rRNA_2,rrnO-23S,17120.1939377112,-0.883447454636635,0.985230409711441,-0.896691216519984,0.369883708838806,0.54093268734147
BSU_rRNA_3,rrnO-5S,0.255216808776765,-0.262027084781986,3.50084414922287,-0.0748468293968902,0.940336581813496,
BSU_00080,yaaC,34.6570149122864,-0.747396128105846,0.605070757279489,-1.23522103673672,0.216748252068551,0.375835814229453
BSU_00090,guaB,3255.13904038203,0.672741266094531,0.171662721445892,3.91897122699747,8.89277286903522e-05,0.0006090115097084
BSU_00100,dacA,477.229937673542,0.723559430300352,0.18218703317881,3.97151991377018,7.14155296450439e-05,0.0005012071716906
BSU_00110,pdxS,1197.7044551669,0.440360572745337,0.184264595714297,2.38982736232259,0.0168562941356505,0.0543445899012695
BSU_00120,pdxT,1234.20129532829,0.43875190209996,0.166340836162153,2.63766800878802,0.0083478262605884,0.0306616525107772
BSU_misc_RNA_1,tboS,596.120522187307,0.491828656633886,0.198405000380355,2.47891260649187,0.013178359113327,0.0445504082764222
BSU_00130,serS,285.775252287455,-0.213899145926465,0.254979847789706,-0.838886475855449,0.401533017678183,0.569751919176025
BSU_tRNA_7,trnSL-Ser1,80.697395736557,-0.638054021174623,0.387168051272543,-1.64800277057332,0.0993521026481375,0.214912860625175
BSU_00140,dck,47.2645235764851,0.883570930109263,0.413668426610376,2.13593997818324,0.0326843064630213,0.0914213209762769
BSU_00150,dgk,40.3404959061101,0.777566074005772,0.517656439017081,1.50208906023115,0.133074109784522,0.266148219569045
BSU_00160,sleL,2133.21037813482,-2.26612181446675,0.18101693651242,-12.5188386132657,5.88905327368591e-36,5.0009840400140695e-34
BSU_00170,yaaI,13.5073948338481,-0.918950126282038,0.821560711226729,-1.11854195767211,0.263335597127185,0.428563796627837
BSU_00180,tadA,188.867280841646,0.323707384249164,0.245433875039726,1.31891893161353,0.187196216288877,0.33912444142188
BSU_misc_RNA_2,scr,41916.2027854464,-0.349080964965368,0.197745523067894,-1.76530401067798,0.0775126858331974,0.178936342040014
BSU_00190,dnaX,826.634776290657,0.119386949566541,0.171256181948873,0.697124904969462,0.485724629446805,0.641888196897333
BSU_00200,ebfC,1243.64240561221,0.132915201492224,0.148089539455736,0.897532681786429,0.369434742258333,0.540903419182373
BSU_00210,recR,331.743323756674,0.0252662372502614,0.192070850881548,0.131546443066696,0.895343049492364,0.938905060050526
BSU_00220,yaaL,144.18600326085,-0.281698597467579,0.290186064946275,-0.970751636608506,0.331671971453177,0.504397990970698
BSU_00230,bofA,208.291217834471,-2.30514943571809,0.251746363155037,-9.15663450636812,5.35410450194499e-20,1.81868221722067e-18
BSU_rRNA_4,rrnA-16S,15468.4323024973,-0.795472300416781,1.08379826836848,-0.733967126201692,0.462968773842902,0.622274584911985
BSU_tRNA_8,trnA-Ile,1.23259685949115,0.643779125091897,3.46304020969511,0.185899985593461,0.852523193499582,
BSU_tRNA_9,trnA-Ala,24.1358744608402,-1.50550506194001,0.595065350242416,-2.52998273437817,0.01140681396455,0.0395697157626465
BSU_rRNA_5,rrnA-23S,16712.627884685,-0.904625037348257,0.979467563850226,-0.923588560495288,0.355700572043812,0.528078541572737
BSU_rRNA_26,rrnA-5S,0.0761631822161247,0.596204354464691,3.52332866522585,0.169216218841303,0.865626572963566,
BSU_00240,csfB,448.169671259287,-3.91144787333433,0.336636943686738,-11.619187812536,3.2925135194253e-31,2.33000206724664e-29
BSU_00250,xpaC,958.646706712643,-0.631592798796617,0.178371278339464,-3.54088844726791,0.0003987821427579,0.0022819797549192
BSU_00260,yaaN,1781.30757378958,-0.623540360350747,0.201810497821612,-3.08973203614966,0.0020033715137126,0.009305838359862
BSU_00270,yaaO,878.056121860691,-0.254960956562113,0.161553348197295,-1.57818429272505,0.11452327766282,0.238365606351144
BSU_00280,tmk,299.359887073481,-0.44709357894735,0.299982901535009,-1.49039687482045,0.136119913765345,0.270220941939442
BSU_00290,darA,535.486078058954,0.0927309203870732,0.167783154983696,0.55268313673136,0.580480402517347,0.720220367406862
BSU_00300,yaaR,641.528686160912,0.165131547034635,0.244682956131654,0.674879646892056,0.499752232515322,0.653913090681065
BSU_00310,holB,1560.37345192793,0.0402004088920442,0.137209684019951,0.292985215870032,0.76953345212042,0.859852378342975
BSU_00320,ricT,3510.92449743846,0.166886728407448,0.136182583645741,1.2254630800777,0.220400792430252,0.379335940275172
BSU_00330,dnaH,1799.73291226274,0.0321582496152133,0.139103517181009,0.231182145979581,0.817173299788452,0.888532094981247
BSU_00340,trmNF,310.791918400543,-0.0717675580029089,0.228423665184383,-0.314186176572285,0.753379641000101,0.846256602033447
BSU_00350,yazA,46.1061243065047,0.448353291233498,0.640803807464455,0.699673263502524,0.484131377291964,0.641179609476507
BSU_00360,rsmI,544.060159407554,0.0894176122177771,0.241685894395128,0.369974476340725,0.711401508081436,0.816154835759973
BSU_00370,abrB,299.562967305524,1.45954261208311,0.311928644054571,4.67909132393678,2.88149086157026e-06,2.68896927433567e-05
BSU_00380,metS,1620.86118056473,-0.449173408702416,0.15626650748687,-2.87440614067706,0.0040478806371317,0.0169834991949223
BSU_00390,dayD,174.563974930013,0.400215160097844,0.303666414823582,1.31794344241313,0.187522581609174,0.339517659617048
BSU_00400,yabE,7538.11044051149,-0.689496043032589,0.136199995923799,-5.06237932208416,4.1405615769586e-07,4.4284192583794e-06
BSU_00410,rnmV,66.1400913782434,-0.773806278020923,0.542385700882756,-1.42667160428736,0.153674574153806,0.294982930315127
BSU_00420,rsmA,151.763188481583,-0.618066999230226,0.264369485863984,-2.33789083944513,0.0193929115985338,0.0608590559108459
BSU_00430,prtG,6.88624935282194,-2.61057564977251,1.47232388313203,-1.77309875882683,0.0762123436306466,0.176925976520353
BSU_00440,veg,1044.3328527327,-0.0696307008854962,0.16089273531375,-0.432777158954457,0.665176668569307,0.782107786852622
BSU_00450,sspF,5.61765282127148,-2.58692372788627,1.83725962509896,-1.40803384156822,0.159121049395694,0.302323267415159
BSU_00460,ispE,1088.13974735103,0.225653558151357,0.191020342417376,1.18130642682185,0.237481015129828,0.399028250985853
BSU_00470,purR,1419.60560304266,0.266225969172408,0.160071695798195,1.66316704427274,0.0962790024703784,0.210180279943047
BSU_00480,ridA,1379.51737719334,0.258688104807355,0.173482052866144,1.49115196951788,0.135921600554078,0.270062291040063
BSU_00490,spoVG,103626.596541126,-0.912115635889577,0.184238899196368,-4.95072234945027,7.39385270545088e-07,7.61997538527777e-06
BSU_00500,glmU,918.149499411589,-0.307869107083881,0.198194964390826,-1.55336493048726,0.120335976165768,0.247629987436325
BSU_00510,prs,571.556497668496,-0.316759101730388,0.185287377353345,-1.7095557520161,0.0873480538235093,0.195302704862886
BSU_00520,ctc,2703.15325516204,-1.50448811560553,0.21714121283008,-6.92861615718636,4.24977151207547e-12,8.277307266180019e-11
BSU_00530,pth,509.900153124081,-1.04723994539003,0.221388994414883,-4.73031619371062,2.24170411221206e-06,2.13893835066346e-05
BSU_00540,fin,594.40866672543,-1.58815829220858,0.237355873176675,-6.69104274081495,2.2158592714620097e-11,4.05540451147746e-10
BSU_00550,mfd,2073.68292646838,-0.775464072417583,0.178494932604452,-4.34445987402918,1.39618759917712e-05,0.000113350144285
BSU_00560,spoVT,600.710128062108,-0.866119928420507,0.214215797729996,-4.04321220749643,5.27238612935573e-05,0.0003787910576183
BSU_00570,yabM,40.2226495965576,-0.0251794967885095,0.496442324086978,-0.0507198833919285,0.959548732384256,0.975294414955077
BSU_00580,yabN,274.538605080164,0.38593617839066,0.21119132175371,1.82742441870191,0.0676359806406739,0.161701787049719
BSU_00590,hslR,117.741018643117,-0.193298683323538,0.31662803816269,-0.61049136534212,0.541536361525686,0.686992348681824
BSU_00600,spcP,1015.97002804058,-1.99257405930687,0.178557144227937,-11.1593073910459,6.44920397030516e-29,3.91190286541653e-27
BSU_00610,spcQ,933.251005487948,-1.92773480884861,0.194315894921211,-9.92062337273157,3.38634555626475e-23,1.45236598302021e-21
BSU_00620,divIC,4462.58388297372,-1.21295829647408,0.176018456834226,-6.89108584571015,5.53681114449683e-12,1.0637692361779901e-10
BSU_00630,yabR,6055.58687992761,-0.838127553380665,0.150292608930293,-5.57663852764306,2.45210658371936e-08,3.23342998586099e-07
BSU_tRNA_10,trnSL-Met1,28.2676563304827,-0.78895959943989,0.533917762804104,-1.47767999943722,0.139493450227701,0.27522731861841
BSU_tRNA_11,trnSL-Glu1,22.2601365874963,-0.795764715652762,0.617262297757843,-1.28918406088192,0.197334104943148,0.350444619300874
BSU_00640,spoIIE,15893.3683722783,-1.19645739852015,0.149526115412848,-8.00166175130462,1.2275120048626e-15,3.1023904599086904e-14
BSU_00650,yabS,7378.37345008151,-1.46950427138962,0.131601492985854,-11.1663191507073,5.95998108811067e-29,3.66754778262578e-27
BSU_00660,prkT,1639.06071639145,-1.48786620802362,0.151235288461044,-9.83808886909926,7.716264251542271e-23,3.15031327038928e-21
BSU_00670,tilS,2725.74755212484,-0.848082840842651,0.164986650357313,-5.14031189193763,2.74282796143578e-07,3.0407434789181e-06
BSU_00680,hprT,1013.09607960794,-0.355959312784265,0.172016079507207,-2.06933743522128,0.0385144330762787,0.104281916189381
BSU_00690,ftsH,5161.56575522507,0.0213761529766768,0.124857644214338,0.171204199079563,0.86406320585605,0.919271453787219
BSU_00700,coaX,162.330692613608,0.50292902269973,0.329592833796109,1.52591006578392,0.12703226352674,0.256819918958477
BSU_00710,hslO,197.37750275352,0.569928904026812,0.239317454605859,2.38147654113006,0.017243389011724,0.0553404608796525
BSU_00720,yacD,399.352227551905,0.553567912787648,0.234044338591139,2.36522667508184,0.018019038427868,0.0574390669404862
BSU_00730,cysK,3307.62535908903,0.538419567506809,0.162082616653444,3.32188348524769,0.0008941202203427,0.0046639243925986
BSU_00740,pabB,717.18184357533,0.149992039236281,0.181453926620166,0.8266122537555,0.408456869731268,0.575990657216527
BSU_00750,pabA,779.624166626932,0.160579821319486,0.158187669760701,1.0151222377977,0.310047562455441,0.481162993488963
BSU_00760,pabC,300.430683078002,-0.0863571465546617,0.233898653731167,-0.369207540005412,0.711973036188163,0.816154835759973
BSU_00770,folP,503.316280008125,-0.21536260219664,0.1781057944475,-1.20918358026876,0.226592324474046,0.387354875830545
BSU_00780,folB,278.99703425582,-0.154238940073606,0.206987752021551,-0.745159742869941,0.456175156260754,0.617246562614137
BSU_00790,folK,371.507862552849,-0.329274352314834,0.201153372308635,-1.63693180251346,0.10164472000494,0.218653829843955
BSU_00800,yazB,187.340535089714,-0.114717538334901,0.294063357343953,-0.390111639107489,0.696453996587974,0.804227269380619
BSU_00810,dusB,1863.973053553,-0.210128819058522,0.141427645021697,-1.48576905898621,0.137340216886156,0.272116920624647
BSU_00820,lysS,1572.09131895541,-0.057486433318609,0.193858280342898,-0.296538446626714,0.766818910354842,0.857948114194113
BSU_rRNA_6,rrnJ-16S,15578.1850637534,-0.8174225601256,1.07172580433009,-0.76271613207685,0.445632707578446,0.608019433283445
BSU_rRNA_7,rrnJ-23S,16763.4005854309,-0.888829027758065,0.980362003744226,-0.906633492896934,0.364600644046565,0.536229419681924
BSU_rRNA_8,rrnJ-5S,0.0,,,,,
BSU_tRNA_12,trnJ-Val,1.00190551772144,-1.03977259575444,3.43746157081394,-0.302482682157881,0.762284133171247,
BSU_tRNA_13,trnJ-Thr,17.9786660382531,-0.689133961394399,0.691146989479501,-0.99708740960209,0.318722083759524,0.490307666506747
BSU_tRNA_14,trnJ-Lys,78.1862743799923,-0.720436845350347,0.348515300455658,-2.067159876219,0.0387190915992586,0.104580956062629
BSU_tRNA_15,trnJ-Leu1,88.8203305281924,-0.493334247364481,0.356545875498013,-1.38364872872364,0.166466039876129,0.312197352170514
BSU_tRNA_16,trnJ-Gly,113.716176588691,-0.667749288841723,0.301174912219079,-2.21714778273428,0.0266129944788856,0.0776090484597173
BSU_tRNA_17,trnJ-Leu2,116.244965200843,-0.686954093603146,0.30906233305366,-2.2227040313058,0.0262357638960754,0.0767726075139464
BSU_tRNA_18,trnJ-Arg,34.4082307510642,-0.923014241954597,0.511874691930244,-1.80320351153517,0.0713562592073234,0.167856107889936
BSU_tRNA_19,trnJ-Pro,6.88584906709016,-1.12612860351285,1.03271767458346,-1.09045156408992,0.275514278342158,0.44228114398518
BSU_tRNA_20,trnJ-Ala,39.5510815321196,-0.276000160117935,0.470304946709353,-0.58685361922953,0.557302021886829,0.701127225164882
BSU_rRNA_9,rrnW-16S,15422.6779482565,-0.810145328216754,1.07909005788136,-0.750767113735959,0.452792824358597,0.614825178198466
BSU_rRNA_10,rrnW-23S,16683.5224633294,-0.890982356480755,0.987724957979846,-0.902055120995469,0.367027587506999,0.538307128343599
BSU_rRNA_11,rrnW-5S,0.268243540210778,1.25825874717295,3.51547557283931,0.357919923237214,0.720403240520511,
BSU_00830,ctsR,795.835128838928,-0.507815518996509,0.164370948963369,-3.08944811841221,0.0020052872648654,0.009305838359862
BSU_00840,mcsA,644.83228956318,-0.338652384068989,0.174288009451302,-1.94306186142778,0.0520086843867733,0.131964929738812
BSU_00850,mcsB,2549.59781679717,-0.460756505846673,0.128731095852887,-3.5792168379676,0.0003446254355125,0.0020183166885326
BSU_00860,clpC,12164.8503330579,-0.700338226781846,0.123258895993091,-5.68184731121638,1.33247596322111e-08,1.81919387133017e-07
BSU_00870,radA,2555.89309444561,-0.977826185478899,0.140244837706111,-6.97227934712275,3.11846545022442e-12,6.15860665193158e-11
BSU_00880,disA,2402.39936016441,-1.12592227426548,0.166985950096088,-6.74261681068134,1.5555908590041e-11,2.90970871688609e-10
BSU_00890,yacL,2670.25284020401,-1.03913965571111,0.153174814830556,-6.78401117612328,1.1688428079649699e-11,2.2155832868836102e-10
BSU_00900,ispD,1480.89031360892,-0.815247742588248,0.191382557762324,-4.25978078734164,2.0462749272652e-05,0.0001591297315232
BSU_00910,ispF,133.871236689017,-0.959251723234979,0.296029153854315,-3.2403961256703,0.0011936375255334,0.0059836894137129
BSU_00920,gltX,2228.59434825036,0.0340152425128646,0.131865166097138,0.257954723901893,0.796441850000359,0.875179113639111
BSU_00930,cysE,112.802513099026,-0.257354911172377,0.306106580787132,-0.840736290316289,0.400495685329559,0.569683309852364
BSU_00940,cysS,483.483688228928,-0.0486283924268647,0.201501000965795,-0.241330773513723,0.809298761790199,0.883363121481025
BSU_00950,mrnC,134.043954227642,0.479929959723521,0.340506718518012,1.40945812115638,0.158699748403832,0.301764053615168
BSU_00960,rlmB,358.928145886316,0.0451752996687111,0.201625485470347,0.224055503515973,0.822714115315069,0.891816219971352
BSU_00970,raeA,268.867569821733,-0.11214485960701,0.277643666504273,-0.403916505710331,0.686274118311734,0.79746190570029
BSU_00980,sigH,10728.3103105038,-0.0973000284564003,0.135329557250813,-0.718985788714801,0.472149675949577,0.631217734282715
BSU_00990,rpmGB,1984.26372866787,-0.111974829375311,0.17378769537418,-0.644319663335308,0.519368167356465,0.670828772329579
BSU_01000,secE,2571.89781549708,-0.263031084321596,0.139108793677659,-1.89083002855367,0.0586470372922995,0.144944889605997
BSU_01010,nusG,721.345389757297,-0.628683279437623,0.158956386055201,-3.95506777072359,7.65129596782814e-05,0.000531708718157
BSU_01020,rplK,5552.08610640811,-0.0053785164221512,0.125660905982552,-0.0428018275063057,0.965859507186907,0.979235784984625
BSU_01030,rplA,3028.71221022822,-0.176060098757096,0.129716759166684,-1.35726562926893,0.174696824177505,0.324055358434987
BSU_misc_RNA_3,ldlJ,933.952188110249,-0.327448612946888,0.161527685735069,-2.0271980710722,0.0426421603560345,0.112809104592974
BSU_01040,rplJ,606.605417441186,-0.720710923374594,0.197185587427392,-3.65498783545717,0.0002571941726046,0.0015712898660131
BSU_01050,rplL,772.292681277819,-0.641817887250332,0.186445780180845,-3.44238355315843,0.0005766120552053,0.0031837383438255
BSU_01060,rlmG,35.5217393027138,-1.04190872136717,0.51209064958166,-2.03461774242184,0.0418893507155364,0.111512340525497
BSU_01070,rpoB,29715.2457219859,-0.923957870470394,0.127839165844587,-7.22750234144709,4.91957663604942e-13,1.02394717630715e-11
BSU_01080,rpoC,50201.06443483,-1.04869924544543,0.123856015059177,-8.46708369346761,2.51613301968112e-17,7.122333867710701e-16
BSU_01090,rulS,1544.657430131,-1.4397565460652,0.151600783289893,-9.4970257726972,2.15970602145314e-21,7.974010232252211e-20
BSU_01100,rpsL,4236.56819885421,-1.11552959888225,0.129384204196181,-8.62183761775744,6.58880949516397e-18,1.92938518044595e-16
BSU_01110,rpsG,3362.15671026931,-1.0283766378354,0.13747697951021,-7.48035519473298,7.412200026780611e-14,1.63068400589173e-12
BSU_01120,fusA,12948.2965898684,-0.941835480081704,0.162010111782585,-5.8134363943013,6.12032334811073e-09,8.77935572164803e-08
BSU_01130,tufA,18368.7086629633,-0.550895232917681,0.166680300428001,-3.30510103175417,0.0009494216889202,0.004916151818482
BSU_01140,ybaC,49.8739683275916,-0.212292877812467,0.412938501071294,-0.51410289246876,0.607180055255387,0.74403651215422
BSU_01150,rpsJ,269.671482668887,-1.34220426772595,0.249991082855725,-5.36900857580012,7.91706552299702e-08,9.85802352218338e-07
BSU_01160,rplC,536.585120995464,-1.29770082129435,0.253722298568051,-5.11465026376581,3.14322787417403e-07,3.43972823550076e-06
BSU_01170,rplD,365.469343578761,-1.55187158989571,0.290265997129668,-5.34637747873188,8.9731972366731e-08,1.10756382171262e-06
BSU_01180,rplW,120.194774321444,-1.68686229558735,0.414744627681437,-4.06723121410272,4.75750336445023e-05,0.0003465903831818
BSU_01190,rplB,645.870743070453,-1.83252588798957,0.277179183616535,-6.61134023154059,3.8085601887772e-11,6.82326859137046e-10
BSU_01200,rpsS,194.26921320433,-1.91242911192678,0.393975468165655,-4.85418323336482,1.20883926553447e-06,1.21917613336327e-05
BSU_01210,rplV,279.299472764083,-1.92081638855581,0.309395661959901,-6.20828481042101,5.356600670743471e-10,8.550423476683e-09
BSU_01220,rpsC,337.589542910026,-2.15632884441965,0.33410059032294,-6.45413060280843,1.08841916916557e-10,1.87862918385245e-09
BSU_01230,rplP,138.987239318,-1.99169713548585,0.451498657181324,-4.41130245640127,1.0275067121163e-05,8.55449705812902e-05
BSU_01240,rpmC,76.9055599403259,-1.59653056851057,0.537483886730558,-2.97037847631498,0.0029743305775848,0.0129528283409488
BSU_01250,rpsQ,87.764078486493,-2.23572899381493,0.393360753047052,-5.68366054949947,1.3184183809276e-08,1.8058078856189e-07
BSU_01260,rplNA,189.52098966771,-2.32261872147546,0.438167175786041,-5.30075927597461,1.15322062683377e-07,1.37158957466e-06
BSU_01270,rplX,176.837579777629,-1.68259362828209,0.447357028534857,-3.76118742068895,0.0001691086558858,0.0010813785435111
BSU_01280,rplE,267.707292393264,-1.8189290063842,0.375849871057579,-4.83950945963087,1.30159996305552e-06,1.30037492779618e-05
BSU_01290,rpsNA,144.90575889199,-1.98483426586574,0.445843638037428,-4.45186181102155,8.51289461565077e-06,7.2581828389665e-05
BSU_01300,rpsH,217.213090831346,-1.77339195451462,0.402976541305228,-4.40073248127709,1.07886068513727e-05,8.92951748361181e-05
BSU_01310,rplF,290.525269092821,-1.64437996351451,0.332066019854362,-4.95196697402432,7.34670747844391e-07,7.58981020765762e-06
BSU_01320,rplR,240.778980604073,-1.46228092263214,0.337481650770015,-4.33291978777432,1.47144731623602e-05,0.0001185534213422
BSU_01330,rpsE,202.479794848666,-1.40019570388575,0.329448812599775,-4.25011610403571,2.13659736307122e-05,0.000165547306635
BSU_01340,rpmD,69.9097255286803,-1.69751514625017,0.438572030426615,-3.87055039647407,0.0001085899045762,0.0007260987950087
BSU_01350,rplO,585.755158859794,-0.476185544613698,0.220418256860104,-2.16037251812551,0.0307438431565099,0.0868518682917772
BSU_01360,secY,1889.36065452829,-0.644773860644231,0.205134203680504,-3.14318065478961,0.0016712266171599,0.0079820339892699
BSU_01370,adk,927.789474014372,-0.489919842031885,0.200497764075559,-2.44351773343096,0.0145448547656218,0.0486662358824508
BSU_01380,mapA,935.355165836712,-0.721485740981747,0.244437413748442,-2.95161747098278,0.0031611427839802,0.0136543359723093
BSU_01389,ybzG,358.682714792655,-0.741419567900311,0.236206391416515,-3.13886327738239,0.0016960456162619,0.0080733292451214
BSU_01390,infA,212.022661861703,-0.625750934987103,0.244376340308793,-2.5606035927881,0.0104490506150226,0.0369107062490733
BSU_01400,rpmJ,157.208580957576,-0.299857144492717,0.298933109323051,-1.00309111015424,0.31581690355313,0.487911403642979
BSU_01410,rpsM,364.21516145648,-0.38346793530412,0.206784889850482,-1.85442918765192,0.0636777822661287,0.154765806240402
BSU_01420,rpsK,310.605962436939,-0.297298940781746,0.209185357151632,-1.42122252164258,0.15525207929121,0.297473072504729
BSU_01430,rpoA,2199.71622396052,-0.452924674357984,0.162659104742632,-2.78450244192987,0.0053609917401968,0.0214540725060094
BSU_01440,rplQ,563.163090822887,-0.0706168598351175,0.242996108104482,-0.290609015864379,0.771350363888527,0.860549113355962
BSU_01450,ecfA,193.114073929592,-0.65830259841115,0.247839461913386,-2.65616537951173,0.0079034844297679,0.029429316302744
BSU_01460,ecfAB,158.361854272377,-0.358674367106538,0.260608232452314,-1.37629714814235,0.168729655488888,0.315189668810304
BSU_01470,ecfT,102.832501756874,-0.581279657670308,0.39879384866887,-1.45759434256711,0.144952389963924,0.282973723120377
BSU_01480,truA,126.720773959588,-0.837577554295266,0.31431998052588,-2.66472895834983,0.0077050396011156,0.0287745875882781
BSU_misc_RNA_4,ldlM,11.0654014417756,-1.96427689077519,0.995995569822326,-1.97217432515848,0.0485897095567646,0.125387790616561
BSU_01490,rplM,1119.0151451609,0.160263779729532,0.206528128851858,0.775990082418695,0.437754841671694,0.601328714894213
BSU_01500,rpsI,1100.35336861518,0.563342634876847,0.266886480834413,2.11079494590948,0.0347899407407766,0.0961080601075716
BSU_01510,ybaJ,844.596673833109,-0.859806645810237,0.225736124554312,-3.80890142199357,0.0001395855899209,0.0009174619424214
BSU_01520,ybaK,9.72925642179075,-3.67341688416214,1.23597280976609,-2.97208551445184,0.0029578428738214,0.0129075034349907
BSU_01530,cwlD,559.315364332434,-2.49053736697372,0.242682579921156,-10.2625304534955,1.03946520401364e-24,5.1320572746999e-23
BSU_01540,salA,2519.16244532419,-0.083730970728019,0.154135917726069,-0.543228158389572,0.586972721326869,0.725979077994141
BSU_01550,gerD,56.9816621925982,-1.88902841454568,0.505427536118397,-3.73748614698186,0.0001858693273371,0.0011814388680742
BSU_01560,kbaA,182.478285088801,-0.0992369169560463,0.282852491519706,-0.350843354509156,0.72570586984838,0.82497812611293
BSU_01570,pdaB,1105.33319992633,-2.62787087338055,0.2137676250806,-12.2931190931729,9.86257737431862e-35,7.90122708138809e-33
BSU_rRNA_23,rrnI-16S,12866.9044889253,-0.830316989098396,1.09999956980718,-0.754833921656842,0.450348637642465,0.612289566259976
BSU_rRNA_14,rrnI-23S,16239.4667380212,-0.910093760266632,1.00065327507234,-0.909499606845179,0.363086465247669,0.534944936338356
BSU_rRNA_15,rrnI-5S,0.968440138196059,-1.45622044939224,3.43151084209357,-0.424367142172221,0.671298079823341,
BSU_tRNA_23,trnI-Asn,0.409863819886608,-0.329292006120061,3.48864868805333,-0.0943895575520979,0.924799710637044,
BSU_tRNA_24,trnI-Thr,29.7903122582777,-0.474211034877488,0.595435111610721,-0.796410936524539,0.425793223595194,0.591426588900166
BSU_tRNA_25,trnI-Gly,12.1971693637716,-2.06569010326592,1.05819286700019,-1.95209225811721,0.0509272522314815,0.130184896432794
BSU_tRNA_26,trnI-Arg,38.2663637216589,-1.29694803073915,0.490243879824661,-2.64551600563174,0.0081566428138228,0.0301419542101755
BSU_tRNA_27,trnI-Pro,4.19774720476302,-1.42946079146225,1.2674146624063,-1.12785565282028,0.259380885329278,0.423751919626054
BSU_tRNA_28,trnI-Ala,8.10346804411983,-0.483728335892313,1.0274974927952,-0.470782984176811,0.637795716986184,0.76477848470018
BSU_rRNA_16,rrnH-16S,14719.3331481765,-0.81743630545389,1.09142792095044,-0.748960412101284,0.453881066454108,0.615908919195954
BSU_rRNA_29,rrnH-23S,12120.4192833696,-0.925998785249722,0.977471188491092,-0.947341257883184,0.343464913611345,0.514258681176449
BSU_rRNA_24,rrnH-5S,0.0,,,,,
BSU_rRNA_25,rrnG-16S,14288.7826547884,-0.811579077387627,1.08718781287333,-0.74649390636812,0.455369111262859,0.616678399478425
BSU_rRNA_27,rrnG-23S,16806.8398381788,-0.884403383678964,0.996588248940828,-0.887431077597901,0.374846857864759,0.545442000854615
BSU_rRNA_28,rrnG-5S,0.0895268132803203,-0.704551994243837,3.52483279121962,-0.199882387612507,0.841572565133124,
BSU_01580,ybaR,199.525576961899,0.7518436071921,0.231306242437682,3.2504250610299,0.0011523263372277,0.0058108997955691
BSU_01590,ybaS,305.773738364032,-0.125043997934019,0.239129080151119,-0.522914226304037,0.601033944110431,0.739064618213985
BSU_01600,eesA,3.48320321709344,0.939411469444275,1.86943489038519,0.502510932194442,0.615308164364008,0.749454522630401
BSU_01610,feuC,7.38053009228365,0.393517673343503,1.19990768284266,0.327956624472337,0.742944459036944,0.839420482456323
BSU_01620,feuB,16.8348709158417,1.02214341644033,0.830835057806561,1.2302603348718,0.218599632642025,0.377311179014272
BSU_01630,feuA,53.4776074536961,0.942258202331325,0.491941035790197,1.91538849939158,0.055442976720297,0.138558065878015
BSU_01640,btr,96.5684280502959,0.78666845208102,0.313436769032853,2.50981547094293,0.0120794265489023,0.0415297531389793
BSU_01650,ybbC,4707.30739266396,0.572491161636214,0.186176508786447,3.0749913905244,0.0021050863026094,0.0096733727715148
BSU_01660,nagZ,5335.37757312963,0.47516284157601,0.198185999385044,2.39756008522501,0.0165046738214707,0.0534500771985417
BSU_01670,amiE,2651.22865788525,0.699847304900487,0.152734740182432,4.58210950609248,4.60308725256939e-06,4.17369070649665e-05
BSU_01680,murP,1764.98637185456,0.775388547151896,0.169232671854586,4.58178990294589,4.61012939554152e-06,4.17369070649665e-05
BSU_01690,murR,486.025209940931,0.947281067807389,0.197314154667538,4.80087740995317,1.57971955588779e-06,1.54907372616618e-05
BSU_01700,murQ,831.012611471263,0.812281800177304,0.162769324887678,4.99038624592094,6.02586785690141e-07,6.28644592638903e-06
BSU_01710,ybbJ,40.3361008605926,1.00715712568023,0.48436330170914,2.07934234927861,0.0375858952811789,0.102063409537767
BSU_01720,ybbK,79.1254696115083,1.14884561697756,0.393647090937906,2.91846591382223,0.0035175833068495,0.0150409453382508
BSU_tRNA_75,trnSL-Glu2,21.040407777351,-0.818557962491246,0.701179624577941,-1.16740123899629,0.24304837101314,0.404699366008546
BSU_tRNA_78,trnSL-Val1,0.0895268132803203,-0.704551994243837,3.52483279121962,-0.199882387612507,0.841572565133124,
BSU_tRNA_76,trnSL-Thr1,20.4446666480544,-1.04184579854897,0.623385578901597,-1.67127029211151,0.0946683015773634,0.20743727643113
BSU_tRNA_77,trnSL-Tyr1,55.89827506915,-0.924235722777937,0.425445421567327,-2.17239550815492,0.0298258435363352,0.0849472053854853
BSU_tRNA_74,trnSL-Gln2,20.3937232105458,-0.691010245159104,0.633543672467722,-1.09070656876351,0.275402019289506,0.442268144441469
BSU_01730,sigW,2820.41188381635,-0.473640219394065,0.207164255637563,-2.28630280806119,0.0222365497238668,0.0676335172833369
BSU_01740,rsiW,4190.57018080949,-0.357457666401303,0.163134532132668,-2.19118332414502,0.0284385288545175,0.0815327437652135
BSU_01750,cdaA,544.052604540002,0.171963254540167,0.188878651522297,0.910443044537869,0.362588905792005,0.534944936338356
BSU_01760,cdaR,866.678430023221,0.349337770584193,0.151813253965924,2.30110192264639,0.0213858706903549,0.0655154451307699
BSU_01770,glmM,535.169676268473,0.0266875387244574,0.178255275453348,0.149715281393969,0.880989251263708,0.930604381840436
BSU_misc_RNA_5,glmSA,2297.45954964299,-0.213100068956601,0.199409528731661,-1.06865539631942,0.285224976954945,0.453717790005056
BSU_01780,glmS,24207.1446145437,0.0970058159794958,0.119596988009702,0.811105844669151,0.417304889713254,0.585550747429768
BSU_01790,ybbU,3.46886888585729,-2.62053231662471,2.13565100445207,-1.22704145535101,0.21980701017618,0.378620918948503
BSU_01800,alkA,238.203449793117,-0.908270440756473,0.280079281143178,-3.24290478413561,0.0011831774495997,0.005945291657989
BSU_01810,adaA,14.1099021841769,0.359953138665288,0.803973512552303,0.44771765866089,0.654356975722489,0.775945226759787
BSU_01820,adaB,55.6303150147068,-0.284106882388242,0.572399336333597,-0.496343836119795,0.619651843328116,0.752156011083814
BSU_01830,ndhF,63.8439958382838,0.426548968039487,0.437892291432766,0.974095631242642,0.330009058508134,0.50258911851705
BSU_01845,ybcC,96.3643181700716,-0.0213605784190717,0.311916361623429,-0.0684817503894199,0.945402147047074,0.969737112184956
BSU_01860,ybcF,27.5654933080688,-1.57722957871972,0.744912367365239,-2.11733574017357,0.0342313636848301,0.0948736097949012
BSU_01870,ybcH,20.1022728010253,-1.36521820423596,0.757213838715455,-1.80294935780879,0.0713961683582722,0.167856107889936
BSU_01880,ybcI,47.6218032554965,-1.56707344689891,0.636149436467404,-2.46337315898764,0.0137636585196765,0.0463078399956787
BSU_01889,ybzH,381.195944232901,0.629018787383786,0.212953157668143,2.95378943553409,0.0031389810150689,0.0135862521814299
BSU_01890,ybcL,24.1393859679643,0.407463453048001,0.583884604959136,0.697849283209853,0.485271454521119,0.641888196897333
BSU_01900,ybcM,2.73315378109224,1.61396924131316,1.88366797129219,0.856822574843687,0.391542947514924,
BSU_01910,skfA,16432.7073269922,-1.03963921548741,0.186100069315736,-5.586452596767,2.31754769347312e-08,3.06551635716102e-07
BSU_01920,skfB,7805.25908115153,-0.31990235309307,0.221766194992383,-1.44252081839641,0.149155502923464,0.288788994716382
BSU_01935,skfC,3533.66892090286,-0.101177430421694,0.259890513851693,-0.389307900939513,0.697048392327993,0.804476073341848
BSU_01950,skfE,2923.45149095652,-0.0615636892790191,0.220938188795831,-0.27864666409441,0.780515997656706,0.867103852969748
BSU_01960,skfF,2047.98995086041,-0.0921498809357174,0.274779205637461,-0.33535973263311,0.7373537396256,0.834646208902313
BSU_01970,skfG,1089.28458596628,0.0402469438960336,0.252293273475041,0.159524442890132,0.873255702254787,0.925803673351767
BSU_01980,skfH,1844.41955547481,-0.366096676554813,0.191301125479531,-1.91371940775114,0.0556560178758804,0.138927367372715
BSU_01990,ybdG,184.80321649605,-0.385193502996172,0.265455379236746,-1.45106685765308,0.146761244135116,0.285716754973729
BSU_02000,ybdJ,192.159806778411,-0.264728713418193,0.292295079047015,-0.905689942784198,0.365099987223316,0.536592089217792
BSU_02010,ybdK,246.300153958444,-0.696841453248027,0.27806654467395,-2.50602406724303,0.0122097308679264,0.0418760236391078
BSU_02019,ybzI,193.652259484832,-0.0653938443191044,0.282668410251267,-0.231344720342026,0.817047007020014,0.888532094981247
BSU_02030,ybdM,97.3456493605697,0.602634023938855,0.368990678515049,1.63319579335736,0.102427824435173,0.219650779066537
BSU_02040,ybdN,1627.67311161021,0.152047455305021,0.185263683148298,0.820708369396454,0.411812402398848,0.579375566794402
BSU_02050,ybdO,2016.67923015504,0.254985844207548,0.138380000242417,1.84264954300374,0.0653801954110671,0.157328095917206
BSU_02060,ybxG,1415.32509914051,0.238591611657743,0.153189511247269,1.55749313197183,0.119353449941414,0.246246233455416
BSU_02070,csgA,22.5848975335177,-3.42353044145286,1.07600360734468,-3.18170907428584,0.0014640880599329,0.0071536454573937
BSU_02080,ybxH,10.6264786952533,-4.41999514476271,1.4306810019075,-3.08943442938686,0.0020053796748171,0.009305838359862
BSU_02090,ybxI,313.5166789705,-0.0190499259599032,0.211937409833421,-0.0898846785703199,0.928378856593488,0.958865634905364
BSU_02100,cypC,136.877836346241,-0.669024719947182,0.316426342515509,-2.11431423385488,0.0344884374452096,0.0954587061347619
BSU_02110,ybyB,663.613087432355,-0.896820755583171,0.268231052272082,-3.34346358479582,0.0008273955233748,0.0043587114047763
BSU_02120,ybeC,140.37044353331,1.8959813708885,0.312218014531607,6.0726200367806,1.25839966976762e-09,1.94296909012121e-08
BSU_02130,glpQA,110.979045772628,0.388136344896537,0.439511748766833,0.88310800788729,0.377177917931412,0.547232068605444
BSU_02140,glpT,54.0602067571676,0.397291212690987,0.49238929331302,0.806864036416856,0.41974482062541,0.587613107408763
BSU_02150,ybeF,3.53991163125223,-1.35015557463315,1.82442515771003,-0.740044374485515,0.459273069284908,0.61942144896979
BSU_02160,ybfA,137.726538784906,0.219701763853973,0.289059605358217,0.760056956355793,0.447220540245904,0.609097052526315
BSU_02170,ybfB,163.769420751108,0.359575342765896,0.294177625533519,1.22230690425138,0.221591589310388,0.380614032448183
BSU_02190,ybfF,88.0773295233637,-0.0858757358776971,0.359147857041318,-0.23910969867716,0.811020521426242,0.884106067772997
BSU_02200,ybfG,421.065444609593,0.0332924502702802,0.249530817964338,0.133420194514965,0.893861075271173,0.93804600237306
BSU_02210,ybfH,41.5417080480371,0.885503136942585,0.76613206750743,1.15581004176411,0.247758864711745,0.409332350025708
BSU_02220,ybfI,71.679527684469,0.25928923737607,0.412450758297119,0.628655014350306,0.529574935211294,0.679122674390563
BSU_02230,purT,94.3334929465615,1.01320649856049,0.356956250249383,2.83846129001139,0.0045331617498081,0.0186690638115279
BSU_02240,mpr,2401.14634965648,0.246578274195639,0.136805654838707,1.80239825967979,0.0714827688186162,0.16787380332071
BSU_02250,ybfJ,1257.26057409807,0.190322801535474,0.138772550121218,1.37147297047742,0.170227563863451,0.31754934819424
BSU_02260,cesB,247.578943906548,0.689371952914002,0.318279551170305,2.16593227676488,0.030316362425007,0.0858155165710533
BSU_02270,pssA,244.535588482823,-0.919688323744855,0.253566179726841,-3.62701494629768,0.0002867167033987,0.0017253601841784
BSU_02280,ybfM,137.512239124865,-0.556171520422838,0.277967899713266,-2.00084801517208,0.0454087711989398,0.118869076763686
BSU_02290,psd,340.390937842782,-1.1411025050761,0.227309454065773,-5.02003979449934,5.16607761121883e-07,5.42949642010771e-06
BSU_02300,ybfN,32.1013903587325,-1.47640711614897,0.563034923182391,-2.62223008797396,0.008735643250959,0.0317564565441541
BSU_02310,ybfO,1401.29631562097,-0.70250008453472,0.245949951384076,-2.85627250821325,0.0042864705779736,0.0178260079080081
BSU_02320,ybfP,77.1752826852849,-1.11508225009611,0.418422079854185,-2.66496990427632,0.0076995213005009,0.0287745875882781
BSU_02330,ybfQ,898.976980536051,0.174160233373207,0.161150372240049,1.08073118884131,0.2798167052271,0.44766455553665
BSU_02340,gltP,1485.64535626005,-0.529644460021963,0.178092305961031,-2.97398844472179,0.0029395614470568,0.0128673999012404
BSU_02350,gamP,77.2298772577546,0.373590439234505,0.418498637495214,0.892692127913505,0.372022067185675,0.542447011425266
BSU_02360,gamA,81.1692820846398,0.821179722989104,0.353592557603339,2.32238972605952,0.0202119600631213,0.0628257558038162
BSU_02370,gamR,90.2227524897009,0.445574921848784,0.333757735030488,1.33502500491286,0.181868162689903,0.332420240542973
BSU_02380,ybgB,61.6923764328426,-0.146900008287287,0.418994489760967,-0.350601289222425,0.725887489203463,0.82497812611293
BSU_02390,ilvE,3836.40795552521,-0.0733869625933212,0.152176474607782,-0.482249064991601,0.629629025768712,0.758627935134492
BSU_02400,ybgF,72.9443169634154,0.332759171234715,0.37667340020185,0.883415635551642,0.377011745981789,0.547232068605444
BSU_02410,ybgG,77.461953773588,0.84989523570192,0.392226789356624,2.16684647444918,0.0302465624155362,0.0857322456718069
BSU_02420,glnT,10.5597292035921,-1.31403706688268,1.04142394932287,-1.26176958743561,0.207031708633174,0.363096503451656
BSU_02430,glsA,2.75219249258403,-1.00669401381089,2.03216433304097,-0.495380219720938,0.620331754616724,
BSU_02440,glnJ,53.4455986690111,0.472278562498143,0.423131521478487,1.11615074397655,0.264357614338193,0.429732936630922
BSU_02450,glnL,44.3698858479402,0.803377652556792,0.458164363155718,1.75347040748288,0.0795212947688358,0.182512117615393
BSU_02460,kdgD,48.759972555472,-0.819771340639257,0.449560921955076,-1.82349332560799,0.0682287070404088,0.162593184227843
BSU_02470,gucD,81.0904946347969,-0.235541837385055,0.395545345034426,-0.595486308566102,0.551518448368926,0.696741247180738
BSU_02480,gudP,79.2188678895198,-0.209800013428474,0.357655387922701,-0.58659821860091,0.557473579371584,0.701135313392105
BSU_02490,gudD,188.089403727725,0.514699812858761,0.247439232630426,2.08010592090509,0.0375158186466155,0.101979619701363
BSU_02500,garR,367.47200490479,0.230152922828647,0.192537208988623,1.19536854220343,0.231943070738155,0.393302826818772
BSU_02510,garD,549.229984961662,0.232115410057444,0.185465232248736,1.25153058200225,0.210740963265852,0.368176103019957
BSU_02520,ycbJ,1493.60162604166,-0.145826706172512,0.146541859627931,-0.995119800873039,0.319678001335011,0.490914082548564
BSU_misc_RNA_6,tboW,584.857187869965,-0.180060181547364,0.187223507652659,-0.961739173701495,0.336180639236324,0.50797971323752
BSU_02530,rtpA,1.78174251679621,-0.097471419975831,2.75928819807086,-0.0353248421255807,0.971820714537973,
BSU_02540,ycbK,10.88400208114,1.44622383082113,1.11910851691859,1.29229990564564,0.196253304637168,0.349625930706729
BSU_02550,ycbL,47.3862094233792,0.801500929357111,0.557953254733259,1.43650193373329,0.150859566495285,0.291291368503401
BSU_02560,ycbM,39.7418292131597,0.721041031126022,0.533872321791169,1.35058702557737,0.176827759246956,0.326439419896771
BSU_02570,ycbN,55.4902392294017,0.56839097776211,0.393551785762162,1.44425968404984,0.148665941796022,0.288235428705894
BSU_02580,ycbO,39.7416904646801,1.45491442721722,0.804230140385998,1.8090772207554,0.070439007434687,0.166250153178255
BSU_02585,BSU_02585,0.519264001430652,-2.19997351538314,3.47758880189431,-0.632614619124828,0.526985338033717,
BSU_02590,ycbP,71.8660871951136,-0.988185923404106,0.487673370304216,-2.026327422364,0.0427312429271687,0.112974381985528
BSU_02600,cwlJ,159.551911168809,-2.9560139623917,0.415380901806303,-7.11639353070238,1.1078768306268399e-12,2.2400214394483596e-11
BSU_02610,ycbR,91.8607684215867,0.134508199758508,0.330409347532945,0.407095624754066,0.683937756731248,0.79648922520046
BSU_02619,yczK,0.179053626560641,-1.01266333676543,3.51260972501398,-0.288293723482588,0.77312191123795,
BSU_02620,phoD,4.38640702380699,0.695666505665422,1.74301799923876,0.399116076810019,0.68980767683726,0.799815236442109
BSU_02630,tatAD,0.344743622057086,-0.30091446361016,3.48462511077318,-0.0863549030510751,0.931184295108584,
BSU_02640,tatCD,2.20138075528892,-0.199725769802339,2.54588062393114,-0.0784505635986729,0.937469653495316,
BSU_02650,pcp,441.470540510375,0.43909432492047,0.180143462773975,2.43747021489978,0.014790432635866,0.0490626382592868
BSU_02660,ycbU,197.994509884518,0.122035981946131,0.265513242254788,0.459622958575546,0.645786876977914,0.77022783136186
BSU_02670,lmrB,179.59079850765,0.234907665505176,0.238213064291914,0.986124191817258,0.324072173654431,0.495614325962831
BSU_02680,lmrA,98.0544418814559,0.499281361151413,0.309802588345286,1.61161132906658,0.107046543845672,0.226532510968476
BSU_02690,ansZ,23.8965604446722,-1.18445192582878,0.700303322061036,-1.6913412924315,0.0907716378637344,0.200947014791145
BSU_02700,estA,269.261546186077,0.633613294263884,0.270116243791207,2.34570600187099,0.0189910807748168,0.0598634958944856
BSU_02710,yczC,21.6474619896392,0.678468877715681,0.617385699465386,1.09893844043228,0.271794918086188,0.438507997501339
BSU_02720,yccF,181.349449976675,0.702679382779741,0.267865769646968,2.62325187613868,0.0087094858218091,0.0316884976858627
BSU_02730,natK,44.4047096056612,-0.384553057885501,0.45779938197892,-0.840003444791037,0.400906455072,0.569751919176025
BSU_02740,natR,84.7606005557761,0.894589820484266,0.397891393814434,2.24832663986062,0.024555369217404,0.0728087274421072
BSU_02750,natA,4.41733161571878,2.55624260868102,1.7441147203303,1.46563903101335,0.1427466520776,0.280213723865691
BSU_02760,natB,11.6812056582589,-0.527599701576597,1.06028325785077,-0.497602595976154,0.618764173655771,0.751869005381738
BSU_02770,yccK,445.615700583628,-1.02767225617482,0.193099473370659,-5.32198373323463,1.02641752462819e-07,1.24875897122387e-06
BSU_02780,ycdA,815.273349448819,-0.335213049206397,0.178597983402476,-1.87691396520969,0.0605298865151459,0.148904923605625
BSU_02785,BSU_02785,10.2591510110867,-1.00799107215442,0.863113041548123,-1.16785522131196,0.242865169070969,0.404673680325334
BSU_02790,ycdB,99.7012783954311,-0.903390194760216,0.352540758204096,-2.56251276976382,0.0103917766098205,0.0368002364347773
BSU_02800,ycdC,62.9423667155176,-0.219178499393669,0.375466640552361,-0.583749595093796,0.559388794724315,0.702919450251388
BSU_02810,cwlK,59.8757380520533,0.311036733624586,0.38018133376804,0.818127314515549,0.413284493547804,0.581061576027807
BSU_02820,rapJ,1646.23225871786,0.0956424153936724,0.142176156519309,0.672703621585683,0.501135863116821,0.654916243396129
BSU_02830,ycdF,19.2725736785074,0.116593311741958,0.716090081633057,0.162819336187515,0.870660683349129,0.924437424731284
BSU_02840,ycdG,33.8551369986097,0.125239645045783,0.669284334248771,0.187124722090435,0.851562845082294,0.911854791018595
BSU_02850,znuA,1098.96234562679,0.635833465800751,0.144081885913215,4.41300071671559,1.01947658865615e-05,8.50431747629468e-05
BSU_02860,znuC,147.122792140948,0.556001663205005,0.2942904180286,1.88929584228247,0.0588521983571162,0.145367326483022
BSU_02870,znuB,218.163306282597,0.471936821572489,0.220213903567829,2.14308367422008,0.0321063801347858,0.0900761358010913
BSU_02880,yceB,42.8042555228529,0.395789743514389,0.462370048532729,0.856002123775915,0.3919966047189,0.561627444455482
BSU_02890,yceC,675.975039819315,0.288081963989846,0.194946241739933,1.47775079641782,0.139474492652436,0.27522731861841
BSU_02900,yceD,1096.88493953748,0.230416236809132,0.171089406804827,1.34675922438601,0.178057791123753,0.327854892069149
BSU_02910,yceE,1419.59083910059,0.28574975652446,0.178048862626628,1.60489515242612,0.108516880551562,0.229235161602952
BSU_02920,yceF,2007.4304793678,0.199488668373172,0.152469122986442,1.3083873276487,0.190741968640551,0.343756536013488
BSU_02930,yceG,1069.89764227983,0.0776660961182557,0.183505413926239,0.423235993186958,0.672123088509921,0.786830613127412
BSU_02940,yceH,766.285191376112,-0.176382114470246,0.182420339508382,-0.966899387127505,0.333594333055916,0.505387244737921
BSU_02950,niaP,37.1613227429874,0.135848157184764,0.580785364790805,0.233904236264106,0.815059324369639,0.887142243341063
BSU_02960,yceJ,0.0,,,,,
BSU_02970,yceK,657.674544992411,0.216601282863958,0.161690348068476,1.33960552037545,0.180373628142325,0.330257190639204
BSU_02980,opuAA,131.818445095588,-0.28414434619527,0.293652298172159,-0.967621734833775,0.333233318326164,0.505370764437149
BSU_02990,opuAB,98.2056140320111,-0.467591473062133,0.369904941213999,-1.26408550133863,0.206199339965988,0.361786114667597
BSU_03000,opuAC,129.473045140512,-0.698593084712286,0.278722338869228,-2.50641225079578,0.0121963326427043,0.0418760236391078
BSU_03010,amhX,3810.51906598092,0.56227958436786,0.174345867846597,3.22508122109666,0.0012593693452175,0.0062835278963496
BSU_03020,ycgA,995.378732666893,0.42930118216273,0.144738625171904,2.96604435514609,0.003016569806974,0.0131098827025707
BSU_03030,ycgB,226.098407912023,0.379418577893464,0.22364901052322,1.6964911984445,0.0897928956094245,0.199299861347421
BSU_03040,amyE,7292.44198160682,0.266209322901053,0.147644310018907,1.80304491833761,0.071381160571799,0.167856107889936
BSU_03050,lctE,15.4770870486184,-2.03376916917344,0.993889702502841,-2.04627250292658,0.0407295674756822,0.108834325677625
BSU_03060,lctP,18.3498680765693,-1.12275316032325,0.727892775647508,-1.542470536714,0.122959292307515,0.251486105557664
BSU_03070,mdr,255.713019717551,-0.0965097813498662,0.235311421559988,-0.410136408636939,0.681705885969826,0.794980277898347
BSU_03080,ycgE,80.5664352450076,0.864441275368808,0.345267899745236,2.50368272291359,0.0122908196905765,0.0421201133221856
BSU_03090,ycgF,199.15956760336,-0.0118819459424025,0.325284829736476,-0.0365278207164731,0.970861495783356,0.982111859630964
BSU_03100,ycgG,316.670981473176,-0.845609553656443,0.234149684922168,-3.61140590019383,0.0003045415850272,0.0018212444648248
BSU_03110,ycgH,7.48558844785706,-1.03470612710928,1.15069147137061,-0.899203785595824,0.368544124320448,0.539971826040242
BSU_03120,ycgI,6.34386285475712,-4.98609405781855,1.61507065769859,-3.08722967261601,0.0020203143458042,0.0093343359219641
BSU_03130,nadE,644.656812218638,0.293937678347109,0.191105039287384,1.53809485842539,0.12402542297248,0.252700900196129
BSU_03140,tmrB,61.8414984163521,-1.26774351283282,0.603411878316235,-2.10095882827222,0.0356445805673146,0.097873180230316
BSU_03150,aroK,109.433337340067,0.301177815493067,0.295245277172352,1.02009359261402,0.307684075265671,0.47871989138074
BSU_03160,ycgJ,14.3703107987174,0.315043802522717,0.863691073333768,0.364764453691384,0.715287241352261,0.818186860663174
BSU_03170,ycgK,82.3718029379727,0.269433183948108,0.403746332332893,0.667332833443443,0.504559558324321,0.657972937544554
BSU_03180,cah,30.1694004844461,-0.166327395477604,0.628339648358676,-0.264709374797656,0.791233355006272,0.872188013726914
BSU_03190,ycgL,205.332014712005,-3.21193496601303,0.382856405524426,-8.38939853079749,4.8863561481454803e-17,1.3649650134885302e-15
BSU_03200,putB,6681.52944372952,-0.108673088895783,0.181550341104379,-0.598583777010386,0.549450476991349,0.694748875909848
BSU_03210,putC,14722.068420954,-0.0780675905949071,0.189490217789714,-0.411987444552638,0.68034862590175,0.793833543714985
BSU_03220,putP,11143.205451637,-0.185336455175644,0.161907143158427,-1.14470832824399,0.252330000373858,0.41462584426757
BSU_03230,putR,1352.50973710623,0.426996490752912,0.158764650777138,2.68949346509318,0.0071560548144046,0.0270921852779915
BSU_03240,ycgQ,96.5831512289948,-0.417347115019956,0.468366992103912,-0.891068589494802,0.372892374681913,0.543342835586617
BSU_03250,ycgR,25.8917781929453,1.06357250471754,0.918385964358836,1.15808880578882,0.246827797733873,0.408429785338279
BSU_03260,ycgS,44.9603980477473,-0.148669413567201,0.473178654439535,-0.314192984346041,0.753374470774833,0.846256602033447
BSU_03270,ffoR,498.629466835685,0.597702024331202,0.231460401808881,2.58230790087684,0.0098141982197671,0.0349296610571093
BSU_03280,nasF,474.565611080547,0.603512840865561,0.190837691206259,3.16244048568623,0.001564527116432,0.0075517211786346
BSU_03290,nasE,82.3242939639056,0.788131874159012,0.349437505617131,2.25543011694499,0.0241063441281815,0.0719294006804347
BSU_03300,nasD,128.718374340635,0.952937539502008,0.285933127551314,3.33272869661104,0.0008599875840273,0.0045080336812098
BSU_03310,nasC,19.8482457598712,-0.459950479187611,1.03012910506178,-0.446497897134967,0.655237631263657,0.776390348374577
BSU_03320,nasB,17.0106318377425,0.332653895314765,0.659091637393666,0.504715697243895,0.613758534259051,0.74842582896724
BSU_03330,nasA,9.48425117108773,1.148457774977,1.27766136414772,0.898874934473033,0.36871928047628,0.540042105864879
BSU_03340,folEB,13.0100489178675,0.286590398651988,0.853806485445795,0.335662007184628,0.737125759014243,0.834646208902313
BSU_03350,yciB,7.36666113787182,-4.6623514449989,1.57655486634594,-2.95730364005984,0.0031034234324036,0.0134597915158183
BSU_03359,yczL,1.43286667475944,2.05536479737663,2.52390596546968,0.814358706503608,0.415439487310969,
BSU_03360,zinU,10.1985605682274,0.790336649680007,0.984150823021151,0.803064562049369,0.421937419206028,0.589130641877275
BSU_03370,yckA,70.3493610576082,0.889359950653344,0.408117481918502,2.17917631578189,0.0293185726636693,0.0837166506590046
BSU_03380,yckB,129.563243401813,0.584358963697004,0.292525240668066,1.99763604112401,0.0457561328945172,0.119410289041254
BSU_03385,BSU_03385,1.40637779708729,-0.902550243509887,3.41608414879496,-0.264206092179628,0.791621116936074,
BSU_03390,yckC,259.930015921173,-0.136803841171602,0.258829590395144,-0.528547918198804,0.597119097724121,0.734781987859768
BSU_03400,yckD,97.6082990034338,-3.35537692834499,0.599400046252059,-5.59789234139296,2.16973414741361e-08,2.87896599684943e-07
BSU_03410,bglC,39.5740069207501,-1.8164455946467,0.685355595434094,-2.65036954064144,0.008040377278882,0.0298161064857057
BSU_03420,nin,78.5164964326736,1.59147193727429,0.504316386877358,3.1557014181681,0.0016011267359178,0.0076991892646742
BSU_03430,nucA,103.646666435169,1.16284770971756,0.335587787417402,3.46510735288235,0.000530019860491,0.0029494945316448
BSU_03440,tlpC,131.412218331276,0.748608332371482,0.283430553294265,2.64124076840177,0.0082602994053504,0.030450297482052
BSU_03450,hxlB,34.5635759348316,2.14498423307525,0.899861698039259,2.38368211220572,0.0171404013474306,0.0551349576675685
BSU_03460,hxlA,65.5741509443381,1.1097108934861,0.550307715438989,2.01652795763706,0.0437447977796324,0.115152145922082
BSU_03470,hxlR,166.547464120917,0.640040195500547,0.314636247712452,2.03422269415532,0.041929147408068,0.111548345798657
BSU_03480,srfAA,1032158.00104203,0.189873340049146,0.177595615581963,1.06913303814934,0.285009726476353,0.453717790005056
BSU_03490,srfAB,673831.286799314,0.127141820893803,0.192434765811466,0.660700889247668,0.508804153414552,0.661476557072317
BSU_03500,comS,0.0,,,,,
BSU_03510,srfAC,184589.306785791,0.0745534963425108,0.202120836571366,0.368856064556149,0.712235013072081,0.816234781512565
BSU_03520,srfAD,23114.5633911252,0.341139005670669,0.209326708254378,1.6296965089429,0.103165655579454,0.220675754957361
BSU_03530,srfT,286.177493811269,0.0502347705113495,0.204242188343154,0.245956875603724,0.80571561543617,0.880817703951548
BSU_03540,ycxB,162.398042087931,0.176488493481506,0.361025002828151,0.488853935597129,0.624945109938692,0.755797441564984
BSU_03550,ycxC,8.31457838920652,-0.197318229550648,0.953078747970764,-0.207032451380083,0.835984514961424,0.901501352992709
BSU_03560,ycxD,23.9391538310673,-0.604726081198362,0.676582266135864,-0.89379534679812,0.371431399307069,0.542109279332455
BSU_03580,yczE,24.2948034264281,-0.503919734963139,0.625396408248615,-0.80576051975472,0.420380946340882,0.588071169640828
BSU_03590,tcyC,34.7012021111012,-0.644537257344184,0.838697109234693,-0.768498245966677,0.442191232340765,0.605268849941614
BSU_03600,tcyB,30.7864935730862,-0.197250562244978,0.796387981981036,-0.247681490313693,0.804380854308266,0.88034943238831
BSU_03610,tcyA,74.2962503691659,-0.89884729726074,0.464478186814161,-1.93517655463198,0.0529686337670795,0.133951649181072
BSU_03620,bsdA,17.1285214337147,-1.65710483342677,0.993066711519791,-1.66867423326549,0.0951819583146796,0.208320925259861
BSU_03630,ubiX,7.26709205209312,-0.620514414579039,1.12899665863287,-0.549615811379316,0.582582911665785,0.722017914329035
BSU_03640,bsdC,22.8875370506718,-0.411075083317753,0.72592662993469,-0.56627635130941,0.571205933978415,0.712706551769718
BSU_03651,bsdD,2.90446145716438,-2.02188125357494,2.02009379242113,-1.00088484067449,0.316882486234001,
BSU_03652,yclD,12.4679726840888,-0.792085054777183,0.992260007650894,-0.798263609003439,0.424717531340842,0.591093272516513
BSU_03660,yclE,159.771609160733,0.388438258063767,0.267298317714636,1.45320128231581,0.146167876247939,0.284692111260895
BSU_03670,dtpT,2175.17732610059,-0.220335690728557,0.156490359669443,-1.4079825185013,0.159136246507979,0.302323267415159
BSU_03680,yclG,50.6117008467443,-0.643864803171045,0.450830715996882,-1.42817421334597,0.153241720835766,0.294551537649916
BSU_03690,yczF,0.534502271191951,-0.338601721181148,3.45878865699681,-0.0978960424471696,0.922014842562997,
BSU_03700,gerKA,30.5441389314494,-2.20570856968283,0.674492812227667,-3.27017357293694,0.0010748151153882,0.005478926892616
BSU_03710,gerKC,34.2754280817,-3.70477131964192,0.979001939696522,-3.78423286964105,0.000154183410092,0.0009994851286274
BSU_03720,gerKB,44.3234144662732,-1.97177784838978,0.717200988579395,-2.7492681686,0.0059728497803996,0.0234171008010867
BSU_03730,yclH,4.73421155237383,-0.746694286503912,1.69338219504256,-0.440948469099231,0.659250303253431,0.778645740921167
BSU_03740,yclI,12.9820050585219,0.0328768352551955,0.8761623055349,0.0375236814543443,0.970067458370692,0.981626889476158
BSU_03750,yclJ,110.890398135452,-0.17416202645701,0.307133076690763,-0.567057212897865,0.570675311439068,0.712253783765515
BSU_03760,yclK,278.888555749678,0.292889755815807,0.213628128071497,1.37102617740386,0.170366795851738,0.31754934819424
BSU_03770,rapC,4251.09839600193,-0.361909636364435,0.156879500876821,-2.30692751023348,0.0210588615967574,0.0646535982211365
BSU_03780,phrC,1368.64796786945,-1.14609736970503,0.226801131502008,-5.0533141616839,4.34208793302071e-07,4.62067803599147e-06
BSU_03788,yczM,40.9792643527813,0.280569020163551,0.452200735203948,0.620452375065271,0.534959999479199,0.682729232879073
BSU_03789,yczN,22.339399435233,-0.302868127510513,0.66664912035876,-0.454314148569675,0.649602734036988,0.772654193553761
BSU_03790,thrD,3357.62155641195,0.281911561987642,0.164170534912483,1.71718732681187,0.0859449503531287,0.192938027135863
BSU_03800,pbtN,346.919731291336,1.30956706525768,0.306981065066524,4.26595387886186,1.99049900937714e-05,0.000156222898222
BSU_03810,pbtO,201.802870937715,0.789875986545888,0.246928491174438,3.19880457208113,0.0013799868019034,0.0067974755926707
BSU_03820,pbtP,206.292722165574,0.958156667043666,0.252537120848116,3.79412208322407,0.0001481667638045,0.0009649019618313
BSU_03830,pbtQ,644.163757752651,1.12308192930475,0.243059301632119,4.62060872290575,3.82615771542693e-06,3.48623726603063e-05
BSU_03840,ycnB,82.6266649074242,0.582517025049274,0.36900129933155,1.57863136553858,0.114420635940807,0.238365606351144
BSU_03850,ycnC,81.0470559465414,-0.397043698081002,0.435395103365301,-0.911915855305057,0.361813014379837,0.534350629237143
BSU_03860,nfrAB,129.041971832405,0.0973048036109231,0.358086923057247,0.271735149611613,0.785825672382623,0.869363159180984
BSU_03870,ycnE,41.6703953778454,-0.479659301348553,0.450866904372976,-1.06386008087158,0.287392089135669,0.455833698345182
BSU_03880,yczG,702.926871821791,0.465279700650387,0.215119517445875,2.1628892913794,0.0305496956063764,0.0863608572201559
BSU_03890,gabR,105.445129601094,0.599620007402126,0.349967046466433,1.71336133917866,0.0866460841474474,0.194142096722988
BSU_03900,gabT,1537.03121420454,1.19057119099858,0.239886382762064,4.96306283537351,6.93901204263602e-07,7.20367851663387e-06
BSU_03910,gabD,2888.08798645781,0.51055184518888,0.214729242543824,2.37765401274901,0.0174231653287233,0.0558751963638665
BSU_03920,glcU,10.389990869773,-6.10211936705905,3.28299211433283,-1.85870667809969,0.063068726373815,0.153549204233497
BSU_03930,gdh,32.9065959996813,-3.40449450513455,0.863508517494108,-3.94262990597285,8.05929713350469e-05,0.0005555158381308
BSU_03940,cutI,459.734447918882,0.175584194389624,0.182924624047051,0.95987183411929,0.337119723339156,0.509036395909692
BSU_03950,cutJ,945.757446925188,0.121086616675262,0.154180562628624,0.785355913941791,0.432244921267664,0.596204975884242
BSU_03960,cutR,449.146700530915,0.167373738598947,0.236436939199308,0.707900124091256,0.4790072826643,0.637900066219756
BSU_03970,ycnL,55.3690940623383,-0.55154784728959,0.587722117986764,-0.938450043668444,0.348013178422577,0.519024922930194
BSU_03981,mtlA,120.471487070945,0.916176950944515,0.294057769937132,3.11563592126944,0.001835487369605,0.008630652681443
BSU_03982,mtlF,57.0046309590899,0.289537976263591,0.438227300314752,0.660702735899004,0.508802968916482,0.661476557072317
BSU_03990,mtlD,185.37916061242,0.565819309073044,0.279019694698118,2.02788304848955,0.0425721856231748,0.112809104592974
BSU_04000,ycsA,218.965499966577,1.00659821938116,0.295553701670812,3.40580481208897,0.0006596932551558,0.0035727775017754
BSU_04010,sipU,41.6596029705053,1.43245810013716,0.636333462220267,2.2511123258222,0.0243784239408849,0.0724865462556005
BSU_04020,yczH,270.571052355383,0.304773125432203,0.238460000420056,1.27808909207135,0.201218014579611,0.355109452014861
BSU_04030,ycsD,219.200757813846,0.196354115543477,0.225548545966882,0.870562542098179,0.383993056448605,0.553816072581786
BSU_04039,yczO,28.4622773137545,-1.43314835059266,0.583265883512179,-2.45710985522221,0.0140059849862866,0.0470236368346777
BSU_04040,ribZ,320.596784299418,0.1115801437922,0.208218400832347,0.535880322517902,0.592041264805928,0.730121176406033
BSU_04050,pxpA,9.7983053642245,-2.4404790805146,1.23965592555322,-1.96867455735791,0.0489904747816313,0.125660424008529
BSU_04060,pxpG,31.6073764590142,0.150679754336138,0.625485557401772,0.240900453340685,0.809632270769906,0.883434804495
BSU_04070,pxpI,31.5011785968577,-0.0265832483649563,0.500811659015561,-0.0530803304723589,0.95766790336519,0.974371810296932
BSU_04080,pxpB,23.7935589040856,-0.933667610788259,0.617082290263856,-1.5130358228058,0.130270559698899,0.261975148676679
BSU_04090,pxpC,32.8070196447728,0.647822167142879,0.758145614490065,0.854482509377317,0.392837696517406,0.561990855597341
BSU_04100,pxpR,33.3605108965651,-0.239699999721936,0.49754202465521,-0.48176834889082,0.629970516081504,0.758814397413428
BSU_04110,lipC,9.7648816343148,1.23741090566224,1.1459100033382,1.07984999001447,0.280208986085033,0.448123297520546
BSU_04120,yczI,78.1488478170074,-0.947001580795412,0.381089545975902,-2.48498441060699,0.0129557108053088,0.0438675822004317
BSU_04130,yczJ,219.038541261795,0.366075370871206,0.272580890884256,1.34299719134255,0.17927288330296,0.328808925487849
BSU_04140,pbpC,1320.67708765784,0.150855894962979,0.141194749403342,1.06842425515441,0.285329180754831,0.453717790005056
BSU_04150,ycsN,4530.18782480306,-0.792322874297745,0.13864956942135,-5.71457147400083,1.09980816696203e-08,1.5310772055478e-07
BSU_04160,mtlR,4973.24165743863,-0.104717333658151,0.153506377187669,-0.682169272551648,0.495131921943174,0.649870213468537
BSU_04170,ydaB,86.6959295664358,-0.219447213820452,0.319509285289137,-0.686825779169032,0.492192522616473,0.646811962559439
BSU_04180,ydaC,3.87186779841196,-1.97075503276886,1.70794858287837,-1.15387257703484,0.248552413506705,0.410048284544242
BSU_04190,ydaD,5.04015517615202,-0.119050052656619,1.35493168059901,-0.0878642475936402,0.929984572953069,0.96029049045689
BSU_04200,lyxE,9.80582387677257,1.37108797394173,0.914671346094601,1.49899521811403,0.133874872599377,0.267120633955336
BSU_04210,ydaF,460.442733727587,0.273510573068638,0.205989076836429,1.32779163472744,0.184246951230072,0.336189323129732
BSU_04220,ydaG,606.337139717664,0.0075975358066206,0.188238997769556,0.040361114841472,0.967805230833369,0.980974220605988
BSU_misc_RNA_64,bsrC,0.239298174712785,-0.882609779361606,3.49763117495801,-0.252345011584077,0.800774399345107,
BSU_04230,amj,158.494742763106,-0.92625723969353,0.341932245624636,-2.70889116643989,0.0067508480519736,0.0258934966835411
BSU_04240,ydzA,15.1968841485077,-0.251321471110604,0.742567729736874,-0.338449222941129,0.735024685781398,0.832910279110706
BSU_04250,lrpC,135.17967340073,0.27323404021218,0.267613170402253,1.02100371144469,0.307252680307246,0.478399296143955
BSU_04260,topB,711.77106883992,0.241410720252429,0.183466663985396,1.31582879967582,0.188231510633602,0.34038798728717
BSU_04270,epsJ,44.7243130876134,0.406860071400858,0.580837934887217,0.700470900682234,0.483633271740241,0.640919747755638
BSU_04280,epsK,11.781933854988,1.09735678080205,1.14929533061455,0.954808352188529,0.339674622885617,0.511076700486297
BSU_04290,ydaL,23.8954402567885,1.08148993656047,0.65545303633516,1.64998844556036,0.0989452993176201,0.21434782699113
BSU_04300,ydaM,9.10287812884985,-0.192170599092846,1.05221119572965,-0.182635006995518,0.855084414686483,0.913610574926725
BSU_04310,ydaN,44.9209860045146,-0.316097511775212,0.494376317348866,-0.639386436369588,0.522571570455413,0.673502697943836
BSU_misc_RNA_7,swaO,35.9482957529872,0.313712843872046,0.537033365620947,0.584158944220001,0.55911338063362,0.702781354106083
BSU_04320,kimA,695.775901418815,0.585394366334596,0.194900940024023,3.00354819357178,0.0026685128109192,0.0118149169918281
BSU_04330,nudT,48.8017181495532,-1.03734905956755,0.485614447069196,-2.13615773959817,0.032666558755974,0.0914213209762769
BSU_04340,poxB,117.206938001883,-0.688376101878463,0.303127180836524,-2.2709151319878,0.0231521160400706,0.0698180999333378
BSU_04345,BSU_04345,13.4936229314883,-0.195369344822844,0.783081326549981,-0.249487937202617,0.802983370679923,0.879635550027593
BSU_04359,ydzK,521.765006339252,-0.0394479257707662,0.189481624909363,-0.208188660983015,0.83508166185012,0.900852829323072
BSU_04360,mntH,494.001700826299,0.470323539793011,0.194177801305982,2.42212825889342,0.0154299035589517,0.0506692734039511
BSU_04370,ydaS,79.6212040774683,-1.25546028510405,0.452966825681616,-2.7716384819459,0.0055774942413977,0.0220914557359838
BSU_04380,ydaT,26.3991394249627,-1.72815436123516,0.765433160970832,-2.25774691946096,0.0239614422254646,0.071547316237217
BSU_04390,ydbA,67.9134478389868,0.107806032499638,0.369544380878401,0.291726888779597,0.770495448770211,0.860474401756527
BSU_04400,gsiB,735.015230485444,-0.659789374583513,0.227818656127664,-2.89611652442451,0.0037781208321966,0.016041901053507
BSU_04410,ydbB,16.4539428442412,0.557778642184097,0.913640789782173,0.610501028874905,0.541529962055919,0.686992348681824
BSU_04420,ydbC,34.8203678354451,0.949226754502578,0.825290822460108,1.15017243457649,0.250072857249355,0.412033120636695
BSU_04430,ydbD,84.5862565476293,0.316485237515124,0.332469849844004,0.951921618347107,0.341136734822327,0.512550097684218
BSU_04440,dctB,118.945429064606,0.170467853224425,0.296806614580499,0.574339805281501,0.56573787795483,0.70859086424667
BSU_04450,dctS,283.773335012171,0.235865366932745,0.321701196137648,0.73318150434176,0.463447734558123,0.622721228143605
BSU_04460,dctR,106.29273000044,0.299880110055061,0.326655350510316,0.918032138725341,0.358602040393223,0.531456985518193
BSU_04470,dctP,633.327645111389,-0.172694137297423,0.202710097348959,-0.851926665498735,0.394254795757461,0.563308919616802
BSU_04480,ydbI,381.851118425743,-0.222721702083699,0.234526974639882,-0.949663476560383,0.342283273604849,0.513727387672742
BSU_04490,ydbJ,58.5279281760413,0.293335008690004,0.397604005012316,0.737756674963366,0.460662325202587,0.620156066204878
BSU_04500,ydbK,63.3853800360358,-0.37098131441484,0.423398095162917,-0.876199771924087,0.380921440502919,0.550695415858152
BSU_04510,ydbL,137.266278092576,-0.106530464032085,0.324128892980672,-0.328666978905941,0.742407415934381,0.839036967808726
BSU_04520,ydbM,384.944230095307,0.116281009129128,0.185249739697864,0.62769863708731,0.530201378358706,0.679515560673428
BSU_04530,fbpB,18.5598508082706,0.626213508489085,0.726915663471557,0.861466522125077,0.388981151844829,0.558120784359401
BSU_04536,fbpA,1.2495370524994,-0.21468835301747,3.4247938832324,-0.062686503286686,0.950016145072135,
BSU_04540,ydbO,201.336368460469,-1.83528511601824,0.292332120617967,-6.27808231315325,3.42774443311865e-10,5.59285399790488e-09
BSU_04550,ydbP,122.880036469054,1.04103358708962,0.364166766394807,2.85867268283618,0.0042541749351703,0.0177090458575816
BSU_04560,ddlA,1175.40144285678,-0.18076223362872,0.179795480769726,-1.0053769586135,0.314715370467511,0.486628355063747
BSU_04570,murF,381.085074083065,-1.17329218704119,0.271472246287222,-4.32195999070871,1.54649236612167e-05,0.0001236142364672
BSU_04580,cshA,5966.62788703723,-0.16407717481092,0.134971896313052,-1.21563954640129,0.224122262480114,0.384338904075349
BSU_04590,ydbS,185.385422974687,-0.629555055397935,0.395066369535835,-1.59354251321772,0.111038539051269,0.23305468947686
BSU_04600,ydbT,432.784831263678,-0.231652109663383,0.194823466150561,-1.18903597313252,0.234425511489151,0.395889322730686
BSU_04610,ydcA,190.525918367879,-1.036512941113,0.278741731449982,-3.71854237871444,0.0002003756794687,0.0012623073219944
BSU_04620,acpS,53.2768683697756,0.108871867310445,0.498717698052873,0.218303596875566,0.827192572143038,0.89529942934472
BSU_04630,ydcC,3302.49712980127,-2.30937233024945,0.200754150223703,-11.5034848727963,1.26694711735914e-30,8.67654429081761e-29
BSU_04640,alrA,216.429730718555,-0.365572581017637,0.232321277906586,-1.57356478197675,0.115588100556621,0.240111093426328
BSU_04650,ndoAI,656.758005474054,-0.0446013663015021,0.188839097965029,-0.236187139115449,0.813287458742499,0.88566774809455
BSU_04660,ndoA,1223.21117590414,0.1715058621519,0.213959622279127,0.801580505354218,0.422795658122278,0.590134899535567
BSU_04670,rsbRA,440.702132873755,0.21280383249883,0.196369925010585,1.08368851537403,0.278502929416486,0.446103177297824
BSU_04680,rsbS,321.330882197176,-0.0166807377141085,0.250595330440448,-0.0665644395080718,0.946928456092633,0.970064654935905
BSU_04690,rsbT,274.920793297928,0.194782942573923,0.207128298027346,0.940397543112177,0.34701368198562,0.517898099722651
BSU_04700,rsbU,592.050504627274,0.408950467177703,0.204026430299085,2.00439946225701,0.0450272868827373,0.118015963027224
BSU_04710,rsbV,286.214667901784,-0.276644611974513,0.263905511416744,-1.04827144567531,0.294513561537016,0.46435372531978
BSU_04720,rsbW,780.61747747098,-0.496355290744454,0.162466417233741,-3.05512547882648,0.0022496637943074,0.0102270583197318
BSU_04730,sigB,926.801560346662,-0.624798646299219,0.161970114745256,-3.85749338562791,0.0001145557782571,0.0007614971385229
BSU_04740,rsbX,751.45191690084,-0.4377387107992,0.193495984986497,-2.26226250032913,0.0236811898317215,0.070909966167482
BSU_04745,BSU_04745,0.465132151190908,-1.07906439306071,3.49434100961525,-0.308803402441688,0.757471080786919,
BSU_04750,ydcF,6.09957865974233,-1.10801935070196,1.25892270748416,-0.880132945505634,0.378787293470995,0.548731097945359
BSU_04760,ydcG,105.125288747552,0.0094140887083531,0.335914094730252,0.0280252863932753,0.977641983439544,0.985832800536199
BSU_04770,ydcH,120.93838222504,-0.0159207797506691,0.299284811316062,-0.0531960832915635,0.957575676279273,0.974371810296932
BSU_04780,tex,253.583589367684,0.433578850563713,0.285086771529083,1.52086625499382,0.128293403697509,0.258903893583472
BSU_04785,cmpA,11.8484382129327,1.07726486086039,0.84651759537982,1.27258413379705,0.203165651672943,0.357497454207757
BSU_04790,ydcK,263.163112228568,-0.0590606338694277,0.215837960500082,-0.273634136148193,0.784365797999439,0.869106779307311
BSU_tRNA_45,trnS-Asn,15.1399961000494,0.503792981068064,0.776884894180649,0.648478281456863,0.516675653574018,0.668987259450626
BSU_tRNA_46,trnS-Ser,313.318614548265,-1.052553472269,0.305635341440233,-3.44382121291698,0.0005735548398867,0.0031709815757283
BSU_tRNA_47,trnS-Glu,378.185221291086,-0.860630331393211,0.28301292107227,-3.04095773483586,0.0023582693186945,0.010624275946557
BSU_tRNA_48,trnS-Gln,129.701033870795,-0.687073932959195,0.275244963003658,-2.49622708972176,0.0125522214934808,0.0428304895016888
BSU_tRNA_49,trnS-Lys,42.8714826314076,-1.26763298178332,0.559937947719361,-2.26388117995292,0.0235814237693252,0.0707109642122562
BSU_tRNA_50,trnS-Leu1,1371.9602842687,-0.939869334687041,0.147500205408121,-6.37198661579148,1.8659517435862002e-10,3.1069925895164703e-09
BSU_tRNA_51,trnS-Leu2,566.030140458473,-1.05038756152537,0.269021382270335,-3.90447611509873,9.44297171666486e-05,0.000642545799823
BSU_04800,ydcL,750.399654086233,0.0085677857075269,0.242667856390013,0.035306636136254,0.971835231759997,0.982479141441178
BSU_04810,immA,468.370548176046,-0.217399556728832,0.239157890452274,-0.909021050142671,0.363339014472017,0.534944936338356
BSU_04820,immR,360.358674127227,0.310160835019605,0.199854789882441,1.55193095548047,0.120678745094435,0.248136538339454
BSU_04830,xis,14.3678863550798,2.85009847956671,1.27765105996655,2.2307330764014,0.0256988152798489,0.0755659069793896
BSU_04839,ydzL,39.3673935828979,2.48788509825287,0.670552444422265,3.71020211610203,0.0002070938449448,0.0012988485459906
BSU_04840,ydcO,39.2484115712267,1.81614415514915,0.614506015093044,2.95545382883544,0.0031220942362505,0.0135269511501224
BSU_misc_RNA_65,sncO,0.0,,,,,
BSU_04849,BSU_04849,14.5508769688137,2.88429292910077,1.01755706371345,2.83452695868956,0.0045893585572539,0.0188639074870281
BSU_04850,helP,14.3315520753856,1.58464974190377,0.915199973152192,1.73147922682494,0.0833663267718286,0.188785825852365
BSU_04860,conQ,81.9598682855365,1.36405846327017,0.407827041002482,3.3446984288172,0.0008237208276,0.0043501475547134
BSU_04870,nicK,40.897947002363,1.33040917134284,0.496018153598403,2.68217838740634,0.0073144444623882,0.0275818216583487
BSU_04880,ydcS,25.7490415071409,0.8395443023636,0.663648149413396,1.26504429057126,0.205855451370459,0.361481491529763
BSU_04890,ydcT,16.9734429563291,1.04879346881256,0.981134527741061,1.06895990219331,0.285087737927753,0.453717790005056
BSU_04900,yddA,24.1114802060693,1.73954737410282,0.646537129155994,2.69056067417763,0.0071332062494351,0.0270921852779915
BSU_04910,conB,29.1291760800564,1.98261046217843,0.752126227005652,2.63600761546577,0.0083887848811242,0.030762649003719
BSU_04920,conC,6.47828277880674,0.712929115691942,1.54433124919623,0.46164261460292,0.644337629494367,0.768931302651232
BSU_04930,conD,10.787402759058,2.40730978603376,1.06356717519743,2.26342993858087,0.0236091989496041,0.0707442898659274
BSU_04940,conE,41.0034332382524,0.690337413971743,0.674696976905654,1.02318142455272,0.306222073934344,0.477670435681567
BSU_04950,yddF,1.60793555078996,-1.00593330060107,2.47076393727451,-0.407134524438103,0.683909187696405,
BSU_04960,conG,35.6166988804044,0.457463964199025,0.705629844059553,0.648305861848464,0.516787143428651,0.668987259450626
BSU_04970,cwlT,4.96796103934716,-0.607311284525494,1.37194314416448,-0.442665052927794,0.658008023613438,0.777794789766616
BSU_04980,yddI,5.11829635478521,0.904879391716004,1.3383338645803,0.676123810107558,0.498962040647565,0.653187125381222
BSU_04990,yddJ,600.852946456396,-0.021823221555938,0.237813429222259,-0.0917661446929565,0.926883843150514,0.957598826644061
BSU_05000,yddK,325.899161418869,0.111823749886869,0.200626769025526,0.557372031808185,0.577273270236997,0.718063647679529
BSU_05010,rapI,235.257946155098,-0.347712945923321,0.258245918547238,-1.3464412056515,0.178160269608933,0.327901389145873
BSU_05020,phrI,90.8154144261388,-1.65037253380781,0.407502127208088,-4.04997280655927,5.12235850521878e-05,0.000370520173989
BSU_05030,yddM,164.113774745436,-1.34120132611861,0.392633131851933,-3.41591480014069,0.0006356813259615,0.0034641541718444
BSU_05040,yddN,65.1830072988539,-0.191178802844961,0.405287880908406,-0.471711126462641,0.637132994206775,0.76419963090451
BSU_05050,lrpA,52.0954977343743,-0.829074163077337,0.692391655208857,-1.19740634775162,0.231148210690148,0.392111587131589
BSU_05060,lrpB,33.2822986320942,1.19999890783841,0.520647602930609,2.30481980726289,0.0211766673106804,0.0649683015904255
BSU_05070,yddQ,25.348309108523,-0.976032602998981,0.753500423586054,-1.29533119351659,0.195206002843603,0.348400457366094
BSU_05080,yddR,16.3716288945174,0.687073922734486,0.749091531558174,0.917209571579742,0.359032832120222,0.531909771522143
BSU_05090,yddS,43.3503884141623,0.70115305540917,0.459116215721238,1.52717989781239,0.126716283547209,0.256710197577753
BSU_05099,ydzM,18.4712599424357,0.41762054193116,0.683810502669163,0.610725545017273,0.54138129162826,0.686992348681824
BSU_05100,yddT,260.240863586501,0.32545153716181,0.210401946025195,1.54680858856143,0.121909408593915,0.250182382257014
BSU_05109,ydzN,15.1722016668341,0.675197567991808,0.943320500585733,0.715766876234069,0.474135308642253,0.63307500644497
BSU_05110,sufLC,87.3043485921833,-0.978993851391067,0.496902174312798,-1.97019434005293,0.0488161019808763,0.125468019982325
BSU_05120,cspC,3679.19793371522,-0.291681709052292,0.20185368998049,-1.44501549156958,0.148453534310054,0.288086703236056
BSU_misc_RNA_66,sncZ,75.0005825621425,-0.75832037620518,0.425518310718468,-1.78210985779858,0.0747313185752311,0.174345702566171
BSU_05130,cdnL,2118.83401887954,-0.749607498597177,0.173859480945334,-4.31157101425417,1.62098695579321e-05,0.0001284087801175
BSU_05140,ydzE,83.1897664537155,0.303690249049372,0.359944231488921,0.843714727120774,0.398828835964513,0.567883044099706
BSU_05150,ydeC,198.130227897934,-0.0352495671700282,0.243946346348141,-0.144497213004874,0.885107857057077,0.933209064457796
BSU_05160,ydeD,65.1977633249386,0.511066260316234,0.439767319847184,1.16212878322524,0.245183157295345,0.406977203235353
BSU_05170,ydeE,122.591557283128,-0.157680941076424,0.325655165244253,-0.484196038954758,0.628246747769314,0.757607410118861
BSU_05180,ydeF,166.39113536736,0.592164077522337,0.448141548415585,1.32137731842974,0.186375584968894,0.338739561239622
BSU_05190,ydeG,13.755831287059,0.494060119802562,0.773913186140385,0.638392171952142,0.523218425376626,0.674024706962729
BSU_05200,ydeH,389.409761686391,-0.139900757472613,0.243540629334056,-0.574445249054178,0.565666540385348,0.70859086424667
BSU_05210,ydeI,126.924346498568,0.0793807431564255,0.306423065884374,0.259056030678771,0.79559200938732,0.874471569210086
BSU_05220,ydeJ,297.678150437066,0.505520520495698,0.256333285875362,1.97212203155504,0.0485956774769408,0.125387790616561
BSU_05230,ydeK,58.8511195991813,0.160164272465086,0.497540896031896,0.321911773971678,0.747519533256144,0.842795522624957
BSU_05240,ydeL,99.639530530351,0.388501116532744,0.315770064153491,1.23032915604026,0.218573870464066,0.377311179014272
BSU_05250,ydeM,172.930342936785,0.12057634798784,0.24232871416504,0.497573506314734,0.618784681235207,0.751869005381738
BSU_05260,ydeN,309.375953511929,0.160505764807989,0.197506527018364,0.812660559785272,0.416412699771802,0.584685292073766
BSU_05270,ydzF,104.010584843456,0.636164731077166,0.307675606081038,2.06764760840223,0.0386731718168598,0.10452341663551
BSU_05280,ydeO,312.715475590354,0.335908208075326,0.202569631409385,1.65823576682365,0.0972698881809214,0.211473602261235
BSU_05290,ydeP,46.5296997928944,-0.428279133454949,0.668346042425435,-0.640804472935486,0.521649726469947,0.672616076098207
BSU_05300,ydeQ,44.0631847750544,0.723451675330566,0.505786407710929,1.43035017213044,0.152616541646092,0.293689303148037
BSU_05310,ydeR,8.50508341535069,0.584230417423834,1.06345013162792,0.549372650440597,0.582749739144042,0.722017914329035
BSU_05320,ydeS,98.0468383487,0.26447800016306,0.335942963831305,0.787270544817448,0.43112350861055,0.595494605582431
BSU_05329,ydzO,45.5031487988717,-0.750578801372584,0.440364617887602,-1.70444847493211,0.0882973342963499,0.196803402321418
BSU_05330,aseR,7.51928915761094,1.54060257598034,1.24273737014303,1.2396847580137,0.215092016931267,0.373835736344724
BSU_05340,arsF,124.086782894137,0.596385018871309,0.311027822770804,1.91746517581092,0.0551788610281216,0.138009003281524
BSU_05350,ydfB,240.476748472413,-1.0065640940196,0.309308776847976,-3.2542370904474,0.0011369734628074,0.0057471301465242
BSU_05360,ydfC,1.32031794081365,0.185780051251419,3.09260180263843,0.0600724125210438,0.95209796188933,
BSU_05370,ydfD,45.2262782434073,0.574339899558247,0.426999870654809,1.34505872022278,0.178606272495493,0.328437519712371
BSU_05380,ydfE,36.4972199132489,-0.403602819968603,0.955028117552135,-0.42260831126427,0.672581061681965,0.787149721031318
BSU_05390,ydfF,454.306951524725,0.0660595640576662,0.230086646298985,0.287107335954758,0.774030135265288,0.862616128992788
BSU_05400,ydfG,636.362403439618,0.430418393359128,0.183717908901916,2.34282218827628,0.0191385017091212,0.060199891109025
BSU_05408,ydzP,0.590117114320751,0.466817400978555,3.43265132244417,0.135993247530356,0.891826619062722,
BSU_05409,ydzQ,3.20901547298296,1.18713247848668,1.84173501418287,0.644572899654284,0.519204001660211,0.670828772329579
BSU_05410,ydfH,70.4409855405969,0.32206440384587,0.352131039901477,0.91461520670254,0.360393672707742,0.532996006380033
BSU_05420,ydfI,40.7144417391763,0.217498447988311,0.481727649604925,0.451496708081188,0.651631597093674,0.774371049890775
BSU_05430,ydfJ,75.9314359139716,-2.22585547956824,0.430415767869987,-5.17140784730868,2.32336843997343e-07,2.61671681594886e-06
BSU_05440,cesA,535.935338845275,0.525860089813874,0.227817841424932,2.30824805697736,0.0209853436608928,0.0645314787832692
BSU_05450,ydfK,22.75721745412,-0.246677991989751,0.632875255957652,-0.389773481689506,0.696704054506178,0.804297285327144
BSU_05460,ydfL,164.774996108865,-0.233399237031353,0.299201346678264,-0.780074152815667,0.435347229340491,0.598990387485329
BSU_05470,mneP,61.6199127462804,-0.651739043159709,0.549448145324286,-1.18617024865022,0.235555072876847,0.396891602950434
BSU_05480,ydfN,1019.97798807013,0.881947076317578,0.762897932878479,1.15604858567373,0.24766128439896,0.409330406211749
BSU_05490,ydfO,914.646863620144,1.25181607010005,0.704744683476555,1.77626890908173,0.0756886051604934,0.17609524247203
BSU_05500,ydfP,396.969329900508,1.51391326803645,0.393745050182112,3.8449074276267,0.0001205979570805,0.0008000920715061
BSU_05510,ydfQ,10.8957548013357,0.0215813368464427,0.796365916537016,0.0270997746115113,0.978380154529722,0.986043706653976
BSU_05520,ydzH,8.78628589973223,-0.004876176269742,1.09568641172489,-0.0044503392736847,0.996449154724252,0.997936571292278
BSU_05529,ydzR,8.21381877933246,-1.72239980439444,1.39909714560789,-1.2310794928011,0.21829313460819,0.377311179014272
BSU_05530,ydfR,13.8433692427671,-1.97604411793162,0.94161417079684,-2.09857092131419,0.035854741945688,0.0982188608396073
BSU_05540,ydfS,43.386680588324,-1.75865829141708,0.680565190514954,-2.58411437424001,0.0097629412638712,0.0347763830590583
BSU_05550,cotP,3.56729242213855,-1.17986900576015,2.08550940154172,-0.565746193657978,0.57156632826656,0.712946718513459
BSU_05560,ydgA,0.82052171834747,-1.64632982425198,3.43268472711728,-0.479604145188872,0.63150889829254,
BSU_05570,ydgB,0.606073128746252,-1.36856531360933,3.44559602717506,-0.397192620033109,0.691225423915335,
BSU_05580,ydgC,650.658347583829,0.26497186639643,0.172301844040597,1.53783534861065,0.124088878216893,0.252700900196129
BSU_05590,ydgD,435.446719137019,0.147318447196554,0.193790114207592,0.760195884082839,0.447137504896941,0.609097052526315
BSU_05600,ydgE,997.332708923402,-0.658897603251042,0.158674400273161,-4.15251358830874,3.28843221261112e-05,0.0002441028527053
BSU_05610,vmlR,384.807894072036,0.334896155916842,0.194418451266055,1.72255335713248,0.0849693259482239,0.191496686823863
BSU_05620,ydgF,782.889445244274,0.304899223750171,0.153041392847478,1.99226639327594,0.0463418369606759,0.120790325190319
BSU_05630,dinB,63.3108856370866,0.716154517711412,0.469570524560295,1.52512664286588,0.12722751302754,0.256874950221082
BSU_05640,ydgG,6.21372512415108,-1.03205766517175,1.15110070023268,-0.896583300629683,0.369941312238633,0.54093268734147
BSU_05650,ydgH,123.844276256866,-0.92496055781616,0.500077753889403,-1.84963348323774,0.0643663934724045,0.155903996967387
BSU_05660,ydgI,14.6914567949223,-0.956805702419397,1.0016429436349,-0.955236303015535,0.339458211075175,0.510932139037644
BSU_05670,ydgJ,10.9287521025727,-0.34131013223036,1.09309558018019,-0.312241800642993,0.754856766649424,0.847241414838849
BSU_05680,ydgK,25.657212578863,1.64215547100368,0.776777115426559,2.11406262928061,0.0345099184919594,0.0954587061347619
BSU_05690,ydhB,8.81131489790376,2.48443944940934,1.42063712941507,1.74882058054634,0.0803220381465473,0.183853031789887
BSU_05700,ydhC,155.959510637923,0.298500999399945,0.284237360809114,1.05018213844312,0.293634380008848,0.463139516165515
BSU_05710,spoL,188.332923781948,-2.23267210510676,0.276349171563176,-8.07917061041867,6.52087434218965e-16,1.68827027176447e-14
BSU_05720,ydhE,216.169295335131,0.285984737395227,0.242669358685936,1.1784954595992,0.238599141376271,0.400329724805727
BSU_05730,ydhF,138.319330709984,-2.56338714614355,0.330827090633432,-7.74841969935246,9.304317853996891e-15,2.19478520044838e-13
BSU_05740,phoB,745.22702431438,-2.62614618092165,0.192481945974416,-13.643597417031,2.2041350964847498e-42,2.33968940491856e-40
BSU_05750,fra,122.419903447862,-0.236099506446763,0.335507887943215,-0.703707766437737,0.481614782739565,0.639042614847561
BSU_05760,ydhH,247.076247813304,0.540152881513925,0.243459458391208,2.21865638362659,0.0265101104796443,0.0774121652585681
BSU_05770,ydhI,78.232024881556,0.710492445770438,0.374806404485446,1.8956251474567,0.0580096295442889,0.143620342300321
BSU_05780,ydhJ,223.347464651099,-0.4541293584202,0.303273510134166,-1.49742507421534,0.134282687951456,0.267431657149101
BSU_05790,ydhK,60.396378618528,1.36938836134809,0.535717650245093,2.55617555389783,0.0105829711564833,0.0372597807051642
BSU_05800,pbuE,21.7072432409359,0.117012609969714,0.602039771713077,0.194360265662781,0.845893800020844,0.909390354549922
BSU_misc_RNA_8,aswA,0.0,,,,,
BSU_05810,gmuB,35.2425015220913,-0.273400083879713,0.5298543277708,-0.515991036687309,0.605860669485966,0.742848513611727
BSU_05820,gmuA,28.4018942970895,0.110443192410522,0.657096823705359,0.168077501558651,0.866522308698127,0.92096463647866
BSU_05830,gmuC,121.78883143085,-0.604540866888845,0.292912118341443,-2.06389844951427,0.0390273457945027,0.105137180372408
BSU_05840,gmuD,146.764506011743,-0.576592813485861,0.312788076693185,-1.84339767545374,0.0652709692368038,0.157287477513887
BSU_05850,gmuR,158.152621969118,0.199370066188911,0.249112975343682,0.800319878616741,0.423525488615104,0.590782593415938
BSU_05860,gmuE,216.949156507294,0.162692299373539,0.23456218154406,0.693599873187483,0.487933173295277,0.644005052474898
BSU_05870,gmuF,284.877741776484,0.0471428564942847,0.27060819967398,0.174210746574128,0.861699840137368,0.918362827629256
BSU_05880,gmuG,395.218202321791,0.0071554667042249,0.209039968692097,0.0342301367006253,0.972693635004759,0.982523498692071
BSU_tRNA_79,trnE-Arg,40.7339077549438,-1.2827361827259,0.530334064648452,-2.41873239573286,0.0155746933175391,0.0510657512171978
BSU_tRNA_80,trnE-Gly,120.893276752065,-1.49098964493447,0.376741886842937,-3.95758925939674,7.57099996796204e-05,0.0005278565823311
BSU_rRNA_30,rrnE-16S,15566.0284981718,-0.783782648332551,1.07436125020333,-0.729533616541194,0.465675312263168,0.625120890252738
BSU_rRNA_12,rrnE-23S,16760.9854990422,-0.92604106505029,0.97459474524319,-0.950180646438039,0.342020470766013,0.513696115625218
BSU_rRNA_13,rrnE-5S,0.388229527197353,-1.79945495181093,3.49651315125716,-0.514642695155872,0.606802724313821,
BSU_tRNA_21,trnE-Met,4.91183153614264,-0.473503861783832,1.47824525101831,-0.320314820194858,0.748729689649939,0.843533758864173
BSU_tRNA_22,trnE-Asp,17.0976809922484,-1.56454295530103,0.790867917309494,-1.9782607450098,0.0478992991004987,0.123936882377037
BSU_05900,thiL,406.684601102783,-0.0366481494769326,0.259465978595458,-0.14124452722209,0.887676771008319,0.934327111973556
BSU_05910,tsaE,120.29819977489,-0.134806809599802,0.300634314222259,-0.448407926914621,0.653858821957747,0.775945226759787
BSU_05920,tsaB,133.395417635041,-0.196760701576612,0.303752491491822,-0.647766543774701,0.517135957382106,0.669234768376843
BSU_05930,rimI,57.0438851336879,-0.383582666349888,0.438109322380461,-0.875540982021786,0.381279621649795,0.551025620668833
BSU_05940,tsaD,254.624161506592,-0.253393868627092,0.251711883573188,-1.00668218373335,0.314087526478987,0.485834476295001
BSU_05950,ydiF,545.689913177655,0.506149903169137,0.186664127311544,2.7115542255442,0.00669685864978,0.0257562154229767
BSU_05960,moaC,397.182361202903,-0.0078251117393986,0.230566226932084,-0.0339386728209055,0.9729260544881,0.982523498692071
BSU_05970,rex,424.32037430249,0.331047134107405,0.228919011658775,1.44613211331203,0.148140150083208,0.287741572394007
BSU_05980,tatAY,1095.8331715941,0.437065750042766,0.156879673084713,2.78599350348439,0.0053363941190582,0.0213757824806805
BSU_05990,tatCY,2309.82039800697,0.380111173039599,0.143993761391984,2.63977528863107,0.0082961014789612,0.0305244773653983
BSU_06000,ydiK,52.098139219142,0.502644057343983,0.431437390000341,1.1650451931011,0.244000699915241,0.405807666212344
BSU_06010,ydiL,239.99401020628,0.411140243326487,0.28166664533202,1.45966961349593,0.144380896973299,0.28211748207484
BSU_06020,groES,455.772666911442,-0.13858250418429,0.203744100174286,-0.680179225144407,0.496390985003514,0.651120210789286
BSU_06030,groEL,3717.35493234086,0.135503019211776,0.164885543227008,0.821800483898222,0.411190458296905,0.578884179684569
BSU_06040,ydiM,38.4955447262802,0.267999464333238,0.555689947284469,0.482282369229264,0.629605370090435,0.758627935134492
BSU_06048,ydzU,28.4275429110001,-2.21516971086157,1.06024797288256,-2.08929398359428,0.0366812676446116,0.0999029265035412
BSU_06060,bsuMA,515.732801582901,-0.0107742657601486,0.186128949369289,-0.057886028995801,0.953839411707516,0.972856627939013
BSU_06070,bsuMB,723.680056305899,0.146230661385504,0.161219100112131,0.907030626543618,0.36439060166665,0.536229419681924
BSU_06090,bsuRA,364.602025575503,0.316135316943068,0.198045715230855,1.59627445902861,0.110427529877503,0.232006697108694
BSU_06100,bsuRB,289.297214074752,0.0963073004928815,0.211917672435402,0.454456201722575,0.64950050896129,0.772654193553761
BSU_06110,bsuRC,371.905990225098,0.256950886620373,0.221948282807944,1.15770612581273,0.246983983240702,0.408529019415668
BSU_06120,ydjB,17.9428638602233,1.01788426062679,0.815087649975587,1.24880343930776,0.211736975710922,0.369365324103769
BSU_06130,ydjC,3.65974819175601,-0.417525875335181,1.74460619487263,-0.239323852318238,0.810854471248357,0.884106067772997
BSU_06140,gutR,807.006393496238,0.389817233066482,0.155546982519376,2.50610604431316,0.012206900328814,0.0418760236391078
BSU_06150,gutB,78.1484532840831,0.458715108152171,0.352317155050385,1.30199481227807,0.192918159014787,0.3460627389847
BSU_06160,gutP,48.5765135789405,-0.115816481067193,0.488604018840039,-0.237035465533307,0.812629276634244,0.885405160017706
BSU_06170,ydjE,1668.46959580711,0.752435663507065,0.141887396553436,5.30304792239732,1.13885009242664e-07,1.35830266641671e-06
BSU_06180,pspA,782.931777822455,0.0141340679437689,0.199558132661209,0.0708268200112114,0.943535586140034,0.969332712013207
BSU_06190,ydjG,415.022446111233,0.154871938919618,0.244880910677115,0.632437777576801,0.527100855076255,0.676880519157941
BSU_06200,ydjH,158.380947981983,0.245258130245076,0.282445789171881,0.868337003586289,0.385209870558003,0.555193859602607
BSU_06210,ydjI,213.980459992118,-0.07787290237065,0.249432290632844,-0.312200566226112,0.754888101812327,0.847241414838849
BSU_06220,ydjJ,29.9870975370157,0.27680177848316,0.556461103661689,0.497432393138922,0.618884167171261,0.751869005381738
BSU_06230,iolT,1604.9864235973,1.10328173673731,0.201092157742266,5.48644834847986,4.10095259271103e-08,5.29259717588178e-07
BSU_06240,bdhA,5656.12528474628,0.534234456726768,0.167696915346211,3.18571427282273,0.0014439713024321,0.0070716287775396
BSU_06250,walM,122.949062951738,0.509502568839703,0.333942094914265,1.52572130497807,0.127079286324013,0.256819918958477
BSU_06260,ydjN,33.0968821009757,0.412590359255228,0.523157729725308,0.788653852962977,0.430314346306469,0.595160014170459
BSU_06269,ydzJ,10.0215671021136,-1.74674331534461,0.999893614956259,-1.74692916247997,0.0806496264988896,0.184503402001231
BSU_06270,ydjO,1227.01189213861,-0.890189402788618,0.152796702754129,-5.82597259458572,5.67809340259219e-09,8.22839064416602e-08
BSU_06280,ydjP,1042.00692670671,-1.00737625924933,0.221267488777421,-4.55275316231692,5.2948385038909e-06,4.74301356276809e-05
BSU_06290,yeaA,1790.30118770939,-1.59977052927366,0.159896568523167,-10.005033529171,1.44842617941053e-23,6.75826105250231e-22
BSU_06300,cotA,74.7101089171031,0.486851237412748,0.425263085859386,1.1448236482339,0.25228221713871,0.41462584426757
BSU_06310,gabP,1606.33682486633,0.780312151117238,0.205754840966718,3.79243641340842,0.0001491764552505,0.0009699896309247
BSU_06319,ydzX,0.0895268132803203,-0.704551994243837,3.52483279121962,-0.199882387612507,0.841572565133124,
BSU_06320,mneS,296.473837130801,0.111962876857488,0.241743445548432,0.463147518243911,0.643258631481455,0.768507639074355
BSU_06330,yeaC,238.033036593609,0.643991308025065,0.219722073029215,2.93093588252938,0.0033794252393059,0.0144939793596897
BSU_06340,yeaD,183.974224877676,0.518381224196994,0.263336797752347,1.96851039665372,0.0490093410640895,0.125660424008529
BSU_06350,yebA,369.803333644617,0.539911867221708,0.193461621476135,2.79079573045091,0.005257864338092,0.0211409961927449
BSU_06360,guaA,888.204265501757,0.613713547632357,0.166088658480733,3.69509606041853,0.0002198036701443,0.0013664515130786
BSU_misc_RNA_9,gswC,2.94438056781913,-0.876597692140124,2.43143753586746,-0.360526511254742,0.718453434611041,
BSU_06370,pbuG,109.255361463532,-0.476449553212528,0.324462024396156,-1.46842933036379,0.141987639354219,0.279369562881378
BSU_06380,yebC,443.257735552843,-1.97496234413505,0.258307721024603,-7.64577356147611,2.0769288561436e-14,4.7927390886879e-13
BSU_06390,yebD,1105.38364007232,-0.324617493880954,0.175924938504767,-1.84520453234183,0.0650077914545543,0.156856374465328
BSU_06400,yebE,95.5903090532631,-0.384233883765986,0.320849502981358,-1.19755174995023,0.231091569622575,0.392111587131589
BSU_06410,yebG,56.7989052747177,-0.427740807831294,0.446212023139185,-0.958604398021501,0.337758076120026,0.509615133883992
BSU_misc_RNA_10,gswD,46.119246361781,-0.0746770700370643,0.439910474810223,-0.169755153180383,0.865202697505835,0.920022703132926
BSU_06420,purE,80.1154403506132,0.529885134850161,0.344727336986021,1.53711376499175,0.124265452726485,0.25293917175295
BSU_06430,purK,126.512810866986,0.517659773750002,0.442090813418167,1.17093537806757,0.241624753328602,0.403912875052459
BSU_06440,purB,170.950178072801,0.41540026314108,0.299488434510513,1.38703273740775,0.165431780470412,0.310806787556358
BSU_06450,purC,90.3831174695906,0.537096982570039,0.426968888029402,1.25793002166718,0.20841706515378,0.365224456724289
BSU_06460,purS,25.7710772854587,-0.162878523251989,0.604810601946152,-0.269305006770517,0.787694979619962,0.870070989455348
BSU_06470,purQ,86.9647464417284,0.59413255197818,0.324757031614998,1.82946786101472,0.0673295496783093,0.16124154987823
BSU_06480,purL,329.985126436741,0.448878472927384,0.197076408638871,2.27768750216026,0.0227452028849533,0.0689337126691734
BSU_06490,purF,324.004791083583,0.239270432926934,0.219865653683836,1.08825743774879,0.276481474468705,0.443666039529146
BSU_06500,purM,110.136634253867,0.224438172315984,0.292539747226478,0.767205736806179,0.442959202572959,0.605929373107212
BSU_06510,purN,55.6173353665988,0.687861639935204,0.586179064473355,1.17346674697979,0.240608684277867,0.402531313413642
BSU_06520,purH,231.083930109305,0.354902682200543,0.229564837177585,1.54598015342393,0.122109361017574,0.250374329509641
BSU_06530,purD,223.355762092046,0.240363576876881,0.22421249268564,1.07203472026818,0.283704437587259,0.452350372510515
BSU_06540,yezC,79.8363972160109,0.472713080562503,0.364420848148402,1.29716256071607,0.194575259629104,0.347557591793927
BSU_06550,yecA,7.25559854606903,0.657980736569776,1.18725455474724,0.554203590071599,0.579439521649645,0.719386026001284
BSU_06559,yezF,26.3016236266248,-0.934353958970268,0.73385339487469,-1.27321610214778,0.202941368231073,0.357399025097112
BSU_06560,yerA,5990.9871042976,0.396823799075885,0.126974152783919,3.125232894849,0.0017766433737206,0.008400476352804
BSU_06570,yerB,4947.22485696509,0.331231140061042,0.145491843983647,2.27663029756,0.0228083120527369,0.0690756725933815
BSU_06580,yerC,2836.16564253888,0.337362589949654,0.146797524643361,2.29814903738509,0.0215533080915496,0.065838378530014
BSU_06590,yerD,23.2947807198954,-0.335217946122126,0.958456139848494,-0.349747820672436,0.726527961715839,0.825368740058371
BSU_06600,pcrB,103.372640635273,-0.107515408369731,0.292503593613912,-0.367569529800873,0.713194238298176,0.816680433844922
BSU_06610,pcrA,402.084800930651,-0.389054720090693,0.207633170785457,-1.87375995183687,0.0609635185567372,0.149365897167863
BSU_06620,ligA,735.214106390159,-0.142118151953442,0.157988295744983,-0.899548610758117,0.368360515524344,0.539889109049488
BSU_06630,yerH,639.604682672012,-0.306184157497932,0.195432666084858,-1.56669897429013,0.117185070667365,0.242597664580026
BSU_06640,yerI,1480.56809706633,0.150015767357516,0.173539602903515,0.864446874647524,0.387342452227802,0.556378908037634
BSU_06650,sapB,307.842927359956,-0.582159037921216,0.248068186767854,-2.34677023888601,0.0189369281955202,0.0597371449614999
BSU_06660,opuE,66.3016687707245,-0.486152523165382,0.568771553413361,-0.854741275733363,0.392694394636915,0.561975193673185
BSU_06670,gatC,573.75455470913,0.318724416923769,0.20477035776449,1.55649685043936,0.119589991019776,0.246614425386094
BSU_06680,gatA,1004.46087527003,0.282439169427452,0.17352447324091,1.62766187473356,0.103596601371405,0.221485986617817
BSU_06690,gatB,2054.31304867464,0.212236545262237,0.158391276160064,1.339950977147,0.180261283277548,0.330193877824188
BSU_06700,yerO,236.890180902365,0.318549717507452,0.249066387983,1.27897513625642,0.200905811677321,0.355109452014861
BSU_06710,srfP,5712.73679194104,0.105131322657836,0.146504419627453,0.717598301301595,0.473005005344174,0.631764470805713
BSU_06720,dagK,246.610592681273,0.0542472257945353,0.245312348271883,0.221135324726549,0.824987065876144,0.893823700359813
BSU_06730,rlmCD,246.412579916752,-0.351305606055529,0.218955348946906,-1.60446231501162,0.108612184754492,0.229322395060951
BSU_06740,yefB,20.9348201621845,-0.0861463310471838,0.628823111384101,-0.136996127349021,0.891033856178945,0.936236019137787
BSU_06750,yefC,42.5535171194813,-0.134283367342823,0.531763962387032,-0.252524384578526,0.800635768527211,0.87845672931023
BSU_06760,yeeA,375.730907832477,-0.415874426914964,0.238935584317996,-1.74052947409241,0.0817660892858154,0.186055099200199
BSU_06770,yeeB,459.392873603629,-0.353524324697722,0.211538136871895,-1.67120846352075,0.0946805091200024,0.20743727643113
BSU_06780,yeeC,481.369044220641,0.111561068299747,0.228158042646752,0.488963996208857,0.624867186726069,0.755797441564984
BSU_06790,yeeD,33.806893087598,-1.14030628175924,0.541690367245112,-2.10508871988719,0.0352835859582629,0.0970298613852229
BSU_06800,yezA,30.6100679854189,-0.936991014550558,0.668784927494596,-1.40103488584995,0.161203641242345,0.305567259247766
BSU_06811,yezG,148.768564099594,-0.0787512901788965,0.298652273906846,-0.263688901975212,0.792019647902808,0.872188013726914
BSU_06812,yeeF,441.133911982806,-0.077305638627359,0.205616594621099,-0.375969842170639,0.706939316410619,0.813018509609829
BSU_06820,yeeG,109.690474015501,-1.0636260686849,0.32771853806325,-3.2455474596302,0.0011722502289666,0.0058973631187114
BSU_06830,rapH,3258.30786612812,0.764730253981048,0.206822790097625,3.6975144451928,0.0002177208337417,0.0013576685403048
BSU_06839,phrH,224.447313849421,0.607157839999361,0.240205281057407,2.52766232834929,0.0114824729055223,0.0397671940920454
BSU_06840,yeeI,1185.57987388507,0.189435865274513,0.161917150409002,1.16995552846624,0.242018865857349,0.404094417786198
BSU_06850,cotK,59.7977148278325,-1.10024527512459,0.449003501760933,-2.4504158003436,0.0142691331133338,0.0477813400624728
BSU_06860,yezE,544.654823787832,0.585786055066786,0.234426265233282,2.49880726668515,0.0124612062194873,0.0426695819418897
BSU_06870,yesE,39.094088099152,-0.114537962657396,0.625206211570072,-0.183200295418944,0.854640862579264,0.913366499499511
BSU_06880,yesF,212.527985000539,0.110403740186065,0.229397685864452,0.481276608218712,0.630319919848601,0.758814397413428
BSU_06890,cotJA,93.4718239134878,-1.66218492745157,0.389122024499312,-4.27162900786795,1.94050214323945e-05,0.0001528640463858
BSU_06900,cotJB,190.818507427833,-2.0854051161193,0.249740301122258,-8.35029471314047,6.80928459744977e-17,1.87741703901115e-15
BSU_06910,cotJC,720.242444314352,-1.61170438136925,0.185822622361661,-8.67334859924878,4.19594912910811e-18,1.25464788747838e-16
BSU_06920,yesJ,931.294961663475,-0.572281581133479,0.183515831935433,-3.11843166389495,0.0018181629905752,0.0085586696873419
BSU_06930,yesK,9.21016807499471,-1.01199307274997,0.951925705276768,-1.06310089867333,0.287736196967687,0.456038780263083
BSU_06940,yesL,2259.56055854489,-0.45907573851945,0.136580768221015,-3.36120337071595,0.0007760366252982,0.0041343180815761
BSU_06950,yesM,3666.07816385396,-0.521472226851285,0.135068414609685,-3.86080067910926,0.0001130160706621,0.0007533221915725
BSU_06960,yesN,985.083461901372,-0.458116757439681,0.215052369769275,-2.13025672737847,0.0331504239901954,0.0926030922778747
BSU_06970,yesO,384.852496831178,0.0512399014827061,0.181284789291907,0.282648652889454,0.777446180766929,0.864824858144192
BSU_06980,rhgP,240.734100283871,-0.129300440081619,0.210804610634236,-0.613366281186164,0.539634176209325,0.686493275773287
BSU_06990,rhgQ,172.648704277202,-0.0542329097154494,0.265894595209989,-0.203963941698849,0.838381676907345,0.903723940124038
BSU_07000,rhgH,230.780547589479,0.13466301451203,0.259336461654606,0.519259858998842,0.603579541525895,0.741121669554352
BSU_07010,rhgR,752.609548199109,-0.241743542368189,0.183070325560992,-1.3204955069993,0.186669635140274,0.338739561239622
BSU_07020,rhgT,245.211450518204,-0.16132447135544,0.27291710280721,-0.591111622159495,0.554445633157808,0.698775944905923
BSU_07030,yesU,180.090376294796,-0.194803303345803,0.28082656499217,-0.693678332572401,0.487883957129314,0.644005052474898
BSU_07040,yesV,165.797865087188,-0.551119048987881,0.259394488924371,-2.12463669244941,0.0336169396992264,0.0936597939389208
BSU_07050,rhgW,708.063848825296,-0.334450581485138,0.23357048664793,-1.43190428844406,0.152171214775038,0.293157431004906
BSU_07060,rhgX,631.493507244719,-0.547444557923375,0.195660688907808,-2.79792819385054,0.005143154517214,0.0207583974145351
BSU_07070,yesY,266.806028968424,-0.439220003153183,0.248840914586181,-1.76506344980929,0.0775531026114288,0.178936342040014
BSU_07080,rhgZ,688.500508262972,-0.292017802716285,0.167731176539472,-1.74098702901285,0.0816858521905763,0.185972186810288
BSU_07090,yetA,221.494386224294,-0.778392610042901,0.348417021391104,-2.23408318840181,0.0254775999583404,0.0751235343216064
BSU_07100,lplA,230.151173939436,-0.56681534933693,0.221338471973412,-2.56085326822451,0.0104415445945036,0.0369107062490733
BSU_07110,lplB,73.9746937307794,-0.254231779005105,0.437119048040186,-0.581607642460212,0.560830993956793,0.703898433443849
BSU_07120,lplC,50.9408401169406,-1.15881069341693,0.577725480223341,-2.00581544883385,0.044875941770558,0.11776467784783
BSU_07130,lplD,205.226620746112,-0.726553502364176,0.270734231642229,-2.68364106731914,0.0072825244715324,0.0274986936998832
BSU_07140,yetF,322.604297693032,-2.60717327048888,0.277168195168321,-9.40646623940952,5.13097519110977e-21,1.84628141198747e-19
BSU_07150,hmoA,258.231604288675,0.497442828193256,0.273007977709995,1.82208165624255,0.0684425966313818,0.162987810037491
BSU_07160,yetH,62.7643845906072,0.310229994983101,0.577799994863254,0.536915883940986,0.59132571861866,0.729662598446623
BSU_07190,yezD,10.308978692572,1.280813709153,1.13141433613559,1.13204656176419,0.257614859479393,0.42167798510004
BSU_07200,calJ,303.981819938947,0.588137376593919,0.230057841319334,2.5564761158371,0.0105738329728855,0.0372585019110968
BSU_07210,yetK,43.1840696078591,-0.387238098663954,0.622893432803718,-0.621676322578886,0.534154723759721,0.682111566040233
BSU_07220,flvL,92.4978456125756,-0.157668438505116,0.430861876454047,-0.365937315695491,0.71441185077446,0.8174057446479
BSU_07230,flvM,4.99400584667072,-0.985493626908027,1.5812915260613,-0.623220709569414,0.533139494386301,0.681224885093059
BSU_07240,yetN,29.3379260468886,-0.130179171785375,0.701524702817356,-0.185566055282971,0.852785075123724,0.912215273052358
BSU_07250,cypD,67.1554293866487,-5.17989857951481,1.97069676479523,-2.62846048770626,0.0085772319201299,0.0313415892709741
BSU_07260,ltaSA,1594.22760997319,-0.25820432809796,0.26682491823782,-0.967691959968382,0.333198234681778,0.505370764437149
BSU_07270,spmH,3.04835623118147,-2.04689148279178,1.9835441043829,-1.03193646073657,0.302101884118248,0.473504835720222
BSU_07280,spmG,11.2795844006414,-3.02470714129045,1.23927946763824,-2.44069818009234,0.0146589003710721,0.0487497878809184
BSU_07290,yfnF,10.9974450025798,-0.527369753722023,0.831073484968615,-0.634564527999517,0.525712469146416,0.676211797635772
BSU_07300,yfnE,37.9673297931363,-0.199519123560037,0.492639670547022,-0.405000115679871,0.685477425913763,0.797407438473928
BSU_07310,yfnD,69.1532321796869,0.701509946671885,0.372492193767054,1.88328764578242,0.0596613967526307,0.147023964371254
BSU_07320,yfnC,222.8828258638,0.519130068359518,0.237124981634852,2.18926772194305,0.028577386965154,0.081875563464267
BSU_07330,pynN,328.025419007669,0.385257157493329,0.210955156400053,1.82625143688231,0.0678123966197158,0.161971357488091
BSU_07340,mtrA,97.1322703157355,-0.244600692628543,0.330651488439926,-0.739753792679457,0.459449401263409,0.61942144896979
BSU_07350,vdhT,934.128258432881,0.753452351180873,0.205233017151972,3.67120437849897,0.0002414101950891,0.0014877034663984
BSU_07360,yfmS,569.0961044704,0.800428237572146,0.180187408361309,4.44219851348957,8.90443496568627e-06,7.51654689151171e-05
BSU_07370,ettA,539.620877624937,0.236436831134532,0.175038851455592,1.35076772481289,0.176769849950662,0.326439419896771
BSU_07380,yfmQ,341.43274235902,0.755999882605314,0.283707320973139,2.66471756883881,0.00770530053883,0.0287745875882781
BSU_07390,copP,145.747132083134,-0.289131003157811,0.302072714930598,-0.957156965415562,0.338488034551531,0.510014263557772
BSU_07400,copO,7.80037898703487,-0.070332624935011,1.12468809896681,-0.0625352264326632,0.950136610187818,0.970712234566284
BSU_07410,yfmN,0.0,,,,,
BSU_07420,ettM,122.715494170757,0.518792898906807,0.357599049535194,1.45076699611236,0.14684475272708,0.285748313510165
BSU_07430,yfmL,135.586943271828,-0.876188605031642,0.511504610381619,-1.7129632602489,0.0867192988627249,0.194203661904604
BSU_07440,yfmK,540.116153134664,-0.184225217054249,0.173049830410831,-1.06457900950777,0.287066482788219,0.455657676978982
BSU_07450,yfmJ,1679.06070121881,0.147839765662088,0.151561204573696,0.975445966386483,0.329339092026462,0.502109078902821
BSU_07460,yfmI,339.038969088365,-0.319143637962652,0.265842588012503,-1.20049853692984,0.229945780515933,0.390992345007514
BSU_07480,yfmG,718.858841937422,-0.30774559936829,0.321742605813092,-0.9564962607006,0.338821572643428,0.510271493120845
BSU_07490,fecF,350.893316366021,0.158269614192179,0.20031871006808,0.790089024327231,0.429475779275496,0.594572598240547
BSU_07500,fecE,196.146133182702,-0.136896277587192,0.244183997526834,-0.560627555342354,0.575051462719104,0.71561210747518
BSU_07510,fecD,101.092633179851,0.343659172197194,0.364586480402373,0.94259987868425,0.345885601916297,0.517123333005843
BSU_07520,fecC,1534.56822415887,0.389799920519408,0.188659330688118,2.0661576562243,0.0388135956188914,0.104769565796448
BSU_07530,yfmB,369.07970987586,0.504002845765364,0.265949128547407,1.89510997279137,0.0580778337057297,0.1437054090411
BSU_07550,yflT,175.422767507319,-1.18751432069904,0.335516102334101,-3.53936610623991,0.0004010891791926,0.0022920924022233
BSU_07560,pelA,7236.76694045515,0.382209500167912,0.170870639928307,2.2368354231498,0.0252970984288522,0.0747470284821896
BSU_07570,maeS,141.137082498158,-1.49606525228873,0.381710815490582,-3.91936825359783,8.87813756809607e-05,0.0006089914719569
BSU_07580,citS,1146.38879081751,0.758274404544855,0.216840511389033,3.49692222955718,0.0004706590209286,0.0026469115269706
BSU_07590,citT,490.219456353505,0.50513765238964,0.178594281679551,2.82840888095175,0.0046780015984596,0.0190988411414036
BSU_07600,yflP,1212.30103771861,0.593851778718519,0.184886783584854,3.21197528132653,0.0013182571723268,0.0065389251795556
BSU_07610,citM,463.250626259878,0.689572845024107,0.177631910513426,3.8820324739568,0.0001035870399903,0.0006959344490488
BSU_07620,yflN,352.034883641074,0.663522457702071,0.212385522205965,3.12414165904684,0.0017832458177586,0.0084223156198033
BSU_07630,nosA,93.6958401058304,0.666468437881395,0.322954731828226,2.06365899675339,0.0390500596134383,0.105137180372408
BSU_07640,acyP,52.1017561240636,-0.0103796866426191,0.51773608746612,-0.0200482193416705,0.984004906810432,0.989364156835684
BSU_07650,yflK,76.6253919890874,0.76702090085398,0.345272900359524,2.22149175349499,0.0263176726379844,0.0769062890714946
BSU_07660,yflJ,652.022780996267,-2.34181503185554,0.319398361959598,-7.33195692516347,2.2681600611700399e-13,4.93877313832204e-12
BSU_07670,yflI,20.9504895485542,-0.319277328524981,0.681261665164322,-0.468655943598368,0.639315582611992,0.765735955929624
BSU_07680,yflH,417.741403680982,-0.0146226374243398,0.198890076376434,-0.0735212017147801,0.941391373200639,0.967832389978187
BSU_07690,mapB,390.847504386686,-0.042793513431167,0.190421867979482,-0.224730036971268,0.822189296102518,0.891702618454992
BSU_07700,nagP,1367.83382203475,0.860565291993736,0.186052063102968,4.62540042631758,3.73875389330675e-06,3.4139245227915e-05
BSU_07710,ltaSB,1549.28640637718,0.0033973402145577,0.148302393643881,0.0229081954180445,0.981723503113908,0.988240396923104
BSU_07720,yflD,0.997660287529765,0.388987719448179,3.26740661856724,0.119050906378696,0.905235025066326,
BSU_07735,yflB,55.493070917737,-0.707953706588486,0.407176466697438,-1.73869013681124,0.0820892818785346,0.18649068531635
BSU_07750,yflA,161.903208053657,-0.874791091763998,0.310575494693494,-2.81667776985215,0.0048523181386761,0.0197157347529369
BSU_07760,yfkT,8.15150887297819,-1.69472065996557,1.14201637682366,-1.48397229178024,0.137816271546636,0.272932784042452
BSU_07770,yfkS,0.159636375058793,0.635907297416652,3.52922032873609,0.18018350745599,0.857008505670582,
BSU_07780,yfkR,13.9191864332284,-0.67387986781468,1.09444258285829,-0.61572884532211,0.538073496127149,0.685466566023365
BSU_07790,yfkQ,17.6065382526659,-1.64443793580713,1.08837242212,-1.51091474056646,0.130810174735362,0.262734154175187
BSU_07800,treP,522.192307321596,0.485469718961328,0.181236106578754,2.67865895006066,0.0073917639579471,0.0278239625580172
BSU_07810,treA,532.741571831359,0.342860068689873,0.203031861020472,1.68870081260449,0.0912767798445485,0.201749717449221
BSU_07820,treR,330.892987334577,0.736881174412663,0.28222743993332,2.61094801620552,0.0090291617587483,0.0326279326192727
BSU_07830,hypO,250.588958648797,-0.628365545421414,0.251726117577372,-2.49622705609113,0.012552222683621,0.0428304895016888
BSU_07840,yfkN,3911.53804018235,0.133855073474357,0.204351596539555,0.655023380003041,0.51245270117559,0.664591988146474
BSU_07850,sufLB,104.889401607425,-0.713703920998939,0.332727531902281,-2.14501011358611,0.031952038376715,0.0897277479811718
BSU_07860,yfkL,103.513547174427,-0.0316006284625748,0.3080779143325,-0.102573495185601,0.918301479635286,0.951698335985215
BSU_07870,yfkK,192.958771978351,0.314927918255366,0.251795915298678,1.25072687490503,0.211034141875009,0.368442009211057
BSU_07880,yfkJ,60.0917464267133,-1.08570897419534,0.481834451420907,-2.25328216152588,0.0242413637792948,0.072180105614927
BSU_07890,yfkI,97.4587094111485,-0.583392275238149,0.354354195269668,-1.64635351584925,0.0996909974384858,0.21552340892251
BSU_07900,rbn,150.45356269889,-0.0182474396549521,0.280383621007709,-0.0650802624966824,0.948110095358248,0.970064654935905
BSU_07910,yfkF,93.0413212264796,1.08013322517108,0.396367348966336,2.72508123584826,0.0064285667823644,0.0248821281293704
BSU_07920,chaA,133.636353556212,-2.50071036378662,0.496533008063762,-5.03634264625866,4.74510837130261e-07,5.01187317028629e-06
BSU_07930,yfkD,114.237957429204,-2.10110406456931,0.344566640903016,-6.09781625714805,1.0752723977731701e-09,1.66627978136675e-08
BSU_07940,mscC,93.253390233424,0.726223573557265,0.312137824803066,2.32661188696197,0.019985931301169,0.0623056272428515
BSU_07955,yfkA,42.7023062388288,2.48225341482852,0.657098570567541,3.77759673512085,0.0001583490070562,0.001023363598114
BSU_07970,yfjT,116.149302593553,-0.128243662318205,0.359449939817734,-0.356777531756532,0.721258357841941,0.821630892103199
BSU_07980,pdaA,59.1665424691972,-0.948951826818721,0.43683266940891,-2.17234628559895,0.029829553280678,0.0849472053854853
BSU_07990,yfjR,254.269568775284,-0.261583174903929,0.259118719904653,-1.00951091067516,0.312729671687652,0.484263379280004
BSU_08000,yfjQ,175.481925290198,0.286574599895018,0.238489682121107,1.2016226335087,0.229509768258214,0.390675387290266
BSU_08010,yfjP,412.645162861096,0.416999989277754,0.218035070001814,1.9125363147969,0.0558074393444993,0.139141742487812
BSU_08020,yfjO,529.7666672063,0.155900164788011,0.19768150101277,0.788643165846561,0.430320594324849,0.595160014170459
BSU_08029,yfzA,794.891651174999,0.200515429691607,0.163355669970665,1.22747762430049,0.219643126754864,0.378606100342452
BSU_08030,dusC,309.17631766933,0.451947647013235,0.242924185176933,1.86044731068692,0.0628222664151889,0.153036915203036
BSU_08040,yfjM,59.6044649963917,0.324422911374796,0.390237635658232,0.831347060689255,0.40577759624475,0.573785945678107
BSU_08050,yfjL,79.3202276885223,0.514872686278367,0.368259062475554,1.39812631579853,0.162075138662184,0.306345966058171
BSU_08060,acoA,7980.84273760311,-0.324230597831726,0.15179664351286,-2.13595367017623,0.0326831903128262,0.0914213209762769
BSU_08070,acoB,8058.93073670636,-0.236326161410091,0.138808431171426,-1.70253463291602,0.088655191927104,0.197341368644855
BSU_08080,acoC,11111.1270162292,-0.442480646297595,0.173742400618203,-2.54676259061218,0.010872737494417,0.0379651672708016
BSU_08090,acoL,12917.4121960483,-0.407273583383282,0.160808538020232,-2.53266143948179,0.0113200229326971,0.0393651247929828
BSU_08100,acoR,9554.33374961173,0.115648322082596,0.147995479216405,0.781431451115409,0.434548779133823,0.598279544812649
BSU_08110,sspH,2265.98945868843,-0.0190429637374471,0.15466511205804,-0.123123847932176,0.90200902703758,0.942404116338968
BSU_08120,yfjF,75.6425030500109,-0.483403280016114,0.401993393227584,-1.2025154844832,0.229163870465055,0.390304770956527
BSU_08130,yfjE,122.496620459196,-1.58296863793015,1.30422636003728,-1.21372231572202,0.22485377980725,0.385437686338951
BSU_08140,yfjD,107.212338267656,-0.899177269044153,0.311200698223775,-2.88938062856653,0.0038600153055735,0.0163243276767583
BSU_08150,yfjC,99.2706225233204,-0.209101116316351,0.361812859425585,-0.577926159529875,0.563313973043548,0.706418367390712
BSU_08160,yfjB,487.408650044697,-0.759448811006362,0.223086855019163,-3.40427413771701,0.0006634013805045,0.0035882831358244
BSU_08170,yfjA,151.601317504484,-0.585788046942657,0.264398011282124,-2.21555390716459,0.0267220685630013,0.0778202353350503
BSU_08180,malA,888.720741493438,0.336569519572691,0.194182586081917,1.73326314353805,0.0830489084352421,0.188167377383158
BSU_08190,malR,506.566628481052,0.784777505615556,0.216652538207133,3.62228622895368,0.0002920107520056,0.0017512396229036
BSU_08200,malP,801.159026743139,0.346920389007638,0.154519153482381,2.24516107672823,0.0247577938431571,0.0733065499707427
BSU_08210,yfiB,158.248633245597,-0.049815375686445,0.260067904874784,-0.19154757181756,0.848096613528695,0.910358231884765
BSU_08220,yfiC,86.8779877547503,0.411739683895967,0.354727918811788,1.1607197011026,0.245755907303528,0.407291015773139
BSU_08230,catD,5.95675011584101,-2.11826792197693,1.73652370057417,-1.21983242801497,0.222528405635696,0.38191415130524
BSU_08240,catE,28.0604480209809,-0.823196831655503,0.604680748426935,-1.36137430172373,0.173395432995886,0.321993854711351
BSU_08250,yfiF,74.0327738724862,1.06095024017492,0.402115687591103,2.63842041709589,0.0083293248071653,0.0306201845291985
BSU_08260,yfiG,758.503432790896,0.790343673158306,0.217913706096839,3.62686536480218,0.0002868827814484,0.0017253601841784
BSU_08270,yfiH,483.645195006707,0.772160642717426,0.250188074625712,3.0863207364004,0.0020265009929366,0.0093527426260969
BSU_08280,yfiI,1131.56383607994,0.790204106938877,0.183170069044821,4.31404601777771,1.60293558228897e-05,0.0001274543910561
BSU_08290,linJ,63.1681162273795,0.583187426551886,0.39881686412054,1.46229379702364,0.143660717614164,0.281098344234904
BSU_08300,linK,76.7544142119132,0.473481579727957,0.372825995119314,1.26998006020592,0.204091732947325,0.358978251074707
BSU_08310,bifL,0.374865896133158,-1.00552903419423,3.47391011787278,-0.28945165536118,0.772235770565579,
BSU_08320,bifM,0.0,,,,,
BSU_08330,bifN,27.621666499493,-3.80802497668686,0.975480161159739,-3.903744154222,9.47159064259976e-05,0.0006434619818956
BSU_08340,padR,307.519492978589,0.318971691026404,0.197880070372922,1.61194449964201,0.1069740175475,0.226532510968476
BSU_08350,estB,28.699323804111,-1.11918199362391,0.678166657643452,-1.65030524725727,0.0988805196123818,0.214316838322702
BSU_08360,icaC,51.8557802078113,-0.307632390373819,0.436262374277549,-0.705154532025042,0.480714073320865,0.638811098257951
BSU_08370,yfiR,194.267943817817,0.506802276845478,0.254815156305895,1.9889016186976,0.0467120630799474,0.121606020746448
BSU_08380,yfiS,47.2413034221591,0.22282823953303,0.436236866997368,0.510796442003548,0.609493600827967,0.745365734192266
BSU_08390,bstA,403.399330023407,0.171466909437535,0.230300975667555,0.744534012244269,0.456553472392193,0.617284167283874
BSU_08400,yfiU,39.5751857905659,-1.11493879104006,0.495505648775977,-2.25010308922662,0.0244424020366673,0.0725751322011813
BSU_08410,yfiV,155.08051410199,0.0030058644840139,0.265115351273225,0.0113379495739428,0.990953818897279,0.995128565314943
BSU_08425,mprF,513.065963780377,0.339757138779929,0.18170451507365,1.86983322149268,0.0615069814388316,0.150437006445437
BSU_08440,sxzY,533.6485784348,0.859026125618612,0.230127107975199,3.73283327278067,0.0001893379296336,0.0012016873680486
BSU_08450,sxzZ,48.4080786199041,2.39788331174679,0.803420106610123,2.98459460003335,0.0028395438264015,0.0124939928361669
BSU_08460,sxzA,39.8386241153024,1.16295399148172,0.473319606529863,2.4570163066092,0.01400963273572,0.0470236368346777
BSU_08470,yfhB,441.617790963416,0.351390519560727,0.188322432340096,1.86589837012164,0.0620555856894383,0.151351742559657
BSU_08480,yfhC,750.447823304938,0.356699570744035,0.172346902508079,2.06966046707636,0.0384841512830574,0.10427805127496
BSU_08490,yfhD,406.042701765536,-3.46922658624916,0.26030863498935,-13.3273588346045,1.6047913029468399e-40,1.58463810984006e-38
BSU_08500,yfhE,29.0263427877121,-4.83075838438696,0.910887923179753,-5.30335100670082,1.13696005271759e-07,1.35830266641671e-06
BSU_08510,yfhF,50.7509530641749,-0.162537757153349,0.443708850060319,-0.366316238973492,0.714129113534535,0.817302484115266
BSU_08520,recX,404.986259783465,0.48474350357755,0.209605928060074,2.31264214740444,0.0207423222172993,0.0639592593570464
BSU_08530,yfhH,322.343748968259,0.0615229647424156,0.215171480811163,0.285925274625074,0.774935355149621,0.862936144234275
BSU_08540,yfhI,15.670389972097,0.570808132990471,1.22918835112977,0.464378085316079,0.642376888150139,0.767886336454249
BSU_08550,sspK,3.7009664893592,-1.79477049718603,2.00292178042962,-0.896076179670411,0.370212078162291,0.54093268734147
BSU_08560,yfhJ,214.041071260755,0.0871826501341344,0.296709945339879,0.29383123654405,0.768886864820886,0.859356048441558
BSU_08570,yfhK,89.1895721649121,-0.918047592877656,0.344561009864417,-2.664397789056,0.0077126300398601,0.0287766495160335
BSU_08580,spdL,317.370110884958,-0.722767308039033,0.251115399417265,-2.87822773798929,0.0039991631880008,0.0168123236596551
BSU_08590,ephM,1424.33239157036,-0.39671658327746,0.170493840051558,-2.32686754640222,0.0199723159754133,0.0623056272428515
BSU_08600,csbB,460.089396313979,-0.351083983171219,0.253947829610946,-1.38250436599158,0.166816890838406,0.312303579585482
BSU_08610,yfhO,189.758639787331,-0.538217488271256,0.367635269139279,-1.46399851551607,0.143194353953631,0.280703244176878
BSU_08620,yfhP,361.977822615564,0.127347184934955,0.203424683863316,0.626016383638678,0.531304195165014,0.680094541006181
BSU_08630,mutY,176.807844524204,0.439448238624936,0.260016468576842,1.69007848245222,0.0910129408789452,0.201376209990621
BSU_08640,yfhS,8.33967805958219,-4.35912485910537,1.42655907548223,-3.0556917929472,0.0022454194102941,0.0102187039829677
BSU_08650,fabL,185.347695255022,0.430809602718386,0.234660258089177,1.8358865119575,0.0663744429396074,0.159313671408464
BSU_08660,sspE,835.241931131134,-2.10860268578221,0.809682408162535,-2.60423428312762,0.0092079789771971,0.0331331175738805
BSU_08670,ygaB,1152.71770549745,-0.934013430640776,0.583146776962065,-1.60167811525354,0.109226807014749,0.230276575265454
BSU_08680,ygaC,1129.09057955231,-0.832994602044683,0.154231075101092,-5.40095179586015,6.62882382172981e-08,8.40178684987007e-07
BSU_08690,ygaD,505.338971837105,-1.09387639209463,0.219892916108537,-4.97458677365807,6.53869699014517e-07,6.80473221082264e-06
BSU_08700,ygaE,170.439372814623,0.191991536581156,0.254883575009121,0.753251897750907,0.451298558342015,0.613384660281752
BSU_08710,gsaB,389.80316481597,0.352253310939795,0.195353616498828,1.80315735768274,0.0713635052772389,0.167856107889936
BSU_08720,bcp,535.390158859753,0.107303219593622,0.211786268912952,0.506658057410349,0.61239476451518,0.747406774973112
BSU_08730,perR,2989.35339148342,0.0991266567874202,0.129624659216365,0.76472067418871,0.444437892604972,0.607364147698295
BSU_08740,ygzB,1029.22592524806,0.155260702206205,0.155617440289319,0.997707595739587,0.318421168885904,0.490307666506747
BSU_08750,ygxA,667.586921611036,-0.891523306448476,0.18226371191906,-4.89139224183246,1.00125205285892e-06,1.01950029171199e-05
BSU_rRNA_22,rrnD-16S,15460.0167537289,-0.790277223410516,1.08949310224134,-0.72536230085783,0.468229794452138,0.627919884474811
BSU_rRNA_17,rrnD-23S,16655.8325512497,-0.892486331706884,0.978647109644956,-0.911959298618549,0.361790143819119,0.534350629237143
BSU_rRNA_18,rrnD-5S,0.274693137753362,-1.36448289855657,3.51639126397674,-0.388035004106301,0.697990129659174,
BSU_tRNA_29,asnTA,0.0,,,,,
BSU_tRNA_30,trnD-Ser,27.9772050590901,-0.563306097146676,0.562017810695356,-1.00229225200128,0.316202463522372,0.487911403642979
BSU_tRNA_31,trnD-Glu,73.1299257611964,-0.822984812528519,0.352194135340372,-2.33673627680699,0.0194529010323535,0.0609780628258486
BSU_tRNA_32,trnD-Val,9.26310029870529,-0.987401447550323,1.10571737143573,-0.892996233086419,0.371859189929692,0.542395781670035
BSU_tRNA_33,trnD-Met,10.4255958588659,0.101856487590771,0.929878754187134,0.109537385527009,0.912776270791333,0.948751051598531
BSU_tRNA_34,trnD-Asp,76.994482872391,-0.456629401849985,0.370004089085725,-1.23411987953514,0.217158236837872,0.37592525653686
BSU_tRNA_35,trnD-Phe,30.4323138229297,-0.571140224116211,0.595933389663595,-0.958396079197073,0.337863071569345,0.509615133883992
BSU_tRNA_36,trnD-Thr,35.7120527987027,-0.991740387748107,0.514515857682678,-1.92752151938484,0.0539146688694426,0.135697500900802
BSU_tRNA_37,trnD-Tyr,121.852490225903,-0.909080153393766,0.34288076963064,-2.65130107580268,0.0080182330063671,0.0297860169247899
BSU_tRNA_38,trnD-Trp,85.7268633333897,-0.901912532748543,0.339580886338232,-2.65595788524509,0.0079083490111707,0.029429316302744
BSU_tRNA_39,trnD-His,59.7196087203213,-0.460517916086641,0.42725203616035,-1.07786008517419,0.281096200493201,0.449203788970316
BSU_tRNA_40,trnD-Gln,243.845598369481,-0.778192836219071,0.244177476937568,-3.1869967942131,0.0014375836824629,0.0070484761151705
BSU_tRNA_41,glyTB,48.6804812001002,-1.01974124336002,0.43325276679446,-2.35368662710421,0.0185882742749614,0.0589593860795086
BSU_tRNA_42,cysTA,4.92096989697003,-1.30835406440767,1.25377325776053,-1.04353323562239,0.296701396209185,0.466936296628688
BSU_tRNA_43,leuTA,31.6372958542418,-1.42648278502477,0.74226343090395,-1.92180124418572,0.0546307717267456,0.136931674587817
BSU_tRNA_44,leuTB,2.51388193748748,0.179463470461022,3.32763477221385,0.0539312402790006,0.956989946733694,
BSU_08760,spo0M,1706.20249966075,-0.452062576222288,0.165383977394866,-2.73341216811443,0.0062681838694778,0.0243724438734458
BSU_08770,ygzA,23.2495084123744,-1.38568537676066,0.688520927522942,-2.01255375308034,0.0441615963776061,0.11610534874261
BSU_08779,ygzC,28.1013619683896,-0.642769837818669,0.644442619537184,-0.997404296879502,0.318568306510516,0.490307666506747
BSU_08780,ygaJ,364.216199427822,0.259861763280859,0.201107658298634,1.29215249921004,0.196304337919181,0.349625930706729
BSU_misc_RNA_11,tswD,175.355388547633,0.495995348186378,0.246562784644125,2.01163914052265,0.044257990308238,0.116286774040086
BSU_08790,thiC,840.143543093939,0.344150696185843,0.167008456073301,2.0606782690979,0.039333744153258,0.105636355265486
BSU_08800,ygaK,9.19961551931082,-3.09270768799907,1.37801882259493,-2.24431454584578,0.0248121703135454,0.0734163589904624
BSU_08810,senS,0.0,,,,,
BSU_08820,katA,1509.5868142094,0.365483362856001,0.212447110780192,1.72034988620838,0.0853688605165952,0.192091246292243
BSU_08830,ssuB,0.0761631822161247,0.596204354464691,3.52332866522585,0.169216218841303,0.865626572963566,
BSU_08840,ssuA,0.428216814899754,-0.384610871314545,3.47952213491785,-0.110535543790592,0.911984662696927,
BSU_08850,ssuC,0.374865896133158,-1.00552903419423,3.47391011787278,-0.28945165536118,0.772235770565579,
BSU_08860,ssuD,5.82791700252981,-0.0746318737304328,1.60153391233016,-0.0466002456494017,0.962831836244763,0.977285230374293
BSU_08870,ygaN,269.790296906083,0.664769548146018,0.322170200069897,2.06341104174685,0.0390735917634622,0.105137180372408
BSU_08880,rpsNB,5.34434437412215,0.0845830736729488,1.71255034112602,0.0493901239816018,0.960608398479004,0.975309244366774
BSU_08890,ygaO,144.232968466558,0.330087795154987,0.296879509818424,1.11185778822147,0.26619930053425,0.431899973277962
BSU_08899,ygzD,26.9651239742089,1.19257079565276,0.61650405489535,1.9344086809862,0.0530628999650848,0.134110162649851
BSU_tRNA_82,trnSL-Gly1,0.490700471508039,-0.0335953768103225,3.47532296731822,-0.0096668358959014,0.992287101012498,
BSU_08900,yhzB,83.2616051297298,-0.0062027480002093,0.327668397689747,-0.0189299549298691,0.984896983240693,0.990026655028405
BSU_08910,queG,38.3929311201066,-0.243229346601588,0.511133710458434,-0.47586246343141,0.6341723657258,0.762582218874294
BSU_08920,yhbB,314.148776000041,-3.33965383414661,0.273917706359689,-12.1921794634233,3.42146685966497e-34,2.69028671965509e-32
BSU_08930,trmL,297.354994260999,-1.6629551094278,0.313206080491017,-5.30945985090953,1.09950600339698e-07,1.32252195196135e-06
BSU_08940,yhbD,126.654437417237,-0.142461856138815,0.298907690415146,-0.476608199477749,0.633641143575295,0.76216438969425
BSU_08950,yhbE,196.35717987667,0.391311516340782,0.247678911894556,1.57991454883077,0.114126436934717,0.237899815330428
BSU_08960,yhbF,359.703294506805,0.325726648019898,0.21610307193755,1.50727449221096,0.131740313012206,0.264477243049563
BSU_08970,prkA,9626.60543731977,-3.17495866483603,0.157878494311141,-20.1101402612755,6.01535030200013e-90,5.10823547645852e-87
BSU_08980,yhbH,1993.43459415459,-2.61229612567935,0.181804495009898,-14.3687103310462,8.133168025495611e-47,1.0464676192804401e-44
BSU_08990,yhbI,7.63733237590081,0.66798226563242,1.27873381876786,0.522377883362827,0.601407251791372,0.73930955156519
BSU_09000,yhbJ,21.3459311333353,-1.35134393557604,0.639057609132095,-2.11458860087952,0.0344650260477186,0.0954587061347619
BSU_09010,yhcA,72.0123138848884,-1.03005025297944,0.412707514407858,-2.49583595408319,0.0125660699862733,0.0428304895016888
BSU_09020,yhcB,41.1130800597037,-1.09162619397255,0.557844173144365,-1.95686581759822,0.0503632463395589,0.128898338732831
BSU_09030,yhcC,39.1937086833534,-0.62612929730271,0.531327228853239,-1.17842501438159,0.238627210207027,0.400329724805727
BSU_09040,yhcD,0.0,,,,,
BSU_09050,yhcE,38.2140249026171,0.310208845151546,0.472503867645606,0.656521282454799,0.511488778613272,0.663747357577003
BSU_09060,yhcF,48.0102350356177,-0.148376043474588,0.427906977101152,-0.346748362178525,0.728780373895297,0.827158906057052
BSU_09070,yhcG,55.5996895014496,0.102499248059128,0.476311376989342,0.215193785013079,0.8296162362668,0.896779668836261
BSU_09080,yhcH,59.9696398915933,0.496629371564889,0.466986192902465,1.06347763405633,0.28756540271092,0.455938274798568
BSU_09090,yhcI,107.272375806418,-0.068895442584755,0.304633121437802,-0.226158738943367,0.821077960763037,0.890724839397
BSU_09100,cspB,6110.15362805659,-0.136995115384131,0.216731727275341,-0.632095342506498,0.527324578417979,0.676880519157941
BSU_09110,yhcJ,127.923679746152,1.25921678253005,0.401844998197819,3.13358829443528,0.0017268295686268,0.008201474662628
BSU_09120,dgcK,53.2987761798527,0.925119883338723,0.419059638892224,2.20760912643427,0.0272715323985025,0.0791183769831389
BSU_09130,tcyP,90.8823683974104,0.268859523045085,0.317024873425163,0.848070752746636,0.396398568675807,0.565560592270658
BSU_09140,yhcM,290.778308584859,-2.29250760761274,0.288304973767319,-7.95167553877493,1.84005656960406e-15,4.56893578628002e-14
BSU_09150,yhcN,158.630526293803,-2.59550166458612,0.58148294791789,-4.46359033206357,8.05975962585245e-06,6.91348270128677e-05
BSU_09165,yhcO,115.880379221347,-3.88308029311665,0.432383923283851,-8.98063060167824,2.69219278264529e-19,8.93050824618118e-18
BSU_09180,yhcQ,119.178407077645,-1.70364633992007,0.464447922043108,-3.66811058692161,0.000244349500399,0.0015002556854476
BSU_09190,mncR,9255.28692401278,-0.353516322808425,0.128956050992275,-2.74137056840862,0.0061183460774967,0.0238334838945424
BSU_09200,srtA,1924.26114884447,-0.331565902031081,0.156451549754337,-2.11928806427109,0.034066129737813,0.0946009070416965
BSU_09210,yhcT,70.2552074024268,-0.176168183441373,0.372885428932762,-0.472445876862459,0.63660856501179,0.763786371020079
BSU_09220,yhcU,18.953414408579,-0.544028285554044,0.771721041110142,-0.704954584070228,0.480838499772118,0.638811098257951
BSU_09230,yhcV,44.4985422029119,-1.80996238912039,0.692395583222909,-2.61405825365829,0.0089473779706959,0.0324151594399104
BSU_09240,glpW,90.2425339831699,-0.138058457903412,0.360754120263998,-0.382694057111202,0.701946621372914,0.808371400691454
BSU_09250,yhcX,409.763101667273,0.321678495544356,0.189567833719092,1.69690442325268,0.0897147316468521,0.199230518081869
BSU_09260,yhxA,3444.31353570173,0.78280222306975,0.148839670562797,5.25936546425958,1.4455334284302e-07,1.69550688870569e-06
BSU_09270,glpP,2431.16493942957,0.653650044287594,0.1759758135921,3.71443115360563,0.0002036613050582,0.0012807991441223
BSU_09280,glpF,2655.79578073563,0.0481909877413984,0.143820696726301,0.335076861942261,0.737567106449289,0.834646208902313
BSU_09290,glpK,8173.53506104102,-0.0150578113461073,0.131160854222053,-0.114804157348767,0.908600353759817,0.945691845542155
BSU_09300,glpD,446.434695361539,-0.393397394589464,0.196651002464706,-2.00048507080491,0.0454479104144944,0.118898230203292
BSU_09310,pgcA,2114.30660433089,0.0598864018185296,0.137731387157388,0.434805769799561,0.663703416518274,0.781282147639754
BSU_09320,yhcY,622.287980956417,0.359701209660689,0.167222187757759,2.1510375775119,0.0314732338046409,0.0885002322745067
BSU_09330,yhcZ,298.333986918439,0.276901055175459,0.266388046149985,1.03946501795938,0.298588519258316,0.468863481054293
BSU_09340,azr,388.742765029881,0.0294154911606372,0.205134020935844,0.143396453822922,0.885977083472685,0.933460441169835
BSU_09350,yhdB,3.84926607722578,-2.37589367821793,1.81216853701971,-1.31107765623462,0.189831528750005,0.342551921407786
BSU_09360,yhdC,22.3873409415905,-0.831661129881907,0.662167127399158,-1.25596861497562,0.20912734933165,0.366166897015335
BSU_09370,lytF,520.464480168298,0.453085664509966,0.201051334894027,2.25358197571175,0.0242224782964968,0.0721744862083688
BSU_09380,nsrR,706.570757247562,0.197378934555756,0.16782458770188,1.1761026036684,0.239553877618492,0.401399275599099
BSU_09390,ygxB,19.223001513026,0.496709890370209,0.746902414010798,0.665026489475274,0.506033550412832,0.658968476754222
BSU_09400,spoVR,2861.28919632289,-3.5060700802335,0.160085386722357,-21.9012500267387,2.5275093978753003e-106,5.36590245168927e-103
BSU_09410,phoA,361.597633064629,-1.06493487300089,0.268425338435121,-3.9673410834063,7.26789426736261e-05,0.0005075572213687
BSU_09420,lytE,897.587138203026,0.900578969642017,0.176967163253545,5.08896087321994,3.60030880306965e-07,3.8997222392433e-06
BSU_09430,citR,31.5968121554539,1.52892688323064,0.694138057027485,2.20262650599793,0.0276210841329453,0.0797817164819632
BSU_09440,citA,883.535503638095,0.815180092315655,0.23604541370036,3.45348837554819,0.0005533861530543,0.0030634649359434
BSU_09450,yhdF,781.385123417202,1.26317304219182,0.186786716798468,6.76264920676727,1.35491022739885e-11,2.55686614468246e-10
BSU_09460,bcaP,3117.1489919626,0.479248323274206,0.155180241452246,3.08833340371936,0.0020128251359526,0.0093246746632904
BSU_09470,yhdH,129.122374205289,0.173989053374617,0.284448973801912,0.611670525820852,0.540755766364741,0.686992348681824
BSU_09480,yhdI,97.0452023278735,0.742604382869179,0.342687617031535,2.16700092434575,0.0302347836398504,0.0857322456718069
BSU_09490,yhdJ,253.701318747678,-0.0511144264258031,0.261464798002128,-0.195492574206441,0.845007350458999,0.909390354549922
BSU_09500,asiMB,29.116806695564,0.199835468296386,0.669583780187982,0.298447295482999,0.765361796201829,0.85699530239266
BSU_09510,asiMA,238.873015560464,-0.757283458927014,0.236710350569019,-3.19919875538441,0.0013781012530966,0.0067960719171295
BSU_09520,sigM,65.2004867991364,-0.599414545097905,0.383320856531687,-1.56374101456792,0.117878401576149,0.243914080454352
BSU_09530,akrN,546.35666322228,-1.26053067273423,0.229337580404514,-5.49639823752767,3.87626607767233e-08,5.01787370908436e-07
BSU_09540,plsC,691.048230982674,0.110803197871988,0.194868460030257,0.568605088041358,0.569624171126086,0.71136006782393
BSU_09550,yhdP,2597.12937394658,0.116216608385223,0.15723515371231,0.73912611551143,0.459830420128166,0.619625504241255
BSU_09560,cueR,1404.93932429859,0.229009898695025,0.170146457869714,1.34595748605231,0.178316227760831,0.328046231833834
BSU_09570,yhdR,241.69571858531,0.157031056212808,0.231169031810611,0.679291058075021,0.496953461058804,0.651462350412841
BSU_09590,yhdT,8971.54395057174,-0.0269309679713221,0.126563140283632,-0.212786818586903,0.83149324554872,0.897894282960291
BSU_09600,crcBA,114.571494111528,0.836697566615035,0.332172621675188,2.51886372331188,0.0117734214066532,0.0405762559193585
BSU_09610,crcBB,165.012447687434,0.360841861524696,0.259343268444097,1.39136775629277,0.164113936982732,0.309183529175922
BSU_09620,yhdW,593.221082374889,0.244873249025355,0.18861997925717,1.29823600866527,0.194206248024405,0.347199885941736
BSU_09630,yhdX,104.077760063404,-0.33592374987161,0.472781788189984,-0.710525993731005,0.477378017562095,0.636204351088717
BSU_09640,mscY,100.617276765068,-0.624119670015439,0.365952396790483,-1.70546681887908,0.0881073955853724,0.196739481941117
BSU_09650,srtN,278.804327968227,0.0514951182120745,0.267672539217807,0.192381027813139,0.847443752439634,0.910358231884765
BSU_09660,yheN,247.72750537644,0.66466147598863,0.227403343540082,2.92283070970536,0.0034686505009229,0.0148616448303922
BSU_09670,dat,9427.64065512037,-0.259703419209347,0.133667577301469,-1.94290511171323,0.0520276242069647,0.131964929738812
BSU_09680,nhaC,7.32611027619823,-2.0157116297889,1.1406519558395,-1.76715747469645,0.077201859282378,0.178442620856275
BSU_09690,nhaX,783.307308335374,-1.09684022779672,0.245111063684361,-4.47487033555192,7.64576977346977e-06,6.59836147523428e-05
BSU_09700,bmrB,115.737792498952,-0.57888991406202,0.34759818273521,-1.66539971385006,0.0958330364773063,0.209314337902594
BSU_09710,bmrC,959.695625907593,0.178128409826861,0.184129384042211,0.967408926899065,0.333339649205281,0.505370764437149
BSU_09720,bmrD,1203.47495937155,0.228406107873012,0.196462511067783,1.16259385381778,0.244994325633691,0.406977203235353
BSU_09730,yheG,96.5243112216768,0.581857296182038,0.440600318550184,1.3206011700052,0.186634382531626,0.338739561239622
BSU_09740,yheF,0.119649087356392,-0.762823052100791,3.53281657067522,-0.215924896421949,0.829046290297471,
BSU_09750,sspB,155.058717763304,-5.0665325584216,1.27289489865023,-3.98032277746899,6.88217566962096e-05,0.0004838032763776
BSU_09760,yheE,173.904452163523,-0.317266747844651,0.26258556903864,-1.20824137063665,0.226954432843249,0.387420797287626
BSU_09770,spaD,363.690562542406,-2.68850243667011,0.227295674552653,-11.8282164496154,2.79007184269454e-32,2.1154723293001797e-30
BSU_09780,spaC,271.524194699057,-3.00633938309835,0.30154975592887,-9.96962963487687,2.0699928068249202e-23,9.25177837660905e-22
BSU_09790,yheB,131.293033430762,-0.0781811075330027,0.300936626630328,-0.259792596230038,0.79502376227855,0.874073250811684
BSU_09800,yheA,230.825021960222,-0.372377618642354,0.280923681528557,-1.32554726826937,0.184989702667152,0.337254734875367
BSU_09810,yhaZ,227.718129294928,-0.127670657296756,0.249433772624622,-0.511841904780435,0.608761659849465,0.745151524533961
BSU_09830,yhaX,6045.46146256536,-2.34329143324067,0.177063438401409,-13.234191397144,5.569288789089859e-40,5.37436368147172e-38
BSU_09840,hemZ,225.923822354083,-1.03601902756808,0.24718261799037,-4.19131019806759,2.77348154458565e-05,0.0002099144855313
BSU_09850,khtU,236.343102118728,-0.597645530717318,0.232745847480806,-2.56780319471265,0.0102345243494232,0.0363342728993735
BSU_09860,khtT,213.551397346622,-0.899570972310762,0.340665462906137,-2.6406286232738,0.0082752374321861,0.0304741180720401
BSU_09870,khtS,233.290231676096,-0.61800501153901,0.293374894444923,-2.10653680066353,0.0351577499405111,0.0967464719685095
BSU_09880,yhaR,1061.82073629816,-0.751307932261562,0.185612821066538,-4.04771571244119,5.17199099516206e-05,0.000372208029923
BSU_09889,yhzD,43.4240242161135,-0.835127099946487,0.453162042467244,-1.84288846303109,0.0653452970894753,0.157328095917206
BSU_09890,yhaQ,216.88400863986,-0.457331112754517,0.304970244924119,-1.49959256801695,0.133719974013091,0.266937005011558
BSU_09900,yhaP,247.16571077628,-0.158331719582306,0.314511740042881,-0.503420697620759,0.614668522706684,0.748890257507196
BSU_09910,yhaO,197.475823870556,0.57080091114849,0.25161402724747,2.26855758954603,0.0232952431408796,0.0701003560426469
BSU_09920,sbcE,491.242375418354,-0.515680234422633,0.224462681889518,-2.29739852558856,0.0215960458132114,0.0658569174860893
BSU_09930,yhaM,838.315376737326,-0.0544860007164897,0.179518432026238,-0.303512013231745,0.76149969375888,0.853571198442504
BSU_09940,yhaL,167.322708043407,-2.54583858621359,0.283110600141354,-8.99238172269946,2.4192979727477e-19,8.08845605691869e-18
BSU_09950,prsA,872.442612362446,0.121529726093502,0.152248400031172,0.798233190421828,0.424735180039538,0.591093272516513
BSU_09958,sscA,0.119649087356392,-0.762823052100791,3.53281657067522,-0.215924896421949,0.829046290297471,
BSU_09959,sscB,0.467787721361159,0.0907529266934181,3.46874709249384,0.0261630278234473,0.979127305303565,
BSU_09965,yhaJ,120.706586479891,0.34219000197291,0.279041894520647,1.2263033210864,0.220084552051324,0.378945258722596
BSU_09980,yhaI,221.84313801167,0.0751108489538,0.278351161744565,0.26984205304926,0.787281768783277,0.869840850963777
BSU_09990,scoC,6935.09074502651,0.282290079634801,0.128446255075691,2.19772915503416,0.0279684126131132,0.0805657258855351
BSU_10000,yhaH,1281.89200563574,-0.0159199335848916,0.142441732980011,-0.111764531726988,0.911010110857475,0.947147142678951
BSU_10009,yhzF,113.906119895238,-1.64104341364695,0.672385228196381,-2.44062978309163,0.0146616766660228,0.0487497878809184
BSU_10010,trpP,3064.29003109341,0.393950338826235,0.145734521225448,2.70320535940007,0.0068674302887549,0.0262694675730212
BSU_10020,serC,667.111750232355,1.08052147098079,0.203207012180998,5.31734342916454,1.05293220028586e-07,1.27371798359366e-06
BSU_10030,hinT,311.528728880416,0.160693230892926,0.214446894074577,0.749338112759247,0.453653441734145,0.615796839387206
BSU_10040,ecsA,597.435930939374,0.315154293836635,0.196265440631177,1.60575541380652,0.108327660555694,0.229063369880217
BSU_10050,ecsB,478.335895752056,0.474581332105798,0.268050712535681,1.77049084337959,0.0766454084205037,0.177502986496025
BSU_10060,ecsC,304.784335800868,0.363869042592158,0.213693992344579,1.70275747389952,0.088613464222036,0.197341368644855
BSU_10070,sndC,6857.16701086109,0.299805902933451,0.129391924140048,2.31703721021225,0.0205017048734489,0.0633092646492102
BSU_10080,yhfA,2.69958954726811,-1.10859593959577,2.03311657784552,-0.545269244113165,0.585568353741178,
BSU_10090,yhgB,0.904048201707838,2.13725483789761,3.40061044937205,0.628491522247799,0.529681998608508,
BSU_10100,hmoB,217.845198781204,0.316775825900114,0.32529710894238,0.973804614895072,0.330153561276971,0.502628906841886
BSU_10110,pbpF,162.149880496601,-0.833627898761776,0.334911606832283,-2.4890982628119,0.0128067564165665,0.0434672164226548
BSU_10120,hemE,355.985157260897,-0.015615705568834,0.190997595334751,-0.0817586501100458,0.934838638374351,0.963896274535574
BSU_10130,hemH,548.690876093403,0.0393386633281978,0.212359402345106,0.185245686763934,0.853036336297191,0.912215273052358
BSU_10140,hemY,513.111025105587,0.314048965540074,0.196323796176932,1.59964798794459,0.1096766963348,0.230892899978557
BSU_10150,yhgD,71.1412046250478,0.357465951287631,0.407483443096637,0.877252701535793,0.38034939653581,0.55040675263446
BSU_10160,yhgE,269.974196472613,0.448052399176523,0.264001290883008,1.69715988008209,0.0896664378549284,0.199227469980129
BSU_10170,fabHB,87.2036176130117,-0.26583956297196,0.568471507567416,-0.467639203430849,0.640042624732055,0.765958563870436
BSU_10180,yhfC,221.321725577424,-0.906010764445495,0.271362757510623,-3.33874394834754,0.0008415809897003,0.0044279465703439
BSU_10200,yhfE,689.115593730732,0.647646888092334,0.224444055283213,2.88556044523035,0.0039071742528281,0.0165073252512519
BSU_10210,yhfF,490.006766741741,0.143420809476301,0.207225892148596,0.692098887785017,0.488875230098015,0.644847538675419
BSU_10220,gltT,4281.7438877758,0.257017145868577,0.16217293463128,1.58483378532266,0.113004104001175,0.236362278615266
BSU_10230,yhfH,117.110222965939,-0.329472389291046,0.427400305845929,-0.770875417692883,0.44078077913885,0.604117233125745
BSU_10240,yhfI,142.344692255901,0.575010998466322,0.305695183408409,1.88099463019051,0.0599726493072397,0.147705260416786
BSU_10250,lplJ,269.435264834849,-0.377746245445915,0.230657639085205,-1.63769232592542,0.101485892270097,0.218593457436401
BSU_10260,yhfK,418.58673300741,-0.285990579418228,0.193526590697575,-1.47778441395243,0.139465491452502,0.27522731861841
BSU_10270,lcfB,923.984879467436,-0.0283159689548024,0.165759334888322,-0.170825787723387,0.864360751436648,0.919357652955913
BSU_10280,yhfM,106.51153294681,-1.95033724658708,0.429763358533965,-4.53816549935805,5.67457190524236e-06,5.05120174206689e-05
BSU_10290,yhfN,734.56623388958,-2.22458998656221,0.203624389052593,-10.9249682560748,8.75710165558366e-28,5.09351419583674e-26
BSU_10300,aprE,21831.7174993479,-0.428208756335145,0.153974010475493,-2.78104567785679,0.0054184112686397,0.0216227201566206
BSU_10310,yhfO,72.1526350817773,-1.22701993809007,0.429780545364535,-2.85499181227323,0.0043037938453216,0.0178699148684506
BSU_10320,yhfP,448.109728786206,-0.532592679639996,0.199655705579323,-2.66755552061295,0.0076405263939936,0.0286238971406284
BSU_10330,yhfQ,636.678814515562,0.620573973485573,0.179659686684947,3.45416372997366,0.0005520021372429,0.0030597925257618
BSU_10340,phoE,264.792180954721,0.193183123473509,0.262954238600723,0.734664421085236,0.462543893659833,0.621900371272847
BSU_10350,yhfS,133.516147975814,1.46288729174149,0.39684942622452,3.68625275752283,0.0002275803282203,0.0014086094367693
BSU_10360,yhfT,375.709084490352,1.21548487377258,0.241017023591077,5.04314946580219,4.57931268415848e-07,4.86094041423422e-06
BSU_10370,bioY,98.9126913987942,1.77778254336945,0.521233201812387,3.41072390858429,0.0006479066170089,0.0035224218896541
BSU_10380,hemAT,1124.12304290642,-0.220911360146006,0.217278123630227,-1.0167215937577,0.30928589025233,0.480332073888585
BSU_10390,yhfW,353.303201105938,-2.91372633901201,0.261621641536445,-11.1371762744869,8.26999729970872e-29,4.94569134289623e-27
BSU_10400,yhxC,74.90998261768,-1.88515703495044,0.403628135082598,-4.67052930927291,3.00424612864502e-06,2.7851591838923e-05
BSU_10410,yhzC,22205.9040446323,-0.20701794033555,0.18782381324687,-1.10219219148453,0.270378125982797,0.436843806287273
BSU_10420,comK,294.360125550532,1.00636156154247,0.222149256453718,4.53011447171837,5.89517366060627e-06,5.20393084468487e-05
BSU_10430,yhxD,22.3771206833689,-1.01642077754972,0.670023776166157,-1.516992103423,0.129268677746543,0.26037704255779
BSU_10440,yhjA,2148.02139210951,0.537832125173846,0.138569938383197,3.8813044982855,0.0001038976557807,0.0006969185567854
BSU_10450,yhjB,604.476949995603,0.770405960519764,0.175819697512167,4.38179550653846,1.17705260160293e-05,9.70439873088555e-05
BSU_10460,yhjC,79.8429886308011,0.447192274264256,0.327147082073505,1.3669456301731,0.17164234801748,0.319454792291039
BSU_10470,yhjD,14.4560109558524,0.697535485701832,0.873138711560287,0.798882785136563,0.424358381802585,0.591093272516513
BSU_10480,yhjE,323.066646184414,0.0959380969680706,0.213135933831199,0.450126336012642,0.652619348087691,0.775110979574919
BSU_10490,sipV,397.013198174155,0.0996042511613865,0.184913541830944,0.538653092548781,0.590126245902861,0.728817929058623
BSU_10500,yhjG,42.3736326231008,-0.0636979814358373,0.436467869911588,-0.145939680390999,0.883969006496302,0.932736680313941
BSU_10510,yhjH,103.08212652734,0.179600973656887,0.336613975645385,0.533551743692579,0.593651702502488,0.731693115687728
BSU_10520,glcP,86.717673896578,0.0429166794474824,0.352698473851343,0.121680933231288,0.903151714092948,0.943024910383277
BSU_10530,ntdC,146.319464740549,-0.358738521866005,0.31877714372855,-1.1253583543351,0.260437211053546,0.424987086138876
BSU_10540,ntdB,55.1367777340741,0.173400036614991,0.394146998736129,0.439937478075476,0.659982390683591,0.778645740921167
BSU_10550,ntdA,23.0708743099888,0.127156256574924,0.668084283075496,0.190329663181966,0.84905081061889,0.910760381657223
BSU_10560,ntdR,2538.90731331084,0.321509653905118,0.148178756535356,2.16974188083704,0.0300264054270628,0.0853360893194837
BSU_10570,yhjN,80.1446461121173,0.910343742201928,0.448030613093338,2.03187843776264,0.0421659639105712,0.112108129470435
BSU_10580,yhjO,1.68659903498698,1.6197791769994,2.35401791796697,0.688091269245015,0.491395308146721,
BSU_10590,yhjP,116.206188892962,0.758135293378611,0.287709441478994,2.63507269515159,0.0084119265353972,0.0308120802250248
BSU_10600,yhjQ,14.5118764455632,-4.8505789856414,1.15408071342098,-4.20298071810168,2.6342303558686e-05,0.0002004469908784
BSU_10610,yhjR,70.2939590087586,-3.79669440056152,0.662556233713551,-5.73037307230737,1.00209988882309e-08,1.40426274849598e-07
BSU_10620,addB,903.399051566797,0.658937093626124,0.167225004724935,3.94042203622596,8.13383831239655e-05,0.0005588394413339
BSU_10630,addA,1522.24189475482,0.502000981745435,0.190066390462282,2.64118753728348,0.0082615974327187,0.030450297482052
BSU_10640,sbcD,159.036823457138,0.462820266316552,0.313596030577411,1.47584861155411,0.139984537457695,0.275939807820508
BSU_10650,sbcC,819.665678042801,0.29911405910771,0.161419028562358,1.85302849219018,0.0638782749368725,0.155075560538571
BSU_10660,hlpB,165.451807508231,-0.019913532348764,0.276440685071239,-0.0720354615806002,0.942573686884833,0.968813332005083
BSU_10670,gerPF,75.9700867092691,0.179184244908382,0.422427264171109,0.424177746339311,0.671436188967413,0.78646015402914
BSU_10680,gerPE,113.551939114573,0.446692212621299,0.469014265545102,0.952406452076976,0.340890888538382,0.512362022206715
BSU_10690,gerPD,16.676051580873,0.129167608059181,0.692392883227634,0.186552477918401,0.852011529631333,0.911933691659854
BSU_10700,gerPC,248.158874029394,-0.261794511549257,0.235738119788628,-1.11053109180641,0.266770237811019,0.432550359551842
BSU_10710,gerPB,27.1999108027946,-1.30678692073134,0.708203508632761,-1.84521384715276,0.0650064369769111,0.156856374465328
BSU_10720,gerPA,40.9685239379909,-0.734119614447051,0.485244835293741,-1.51288496250074,0.130308882243322,0.261975148676679
BSU_10730,pchI,112.901222161871,-0.677785970789904,0.292330735204832,-2.31855870480054,0.0204189764037353,0.0631916718733673
BSU_10740,yisJ,0.5387345434502,0.861340241574146,3.44859984318362,0.249765203485885,0.802768930613674,
BSU_10750,mblK,1273.76483844589,-0.301204680752947,0.144117860952572,-2.08998856048849,0.036618827321712,0.0998388608114854
BSU_10760,yisL,174.079341371832,-0.129085548304304,0.255702692803271,-0.50482670670824,0.613680556228622,0.74842582896724
BSU_10770,wprA,1582.12596881437,-0.205661685757704,0.153992860461657,-1.33552740783663,0.181703791073736,0.332262832428546
BSU_10780,yisN,36.0663755867361,-0.391646885681996,0.618546082481271,-0.633173334654261,0.526620456878542,0.676658389804173
BSU_10790,asnO,317.373515754825,-3.28736619072455,0.341913739918401,-9.61460686402686,6.93738515443048e-22,2.67783066961017e-20
BSU_10800,yizA,155.813273882033,-0.697335665870557,0.372095395873871,-1.87407765213771,0.0609197230464216,0.149364349960899
BSU_10810,farP,48.0752437199766,-0.21591081560292,0.580198321070685,-0.372132782467352,0.709793989404877,0.814756766426901
BSU_10820,yisQ,8.64769753237324,-0.414970380225613,0.912332464786401,-0.454845570274393,0.649220343249105,0.772654193553761
BSU_10830,yisR,154.595291609047,0.184001247671509,0.261355986509122,0.704025379824568,0.481416968294077,0.639042614847561
BSU_10840,iolQ,334.076221346979,0.430143730129072,0.199367761832826,2.15753904329706,0.0309636884159207,0.0872986859322704
BSU_10850,iolX,777.20862179494,0.607249567181452,0.220340916194744,2.75595462553468,0.0058521114609976,0.0229751604002567
BSU_10860,yisT,3078.84558278386,-1.25417864501864,0.141570160391834,-8.85906070564135,8.069142369461441e-19,2.50084514603892e-17
BSU_10870,yisU,51.3476206679303,0.0998462449470181,0.397904032043375,0.250930467917786,0.80186786786791,0.878793350584176
BSU_10880,yisV,129.885014910979,0.591726078095155,0.310466696639609,1.90592448239958,0.0566600041448666,0.140771432182038
BSU_10890,yisX,417.055536882915,0.877928859290944,0.182090213476521,4.82139507955568,1.42557696277982e-06,1.40767436836351e-05
BSU_10900,yisY,97.1643050939537,-1.67469454997855,0.397559616469557,-4.21243627521909,2.52630999357678e-05,0.0001925801118981
BSU_10910,yisZ,6.7520517684949,1.57057873831728,1.18640348977249,1.32381500211068,0.185564492482462,0.337867424991652
BSU_10920,yitA,14.3226174764171,-0.467248890799027,0.915210939347948,-0.510536828954343,0.609675419646584,0.745373403921508
BSU_10930,yitB,6.70526997255168,-0.521881363589468,1.38221651927397,-0.377568460738404,0.705751197961753,0.811920140505343
BSU_10940,slpH,9.99536385177477,-0.687580585679236,1.140110770659,-0.603082264788889,0.546453964108705,0.691783998689792
BSU_10950,slpS,12.9790198895083,-0.786152307932607,1.1060176866942,-0.710795421619665,0.477211018181209,0.636181470391652
BSU_10960,yitE,63.3963025047961,-2.4093438412873,0.40436647214097,-5.95831753441556,2.5484797768978e-09,3.82362018823606e-08
BSU_10970,yitF,20.1613304067605,-2.1072996445411,0.869674129708787,-2.42309110108488,0.0153890669265641,0.0506134610148652
BSU_10980,yitG,33.777305475227,-0.429827858759495,0.521408536183241,-0.824359075334428,0.409735561039878,0.577218710078076
BSU_10990,yitH,355.400123686245,0.315103819708239,0.200468637875349,1.57183598914943,0.115988592734613,0.240636729816826
BSU_11000,yitI,226.41063772782,0.309104176339228,0.221808112792333,1.39356569265177,0.163448794533244,0.308477020707993
BSU_11010,samT,304.93456063189,0.253168263735635,0.221340509832307,1.14379543052215,0.252708485330119,0.41508712909543
BSU_misc_RNA_12,mswK,585.25098712462,0.220304231166485,0.195552044943532,1.12657595183983,0.259921811420234,0.424309116220804
BSU_11020,yitK,612.625502463611,0.553030849606302,0.195415533904667,2.83002501672204,0.0046544364610918,0.0190392458707092
BSU_11030,yitL,409.799479896731,-0.0063919725781434,0.184178219107807,-0.034705366406013,0.972314681733579,0.982515312513915
BSU_11040,yitM,3607.06411624666,-0.40690564673724,0.286390954409694,-1.42080481409041,0.155373510787147,0.297571459991984
BSU_11055,yitO,136.705490073358,-0.694121852545281,0.306023204068035,-2.26820006887767,0.0233170152681704,0.0701161804735493
BSU_11070,yitP,60.0716530379046,-0.452680260590644,0.436556497424954,-1.03693396676214,0.299766632586621,0.470539416622105
BSU_11079,yizB,144.319152987634,0.914998254404486,0.328755596456376,2.78321727224467,0.0053822749246636,0.0215189635876853
BSU_11080,yitQ,292.641591231612,0.337003723486063,0.22634838068137,1.48887181110636,0.136521127783292,0.270873228302738
BSU_11090,yitR,194.346302354373,0.0546367028332277,0.243521369577204,0.224361019848429,0.822476399190008,0.891786208110514
BSU_11100,nprB,452.304567968181,0.23713199727626,0.234246997620479,1.01231605819963,0.31138695928517,0.482712314393878
BSU_11110,fakBB,646.842227952915,1.0739595268624,0.20497565844165,5.23944908886888,1.61056669376846e-07,1.87869950047827e-06
BSU_11120,yitT,1475.59206758113,-0.777159625626901,0.145061945555886,-5.35743280326744,8.44127462642043e-08,1.04800152233278e-06
BSU_11130,ipi,940.468708193876,-0.879395771419279,0.169795644966865,-5.17914208925024,2.22908641672098e-07,2.5239202467726e-06
BSU_11139,yizC,203.528697354292,-0.231314661978473,0.266796699264358,-0.867007210420067,0.385938059013045,0.555384680781008
BSU_11140,ribZC,970.22250867287,-0.437422658955767,0.171703299100544,-2.5475495301906,0.0108482452071674,0.0379108223453767
BSU_11150,yitV,120.364003524338,0.541162693223999,0.35256840356135,1.53491545968847,0.124804595543375,0.253793253197879
BSU_11160,yitW,2309.91500347937,0.125184688278417,0.131800478880565,0.949804502545526,0.342211597639004,0.513727387672742
BSU_11170,yitY,318.753151065418,0.168614143249972,0.221296934385496,0.7619361909291,0.446098088619762,0.608263482427588
BSU_11180,yitZ,29.2932644657715,1.47658975207523,0.627335776493037,2.35374707996048,0.0185852517850647,0.0589593860795086
BSU_11190,argC,27957.865595946,0.0174827549316234,0.161144277021679,0.108491317561786,0.913605967445191,0.949148749149078
BSU_11200,argJ,34423.4319591733,0.158409869876229,0.168012901400501,0.942843487349937,0.345760964398132,0.517119075320348
BSU_11210,argB,22601.4255071674,0.254242653174239,0.164305575481378,1.54737690689659,0.12177238647126,0.25014298643298
BSU_11220,argD,34423.644227419,0.290657743683819,0.156838787188559,1.85322616231645,0.0638499492850711,0.155075560538571
BSU_11230,carA,62457.5544561925,0.135660469378379,0.164515542740796,0.824605791758659,0.409595432155478,0.577218710078076
BSU_11240,carB,142268.500682119,0.166590013536039,0.158201632191265,1.05302335524979,0.292330288120113,0.461425428757621
BSU_11250,argF,54600.8607640795,0.0807100394977678,0.164563372242948,0.49044959639387,0.623815788355245,0.755482554864909
BSU_11260,yjzC,65.6789941877547,-0.790997251449231,0.444786897663837,-1.77837354383369,0.0753425248389369,0.175386162536253
BSU_11270,yjzD,475.487515706271,-0.127621789640867,0.284081250682089,-0.449243972752312,0.653255669679753,0.775649768864718
BSU_11280,yjaU,24.0422421270622,0.382367249606488,0.575900942238847,0.663946212902542,0.506724737086935,0.659581003577905
BSU_11290,yjaV,91.6432775878401,-3.00952517056923,0.462616453656263,-6.50544343328823,7.7464529908356e-11,1.3535571769172e-09
BSU_11300,med,308.001004218144,0.63500527565036,0.233383743686155,2.72086335415156,0.0065111670281403,0.0251331047286215
BSU_11310,comZ,68.4572343363671,0.563138678196195,0.355522346957191,1.58397547444185,0.113199300364625,0.236513083707947
BSU_11320,yjzB,6.47358108624942,0.192724382310393,1.55398514998303,0.124019449164298,0.901299875740532,0.942141996546184
BSU_11330,fabHA,451.249641931354,-0.0129755143477176,0.206422583729609,-0.0628589862275638,0.949878794472882,0.970712234566284
BSU_11340,fabF,1400.21300813235,-0.0410687197155315,0.16208217384484,-0.253382088488313,0.799972967460356,0.878150263659946
BSU_11350,yjaZ,111.090926685771,-0.554324479216555,0.413038664175117,-1.34206438112423,0.17957512166685,0.329221056389226
BSU_11360,appD,8366.81756581044,0.525006106367236,0.134235510615784,3.91108212691899,9.18835194325397e-05,0.0006272305844221
BSU_11370,appF,9611.22624713232,0.663328753650824,0.150559517966473,4.40575768712633,1.05414751654506e-05,8.759120068983e-05
BSU_11390,appB,12507.6710374439,0.16207054271467,0.163934192554694,0.988631719771321,0.322843360957727,0.494514037022551
BSU_11400,appC,14263.8918692407,0.327786770438866,0.136218101808898,2.40633782211062,0.0161133566285926,0.0524954549352408
BSU_11410,yjbA,2074.41355593906,-2.32154433148725,0.220109108809142,-10.5472433378497,5.23093421579518e-26,2.77631833503329e-24
BSU_11420,trpS,185.825554144539,-0.0167258484431762,0.238852886138702,-0.0700257330508599,0.944173177895262,0.969518576382898
BSU_misc_RNA_13,tboWA,302.937943688974,-0.394028635303025,0.334600034461496,-1.17761086288342,0.238951777208404,0.400706653249164
BSU_11430,oppA,33345.5955581864,0.662988779871042,0.147359080991612,4.49913758561498,6.82296902801791e-06,5.96097252941647e-05
BSU_11440,oppB,576.973503394498,0.916124889773467,0.232137581709355,3.94647382396052,7.93105879860857e-05,0.0005475654578681
BSU_11450,oppC,1151.33860644098,0.982733722290394,0.208708136091344,4.70865075360689,2.49361904636324e-06,2.3633719801023e-05
BSU_11460,oppD,1901.67442476606,0.928590903475786,0.203140042964134,4.5711859165046,4.84971765427515e-06,4.38125556596857e-05
BSU_11470,oppF,1038.74939515395,0.83049995607022,0.249632541165115,3.32688980448628,0.0008782109480387,0.0045922212874043
BSU_11480,yjbB,132.246249379518,-0.5941081162934,0.301448213477613,-1.9708463667426,0.0487414513509001,0.125468019982325
BSU_11490,yjbC,1765.27531275333,-1.85278157084394,0.237753134507709,-7.79287968034703,6.54989869474166e-15,1.57123558519057e-13
BSU_11500,spxA,8755.69057182599,-0.621196389437299,0.154526259483113,-4.02000534740947,5.81968204550572e-05,0.0004139090446435
BSU_11510,yjbE,242.275818835426,-2.6276359722263,0.268609955726272,-9.78234766139497,1.3406415344121498e-22,5.37015467463586e-21
BSU_11515,BSU_11515,10.2765295222832,-1.99601125895876,1.20119538502895,-1.66168741891283,0.0965754650067525,0.210610901088172
BSU_11520,mecA,4945.5324919918,-0.161230105182563,0.125359290485253,-1.28614404691075,0.198392794264872,0.35174038037356
BSU_11525,BSU_11525,0.0,,,,,
BSU_11530,coiA,86.8953724005712,-0.513917692492702,0.338310167129348,-1.51907256247553,0.12874423217659,0.259443763560418
BSU_11540,pepF,5276.84302471699,-0.673749064195736,0.139192864110719,-4.84039945941347,1.29578400051298e-06,1.29761765711748e-05
BSU_11549,yizD,40.4341528353484,-3.20978457871402,0.68483359569867,-4.68695548652134,2.77299249799193e-06,2.59341985605148e-05
BSU_misc_RNA_67,roxS,3.30544922948473,1.04843261549114,2.38617643624929,0.43937765856875,0.660387912093313,0.778674555609055
BSU_11550,spxH,796.933726554619,0.0684388429652796,0.15965454350006,0.428668307615396,0.668164627575901,0.78392567247507
BSU_11560,yjbI,468.015401334449,-0.0631005563371862,0.200342271842127,-0.31496376554475,0.752789165591343,0.846159325463183
BSU_11570,cwlQ,1060.24892455784,0.317390288064089,0.2089050459995,1.51930407686202,0.128685974021089,0.259443763560418
BSU_11580,yjbK,187.948582806521,0.35573947738972,0.259460368021958,1.3710744346112,0.17035175357978,0.31754934819424
BSU_11590,yjbL,92.1164789912194,0.0895704593759199,0.360931213032881,0.248164902733862,0.804006820629391,0.880302465289426
BSU_11600,relP,244.042338288821,0.304174412228042,0.261914711183982,1.16134909281356,0.245499962443076,0.40718470333332
BSU_11610,ppnKA,190.341826302654,0.343056158513955,0.266052064103888,1.28943242620361,0.197247794421578,0.350444619300874
BSU_11620,yjbO,435.050038637605,0.217104031367355,0.193002916383218,1.12487435649046,0.260642279887224,0.424995053917493
BSU_11630,prpE,52.893405940418,-0.0213249048767585,0.410383877597121,-0.0519633105511359,0.958557927836483,0.974699424470683
BSU_11640,kefQ,32.1621588470189,-1.00728325142788,0.617529272669831,-1.63115061262276,0.102858543346059,0.220129725326295
BSU_misc_RNA_14,tswA,46.3826512790428,-0.550676256803417,0.457907410730938,-1.2025930218609,0.229133849367255,0.390304770956527
BSU_11650,tenA,536.628436801313,-0.0709698416882638,0.271090840387535,-0.261793580287735,0.793480588697566,0.873054827574466
BSU_11660,tenI,471.784675739832,0.207045635473441,0.30705340317278,0.674298455363271,0.50012158587567,0.654078603407087
BSU_11670,thiO,753.956711643224,-0.0710407090100608,0.165613077182705,-0.428955914705264,0.667955307612097,0.783896693234098
BSU_11680,thiS,153.909392312525,-0.481226207686302,0.369300049324226,-1.30307647823738,0.19254865307545,0.345692000405226
BSU_11690,thiG,780.158926128253,-0.190505356655396,0.1596617978961,-1.19318058023728,0.232798658479075,0.394124044618083
BSU_11700,thiF,1002.67464780808,-0.0789838743745908,0.168809941878039,-0.467886390433417,0.639865836467003,0.765958563870436
BSU_11710,thiD,933.743443557613,-0.290503718212044,0.162698729017772,-1.78553157708018,0.0741751341421035,0.173238514613516
BSU_11720,fabI,1142.54719524385,0.139135512649954,0.197622041980833,0.704048552759356,0.481402537569047,0.639042614847561
BSU_11730,cotO,1165.12307266699,-3.14214856000414,0.203846632445811,-15.4142775002154,1.31230298171426e-53,2.32168269181615e-51
BSU_11740,cotZ,150.048747260217,-3.2402593107954,0.321251131746114,-10.0863747722333,6.34703961334744e-24,3.02803710092958e-22
BSU_11750,cotY,66.671858794086,-3.17084899271151,0.565470201891476,-5.60745549828292,2.05322782319654e-08,2.73291703363401e-07
BSU_11760,cotX,47.7821950001914,-1.492773216951,0.814956746696119,-1.83172079132149,0.0669930294175647,0.160616828293043
BSU_11770,cotW,8.21511764219406,-1.79864539714394,1.07195828203365,-1.67790615296303,0.0933654211801856,0.205297554806353
BSU_11780,cotV,10.9933898065802,-3.05270411073171,1.25065719821433,-2.44087997501659,0.0146515234064545,0.0487497878809184
BSU_11790,yjcA,96.2457792509983,-1.68222391370424,0.345335452561153,-4.87127487556855,1.10880452943856e-06,1.12599849820411e-05
BSU_11799,yjzK,0.0,,,,,
BSU_11800,yjcB,0.0,,,,,
BSU_11809,yjcZ,2.9907011469245,-4.6368075351508,2.20073930670465,-2.10693175744376,0.0351234953580514,0.0967148905903282
BSU_11810,spoVIF,10.8618259204323,-1.75513637796024,1.02642465320671,-1.70995150250621,0.0872748414924301,0.195241821378745
BSU_11820,yjcD,44.6800968929304,-0.251535868777518,0.50141254731458,-0.501654516075977,0.615910564240396,0.749758100849978
BSU_11839,yjzE,506.443190128181,-0.958266317633279,0.287251988651488,-3.33597801056795,0.000849998867407,0.0044667019690722
BSU_11840,yjcF,4994.87761821718,0.0850385338713376,0.172490218407074,0.49300496374031,0.622009080055028,0.754255652636712
BSU_11850,yjcG,5545.08834894819,0.1064555611169,0.17022671661927,0.625375165726772,0.531724857472162,0.680094541006181
BSU_11860,yjcH,6135.5587395482,0.178770692963737,0.154803233722266,1.15482531382045,0.248161968712991,0.409838863926627
BSU_misc_RNA_15,mswA,12.4835642091049,-1.6768489623092,0.916299961227312,-1.83002186321518,0.0672466696428918,0.161133949945665
BSU_11870,metI,407.109207055858,-0.246701763358676,0.324628055057435,-0.759952072888551,0.447283233579145,0.609097052526315
BSU_11880,metC,495.855520098911,-0.210470387480555,0.183031290035868,-1.14991479019413,0.250178968572804,0.412048060729297
BSU_11890,yjcK,667.474460463957,0.0805446810147652,0.188842931771417,0.426516789689856,0.669731316459272,0.785546731957477
BSU_11900,yjcL,610.749056793857,0.376036790587913,0.218834888155467,1.71835850196229,0.0857312446623054,0.192627840528534
BSU_tRNA_83,trnSL-Val2,0.674308051827621,-2.3696797886109,3.47161909927777,-0.682586343963797,0.494868265641812,
BSU_11910,yjcM,431.65189491666,0.889451716102803,0.210299869334479,4.22944492984037,2.34268615143479e-05,0.0001802000978078
BSU_11920,yjcN,566.060867481074,0.437165990077151,0.171315703270311,2.55181505099603,0.0107163388190477,0.037573554604192
BSU_11928,yjzF,27.8846289718751,-0.117870245022099,0.983993691992446,-0.119787602279674,0.904651403169882,0.943539635927123
BSU_11929,yjzG,37.8332774295989,1.52949824784757,0.794419909276306,1.92530200966502,0.0541915863794761,0.136177688731224
BSU_11930,yjcO,127.068215532337,0.503630688191771,0.318585794701082,1.58083221715616,0.113916406024983,0.237685041760236
BSU_11940,yjcP,276.316566176101,-0.157713675294747,0.267260830297099,-0.590111447006378,0.555115934948329,0.699250515236286
BSU_11950,yjcQ,627.884403006895,-0.203605453371735,0.262998265373914,-0.774170328014375,0.43883007262556,0.601890931458746
BSU_11960,yjcR,5.23153920635181,-0.80088242308509,1.41909403480466,-0.564361771272848,0.572507950221804,0.713701925026947
BSU_11970,yjcS,94.6839458341511,-0.297878094421737,0.35734221890998,-0.83359334178416,0.404510178869869,0.572707642374612
BSU_11980,yjdA,319.317507756467,0.171202944764885,0.231055450665464,0.740960424312878,0.458717436570881,0.619063433466611
BSU_11990,yjdB,1297.98143057192,-1.10564522263291,0.209787537605859,-5.27030935798558,1.36194017665184e-07,1.60633277501769e-06
BSU_12000,manR,172.532282195373,-0.145122112981912,0.239020775562607,-0.60715271565965,0.543749568659021,0.688771082495885
BSU_12010,manP,41.4377673755931,0.835480758083088,0.645646253818581,1.29402246685667,0.195657660536559,0.349059843125307
BSU_12020,manA,28.7751513895614,0.530139885099548,0.665685982526841,0.796381325452007,0.425810429172823,0.591426588900166
BSU_12030,yjdF,191.129655675128,0.737158890731033,0.27138591007095,2.71627547111164,0.0066020959762705,0.0254378398504942
BSU_12040,yjdG,401.424638771908,-0.295211294114145,0.312278296088492,-0.94534681984588,0.344481842747355,0.515541311284102
BSU_12050,yjdH,303.003516657286,-1.42226739400848,0.349695152365783,-4.06716359774063,4.75888349964748e-05,0.0003465903831818
BSU_12060,trnE,240.690391850449,0.324708448747842,0.221853019241466,1.46361969676161,0.143297887737626,0.280776571912303
BSU_12069,yjzH,103.317821057274,-0.630262321177476,0.350152195557488,-1.79996678351257,0.071865883276531,0.168568113982165
BSU_12070,yjdJ,25.878754035052,0.173140750077629,0.599870448520476,0.288630237586574,0.77286435359584,0.861946123379857
BSU_12080,ctaO,127.319202220495,0.17237094493019,0.306730883612124,0.561961491781708,0.574142256070843,0.714899712397888
BSU_12090,cotT,10.8178577319091,0.0339414890948858,0.859663738238457,0.0394822854392295,0.96850587667555,0.981169252535081
BSU_12100,pdaC,789.528935709428,1.02027448031677,0.175244901674215,5.82199236936145,5.8150204995401705e-09,8.39815545613863e-08
BSU_12110,yjfA,285.931503350424,-0.354680919508359,0.254523164131881,-1.39351135570742,0.163465213516954,0.308477020707993
BSU_12120,yjfB,298.57755639434,0.988404823928785,0.253469920391716,3.89949553935746,9.63933130499517e-05,0.0006527687515312
BSU_12130,yjfC,1.24569513692073,0.733946211669293,3.4542649149546,0.212475368780144,0.831736191948929,
BSU_12140,yjgA,141.309708818718,0.2351348846574,0.28283908898626,0.831338007416727,0.40578270916,0.573785945678107
BSU_12150,yjgB,13.1490950237527,-3.2373287237622,1.2005124663351,-2.69662232966648,0.007004666414033,0.0266982168707221
BSU_12160,yjgC,85.6918283482542,-0.311760587020965,0.465742677093289,-0.669383765659334,0.503250704813629,0.65687134726058
BSU_12170,yjgD,30.2965918635919,-0.725422332843639,0.52655781022859,-1.37766892590335,0.168305529570331,0.314535774012158
BSU_12180,yjhA,295.031888278639,-0.0474428590617127,0.265426446465421,-0.178742019469011,0.8581402736869,0.91572344862392
BSU_12190,yjhB,86.5198553337119,-0.421711865602271,0.362646325451457,-1.16287367610104,0.244880759147886,0.406952525769833
BSU_12200,yjiA,41.5054038121345,0.96626049149736,0.515608501684594,1.87401970359371,0.0609277094046813,0.149364349960899
BSU_12210,cypE,539.400794825137,0.135948249456599,0.181823019351468,0.747695478501586,0.45464385905259,0.61615634393147
BSU_12220,ppuG,465.492704963748,0.284696282770206,0.194665459735837,1.46248997206049,0.143606990330777,0.281098344234904
BSU_12229,yjzI,36.8608521238269,1.12546988218892,0.505447094566628,2.22668187093627,0.025968542895857,0.0761480891821883
BSU_12230,yjjA,298.864543148733,0.359393120550946,0.222751112096031,1.61342907413188,0.106651320829224,0.226194559560881
BSU_12240,yjkA,28.9006052053223,0.734314626817408,0.693188673082221,1.05932865802946,0.28945012782504,0.458071279442833
BSU_12250,yjkB,34.9197588002495,0.306913087023904,0.500194740286829,0.613587193755595,0.539488148148279,0.686493275773287
BSU_12260,yjlA,193.483452529128,0.387159819757315,0.302866437509546,1.2783186639659,0.201137089618574,0.355109452014861
BSU_12270,yjlB,42.8877986321797,0.116132084789124,0.463139377737144,0.250749753468459,0.802007591501103,0.878793350584176
BSU_12280,yjlC,410.647202588542,0.971189102744887,0.19449659900702,4.99334748115484,5.93416512817624e-07,6.20602589513209e-06
BSU_12290,ndh,1403.12774596214,1.12093818689054,0.157001930956063,7.13964586336352,9.35716770831811e-13,1.91934947292361e-11
BSU_12300,uxaC,313.692560350351,-0.276640610877313,0.23176108683125,-1.19364564025686,0.232616612789547,0.393972930955092
BSU_12310,exuM,66.8391517479148,0.571896069427781,0.478702633920308,1.19467917847928,0.232212400544815,0.393445272431478
BSU_12320,yjmC,881.457777221085,-2.37338002132147,0.191182856395748,-12.4141885212164,2.1889495752239998e-35,1.78736151853867e-33
BSU_12330,yjmD,682.521025429242,-2.06895958812936,0.18515955822574,-11.1739280864289,5.47068520427103e-29,3.41596020254923e-27
BSU_12340,uxuA,840.179353681942,-1.89216088496009,0.198495013457498,-9.53253611766544,1.53486904205069e-21,5.76730438278517e-20
BSU_12350,uxuB,512.404388842151,-1.7891039422695,0.230815615664964,-7.75122574404341,9.10097281858922e-15,2.15881176467764e-13
BSU_12360,exuT,528.584309721064,-1.72749515778542,0.2008850702863,-8.59942033185148,8.01197376739652e-18,2.3300575764634e-16
BSU_12370,exuR,1128.69076104766,-0.907130872137107,0.170805669367954,-5.31089439533148,1.09088532817348e-07,1.31588042710925e-06
BSU_12380,uxaB,73.5455930701539,-0.507759793336721,0.347296600408909,-1.46203502348967,0.143731612589566,0.281107520522937
BSU_12390,uxaA,126.95702383307,0.015880206208538,0.300461469212231,0.0528527210166872,0.957849254870323,0.974371810296932
BSU_12400,yjnA,12.3853289534209,0.950347725320648,1.04820281590492,0.906644888661366,0.364594615818697,0.536229419681924
BSU_12410,yjoA,65.4243499235965,0.444897512548309,0.446293852235078,0.996871254937132,0.318827005940916,0.490307666506747
BSU_12420,yjoB,603.960687546374,-0.675172814065069,0.220135112714599,-3.06708369118931,0.0021615832715309,0.0098795291398496
BSU_12430,rapA,114108.981551725,0.709984750556434,0.202050243455523,3.513901980092,0.0004415757246292,0.0024965785975708
BSU_12440,phrA,2534.0750355531,0.848264415851566,0.16231783739955,5.22594700275323,1.73265986639525e-07,2.00459776368235e-06
BSU_12450,yjpA,32.9799426102015,0.510497379269436,0.588326022694474,0.867711710135496,0.385552173644387,0.555259115967921
BSU_12460,xlyB,95.4630252406506,-0.21569672353495,0.328276173147322,-0.657058724265531,0.511143157688507,0.663613699680245
BSU_12470,yjqA,96.4669432906235,0.603268978541425,0.414884567953782,1.45406463662112,0.145928386777986,0.284356094657791
BSU_12480,pghB,42.7420304540403,1.18042476396444,0.45147331764459,2.61460582016876,0.0089330483803357,0.0323908825131561
BSU_12490,xpdC,74.3986423234123,1.11608501444396,0.391287962338261,2.85233669795118,0.0043399104924041,0.017960292349657
BSU_12500,xkdA,59.3273102952271,-0.601240459097307,0.380557736783959,-1.57989288084985,0.114131399865304,0.237899815330428
BSU_12510,xre,509.376942806392,0.231180974346038,0.198991078006907,1.16176552567856,0.245330721022665,0.407063009559295
BSU_12519,yjzJ,0.559994840244678,0.883323057334568,3.45158695325544,0.255917950003097,0.79801419396834,
BSU_12520,xkdB,8.47195906547936,1.08641781234092,1.33016839529483,0.816752086565788,0.414070118538267,0.581973427114691
BSU_12530,xkdC,7.29256831586145,2.17197215511334,1.47836361308089,1.46917316950664,0.141785825668523,0.279101815386438
BSU_12539,ykzK,5.04674218547235,5.58109923013632,1.81443983840966,3.07593512443383,0.0020984349775757,0.0096637255041071
BSU_12540,xkdD,4.73467909972692,-1.54544088077824,1.61307224355157,-0.958072948658253,0.338025975124852,0.509679790617941
BSU_12550,xtrA,5.16141375701475,-0.348296960987451,1.5927487944158,-0.218676643930659,0.826901944101955,0.89529942934472
BSU_12560,xpf,7.57448220114392,1.73316043563789,1.48524712999295,1.16691720902105,0.243243805488907,0.404866012585613
BSU_12570,xtmA,77.0920729276827,-0.77657440076572,0.381267145673831,-2.03682486040921,0.0416675960762162,0.111131038278652
BSU_12580,xtmB,73.689495551538,0.348475771583972,0.415262583449236,0.839169685574551,0.401374095876751,0.569751919176025
BSU_12590,xkdE,111.600071306641,0.0329952646815038,0.386844781473555,0.0852932914225169,0.932028224768398,0.961699111146201
BSU_12600,xkdF,205.768489004014,-0.117088241752917,0.280467627110127,-0.417475068190106,0.676330956796864,0.789796821385997
BSU_12610,xkdG,203.256347842523,-0.44096997421946,0.294265039809604,-1.49854693749817,0.133991207219763,0.267192074948668
BSU_12619,ykzL,69.2162039203039,0.3810729048152,0.538939084826068,0.707079734137642,0.479516929197796,0.637900066219756
BSU_12620,xkdH,57.6961273622483,0.824114910894383,0.524333277639387,1.57173871283671,0.116011160135432,0.240636729816826
BSU_12630,xkdI,63.35416856778,0.16101723972882,0.416943022742813,0.386185236221453,0.699359487043355,0.806073297486688
BSU_12640,xkdJ,45.6617097537381,-0.0818232180669625,0.511440058123617,-0.159985939246052,0.872892150401833,0.925771057026521
BSU_12649,ykzM,19.0209587694152,-0.820715550904465,0.757967755661213,-1.08278425404589,0.278904196207004,0.446541182916644
BSU_12650,xkdK,199.954936178696,-0.35575737392113,0.24074048006807,-1.47776299947785,0.139471225193282,0.27522731861841
BSU_12660,xkdM,144.324130799548,0.100494542383856,0.314633643565018,0.319401769134358,0.749421869455809,0.843820009999832
BSU_12671,xkdN,60.3925285991164,-0.609496212150238,0.487826849388983,-1.24941095987982,0.211514801835917,0.36912940756075
BSU_12672,xkzB,2.65860329241382,0.32832042156875,2.1033007044921,0.156097709123352,0.87595600408391,
BSU_12680,xkdO,180.04847993098,-0.0446501299009083,0.283424067424742,-0.157538244040493,0.874820669790763,0.926537431761432
BSU_12690,xkdP,31.1989854000185,-0.005688813798864,0.578676920648332,-0.0098307252214076,0.992156342463853,0.995128565314943
BSU_12700,xkdQ,41.1153369368601,-0.35235062399673,0.473339871305859,-0.744392444745163,0.456639088421726,0.617284167283874
BSU_12710,xkdR,8.13287164994463,0.727740711731193,1.38916904724409,0.523867641000873,0.600370602874147,0.738462798320866
BSU_12720,xkdS,10.9450480824253,0.84723661054944,1.13237564258976,0.748193954977516,0.454343176702642,0.615977338598785
BSU_12730,xkdT,27.8837938028969,0.248912610462424,0.645803181016561,0.385431069061336,0.699918067520377,0.806472758396614
BSU_12740,xkdU,26.4621867054914,0.797085816848293,0.762567955481206,1.04526529225229,0.295900374113126,0.466021138161845
BSU_12749,xkzA,12.9191373542906,0.397337224334191,0.91908462961607,0.432318430240935,0.66550999385269,0.782107786852622
BSU_12750,xkdV,184.097553532581,-0.466176560717212,0.253696521184772,-1.83753627578396,0.0661307663324962,0.15881857118087
BSU_12760,xkdW,36.740846548109,0.756266605482548,0.926773431630929,0.816021024849273,0.414488110841677,0.582368139852336
BSU_12770,xkdX,11.7810931206914,0.37010896039915,1.02272626682892,0.361884672764606,0.717438214146967,0.819322930948904
BSU_12780,xepA,35.860178776582,0.27955108216658,0.501665924072297,0.557245506924829,0.577359701643408,0.718063647679529
BSU_12790,xhlA,29.1266392051874,0.0835612212969631,0.595457249262711,0.140331184817093,0.888398326182101,0.934623214313479
BSU_12800,xhlB,24.391562855489,0.401666752559198,0.845863021357623,0.474860281649997,0.634886562902086,0.762582276119451
BSU_12810,xlyA,199.813991164027,0.223208840885389,0.335690646507673,0.664924218793468,0.506098964365407,0.658968476754222
BSU_12815,spoIISC,82.2034681171557,0.0676059134197002,0.347755367404754,0.194406527566297,0.845857579167978,0.909390354549922
BSU_12820,spoIISB,894.625990165442,0.651573032445184,0.182827597980163,3.563865847627,0.0003654327703215,0.0021255171818975
BSU_12830,spoIISA,834.000523881997,0.450627726430495,0.180492311516715,2.49665884737015,0.0125369504359525,0.0428304895016888
BSU_12840,pitB,212.293320347173,0.101486374010936,0.249082969529713,0.407440035754148,0.683684827226551,0.796413107381052
BSU_12850,ykaA,176.282273393949,0.576490962714607,0.240223933538866,2.39980652311372,0.0164037395093552,0.0532494479791454
BSU_12860,steT,32.0706967762835,0.784701082880823,0.544328596157874,1.44159444941826,0.149416815210988,0.289163079938858
BSU_12870,mhqA,1134.26378831005,0.834774949749,0.22191486174004,3.76169015091422,0.0001687690428329,0.0010808346242363
BSU_12875,BSU_12875,0.0,,,,,
BSU_12880,ykcB,9.56726230293279,0.534609046964136,1.20800764171674,0.442554358517455,0.658088103948237,0.777794789766616
BSU_12890,ykcC,9.14939031874569,0.997456623744551,1.23437350861999,0.808067101877207,0.419051954754186,0.587350651612801
BSU_12900,htrA,924.207654359272,0.442670768880912,0.150800240821371,2.93547786442379,0.0033303437168953,0.0143123880788841
BSU_12910,proCC,190.263925761279,0.257425501394359,0.23265221225532,1.10648206994848,0.26851792047622,0.434334129654107
BSU_12920,dppA,5835.80375903108,0.461024416311227,0.169833998914871,2.71455903562816,0.0066364070800075,0.0255468580795215
BSU_12930,dppB,7089.23268214054,0.620063665917316,0.216765088373774,2.86053289562995,0.0042292967383164,0.0176400726433121
BSU_12940,dppC,8334.21781136484,0.387845446798261,0.188854699943812,2.0536711393132,0.0400075316860122,0.107174750497671
BSU_12950,dppD,9529.41592224049,0.411824256735319,0.169413322818148,2.43088471369741,0.0150620062680029,0.0498078493878038
BSU_12960,dppE,45248.1328948829,0.193314714594808,0.155112159744699,1.2462898776794,0.21265799268214,0.370819645555797
BSU_12970,ldcA,3238.0922681002,0.392497352949831,0.177319432516804,2.2135044500136,0.0268628867806245,0.0781767082046139
BSU_12980,aeeB,4451.08578856335,0.340904323743685,0.168116345827679,2.02778808964309,0.0425818804623831,0.112809104592974
BSU_12990,eepC,5210.75466696214,0.35948359749172,0.174346183501063,2.06189542135591,0.0392176935520611,0.105458091717575
BSU_13000,ykfD,6181.75477278398,0.35211074188524,0.174050781389824,2.02303453666555,0.0430695869119846,0.113656597904467
BSU_13010,pgl,612.814117684775,0.188851627772141,0.168399436377305,1.1214504741513,0.262096161513909,0.427037721330797
BSU_13020,ddaH,37.6555984508584,-2.62058590930599,0.605184016151675,-4.33022987945076,1.48953762396774e-05,0.000119783650594
BSU_13030,ykhA,310.457185258386,0.276448400318261,0.204664702216346,1.35073804776573,0.17677935968453,0.326439419896771
BSU_13040,hmpA,11.7402138526423,-2.50626130482289,1.07531175943832,-2.33072993280759,0.0197676047922421,0.061806516898277
BSU_13050,ykzH,3.25112034786785,-1.24425229796712,3.34263352241637,-0.372237126691549,0.7097163058871,0.814756766426901
BSU_13060,ykjA,8.0471486992229,-2.76024247169456,1.27250001272515,-2.1691492684415,0.0300713532444402,0.0853495761202493
BSU_13070,ykkA,62.6055956263837,-0.551468639331888,0.440333593071422,-1.25238829834734,0.210428408129631,0.368141335359873
BSU_13080,ykkB,130.765407789387,-0.314587647946301,0.270228615299075,-1.16415372072322,0.244361721289334,0.406248969692447
BSU_misc_RNA_16,gdwA,51.3019857393762,-0.602861591730907,0.430929958437022,-1.39897814001486,0.161819538413397,0.306187950135153
BSU_13090,gdnC,22.1434023151896,0.0237767313025172,0.703439794341253,0.0338006628197419,0.973036107395233,0.982523498692071
BSU_13100,gdnD,25.9922945033341,0.626870150063752,0.584577358365667,1.07234763901278,0.283563916826671,0.452350372510515
BSU_13110,purU,238.435687335058,-0.150259229362747,0.253088727832395,-0.5937017845467,0.552711589273215,0.697418546227064
BSU_misc_RNA_17,pswB,865.15964254175,-0.025339381258835,0.197091121138805,-0.128566833008116,0.89770041187201,0.939931085702324
BSU_13120,proB,130.942342540219,-0.0579857810544935,0.332353673818174,-0.174470107064972,0.8614960215536,0.918362827629256
BSU_13130,proA,227.597916999433,-0.865826484289517,0.247531466044651,-3.49784412513169,0.0004690351764741,0.0026412776648661
BSU_13140,ohrA,31.420463422888,-0.201692378246881,0.561333439054683,-0.359309394762839,0.719363646972139,0.820648858873731
BSU_13150,ohrR,95.2021061861513,-0.4549810049476,0.36868554573588,-1.23406249637337,0.217179617118445,0.37592525653686
BSU_13160,ohrB,301.204326141462,-1.31123842687189,0.290591826226121,-4.5123031982722,6.41274279164396e-06,5.61412492645779e-05
BSU_13169,ykzN,3.58730501718667,-3.54801433058001,1.9201152180066,-1.84781324438616,0.0646293642598812,0.156362553075473
BSU_13170,guaN,100.476737614573,-0.867558005220165,0.449935493684718,-1.92818307823496,0.0538323582281503,0.13557069575132
BSU_13180,metE,194.500437814432,0.219722342328799,0.29468936252066,0.745606629466969,0.45590507700357,0.617077767598712
BSU_misc_RNA_18,mswB,1739.19269012212,-1.05285234214292,0.154088336177767,-6.8327841565391,8.32822178190706e-12,1.5857233043039201e-10
BSU_13190,ispA,5321.71078717564,-1.11056446916862,0.145287039751281,-7.6439334924148,2.10684261189812e-14,4.83548850276725e-13
BSU_13200,rsbRB,365.455012378926,0.521058489215461,0.256595784378767,2.0306588063283,0.0422896178338958,0.112296258488256
BSU_13210,thiX,80.3054603362836,-0.215847551681852,0.351953027927287,-0.613285110666659,0.539687836677162,0.686493275773287
BSU_13220,thiW,182.066675670813,-0.0216587227987653,0.388367589334146,-0.0557686155940538,0.95552613714624,0.973407864280934
BSU_13230,thiV,52.0001165818799,-1.06984779924168,0.448970254430137,-2.38289238247999,0.017177215063128,0.0552115481892821
BSU_13240,thiU,75.9783600933887,0.006934048169985,0.386145332159239,0.0179570943696546,0.985673081619466,0.990572285102071
BSU_misc_RNA_19,tswB,6.42265475440954,-0.419751828641198,1.22673356904853,-0.342170328775433,0.732222713215821,0.830178275117324
BSU_13250,ykoG,36.7173985964361,-0.733892931878528,0.534777457974259,-1.37233333405361,0.169959693108142,0.317208288763591
BSU_13260,ykoH,53.4293257544035,-0.601373089726311,0.431756810720526,-1.39285142653042,0.163664723443422,0.308579225462153
BSU_13270,ykoI,33.9899508948729,-0.913227532743203,0.563528586152578,-1.62055227575614,0.105113694426834,0.223715662424229
BSU_13280,ykoJ,2005.22953494544,-0.137855369327044,0.176845009516149,-0.779526488783704,0.435669640102461,0.599173207045267
BSU_13290,ykzD,16.0488063904927,-0.475889665089487,0.966342512487221,-0.49246479270028,0.622390805125333,0.754303555374984
BSU_misc_RNA_68,swmG,54.5387036166382,-0.110571820408807,0.444499307559886,-0.248755888992943,0.803549614144204,0.880028801046244
BSU_13300,mgtE,166.900339056209,-0.438103103717747,0.256119234411101,-1.71054354712985,0.0871654079564945,0.195099800834621
BSU_13310,tnrA,370.027198564366,-0.0136485024188848,0.217783706247378,-0.0626699887427833,0.950029295914403,0.970712234566284
BSU_13320,ykzB,3.06917254129197,0.116681870808397,1.66424767532808,0.0701108810534436,0.944105406187891,0.969518576382898
BSU_13330,ykoL,5.11725194266464,-1.06827184690835,1.43984700664768,-0.74193427633367,0.458127157217211,0.618704805834693
BSU_13340,ykoM,12581.0337491839,-1.09143677478154,0.178621310882528,-6.11033907090364,9.94196849323194e-10,1.55487169773732e-08
BSU_13350,ykoN,15.860148651461,-0.477459041018098,0.957218131303995,-0.498798576211325,0.617921290705652,0.751559381362417
BSU_13360,ykoP,37.9042728889378,-3.41471420028296,0.5927045007542,-5.76124223105752,8.34971064778009e-09,1.18176238034914e-07
BSU_13370,ykoQ,39.9627710440027,-0.0789823471491715,0.510077805386284,-0.154843724457601,0.876944519763393,0.927398861996355
BSU_13380,ykoS,41.0635797821511,-2.65448976741488,0.817538324106034,-3.24693006938546,0.001166570494583,0.0058757512692758
BSU_13390,ykoT,43.4305572484611,-1.59060685793196,0.600653287852355,-2.64812811334007,0.0080938845933517,0.0299621917902105
BSU_13400,ligD,65.0287083987264,0.505224862359882,0.395301534936955,1.27807462837314,0.201223113883127,0.355109452014861
BSU_13410,ligV,23.1374269298031,0.593818240144734,0.818875326677039,0.725163185163269,0.468351925137006,0.627919884474811
BSU_13420,dgcW,116.945435223933,-0.0620022830088691,0.286804644406106,-0.216182981057573,0.828845119040773,0.896630923680795
BSU_13430,ykoX,173.509490108939,0.0366004417420046,0.242524973028149,0.150914115297135,0.880043465620552,0.930212734634021
BSU_misc_RNA_87,mnrW,0.209175900636713,-1.35167256928395,3.51388482263199,-0.384666156550775,0.700484772512069,
BSU_13440,ykoY,222.453635669004,-0.431252587862008,0.256657555124932,-1.68026453634723,0.0929058577710288,0.204498845047065
BSU_13450,sigI,865.245434093277,-0.0193338567016863,0.293645647148083,-0.0658407740399313,0.947504593656352,0.970064654935905
BSU_13460,rsgI,911.830510745017,-0.0494324346591274,0.293957626691559,-0.168161769488619,0.866456016122705,0.92096463647866
BSU_13470,sspD,6.59700064541612,0.550836800394592,1.231251443884,0.447379617811428,0.654600989697022,0.775945226759787
BSU_13480,htpK,133.145724054755,0.634743739044675,0.302145250549811,2.10079006004443,0.0356593993914976,0.097873180230316
BSU_13490,htpX,1727.50062619109,-0.743109875835879,0.159468556237652,-4.65991474036073,3.16340388592692e-06,2.926320893169e-05
BSU_13500,ktrD,73.5206542970117,0.700572312823275,0.392537771687969,1.78472586169406,0.0743057939416566,0.173448268870959
BSU_13509,ykzP,0.0,,,,,
BSU_13510,ykzE,1.52569148602859,-1.94376674455464,2.88056553216285,-0.674786503848494,0.499811416159424,
BSU_13520,ykrP,17.4060656339825,-2.6833733328959,0.843998940310234,-3.17935628202276,0.0014760254415678,0.0072036827872382
BSU_13530,kinE,2534.15737240552,-0.772617082892664,0.162515056022279,-4.75412618254119,1.9930653656587e-06,1.93209030652668e-05
BSU_13540,ogt,542.87220841972,-0.61174357107579,0.212033049167939,-2.88513311239166,0.0039124819543195,0.0165133184672372
BSU_13545,BSU_13545,222.292382038749,-0.723581095293314,0.314552033701984,-2.30035421096293,0.0214281607212663,0.0655976715374885
BSU_13550,mtnA,30444.0296642116,-0.118066562888922,0.155129156177,-0.761085574101944,0.44660595632348,0.608760478507061
BSU_13560,mtnK,22385.3229173865,-0.134490546876735,0.164219164956192,-0.81896986209017,0.412803608685033,0.580577715295347
BSU_misc_RNA_20,mswC,3552.93905654204,-0.251794391760007,0.148557552018811,-1.69492825062252,0.0900890325693967,0.199852681447052
BSU_13570,mtnU,757.25795024478,-0.0663450871313352,0.164848954495358,-0.402459859902863,0.687345623757679,0.797981096439213
BSU_13580,mtnE,871.767009157712,0.290706385281184,0.155069524706487,1.87468418331345,0.0608361841036798,0.149364349960899
BSU_misc_RNA_21,mswD,77.9341701227231,-0.23291530878125,0.33770312723225,-0.68970432903651,0.49038014293591,0.646029812878025
BSU_13590,mtnW,660.698628396482,-0.122128835212012,0.166138232364462,-0.735103735449012,0.462276319546588,0.621737489006909
BSU_13600,mtnX,372.848821486593,-0.62923142651368,0.259918514611814,-2.42087958779478,0.0154830049689555,0.0508043578811321
BSU_13610,mtnB,461.855941983483,-0.218346884601661,0.186669199901887,-1.16969957934369,0.242121887499087,0.404107521352642
BSU_13620,mtnD,889.983745186663,-0.410132425229387,0.14945320325772,-2.74421970415814,0.0060654928248501,0.0236492952564863
BSU_13630,ykvA,517.24198425203,0.228758201400724,0.16984065610183,1.3468989501758,0.178012779704874,0.327854892069149
BSU_13640,spo0E,2123.13967274366,0.185685669016679,0.150303127547753,1.23540788569209,0.216678739449565,0.375835814229453
BSU_13650,eag,273.387499592887,-0.0776715938844053,0.223560381033151,-0.347430047870993,0.72826826265772,0.826798674664353
BSU_13660,kinD,3065.65119843806,0.387177699531255,0.174529784960297,2.21840472455365,0.0265272492819634,0.0774121652585681
BSU_13670,mhqR,439.317181358625,0.139489638714151,0.219384606890097,0.635822360973713,0.524892211158974,0.675566028669599
BSU_13680,motB,963.150449471354,0.598020356476384,0.163319002341973,3.66167039904023,0.0002505761098846,0.0015330636348272
BSU_13690,motA,636.077926440996,0.929902934189304,0.162408927041676,5.72568855128685,1.03015059088316e-08,1.43882217397695e-07
BSU_13700,clpE,178.722641261104,0.236168423617122,0.272199948671546,0.867628464919727,0.385597758411941,0.555259115967921
BSU_13710,ykvI,229.973666658753,-2.68372807454468,0.274535899393012,-9.77550870570404,1.43434938125844e-22,5.69182006805919e-21
BSU_misc_RNA_22,qswA,15.6916228139259,-2.66350840517861,0.984562867193298,-2.70527001772014,0.0068248888317343,0.0261538609923681
BSU_13720,queC,20.0938366030119,-0.395749548409499,0.809053445481422,-0.489151304675565,0.624734581463311,0.755797441564984
BSU_13730,queD,13.9457038098871,1.6213082936378,1.10596494252267,1.46596716704206,0.142657231794744,0.28016771794657
BSU_13740,queE,25.4228052710871,-1.0382493684281,0.707820940818621,-1.46682488261414,0.142423698986121,0.279968067544014
BSU_13750,queF,88.9095177092411,0.275817207364224,0.349556625402316,0.789048718635433,0.430083532556831,0.595160014170459
BSU_13760,ykvN,152.672808898926,-0.211949454925852,0.254501912314864,-0.832801030837177,0.404956953278395,0.573149074540022
BSU_13770,ykvO,48.6207602762397,-0.0673256137605801,0.500619494749778,-0.134484602510797,0.893019385898936,0.937626190041266
BSU_13780,ykvP,31.2585675939894,0.397978312220581,0.889138921696283,0.447599697313133,0.654442121644176,0.775945226759787
BSU_13789,ykzQ,10.9364778578614,0.455620515289531,1.2332038934003,0.369460814815669,0.711784275524355,0.816154835759973
BSU_13800,ykvR,34.7691019082858,0.313820155885982,0.501031774484465,0.626347812389516,0.531086832007523,0.680094541006181
BSU_13810,ykvS,357.415282462332,-1.60530884578979,0.362253000528474,-4.43145769240803,9.35981793300502e-06,7.86966078089887e-05
BSU_13819,ykzS,10.5781554718785,0.230200064144838,0.883858077602815,0.26044912636787,0.794517352693292,0.873742729742481
BSU_13820,ykvT,5.88989798913164,-0.681631387661574,1.35147969363923,-0.504359326203486,0.614008894796678,0.748516154839706
BSU_13830,ykvU,246.530452491768,-1.94081297673562,0.370820556381227,-5.23383330114078,1.66030201572086e-07,1.9261317920084e-06
BSU_13840,stoA,169.719064759577,-1.80363179765007,0.269537399248756,-6.69158269938451,2.2076967805798097e-11,4.05540451147746e-10
BSU_13850,pfeT,1160.0506647748,-1.01583730650792,0.18083358764169,-5.61752559220763,1.93711489548551e-08,2.58647479441242e-07
BSU_13860,papB,578.536870121919,0.370965715512331,0.248281675350351,1.49413248073528,0.135140995905378,0.268762842442265
BSU_13870,ykvZ,184.839550278579,-0.538350303230381,0.280270694649469,-1.92082266718498,0.0547540677818756,0.137159747375719
BSU_13880,glcT,287.595644400985,0.290509304527671,0.256513170905285,1.13253172732771,0.257410953399027,0.421506713510323
BSU_misc_RNA_88,gswA,3.46620156183349,-0.833831279941622,1.93821492533868,-0.430205788347192,0.667045951773658,0.783479145568728
BSU_13890,ptsG,58.5465876584641,-0.408281966005622,0.578181284359007,-0.706148706384121,0.480095664893014,0.638223604613568
BSU_13900,ptsH,351.672888187568,0.0911048897692576,0.186446099229827,0.488639291170983,0.625097090837469,0.755797441564984
BSU_13910,ptsI,2437.36439219806,0.406127370063634,0.158927970132821,2.55541783944148,0.0106060396324869,0.0373100615406291
BSU_13920,splA,2.17447369777616,-1.35907581832046,2.18638199900038,-0.621609498679476,0.534198673621766,
BSU_13930,splB,31.5705393410673,-2.04772867988377,0.564401198597136,-3.62814374769857,0.0002854663140584,0.0017237135892625
BSU_13940,ykwB,3106.24394055909,0.512471887598175,0.13273720254938,3.86080072319988,0.0001130160502665,0.0007533221915725
BSU_13950,mcpC,3654.00390408775,0.490203724208161,0.165260390635601,2.96625054753174,0.0030145479771526,0.0131098827025707
BSU_13960,ohaC,441.508500302791,1.17459231167596,0.183211566932472,6.41112529815814,1.44449412538947e-10,2.45332882256148e-09
BSU_13970,ykwD,64.5051667851726,-0.437331470747384,0.465035528517536,-0.940425932920721,0.34699912527999,0.517898099722651
BSU_13980,pbpH,4089.8974586924,0.149034493921089,0.154148440592333,0.96682453191487,0.333631758596418,0.505387244737921
BSU_13990,kinA,1693.45961311961,-0.252633264078958,0.206338420491558,-1.22436366178006,0.220815071069046,0.379587365084684
BSU_14000,dapX,4636.24576943144,-0.617980941573889,0.151768478586146,-4.07186622235996,4.6637963884176e-05,0.0003408344142034
BSU_14009,ykzT,69.5668831055687,0.28927185776582,0.3812527279265,0.758740427482495,0.448007848095725,0.609575497048802
BSU_14010,cheV,1405.55174425307,0.456625270169877,0.207473384879906,2.20088600971248,0.0277440945934591,0.0800281424210784
BSU_14020,kre,871.073359847738,0.764631098863727,0.250856761730792,3.04807848745291,0.0023030976509299,0.0104253226288365
BSU_14030,ykuC,320.225523094991,-0.365844148886931,0.264582213251506,-1.3827238966331,0.166749541737663,0.312303579585482
BSU_14040,ltdD,58.8286929139995,-0.545236212748419,0.587824124793126,-0.92754990778969,0.35364109200353,0.52575632935819
BSU_14050,ppeE,120.596364790008,0.0967487308347245,0.300004839440829,0.322490567202355,0.747081082661298,0.842748745212505
BSU_14060,fadH,368.723229555195,-0.286280284969639,0.250756311363156,-1.14166731602235,0.253592331352508,0.416056042860413
BSU_14071,ykuG,1448.64089605184,-0.338324815186655,0.197984587046044,-1.70884420971605,0.0874798110806133,0.195494356762255
BSU_14072,ykzU,439.867481172033,-0.628278591345836,0.226122995668537,-2.77848163778442,0.00546135999269,0.0217532218845795
BSU_14080,ykuH,269.453202670747,0.725426639829817,0.304602666777629,2.38155052122181,0.0172399257829504,0.0553404608796525
BSU_14090,ykuI,730.764391095228,0.525658507859773,0.194777841869312,2.69875927782621,0.0069598499307542,0.0265512334285557
BSU_misc_RNA_69,fsrA,1.40971945149055,-0.0446379403396409,2.61660380221473,-0.0170594953282032,0.9863891522517,
BSU_14100,ykuJ,219.697543820597,-0.611822834282617,0.351034388805448,-1.74291423801702,0.0813485965969894,0.18540318902352
BSU_14110,ykuK,438.158661537847,-0.0580481036074303,0.234468129393958,-0.247573534865784,0.804464389464589,0.88034943238831
BSU_14120,abbA,6160.27043579358,0.278613672946727,0.132142293419133,2.10843678990049,0.0349932249676737,0.0964657043166861
BSU_14130,ykuL,391.868502444517,-0.0905865941403079,0.194026881099911,-0.466876515392017,0.640588228362856,0.766395496655026
BSU_14140,ccpC,1546.0911420869,0.427747399201157,0.181095276781816,2.36200196273759,0.0181765459694324,0.057885934905509
BSU_14150,fldN,5.24564337842936,-0.423606321931758,1.32403575938085,-0.319935710897902,0.749017066119019,0.843587921151553
BSU_14160,ykuO,11.9301129835093,-0.91468068914454,1.07793968000768,-0.848545337099036,0.39613433476185,0.565373574923972
BSU_14170,fldP,13.9244285084245,-0.571547934295258,0.997729732305958,-0.572848453633123,0.566747308472367,0.709227548415464
BSU_14180,dapH,264.238258740142,0.856498744448723,0.25406027388491,3.37124230936128,0.0007483000874187,0.0039915605165577
BSU_14190,dapI,142.277099345429,-0.0050921153423958,0.295988711682485,-0.0172037484586855,0.986274071795003,0.99094172002877
BSU_14200,ykuS,266.490232009736,-1.82972104153468,0.276427427018849,-6.61917328995692,3.61213217544126e-11,6.498776786832031e-10
BSU_14210,mscT,28.5296815115225,-0.214841087437504,0.53289080896278,-0.403161555470757,0.686829379488654,0.797668912830641
BSU_14220,ahpA,603.650705513768,0.0235155284110053,0.168534942683514,0.139529097269545,0.889032064525912,0.935058247703003
BSU_14230,ykuV,548.561023468842,0.260587441140738,0.165705161884506,1.57259700408345,0.115812161832791,0.24045889444598
BSU_14240,rok,8647.20033494156,0.0106316726107005,0.1376629808793,0.077229713774847,0.938440804056536,0.966821235592746
BSU_14250,sppO,707.476990185235,-2.66212030382606,0.228691045297439,-11.6406844892578,2.5595315771556996e-31,1.84199509772934e-29
BSU_14260,mobA,110.628459313955,0.306782440650021,0.334171050579088,0.918040147757846,0.358597847531728,0.531456985518193
BSU_14270,moeB,280.08067944385,0.64377838699846,0.240961774812017,2.6717033749469,0.0075467325901399,0.0283570146705611
BSU_14280,moeA,324.03278015403,0.611746109835645,0.197611029559626,3.09570832761165,0.0019634339299551,0.0091612532599886
BSU_14290,mobB,189.374057412886,0.573941875936155,0.279093471067468,2.05645038467206,0.0397391240021242,0.106590221423259
BSU_14300,moaE,265.70346218466,0.147847821914204,0.251301943415826,0.588327411656989,0.556312549833525,0.70029738707179
BSU_14310,moaD,111.741503074848,0.125201289560397,0.316482283414497,0.395602838205071,0.692398042987791,0.801505477242683
BSU_14320,yknU,223.758128293516,-0.126781519045374,0.232364258397366,-0.545615405397525,0.585330332531678,0.724369744077384
BSU_14330,yknV,327.729775026653,-0.320556764652819,0.208353189265002,-1.53852583578697,0.123920096492501,0.252700900196129
BSU_14340,skiW,2691.87342407645,-0.426360676100809,0.170833928322396,-2.49576111892824,0.0125687211302648,0.0428304895016888
BSU_14350,skiX,1292.66134002279,-0.306604307317198,0.178435546211578,-1.71829163990478,0.0857434334900915,0.192627840528534
BSU_14360,skiY,428.083688887587,-0.370937918576179,0.262423897982015,-1.41350662583939,0.157506814571235,0.300167834232255
BSU_14370,skiZ,590.021837092389,-0.109788865755495,0.241327384265095,-0.454937453906571,0.649154236660912,0.772654193553761
BSU_14380,fruR,658.827833675578,0.182602110672449,0.192512031440198,0.948523109472108,0.342863213865506,0.514234265656283
BSU_14390,fruK,811.266746134376,0.352971200736487,0.225240904090571,1.56708304009717,0.117095282890362,0.242597664580026
BSU_14400,fruA,1382.11307439612,0.102106277938977,0.175157777030601,0.582938877564874,0.55993444763232,0.703188898150498
BSU_14410,sipT,737.505648530189,0.202746769633202,0.155751039469408,1.30173622162582,0.193006572813839,0.346075130138329
BSU_14420,ykoA,25.9086606137111,-0.436093748545089,0.634880349406649,-0.686891236990808,0.492151269472184,0.646811962559439
BSU_14430,ykpA,3191.30668134995,0.205298816393531,0.152401660856333,1.3470904138444,0.177951115144335,0.327854892069149
BSU_14440,panE,830.227835444215,0.102494809178339,0.185372497125566,0.552912706942238,0.580323185867868,0.720220367406862
BSU_14450,ampS,519.699325383148,-0.0288546982578417,0.182577927113271,-0.158040452720993,0.874424922588455,0.926371109878978
BSU_14460,ykpC,75.8296198744065,0.698276885234486,0.660000143350833,1.05799505086366,0.290057698739468,0.458690871079248
BSU_14470,mreBH,126.166649677566,0.728461830775083,0.464559794965644,1.56806903797811,0.116865021396543,0.242289492602403
BSU_14480,abhA,995.575024706459,-0.781559427621649,0.318546168802523,-2.45352009901636,0.0141465633523502,0.0474457409115948
BSU_14490,kinC,391.210845715566,0.834581828062332,0.197100312838635,4.23429986509255,2.2926485631123e-05,0.0001766712486202
BSU_14500,ykqA,100.359532620379,0.87765388486612,0.331378535133535,2.64849346537323,0.0080851412292394,0.0299559421111262
BSU_14510,ktrC,1138.41120349228,0.601815360600372,0.158458761392284,3.79793048558863,0.0001459092276338,0.0009560657106995
BSU_14520,adeC,345.31929101916,0.362009532517264,0.214286779758864,1.6893694185177,0.0911486577479177,0.20157145874878
BSU_14530,rnjA,5112.55055007079,0.0811172716426527,0.145825085279152,0.55626418107262,0.578030269706979,0.71867609522683
BSU_14540,rnpZA,896.109375494661,-0.264238916701561,0.171247405669744,-1.54302434929236,0.122824868150473,0.251453418595423
BSU_14550,ykrA,305.353085199214,0.502589294037378,0.235199295667325,2.13686564243908,0.0326089211939991,0.0913910755047658
BSU_14560,defB,184.886247496983,-0.11061062838824,0.249043647755144,-0.444141536575109,0.656940257544128,0.77737743372333
BSU_14569,ykzV,0.0,,,,,
BSU_14568,BSU_14568,0.0,,,,,
BSU_14570,ykyA,140.248411060064,0.455512317295666,0.276280385737543,1.64873201577323,0.0992025481024368,0.214795522306449
BSU_14580,pdhA,675.730811378023,0.438669941726438,0.184544767965444,2.37703808437733,0.0174522861166421,0.0559263447934056
BSU_14590,pdhB,727.161812089576,0.752216469951749,0.19344945639884,3.88843930582511,0.0001008908922981,0.0006799725852348
BSU_14600,pdhC,2499.4252488329,0.700138978913514,0.135863791133113,5.1532418834651,2.56021385444902e-07,2.86070211210277e-06
BSU_14610,pdhD,3245.67109479583,0.721376075809482,0.14341159905889,5.03010970202807,4.90199283547506e-07,5.16472992045338e-06
BSU_14620,slp,3.2063023211323,2.11359702389779,1.57967820995721,1.33799213699038,0.180899000001903,0.330993177431694
BSU_misc_RNA_70,srrA,10.2625313958009,-1.65203742364709,1.31995120850263,-1.25158976559534,0.210719385755761,0.368176103019957
BSU_14629,rgpA,0.0,,,,,
BSU_14630,speA,197.220685967021,-0.0757648904653834,0.249430170479677,-0.303751909080126,0.761316907529359,0.853571198442504
BSU_14640,yktA,221.71661324661,0.465373583058651,0.231375005928806,2.01133904325797,0.0442896571810607,0.116298011373397
BSU_14650,yktB,511.171368060826,0.226116493701609,0.195246439920567,1.15810815190075,0.246819903725249,0.408429785338279
BSU_14660,ykzI,139.223639528802,-1.11397226957083,0.321962432963442,-3.45994487405715,0.0005402859834636,0.0030026888557415
BSU_14670,suhB,472.523002611892,-0.0252419822807186,0.223542129962595,-0.112918232840236,0.910095381065469,0.946446964309975
BSU_14680,ykzC,162.03741869915,-0.338404658664979,0.274507378436256,-1.23277072038179,0.21766131817493,0.376452120965683
BSU_14690,yktD,377.754353323183,0.201091318040417,0.202294174333655,0.994053925194831,0.32019661493964,0.491168651385012
BSU_14700,nprE,1427.45403659972,0.644729985215637,0.183556110146399,3.5124408808915,0.0004440107744454,0.0025070076440099
BSU_14710,ylaA,27.6006382837953,-0.29313953617508,0.650925799299831,-0.45034247604012,0.652463515915535,0.775110979574919
BSU_14720,ylaB,0.603355442781532,-0.490061243540568,3.4447397775154,-0.142263646949273,0.886871759949128,
BSU_14730,sigP,18.6694332452963,-1.82366926188417,0.912720586210794,-1.99805864953175,0.0457103020345673,0.119410289041254
BSU_14740,sigQ,25.5440692219906,-0.552683988673074,0.596201995386553,-0.927007948564038,0.353922407361244,0.525990389099
BSU_14750,ylaE,25.8733938047325,-0.134844082963775,0.557226746047324,-0.241991404612733,0.808786823455363,0.883157707828909
BSU_14760,ylaF,214.54909490129,-0.234199742497902,0.231807851162706,-1.01031842244859,0.312342757679914,0.483840696500881
BSU_14770,bipA,1786.58702461028,0.0450531591068596,0.15459101222108,0.291434530763207,0.770719008387769,0.860497741155527
BSU_14780,ylaH,446.172060167905,-1.03806190824986,0.213116857158599,-4.87085781054544,1.11114783501536e-06,1.12599849820411e-05
BSU_14790,ylaI,129.49680877427,0.087626978637711,0.285313072616506,0.307125705226595,0.75874769267466,0.85116055563979
BSU_14800,ylaJ,274.694871937176,-0.374152266585755,0.224440184626648,-1.6670466886674,0.0955051214833744,0.208705479062485
BSU_14810,ylaK,1843.15018239561,-2.45691493555396,0.168948247157566,-14.5424115188515,6.52527763725818e-48,8.937525434773631e-46
BSU_14820,ylaL,407.300629068171,0.766548108197336,0.27143821412526,2.82402428363899,0.0047424791565844,0.0193249198645464
BSU_14830,glsB,626.234884038603,-1.89388838660364,0.191367725173085,-9.89659246296988,4.30700338266476e-23,1.82875363627946e-21
BSU_14840,ylaN,6163.06258891064,0.386052042958777,0.159157014573522,2.42560495365689,0.0152828960332095,0.0503422626508981
BSU_14850,ftsW,1644.20223590041,-0.206067810891367,0.142203786936936,-1.44910213244007,0.14730906260742,0.28652051297806
BSU_14860,pycA,50252.4942850423,0.430921642194202,0.165837123824202,2.59846307182104,0.0093642116594827,0.033581454988314
BSU_14870,ctaA,433.125859821562,0.262066636209076,0.2111950009351,1.24087518666983,0.214651860490588,0.373621528816882
BSU_14880,ctaB,4952.0141607222,0.577853688469841,0.15312783587941,3.77366848523156,0.0001608644921155,0.0010364653012481
BSU_14890,ctaC,7962.09929615537,0.163347986622243,0.137783641143114,1.18553977284267,0.235804098895909,0.397153591397077
BSU_14900,ctaD,11624.9720341889,0.28809142162269,0.165238132069984,1.74349236470837,0.0812476468503841,0.185272560970317
BSU_14910,ctaE,3358.27876199444,0.305584778860096,0.214108078519459,1.42724544058866,0.153509160800049,0.294798686909546
BSU_14920,ctaF,1235.5567328269,0.226779188199241,0.158361623364796,1.43203374265014,0.152134164780106,0.293157431004906
BSU_14930,ctaG,4016.08158115078,0.142733478177348,0.172447273726645,0.827693445612842,0.407844132001808,0.575524166936987
BSU_14940,ylbA,4096.92519446807,0.160748358509034,0.139342355899347,1.15362164986753,0.248655318397803,0.410048284544242
BSU_14950,ylbB,517.893388000726,-1.06464966965746,0.220135191267996,-4.83634471855678,1.3224849492915e-06,1.31813875462246e-05
BSU_14960,ylbC,1525.47522250748,-1.00741009836892,0.173324339356082,-5.8122829264,6.16265692527665e-09,8.81031693761773e-08
BSU_14970,ylbD,7.47640247203421,-1.01286793626062,1.01504429810477,-0.997855894714928,0.318349241665394,0.490307666506747
BSU_14980,ylbE,10.9360797764337,-0.650746625334548,1.10285136897813,-0.59005831940664,0.555151551309826,0.699250515236286
BSU_14990,ricF,507.811332790353,0.230784975693929,0.174070772385283,1.32581117743946,0.18490224971668,0.337240099783944
BSU_15000,ylbG,105.9378913765,0.263268656086825,0.326000996263553,0.807570096730588,0.419338106880759,0.587433058995613
BSU_misc_RNA_23,csfG,7.68441845733761,0.961613318846905,1.33111004140942,0.722414593032987,0.470039617529189,0.629586188021747
BSU_15010,rsmD,74.4154262159124,0.290208623373157,0.473825090892289,0.612480489006286,0.540219902999261,0.686553040447429
BSU_15020,coaD,89.5996045093619,0.816263864073485,0.455295022465294,1.79282404550273,0.0730010633762404,0.17077824523169
BSU_15030,spoVV,269.898701808375,-2.37054440239234,0.324631116574043,-7.30227104354508,2.82950538993722e-13,6.06771711397647e-12
BSU_15040,ylbK,236.843958300387,-0.11986874632223,0.250763558157869,-0.478015016228021,0.632639517328009,0.761175231106469
BSU_15050,ylbL,284.719526417825,-0.604782266431973,0.254870258716021,-2.37290246998112,0.0176489234778546,0.0563862521346655
BSU_15060,ylbM,301.770238477883,0.212820191695844,0.273362899811344,0.778526244207672,0.436258841122745,0.599661715573705
BSU_15069,ylzH,4.92038544438509,-1.22225161281351,1.92022205867365,-0.636515765086956,0.524440308833555,0.675393858449279
BSU_15070,ylbN,682.788838297211,-0.0249859524234479,0.173424311677071,-0.144074104615584,0.885441952881088,0.933209064457796
BSU_15080,rpmF,1214.48968747863,0.0303685975675207,0.213378158921552,0.14232289621866,0.886824962045458,0.933893548820688
BSU_15090,gerR,4241.17416531094,-2.66527817036885,0.165900960340961,-16.0654776493828,4.4542006723494405e-58,1.0506964474886498e-55
BSU_15100,ylbP,13788.4739591429,0.097952921846388,0.131703064154057,0.743740644726455,0.457033395078425,0.617620558721513
BSU_15110,panE,287.603323589928,-0.308826656547201,0.205057732557292,-1.50604735893545,0.132055016602467,0.264608589190218
BSU_15120,bshC,647.641282535812,-0.323727777025824,0.178853719022209,-1.81001423283586,0.0702935800283281,0.166091564162649
BSU_15130,mraZ,3338.78450739789,-0.393575561881985,0.131506883579611,-2.99281338869022,0.0027641870915619,0.0122003517575593
BSU_15140,rsmH,5416.6048730039,-0.268391927718903,0.14747935299241,-1.81986103324386,0.0687801703356708,0.163608181089781
BSU_15150,ftsL,2220.42810033683,-0.242169961292118,0.133761662045381,-1.81045867395067,0.0702246874656443,0.166091564162649
BSU_15160,pbpB,2545.85010986146,-0.0998996656545686,0.164938492587924,-0.60567829914727,0.544728397025438,0.689805181559801
BSU_15170,spoVD,1155.40936013775,-2.33279067601352,0.234201204523435,-9.96062629464443,2.26630490938478e-23,1.00236777554664e-21
BSU_15180,murE,209.73516322774,-0.197258989767798,0.24507951580687,-0.80487750727908,0.420890369287743,0.588296944245745
BSU_15190,mraY,110.927611507851,-0.396270528352885,0.499350181035695,-0.793572413513471,0.427444397500169,0.59292025866897
BSU_15200,murD,181.135104760942,-0.249810019737746,0.31748640777109,-0.786836896393564,0.431377351616066,0.595651458524168
BSU_15210,spoVE,653.612053172929,-2.05893754181325,0.218440942085409,-9.42560273800789,4.2764230701619805e-21,1.56424552217671e-19
BSU_15220,murG,644.019668463158,-1.39414336343656,0.192580324149311,-7.23928246353791,4.51064732585318e-13,9.43458549042986e-12
BSU_15230,murB,926.998621010712,-1.59066312542654,0.19652532948421,-8.09393440327161,5.77678068711975e-16,1.51408708626608e-14
BSU_15240,divIB,668.790844396862,-0.480150808335408,0.212441217580486,-2.26015842784133,0.023811419953133,0.0712496752085996
BSU_15250,ylxW,589.629763751591,-0.265883763658306,0.178401977679659,-1.49036331949038,0.136128731702418,0.270220941939442
BSU_15260,ylxX,594.733446849456,-0.0278070905125915,0.184248907393922,-0.150921331941146,0.880037772772871,0.930212734634021
BSU_15270,sbp,151.466832192872,0.144015764538197,0.351835786951267,0.409326651464664,0.682299959486215,0.795311849781633
BSU_15280,ftsA,6844.44913763519,-0.366566190838123,0.177160312583417,-2.06912138216918,0.0385346977157651,0.104281916189381
BSU_15290,ftsZ,11412.2395624924,-0.403097936136261,0.160575008957219,-2.51034042441595,0.0120614822457334,0.0415016641939903
BSU_15300,bpr,22935.1923348826,-1.17294026514049,0.211755361825789,-5.53912899785492,3.03979680960611e-08,3.94708784513381e-07
BSU_15310,spoIIGA,3408.4425133754,-1.03508830465287,0.158321846549451,-6.53787412926343,6.239940397888919e-11,1.09482590617506e-09
BSU_15320,sigE,1953.80287680873,-0.828154163329325,0.185995060897181,-4.45255997301528,8.48525294186716e-06,7.24917182920884e-05
BSU_15330,sigG,4378.09795643768,-0.984724352081964,0.140519411021719,-7.00774608235273,2.42187813540088e-12,4.8278378229634496e-11
BSU_15340,ylmA,269.962566044433,0.479687520483148,0.206239337805592,2.32587791246361,0.0200250646636785,0.0623596953203764
BSU_misc_RNA_24,tswE,81.8553888824776,0.645735965946591,0.339374717328776,1.90272266310581,0.0570767431300117,0.141641058638241
BSU_15350,thiQ,315.183677223533,0.729806120896048,0.267355105644642,2.72972576729497,0.006338702974528,0.0246015839395302
BSU_15360,ylmC,310.534045363653,-1.10335340943206,0.25417049964201,-4.34099712982464,1.41837576357857e-05,0.0001144947431968
BSU_15370,ylmD,2244.87555150383,-0.0474039324973115,0.165115026356652,-0.287096417226849,0.774038495398616,0.862616128992788
BSU_15380,ylmE,2147.56766202918,-0.0973129669685969,0.135321053997073,-0.719126581519989,0.472062930575627,0.631217734282715
BSU_15390,sepF,1433.09503166994,0.0160907085861114,0.159658792303797,0.100781850807779,0.919723634434095,0.952242514461636
BSU_15400,ylmG,1903.48528282034,-0.039225014170018,0.192783267759629,-0.203466901592961,0.838770113276243,0.903913172835261
BSU_15410,ylmH,377.996226989159,0.284308527714239,0.205727635478355,1.38196566082709,0.166982245107698,0.312455855121643
BSU_15420,divIVA,1376.98681552156,0.510519969184646,0.142140727991284,3.59165157234843,0.0003285889767842,0.0019377622158691
BSU_misc_RNA_25,iswA,1522.43750742227,0.298259326063836,0.22956444132935,1.29924009283272,0.193861546277011,0.346780029374782
BSU_15430,ileS,1076.46212440052,-1.05214920779888,0.195530797719694,-5.38098969609486,7.40774351336464e-08,9.27825337986616e-07
BSU_15440,ylyA,8.86823473440424,-5.27648285487369,1.60118956589092,-3.295351760513,0.0009829855023187,0.0050529739017501
BSU_15450,lspA,67.7177971458419,0.0730137365428473,0.393907806657497,0.185357424526325,0.852948700020273,0.912215273052358
BSU_15460,rluD,48.0710781398498,1.45973335136594,0.648662725886328,2.25037341150036,0.0244252513635497,0.0725749596148578
BSU_misc_RNA_26,pyaA,1.34641614418725,2.9545467109493,2.62699839151761,1.12468539017356,0.260722374816547,
BSU_15470,pyrR,517.777054205123,0.26019477904085,0.212445784583072,1.22475849333272,0.220666227935073,0.379587365084684
BSU_misc_RNA_27,pyaB,7.83761621188376,-2.42734084272948,1.2150814287893,-1.99767750968597,0.0457516340168946,0.119410289041254
BSU_15480,pyrP,57.5710926364844,0.300244524286324,0.499656283322161,0.600902128739442,0.547905175284553,0.69300130302598
BSU_misc_RNA_28,pyaC,0.587562111320966,-0.0045729688796376,3.43310247188196,-0.0013320222501633,0.998937200326233,
BSU_15490,pyrB,7.21634274230351,-0.13704160702847,1.18065836458347,-0.116072194242928,0.907595325613938,0.945324872075992
BSU_15500,pyrC,17.8965667554411,-1.05717182245038,1.09288454472127,-0.967322511382021,0.333382833534728,0.505370764437149
BSU_15510,pyrAA,19.1354851887185,0.343760909727359,0.781420936596508,0.439917710964612,0.659996707860405,0.778645740921167
BSU_15520,pyrAB,82.3368654801209,-0.325477127076006,0.411131680783048,-0.79166150965573,0.428558071123111,0.594076908256196
BSU_15530,pyrK,30.4702604989853,-0.0342418842584034,0.910530038097744,-0.0376065399554974,0.97000139348168,0.981626889476158
BSU_15540,pyrD,34.5293555250414,0.238089370338091,0.66523824179125,0.357900907345616,0.720417471677912,0.821179217381051
BSU_15550,pyrF,21.6709751754203,0.557517532246267,0.718710190517774,0.77571953146319,0.437914605038209,0.601353626452858
BSU_15560,pyrE,22.4699000995705,-0.917339586038701,0.737012583491623,-1.24467289512585,0.213252013185136,0.371550286411198
BSU_misc_RNA_29,mswE,67.4899116035426,0.644437556459789,0.393899103908788,1.63604727724645,0.10182969317255,0.218920950486405
BSU_15570,cysH,2194.71160755039,0.241724501966306,0.155161674870254,1.55788793958583,0.119259814650971,0.246172665536229
BSU_15580,cysP,1446.45267040192,0.520099805390915,0.214144707211051,2.42873061008381,0.0151517857907945,0.0500268137385019
BSU_15590,sat,740.345903113283,0.265199986255484,0.211925677054085,1.25138204082653,0.210795126340442,0.368176103019957
BSU_15600,cysC,517.163196407299,0.266780993373711,0.21737198481,1.22730163966115,0.219709239576967,0.378606100342452
BSU_15610,sumT,580.7147918146,0.174194807196935,0.175121223574141,0.994709856645021,0.319877399172078,0.490984452532296
BSU_15620,sirB,1060.94824942147,0.551327820537548,0.17381391967244,3.17194285461458,0.0015142280008415,0.0073478995332263
BSU_15630,sirC,1053.70627612164,0.528838348413177,0.144788276257274,3.65249426323362,0.0002597053999312,0.0015843521955575
BSU_15640,fbnA,259.52135196782,0.661400868868553,0.218011913214455,3.0337831502719,0.0024150795719886,0.0108169070281265
BSU_15650,tcaB,1617.15565530162,-2.11081199309879,0.221366487734323,-9.53537283218822,1.49347949754959e-21,5.66188745231746e-20
BSU_15660,yloC,1604.8417501463,0.502573938446134,0.154310131434193,3.25690823910977,0.0011263283735558,0.005706909634986
BSU_15670,remA,487.305023641506,0.289333952500324,0.170282900619334,1.69913685665437,0.0892934003415713,0.19850250149231
BSU_15680,gmk,1026.2066282525,0.30629642320146,0.159096730012805,1.92522136172634,0.054201670738523,0.136177688731224
BSU_15690,rpoZ,576.859895654937,0.0783318385278422,0.17263009980918,0.453755391524583,0.650004893870475,0.772654193553761
BSU_15700,coaBC,287.54163970583,-0.335859335650229,0.228912325702036,-1.46719638018707,0.14232264136214,0.279898997324523
BSU_15710,priA,619.133394603613,-0.14390020097508,0.188462423064344,-0.763548502854332,0.445136347734315,0.607732775717011
BSU_15720,defA,349.497391422497,0.338118650338372,0.195022992306062,1.73373737291314,0.0829646921586006,0.188076926270912
BSU_15730,fmt,828.795675357215,0.592182394026632,0.20800524152806,2.84695899813057,0.0044139047002356,0.0181955721914567
BSU_15740,rsmB,1377.64325074122,0.245555135462009,0.161002100151828,1.52516728185809,0.127217378987844,0.256874950221082
BSU_15750,rlmN,1434.8888060569,0.35311551120414,0.145225273132803,2.43150178744184,0.0150363741300691,0.0497768148209133
BSU_15760,prpC,705.515152649667,0.229208519215326,0.168380565239701,1.36125281970062,0.173433807283292,0.321993854711351
BSU_15770,prkC,1252.85095566887,0.386757188745279,0.160915968941191,2.40347301321365,0.016240165648388,0.0527991909211756
BSU_15780,rsgA,882.366756813501,0.333987841647415,0.164969424715803,2.02454389486284,0.0429142203329248,0.113387541713503
BSU_15790,rpe,382.982634023062,0.237739600293192,0.184267231446687,1.29018924540566,0.196984959264309,0.350397208645268
BSU_15800,thiN,167.740916996445,-1.22674008387022,0.325336637911256,-3.77067917018569,0.000162803866499,0.0010473715411436
BSU_15810,spoVM,355.063234713645,-2.69985644693758,0.386529151741937,-6.98487147675763,2.8511686954501996e-12,5.6570384490100694e-11
BSU_15820,rpmB,2039.18245533189,0.437556563382551,0.139392365871032,3.13902817165314,0.0016950915069088,0.0080733292451214
BSU_15830,yloU,687.039749414728,0.436738701616326,0.178880774956753,2.4415072090442,0.0146260963105702,0.0487497878809184
BSU_15840,yloV,3561.34740872612,0.482326903671268,0.125918311010593,3.83047469268144,0.0001278962875634,0.0008458685934494
BSU_15850,sdaAB,2165.05426942428,0.39618178387619,0.16450342504499,2.40834975787184,0.0160248205623271,0.0522992990835057
BSU_15860,sdaAA,3537.54741752521,0.461908854490724,0.153686524355515,3.00552606305426,0.002651218738579,0.0117505999624286
BSU_15870,recG,3970.50875655231,0.542400984754302,0.152359435300223,3.5600091565416,0.0003708418630133,0.00215402811266
BSU_15880,fapR,2088.82516439101,0.346754761377832,0.137884072644337,2.51482825193496,0.0119090382796992,0.0410103621537736
BSU_15890,plsX,2408.92535777722,0.261620628655158,0.152149863354025,1.71949302410094,0.0855246367857083,0.192339834635655
BSU_15900,fabD,1264.33939094156,0.464303991018039,0.177085894380619,2.62191403014905,0.0087437484273437,0.0317587303870843
BSU_15910,fabG,1721.27873562055,0.683959201799609,0.218558295208069,3.12941314420702,0.0017515584608458,0.0083003540454814
BSU_15920,acpA,913.954486670357,0.668889278269004,0.258757296363727,2.58500644298265,0.0097377177719805,0.0347448316469154
BSU_15930,rnc,485.757331454561,0.451848763862838,0.198537717504495,2.27588374411833,0.0228529686895028,0.0691123255381974
BSU_15940,smc,951.263887416085,0.208073820104418,0.150335089670616,1.38406689057297,0.16633797384587,0.312097859692183
BSU_15950,ftsY,369.069262171163,0.180046433134323,0.203863679993948,0.883170720452353,0.377144038675526,0.547232068605444
BSU_15960,ylqB,2085.7331137305,0.637350695952699,0.163785945204627,3.89136378677928,9.96823451241723e-05,0.0006728954489622
BSU_15970,ylxM,309.370487256112,0.375994542872409,0.323529943932756,1.16216303907424,0.24516924498045,0.406977203235353
BSU_15980,ffh,1743.95610067871,0.42626631740881,0.168878705463343,2.52409749494045,0.0115995753838058,0.0401073266120843
BSU_15990,rpsP,274.664691211339,0.383648524697686,0.265857698362817,1.44305967839276,0.149003660605565,0.288626616300743
BSU_16000,ylqC,183.580229965164,0.584371066460939,0.259131896516377,2.25511052215838,0.0241263923499337,0.0719386670771197
BSU_16010,ylqD,79.8741218977594,0.0739095994316901,0.343079318689668,0.215430063560739,0.829432032895048,0.896779668836261
BSU_16020,rimM,218.377578811309,0.0347802978466831,0.274486888639641,0.126710233844154,0.899169745694571,0.941022927658964
BSU_16030,trmD,257.216902887051,0.205032779909114,0.223604889919175,0.916942290408881,0.35917288158695,0.531931655116215
BSU_misc_RNA_30,BSU_misc_RNA_30,20.1280997452919,-0.18310085724389,0.644633491193307,-0.284038697562773,0.776380725019089,0.864015396961559
BSU_16040,rplS,5049.76493463478,0.0225781507994668,0.198956768517088,0.113482697611907,0.909647879768048,0.946426095931177
BSU_16050,rbgA,511.884942962518,0.283875199915415,0.187195872008213,1.51646078981357,0.129402877790782,0.260523764390545
BSU_16060,rnhB,106.713748583904,0.583509227788943,0.306382692359397,1.90451106521535,0.0568436569542636,0.141145127150762
BSU_16070,ylqG,406.40762778438,0.532997755020084,0.218200385547501,2.44269850249212,0.0145779102061884,0.0487365180663683
BSU_16080,ylqH,44.2449752413631,0.0863551885275025,0.554177793638979,0.155825782842101,0.876170347101133,0.926810985000351
BSU_16090,sucC,4449.88355812457,1.23469694289832,0.133073292376974,9.27832265095416,1.7216746601794e-20,5.99199230091946e-19
BSU_16100,sucD,6648.78252627748,1.25890197610744,0.14553397304269,8.6502275021253,5.13968658445772e-18,1.52609155507745e-16
BSU_16110,dprA,1098.73066522413,1.04829329290245,0.151150052620538,6.93544775359217,4.04936534816457e-12,7.92332040014137e-11
BSU_16120,topA,2693.30887627309,0.440139586712456,0.131031239612911,3.35904314125933,0.0007821285631019,0.0041615512267303
BSU_16130,trmFO,285.075393410529,-0.614415823069785,0.264921045652492,-2.31924127264596,0.0203819577447356,0.0631691916672609
BSU_16140,codV,1178.05063497163,0.104128291959571,0.144350792688045,0.721355872181469,0.470690589245681,0.630259300516292
BSU_16150,clpQ,680.722654152953,0.185381903810651,0.167260024202137,1.10834555175368,0.267712609941082,0.433526980095284
BSU_16160,clpY,2488.73485296345,0.337447096893204,0.140916679219684,2.39465689059515,0.0166359245399661,0.0537156924689705
BSU_16170,codY,2607.5282348556,-0.505661019852713,0.185166511623028,-2.73084487805314,0.0063172198075853,0.0245406361418184
BSU_16180,flgB,857.545325813697,1.2725170807175,0.159069594086524,7.99975059988729,1.24671470448329e-15,3.1322784823881997e-14
BSU_16190,flgC,1461.61870428317,1.70621577271968,0.199064779367032,8.57115848491606,1.0244913815354301e-17,2.93918270675638e-16
BSU_16200,fliE,1180.39575928205,1.67745257166148,0.190983521428718,8.78323197264726,1.58843109320929e-18,4.85214274947242e-17
BSU_16210,fliF,2595.27771671907,1.55080858853624,0.155206645907094,9.99189551112744,1.6538841009132302e-23,7.63303466573648e-22
BSU_16220,fliG,1197.05383444512,1.60095802020041,0.211311058020415,7.57630970758636,3.55522533164298e-14,8.02951423306176e-13
BSU_16230,fliH,775.04898355684,1.55415526912382,0.225486915947804,6.89244102076226,5.48430331209296e-12,1.05847053923394e-10
BSU_16240,fliI,1949.50239357096,1.55630130309539,0.233872092232003,6.65449771386802,2.8426917340648896e-11,5.15814918924765e-10
BSU_16250,fliJ,381.249148299222,0.998031610085255,0.252616555883026,3.95077672798055,7.78979702318942e-05,0.0005386885693886
BSU_16260,ylxF,501.046720756766,1.46860427130458,0.186043149180045,7.89389062578877,2.9290888698847504e-15,7.23076240786666e-14
BSU_16270,fliK,1346.68311413362,1.50781872894873,0.185988601440597,8.10704912704187,5.18638952417742e-16,1.36778943600356e-14
BSU_16280,flgD,255.772845212812,1.47157825304949,0.247619985897515,5.94288965697036,2.8004095156565604e-09,4.17211887841324e-08
BSU_16290,flgE,1147.46383210385,1.30505004918958,0.161818943800894,8.06487805775906,7.33090033219328e-16,1.8751206512345e-14
BSU_16299,swrD,79.9245737064956,1.4453200991306,0.392885439387653,3.67873164600668,0.0002343967390247,0.0014486878513816
BSU_16300,fliL,145.5469734227,0.911828528595424,0.276617439882406,3.29635227982392,0.000979491096877,0.0050411141785938
BSU_16310,fliM,506.20763189512,1.31797096000899,0.187870056172802,7.01533276168679,2.29402314676016e-12,4.5945388118602e-11
BSU_16320,fliY,412.68386776168,1.27323486587525,0.193854669768002,6.56798656126783,5.100014263206779e-11,9.06052743162175e-10
BSU_16330,cheY,178.586337676127,1.37542559857466,0.258165446982789,5.32769049711891,9.94694321203518e-08,1.21713893021041e-06
BSU_16340,fliZ,199.860670897616,1.0670610280508,0.234047578726258,4.55916285850082,5.13579334155208e-06,4.6102703019514e-05
BSU_16350,fliP,134.021781069279,1.23123778563747,0.326595976442561,3.76991106580277,0.0001633057295381,0.0010490107830844
BSU_16360,fliQ,48.7266239597837,1.70905521478359,0.521473750813386,3.27735617011946,0.0010478410020744,0.0053604010780818
BSU_16370,fliR,104.914936757925,1.16623401097226,0.328340194498665,3.55190753527134,0.0003824492312863,0.002197401131315
BSU_16380,flhB,171.375954322678,1.19246308288413,0.262798666380478,4.53755378331215,5.69105190264937e-06,5.05527330097264e-05
BSU_16390,flhA,300.073401613348,1.31270226451943,0.359543338465328,3.65102652192795,0.0002611942629344,0.0015911489819504
BSU_16400,flhF,132.039946888547,0.639987622797574,0.278409192128518,2.29873021757898,0.0215202635234032,0.0657847652414472
BSU_16410,flhG,113.652815089057,0.809602584438087,0.316393602317921,2.55884625512932,0.0105020175985703,0.0370361849863203
BSU_16420,cheB,95.7449231492491,0.882625588621291,0.396993029538648,2.22327729443261,0.0261971075954922,0.0767123578279033
BSU_16430,cheA,296.150326560213,1.16969823778904,0.268183075208182,4.36156620577581,1.29134707754448e-05,0.000105443455601
BSU_16440,cheW,134.460526260543,0.813916569396196,0.303995617955043,2.67739572981794,0.0074196942916788,0.0279043595770312
BSU_16450,cheC,103.730492013217,0.904154893592113,0.36595483501702,2.47067344676581,0.013485890306257,0.0454620186102529
BSU_16460,cheD,75.3437834381971,0.558183641396083,0.345726749851558,1.61452257204786,0.10641412485786,0.225917187073237
BSU_16470,sigD,155.283536797155,0.655859938898296,0.273066588941003,2.40183151458342,0.0163132201043456,0.0529961228485475
BSU_16480,swrB,262.399032336001,-0.68459615567026,0.265763393481015,-2.57596107087324,0.0099961900033248,0.0355178433088846
BSU_16490,rpsB,7706.4457163352,0.135977976990547,0.131933467531365,1.03065567467345,0.302702317767138,0.474095920781728
BSU_16500,tsf,2073.16859832085,-0.0270179073998601,0.168125994633827,-0.160700357245197,0.872329408050526,0.925652713761933
BSU_16510,pyrH,619.272512786369,0.155053887128754,0.169943986331704,0.912382311817221,0.361567497558164,0.534350629237143
BSU_16520,frr,669.76139244628,0.144883771561758,0.201406776210941,0.719358972361565,0.471919768959276,0.631217734282715
BSU_16530,uppS,1152.28346350295,-0.33819919997222,0.147220722285201,-2.2972255177301,0.0216059081625347,0.0658569174860893
BSU_16540,cdsA,597.957443913594,-0.540878368841401,0.185942788145754,-2.90884295236782,0.0036276904374112,0.0154650337321768
BSU_16550,dxr,971.621622181017,-0.518544543307484,0.153806355102149,-3.37141168817829,0.0007478401093555,0.0039915605165577
BSU_16560,rasP,3029.00654402081,-0.0977815492013567,0.132718492236048,-0.736759042044017,0.461268894782709,0.620579127771667
BSU_16570,proS,3588.51975835464,-0.0453478333489607,0.131808097417572,-0.344044366297901,0.730812920901747,0.829022618794768
BSU_16580,polC,2461.79974890794,0.175027326279434,0.160115947344194,1.09312863073648,0.274337326918036,0.44105879973267
BSU_misc_RNA_71,surG,61.6143178815754,-0.599096219987185,0.533679975564457,-1.12257578964536,0.26161770245715,0.426421790646087
BSU_16590,rimP,810.019322319312,-0.972567613099942,0.156503895854019,-6.21433484318572,5.1542513131592e-10,8.258472104027911e-09
BSU_16600,nusA,2117.49603473831,-0.854625593203403,0.131505775236324,-6.49876852683913,8.0980147503965e-11,1.40343553592586e-09
BSU_16610,rulR,239.628780504707,-0.790278909228054,0.239605849727745,-3.29824547324708,0.0009729104009405,0.0050254042108347
BSU_16620,rulQ,391.214827900585,-0.614735830618237,0.205731843608086,-2.98804414444121,0.0028076899742203,0.0123666510690244
BSU_16630,infB,5515.90325014698,-0.758469707118148,0.126122697748201,-6.01374471574024,1.8128592209335402e-09,2.73928834593729e-08
BSU_16650,rbfA,1251.05259336527,-0.697420570209803,0.1483464975215,-4.70129448191874,2.58517373070468e-06,2.42846187180798e-05
BSU_16660,truB,44.4626086801329,-1.35550297400272,0.57392812115508,-2.36179919407791,0.0181864901469498,0.057885934905509
BSU_16670,ribC,258.722570644925,0.289875347202712,0.264054895567656,1.09778440797149,0.272298641494969,0.438944583062884
BSU_16680,rpsO,4829.24945766354,0.381506654621511,0.141683455343118,2.69266904662657,0.0070882591557035,0.0269925994395671
BSU_16690,pnpA,2977.03214870216,0.0586347103431509,0.126224778935104,0.464526148018028,0.642270830097759,0.767886336454249
BSU_16700,ylxY,246.302427056605,-1.63828330774023,0.32028454781808,-5.1150869403502,3.13596481110131e-07,3.43972823550076e-06
BSU_16710,mlpA,321.640585960361,-1.0864671108746,0.239937449358496,-4.52812645037036,5.95089683902191e-06,5.231368111488e-05
BSU_16720,ymxH,589.955553841788,-2.4965438530598,0.217787785062954,-11.4631950195836,2.01925673969496e-30,1.3396506432413699e-28
BSU_16730,spoVFA,8.75334044652779,-2.51251511148641,1.10037382046958,-2.28332868771286,0.022411014400492,0.0681153666030701
BSU_16740,spoVFB,9.25890482234155,-0.97415266254666,1.16145309194389,-0.838736122279591,0.401617403225116,0.569751919176025
BSU_16750,asd,3207.81007846328,0.155567491863629,0.131457115267383,1.18340868462849,0.236647217087107,0.398099874703588
BSU_16760,dapG,1336.6009555334,0.304014326854628,0.181418035514441,1.6757668331737,0.0937838730524061,0.206110934254926
BSU_16770,dapA,1797.987719107,0.31413588884811,0.138096628466368,2.27475422345023,0.0229206776999361,0.0692184904081995
BSU_16780,rnjB,5207.26547562736,0.246645969746105,0.130304220864773,1.89284712428516,0.0583782026483439,0.144364501132713
BSU_16790,tepA,62.5831335173137,-2.25067657106999,0.437331006763817,-5.14639148896544,2.65544951810639e-07,2.9593277306771e-06
BSU_16799,tepJ,59.493879169765,-2.15932875234386,0.42638724647281,-5.06424329106089,4.10025739460598e-07,4.39638709532753e-06
BSU_16800,spoIIIE,1363.0189695295,0.215142358649337,0.206689240544334,1.04089771718518,0.297923021326467,0.468338077953418
BSU_16810,ymfC,1230.49378109725,0.603595651643732,0.145180332789542,4.15755798355086,3.2166764663168e-05,0.000239743277473
BSU_16825,bcbE,42.4221313047991,-2.12505315268933,0.667721921261911,-3.18254214070619,0.0014598826970165,0.007141315589323
BSU_16845,ymfF,858.937454668069,-0.767971722467208,0.189237737199088,-4.0582377163983,4.94444239791669e-05,0.0003582611334736
BSU_16860,ymfH,2414.80146667823,-0.670791383557524,0.150125886930378,-4.4681926433421,7.88832514398497e-06,6.79388003273026e-05
BSU_16870,efpI,103.232601345913,-0.827248042185505,0.307601179489995,-2.68935263368329,0.007159074866205,0.0270921852779915
BSU_16880,ymfJ,237.257792632991,-2.35604498305842,0.430636344156219,-5.47107789444667,4.47306628572105e-08,5.75534528762775e-07
BSU_16910,rodZ,1126.16476017959,0.332662408830654,0.155237006481532,2.14293238687406,0.0321185279328432,0.0900761358010913
BSU_16920,pgsA,79.3680671367228,0.289263337523017,0.362917654754978,0.797049506225625,0.425422280024072,0.591426588900166
BSU_16930,cinA,451.900770590453,0.372353227919931,0.184026122298213,2.02337159132515,0.0430348508480136,0.113635557649668
BSU_16940,recA,1937.13432139127,0.333063897416539,0.139711477421229,2.38394084411801,0.0171283554695522,0.0551349576675685
BSU_16950,pbpX,101.692359744865,-0.394803302153439,0.396431172279729,-0.995893687882997,0.319301802549314,0.490724492499925
BSU_16960,rny,31088.5513108012,0.152217410848538,0.158783370221908,0.958648318371165,0.337735942357505,0.509615133883992
BSU_16970,pdeB,322.724935006282,-0.412715491710976,0.213977760479028,-1.92877750840572,0.0537584891865747,0.135465011920591
BSU_16980,spoVS,8640.72836937479,-0.762668567947814,0.171388808268519,-4.44993214932053,8.58974226352633e-06,7.29440913018656e-05
BSU_16990,tdh,706.008077760383,-0.23741576614298,0.158298061692273,-1.49980210499678,0.133665671916494,0.266937005011558
BSU_17000,kbl,634.139483111625,-0.181481615542582,0.184990991008102,-0.981029479076814,0.326578204589793,0.498436756537836
BSU_17010,miaB,1944.44404056609,-0.333838946816796,0.142249333784468,-2.34685771760886,0.0189324829445842,0.0597371449614999
BSU_17020,ricA,5326.33527914346,-1.16481191480963,0.177272232867447,-6.57075220393145,5.0061711763170596e-11,8.93117765321103e-10
BSU_17030,cotE,2396.05265415323,-2.72688190139705,0.191895066882744,-14.2102761977893,7.9112867071148e-46,9.33092315511373e-44
BSU_17040,mutS,313.75347633351,-0.296922440226393,0.209840494969184,-1.41499113538594,0.15707109514603,0.299741065164065
BSU_17050,mutL,199.288939483106,0.255667941961869,0.258867668167303,0.987639529385472,0.323329219565079,0.494901177459742
BSU_misc_RNA_89,surX,85.206867547311,0.484113040892125,0.366624736282274,1.32045929524895,0.186681717687403,0.338739561239622
BSU_17060,ymzD,215.43134184933,0.444245902368674,0.244483875293533,1.81707649158989,0.0692054017966832,0.164166155438649
BSU_17070,ymcC,150.015473814839,0.354146269458355,0.263669608038166,1.34314406614164,0.179225329117464,0.328808925487849
BSU_17080,pksA,690.223002617496,0.407498758501794,0.165373320806585,2.46411426289486,0.0137352316996141,0.0462488451994936
BSU_17090,pksB,212.118898412634,0.501594190158917,0.253007660853562,1.98252570086893,0.0474204338165368,0.123072837399154
BSU_17099,BSU_17099,44.8304503492536,0.346075734262022,0.511179049253262,0.677014707014255,0.498396623165716,0.653145698136306
BSU_17100,pksC,1158.45010594215,0.710670948590761,0.192733264843021,3.68732895781947,0.0002266203189005,0.0014047151446008
BSU_17110,pksD,398.115147932282,0.752805199473251,0.274033848608954,2.74712486539392,0.0060120240963123,0.0235272389981034
BSU_17120,pksE,593.466115370207,1.51513894236872,0.312508897142844,4.84830658013606,1.24519858235678e-06,1.25287042196372e-05
BSU_17130,acpK,59.5798454331729,1.00180508049306,0.410468857523358,2.44063602422274,0.0146614233137571,0.0487497878809184
BSU_17140,pksF,325.814113097088,1.44422285136262,0.340360054319743,4.24322076880937,2.20334484564308e-05,0.0001704080549107
BSU_17150,pksG,195.791946710475,1.16552877713609,0.343712798798592,3.39099614913981,0.000696390795972,0.0037476239793376
BSU_17160,pksH,119.073395901182,0.953108808389327,0.364681329548868,2.61353881090753,0.0089609905448133,0.0324367995339108
BSU_17170,pksI,100.81935185702,1.6389589115178,0.461101630418643,3.55444180500893,0.0003787823282644,0.0021846680718822
BSU_17180,pksJ,1941.34384540778,1.54360709253359,0.286830544634303,5.38159941962117,7.38269098876065e-08,9.27423252611767e-07
BSU_17190,pksL,1028.28431162853,1.51109352510614,0.319806636178258,4.72502241718295,2.30089972883461e-06,2.19049781359456e-05
BSU_17200,pksM,739.897674899213,0.923980278282879,0.241078277493299,3.83269819201592,0.000126745413575,0.0008395647832131
BSU_17210,pksN,6708.70357704082,0.686764770423811,0.184056422638353,3.73127305518272,0.0001905145898796,0.0012073506695958
BSU_17220,pksR,4520.31655052789,0.708480472817441,0.194459720588215,3.64332762936396,0.0002691359084156,0.0016348370059124
BSU_17230,pksS,301.27654757634,0.698518809829084,0.22013266082392,3.17317206458434,0.0015078313423594,0.0073252309835908
BSU_17240,ymzB,108.000161447738,-0.357637068820378,0.348167608845056,-1.02719799238859,0.304327243264505,0.475763429639576
BSU_17250,ymaE,251.833721758958,0.362631325428941,0.236667893706522,1.53223709287166,0.125463938253393,0.255011910877888
BSU_17260,aprX,32.2241022080751,0.355610070769124,0.567862882637087,0.62622524141341,0.53116721330246,0.680094541006181
BSU_17270,pghC,39.8510153183901,0.571209291451203,0.599677252529142,0.952527862349497,0.340829342388579,0.512362022206715
BSU_17280,ymaD,73.5129435907663,-1.06228773398766,0.670728457790629,-1.58378211278947,0.113243311158327,0.236513083707947
BSU_17290,ebrB,22.4606596013422,0.641674357215706,0.653212733906804,0.982335958728042,0.32593436495919,0.497811983315367
BSU_17300,ebrA,13.4026448251746,-0.435505272931363,0.997373338618085,-0.436652210429827,0.662363592255642,0.780353999089194
BSU_17310,ymaG,0.623925478982085,2.06651231815148,3.4797518829599,0.593867720359903,0.5526005904581,
BSU_17320,ymaF,82.7478487179787,-1.69007267757598,0.350664427556128,-4.81962966518885,1.43824950671821e-06,1.41689266949548e-05
BSU_17330,miaA,398.69541743732,-0.404997299161317,0.245186720301345,-1.6517913313721,0.0985770964496445,0.213877542935713
BSU_17340,hfq,1999.50863526163,-0.958849557741924,0.183976037546098,-5.21181763957532,1.86999323493825e-07,2.14015937346303e-06
BSU_17350,ymzC,208.06527311045,-1.15840117987945,0.25537339067878,-4.53610760620139,5.73019515817133e-06,5.07941725294269e-05
BSU_17360,ymzA,379.550026004257,-1.14595148892063,0.268164140382318,-4.27332113565545,1.92582778938702e-05,0.0001519900519282
BSU_17370,nrdI,119.840992466212,-0.0652792075203422,0.279985715599703,-0.233151921270413,0.81564343830238,0.887550496932831
BSU_17380,nrdE,789.079110205536,-0.0217622733502776,0.179065888718911,-0.121532210886011,0.903269503186243,0.943024910383277
BSU_17390,nrdF,516.421717196448,-0.246058754185675,0.174278410849873,-1.41187168844243,0.157987745290132,0.300679500897311
BSU_17400,ymaB,66.0436578215485,-0.511679324696142,0.36170375237974,-1.41463648449781,0.157175105815619,0.299804806510834
BSU_17410,cwlC,57.8102496045208,0.25590158601988,0.523773154260468,0.488573314493743,0.625143809415031,0.755797441564984
BSU_17420,spoVK,593.831273575766,-3.35827189995804,0.225105633526422,-14.9186488465375,2.49269860347168e-50,4.07076856551568e-48
BSU_17430,hflX,424.031388452899,-0.0385299677200943,0.202720453054698,-0.190064530438367,0.849258564018287,0.910760381657223
BSU_17440,ynbB,261.250860636873,0.173265668376755,0.272619540863908,0.635558507022975,0.525064221262213,0.675582631357381
BSU_17450,glnR,722.902185807872,-0.153213692002811,0.258776035076509,-0.592070637288775,0.553803288223076,0.69858846161473
BSU_17460,glnA,8369.12989799533,0.0207019862869524,0.213373664591261,0.0970222184008004,0.922708749954687,0.954169837386167
BSU_17470,ynxB,32.5200090491339,0.138451457802298,0.509506128131253,0.271736589921116,0.785824564836931,0.869363159180984
BSU_17480,ynzF,181.103118753077,-0.0442774327074626,0.257399936034703,-0.172018040833907,0.863423345873953,0.919271453787219
BSU_17490,ynzG,34.8173294760073,-0.175939713290282,0.493386620876771,-0.356596036142262,0.721394245351089,0.821630892103199
BSU_17500,ynaB,674.532063766797,-0.300229402606453,0.241566633227019,-1.24284301435084,0.213925688248022,0.372571153527933
BSU_17510,ynaC,749.706676313483,0.202685904174981,0.207855569125483,0.975128571381304,0.329496487738005,0.502168731850528
BSU_17520,ynaD,47.0419922054944,-0.803380579185131,0.533354879595285,-1.50627773349471,0.131995891691249,0.264608589190218
BSU_17530,ynaE,352.767318128847,0.0733406748710395,0.219761481153594,0.333728524607917,0.738584422898996,0.835160974601635
BSU_17540,ynaF,92.7061622678837,1.01865519451765,0.479855094173829,2.12283917975588,0.0337673304422607,0.0939554947954385
BSU_17550,ynaG,71.7109059104392,-0.0125642672989124,0.454350432143652,-0.027653252665863,0.977938708398132,0.985832800536199
BSU_17559,ynzI,80.5130486737869,0.649074103496974,0.552647869470198,1.17448042298474,0.240202648903098,0.402168946073562
BSU_17560,ynaI,98.7290696157401,-0.364072213355665,0.342741965039637,-1.06223413089658,0.28812940885574,0.456491593284131
BSU_17570,xynP,246.552341783734,-0.0925225249623576,0.24027811763829,-0.385064299120401,0.700189777580163,0.80656695485767
BSU_17580,xynB,508.448107608322,0.12419603765507,0.195987481043461,0.63369372877204,0.526280718425999,0.676532827864605
BSU_17590,xylR,500.313394085295,0.0126448791637418,0.17804403823111,0.0710210759617134,0.943380981652173,0.969332712013207
BSU_17600,xylA,577.320270002845,-0.268749682166067,0.196416547809009,-1.36826395313389,0.171229469666085,0.319017256780252
BSU_17610,xylB,282.238762064366,-0.268273873498021,0.211542315072289,-1.26818066355351,0.204733440671581,0.3598088531008
BSU_17620,yncB,40.9376660219914,1.00095169593668,0.456632764111368,2.19202776192502,0.0283775020986354,0.0814127526424363
BSU_17630,yncC,2338.33059340769,0.705753134466427,0.172464153895895,4.0921728865028,4.27349840764228e-05,0.0003133898832271
BSU_17640,alrB,200.351737237399,-2.85303438230928,0.376920420880704,-7.56932823019495,3.75159154837979e-14,8.42817868487862e-13
BSU_17650,yncE,27.2472378260691,1.5939469281623,0.833360232028477,1.91267457565438,0.0557897259513715,0.139141742487812
BSU_17660,dutA,43.3763403541857,0.386902008191623,0.489505301762298,0.790393907479068,0.429297759177652,0.594519988737218
BSU_17670,cotU,16.7248650626743,0.283528529860079,0.729098506176421,0.388875477673072,0.697368263191049,0.80462653410576
BSU_17679,BSU_17679,25.8933604703451,-1.24704837157989,0.771524869956476,-1.61634241505428,0.10602030117055,0.22541922822742
BSU_17680,thyA,212.531412844393,-0.0268094235163589,0.260285507689391,-0.103000062332904,0.91796292148307,0.951698335985215
BSU_17689,BSU_17689,82.0999539570056,0.203039764039463,0.332281509466799,0.611047434945371,0.541168177647883,0.686992348681824
BSU_17690,yncM,9069.4242828191,0.442398581640062,0.1352952761073,3.26987456154199,0.0010759518521479,0.005478926892616
BSU_17699,ynzK,3.61381381022293,1.15759413613513,2.23906765046063,0.516998285378728,0.60515735575002,0.742200500437488
BSU_17700,cotC,18.7663348892477,0.530949727878251,0.664953349415222,0.798476657565801,0.424593933714085,0.591093272516513
BSU_17710,tatAC,3745.85914417094,0.0039395506318757,0.180932295064571,0.0217736177528161,0.982628539180271,0.988916989182136
BSU_17715,BSU_17715,2.79454785888101,-2.90610254431705,2.27725194426697,-1.27614450023118,0.201904443358439,
BSU_17720,yndA,126.801191817538,-1.21727605000853,0.338864728005956,-3.59221821985299,0.0003278751050073,0.0019362415797791
BSU_17730,flvS,1001.70262214888,0.4299503960165,0.149510677008121,2.87571700309502,0.0040311094865932,0.0169298623937438
BSU_17740,ynzB,160.170178084421,-1.00480438019793,0.307341768540822,-3.26933883724454,0.0010779912700748,0.0054816178835183
BSU_17750,yndD,44.8526318745837,-2.56539023085956,0.523321395731608,-4.9021313704805,9.48024004481178e-07,9.6762257765074e-06
BSU_17760,yndE,8.54771097486964,-1.85112782864394,1.15861174420464,-1.59771194958385,0.110107098117647,0.231672318437823
BSU_17770,yndF,27.8884308841084,-0.722380148982449,0.641119333707081,-1.12674834621739,0.259848895310865,0.424309116220804
BSU_17780,yndG,73.6458411323026,0.868263825754397,0.395297401130043,2.19648250474776,0.0280574260508129,0.080712622636688
BSU_17790,yndH,39.2796207269794,0.381658463277879,0.460049810496262,0.829602479058035,0.406763574685811,0.574556932174302
BSU_17800,yndJ,75.0206205527649,0.210318446782611,0.39801074002163,0.528424048987174,0.597205049482821,0.734781987859768
BSU_17810,yndK,15.8750760238044,0.147586496351825,0.900777792279008,0.163843400244609,0.86985442486073,0.923812378178754
BSU_misc_RNA_72,surA,157.142107244897,0.747082170402484,0.409713004156609,1.82342801625334,0.0682385902717889,0.162593184227843
BSU_17820,pghL,39.293900518399,-0.532170327506184,0.680809166081042,-0.7816732706017,0.434406614166725,0.598277808547491
BSU_17830,yndM,15.1926152370314,-1.24063606591557,1.04551846931688,-1.18662281186308,0.235376433746802,0.396748049896357
BSU_17840,fosB,134.700837543939,-0.509227131792502,0.299598100023171,-1.69970080502219,0.089187217854298,0.198370312734075
BSU_17845,yzzP,123.021884444649,-0.590836723138171,0.319074951986689,-1.85171765899951,0.0640663768775019,0.155354560949099
BSU_misc_RNA_73,ncrF,16.1028628581879,-2.17417881227278,0.87208559847139,-2.49307959686954,0.012664045319042,0.0430516704761026
BSU_17850,lexA,1716.12128775682,0.507244137891,0.165114144297239,3.07208168052434,0.002125715489416,0.009726064620755
BSU_17860,dinK,24.7801271324827,0.0200956571837909,0.705730872544043,0.0284749583241971,0.977283340291076,0.985832800536199
BSU_17870,dinL,136.191781507934,0.273658594499934,0.268346663631827,1.01979503227734,0.307825679699429,0.478764775092957
BSU_17880,ynzC,360.157476727803,0.233430108437679,0.213165035595393,1.09506752730664,0.273487053737315,0.440358752434069
BSU_17890,tktA,1368.5057626308,0.367692131918361,0.141145970126098,2.60504874202125,0.0091861190738508,0.0330824949852169
BSU_17900,pcfA,2685.64340560278,-0.538626998891453,0.224864007819739,-2.39534554290805,0.0166047085692813,0.0536557021196107
BSU_17910,yneF,1848.08949319268,-0.506547445303394,0.175148914700336,-2.89209582697131,0.0038268120655145,0.0162162116069609
BSU_17920,spo0D,93.4112628497274,0.0440099114669909,0.341552690582593,0.128852480687306,0.89747437803336,0.939931085702324
BSU_17930,ccdA,490.371166224301,-1.55545196245582,0.203401081909103,-7.64721577612318,2.0537753910042402e-14,4.76520781978361e-13
BSU_17940,yneI,230.088568161084,-0.325098917475962,0.250010390596298,-1.30034162460437,0.193483907714702,0.346492059112874
BSU_17950,yneJ,937.674841662771,-0.156793548209366,0.185017005288103,-0.847454794575296,0.396741673784742,0.565859975441725
BSU_17960,yneK,482.863579613335,0.378650631996934,0.214575535078706,1.76464959930332,0.077622674055599,0.178936342040014
BSU_17970,cotM,21.544186914061,-0.951166396551861,0.800580445046373,-1.18809596516783,0.234795603805937,0.396083485800559
BSU_17980,sspP,4.93957687564451,-1.38334884665741,1.35178135365596,-1.0233525140113,0.306141202750048,0.477670435681567
BSU_17990,sspO,0.832064001232262,-0.830307342378169,3.44249384667319,-0.24119355890224,0.809405102814198,
BSU_18000,citB,11115.5376893904,0.761862238855286,0.143115848795688,5.3233953141201,1.01848076601828e-07,1.24266360129701e-06
BSU_18010,yneN,449.334560890864,0.232674315920048,0.276449799706406,0.841651237103994,0.39998320051975,0.569144996450019
BSU_18019,ynzL,15.1857401777525,-4.12867363723057,1.14147488579869,-3.61696405991599,0.0002980786730526,0.0017851086682388
BSU_18020,sspN,179.987178090453,-3.76221208143396,0.465450069511691,-8.08295524669474,6.32158270398488e-16,1.6467141203141e-14
BSU_18030,sspT,210.814471454235,-3.16026617404357,0.320882663240142,-9.84866599563994,6.945974379583071e-23,2.86335992385531e-21
BSU_18040,yneP,82.3009520160065,-0.203020498899343,0.355241208480201,-0.571500417330266,0.56766047752589,0.709951807827666
BSU_18050,yneQ,75.4699573690251,1.04922664730242,0.470030074198101,2.23225428520177,0.0255981614131603,0.0753221021207752
BSU_18060,yneR,785.826292970262,-0.0792994705540524,0.191085980498504,-0.414993660692305,0.678146543832071,0.791699264534224
BSU_18070,plsY,997.067412481053,0.0330279620680734,0.176695347395338,0.18692038333175,0.851723057272668,0.911854791018595
BSU_18080,yneT,1505.35690659125,0.0941520322077117,0.152644597261136,0.616805533225925,0.537363001883716,0.684972472530248
BSU_18090,parE,711.85894148807,0.0827396137461239,0.164227566285435,0.503810752467213,0.614394371006212,0.748771096237766
BSU_18100,parC,1503.55622839818,-0.0578522342568946,0.148243196380168,-0.390252204954709,0.696350061793843,0.804227269380619
BSU_18120,alsT,611.960799335575,0.487486806517413,0.193328917247687,2.52154107857989,0.0116842032185958,0.0403014840504938
BSU_18130,eglS,140.98765177289,0.135844595539415,0.308490133454868,0.440353129022486,0.659681366521037,0.778645740921167
BSU_18140,ynfE,16.4498989407929,-3.95291066822175,1.1573044699738,-3.41561859543431,0.0006363731168249,0.0034641541718444
BSU_18150,xynC,742.616027889502,0.297840579371882,0.170084827534858,1.75112961978246,0.0799235851733081,0.183336327739528
BSU_18160,xynD,596.242410495292,0.349520792430507,0.210190209760349,1.66287855570922,0.0963367477542106,0.210198268738118
BSU_18170,yngA,3.58781728179814,0.132118818613845,1.72205367502823,0.0767216611942589,0.938844972186937,0.966821235592746
BSU_18180,yngB,291.687869641254,0.0887736778359261,0.317919172434089,0.279233483014714,0.780065649420942,0.866830344789668
BSU_18190,yngC,1062.56303534081,-0.368793802269345,0.162494941280275,-2.26957097472493,0.0232336263671392,0.0700034442331197
BSU_18200,nrnB,46.5300467806396,-0.785451406094926,0.505483273640318,-1.55386230772459,0.120217264237172,0.247547286106224
BSU_18210,ldeE,1227.34586089256,-2.31488906419647,0.176338631888012,-13.1275208354037,2.29032535581258e-39,2.11406988277831e-37
BSU_18220,ldeF,603.045344887422,-2.62167211596266,0.176394104973701,-14.8625835106764,5.76580757825194e-50,9.06726628787324e-48
BSU_18230,ldeG,610.751615006966,-2.31361856533804,0.201161264104362,-11.5013125197789,1.2992452782845598e-30,8.75650071681942e-29
BSU_18239,lgeHB,69.4429875448492,-2.42120244869245,0.573723898348894,-4.22015268260634,2.44136914967415e-05,0.000187112877428
BSU_18240,ldeHA,1006.03026781468,-2.6533759409491,0.180387305990295,-14.7093273907635,5.6162862779716795e-49,8.223017771126821e-47
BSU_18250,ldeI,1285.01049430343,-2.75390468721774,0.153510069702418,-17.939570300217,5.79011230526771e-72,2.73164631646296e-69
BSU_18260,ldeJ,558.043173107972,-2.62885782442912,0.241461925028824,-10.8872561341309,1.32574501987807e-27,7.50548447253638e-26
BSU_18270,ynzE,4.46420447172843,-1.5408711171908,1.68324060351793,-0.915419408235766,0.359971493364615,0.532742753860633
BSU_18275,BSU_18275,1.30777998172818,0.375005811340663,2.91367719702478,0.128705338986622,0.897590810650889,
BSU_18280,yngK,33.8647382376714,-0.268246547924578,0.576225768152856,-0.465523346490503,0.641556721943846,0.767337983485513
BSU_18290,yngL,0.603518125746467,-2.40164303848108,3.46857553306061,-0.692400386149849,0.488685923396689,
BSU_18300,ppsE,174.256539469118,1.3093316290539,0.342406664639588,3.82390813108759,0.0001313528747507,0.0008660315313536
BSU_18310,ppsD,606.17153760022,1.19613157084187,0.183980263877086,6.50141241041474,7.956936102370449e-11,1.38463732338791e-09
BSU_18320,ppsC,447.365238811074,1.56342957281388,0.19923323710547,7.84723269835863,4.2531765230227005e-15,1.04387211079505e-13
BSU_18330,ppsB,1417.07229750171,2.08452153807662,0.183456260416801,11.3624987958476,6.427930524996989e-30,4.1353019710814e-28
BSU_18340,ppsA,3358.70705846188,1.985396909237,0.139191764095597,14.2637527596347,3.68114506881771e-46,4.46575484634286e-44
BSU_18350,dacC,3217.24362441128,-1.02259362118137,0.154072558496577,-6.63709119365397,3.19933729331181e-11,5.78058984995828e-10
BSU_18360,galM,1865.63128650627,-0.941504372513811,0.168856904451949,-5.57575288715383,2.46461581547459e-08,3.23986339086845e-07
BSU_18370,yoeA,1049.97180986942,-0.265868470088234,0.206233552167028,-1.28916205580801,0.19734175335572,0.350444619300874
BSU_18380,iseA,16260.8226111344,0.706425534496186,0.124788740646854,5.66097174179627,1.50518213865576e-08,2.03535138876826e-07
BSU_tRNA_85,trnSL-Arg1,20.3249864453591,-0.516875255999962,0.657507227080635,-0.786113421589164,0.431801041919552,0.595848951573097
BSU_18390,yoeC,218.367962771661,-0.0458227820007297,0.241342246718354,-0.189866393570972,0.849413827452332,0.910760381657223
BSU_18400,yoeD,340.967876370262,0.357110572881891,0.320560365768627,1.11401973236968,0.265270721482642,0.430722555799349
BSU_18410,ggt,3521.58606408159,-0.0907242445311656,0.178019179431221,-0.50963185439363,0.61030940283532,0.745698372696288
BSU_18420,ftsR,98.7515421814281,0.51100894861118,0.311257966828537,1.64175379611305,0.10064103791487,0.217245473811152
BSU_18430,yogA,75.7232442919717,0.476787525412053,0.336045802539587,1.41881708329294,0.155952350852563,0.298007957569749
BSU_18440,gltB,7077.09795533519,0.844271774440048,0.163772428710388,5.15515206734243,2.53425184062846e-07,2.83916446314207e-06
BSU_18450,gltA,12054.4812474018,0.899523188566966,0.193092107057127,4.65851868456144,3.18492902851351e-06,2.93982796849312e-05
BSU_18460,gltC,233.436497622762,0.24863429245658,0.264675364192977,0.939393408278445,0.347528796110396,0.518484633972151
BSU_18470,proJ,255.223217126303,-2.26679105527613,0.310648906560329,-7.29695488188015,2.94353444357333e-13,6.28052625498108e-12
BSU_18480,proH,225.021152621717,-2.50781333437463,0.319708968797737,-7.84405061830215,4.36241126506519e-15,1.06452863399234e-13
BSU_18490,rtp,202.990991778569,-0.670633000446096,0.310813804845251,-2.15766799927047,0.0309536536743707,0.0872986859322704
BSU_18500,yoxD,119.820569985285,-0.114782463936437,0.351761618459965,-0.326307527350375,0.74419169364622,0.84038242851645
BSU_18510,yoxC,39.4408356306666,-0.870667704205651,0.540294243328142,-1.61146951861351,0.107077425698005,0.226532510968476
BSU_18520,yoxB,23.038209765059,-2.12691331136859,0.687742168805943,-3.09260273375607,0.0019840954513936,0.0092373566739228
BSU_18530,yoaA,243.452231326994,0.806889650506229,0.247940354405423,3.25436999733748,0.0011364416098986,0.0057471301465242
BSU_18540,yoaB,11.8988573173529,-0.302625118107277,0.846261787344784,-0.357602248657343,0.720640995268433,0.821213544259196
BSU_18550,yoaC,45.7503706033066,-0.182810630654416,0.694582735193696,-0.263194895858499,0.792400364675515,0.872188013726914
BSU_18560,yoaD,36.763142643076,0.0810159386678381,0.467915167526628,0.173142364877983,0.862539525436113,0.918571062202592
BSU_misc_RNA_31,mswF,1.7091626647531,1.15512310515844,2.47198869937927,0.467284945699184,0.640296025665477,
BSU_18570,yoaE,622.684062214802,0.550467937077759,0.18345618881904,3.00054165859042,0.0026949988646886,0.0119197553952793
BSU_18580,yoaF,868.957708865809,-0.60260657976652,0.228725289971415,-2.63463030188674,0.0084228967815435,0.0308120802250248
BSU_18590,yoaG,137.29235129571,-0.29978342523862,0.337580520560982,-0.888035318923166,0.374521753194841,0.545155764163626
BSU_18595,BSU_18595,0.88187643505713,2.00797262861134,3.44537185888901,0.582802876104881,0.560026008597656,
BSU_18596,BSU_18596,56.3655713509562,-0.538881606147994,0.415502401134373,-1.29693981232547,0.19465189667592,0.347557591793927
BSU_18600,yozQ,281.694413254152,-0.921792649526956,0.2959219990061,-3.11498520766601,0.0018395413469371,0.0086401466361672
BSU_18610,yoaH,373.633140090443,1.14005203383503,0.222323889455279,5.12788813036827,2.93010458866539e-07,3.23148677492812e-06
BSU_18620,yoaI,159.067642832197,-0.490141843375529,0.280646871803238,-1.74647178579339,0.0807290055666215,0.184585545307418
BSU_18630,exlX,69.919960759226,0.293237670033118,0.490607156206082,0.597703613418028,0.550037713986035,0.695077420709734
BSU_18640,yoaK,75.4575113158591,0.206799729993617,0.353045812745892,0.585758908695692,0.558037540871512,0.701636777773302
BSU_18650,pelB,25.3459772451796,0.647932506875075,0.762681705721398,0.849545101206034,0.395578045117435,0.564769461858987
BSU_18660,yoaM,22.7434371044174,-1.63628695169573,0.648445755998262,-2.52339835145766,0.0116226656916723,0.0401218199405207
BSU_18669,yozS,37.0870294090985,0.564544748641859,0.463469854438687,1.21808299555013,0.223192435062696,0.38289902192978
BSU_18670,oxdD,27.621492488043,-0.927137069715729,0.628201865786326,-1.47585851015457,0.139981879574113,0.275939807820508
BSU_18680,yoaO,98.812993532118,-0.351659917406827,0.376905651900004,-0.933018424197376,0.350810455721243,0.522279521385834
BSU_18689,BSU_18689,5.27457002660872,2.07652523936626,1.35959151347642,1.52731553469076,0.126682568401704,0.256710197577753
BSU_18690,yoaP,102.17135804572,-0.259211149642917,0.315726766286256,-0.820998335655524,0.411647216235399,0.579335127655122
BSU_18700,yoaQ,41.7538871820649,-1.40091730721838,0.471532308116035,-2.97098901412635,0.0029684239913543,0.0129403780978344
BSU_18709,yozT,20.3902010569549,-2.22428385167298,0.758728205466078,-2.93159505030742,0.003372261527434,0.0144778791157582
BSU_18710,yozF,38.2018806337169,-2.50793617236574,0.634332685132414,-3.95366064392886,7.69645485372901e-05,0.000533972995244
BSU_18720,yoaR,39.8687894545738,-2.14563674921597,0.891529356818387,-2.4066922001011,0.01609773095138,0.0524954549352408
BSU_18730,yoaS,34.1567142243348,0.229152905017392,0.685149334259305,0.33445687466824,0.738034828007202,0.834761821981508
BSU_18740,yozG,43.4818034828465,-0.310178403759276,0.563520498573761,-0.55042967300093,0.582024700974995,0.721540694989731
BSU_18750,yoaT,138.439311173211,0.170287551619619,0.284688574223826,0.598153796947734,0.549737317080977,0.694904628855561
BSU_18760,yoaU,43.2912309782818,-1.16612543251144,0.52961000357344,-2.20185688458155,0.0276754193850882,0.079884317273341
BSU_18770,yoaV,29.9424503112825,-0.684768796690153,0.585987488889472,-1.16857238366622,0.242575960200722,0.404388506875644
BSU_18780,yoaW,487.149851877642,-1.25609205801597,0.237643515347323,-5.28561469973271,1.25283342979718e-07,1.48176343813895e-06
BSU_18790,yoaZ,235.621808756088,0.0037284616301414,0.279280701027191,0.0133502301320078,0.989348373899593,0.993795409410378
BSU_18800,penP,710.779704285797,0.880884833913397,0.216699590460511,4.06500460864471,4.80315128692236e-05,0.0003492154171964
BSU_18810,yobA,86.537503036349,-1.18146555825401,0.386089195498873,-3.0600844883199,0.0022127456042443,0.0100808131283491
BSU_18820,yobB,431.793324986893,-0.46324564390577,0.338806718517279,-1.36728588480498,0.171535714257538,0.319447650323467
BSU_18830,yppS,2303.73399407898,-0.86363984556976,0.267962140577503,-3.22299203801131,0.0012685907986272,0.0063146969882432
BSU_18840,xynA,201.421093942672,0.867837214454807,0.330767617458415,2.62370670116737,0.0086978649857167,0.0316733574008174
BSU_18849,yozV,14.0092912961383,1.13578009733504,0.886750656392655,1.28083366969859,0.200252094973799,0.354427009278345
BSU_18850,yobD,93.285224240287,-0.0943267323887002,0.329398601013489,-0.286360452347026,0.774602061385772,0.862936144234275
BSU_18860,yozH,81.1508382897551,0.775007778646953,0.35324202409456,2.19398521632152,0.0282364723776033,0.0810629220522676
BSU_18870,yozI,118.776227878753,-0.0607751904758304,0.301364494877935,-0.201666724211977,0.840177278310039,0.905199879143473
BSU_18880,yobE,466.788211400653,0.0104124769286916,0.193471178471377,0.0538192665747991,0.95707915925786,0.974288686216465
BSU_18890,yobF,1558.47323001626,0.398103539822778,0.156889718446649,2.53747373482702,0.0111655746192027,0.0388598605189629
BSU_18898,yozW,7.14142221979466,-0.122787540649211,0.983732544652899,-0.124818012087356,0.900667627326525,0.941929740302568
BSU_18899,yozX,1.29165735599137,-2.22904770335879,3.01947375165865,-0.738223904789481,0.460378398794293,
BSU_18900,yozJ,12.801945737869,0.374431636460789,0.850394488215875,0.440303461098796,0.659717334298592,0.778645740921167
BSU_18908,yozY,1095.51125318763,-0.193479091251854,0.191007571050452,-1.0129393834381,0.31108911535294,0.482493624997316
BSU_18910,rapK,1323.88140415003,-0.381715907538865,0.266903471428874,-1.43016464152879,0.152669771018712,0.293689303148037
BSU_18920,phrK,675.789568586981,-0.651224062354688,0.249640213379898,-2.60865047957505,0.0090900035352202,0.0328198597028446
BSU_18950,yozL,0.228489546648374,1.08360334964304,3.50715424137056,0.308969402275157,0.757344802256431,
BSU_18960,yozM,107.6827191246,-1.1863800861919,0.367755311316922,-3.22600394796069,0.0012553162543491,0.006270673901137
BSU_18970,yobI,860.560856500267,0.290023335932281,0.162292880085032,1.78703671892646,0.0739315540647539,0.172764655233321
BSU_misc_RNA_74,asrE,453.489803208444,-0.430410572738659,0.271110251253335,-1.58758501660813,0.112380208539938,0.235289134842493
BSU_18978,bsrE,228.577214849999,0.539498830418328,0.279216043360535,1.93219137383773,0.0533358894977534,0.13471992076589
BSU_18980,yobJ,937.975508210319,-0.837213419393531,0.230774326893339,-3.62784470293562,0.0002857970717948,0.0017237135892625
BSU_18990,rttM,165.731389832458,-0.0325273901123613,0.265410394851766,-0.122555072232676,0.902459433318882,0.942642743879944
BSU_19000,rttL,473.261214133469,0.270803796979032,0.235720020517591,1.14883664265939,0.250623346770261,0.412459973018035
BSU_19010,yobM,470.710369924383,0.663052753105384,0.235667687257035,2.81350727722895,0.0049004276956021,0.0198921759039451
BSU_19020,yobN,199.899730656347,-2.92728652527483,0.259179942452777,-11.2944176836068,1.39827752143203e-29,8.86132291940357e-28
BSU_19030,yobO,16407.1490456507,-0.846258649540302,0.123618610934165,-6.84572204092304,7.60910964390434e-12,1.45532790756837e-10
BSU_misc_RNA_75,bsrF,225.19037221883,-1.16034279333093,0.280236442278903,-4.14058494282519,3.46421294963946e-05,0.0002562551948461
BSU_19040,csaA,84.0304454242728,-0.246570665451909,0.333376652858935,-0.739615876928978,0.459533105100056,0.61942144896979
BSU_19050,yobQ,93.4885612782711,-0.303152642924991,0.323409809725505,-0.937363783684523,0.34857146355384,0.519675012025844
BSU_19060,yobR,158.713430084244,0.220806718436189,0.26310424859643,0.839236612917185,0.401336545429945,0.569751919176025
BSU_19070,yobS,13.1915107152896,1.38363483177955,1.02071555086102,1.3555537883325,0.175241183605691,0.324923172746621
BSU_19080,yobT,22.9011899174946,-0.0790570611698877,0.862013574675365,-0.0917120837681247,0.926926796398279,0.957598826644061
BSU_19090,yobU,10.248759967277,-3.63998517737556,1.24891244747964,-2.91452390015105,0.0035623153096525,0.0152015987987786
BSU_19100,yobV,25.6773408212268,-0.403649714273587,0.582314313562734,-0.693181851917677,0.488195435691628,0.644150969529725
BSU_19110,yobW,36.6923374725096,-1.70109727672365,0.520002646459708,-3.27132426787651,0.0010704509312306,0.0054694761179367
BSU_19120,czrA,94.7278080425108,0.0879326594094674,0.363595446310096,0.241842026081023,0.808902573185734,0.883157707828909
BSU_19130,yocA,1072.95458863659,0.018404029698281,0.149051882514348,0.123473983607751,0.901731774700727,0.942346324238072
BSU_19140,yozB,955.718084197136,0.136866276099958,0.165467661105061,0.82714818826778,0.408153074112493,0.57575347265171
BSU_19150,yocB,308.917483357385,-1.62661498369481,0.286347456296254,-5.68056376241009,1.34251490902429e-08,1.82702509734524e-07
BSU_19160,yocC,11.5049275097441,0.637174744099849,0.853414098088844,0.746618488640806,0.455293884888563,0.616678399478425
BSU_19170,yocD,1323.54218618895,0.347910391708398,0.152966673300346,2.27441954644124,0.0229407733189687,0.0692299385304485
BSU_19180,desE,123.593613424414,0.164989647310755,0.302047754891561,0.54623695968205,0.584903063361748,0.724052013712531
BSU_19190,desK,188.046813262526,0.139545701979983,0.280106796265319,0.498187490773356,0.618351898534427,0.751867743750623
BSU_19200,desR,134.533743458023,0.644783008698113,0.440111872108816,1.46504343454451,0.142909067854616,0.280273395894088
BSU_19210,walL,295.047967923057,0.218160312197146,0.239932103582542,0.909258531641615,0.363213674378799,0.534944936338356
BSU_19220,recQ,341.295320033133,0.246704148056781,0.214290018435207,1.15126289996272,0.24962409513623,0.411453380414764
BSU_misc_RNA_32,ssrSA,376.965648259747,-0.190983091740316,0.271322127013171,-0.703897960121201,0.481496321910324,0.639042614847561
BSU_19230,azoJ,121.006985358793,-0.98561228081275,0.406236902609268,-2.42620075744508,0.0152578273901224,0.0502987073745806
BSU_19240,yocK,209.645414911449,-1.77509735423895,0.298123681844636,-5.9542312883551,2.6129705882453103e-09,3.90657504144e-08
BSU_19250,yocL,95.8746743789838,-2.14990752060741,0.381349409020691,-5.6376317092726,1.72404733688964e-08,2.30924447710833e-07
BSU_19259,yoyB,44.5582686456914,-1.68194783822748,0.530644126836697,-3.16963432395642,0.0015263089171291,0.0073980681074549
BSU_19260,yocM,220.743838901662,-1.90329051290347,0.327589119149264,-5.80999307256064,6.247542757982661e-09,8.9017001846961e-08
BSU_19270,yozN,532.579754490167,-2.68116008237652,0.248653887175962,-10.7826992484504,4.1551075267929896e-27,2.29124500763156e-25
BSU_19280,yocN,855.602232785783,-2.54929624771902,0.350286686764851,-7.27774232947189,3.3945289172023e-13,7.20658489122048e-12
BSU_19290,yozO,848.821718937193,-0.711806451844101,0.190913789051704,-3.72841823201847,0.000192685407653,0.00121747357276
BSU_19300,yozC,233.373221245747,0.0358745056370039,0.229577637111391,0.156263066770731,0.875825667113426,0.926810985000351
BSU_19310,dhaS,54095.9515843491,-0.467379109753862,0.14967905557928,-3.12254181418394,0.0017929663436597,0.0084588167724216
BSU_19320,sqhC,348.942740950972,-1.65384484896967,0.263148352800459,-6.28483831028861,3.2819508999251103e-10,5.380372015861781e-09
BSU_19330,sodF,226.818710983953,-1.39147393001167,0.254733100291749,-5.46247789713233,4.69534009907134e-08,6.00494399417377e-07
BSU_19340,yocR,249.32415506288,0.738050750264367,0.223674215643753,3.29966844028131,0.0009679911788254,0.0050062004205757
BSU_19350,yocS,739.100853672007,0.863491715077925,0.179990240177177,4.7974363178133,1.60709278994771e-06,1.5722847894281e-05
BSU_19360,odhB,12284.1614621275,0.769358981452593,0.143090328447492,5.37673642796139,7.58480803326992e-08,9.47208673801885e-07
BSU_19370,odhA,14668.4306524447,0.803690245475821,0.140000746152554,5.74061401501437,9.43338831239125e-09,1.32629691306004e-07
BSU_19380,yojO,399.520887420758,-0.854308240521682,0.180395632061239,-4.73574792671072,2.18248718053863e-06,2.091837600128e-05
BSU_19390,yojN,238.967345160374,-1.03426105942519,0.231033815459854,-4.47666527675428,7.58179778559778e-06,6.55647930705665e-05
BSU_19400,sodC,374.335100461454,-1.71803833927499,0.256310447654869,-6.70295867762825,2.0424123606271597e-11,3.7704708187925703e-10
BSU_19410,cwlS,1740.41693245033,-0.108187359913449,0.218897233966364,-0.494238131533784,0.621138012910638,0.753529143662448
BSU_19420,yojK,72.5988126972939,-0.688696544217261,0.366884335357937,-1.87714894817016,0.0604976822754539,0.148904923605625
BSU_19430,cdaS,48.9380477947518,-3.87986823575147,0.741231009717567,-5.23435768995933,1.65559570213789e-07,1.92593406884314e-06
BSU_19440,mdtK,79.4697285406642,0.407349100756471,0.375909012275489,1.08363749592133,0.278525558882839,0.446103177297824
BSU_19450,rsbRC,74.2020093078961,0.070251635728636,0.361689527721375,0.194231876635239,0.845994324180922,0.909390354549922
BSU_19460,bshBB,487.168644710341,0.317813563819745,0.179512695222542,1.7704238879916,0.0766565532487131,0.177502986496025
BSU_19470,yojF,115.401557675361,0.429394610145582,0.370327453730263,1.15949980434975,0.246252516233408,0.407954812300839
BSU_19479,yoyC,84.9902091873614,0.471898989539184,0.331700205576278,1.42266716030318,0.15483266479659,0.296803383623621
BSU_19480,yojE,88.6342359821108,0.774532674051104,0.397624736567956,1.94789861600759,0.0514270954431493,0.131146815166133
BSU_19490,gerT,9.47873276177527,0.57051765327706,1.23519797232875,0.461883573368767,0.644164814454172,0.768931302651232
BSU_19510,yojB,31.6356682100085,0.176714361967041,0.688782315801329,0.256560538668087,0.797518041059413,0.875681821137385
BSU_19520,yojA,151.366140612869,0.306204402518472,0.275747308793578,1.11045291378598,0.266803907599217,0.432550359551842
BSU_19530,yodA,21.1883546096906,-0.980487891294647,0.957417937688088,-1.02409601146837,0.305789928129917,0.477347071632216
BSU_19540,arxR,323.589458667873,0.333308652641922,0.198968615735155,1.67518204522057,0.0938985192316255,0.206256136915407
BSU_19550,noxC,1991.75317536924,0.160216420357554,0.145817178486683,1.09874859752677,0.27187773870295,0.438507997501339
BSU_19560,yodD,608.040573689036,0.215827416414626,0.352188705002871,0.612817541700739,0.539996990677568,0.686553040447429
BSU_19570,yodE,426.026142985662,0.0581266565235751,0.307800029048425,0.188845519941229,0.850213893917558,0.911388082194888
BSU_19579,yoyD,20.7085071958546,0.614805196933992,0.613439887578453,1.00222566119873,0.316234616774724,0.487911403642979
BSU_19580,yodF,598.379388948139,0.623924398585912,0.209822683367075,2.97357935078156,0.0029434828840995,0.0128712959071954
BSU_19590,ctpA,2495.91255321371,-0.0374415165733828,0.148291833615202,-0.252485357154182,0.800665930859771,0.87845672931023
BSU_19600,yodH,21.0871524329661,-0.122085503860997,0.816019410813008,-0.149611029153538,0.88107150612307,0.930604381840436
BSU_19610,yodI,17.8331271235291,-1.45670444616343,0.939781169513508,-1.55004642933793,0.121130372528204,0.248944608787394
BSU_19620,ldcB,249.59132217688,0.106963789237729,0.253789139118666,0.421467166046515,0.673413982257773,0.787883583193871
BSU_19630,deoD,195.153739447171,-0.231350543903415,0.321990126924312,-0.718501980521275,0.472447827164552,0.631417524123603
BSU_19639,yoyE,1.18745935534587,-3.13784492829262,3.444292120378,-0.911027525722252,0.362280870655949,
BSU_19640,yodL,11708.5181875037,-1.0708540584475,0.166868506702954,-6.41735267850001,1.38664436601856e-10,2.37406934601403e-09
BSU_19650,pgpB,52.562632416683,-0.0253341324522704,0.404689014190841,-0.0626014830249962,0.95008384845269,0.970712234566284
BSU_19660,yozD,150.227946411983,-2.19682461519464,0.28752719004325,-7.64040651203872,2.16536975420664e-14,4.94309676148461e-13
BSU_19669,yoyF,42.6686312073642,-2.523468675512,0.578009149385334,-4.36579365256675,1.26662010880038e-05,0.0001040245451057
BSU_19670,yodN,10.8224590674497,-1.51293176814065,0.878665228600707,-1.72185232656813,0.0850962728446358,0.191681047479217
BSU_19680,yozE,889.547741982014,-1.12428941329748,0.283157364933839,-3.97054624929206,7.17080339570296e-05,0.0005024295580553
BSU_19689,yokU,148.617813954641,-2.90851801376264,0.351369899646951,-8.27765274340533,1.2562693966916699e-16,3.4193076015082302e-15
BSU_19690,kamA,1116.14355493091,-3.63736681830278,0.188639428136874,-19.2821132582292,7.59109502502469e-83,5.37196491270914e-80
BSU_19700,kamB,754.066204230745,-3.36829869425091,0.20931915044054,-16.0916891128302,2.91767359936854e-58,7.2873188840699e-56
BSU_19710,yodQ,1024.67037357096,-3.4526317375084,0.21397707210943,-16.1355219205107,1.43588636991159e-58,3.8104834541528795e-56
BSU_19720,yodR,489.953924557893,-3.42791891695224,0.204295561056138,-16.7792138959411,3.46391102074627e-63,1.13136663031451e-60
BSU_19730,yodS,805.337156700958,-3.46507333559876,0.215745905787214,-16.0608996168683,4.79545337793719e-58,1.07165763382744e-55
BSU_19740,yodT,2152.44875109314,-3.67469011603668,0.152670712031311,-24.0693848030463,5.23202676144792e-128,2.22151856291079e-124
BSU_19745,BSU_19745,0.0,,,,,
BSU_19749,yoyG,50.2826053686723,-0.0942190987019483,0.492348536019061,-0.191366667734543,0.848238332737107,0.910358231884765
BSU_19750,cgeE,296.539378796505,-0.245861065155556,0.238843687891196,-1.02938062682886,0.303300849137201,0.474508255503521
BSU_19760,cgeD,265.337712271009,-1.02039034290837,0.289983828003887,-3.51878361608044,0.0004335301493864,0.0024609211421055
BSU_19770,cgeC,1.72422144156583,-3.14324349035599,3.11683526696265,-1.00847276841136,0.313227554380153,
BSU_19780,cgeA,2.51025976663745,2.71017125972524,2.42523794601532,1.11748674565235,0.263786263630745,
BSU_19790,cgeB,22.736568712009,-0.851315757813771,0.629816119030831,-1.35168937740715,0.176474704663293,0.326355224738825
BSU_19800,phyC,65.4934205615484,-1.57649385192522,0.513118495554871,-3.07237775598099,0.0021236079411761,0.009726064620755
BSU_19820,sprB,14.8444661599599,-4.77666812527457,1.34410436721286,-3.55379257875597,0.000379718567369,0.0021846680718822
BSU_19830,yotM,4.28614857693073,1.0141313164021,1.75757228265541,0.57700688979341,0.563934801260541,0.706749458722626
BSU_19840,yotL,119.440074655765,0.579035086333965,0.344113057241199,1.68268850643497,0.0924354078781265,0.20378023979778
BSU_19850,yotK,6.24426816555576,-1.20162644665471,1.32191905283417,-0.909001533852202,0.363349316156339,0.534944936338356
BSU_19860,yotJ,1.49260910802232,-2.40433875828265,2.79349794865249,-0.860691077092948,0.389408208800875,
BSU_19870,yotI,2.61552579782231,1.03583595478572,1.79690232120442,0.576456462080491,0.564306689940391,
BSU_19880,yotH,0.856756690335943,-1.06179741196343,3.43460678388439,-0.309146717157121,0.757209923354894,
BSU_19890,yotG,4.70461560016318,1.12683018061509,1.74169404829734,0.646973664356645,0.517648988118541,0.669490588958674
BSU_19900,yotF,0.159636375058793,0.635907297416652,3.52922032873609,0.18018350745599,0.857008505670582,
BSU_19910,yotE,7.93066746613394,-1.29665659688895,1.21689917431152,-1.06554152082694,0.286630946640958,0.455136499415672
BSU_19915,BSU_19915,9.14945260774448,0.124432323975215,1.02931175462991,0.120888859391249,0.903779066370106,0.943093122587237
BSU_19920,yotD,0.973719685132088,0.69505168868879,3.45714147431615,0.201048089542322,0.840660971660955,
BSU_19930,yotC,7.59681147575687,-2.03901155282307,1.55872377208077,-1.30812886115233,0.19082960580032,0.343768564373423
BSU_19940,yotB,17.0219743726396,-1.16527842433892,0.730003733934027,-1.59626364930927,0.110429942264878,0.232006697108694
BSU_19950,sspC,298.334107496481,-3.47328662691194,0.349941978816011,-9.9253214451819,3.2306010299672803e-23,1.3997073442082701e-21
BSU_19970,yosX,22.2691167800717,-0.529558062063539,0.755396324962174,-0.70103341062727,0.483282164865766,0.640654408997828
BSU_19980,yosW,4.76229043794922,-0.648588565754774,1.63725204490685,-0.396144605696109,0.691998353661423,0.801505477242683
BSU_19990,yosV,12.4221699284696,-0.333655553525945,1.10270374995655,-0.3025795038233,0.762210336258248,0.854142277052658
BSU_19999,yojW,4.0395457124583,0.850639831400042,1.73028452703343,0.491618469742929,0.622989084109786,0.754696619437989
BSU_20000,yosU,8.14223851507784,0.70302444276024,1.15051634773772,0.61105124159479,0.541165657626504,0.686992348681824
BSU_20010,yosT,65.0853144285669,0.189468652609379,0.369947686030322,0.512149851895139,0.608546137025104,0.745151524533961
BSU_20020,dutB,14.1131144343023,0.709372295782879,0.934766861883832,0.758876169779151,0.447926635379339,0.609575497048802
BSU_20040,nrdFB,34.4013635580533,-0.359034468830146,0.567144944671599,-0.6330559272428,0.526697121597455,0.676658389804173
BSU_misc_RNA_76,srdFi,0.0,,,,,
BSU_20050,yosQ,0.0,,,,,
BSU_20060,nrdEB,43.7313825200194,-0.493843857907061,0.80613454178458,-0.612607241483307,0.540136068899897,0.686553040447429
BSU_misc_RNA_33,srdEi,0.0,,,,,
BSU_20070,nrdIB,4.36577527260298,0.0849154928743224,2.20098276873052,0.038580716796479,0.969224676612406,0.981241768454047
BSU_20080,yosL,5.17327437569952,-1.03376557538947,1.51293524822103,-0.683284745070891,0.494426931735005,0.649145563434394
BSU_20090,yosK,4.87535945122716,-1.11148984603669,1.61495910650981,-0.688246433953863,0.491297607551329,0.646235948470552
BSU_20100,yosJ,5.45002508191387,1.96578619837774,1.90625111661921,1.03123150000516,0.302432272208827,0.473847759335306
BSU_20110,yosI,3.6751358213769,0.922976842362366,1.90568802817632,0.484327355115741,0.628153565094735,0.757607410118861
BSU_20120,yosH,32.8386290177625,-1.93710779760142,0.824177332751099,-2.35035315899234,0.0187556063770692,0.0593415087012191
BSU_20130,yosG,16.2205854155443,-0.636099200815759,0.733762251722778,-0.866900960525403,0.385996277198482,0.555384680781008
BSU_20140,yosF,2.4716946451581,0.670632185198518,2.47137673932937,0.271359754474545,0.786114352381013,
BSU_20150,yosE,7.39309930528406,-0.63938248915465,1.17874285677912,-0.542427456062591,0.587524069700067,0.726449388452675
BSU_20160,yosD,13.073847414376,-0.70701494923188,1.02626865351798,-0.6889180009623,0.490874870776955,0.646133582394479
BSU_20170,yosC,19.7588456953891,-0.0969155089954972,0.734989088192,-0.131859792958151,0.895095191438722,0.938889106569538
BSU_20180,yosB,13.5723351083262,-1.64442702969883,1.06600005522419,-1.54261439447392,0.122924363390549,0.251486105557664
BSU_20190,yosA,2.46864539825155,0.0920701916818442,1.79694912825645,0.0512369494684461,0.959136709080324,
BSU_20200,yorZ,21.9382294390834,-0.704431673952401,0.786140796701718,-0.896062991397813,0.370219121388203,0.54093268734147
BSU_20210,yorY,1.67755482033766,-0.105197840907919,2.70345620045577,-0.0389123525989378,0.968960268079003,
BSU_20220,yorX,3.65993237376178,-1.10036707497568,1.95065651556901,-0.564100889209959,0.572685472939418,0.713713683035153
BSU_20230,yorW,8.50694592037294,-0.99012335062566,1.41966108100651,-0.697436426110721,0.485529712084216,0.641888196897333
BSU_20240,yorV,7.23957409338102,-2.3525572046884,1.56382588729479,-1.50436005939127,0.132488682458897,0.265328424707918
BSU_20250,mtbP,22.0439931319383,-0.384110049808536,0.950968431329677,-0.403914617093503,0.686275507166477,0.79746190570029
BSU_20260,yorT,1.6348399503793,0.1310737232679,2.45611548382481,0.0533662704913959,0.957440079149158,
BSU_20270,yorS,7.26416039362489,2.22945787372751,1.39562817960163,1.59745833905696,0.110163577137342,0.231676348947574
BSU_20280,yorR,17.3541560751685,0.509800622759745,0.771403266737986,0.660874337381959,0.508692904837703,0.661476557072317
BSU_20290,yorQ,4.94161444608217,-0.691073561319089,1.38348260921932,-0.499517346090135,0.61741496986271,0.75137402179337
BSU_20300,yorP,5.80487600314505,1.05019948933289,1.48538110953323,0.70702359319953,0.479551816150132,0.637900066219756
BSU_20310,yorO,5.78693527060455,-0.365178354969467,1.54870823436421,-0.23579544995406,0.813591399031807,0.885771559048475
BSU_20320,yorN,5.80216312343087,-0.34838662818178,1.19344883120211,-0.291915848483311,0.770350965665996,0.860474401756527
BSU_20330,yorM,47.7478241307686,-0.711195272865155,0.491290788511192,-1.44760555153163,0.147727397677695,0.28707118102494
BSU_20340,dpoL,65.9814491553418,-1.29327448930599,0.408962597814626,-3.16232950449958,0.0015651235603387,0.0075517211786346
BSU_20350,yorK,10.9713676536015,-1.68601012199431,1.01114372069365,-1.6674287615985,0.0954291787649161,0.208646906815568
BSU_20360,yorJ,8.35375982888985,-0.276750805404589,1.05195638714578,-0.263082014412673,0.792487366217247,0.872188013726914
BSU_20370,yorI,6.98686092248225,-2.54498130567225,1.39217209834234,-1.82806515710418,0.0675397734167722,0.161604141033722
BSU_20380,yorH,2.04515756256844,-0.933838313579408,2.28331178541342,-0.408984142921298,0.682551298121718,
BSU_20390,yorG,30.418160346095,-0.0313440796230553,0.530506145913975,-0.059083348731153,0.952885721258175,0.972584801072647
BSU_20400,yorF,36.5856221920279,-0.0569220016382517,0.523279340340479,-0.108779378909197,0.913377479993277,0.949143607452631
BSU_20410,yorE,7.99870212078344,-3.11228583974116,1.29448407315709,-2.4042673867363,0.0162049156111377,0.0527249591455101
BSU_20420,yorD,2863.58906461102,0.205649977421689,0.190060168453398,1.08202565058819,0.279241130386536,0.446912114444491
BSU_20430,yorC,42.6390244366191,-0.438285048713061,0.600204403195388,-0.730226313535362,0.465251860790116,0.624807448767099
BSU_20440,yorB,569.47666619655,-0.541787393763136,0.21924108231697,-2.47119466861526,0.0134662491551364,0.0454512670212314
BSU_20450,yorA,64.652165145001,-0.491855204558493,0.368765891824508,-1.33378714100967,0.182273626421278,0.333017993883282
BSU_20460,pghZ,19.1677368391109,-1.46970916793416,0.956680621049222,-1.53625895162618,0.124474882687001,0.253244059362245
BSU_20470,yoqY,3.15119162763284,-0.430417185993187,1.75114575308326,-0.245791753904749,0.805843440715796,0.880817703951548
BSU_20480,yoqX,0.94135518380704,2.06614489136589,3.38414415610881,0.610536902701451,0.541506205704864,
BSU_20490,yoqW,439.365033718196,-0.268130244550434,0.245796231117594,-1.09086393770682,0.275332757358502,0.442268144441469
BSU_20500,yoqV,38.766864535765,-0.957175781520355,0.626065953452254,-1.52887371728537,0.126295752989934,0.256457086176595
BSU_20510,yoqU,10.2094153852681,-1.74333408488426,1.25452622424451,-1.38963542666007,0.164639612332411,0.309729638441921
BSU_20520,yoqT,5.33771108075176,1.32271482245626,1.38846758751421,0.952643644223867,0.340770656055907,0.512362022206715
BSU_20530,yoqS,2.30034501168617,0.0675346294229609,2.22202878113047,0.0303932289250558,0.975753444897812,
BSU_20540,yoqR,0.600800439781747,-0.857168277925954,3.4583874603323,-0.247852008416545,0.804248913165984,
BSU_20550,yoqP,1.37870785534132,-0.0721525237620002,2.89877199699156,-0.0248907205661164,0.980142128858167,
BSU_20560,yoqO,136.451285218919,-0.0549942468698901,0.283043355186904,-0.194296194777565,0.845943964990556,0.909390354549922
BSU_20570,yoqN,3.39558812994254,1.91331743295838,1.89712623598224,1.00853459125125,0.313197890157805,0.48466115507347
BSU_20580,yoqM,2475.18328100433,-1.63105888858723,0.19759615784368,-8.25450710371389,1.52530407344272e-16,4.12512171709414e-15
BSU_20590,yoqL,26.4326501198246,-0.739870263151252,0.559753635428966,-1.32177839735557,0.18624195388932,0.338739561239622
BSU_20600,yoqK,7.25210177031647,-0.502461633267936,1.01183939910121,-0.496582396093943,0.619483569669347,0.752156011083814
BSU_20610,yoqJ,12.5805811012403,-0.286180570128861,0.818535193217932,-0.349625248248387,0.726619960041967,0.825368740058371
BSU_20620,yoqI,14.1701849208188,-0.668299122153833,0.972260906958268,-0.687366032482594,0.491852097091954,0.646764944023671
BSU_20630,yoqH,21.7949259449172,-0.820719677084699,0.755119335474909,-1.08687413833541,0.277092437097976,0.444310607219791
BSU_20640,yoqG,11.0220080252931,-0.800221710550805,0.991499301008608,-0.807082475738284,0.419618967695852,0.587613107408763
BSU_20650,yoqF,7.04577419653312,-0.162469099129533,1.54699136019094,-0.105022628639296,0.916357852954594,0.950844438818476
BSU_20660,yoqE,1.11196771215566,0.553199815074868,3.12526161973475,0.17700912191851,0.85950122446768,
BSU_20670,yoqD,13.5858239186177,-2.36833361611827,0.971547470713805,-2.43769212262807,0.0147813572187936,0.0490626382592868
BSU_20680,yoqC,7.09913200437438,-2.90452916411527,1.45156725527182,-2.00096079156275,0.0453966153986267,0.118869076763686
BSU_20690,yoqB,3.94965891842241,-1.33557615108714,1.70841177760698,-0.781764776263675,0.434352825263761,0.598277808547491
BSU_20700,yoqA,17.62689350779,-0.633633832419698,0.657084902411896,-0.964310441609419,0.334890307475919,0.506570803542127
BSU_20710,yopZ,7.64561396571909,-0.847057519507902,1.08017322452508,-0.784186739937319,0.432930544605739,0.596825679349341
BSU_20720,yopY,2.99472338975753,-0.327930987759463,1.8078096255362,-0.18139685900953,0.856056084130163,0.913958796383373
BSU_20730,yopX,13.1689651478186,-0.354570884743244,0.781110375940724,-0.453931858626535,0.649877872404435,0.772654193553761
BSU_20740,yopW,6.12289588366743,-4.7090248031687,1.6976072712677,-2.77391884617235,0.0055385492647712,0.021959259856282
BSU_20750,yopV,38.3095000596462,-0.39945106830589,0.568092794073284,-0.703144050537563,0.481965982450187,0.639308828954544
BSU_20760,yopU,122.047890266099,0.675731858612697,0.375662852588051,1.79877210098732,0.0720547382426422,0.168843498111622
BSU_20770,yopT,229.817798223926,1.04923571053129,0.30658825181149,3.42229587837053,0.0006209470203877,0.0033932317227364
BSU_20780,yopS,130.292085157491,-0.132478357593375,0.424635195562678,-0.311981576133437,0.755054525141358,0.847241414838849
BSU_20790,yopR,4118.83260584509,-0.0383433104304341,0.162187852244169,-0.236412961266108,0.813112239582373,0.88566774809455
BSU_20800,yopQ,5283.81635564357,0.122586909591709,0.153668212132818,0.797737592507126,0.425022783668331,0.591299718039231
BSU_20810,yopP,2400.67160396928,-0.00338407488868,0.165738757156741,-0.0204181263739032,0.983709824109013,0.989364156835684
BSU_20820,yopO,235.818839100609,-0.101543783990021,0.246095201872631,-0.4126199260178,0.679885099944956,0.793510757110028
BSU_20830,yopN,282.35058911093,-0.0196518120562162,0.230153676562841,-0.0853856099528806,0.931954832975222,0.961699111146201
BSU_20840,yopM,253.192720531787,-0.410687304348193,0.25167722320797,-1.6318016351,0.102721280774233,0.220052783647991
BSU_ncRNA_1,aimX,12.0713275322299,0.443884622723183,0.83550075228958,0.531279740331502,0.595224942542039,0.733195563108064
BSU_20850,aimP,5.85478887814356,1.39633351800402,1.44062702610849,0.969254007247024,0.332418470705782,0.504990635641056
BSU_20860,aimR,346.857827446235,-0.403770122181994,0.235566915364745,-1.71403578281274,0.0865221543308386,0.193966772591732
BSU_20870,yopJ,154.8419263958,0.681885964377639,0.331779571008731,2.05523794700336,0.039856027576236,0.106836296141855
BSU_20880,yopI,238.093045218859,0.344674248083487,0.264909179261767,1.30110345381011,0.193223045724785,0.346317033409639
BSU_20890,sieB,259.885424436285,0.205182667091872,0.264250929288674,0.776469046463505,0.437472090288543,0.601134788144063
BSU_20900,yopG,65.4854576613488,0.504395810105948,0.516098261614521,0.977325148370072,0.328408206689828,0.501049675028749
BSU_20910,yopF,46.92507426519,0.810597570588019,0.557162341959892,1.45486783571308,0.145705853805923,0.284052826106496
BSU_20920,yopE,35.4358250343008,0.223391058437225,0.498464627908523,0.448158296356028,0.654038957905381,0.775945226759787
BSU_20928,yoyH,27.4320131207951,-0.844413259496494,0.609235787041728,-1.38602044964679,0.16574065923357,0.311249375986615
BSU_20929,yoyI,65.5350071466198,-0.362858314916885,0.40781581057186,-0.889760292540072,0.373594611875848,0.544179321449348
BSU_20930,yopD,170.86084049719,0.47154342470739,0.241973634574289,1.94873885965713,0.051326618559635,0.130969244233299
BSU_20940,yopC,672.988057351128,0.338315634322808,0.190648482350761,1.77455194057283,0.0759718986266888,0.176560854717526
BSU_20950,yopB,4.99457181916532,-2.95414554551135,1.51944482827544,-1.94422692455657,0.0518680923143912,0.131796481129207
BSU_20960,yopA,889.776627476469,-0.785032129239446,0.198692616354781,-3.95098793121588,7.78292496164916e-05,0.0005386885693886
BSU_20970,yonX,34.7128260602448,-1.12288255344709,0.650053744447885,-1.7273687953306,0.0841014510951727,0.190045109819108
BSU_20980,yonV,58.0128139518971,-0.768821165269427,0.494735297697974,-1.55400507876997,0.12018320518138,0.247547286106224
BSU_20990,yonU,480.724438508153,-0.458537293455242,0.279476125400223,-1.64070291442103,0.100859099661848,0.217605557502137
BSU_20999,yoyJ,74.265254024219,0.279667022105654,0.379225724140628,0.737468489880041,0.460837498439426,0.620195251465547
BSU_misc_RNA_90,apbT,2.73860416327514,-1.19451425475859,2.03867344305827,-0.585927215967787,0.557924427126086,
BSU_21000,spbT,13.7247964219044,0.0066797338570789,0.814202594005238,0.0082040193758409,0.993454213031955,0.995799477935242
BSU_21010,yonS,349.911210515993,0.608212996657643,0.206060568731525,2.95162243024807,0.0031610920197812,0.0136543359723093
BSU_21020,yonR,39.4342096316261,1.0312725514435,0.557512301739665,1.8497754188123,0.0643459251462493,0.155903996967387
BSU_21030,yonP,0.934703257724301,-1.14528177506157,3.44200342119098,-0.332736965922388,0.73933284319597,
BSU_21040,yonO,13.5478894411547,0.132130655494639,1.01723854008038,0.12989151540031,0.896652257147987,0.939813745704851
BSU_21050,hupN,4.26113742008249,0.465628229436094,1.8130336579907,0.25682271665719,0.797315632754317,0.875681821137385
BSU_21058,BSU_21058,6.34204081013733,-2.87870309581785,1.53587693873648,-1.87430582699294,0.0608882848513143,0.149364349960899
BSU_21060,yonK,0.119649087356392,-0.762823052100791,3.53281657067522,-0.215924896421949,0.829046290297471,
BSU_21070,yonJ,8.70695225401787,-0.944925422348013,1.12552221343491,-0.839544001059075,0.401164108446336,0.569751919176025
BSU_21080,yonI,47.8332180628028,-0.432784378266709,0.45213227210644,-0.957207447834699,0.338462558600795,0.510014263557772
BSU_21090,yonH,4.13112383681626,0.283313371195124,1.45627602067737,0.194546478258527,0.84574800646822,0.909390354549922
BSU_21100,yonG,5.66265022926779,-1.23947428384042,1.15083458839315,-1.07702209886743,0.281470393138297,0.44963253922694
BSU_21110,yonF,6.46659717942423,1.84544035773494,1.28857238470311,1.43215886017931,0.152098362475398,0.293157431004906
BSU_21120,yonE,38.6058004896745,1.00096973727429,0.478925677531647,2.09003146883506,0.0366149729651524,0.0998388608114854
BSU_21130,yonD,87.5408054260894,0.542839333867513,0.37926704799013,1.43128525598048,0.152348477789088,0.293365821629238
BSU_21140,yonC,28.9589182581802,-0.0364018723099562,0.632304438018245,-0.0575701673454107,0.954091013255923,0.972879549059714
BSU_21150,yonB,77.5978493639613,0.430624657314936,0.48035606161154,0.896469705972354,0.370001952875052,0.54093268734147
BSU_21160,yonA,45.9348312043705,-0.216363981726473,0.469571839056031,-0.460768648651129,0.644964597005624,0.7694632421708
BSU_21170,yomZ,6.6504556677147,1.82623782696597,1.28216310567849,1.4243412705278,0.154347706095221,0.296007389376833
BSU_21180,yomY,7.46410115342973,-1.69615483359303,1.10159735473439,-1.53972304517924,0.123627876964331,0.252488679937734
BSU_21190,yomX,22.3737236847505,-0.613530562134879,0.608359948879803,-1.00849926637116,0.3132148397366,0.48466115507347
BSU_21200,yomW,17.618286990627,-1.3272125720879,0.767201897674791,-1.72993911525815,0.0836411537875352,0.189206360672283
BSU_21210,yomV,31.812928588372,-1.11285152864653,0.690213554751344,-1.61232928705297,0.106890303484657,0.226532510968476
BSU_21220,yomU,20.0190062053205,-0.37094688456669,0.782910259937175,-0.473805113495967,0.635638887801941,0.763054203451242
BSU_21229,youA,17.1461390213577,0.163132654503016,0.814965787238963,0.200171169216435,0.841346714470805,0.906229870533495
BSU_21230,yomT,7.15570083226537,-1.12983092387168,1.25038441740085,-0.903586855488999,0.366214513781214,0.537839341181422
BSU_21240,yomS,2.40445265204122,-0.896328631536216,2.34528067160632,-0.382183950257137,0.702324925735584,
BSU_21250,yomR,17.3024911295424,0.215034084524582,0.776197136362455,0.277035400481262,0.781752923882442,0.867945469901887
BSU_21260,yomQ,2.09917633095536,0.17651182151896,2.41933613072271,0.0729587837247865,0.9418389158835,
BSU_21270,yomP,1.94709765093423,-1.28709108822384,2.97208989875934,-0.433059272117281,0.664971710005478,
BSU_21280,yomO,5.00184477406496,-0.50359476017621,1.43626177315695,-0.350628812649724,0.725866837852604,0.82497812611293
BSU_21290,yomN,18.6236765559363,0.275969989625099,0.694832380737431,0.397174911929422,0.691238481296045,0.801036733510647
BSU_21300,yomM,13.5654418306946,-1.45831953386804,0.947317646182657,-1.53941979202492,0.123701845257123,0.2525182860393
BSU_21310,yozP,46.0346767535249,-2.35436933553748,0.618448427441218,-3.80689679376904,0.0001407214350696,0.0009234980112916
BSU_21320,yomL,436.508651280822,0.650818261477093,0.204134330696545,3.18818622647341,0.0014316829838726,0.0070276600572523
BSU_21329,youB,27.9726242774062,1.9209806150137,0.809149938252385,2.37407249781501,0.0175930957695521,0.0562565641591536
BSU_21330,yomK,118.220997305731,-0.0359482460312022,0.332887297397616,-0.107989239337853,0.914004228055256,0.949330223170895
BSU_21340,yomJ,666.063582191313,0.46028191477558,0.162516563378745,2.83221540750215,0.0046226695737937,0.0189824516540892
BSU_21350,cwlP,217.175494144415,0.198867827924596,0.276418114575432,0.719445714438975,0.471866338666299,0.631217734282715
BSU_21360,yomH,4.2596023537939,-1.40997634789808,1.35628856808195,-1.03958433410086,0.298533058290381,0.468863481054293
BSU_21370,yomG,85.6438392870864,0.58817758318769,0.319224366349867,1.84252095137078,0.0653989847606851,0.157328095917206
BSU_21380,yomF,10.7860007922544,0.350270589451063,0.894644108732747,0.391519472415928,0.695413298173743,0.80346254803965
BSU_21390,yomE,18.2454107505556,0.654031234548033,0.725295157386623,0.90174493499258,0.367192377013817,0.538362856630065
BSU_21400,yomD,9.29370415359734,1.42102564062225,1.34414867238191,1.05719379843906,0.290423149554539,0.459097800822254
BSU_21409,BSU_21409,0.77790741555957,0.719226095608491,3.46033488093926,0.207848696832853,0.835347108247904,
BSU_21410,blyA,6.03572975342169,1.70569845160917,1.53018758731676,1.11469892041157,0.264979463816365,0.43057895268438
BSU_21420,bhlA,0.609556062935826,1.9998533039077,3.4683541696568,0.576600083521919,0.564209642767268,
BSU_21430,bhlB,0.435110444285302,-0.454722592980455,3.47163764416739,-0.130982158735495,0.895789421067724,
BSU_21440,bdbB,53.4883963927468,0.351613403138556,0.560009916073606,0.627869959167546,0.530089131854951,0.679515560673428
BSU_21450,sunS,81.6164406771708,0.312100512326202,0.37588356952039,0.83031166465836,0.40636259469006,0.574181556423958
BSU_21460,bdbA,17.4697567037961,1.48402282503154,0.844043009359929,1.75823128510588,0.0787081640989719,0.180939287907003
BSU_21470,sunT,241.872604721043,0.574117255815832,0.225301505618619,2.54821757288952,0.0108274919014556,0.0378694650853215
BSU_21480,sunA,6400.90306133213,0.469193998126226,0.17310026956649,2.71053302979405,0.0067175157618738,0.0258122822849922
BSU_21490,sunI,998.608833110268,-0.248847843487791,0.191517759576072,-1.29934604518463,0.193825199087233,0.346780029374782
BSU_21500,uvrX,33.0836058493041,-1.8268276995656,0.873913384792329,-2.09039903880145,0.0365819691736809,0.0998388608114854
BSU_21510,yolD,3.833339844804,-4.23167713947853,1.81950034894659,-2.32573582188565,0.0200326482376339,0.0623596953203764
BSU_21520,yolC,354.29781203459,-1.60516562807532,0.223709801264536,-7.17521368756309,7.21943336484461e-13,1.48804437219079e-11
BSU_21530,yolB,570.16449641199,0.2922202313599,0.223266709551882,1.308839244088,0.190588810408809,0.343756536013488
BSU_21540,yolA,1065.29130246577,0.540974997119804,0.170317540866569,3.17627294503752,0.0014918051859864,0.0072639963528652
BSU_21546,bsrG,204.689460965741,-0.374362403755687,0.309595020578269,-1.20920033874073,0.22658588761967,0.387354875830545
BSU_misc_RNA_77,asrG,27.3902481322831,-0.671918400066884,0.613819197156836,-1.09465198087508,0.273669133357491,0.440484890157659
BSU_21550,yokL,170.713602873138,0.0609729600499317,0.335705498888219,0.181626336928827,0.855875978731475,0.913958796383373
BSU_21560,yokK,182.958695329177,0.125222656012414,0.355939774641781,0.351808550023494,0.724981845995862,0.824831971623373
BSU_21570,yokJ,171.456074427627,0.420898577425134,0.322460854675354,1.30527030280585,0.191800822574268,0.344932779606244
BSU_21580,yokI,636.262900395464,0.170554370014136,0.214590223527912,0.794790961163948,0.426735109729673,0.592323398467536
BSU_21590,yokH,1530.37716993614,0.89412878433236,0.156991836190569,5.69538395134761,1.23094589358106e-08,1.69694683900817e-07
BSU_21600,yokG,2705.8743312253,0.958865750253937,0.1777290018485,5.39510006966276,6.84853728272696e-08,8.62875053485421e-07
BSU_21610,nukF,68.7803358679175,0.359322558761343,0.361958259478109,0.992718219165474,0.320847293654063,0.491989024505292
BSU_21620,yokE,29.5264978931216,0.157289627573356,0.686543997252764,0.229103492569679,0.818788478977031,0.889169843168202
BSU_21630,aacD,557.642874566061,0.637564433302756,0.227416259801702,2.80351296718487,0.0050549199519619,0.0204606197483609
BSU_21638,BSU_21638,69.6765262789778,0.307533814806018,0.355166580818449,0.86588612615898,0.386552612094034,0.555767979865713
BSU_21639,BSU_21639,151.168331563573,0.0110623107000665,0.30962096124793,0.0357285587367205,0.971498798505893,0.982372921756613
BSU_21640,yokC,106.901574013939,0.516258890754713,0.352047544961434,1.46644650173961,0.142526685682688,0.280040864140997
BSU_21650,yokB,448.885662113163,0.289777782482512,0.183659572728437,1.57779841354082,0.114611928424776,0.238433242573052
BSU_21660,sprA,845.048025785519,0.117893336048283,0.174919995054595,0.673984332159891,0.500321274767008,0.654078603407087
BSU_21680,msrB,960.913371063162,0.303001670582992,0.195851488417987,1.54709914655499,0.121839339717432,0.25015949537728
BSU_21690,msrA,819.625165415965,0.0913107904793352,0.174995480393519,0.521789421498208,0.60181695584982,0.739599072225278
BSU_21700,ypoP,1362.56829244214,0.512513565123938,0.19453604589957,2.63454293395336,0.0084250648001068,0.0308120802250248
BSU_21710,dinF,198.629883529607,-1.0199058655001,0.286620411306761,-3.55838532521163,0.0003731416375348,0.0021644254002363
BSU_21720,ypmT,271.367896777451,-0.568505083306444,0.245267335354269,-2.3178997010967,0.0204547727046864,0.0632316276783527
BSU_21730,ypmS,1823.08805578689,-0.336470272796799,0.171477293419097,-1.96218558205519,0.0497408819116844,0.127459133733864
BSU_21740,ypmR,3469.40666877969,-0.46996216332422,0.143770392743907,-3.26883827994646,0.0010799000434435,0.0054847554838053
BSU_21750,scuA,3005.72069686569,-0.542314293008099,0.14281692477971,-3.79726908309081,0.0001462989539296,0.0009564872009167
BSU_21760,ypmP,3961.66737114362,-0.398859271224355,0.17153158307265,-2.32528181737484,0.0200568958992327,0.0623894358887486
BSU_21770,ilvA,4186.27337536379,-0.1689818255744,0.125096595850346,-1.35081074289627,0.176756065882541,0.326439419896771
BSU_21780,silP,251.081988159022,0.152901313070006,0.219274404134255,0.697305796696589,0.485611441160387,0.641888196897333
BSU_21790,yplQ,58.7377512050185,0.43071061665603,0.416878408145649,1.03318043880447,0.301519465293913,0.472941133963042
BSU_21800,ypkP,518.163221784404,-0.0816213260759085,0.168225116505155,-0.485191080687451,0.627540808388449,0.757607410118861
BSU_21810,dfrA,276.52783381574,-0.056251377263983,0.299242720280332,-0.187979100080652,0.850893034830703,0.911655772367188
BSU_21820,thyB,436.124135082763,-0.189436154379725,0.198083958890711,-0.956342731842529,0.33889910753669,0.510271493120845
BSU_21830,ypjQ,3163.64157709044,-0.0154990635106225,0.155011283212919,-0.0999866796104994,0.920354900578076,0.952663800062046
BSU_21840,ypjP,2901.86465845314,0.0831606655678533,0.152155539674356,0.546550363830551,0.584687677915861,0.723996465567439
BSU_21850,rsmJ,64.5107364968066,-0.162338981836947,0.371505084772445,-0.436976473515518,0.662128410077884,0.780293430249985
BSU_21860,brxA,451.309410559598,0.351866101781687,0.202283353510995,1.73947136862432,0.0819518841719504,0.186279655436238
BSU_21870,ilvD,5053.65128767546,0.710266935784207,0.179578291406492,3.95519374987511,7.64726516484854e-05,0.000531708718157
BSU_21880,ypgR,1603.19857034964,0.207839745532152,0.156878355405343,1.32484653472517,0.185222056872743,0.337533413511445
BSU_21890,hdhQ,542.884541696265,0.373187058022868,0.266947620926433,1.39797858743874,0.162119497346376,0.306345966058171
BSU_21900,bsaA,401.546903199839,-0.0166833964215882,0.214037715416108,-0.0779460591286645,0.937870960948177,0.966788079676125
BSU_21910,metAA,1113.96564513518,-0.41506058549405,0.173186802237457,-2.39660632410638,0.0165476917995221,0.0535121853623541
BSU_21920,ugtP,2364.21537435808,-0.251551128000455,0.12923381786833,-1.94648066697796,0.0515970280439295,0.131422304183878
BSU_21925,BSU_21925,15.3682706043517,0.773890508233953,0.841596773118142,0.919550232312162,0.35780784412607,0.530650403827905
BSU_21930,cspD,7467.0069419471,-0.213340450173695,0.242965698129084,-0.878068187470443,0.379906715771715,0.550165046100512
BSU_21940,degR,256.449937635191,0.252126989753622,0.381330911637589,0.661176374794498,0.508499210318099,0.661476557072317
BSU_21950,ypzA,125.567181136931,-0.272752251616218,0.28055226416405,-0.972197648908402,0.330952229995812,0.503483757994346
BSU_21960,ypeQ,169.016687656835,-0.87685111670214,0.249268424463785,-3.51769831493252,0.0004353069462764,0.0024677080025228
BSU_21970,ypeP,611.591703597962,-0.772598879032662,0.214066265275346,-3.60915755707185,0.0003071929986377,0.0018345168385598
BSU_21980,queP,195.614041775478,0.548461127401779,0.244148676576972,2.24642269248127,0.0246769461669834,0.0731181531228273
BSU_21990,ypdQ,98.2761774272992,0.459589616562635,0.360429278912941,1.27511732106993,0.202267719480017,0.356656452206043
BSU_22000,sspL,60.5820914532365,0.538435042760113,0.495363686311302,1.08694895818775,0.277059367857952,0.444310607219791
BSU_22010,exnP,745.213809188374,-0.0603958848859632,0.190467246601472,-0.31709328487503,0.751172820068925,0.844738921749268
BSU_22019,ypzF,857.364515051335,0.489678961680391,0.156369815086281,3.13154403495457,0.0017388970661655,0.0082495608300995
BSU_22020,ypbS,458.250851748627,0.339433082914321,0.194677338868125,1.7435675096435,0.0812345328676655,0.185272560970317
BSU_22030,dynA,627.68574642543,0.417338926343146,0.159021400320779,2.62441989255086,0.0086796707562129,0.0316342335029014
BSU_22036,fbpC,0.119649087356392,-0.762823052100791,3.53281657067522,-0.215924896421949,0.829046290297471,
BSU_22040,bpsB,8.59068163373182,-4.45128628557005,1.58622603958747,-2.80621183518567,0.0050127725985866,0.0203093821122126
BSU_22050,bpsA,42.3697517350997,-3.03496489816117,0.725395083764771,-4.18387850440042,2.86577310701098e-05,0.0002157459683044
BSU_22060,pbuX,11.8050578625248,-0.362171698113621,0.812010710652347,-0.446018375573719,0.655583972436174,0.776460124676149
BSU_22070,xpt,5.19325607917348,-0.0860833551909929,1.48335578420171,-0.0580328442493786,0.953722466675064,0.972856627939013
BSU_misc_RNA_34,gswA,88.7059014636267,0.0785644343282021,0.328401787509607,0.239232663512538,0.810925176068621,0.884106067772997
BSU_22080,ypwA,791.350180325431,0.443203566881762,0.174169319194086,2.54467072003581,0.0109380828886636,0.03816195558362
BSU_22090,kdgT,400.863544838534,0.278224261464055,0.265998983135869,1.04595986865837,0.295579561245216,0.465722457568501
BSU_22100,kdgA,165.498856303253,0.353354965010802,0.299857103947605,1.1784111843905,0.238632721027625,0.400329724805727
BSU_22110,kdgK,320.443645333444,0.528297121736158,0.305378997338469,1.7299720227669,0.0836352739074201,0.189206360672283
BSU_22120,kdgR,280.84780662531,0.277941346553891,0.210671648615376,1.31931063520241,0.1870652837593,0.33912444142188
BSU_22130,kduI,524.434416349831,0.186576423758866,0.181704884691761,1.02681017120354,0.304509859034094,0.475873706830608
BSU_22140,kduD,391.089289208567,0.186329018625837,0.236670722898395,0.787292219096443,0.431110823499875,0.595494605582431
BSU_22150,ypvA,1100.83419509224,-0.348447419968116,0.198141816883019,-1.75857587989029,0.078649572796299,0.180902538511964
BSU_22160,yptA,169.638172442694,-2.38205893732231,0.284832057934803,-8.36302962030895,6.1127859481018e-17,1.69639798272158e-15
BSU_22169,ypzG,165.669371808413,-1.83996678969118,0.578950592859514,-3.17810675450446,0.0014824015820903,0.0072264949684909
BSU_22170,rlmKB,320.569115058356,-1.30183745282653,0.25001648667449,-5.20700642642604,1.91911449368697e-07,2.19047315596636e-06
BSU_misc_RNA_35,rnpB,80582.6617713924,-0.227784381582828,0.143876550817566,-1.58319323259046,0.113377428463675,0.236676775445804
BSU_22180,gpsB,1051.39822100923,-0.142854441664426,0.167662929321309,-0.852033554720133,0.394195468635071,0.563308919616802
BSU_22190,ypsA,117.903421098623,0.224180123637301,0.292361799636576,0.766790065993477,0.443206343662287,0.6060721852464
BSU_22200,cotD,184.920831288774,1.70600623602724,0.290550009499801,5.87164405523246,4.31494415093519e-09,6.27440166605165e-08
BSU_22205,BSU_22205,8.44238583384541,1.42961600712025,1.16254088716166,1.22973395852826,0.21879674592457,0.377493288580139
BSU_22210,yprB,135.21437258096,0.117946526888678,0.34171962109514,0.345155851778964,0.72997720672961,0.828295889838034
BSU_22220,yprA,208.764069507968,0.480035470513903,0.263033425215501,1.82499798312938,0.0680013336963478,0.162301103358456
BSU_22230,ypqE,737.893193049633,0.845831687360197,0.20140633591753,4.19962799832941,2.67353861467726e-05,0.000202822748198
BSU_22240,ypqA,1.03591088406705,-0.967784858399444,3.44943516330257,-0.280563284300977,0.77904538018517,
BSU_22250,yppG,15.7584617866759,-1.87918574959694,0.852845531000164,-2.20343037665115,0.027564429148424,0.0796722710443895
BSU_22260,yppF,130.554884139466,0.13323191521902,0.31703398447924,0.420244900362548,0.674306556977037,0.788083028055188
BSU_22270,yppE,1262.8087532296,-0.488075563828788,0.221316026686285,-2.20533312086175,0.0274307273109996,0.0793398284485723
BSU_22280,yppD,380.304224177153,-0.715967407510913,0.193453876235213,-3.70097214614814,0.0002147750536488,0.0013430557846731
BSU_22290,sspM,8.39343012370608,0.0309605048666615,1.11658734932109,0.0277277947717087,0.97787925520045,0.985832800536199
BSU_22300,yppC,34.6745365650209,-1.41547171717071,0.664042490372893,-2.13159810959665,0.0330398992986605,0.0923551102186388
BSU_22310,recU,503.548746490342,0.0375332414764596,0.269581493631113,0.139227811860924,0.889270131844226,0.935077013326049
BSU_22320,ponA,6236.6438924184,0.0989667781855609,0.23548889204033,0.420260919010192,0.674294856192258,0.788083028055188
BSU_22330,ypoC,355.093407305643,-0.178065584414804,0.224146718230667,-0.794415308956514,0.426953694807109,0.592433133382675
BSU_22340,nth,263.620238000414,-0.0616196556206184,0.207459814743921,-0.297019717754394,0.766451455483129,0.857763015282384
BSU_22350,dnaD,851.664097964656,-0.0744807265558826,0.15292180365658,-0.487051059920441,0.626222147145069,0.756885635291193
BSU_22360,asnS,3782.60014032713,-0.0235079678648341,0.13536284505772,-0.173666325163379,0.86212770394023,0.918362827629256
BSU_22370,aspB,1048.73619209092,0.311815854003552,0.163421001485256,1.90805252182771,0.0563844282834302,0.140168783660096
BSU_22380,tseB,398.980679273505,-0.0302109841008639,0.201633962745293,-0.149830830528421,0.88089808467221,0.930604381840436
BSU_22390,ypmA,46.1155848608,-1.24060794799925,0.447092103456326,-2.77483752991499,0.0055229290850716,0.0219572630105003
BSU_22400,dinG,1085.51684748973,-0.502819537698116,0.176511194043942,-2.84865523924188,0.0043904428248896,0.0181340663759546
BSU_22410,panD,163.014470064395,-0.702420951621379,0.247762888417045,-2.8350531272425,0.0045818065526465,0.0188511149443189
BSU_22420,panC,286.183416561674,-0.157624756865692,0.293472246163388,-0.537102771816917,0.591196626276331,0.729662598446623
BSU_22430,panB,416.827348869663,-0.314630237392849,0.215534689325144,-1.45976612107304,0.144354362572187,0.28211748207484
BSU_22440,birA,110.876519645878,-0.688458789227542,0.325024117580823,-2.11817755049006,0.0341600336947389,0.0947996752077524
BSU_22450,cca,146.396900697558,-0.569530036288019,0.280885217842276,-2.027625521425,0.0425984822258637,0.112809104592974
BSU_22460,bshA,162.214627523225,-1.37118945552364,0.427684900496368,-3.20607403705916,0.0013455936231747,0.0066512113201395
BSU_22470,bshBA,96.9006654903077,-0.300458044660311,0.326663138405357,-0.919779458824252,0.357688019696635,0.530650403827905
BSU_22480,mgsA,65.5556719490449,-0.269555421393012,0.3620105662477,-0.744606501923407,0.456509636172539,0.617284167283874
BSU_22490,dapB,112.674773523444,-0.120006093752951,0.343657143501397,-0.349202965869565,0.726936939752155,0.82550795565329
BSU_22500,ypjD,40.721568612738,-0.723994075005937,0.460033972177095,-1.57378393508562,0.115537409283412,0.240111093426328
BSU_22510,ypjC,166.139476377052,0.149667513384834,0.326159587874238,0.4588781656253,0.646321659065149,0.770649189663192
BSU_22520,ypjB,648.366161953024,-1.9396794004448,0.224379432293698,-8.64463993253127,5.39752311009251e-18,1.59151966148978e-16
BSU_22530,ypjA,91.1777666906901,0.350958950939276,0.401416651815108,0.874300927358955,0.381954394444928,0.551812983604343
BSU_22540,qcrC,9312.04005787441,0.379668781226021,0.140125614037148,2.70948879571275,0.0067386981125802,0.0258702641826544
BSU_22550,qcrB,4793.06119081052,0.609498614755327,0.185652652060141,3.28300516039968,0.0010270678555057,0.0052668238097552
BSU_22560,qcrA,3376.85729902637,0.595192880135758,0.180519006195605,3.29712030150899,0.0009768165184426,0.005033450166635
BSU_22570,ypiF,634.710422163522,-0.942261737439826,0.190125390643304,-4.95600158533065,7.19586288707717e-07,7.45210580939748e-06
BSU_22580,ypiB,20764.5223708654,-1.15866773150987,0.127620834930022,-9.07898566989627,1.09591364084483e-19,3.69305501510093e-18
BSU_22590,ypiA,2166.03055238215,-0.766459652693268,0.169234567969773,-4.52897810351703,5.92696401294806e-06,5.22113883796213e-05
BSU_22600,aroA,264.925854155129,0.0685090350448366,0.22528264399967,0.304102587880391,0.761049735311263,0.853517479168416
BSU_22610,tyrA,267.606210200736,0.155274841071714,0.229568814013069,0.676376021452438,0.498801937372239,0.653187125381222
BSU_22620,hisC,808.055975839556,0.268967597600329,0.186099235859415,1.44529125204746,0.148376094021283,0.288068081945298
BSU_22630,trpA,571.53532033501,0.164610964391082,0.170673879697483,0.964476606982,0.334807031115097,0.506570803542127
BSU_22640,trpB,421.047259613124,-0.358765566001087,0.203297274766286,-1.76473376937064,0.0776085203051178,0.178936342040014
BSU_22650,trpF,205.157412407625,-0.250655704086732,0.279592401860408,-0.896503990876967,0.369983649792865,0.54093268734147
BSU_22670,trpD,104.040151674497,-0.287361232808448,0.333802788446015,-0.860871277158076,0.389308942689646,0.558259294380357
BSU_22680,trpE,611.162554871714,-0.513825127749117,0.169931702710515,-3.02371552543339,0.0024969110496134,0.0111364331057338
BSU_22690,aroH,643.738424168181,0.331558879852196,0.168010726089002,1.97343876531167,0.0484455946789555,0.125197805847136
BSU_22700,aroB,791.009240765292,0.761297981029197,0.184926901895664,4.1167508525002,3.84251066250923e-05,0.0002827608366206
BSU_22710,aroF,693.70547547183,0.720021343842783,0.196167617307359,3.67043936061393,0.0002421339094926,0.0014900008401531
BSU_22720,cheR,220.059993330654,0.845615796179157,0.246322012239088,3.43296885443748,0.0005970106741132,0.0032878175386313
BSU_22730,ndk,2708.92583038759,0.71394024101693,0.133640413841244,5.3422480557793,9.18009135838582e-08,1.12981646109293e-06
BSU_22740,hepT,286.638362315918,0.0740612235552242,0.262951920359658,0.281653100133003,0.778209519718367,0.865447255297063
BSU_22750,menG,278.670001748687,0.134521190056138,0.212928079963965,0.631768201163998,0.527538355132478,0.676919871832125
BSU_22760,hepS,585.696903322738,0.139148872276984,0.231413994462223,0.601298433140782,0.547641232995938,0.692873860339915
BSU_22770,mtrB,375.802019583241,-0.085633074918415,0.20852445546642,-0.410662023918845,0.681320377015201,0.794748989232566
BSU_22780,folEA,559.737205815812,-0.167393554563848,0.199495367940601,-0.839084918571585,0.401421658521732,0.569751919176025
BSU_22790,hbs,6073.0735598387,0.094858001942453,0.183403330433522,0.517209811393454,0.605009703722571,0.742200500437488
BSU_22800,spoIVA,13148.1379924309,-2.58892641910134,0.139455451900596,-18.5645407462932,6.221680767272129e-77,3.30215706722968e-74
BSU_22810,yphF,3247.07920966032,0.0996392241414099,0.167808528738327,0.59376734240238,0.552667734598201,0.697418546227064
BSU_22820,yphE,391.205862756845,-0.0391650656167927,0.211571677658304,-0.185114879506914,0.853138931143167,0.912215273052358
BSU_22830,gpsA,616.905258724341,-0.209495995272531,0.188973005000957,-1.10860276192078,0.267601586130135,0.433512527550001
BSU_22840,der,659.582479939127,-0.305188096967002,0.18396848235633,-1.6589151199056,0.0971328974281361,0.211473602261235
BSU_22849,ypzH,43.6309901452595,-1.93894492173935,0.558405884288069,-3.47228597745057,0.0005160462981989,0.0028830691870428
BSU_22850,yphB,108.820031926105,-2.8063047613528,0.372442623587277,-7.53486465733473,4.8884157718915504e-14,1.08671274175139e-12
BSU_22860,yphA,75.8655586620374,-2.46791171522476,0.485928237475723,-5.07875757137504,3.79911116062154e-07,4.0838040475947e-06
BSU_22869,ypzI,65.481976394982,-0.844115814823307,0.483768644167271,-1.74487500378681,0.081006629294846,0.185120639389621
BSU_22870,fni,1575.2270077982,0.414550678906024,0.139297176421437,2.97601638135018,0.0029201926295147,0.0128090267612806
BSU_22880,rpfA,8144.18916575691,0.624885931605649,0.140248687172633,4.45555637063805,8.36759049226357e-06,7.16306234478853e-05
BSU_22890,cmk,519.113288254311,-0.0582144958027591,0.219635582049715,-0.265050386005224,0.790970646963812,0.872188013726914
BSU_22900,ypfB,52.2421124086522,-0.942257288247172,0.617262291330254,-1.52651036922493,0.126882810055429,0.256798560572007
BSU_22910,dgrA,116.000080392213,1.08008272657155,0.284452592321274,3.79705706936097,0.0001464240886942,0.0009564872009167
BSU_22920,sleC,135.041346916719,-0.828591558056282,0.563327601004257,-1.47088755562329,0.141321528636726,0.278316888029471
BSU_22930,sleB,41.189234231177,-2.54773650647821,0.606675607145634,-4.1995037817082,2.67500562861273e-05,0.000202822748198
BSU_22940,prsW,1065.72169000968,0.0729610646409102,0.153487699115833,0.475354475056978,0.63453433723084,0.762582218874294
BSU_22950,ypdA,1131.46626237066,0.271273752373336,0.147031827293986,1.84500021094706,0.0650375079260905,0.156856374465328
BSU_22960,gudB,2901.34842594579,0.845455267263711,0.149784207001145,5.64448872274798,1.6567283993858e-08,2.22609771638991e-07
BSU_22970,mecB,1824.55546915289,0.0934418966799948,0.135592006349956,0.689140158003311,0.490735070804354,0.646133582394479
BSU_22980,ypbG,144.202800492438,-1.06163839345464,0.275221487295826,-3.85739646960602,0.000114601194422,0.0007614971385229
BSU_22990,ypbF,170.586578206449,-1.20236536500594,0.275469443016236,-4.36478671405696,1.27246852115461e-05,0.0001043031146876
BSU_23000,ypbE,362.599369176779,0.366939770135645,0.186073360044523,1.97201668227974,0.048607702156114,0.125387790616561
BSU_23010,ypbD,206.546048149975,0.536208699238501,0.231346530562446,2.31777281437884,0.0204616713212568,0.0632316276783527
BSU_23020,recS,745.85528346197,0.570043964172795,0.180995708733353,3.14948883684639,0.0016355635704866,0.0078381522802327
BSU_23030,gmmB,572.677798421429,0.632012361343262,0.175282670699185,3.60567510080847,0.0003113424726382,0.0018514847882663
BSU_23040,fer,2578.91242904957,0.422301411131982,0.143848581127217,2.93573567304432,0.0033275773561475,0.0143123880788841
BSU_23050,fmnP,688.414731800264,0.373073561975159,0.158550028726486,2.35303370785727,0.0186209460039145,0.0589593860795086
BSU_misc_RNA_78,fswB,167.01149080336,0.469121316637846,0.289582297366433,1.61999307590349,0.105233764296907,0.223858999601536
BSU_23070,serA,1608.77778164197,0.563096492926929,0.145337183640779,3.87441450853141,0.0001068813557378,0.0007158016347996
BSU_23080,aroC,443.97475030149,0.222531945207345,0.186245056645003,1.19483410306834,0.232151853212662,0.393445272431478
BSU_23090,rsiX,1096.33552344748,-0.530755802445943,0.22586164966574,-2.34991554888325,0.0187776709060304,0.0593624162880387
BSU_23100,sigX,474.765514431979,-0.534813485245312,0.209712933568222,-2.55021698540749,0.0107655891969381,0.0377150921866328
BSU_23110,resE,2828.83041178269,0.0830185758057466,0.162368522519564,0.511297230014172,0.609142944337583,0.745151524533961
BSU_23120,resD,910.309923330752,0.19573703487789,0.188100692007597,1.04059710141834,0.298062577052307,0.468384049653625
BSU_23130,resC,1124.72394884284,0.317490903927239,0.211138953986111,1.50370596203733,0.132657093425296,0.265439217098872
BSU_23140,resB,1675.2073906243,-0.0269330770036395,0.152022639704912,-0.177164908173669,0.859378858823068,0.916584434705538
BSU_23150,resA,760.410046528497,0.0300069650625685,0.227592350523806,0.131845226755236,0.895106712998938,0.938889106569538
BSU_23160,rluB,913.875405218005,-0.233416376446827,0.149795615575769,-1.55823236581154,0.119178175180373,0.246123799521334
BSU_23170,spmB,381.515870912073,-1.90750232736853,0.298714624284802,-6.38570117527914,1.70613882253456e-10,2.8633460239058303e-09
BSU_23180,spmA,269.990443095037,-2.60680650373416,0.293587858408335,-8.87913593520784,6.73817228995504e-19,2.13509548829471e-17
BSU_23190,dacB,634.621688254055,-2.29912400036935,0.24186726753383,-9.50572611090407,1.98657188221356e-21,7.39910895778839e-20
BSU_23200,ypuI,344.16082389723,-0.679753423257136,0.252725367688361,-2.68969209333725,0.007151797285358,0.0270921852779915
BSU_23210,spcB,142.339375589999,0.465733906279842,0.278314637831118,1.67340787358245,0.0942470289055442,0.206807692368445
BSU_23220,scpA,233.606715647518,0.410455014346822,0.291668041177476,1.40726770300167,0.159348022464918,0.302590207238838
BSU_23230,ypuF,94.322396668828,0.194159305961323,0.344549049163686,0.563517172468188,0.573082769958556,0.713999249191323
BSU_23240,ypzK,4748.7510781534,0.23237225690092,0.123928237490627,1.87505496411578,0.0607851623664936,0.149364349960899
BSU_23250,ribH,797.025815270174,0.319326818174271,0.159713089873223,1.99937787458589,0.0455674840074909,0.119137645994955
BSU_23260,ribBA,1698.30258198265,0.300776495372982,0.152035193837363,1.97833467226497,0.0478909641355781,0.123936882377037
BSU_23270,ribE,773.123639185509,0.388418813292715,0.166231883707893,2.33660838479852,0.0194595560831429,0.0609780628258486
BSU_23280,ribD,1448.86075888519,0.481755617228574,0.158677629756678,3.03606512126073,0.002396875906191,0.0107470079062879
BSU_misc_RNA_36,fswA,136.499814233543,0.291394585293009,0.295539483406022,0.985975145976285,0.324145309279035,0.495614325962831
BSU_23300,ypuD,340.099880187766,-0.999928816995233,0.305805764807628,-3.2698167662871,0.0010761716977017,0.005478926892616
BSU_23310,sipS,1012.49555226604,0.241586769120407,0.172009357029794,1.40449783251362,0.160170656659675,0.303880521973629
BSU_23320,ypzC,4.07506472533891,-2.1970891245075,1.75265837278444,-1.25357523098868,0.209996438762833,0.367537048222171
BSU_23328,ypzJ,60.3852124952091,-1.06160600374573,0.389562331987117,-2.725124881378,0.0064277170074969,0.0248821281293704
BSU_23340,ypuB,15.8870250886922,-3.2031406063628,1.0530032103762,-3.0419096302835,0.0023508246010419,0.0106074402295685
BSU_23350,ypzD,10.7982669659314,-1.49995374309036,0.873570933906017,-1.71703714589448,0.0859723851486227,0.192938027135863
BSU_23360,ppiB,61.3990373339146,1.08604568662762,0.559993769438607,1.93938887519477,0.0524540041244797,0.132808408773131
BSU_23370,ypuA,687.756803781194,-0.567787114008457,0.305959031268892,-1.85576190267598,0.0634875030410343,0.154391717017315
BSU_23380,lysA,1061.74455477386,0.349006145034639,0.151882958431332,2.29786243722944,0.0215696197735155,0.0658408379283587
BSU_23390,spoVAF,117.891703940219,-1.26610816641244,0.474159038581034,-2.67021835163448,0.0075801935370221,0.0284575612362476
BSU_23401,spoVAEA,33.7373779200417,-3.37799039527123,0.845235696620125,-3.99650702020622,6.4283976220114e-05,0.0004541593394851
BSU_23402,spoVAEB,27.6410114087181,-1.98923947529209,0.586563535824449,-3.39134527429514,0.0006955042127033,0.0037476239793376
BSU_23410,spoVAD,76.0981693485592,-2.78545191413105,0.461056318305316,-6.04145698375723,1.5272872840811e-09,2.33268410367208e-08
BSU_23420,spoVAC,21.871345017538,-3.70235574875419,1.13839940049603,-3.25224674849703,0.0011449657779533,0.005780647673234
BSU_23430,spoVAB,3.2859078184379,-3.44574330773806,2.12459511999847,-1.62183527360288,0.10483862354466,0.223354137265744
BSU_23440,spoVAA,9.3803714665507,-1.85491704369702,1.36922103709585,-1.35472432386179,0.175505405171922,0.325129123193709
BSU_23450,sigF,22935.9749575728,-1.23852170396158,0.126721197468606,-9.77359533134475,1.46170795321744e-22,5.74667774940857e-21
BSU_23460,spoIIAB,9945.18028700897,-1.16539919093981,0.135798376333255,-8.58183449910966,9.337191609139469e-18,2.69698745390518e-16
BSU_23470,spoIIAA,8698.15200171473,-1.25629696680688,0.127535723533792,-9.85054957150117,6.81701915359106e-23,2.8429856463182002e-21
BSU_23480,dacF,1119.18145105126,-2.83805517035457,0.209036878765145,-13.5768156658288,5.496457314715919e-42,5.692184819093609e-40
BSU_23490,pupG,1857.93919002516,-0.19195025331707,0.147276424664976,-1.30333319642785,0.192461032471657,0.345692000405226
BSU_23500,deoB,1676.13784681124,-0.203168842895799,0.146908733865354,-1.38295959368903,0.166677255748527,0.312303579585482
BSU_23510,ripX,1039.89293931919,-0.435939203739403,0.157157759763728,-2.77389550725841,0.0055389466100042,0.021959259856282
BSU_23519,yqzK,89.9763285510812,-2.79134246642618,0.446118508845608,-6.25695282997596,3.92572084284194e-10,6.36206515217819e-09
BSU_23520,fur,2039.1046402371,0.0850908778009447,0.146634237901925,0.580293381807984,0.561716789708732,0.704801858482056
BSU_23530,spoIIM,248.972201456838,-1.97065628070758,0.313424628318518,-6.2874965865953,3.22626103174872e-10,5.30957532589344e-09
BSU_23540,yqkK,5.32839837516974,0.0032894574681147,1.40971941802362,0.0023334128948344,0.998138207566753,0.99870480990163
BSU_23550,mleA,905.093011222229,0.374023406916595,0.182162197511162,2.05324382350887,0.0400489361286983,0.107218021943539
BSU_23560,mleN,364.775343770799,0.557703733619006,0.202147447586304,2.75889574802028,0.0057997033807659,0.0228437296426087
BSU_23570,ansB,513.531368048109,0.442669702097395,0.177709364498917,2.4909756632442,0.0127392845497825,0.0432728017587011
BSU_23580,ansA,268.794238568773,0.63718345646405,0.226001318696054,2.81937937415749,0.0048116612085344,0.0195692657963958
BSU_23590,ansR,145.011773934897,0.820417821787864,0.364323949260306,2.25189099825464,0.024329161135432,0.072390762565553
BSU_23600,yqxK,269.603327570635,0.484545223631429,0.223901062885133,2.16410416899188,0.0304563556341304,0.0861543544453815
BSU_23610,nudF,101.033348359737,0.204613675435488,0.322669360764797,0.634127997001355,0.525997292860056,0.676373260291883
BSU_23616,mciZ,6.81323178101844,-4.17498017404759,1.46240644208963,-2.85486992800851,0.0043054458102743,0.0178699148684506
BSU_23620,yqkF,354.047131137709,-0.403997188582527,0.194299823155746,-2.07924630100509,0.0375947179738738,0.102063409537767
BSU_23630,yqkE,126.664140123819,-0.122629647788355,0.330376631111358,-0.371181361635173,0.710502454367736,0.81534957330957
BSU_23640,yqkD,185.532783445484,0.0405336618284122,0.288067217212138,0.14070904082974,0.888099802611084,0.934540709265592
BSU_23650,yqkC,232.208508365819,0.24144498555209,0.220857940203194,1.09321396971264,0.274299864876971,0.44105879973267
BSU_23660,yqkB,230.251118650977,0.14357942414077,0.220828056355977,0.650186513933352,0.515571751224801,0.668024917821332
BSU_23670,yqkA,272.119500124583,0.919670606290493,0.310374493954504,2.96309981716894,0.0030455778992209,0.0132224169326096
BSU_23680,yqjZ,103.685727200783,0.291758588902349,0.309660142449114,0.942189674766725,0.346095539252014,0.517255072039441
BSU_23690,yqjY,252.265364278638,0.391672164776718,0.238960107747199,1.6390692508018,0.1011988381075,0.218116886601241
BSU_23700,yqjX,2.37378557532791,-0.351468636316559,2.0797659336325,-0.168994323174958,0.865801106629147,
BSU_23710,polYB,12.8798866971649,-0.660011508062292,0.85381824050818,-0.77301172163933,0.439515443592373,0.602577518079825
BSU_23720,yqzH,26.7223223589868,0.717896616558036,0.615384646675774,1.1665819425883,0.243379239145353,0.404932699612526
BSU_23730,yqjV,203.063385471407,0.309691869977782,0.243318690830094,1.27278290426951,0.203095089251198,0.357497454207757
BSU_23740,yqjU,25.2878784220642,-0.41682965946286,0.66643633832151,-0.625460581145214,0.531668812103508,0.680094541006181
BSU_23750,yqjT,154.109484553622,0.562258967971006,0.28304655643375,1.98645401327328,0.0469829342394454,0.122236236997969
BSU_23760,coaA,208.486981735291,0.393639627297046,0.257760253580761,1.52715409699002,0.126722697626701,0.256710197577753
BSU_23770,dsdA,271.819745583283,0.0278471364568199,0.20256735614416,0.137470997237097,0.890658515924601,0.936073281835608
BSU_23780,yqjQ,213.441722633505,-0.301834638320393,0.318493613000921,-0.947694478003614,0.343285012912604,0.514258681176449
BSU_23790,yqjP,189.732327589803,0.148664726511557,0.231196944161085,0.643022021986485,0.520209810477706,0.671371080634753
BSU_misc_RNA_91,pswI,86.1023949094053,-0.591536124085994,0.447904000592073,-1.32067613440393,0.186609374957605,0.338739561239622
BSU_23800,proI,27.3543669818706,0.31887636262984,0.701201232545716,0.454757276270262,0.649283869846938,0.772654193553761
BSU_23810,yqjN,342.102993083504,0.629586137604413,0.220628745386444,2.85359977233092,0.0043226951797472,0.01792398802071
BSU_23820,yqjM,292.967693114969,0.660138995869271,0.241249832990323,2.7363293382912,0.0062128811969977,0.0241795541360699
BSU_23830,yqjL,1011.19750386354,-0.738092391358429,0.234663602315872,-3.14532114939968,0.0016590460030122,0.0079417241587258
BSU_23840,rnz,130.709725094779,-0.0001722928593868,0.297539322530824,-0.0005790591237532,0.999537977691185,0.999537977691185
BSU_23850,zwf,1167.76758015942,0.503556069363372,0.143302360717476,3.51394119986722,0.0004415105335559,0.0024965785975708
BSU_23860,gndA,2172.83206902847,1.03849741430878,0.147432701504296,7.0438742810293,1.86966851462126e-12,3.7623755986169894e-11
BSU_23870,polYA,147.831300158063,-0.11009536644623,0.327336597355863,-0.336336869557362,0.73661684982166,0.834491767434036
BSU_23880,mifM,225.935673900185,-0.186073228530826,0.220128730493336,-0.845292788968585,0.397947386198431,0.567008255637094
BSU_23890,oxaAB,1377.84163434038,0.0653632146866611,0.146438357741304,0.446353098292259,0.655342206447123,0.776390348374577
BSU_23900,yqjF,11.4702289747282,-0.0027977350012891,0.883721814341878,-0.0031658548605283,0.997474017504543,0.998650006678682
BSU_23910,yqjE,1107.64232179749,0.128707150483562,0.146134158933063,0.880746510078573,0.378455037024926,0.548436889832026
BSU_23920,yqjD,649.188521876472,0.0043512452187633,0.16269148640891,0.0267453774921382,0.978662820058084,0.986094526332849
BSU_23930,yqjC,8.05138550123902,-3.81964228217213,1.36296755110785,-2.80244550141157,0.0050716784480876,0.0205089016100764
BSU_23940,yqjB,34.1140223386029,-2.72271839579515,0.743303643502393,-3.66299616528973,0.0002492822720148,0.0015273485237737
BSU_23950,yqjA,458.736483073101,-0.370091488009877,0.199341458353505,-1.85657058529977,0.0633722720554003,0.154199809253427
BSU_23960,artR,10267.7347324222,0.29215002477845,0.174032983259369,1.67870491734918,0.0932095671325329,0.205061047691572
BSU_23970,artQ,5692.95509090817,0.0007586856776691,0.146732462615394,0.0051705373449481,0.995874526463468,0.997936571292278
BSU_23980,artP,31973.8564989558,0.166974725043352,0.128121711589868,1.30325081495833,0.192489146934862,0.345692000405226
BSU_23990,brxB,1076.97572224224,-0.106043419647765,0.164354818644866,-0.645210286635411,0.518790920936486,0.670558980303294
BSU_24000,bmrU,108.326020007534,-2.33222181740931,0.44118865875944,-5.28622341283021,1.24867379886163e-07,1.48096898043756e-06
BSU_24010,bmr,1628.35873135434,0.0800014726308259,0.195955424719579,0.408263628043528,0.683080139192756,0.795927077665324
BSU_24020,bmrR,169.981335576903,-0.205679878501341,0.312046305564943,-0.659132554474468,0.509810652393924,0.662379446164199
BSU_24030,bkdB,1516.9376120497,-1.65737980502641,0.785598497071128,-2.10970338055058,0.0348839131393942,0.0962722317341317
BSU_24040,bkdAB,592.667370759163,-1.38111349568488,0.854717430327692,-1.61587145257512,0.106122108925576,0.225420877889567
BSU_24050,bkdAA,583.5604135178,-0.884239051200751,0.833061031089541,-1.06143369837415,0.288492849231094,0.456896918252602
BSU_24060,lpdV,496.121152143425,-1.0599331455657,0.73895424339411,-1.43436911695276,0.151466955889731,0.29233122486718
BSU_24070,buk,490.814725764134,-1.74223306784673,0.404007179216056,-4.31238145625877,1.61505478882072e-05,0.0001281779931464
BSU_24080,bcd,716.91683291015,-0.887264093837573,0.840314524626436,-1.05587142413373,0.291026961132628,0.459881085585834
BSU_24090,ptb,329.837890169395,-0.773320795927424,0.434414914584124,-1.78014329150679,0.0750525132368438,0.174806895887898
BSU_24100,bkdR,198.535936670379,0.0728120136475208,0.250445669818869,0.290729776642499,0.771257996327471,0.860549113355962
BSU_24110,yqzF,559.551782536547,0.403252434508424,0.180404146429276,2.23527253940647,0.0253994617337778,0.0749451803485897
BSU_24120,mmgF,1613.1739249395,-2.47046782081781,0.172128086399728,-14.3524968672499,1.0276954653570701e-46,1.28341027820768e-44
BSU_24130,mmgE,1738.17813344692,-2.71611783258072,0.164119660786417,-16.5496188547175,1.6111944028377503e-61,4.56075428963272e-59
BSU_24140,mmgD,1281.74988355906,-2.91678340297962,0.186464540384704,-15.6425634437618,3.7338942388419e-55,7.20641588096487e-53
BSU_24150,mmgC,1332.59967279332,-2.78345318780743,0.173439855063778,-16.0485211820771,5.85423650436494e-58,1.2428544098766799e-55
BSU_24160,mmgB,949.182424102408,-2.94444474857774,0.17414858241818,-16.9076584356415,3.95097743253652e-64,1.5250772889591001e-61
BSU_24170,mmgA,1130.61039879898,-2.71003271070337,0.206037702349077,-13.1530913022508,1.6335671838789e-39,1.5413613917221801e-37
BSU_24180,glpQ,246.023965682112,0.336157762148686,0.224688106671188,1.49610839278033,0.134625411175804,0.267862931514744
BSU_24190,yqiI,50.5978437724809,-1.35288597989263,0.664677925898945,-2.03540079665338,0.0418105612486579,0.111372423501758
BSU_24200,yqiH,27.3727499466285,-1.21177817077142,0.552107018489994,-2.19482478974025,0.0281761685228012,0.0809993307703548
BSU_24205,BSU_24205,0.848091223169187,1.9350410722682,3.45159874355983,0.560621675934578,0.57505547161035,
BSU_24210,yqiG,93.7178989970289,-0.217687825863589,0.402953763585265,-0.540230283312708,0.589038230643437,0.728109556713838
BSU_24220,spo0A,7087.8842577112,-0.411553836319295,0.154972460262145,-2.65565788671824,0.0079153870423609,0.0294297139946273
BSU_24230,spoIVB,219.628784867223,-2.65303465575649,0.304399977567009,-8.71562040497345,2.89170690886781e-18,8.77013395360909e-17
BSU_24240,recN,1262.53980209116,-0.135838524104167,0.148773016113757,-0.913058884282482,0.361211573012183,0.534019616646842
BSU_24250,argR,249.295144332931,0.159465860617334,0.313351406723092,0.50890424359337,0.610819345322112,0.745698372696288
BSU_24260,yqxC,1155.14262529084,-0.251554518554174,0.148457341291725,-1.69445657833693,0.0901785561364019,0.19994681428468
BSU_24270,dxs,2388.65739227904,-0.262937873555775,0.15634924378134,-1.6817342201124,0.0926203892146484,0.204082082306901
BSU_24280,ispA,130.271424359841,-0.141874346519767,0.333877204808042,-0.424929718102005,0.670887909866293,0.786251743111312
BSU_24290,xseB,24.7803858653828,-1.17647141550309,0.609344307318732,-1.93071700411851,0.0535180589155416,0.135038184535884
BSU_24300,xseA,110.442478378221,-0.198809663587958,0.297888356046345,-0.667396558316723,0.504518863708661,0.657972937544554
BSU_24310,folD,513.076401770221,0.103785361157078,0.175528988459951,0.591271915070356,0.55433824417161,0.698775944905923
BSU_24320,nusB,296.610704423043,-0.088154369078356,0.222577010690347,-0.396062328292286,0.692059048349319,0.801505477242683
BSU_24330,yqhY,1192.25753648315,0.0215084875109945,0.170404721955158,0.126220020573459,0.899557763980049,0.941022927658964
BSU_24340,accC,2243.85623444389,0.438909769864872,0.190153398117526,2.30818788520203,0.0209886886951707,0.0645314787832692
BSU_24350,accB,304.537901186454,0.536995812917409,0.237037026504848,2.26545118640537,0.0234850062791077,0.0705214544986502
BSU_24360,spoIIIAH,2830.73646685577,-1.93468631392164,0.253667729032586,-7.62685234460039,2.40554845933997e-14,5.462010031207229e-13
BSU_24370,spoIIIAG,810.595395841947,-2.11889773622355,0.219298840495058,-9.66214746708296,4.36613907932916e-22,1.70079142484694e-20
BSU_24380,spoIIIAF,589.277611553826,-1.84466954906037,0.27444606913992,-6.72142820205564,1.7995190263346097e-11,3.35120955518279e-10
BSU_24390,spoIIIAE,296.751257920373,-2.00971358790814,0.291023387233308,-6.90567726193425,4.996447456407499e-12,9.687176210002849e-11
BSU_24400,spoIIIAD,156.89548361035,-2.69874018522731,0.324800333975677,-8.3089205980601,9.657651462282881e-17,2.64557342637762e-15
BSU_24410,spoIIIAC,132.911291056888,-2.07061734705423,0.404399410167991,-5.1202284053631,3.05165821761357e-07,3.35682403937492e-06
BSU_24420,spoIIIAB,284.052954774542,-2.33306289273837,0.285356608607308,-8.17595535679006,2.93530670467927e-16,7.88817232156213e-15
BSU_24430,spoIIIAA,858.141486594212,-2.25413199234512,0.225632485236345,-9.99028127525153,1.68104055066786e-23,7.67494427756531e-22
BSU_24440,yqhV,246.607984229818,-2.95103579259355,0.328645576090099,-8.979386936231,2.72279629626559e-19,8.96201013484006e-18
BSU_24450,efp,828.6495847293,0.448605928839323,0.158929761359704,2.82266785655079,0.0047625883490425,0.0193882551582305
BSU_24460,papA,1825.40850469785,0.502609725122648,0.157545362587858,3.19025401234745,0.0014214779462396,0.0069856427774695
BSU_24470,yqhS,432.956322400034,-0.0186261047429029,0.225584561578524,-0.0825681713880022,0.93419491038166,0.963524922023674
BSU_24480,yqhR,53.4559909075089,-3.47765466952036,0.687280865254795,-5.06001963001122,4.19213317390145e-07,4.47231091868984e-06
BSU_24490,yqhQ,1599.04428649993,-0.519208592541551,0.142779465895787,-3.6364374196533,0.0002764347619162,0.0016719971497101
BSU_24500,yqhP,1158.36263651874,-0.465011088346807,0.176410122719321,-2.63596601588826,0.0083898133646506,0.030762649003719
BSU_24510,yqhO,201.893777092957,-3.89924832528123,0.389495349772556,-10.0110266465522,1.3633035624570302e-23,6.43176325132508e-22
BSU_24520,mntR,694.448835397253,0.156952126999893,0.190456080039249,0.824085673545043,0.409890879851597,0.577245995306759
BSU_24530,lipM,519.888799938251,0.0257958908116148,0.18660345528304,0.138239084439715,0.89005146669623,0.935666879819805
BSU_24540,yqhL,301.168557109978,0.0591988467336162,0.2190883995115,0.270205300078011,0.787002315433663,0.869758415234599
BSU_24550,gcvPB,19544.2584556443,0.666436934719658,0.148631320701518,4.48382569416846,7.33165586921851e-06,6.35310424912281e-05
BSU_24560,gcvPA,10943.8068185317,0.582693431844485,0.160778402992931,3.62420213783381,0.0002898548510865,0.0017407690208111
BSU_24570,gcvT,8463.06145940745,0.65034037531404,0.143718417111407,4.52510115533704,6.03666252500416e-06,5.29579939693547e-05
BSU_misc_RNA_37,swgA,1408.21747227715,0.403133023435127,0.161578688488391,2.49496407729594,0.0125969882265099,0.0428923913470417
BSU_24580,yqhH,336.877984747333,-2.74297127738539,0.270204342539899,-10.1514700008212,3.2640926444622403e-24,1.57492470095303e-22
BSU_24590,yqhG,163.679620526041,-2.28459823537725,0.283589414346247,-8.05600674709207,7.88272843220577e-16,2.00419550437998e-14
BSU_24600,sinI,714.664298879956,-0.254830980621574,0.169417057997249,-1.50416365172456,0.132539234292391,0.265328424707918
BSU_24610,sinR,3462.26142829335,-0.153266013859495,0.12481631450878,-1.2279325380074,0.219472293747471,0.378505020004778
BSU_24620,tasA,119.914665023086,-1.34717474502458,0.434614107689403,-3.09970321070973,0.0019371464325378,0.0090485409819095
BSU_24630,sipW,9.87536960507684,-3.76579248110585,1.2108729192684,-3.10998158533523,0.0018709900787527,0.0087587914822317
BSU_24640,tapA,3.75132996697989,-0.299627284746243,1.86231840461249,-0.16088939678851,0.872180513645037,0.925652713761933
BSU_24650,yqzG,76.4262007961107,-1.78389169134555,0.393763503560298,-4.53036321349263,5.88823681395454e-06,5.20393084468487e-05
BSU_24660,spoIIT,44.3660397214138,-2.14144584809659,0.507530654773695,-4.21934286718396,2.45015418724913e-05,0.0001874478320551
BSU_24670,comGG,11.3991963507539,0.626999941346149,0.962460862231398,0.651455000354501,0.514752816438993,0.667167417155057
BSU_24680,comGF,17.631124294601,1.77275362939517,0.90837117962277,1.95157405822954,0.0509887956791456,0.130263794496782
BSU_24690,comGE,17.4090535965137,0.892275971862608,1.01129268715067,0.882312295144354,0.377607949353542,0.547583112348067
BSU_24700,comGD,23.5224886031219,2.03720625257192,0.78730253136173,2.58757741963352,0.0096653473005754,0.0345446672039087
BSU_24710,comGC,12.0065673213986,0.745090667791442,0.941546379925009,0.791347812150036,0.428741054991052,0.594136592523501
BSU_24720,comGB,70.2915846919325,2.4197087629863,0.697590941283358,3.46866425549444,0.0005230526755648,0.0029183727469756
BSU_24730,comGA,138.644216602217,0.931423903506203,0.309434117560896,3.0100879335741,0.0026117206541423,0.0115997551228957
BSU_24740,yqxL,15.9231033478029,-1.91570178778831,0.878188671255001,-2.18142393598704,0.0291520748185912,0.0832972474291643
BSU_24750,yqhB,12.6090610798954,-1.50937897316262,1.0367048168141,-1.45593899891495,0.145409483534725,0.283735600684027
BSU_24760,rsbRD,100.006101018265,-1.97738561931634,0.530018796892251,-3.73078394749523,0.000190884870037,0.0012078944235133
BSU_tRNA_73,trnSL-Gln1,0.939490441401181,-0.657665086034851,3.39058011726171,-0.19396830727775,0.846200697709288,
BSU_24770,mgsR,590.756113992037,-1.20930180809183,0.211814126462492,-5.70925947333345,1.13468789922342e-08,1.56934358960998e-07
BSU_24780,yqgY,2553.1370714149,0.172312990327298,0.21362183215374,0.806626310569639,0.419881810616624,0.587613107408763
BSU_24790,yqgX,249.824574140484,0.513094388754867,0.259112682689178,1.98019789471423,0.0476812963454883,0.123598769403506
BSU_24800,yqgW,4145.76802616932,0.183722201458713,0.145285502617119,1.26455976783099,0.206029182858037,0.361637003065409
BSU_24810,yqgV,499.874931634105,-0.355442734176703,0.251744255063979,-1.41191994266709,0.157973534989019,0.300679500897311
BSU_24820,yqgU,891.658431796685,-0.378922738879835,0.196625239815765,-1.92713173158685,0.0539632151308708,0.135739224790093
BSU_24830,yqgT,547.336218796883,-1.09818719692493,0.183656150273352,-5.9795830158173,2.2370953203213703e-09,3.36833571988813e-08
BSU_24840,ltaSC,4720.3666635813,0.289721348207636,0.136440906628641,2.12341998720506,0.0337186737980146,0.0938816320959803
BSU_24850,glcK,461.77900811528,0.498023240237102,0.178603883923394,2.78842334946485,0.0052965279505184,0.0212616450728081
BSU_24860,yqgQ,76.2034909972586,0.523781238164003,0.37646572442232,1.39131188893155,0.164130870174877,0.309183529175922
BSU_24870,glpG,286.939385458064,0.311898476862858,0.222909335272455,1.39921675546533,0.161747993523907,0.306187950135153
BSU_24880,yqgO,17.7772517098941,-1.8482225510033,0.812221197369895,-2.27551627190739,0.0228749776817191,0.0691296478552166
BSU_24890,folN,52.6553030350546,-0.815112646850121,0.465862847594311,-1.7496837342993,0.0801729019450497,0.183738004253935
BSU_24900,rpmGA,179.038784821792,-0.650119041915459,0.287158205915788,-2.26397514861934,0.0235756433011818,0.0707109642122562
BSU_24910,yqgM,237.560357228449,1.2914628663016,0.408224778938516,3.16360724025551,0.0015582693052013,0.0075357761616001
BSU_24920,yqgL,240.706931939668,1.42534682934307,0.290632424028206,4.90429391733919,9.37640035136411e-07,9.59330021491374e-06
BSU_24930,yqzD,467.885418450546,-0.391994280155739,0.315946401510036,-1.24069867003466,0.214717085806173,0.373621528816882
BSU_24940,yqzC,914.737352488455,-0.0807150356686718,0.251555539313502,-0.320863678410517,0.748313700136614,0.84346694207063
BSU_24950,pstBB,7.92477255808852,-0.816055674042486,1.2673376835227,-0.643913366305159,0.519631613799337,0.670828772329579
BSU_24960,pstBA,11.0589831952396,-1.86069415607541,1.05103560544669,-1.77034359866868,0.0766699192731298,0.177502986496025
BSU_24970,pstA,4.94243320675337,-0.626156696494747,1.56822290446458,-0.399277867140021,0.689688473497432,0.799815236442109
BSU_24980,pstC,5.74064631547852,-0.0488477825845104,1.40847276542934,-0.0346813824047355,0.972333806684756,0.982515312513915
BSU_24990,pstS,4.87126550489958,-0.182281245567407,1.53853683333213,-0.11847701115652,0.905689709231191,0.944386160853556
BSU_25000,pbpA,861.748949202889,0.663555902863124,0.193344477968583,3.43198786867318,0.0005991743599567,0.0032911957728023
BSU_25010,yqgE,18.7288052309055,-5.51035170508253,1.20859409054576,-4.5593071720169,5.1322656626874e-06,4.6102703019514e-05
BSU_25020,sodA,8161.19860645603,0.39425855288491,0.132117847193957,2.98414303032136,0.0028437380567899,0.0124994946057249
BSU_25030,yqgC,165.124014948995,-0.334648569117258,0.261117819696683,-1.28159989044788,0.199983038645395,0.354098407876708
BSU_25040,yqgB,78.6802947594307,-0.33548497766781,0.446757452096048,-0.750933143014893,0.452692892869603,0.614825178198466
BSU_25050,yqgA,1194.1430007946,0.551068960159732,0.207894087234143,2.65071973662765,0.0080320460731135,0.02981124792521
BSU_25060,yqfZ,62.9362053407962,-1.46434146252547,0.545686462420283,-2.68348504749537,0.0072859233189751,0.0274986936998832
BSU_25070,ispG,901.342665723011,-0.0500880790564238,0.19018934049039,-0.263359023840532,0.792273870309562,0.872188013726914
BSU_25080,yqfX,21.1353862560218,-1.50029083800249,0.771798010245587,-1.94389052327966,0.0519086542963666,0.131820661568405
BSU_25090,yqfW,393.775692812704,0.0478064782946153,0.287512406168945,0.166276227630065,0.867939573214199,0.922240097063937
BSU_25100,zur,1324.8664125803,0.0318176847601938,0.143467594533458,0.221776108142481,0.824488179269329,0.893511181515459
BSU_25110,yqfU,415.00623077525,0.189704932591253,0.202736529805777,0.935721513892893,0.349416590755281,0.520569419069096
BSU_25120,yqfT,334.970050801778,-3.12200715844206,0.427053677866072,-7.31057316738797,2.6600525484723e-13,5.76254240857827e-12
BSU_25130,nfo,999.601628009324,0.169599283991599,0.162480541388404,1.04381289317703,0.296571965231205,0.46690565975962
BSU_25140,cshB,1031.99572169851,0.0099227883629152,0.16083555057644,0.0616952429195637,0.950805528354813,0.971161961365055
BSU_25150,yqfQ,18.2143571264529,-0.0194043581774121,0.762711799271979,-0.0254412717830429,0.979702991628626,0.986908399158991
BSU_25160,ispH,323.84482593809,-0.205872318867567,0.246956062046002,-0.83363946267178,0.404484180952453,0.572707642374612
BSU_25170,yqfO,986.98690504908,0.108943204761671,0.163643720126195,0.665734100139368,0.505581073291922,0.658900318354052
BSU_25180,trmK,413.11742907752,-0.0598225822571006,0.182687981650431,-0.327457677930723,0.743321748088472,0.839623341948298
BSU_25190,cccA,4199.67072872988,0.23028009359088,0.155225510756039,1.48351963842336,0.137936402716631,0.273041239866204
BSU_25200,sigA,4193.79476078551,-0.851841573011551,0.176673095731626,-4.82156929148701,1.42433226683878e-06,1.40767436836351e-05
BSU_25210,dnaG,7112.87615635013,-0.614356018799391,0.1686796680029,-3.64214624129345,0.0002703743930062,0.0016400138181496
BSU_25220,antE,75.7340177319238,-0.294588610077265,0.385465307532444,-0.764241565507084,0.44472330079934,0.607364147698295
BSU_25230,yqxD,2023.90965924172,-0.817101122648911,0.18198610946073,-4.48990928522065,7.12535122569341e-06,6.18696141192111e-05
BSU_25240,ppsR,422.334582880493,0.0860760057028687,0.218588590202568,0.393780872199693,0.693742827573776,0.802187376328501
BSU_25250,ccpN,235.133804188256,0.0283438904842757,0.239792658464185,0.118201660825697,0.905907874035924,0.944386160853556
BSU_25260,glyS,378.866046207439,-0.0142390941674762,0.192951630509039,-0.073796184722104,0.941172562900094,0.967832389978187
BSU_25270,glyQ,121.965408762897,0.125305527071582,0.298528400872977,0.419744073612947,0.674672424455195,0.788293647285844
BSU_misc_RNA_39,tboG,879.694575877025,-0.0308136995755841,0.240073333486964,-0.128351196394985,0.897871051250265,0.939931085702324
BSU_25280,recO,3427.94462220735,0.0481900750127174,0.198523018357842,0.242743009910587,0.808204486634752,0.883076749935964
BSU_25289,yqzL,459.327505705113,-0.0453563117543454,0.217770929006352,-0.208275328398045,0.83501399432732,0.900852829323072
BSU_25290,era,5489.27059255999,0.189356654930049,0.189115826915043,1.00127344188445,0.316694628944829,0.488443659462312
BSU_25300,cdd,1644.19249253547,0.0778853130412092,0.220451575448209,0.353298963197961,0.723864322725956,0.823781268907641
BSU_25310,unpK,94.9125350361404,1.91623049997495,0.432529907042978,4.43028440062192,9.41088932257381e-06,7.89696364894237e-05
BSU_25320,rnrY,208.942877699927,0.0276416238667503,0.228035908620416,0.121216101595481,0.903519870929545,0.943054417887622
BSU_25330,pgpH,945.925971784006,-0.170958543096465,0.153453460316906,-1.1140742134026,0.265247350132021,0.430722555799349
BSU_25340,phoH,3245.53634410196,-0.0448388535295099,0.140007123148211,-0.320261230437853,0.748770310211745,0.843533758864173
BSU_25350,yqfD,445.618094854664,-2.48051470184291,0.196848062422487,-12.6011639196076,2.0805146604931097e-36,1.80282964254158e-34
BSU_25360,yqfC,56.6100962101611,-2.42992032355104,0.473741157721387,-5.12921515039676,2.90952661963243e-07,3.21714844452065e-06
BSU_25370,yqfB,3055.73501498007,-0.549568859997116,0.145539115142001,-3.77609043081585,0.0001593091727862,0.0010280041757605
BSU_25380,floA,3180.13844565914,-0.564146632173884,0.1780436089872,-3.16858681635938,0.0015318199224598,0.0074163140145548
BSU_25390,nfeDA,5603.58195922278,-0.588248722648726,0.142722614688168,-4.1216223787238,3.76213527568348e-05,0.0002773268468845
BSU_25400,yqeY,16643.1152219471,-0.0896079689370825,0.130144886490156,-0.688524700076173,0.491122421382295,0.646205702258824
BSU_25410,rpsU,4474.00410181055,-0.0528074258153919,0.164040455722195,-0.32191708797019,0.747515507395292,0.842795522624957
BSU_25420,yqeW,113.15933407421,-2.82563284105496,0.318882252827491,-8.86105393448651,7.92615071825895e-19,2.49122304647799e-17
BSU_25430,mtaB,461.709621494356,0.302668008528266,0.196007322362528,1.54416684478992,0.122547918638909,0.251007459016308
BSU_25440,rsmE,153.676329534639,0.581280188848363,0.440741807405882,1.31886782483754,0.187213304449573,0.33912444142188
BSU_25450,prmA,332.147269530231,0.0168250586933674,0.219404181731237,0.0766852234109994,0.938873959932567,0.966821235592746
BSU_25460,dnaJ,271.466373948254,0.127169925791831,0.218018515120108,0.583298742869485,0.559692208672083,0.703092638467948
BSU_misc_RNA_79,surC,0.481151352425355,-0.70281033636355,3.46384485605276,-0.202898907303961,0.83921404836366,
BSU_25470,dnaK,1910.85804102937,-0.0685202489910853,0.138584243898507,-0.494430297871861,0.621002321016766,0.753529143662448
BSU_25480,grpE,579.793020588655,-0.0480016560877477,0.195349569522832,-0.245721842157105,0.805897562899077,0.880817703951548
BSU_25490,hrcA,1458.52775732095,0.12782614708702,0.188178094921061,0.679282820567625,0.496958679460008,0.651462350412841
BSU_25500,hemN,139.097591396334,-0.915820389817423,0.304037203783944,-3.01219843630791,0.0025936299184871,0.0115314687265933
BSU_25510,lepA,1499.36997583979,0.24628148028151,0.153831898298549,1.60097797014466,0.109381798555728,0.230488891646461
BSU_25520,yqxA,188.416795072444,-2.97689146434651,0.338691427505382,-8.78939123518031,1.50372546767835e-18,4.6266799534509205e-17
BSU_25530,spoIIP,728.719552445626,-2.75432959253273,0.202923501514467,-13.5732410094272,5.771259636926119e-42,5.83446867104483e-40
BSU_25540,gpr,476.571135355183,-3.13632704168399,0.264727207374819,-11.8473921618618,2.21992071311138e-32,1.7137787905219898e-30
BSU_25550,rpsT,4078.86861513569,0.245430563687913,0.174609991283847,1.40559289811165,0.159845046119852,0.3033983307219
BSU_25560,holA,275.612536280199,0.297278553122504,0.243000802247256,1.22336449251727,0.22119205826539,0.380081537594028
BSU_25565,BSU_25565,5.80918893946057,-0.111766982832607,1.4958160090379,-0.0747197396987982,0.940437701567553,0.967554756689079
BSU_25569,yqzM,90.3239967413921,-0.601751627628539,0.366092799584398,-1.6437133653316,0.10023542388093,0.216479964292182
BSU_25570,comEC,208.6892940457,0.407247231615922,0.222789060560413,1.82794985800252,0.0675570773280397,0.161604141033722
BSU_25580,comEB,343.529410361664,0.470741563343605,0.231741777251434,2.0313193802465,0.0422226066596118,0.11218847802047
BSU_25590,comEA,17.5788101855867,0.354853351891134,0.693661066617229,0.511565905841659,0.608954851986497,0.745151524533961
BSU_25600,comER,1053.68448210915,-2.2699142305725,0.177327756326751,-12.800670789461,1.62541104149713e-37,1.4378115171243402e-35
BSU_25610,yqeM,1103.42089424289,0.199704673060606,0.150806205668337,1.32424705054783,0.1854210093795,0.337751010650088
BSU_25620,rsfS,503.283654238146,0.341001910914334,0.192114084543073,1.77499693333457,0.0758983935458898,0.176486625956105
BSU_25630,yqeK,623.533255424366,0.478626796956006,0.229028077575321,2.08981711772261,0.0366342310749633,0.0998388608114854
BSU_25640,nadD,901.392459654465,0.290808311436197,0.169557010359278,1.71510638704939,0.0863257235296344,0.193628643479571
BSU_25650,yqeI,551.084055458137,0.235558921197433,0.187053393224825,1.25931380947635,0.20791700723057,0.3644986014455
BSU_25660,aroE,1276.50590085012,0.3281993933732,0.183055637662172,1.79289421273597,0.0729898409046699,0.17077824523169
BSU_25670,rgpH,783.082805223205,0.359558392324101,0.21846287338207,1.64585582326965,0.0997934460118908,0.215635100135617
BSU_25680,yqeG,307.245446466298,0.152391633464311,0.21154892929391,0.720361166435355,0.471302653388773,0.630879907405022
BSU_misc_RNA_80,sdaM,86.7059304586103,-0.682113325871655,0.408090970104614,-1.67147370522998,0.0946281482444328,0.20743727643113
BSU_25690,sda,75.6929628114459,0.158734041284128,0.390759356659101,0.40621942527817,0.684581382354398,0.796960284247447
BSU_25700,yqeF,78.7887436521581,0.348066701615346,0.353301296744991,0.985183764741675,0.324533813887612,0.496029724178114
BSU_25710,cwlH,18.373768245473,-0.728004464611037,0.997052945585618,-0.730156274884123,0.46529466627451,0.624807448767099
BSU_25720,yqeD,65.7030439179911,1.35562698391142,0.475473489336303,2.85110950308438,0.0043566962878845,0.0180122029584787
BSU_25730,yqeC,55.9400675273391,-1.51467958248205,0.522064590922285,-2.90132602137641,0.0037158705489904,0.0158092047605344
BSU_25740,yqeB,317.862823636133,0.768900251278741,0.224164203434668,3.4300759866989,0.0006034122419152,0.0033101917043565
BSU_25750,nucB,50.3850979733928,-1.66767226382826,0.553224874918981,-3.01445639817351,0.0025744021183024,0.0114579784007464
BSU_25770,spoIVCA,1198.48481285368,-2.51475064035676,0.282512010090731,-8.90139374800073,5.51497394038086e-19,1.76064506397422e-17
BSU_25780,arsC,1166.95597475764,-0.429773623752584,0.194715448116764,-2.20718811942883,0.027300919439925,0.0791183769831389
BSU_25790,arsB,1144.43204683631,-0.557920947410219,0.150740820596359,-3.70119351349541,0.0002145877407598,0.0013430557846731
BSU_25800,yqcK,545.944281844726,-0.670893214345541,0.193488802150723,-3.46734905011677,0.000525618866013,0.0029288421326661
BSU_25810,arsR,284.203000881299,-0.168895274345039,0.241961410128041,-0.698025665562385,0.485161143440091,0.641888196897333
BSU_25820,yqcI,55.2139861471744,-0.626978321209584,0.4597188112633,-1.36383003229008,0.172621065850747,0.320905886866144
BSU_25830,rapE,851.341823037595,-0.0610361398620971,0.204298340397826,-0.298759841823692,0.765123293808205,0.856954235164768
BSU_25840,phrE,1681.32997091035,-0.497190119902021,0.243888710027142,-2.0385942418027,0.0414905404030995,0.110728368668486
BSU_25850,yqzI,120.205714790976,-0.351389919570835,0.327742684665277,-1.07215183133594,0.283651841620822,0.452350372510515
BSU_25860,rttG,1505.1374769912,-0.191113610468784,0.184531686939705,-1.0356682564292,0.300356936449955,0.471291778332044
BSU_25870,rttF,570.893213289064,-0.195425215553871,0.221031306610042,-0.884151745520163,0.376614303049228,0.547232068605444
BSU_25875,BSU_25875,0.882744510686904,-1.7264338079016,3.43911737947959,-0.501999093779941,0.615668158437469,
BSU_25880,yqxJ,219.36016818256,0.116899072305304,0.29828870324095,0.391899093177781,0.69513277304109,0.803436764237744
BSU_25890,yqxI,675.471427906463,0.214615609204814,0.189445067174798,1.132864594499,0.25727112029293,0.421440268813187
BSU_25900,cwlA,2.82433489645957,-2.55012427154907,1.85213186260119,-1.37685891757598,0.168555870884925,
BSU_25910,yqxH,0.555072307392504,1.68440322869401,3.487050821404,0.483045219288147,0.629063629128947,
BSU_25920,yqxG,13.2842693381237,0.227166188542387,0.8239020631869,0.275719892803394,0.782763215416636,0.868094358754188
BSU_25930,yqcE,4.35129039990156,-1.64780698920636,1.50414667533705,-1.09550951128959,0.273293480907625,0.44021400604468
BSU_25940,yqcD,2.95679367958514,-3.66247416012018,1.98191331201545,-1.84794871597877,0.0646097621234789,0.156362553075473
BSU_25950,yqcC,6.78284098626096,-0.0397314805969146,1.24948726989577,-0.0317982276043747,0.974632960089935,0.983668064782948
BSU_25960,yqcB,0.152326364432249,0.899619762250337,3.51182605667256,0.256168656343624,0.797820609904904,
BSU_25970,yqcA,1.63043763501206,0.007574725500256,2.8629522935862,0.002645774264987,0.997888980025497,
BSU_25980,yqbT,1.4801716356342,-0.408027997274459,2.51721872487864,-0.162094772791002,0.871231222470355,
BSU_25990,yqbS,0.0761631822161247,0.596204354464691,3.52332866522585,0.169216218841303,0.865626572963566,
BSU_26000,yqbR,3.83683588720764,-4.32308801188758,2.29441855689366,-1.8841758400614,0.0595411944001642,0.146918490661359
BSU_26010,yqbQ,1.36540055311454,-0.137576641981824,2.58939786666589,-0.0531307466314429,0.957627733773307,
BSU_26020,yqbP,2.72484226700742,-0.0180818851609475,2.31333840331546,-0.0078163597401196,0.993763510745292,
BSU_26030,yqbO,60.107754843993,-0.720065068865942,0.43376445931979,-1.66003703944559,0.0969070014358756,0.211117048792575
BSU_26050,txpA,297.918405259775,-0.630420896814308,0.348465602377402,-1.8091337925846,0.0704302203022827,0.166250153178255
BSU_misc_RNA_81,ratA,346.757264906497,-0.837843864666841,0.326357109684829,-2.56726095373245,0.0102505438818652,0.036360742959398
BSU_26055,bsrH,168.321183804803,-0.019705028283515,0.346601493571291,-0.0568521158996735,0.954662998552924,0.973030973420175
BSU_misc_RNA_92,asrH,40.9512951278404,-0.84222620172609,0.577721294591185,-1.45784171297005,0.144884177688078,0.282970661666779
BSU_26060,yqbM,11.8522175043016,-1.57976417857169,1.08579569732653,-1.45493685640993,0.145686743177479,0.284052826106496
BSU_26075,yqbK,14.5322798097577,0.48852777361294,1.1597350821403,0.421240834338956,0.673579229155382,0.787883583193871
BSU_26089,yqzN,1.33000377867321,-1.19797605668576,3.46685348326143,-0.345551394793518,0.729679879409375,
BSU_26090,yqbJ,2.00880775953589,0.663541295611015,2.70640705946073,0.245174240619676,0.806321520802571,
BSU_26100,yqbI,1.32843192630569,-0.78203943906765,2.92675680684627,-0.267203423679857,0.789312540245977,
BSU_26110,yqbH,1.5584319499134,-0.323039072215326,2.50150236145055,-0.129138024090453,0.89724843502343,
BSU_26120,yqbG,7.32834230731455,-0.906939784273601,1.1636845848053,-0.77936908000319,0.435762332396558,0.599173207045267
BSU_26130,yqbF,1.80313497416562,0.331513314490319,2.62345341819255,0.126365237587759,0.899442817916432,
BSU_26140,yqbE,18.0152170954747,-0.674723212104738,0.78339102782823,-0.861285345551189,0.389080904781872,0.558120784359401
BSU_26150,yqbD,18.565846753227,0.703913801956852,1.01905345575907,0.690752578266389,0.489721041388613,0.645562105475335
BSU_26160,yqbC,143.77051487378,0.539727660245943,0.292217432575705,1.84700705734288,0.0647461174661837,0.15655581706231
BSU_26170,yqbB,18.2621318893774,-0.879755520427855,0.650564248706463,-1.35229613704888,0.176280599675376,0.326355224738825
BSU_26180,yqbA,28.2589020185936,-1.68980394545621,0.881312196587303,-1.91737269948109,0.0551905999934122,0.138009003281524
BSU_26190,yqaT,70.2248621171611,-0.255807561575063,0.373496800575891,-0.68489893669942,0.493407697028484,0.648208255440267
BSU_26200,yqaS,92.1216338967034,0.0851345769775126,0.307680744034178,0.276697774001923,0.78201218125458,0.867945469901887
BSU_26210,yqaR,221.887088674248,0.394565796832147,0.228175581043137,1.72922008143173,0.0837697136047759,0.189396274742214
BSU_26220,yqaQ,0.424427118824305,0.820520912872354,3.46395335323431,0.236874123061222,0.812754445546186,
BSU_26230,yqaP,2426.32683459809,0.0574325063248798,0.158683343166694,0.361931537228505,0.717403192036211,0.819322930948904
BSU_26240,yqaO,3.78392539528674,0.709655155962218,1.51658260310609,0.467930434193814,0.639834338493822,0.765958563870436
BSU_26250,yqaN,3.32056943501044,0.589675685198069,2.25498749067202,0.261498428544424,0.793708161212907,0.873078977334198
BSU_26259,yqzO,0.228614849251788,0.831550120450893,3.50171080058864,0.237469673483918,0.812292443446047,
BSU_26260,sknM,1.92490129917243,-2.98005242389277,2.24695915809262,-1.32626016505901,0.184753536658236,
BSU_26270,yqaL,2.95364098044007,-1.60760037439762,1.8932705507243,-0.849112861224517,0.395818494531957,
BSU_26280,yqaK,10.1819037917229,-3.2866290777621,1.21774432050044,-2.69894839370833,0.0069558961882358,0.0265512334285557
BSU_26290,yqaJ,7.64944924658595,-3.10803729766358,1.34472483549436,-2.31128124923861,0.0208173250372533,0.0640974344511803
BSU_26300,yqaI,1.06771597614489,-2.85150577088603,3.4546939485139,-0.825400401130368,0.409144307264209,
BSU_26305,BSU_26305,0.0,,,,,
BSU_26310,sknH,0.815988471160395,-1.096018245929,3.44626774374982,-0.318030497751299,0.75046180310934,
BSU_26320,yqaG,1.86157162958899,0.289864826947477,2.76325552305605,0.104899754846739,0.916455353500076,
BSU_26330,yqdA,1.67814241267798,-0.677829088431539,3.20294232638165,-0.211627003973337,0.832398040335158,
BSU_26340,yqaF,9.43184821012831,-4.72124866481425,1.47131934274325,-3.20885380057028,0.0013326523667888,0.0065949206869292
BSU_26350,sknR,193.471580357846,0.130224952895847,0.250495608610132,0.519869204966889,0.603154740373359,0.740814297837802
BSU_26360,yqaD,51.2704543886338,-1.22319788521449,0.427806205696819,-2.85923361775951,0.0042466591381022,0.0176951076549381
BSU_26370,yqaC,188.108382154016,-1.25969147440888,0.237297588393829,-5.30848831180805,1.10538172399085e-07,1.32583355934044e-06
BSU_26380,yqaB,35.3970513890059,-0.255956437894662,0.552992111553353,-0.462857304014122,0.643466653181607,0.768539918258539
BSU_26399,BSU_26399,22.8854686370008,-4.58167720538453,1.03364161868825,-4.43255875397021,9.3121315219964e-06,7.84510127825331e-05
BSU_26400,yrkS,2.05529736208426,-3.22276581531461,2.91865815403503,-1.10419434042289,0.269508844190624,
BSU_26410,psiE,19.0379104280468,-0.773354786127735,0.707936268990497,-1.09240735360335,0.274654092225896,0.441400937014062
BSU_26420,yrkQ,132.878223618622,-0.161670709159671,0.283842330815071,-0.569579275562682,0.568963088074673,0.710952699224562
BSU_26430,yrkP,79.3160323155788,0.141643612615391,0.350529845945106,0.404084314799182,0.686150718765042,0.79746190570029
BSU_26440,yrkO,63.3534730823206,0.647334297757704,0.375338621533144,1.72466743527096,0.0845874229123674,0.190891091820013
BSU_26449,BSU_26449,10.0816173365965,0.88823090164428,0.885852757510144,1.00268458173661,0.316013071363099,0.487911403642979
BSU_26450,yrkN,112.689880244947,0.408591152242361,0.313344824046693,1.30396649596955,0.192245006050982,0.345585222562435
BSU_26470,yrkL,640.861566635724,0.642680496845617,0.184128598916614,3.49038932912679,0.0004823173342511,0.0027088880968657
BSU_26480,yrkK,208.842764909179,0.260758823068328,0.233345238844457,1.11748079523553,0.263788806479295,0.429136885942946
BSU_26490,yrkJ,5.60087346677942,0.278350257326653,1.39273107023038,0.199859300389277,0.841590621779329,0.906262688327423
BSU_26500,yrkI,30.5932613882547,-0.195235871978402,0.52322330176905,-0.373140629093349,0.709043781155393,0.814660109294943
BSU_26510,yrkH,89.6092762187915,-0.40243464739883,0.359100275617127,-1.12067484968435,0.262426291467776,0.427341407695142
BSU_26530,yrkF,29.0242900287223,0.184775568700429,0.526963822974302,0.350641847968831,0.725857057274357,0.82497812611293
BSU_26540,yrkE,11.6857352724981,-0.820127820207315,0.902062215194353,-0.909169906901172,0.363260446365792,0.534944936338356
BSU_26550,yrkD,413.869710965666,0.30759375971962,0.182618194709945,1.68435439967072,0.0921131979272261,0.203280997088878
BSU_26560,yrkC,275.493592687519,-0.121738415244142,0.205876966860804,-0.591316343447251,0.554308480973778,0.698775944905923
BSU_26569,BSU_26569,20.8141846360879,-0.99057052121514,0.802005252197615,-1.23511724954522,0.216786870505696,0.375835814229453
BSU_26570,yrkB,14.5796149211031,-0.0028186350852176,1.00303840290568,-0.0028100968786961,0.997757870037012,0.99869870725534
BSU_26580,bltR,91.5318767727586,-0.335744036786526,0.319191972669888,-1.05185614155077,0.292865556719187,0.462098533567324
BSU_26590,blt,54.3581150082788,-0.129648330782361,0.467012482429568,-0.277612131709807,0.781310118326295,0.867759027573489
BSU_26600,bltD,39.8304637212186,-0.263050751229558,0.496998593754371,-0.529278663028903,0.596612154848434,0.7344781703353
BSU_26610,yrkA,1219.70511171557,-0.420753779435505,0.161341611111187,-2.60784416702983,0.0091114423530333,0.0328693154044005
BSU_26619,yrzO,19.7662435324682,-0.46815591659643,0.823043019286135,-0.568810992410195,0.569484414005828,0.71136006782393
BSU_26620,yrdR,144.332966365081,0.138184005551184,0.389395579454647,0.354867935955288,0.722688530537302,0.82288428550855
BSU_26630,czcR,194.996639059391,0.384804325011102,0.256916346928059,1.49778061852504,0.134190257970693,0.26737298702185
BSU_26640,yrdP,60.0098982249866,-0.782625716087376,0.444459273929804,-1.76084910810294,0.0782639455235376,0.180308579865947
BSU_26650,czcD,53.1999923142692,0.192985745104522,0.652926228876355,0.295570520174444,0.767558089707924,0.858548906454121
BSU_26660,yrdN,40.0821129927963,0.0512496795482299,0.515365058436106,0.099443450248158,0.920786185402453,0.952877929129616
BSU_26670,gltR,56.3800386343656,-0.795709385735353,0.487696463944134,-1.63156685471991,0.102770765420152,0.220052783647991
BSU_26680,yrdK,48.4770601366057,-0.289998140870367,0.470455839473357,-0.616419473494049,0.537617704144228,0.685091468126168
BSU_26690,brnQ,164.802427511468,0.226562077028686,0.283097024701711,0.80029833329194,0.423537968525227,0.590782593415938
BSU_26700,azlD,64.2030637598378,-0.139343603657255,0.431575487895269,-0.322871913640911,0.746792247745298,0.842646793496288
BSU_26710,azlC,91.6587306677855,-0.02271465191362,0.459377072026551,-0.049446638277818,0.960563361622159,0.975309244366774
BSU_26720,azlB,72.3885810652339,-0.23433275042584,0.49378058805587,-0.474568575788819,0.635094508754324,0.762616313396737
BSU_26730,yrdF,9.32615238346504,0.992208015674439,1.24202235441228,0.798864861127199,0.424368776024577,0.591093272516513
BSU_26740,cypA,266.993962822221,-1.0687709043895,0.252970384911121,-4.22488547331344,2.39062323236287e-05,0.0001835549049658
BSU_26760,yrdC,112.763559375706,0.0502478830817706,0.321897405276866,0.156099062179616,0.875954937574345,0.926810985000351
BSU_26770,yrdB,229.206885251387,0.740553425352255,0.268724502246127,2.75580908760592,0.0058547158627126,0.0229751604002567
BSU_26780,yrdA,1123.01252836632,-0.345567529281143,0.172401813180177,-2.00443094481837,0.0450239172549869,0.118015963027224
BSU_26790,aadK,339.7635813851,0.139985291876082,0.22578514489826,0.619993365547413,0.53526215485771,0.682909588198869
BSU_26800,yrpB,952.2179969086,-0.33115694631418,0.168154974995761,-1.96935562758419,0.0489122674100471,0.125563172565333
BSU_26810,murI,138.844531962669,0.101128248603218,0.318954769487506,0.317061408944316,0.751197006477041,0.844738921749268
BSU_26820,yrpD,2072.55194123932,0.872855146897948,0.288636048373375,3.02406837890476,0.002494000621187,0.0111351489353946
BSU_26826,yrpDX,83.3797076386508,-0.139055902903094,0.472903012830847,-0.294047403231143,0.768721681103487,0.859356048441558
BSU_26827,BSU_26827,6.19080881941312,-0.0450361835013291,1.23921795275838,-0.0363424233816844,0.971009323299762,0.982111859630964
BSU_26830,zinT,9.20696016102129,-1.26187761589598,1.07278032505323,-1.17626841807838,0.239487631848042,0.401399275599099
BSU_26840,sigZ,38.9255948738321,0.691708321539743,0.480779378509108,1.43872294124744,0.150229036761397,0.290337956344512
BSU_26850,yrpG,18.4343194350848,-0.0981587786794342,0.667329867903374,-0.147091840783076,0.883059529941072,0.932240369002932
BSU_26860,yraO,231.283408958575,0.23806663259032,0.231056679254235,1.03033867429719,0.30285105026783,0.474153967344103
BSU_26870,yraN,108.357084891674,0.552144056449579,0.31706237247546,1.74143671523909,0.0816070572067983,0.185892470439949
BSU_26880,prpF,25.6210476983941,0.235343489007544,0.556052439695992,0.423239738209246,0.672120356408483,0.786830613127412
BSU_26890,csn,2262.02318497139,-0.207049368102032,0.180116445077491,-1.14953061622415,0.250337249741308,0.412148880341835
BSU_26900,yraL,1466.5629999866,0.0396094647605694,0.174849934342749,0.226534055671563,0.820786074979345,0.890635746067543
BSU_26910,yraK,129.155339665039,-0.0157303847157472,0.339831140294945,-0.0462888265686732,0.963080044871011,0.977285230374293
BSU_26920,yraJ,365.208423674663,0.571799579810207,0.217658680395522,2.62704698370472,0.0086129440819952,0.0314180073643914
BSU_26930,yraI,178.748926683808,0.717499049343946,0.348075882723228,2.06132939671222,0.0392716255224944,0.105536279726906
BSU_26935,BSU_26935,3.51331992617516,1.1255754052043,1.84489457564612,0.610102831924745,0.541793690816414,0.687113503944592
BSU_26940,yraH,62.3613851205782,0.338381815846095,0.458285619541954,0.738364464030749,0.460293002855755,0.620008345134452
BSU_26950,yraG,5.41791494990583,0.113953784942527,1.68912983813907,0.0674630110543021,0.946213107814949,0.969737112184956
BSU_26960,yraF,7.29045217844261,-1.85471669441737,1.1363387230763,-1.63218647464225,0.102640209164566,0.21999511767428
BSU_26970,adhB,32.2858038331731,-1.80753382091941,0.638502407291335,-2.83089585924563,0.0046417831758501,0.0190199556459455
BSU_26980,yraE,2.20524170443072,-1.23288206651552,2.22216026518475,-0.554812398471637,0.579022985736906,
BSU_26990,yraD,17.3262142128596,-0.645816131036366,0.733183228230736,-0.880838658291192,0.378405152584122,0.548436889832026
BSU_27000,adhR,38.175641840381,0.0532911895049773,0.496032314910494,0.107434914829276,0.914443956761372,0.949554668723107
BSU_27009,yrzP,2.55615361285135,-0.517124547983484,2.17532901598218,-0.237722452182709,0.812096368473728,
BSU_27010,adhA,54.3930015786446,0.55714336804241,0.500576602977877,1.11300321414949,0.265707049072665,0.431266104878644
BSU_27020,sufL,646.653245575459,-0.0728179750787271,0.179403807785777,-0.405888681948589,0.684824394477537,0.796960284247447
BSU_27030,sacC,332.766537190227,-0.278024774074617,0.231406267815025,-1.20145740519378,0.229573819773316,0.390675387290266
BSU_27035,BSU_27035,52.7156874154233,-0.735638318478422,0.482018116637339,-1.52616321479863,0.126969222039112,0.256819918958477
BSU_27040,levG,167.194044690847,-0.710919822235848,0.28676163068688,-2.47913160673895,0.0131702701044361,0.0445504082764222
BSU_27050,levF,116.033082762953,-0.315924844940188,0.326090269760854,-0.96882634729297,0.332631838539302,0.505134043790371
BSU_27060,levE,77.667675800071,-0.390688626487697,0.353882264161299,-1.10400736644327,0.269589942228032,0.435873830833426
BSU_27070,levD,115.938720030117,0.151441702263652,0.355339189093805,0.426189136779039,0.669970032580441,0.785609709565466
BSU_27080,levR,284.923841231914,0.109260584309268,0.203596665225115,0.536652131254015,0.591507927181781,0.729675380248066
BSU_27085,BSU_27085,3.75557692528738,-0.106017546562727,1.89601502037285,-0.0559159845378646,0.955408736932325,0.973407864280934
BSU_27090,aapA,33.8726535603424,0.825783030080143,0.614548147620026,1.34372389417846,0.179037687697589,0.328803642717977
BSU_27100,yrhP,104.426851277069,-0.278055202895868,0.333455547814775,-0.833859879429325,0.404359947870227,0.572707642374612
BSU_27110,yrhO,170.285446805321,0.0263676925324116,0.25675303841732,0.102696710796287,0.918203684247358,0.951698335985215
BSU_27120,sigV,10.4837832580971,-0.71813102204093,1.06554977190044,-0.67395352237758,0.500340862898308,0.654078603407087
BSU_27130,rsiV,46.6902384263937,-0.961740079144871,0.491385670908919,-1.95720008962804,0.0503239482937844,0.128875442976724
BSU_27140,oatA,38.2250294408381,-0.168778226951444,0.464571423321869,-0.363298770605848,0.716381711613124,0.818997508753184
BSU_27150,yrhK,6.31793370688379,-1.07586950021397,1.18227897941347,-0.909996302858828,0.362824459570709,0.534944936338356
BSU_misc_RNA_82,surF,1.20783186436715,-2.05648696002583,3.13855147470625,-0.655234421547381,0.512316835500475,
BSU_27160,cypB,1086.49394280698,-0.430563736978341,0.182558655254116,-2.35849533608259,0.0183491903599913,0.0583163639734455
BSU_27170,bscR,98.5535738992884,-0.739978460777569,0.318820002998441,-2.32099132368802,0.0202873121227757,0.0629677830945217
BSU_27180,yrhH,202.718589580867,-1.34889403604101,0.362303374282436,-3.72310646764628,0.0001967864885796,0.0012415385297313
BSU_27185,BSU_27185,298.314777251249,-0.0752572091058525,0.207393011791676,-0.362872444233788,0.716700172048692,0.819141031095221
BSU_27190,yrzI,536.769258165194,-0.0685237538540436,0.190384552887646,-0.359922865666955,0.718904817055172,0.820556412154909
BSU_27200,yrhG,53.961817026451,1.49656440033151,0.484637195817181,3.08800977978598,0.0020150183957668,0.0093246746632904
BSU_27210,yrhF,216.034599101417,0.588704394934518,0.222659343462852,2.64396896972228,0.0081940167622174,0.0302537349325002
BSU_27220,yrhE,964.322202670824,0.317294383598043,0.159897870123209,1.9843565355408,0.0472161077733039,0.122753774909015
BSU_27230,yrhD,197.694011069431,0.117992936769773,0.298896155575405,0.394762309815008,0.693018312895908,0.801983514601858
BSU_27240,yrhC,33.8526477622369,-0.319192621093439,0.55245005743511,-0.577776428470969,0.563415071345684,0.706418367390712
BSU_27250,mccB,48.8823395303216,0.512432901965303,0.453923144828623,1.12889793746642,0.258940890963533,0.423358884494094
BSU_27260,mccA,181.76051220225,0.821665958784138,0.245543430400959,3.34631619930699,0.0008189295149953,0.0043356293275192
BSU_27270,mtnN,862.979064051802,0.512179073248125,0.152644979316783,3.35536141143041,0.0007926135967031,0.0042120617416792
BSU_27280,yrrT,225.555458028964,0.140560342488497,0.245664016785897,0.572164960613663,0.56721022331529,0.709597704241815
BSU_27290,yrzA,68.5752773323063,0.849407877676627,0.509254987464784,1.66794218728268,0.0953272038816065,0.208531328017157
BSU_27300,yrrS,1267.50580232285,-0.278766501358875,0.150958885636452,-1.84663857436134,0.0647995396417162,0.156595814068712
BSU_27310,pbpI,808.43335372032,-1.45985088809164,0.218368340754603,-6.68526803403333,2.3050236549039097e-11,4.2004851668334803e-10
BSU_27320,greA,1273.96644715636,-0.0321098591703427,0.146962261359804,-0.218490508197401,0.827046953044377,0.89529942934472
BSU_27330,udk,461.744750662899,-0.559013220816332,0.189712286275678,-2.94663688783977,0.0032125019439353,0.0138480033035022
BSU_27340,yrrO,446.347158716562,-0.397916604371268,0.182676764866054,-2.17825515282711,0.0293870460129129,0.0838557778029758
BSU_27350,yrrN,232.730737750394,-0.642219273363354,0.229978043223423,-2.79252429650181,0.0052298539862871,0.0210682732692364
BSU_27360,yrrM,117.328171721825,-0.479731081395028,0.318393268328452,-1.50672495029053,0.131881173456386,0.264521964434445
BSU_27370,yrrL,80.6662309106034,1.28503900312299,0.357646047664457,3.59304684481962,0.0003268338024462,0.0019327803971959
BSU_27380,yrzB,1082.51480561428,-0.288464039017143,0.169156288781185,-1.70531075785358,0.088136482264556,0.196739481941117
BSU_27390,rimF,608.014042676302,-0.0020892494698148,0.204556317208034,-0.0102135661138739,0.991850894968854,0.995128565314943
BSU_27400,yrzL,488.44900874992,0.226249276175629,0.171694775367872,1.31774118164556,0.187590303688553,0.339517659617048
BSU_27410,alaS,414.839604761306,-0.138653804139251,0.228167684455967,-0.607683793916088,0.543397213529468,0.68873569213317
BSU_misc_RNA_40,tboA,90.7889028491193,0.154960141494026,0.392917484485961,0.394383420469962,0.693297982512634,0.801983514601858
BSU_27420,yrrI,24.9814351109848,0.237339162880851,0.592554782340303,0.400535393442403,0.688762220184157,0.799257826428513
BSU_27430,glnQ,1407.06791763457,-3.3772853435743,0.180485744806978,-18.712199942362,3.9377953325675996e-78,2.38855414029743e-75
BSU_27440,glnH,2132.44705114287,-3.14900003760535,0.199503441846067,-15.7841890268492,3.9975400978089095e-56,8.08264535966506e-54
BSU_27450,glnM,217.92813698818,-3.15715366465895,0.320511358653732,-9.85036436125127,6.829593403779e-23,2.8429856463182002e-21
BSU_27460,glnP,94.0012801416605,-3.60420590608199,0.404733611201658,-8.90513119328306,5.33229467713048e-19,1.71522145447697e-17
BSU_27468,yrzQ,166.39705008262,-2.10218240991458,0.379458457774729,-5.53995402353785,3.02551067589081e-08,3.94058844473386e-07
BSU_27469,yrzR,355.188040979165,-2.23233396800383,0.256882654034484,-8.69009227732502,3.6214521747072e-18,1.09054510168842e-16
BSU_27470,yrrD,162.753290543073,-1.10914111880493,0.343439988551491,-3.22950487939072,0.0012400476530869,0.0062016988633772
BSU_27480,recDB,503.792438245517,-0.364126452385204,0.225914446534244,-1.61178914394928,0.10700783133397,0.226532510968476
BSU_27490,yrrB,67.950556217864,-0.410417886411357,0.370666328572559,-1.10724350925503,0.268188660874712,0.434132311884875
BSU_27500,mnmA,565.975314348827,-0.221854316251947,0.193200052740586,-1.14831395284263,0.250838981141406,0.412654906596827
BSU_27510,iscSA,675.849329856208,0.0436786369984248,0.156151688718016,0.279719273976609,0.779692889888338,0.866642934676933
BSU_27520,cymR,388.851632072786,0.125644701705931,0.19549209868443,0.642709871915338,0.520412374177007,0.671428423201328
BSU_27530,rarA,154.805557417058,0.676484818239493,0.351638909769783,1.92380535670067,0.054378985747374,0.136431592213609
BSU_27540,tcdA,1828.55775096754,-0.0887713822901779,0.180104794141043,-0.492887392107174,0.622092156272672,0.754255652636712
BSU_misc_RNA_41,ssrSB,1167.9940379399,-0.517143800559119,0.19385156118932,-2.66773090392636,0.0076365394602822,0.0286238971406284
BSU_27550,aspS,807.462004219078,-0.313620818372191,0.180411416551863,-1.73836459114568,0.0821465917395855,0.186521084773412
BSU_27560,hisS,230.495773343686,-0.0271691906816868,0.225900423865846,-0.120270649415964,0.904268753687016,0.943372267359968
BSU_misc_RNA_42,tboH,2256.57636279093,0.0444009184878095,0.163825076784898,0.271026385942781,0.786370738447945,0.869470426564581
BSU_27570,yrzK,37.6660176502323,-2.90479190052648,0.720908503225668,-4.02934892226841,5.59315478294813e-05,0.0003998069900403
BSU_27580,yrvJ,612.406471741219,-0.414485960851909,0.218462538870248,-1.89728620291319,0.0577901749440799,0.143244064689179
BSU_27590,dtd,347.171366398413,-0.0925087483001804,0.251859707928193,-0.367302690299933,0.713393247557894,0.816680433844922
BSU_27600,rsh,2914.16460923194,0.112033976913389,0.143011742118565,0.783390057723423,0.433398092776043,0.597276307019499
BSU_27610,apt,251.087008083293,-0.0147417538389847,0.218137085036555,-0.0675802275276315,0.946119795556476,0.969737112184956
BSU_27620,recJ,528.214170269352,-0.13106915956843,0.195294662666605,-0.67113538987076,0.502134283733804,0.656019128841148
BSU_27630,yrvD,293.880117329559,0.192494997593844,0.272097030767239,0.707449827920065,0.479286981162755,0.637900066219756
BSU_27640,yrvC,485.03008517128,0.0810336752056188,0.200240595142718,0.404681553946957,0.68571160282794,0.797461371023673
BSU_27650,secDF,2336.53697977923,-0.0320656025566721,0.177134429379667,-0.181024110721825,0.856348651036988,0.91404132033762
BSU_27660,comN,551.377229325065,-0.290855631920473,0.190323591252006,-1.5282163919204,0.126458820258067,0.256542833643455
BSU_27670,spoVB,439.344112308745,-2.85989483682719,0.229492174256062,-12.4618403485785,1.20556039585174e-35,1.00368812564441e-33
BSU_27680,yrbG,20.3223231110488,-4.11039142601059,0.986441850130253,-4.16688670038467,3.08787871363679e-05,0.0002316454596837
BSU_27690,yrzE,720.671747159835,-2.54442993512063,0.217848812418757,-11.6797971348571,1.6168093261231e-31,1.18361593081357e-29
BSU_27700,yrbF,820.790137092742,0.603993909759113,0.197078318726079,3.0647405237844,0.0021785891814928,0.0099465480264715
BSU_27710,tgt,249.152679405002,-0.0761484836150097,0.276754700831878,-0.275147932035554,0.783202587716015,0.868094358754188
BSU_27720,queA,263.034998627198,0.28831207723345,0.206214912552233,1.39811458669567,0.162078660248079,0.306345966058171
BSU_27729,yrzS,6.98241560293612,-0.32876806719494,1.17377578098087,-0.280094437559618,0.779405052162263,0.866549843278599
BSU_27730,ruvB,152.436087619992,0.245332352907285,0.286158645696679,0.857329864383449,0.391262608189396,0.560871382299856
BSU_27740,ruvA,95.0888143593802,0.455115513813578,0.357250091721994,1.27394092922372,0.202684351636373,0.3571210957409
BSU_27750,bofC,667.487538773499,-0.787711801951663,0.197488795942856,-3.98864046029017,6.64530511286362e-05,0.0004687037460003
BSU_27760,csbX,1255.59107862366,0.821877439658705,0.185601265242436,4.42818877654283,9.50277136732266e-06,7.95833673089783e-05
BSU_27770,yrbE,2420.58636937344,0.558006283331508,0.131603324774578,4.24006220425899,2.2345785441887e-05,0.0001725094636113
BSU_27785,yrzF,568.874107319324,-0.420700126804007,0.184818065156607,-2.27629331822905,0.0228284597717511,0.0690874128231327
BSU_27786,BSU_27786,2.92719532058662,-0.528806746743763,1.72965827950101,-0.305729029260229,0.759810968784783,
BSU_27800,yrzH,21.2260538951436,0.420387523170371,0.631436715586824,0.665763508508822,0.505562272909312,0.658900318354052
BSU_27809,yrzT,30.4974724317989,0.659876260780295,0.700702603190257,0.941735135242709,0.346328261792713,0.517420759877501
BSU_27810,alaP,265.673302834968,-2.45345798997996,0.274392618394196,-8.94141396491683,3.84222170488648e-19,1.25492871991908e-17
BSU_27820,yrbC,69.2621546566404,-0.672084347349631,0.414700956653331,-1.62064817205488,0.105093114761033,0.223715662424229
BSU_27830,sgpA,57.7524767192344,-2.3677249938167,0.46965589656663,-5.04140374075086,4.62129299418052e-07,4.8932693399727e-06
BSU_27840,safA,5144.40364017005,-2.30070154501229,0.179189244002409,-12.8395069571328,9.84997749549835e-38,8.898511584231059e-36
BSU_27850,nadA,533.398150243308,-2.4543713097567,0.247007694201254,-9.93641642497564,2.89038517631985e-23,1.2652139648097001e-21
BSU_27860,nadC,1.22906179651227,-0.0134662145377852,2.99839258999568,-0.0044911445494883,0.996416597150066,
BSU_27870,nadB,18.1510977249046,-0.675901561092656,1.00920435909096,-0.669737060689546,0.503025422000861,0.656779194900263
BSU_27880,nifS,29.3104684433172,-0.19104557272473,0.509770644586376,-0.374767701423338,0.707833236996132,0.813826137093305
BSU_27890,niaR,179.915523737852,0.450984152367195,0.256372315106201,1.75909848994568,0.0785607813656507,0.180894293751927
BSU_27900,pheA,576.159752809437,0.222720943153451,0.183545926605159,1.21343440997503,0.224963777081593,0.385470620455385
BSU_27910,thrR,547.344944455739,0.233705114504243,0.181255156355582,1.28937084717064,0.197269191444484,0.350444619300874
BSU_27920,obgE,1992.45058304281,0.123734188035079,0.144681020083641,0.855220594681647,0.392429036948459,0.561857814402206
BSU_27930,spo0B,904.568874668884,-0.130233735979078,0.184116753852162,-0.707343211599579,0.479353218236284,0.637900066219756
BSU_27935,BSU_27935,1.10330803194595,1.11284418231328,2.80572584176414,0.396633258227952,0.691637923498783,
BSU_27940,rpmA,5539.34458371709,-0.139036449367908,0.122393952702685,-1.13597482798558,0.255967099352726,0.419465960575714
BSU_27950,rppA,6630.2042629888,-0.0527113065096473,0.121369897592516,-0.434302966017312,0.664068450295096,0.781495188457033
BSU_27960,rplU,4130.29762711245,-0.196225690613297,0.128546783723801,-1.52649241722697,0.126887277456446,0.256798560572007
BSU_misc_RNA_43,ldlU,22.0027103282173,-1.28499635263436,0.76125693273343,-1.68799297238627,0.0914125779764832,0.201944748224843
BSU_27970,spoIVFB,334.281859745481,-2.11516714381801,0.280143053363943,-7.55031088017066,4.3422050351803504e-14,9.70368556809252e-13
BSU_27980,spoIVFA,1174.16345207841,-2.44581216152532,0.240107404156523,-10.1863254493015,2.28228235143221e-24,1.11385872002082e-22
BSU_27990,minD,1337.00166457471,-0.602255909671703,0.165385994224044,-3.64151700086432,0.0002710362230387,0.0016416830285629
BSU_28000,minC,770.210803022704,-0.646112497511578,0.173961259747045,-3.71411714568567,0.0002039143244057,0.0012807991441223
BSU_28010,mreD,173.162882146058,0.0982669776827868,0.274530103631885,0.357946091822965,0.720383656571501,0.821179217381051
BSU_28020,mreC,415.792894988853,-0.186428639054862,0.335310726627696,-0.555987698126515,0.578219264555111,0.71867609522683
BSU_28030,mreB,385.229142021032,-0.189171801727453,0.274618317172493,-0.688853546533936,0.490915434951623,0.646133582394479
BSU_28040,ysxA,240.061734213222,-1.40336392904956,0.336990063638937,-4.16440744244962,3.12162228207286e-05,0.0002337638132218
BSU_28050,maf,265.449982128335,-0.93385608965312,0.258981567183684,-3.6058785951773,0.000311098565166,0.0018514847882663
BSU_28060,spoIIB,8343.27441460407,-0.235805112289622,0.159469433144512,-1.47868533574039,0.139224433357426,0.275208074504483
BSU_28070,comC,7.04999507597608,-1.53867085779701,1.77360690630135,-0.867537700902243,0.385647464199105,0.555259115967921
BSU_28080,folC,164.451087268337,0.0678759108976515,0.275916006862961,0.246002077477743,0.805680624318711,0.880817703951548
BSU_28090,valS,427.511876434089,-0.312922701427863,0.226466753935182,-1.38175999783803,0.167045405352362,0.312455855121643
BSU_misc_RNA_44,tboV,828.520589998625,0.165538015502463,0.210211096163638,0.787484669094728,0.430998199511162,0.595494605582431
BSU_28099,yszA,0.906574147450337,-1.45473755168701,3.44288190819003,-0.422534838684543,0.672634677146872,
BSU_28100,cotN,3052.28904416087,-2.94400815575929,0.136501392030956,-21.5676053698533,3.6195211429325e-103,5.122828924297129e-100
BSU_28110,spoVID,7540.02268082038,-3.02421114569164,0.148932997193193,-20.3058502997069,1.14151251612674e-91,1.21171553586854e-88
BSU_28120,hemL,1920.52315328134,0.405140685536925,0.169418555338468,2.39135958117177,0.0167861036530018,0.0541594195369647
BSU_28130,hemB,765.640215348837,0.25123601436003,0.155482489387888,1.61584764528218,0.106127257395489,0.225420877889567
BSU_28140,hemD,500.530554927431,0.165727874721677,0.183643962468491,0.902441182895477,0.366822552546898,0.538192314483112
BSU_28150,hemC,740.362752833044,0.0007231052627306,0.166096109493586,0.0043535352208752,0.996526392435059,0.997936571292278
BSU_28160,hemX,650.850535725468,0.208735685130476,0.182819103768153,1.14176079429418,0.253553462929308,0.416056042860413
BSU_28170,hemA,2566.62253480379,0.100524321789262,0.16076181454922,0.625299745907537,0.531774346712322,0.680094541006181
BSU_28180,ysxD,84.4921767887545,0.433038462233677,0.34968862077377,1.23835445738976,0.215584659609865,0.374538651679004
BSU_28190,engB,706.105129732571,0.221491529488741,0.165130143572292,1.34131494527391,0.179818219462552,0.329524453965471
BSU_28200,lonA,1625.68503574218,0.107600174415596,0.148275591851469,0.725676917367368,0.468036855513078,0.627893993209646
BSU_28210,lonB,1858.04051065495,-2.95213002473467,0.1774827514973,-16.6333347879136,3.99714428757276e-62,1.21227676035957e-59
BSU_28220,clpX,5332.69669640563,-0.0074415905601226,0.124405087396892,-0.0598174135466152,0.952301056406328,0.972331694697934
BSU_28230,tig,2475.05985258387,0.0886228430734522,0.170754276649481,0.519008043677725,0.603755132026305,0.741122951888896
BSU_28240,ysoA,394.008796264911,0.0582910862418484,0.214085312071193,0.272279707925335,0.785406957738425,0.869363159180984
BSU_28250,leuD,945.470961327383,0.751529973409106,0.271208188787604,2.77104454982981,0.0055876781295332,0.0221111662050308
BSU_28260,leuC,2342.36016777211,0.85055337317054,0.246141778163008,3.45554249066673,0.0005491866232581,0.0030481652318352
BSU_28270,leuB,1257.86585060273,1.00229692516345,0.213152294728596,4.70225725901596,2.57301024496823e-06,2.42239501111643e-05
BSU_28280,leuA,1851.83045642724,0.898618646556445,0.22464402320302,4.00018942744952,6.32918006338124e-05,0.0004478949758186
BSU_28290,ilvC,2499.44389415473,1.08029599257434,0.208630227369916,5.17804158195589,2.24227260779756e-07,2.53209826933735e-06
BSU_28300,ilvH,788.869371048966,1.03445894838447,0.21765534021319,4.7527386526388,2.00679677938945e-06,1.93655889211082e-05
BSU_28310,ilvB,1965.76150370476,0.836738916537096,0.207487305351343,4.0327234243089,5.51341546389596e-05,0.0003954385483057
BSU_misc_RNA_45,tboILV,2038.28595663179,0.265983721637169,0.22046434126822,1.20647048909179,0.227636131212373,0.388325838942441
BSU_28320,cotQ,11.4365906958515,-2.25983941560803,1.04176452593094,-2.16924204976993,0.0300643122517863,0.0853495761202493
BSU_28330,ysnE,32.0667991083406,-1.07217460567183,0.674943237795777,-1.58854040700271,0.112164191527901,0.234952716935109
BSU_28340,ysnF,123.344327369222,0.0500467917400298,0.344487173518988,0.145279115122907,0.884490503493529,0.933055075238143
BSU_tRNA_84,trnSL-Arg2,41.812625470424,-0.17633231336572,0.498980618050769,-0.353385095506414,0.723799758018542,0.823781268907641
BSU_28350,ysnB,814.017386231119,0.181683674910904,0.170011070997799,1.06865790471525,0.285223846253069,0.453717790005056
BSU_28360,rdgB,1006.50067740443,-0.171440698832855,0.188497104120174,-0.909513701194873,0.363079028887856,0.534944936338356
BSU_28370,rph,519.006830481178,-0.401510397707501,0.198615087957068,-2.02155033556308,0.0432228272477132,0.113990139437137
BSU_28380,gerM,4586.39540651845,-2.66967644641424,0.195557178473425,-13.651641260395,1.97382373397635e-42,2.1489373267855398e-40
BSU_28390,rcmE,516.820010692243,0.243788719155013,0.183010176816295,1.33210471349758,0.182825781691641,0.333883126478584
BSU_28400,ysmB,355.521308942683,0.364624379911053,0.194489149767185,1.87478006021173,0.0608229874479564,0.149364349960899
BSU_28410,gerE,180.35779432821,0.765930977990692,0.325492109545201,2.3531476049017,0.0186152430415518,0.0589593860795086
BSU_28420,ysmA,203.240746599491,0.603182563077333,0.290652934393531,2.07526741244129,0.0379617578930119,0.102994008954459
BSU_28430,sdhB,6662.9593010518,0.739473590442573,0.166348862869122,4.44531797626034,8.77619619334044e-06,7.4378700672502e-05
BSU_28440,sdhA,10535.2836855856,0.675102371582162,0.18918783060712,3.56842387491679,0.0003591351653257,0.0020946262527104
BSU_28450,sdhC,956.517528577075,0.807392611516208,0.23164056956062,3.48554060736289,0.00049114367194,0.0027548164214759
BSU_28460,yslB,388.384096313299,0.567177896536838,0.188572423937495,3.00774569628927,0.0026319327684915,0.011677310903882
BSU_28470,lysCA,36.9239583778509,0.53713365567374,0.526412020977726,1.02036738195321,0.307554257391601,0.478693319972411
BSU_28475,lysCB,0.0,,,,,
BSU_misc_RNA_46,kswC,334.744409540133,0.0413784640533309,0.219593140006954,0.188432407551622,0.85053769714122,0.911505063619792
BSU_28490,uvrC,418.686118847964,0.0126300091143566,0.211621007421438,0.0596822086249892,0.95240874193328,0.972331694697934
BSU_28500,trxA,2086.22513868233,-0.258505555990525,0.138543189533236,-1.86588425502151,0.0620575609071145,0.151351742559657
BSU_28510,abfB,1140.11802457914,0.799203702169596,0.171637719706093,4.65634071309109,3.21879096346255e-06,2.96463913901562e-05
BSU_28520,etfA,3817.12600391584,0.288439495664875,0.175914651170964,1.63965589986335,0.101076733192396,0.217964352023827
BSU_28530,etfB,2517.035007339,0.218697250859146,0.162731541849249,1.34391432892427,0.178976091918897,0.328803642717977
BSU_28540,fadB,1638.59436921221,0.089491534700173,0.231423469068867,0.386700342278345,0.698978062730131,0.806045859411226
BSU_28550,fadR,1196.3541900823,0.0393321321695316,0.205748594502923,0.191165982273443,0.848395554302405,0.910358231884765
BSU_28560,lcfA,3435.32419303537,0.397653263134564,0.178040776330987,2.23349544598314,0.0255162903053022,0.0751854050217301
BSU_28570,yshE,296.916891624212,-0.0357521267438565,0.248311741153068,-0.143980814510972,0.885515619571469,0.933209064457796
BSU_28580,mutSB,1587.03018261311,0.112120842760756,0.137511319847698,0.815357185757042,0.414867883980782,0.582708910149653
BSU_28590,polX,1093.79840446485,0.284659889872439,0.194614852198397,1.46268327754475,0.143554064019693,0.281098344234904
BSU_28600,yshB,404.190074090977,0.035996257535388,0.187844358358862,0.191628100252124,0.848033529599824,0.910358231884765
BSU_28610,zapA,111.900752790795,0.232357346481846,0.302225946169645,0.768819981959521,0.442000184945484,0.605268849941614
BSU_28620,rnhC,558.570774502173,0.276114770670331,0.170024782013709,1.62396779693014,0.104382681603867,0.222606160768468
BSU_28630,pheT,531.487547075481,-0.0423589072300614,0.182161645397613,-0.232534720125099,0.816122723394623,0.887844500008601
BSU_28640,pheS,112.57889493751,0.366473417935953,0.343399506121302,1.06719261793725,0.285884865351865,0.454291593669168
BSU_28645,BSU_28645,0.119649087356392,-0.762823052100791,3.53281657067522,-0.215924896421949,0.829046290297471,
BSU_28650,rlmBB,336.658484779752,0.241699484341873,0.208200100615834,1.16089994013909,0.245682593208821,0.407291015773139
BSU_28660,sspI,29.2915441991862,-4.19074165854935,0.918601726547587,-4.56208772249924,5.06474768460556e-06,4.56580014200323e-05
BSU_28670,ysfB,188.57100382686,0.208193059933442,0.241322143758536,0.862718425631746,0.388292299192286,0.557450555786094
BSU_28680,glcD,278.922989776193,0.491169626318281,0.231066096218383,2.12566721971219,0.033530978223382,0.0935430575141129
BSU_28690,glcF,298.734430602124,0.346780252039849,0.197559900194833,1.75531700359159,0.0792050996184035,0.181884723082608
BSU_28700,ysfE,2274.87159219281,0.308688916341575,0.147407673768674,2.09411700523813,0.0362495585847864,0.0991724392725535
BSU_28709,BSU_28709,661.507995435581,0.348513086695423,0.199210129049096,1.74947472981924,0.0802089932001108,0.183738004253935
BSU_28710,cstA,4746.69601738216,0.522753356204353,0.148529147884598,3.51953379959141,0.0004323059491449,0.0024572571085265
BSU_28720,abfA,2791.20516203037,-0.295029042364652,0.162790736181731,-1.81232083154472,0.0699366375884064,0.165616822755367
BSU_28730,araQ,1138.96358139697,-0.211176365249715,0.152948598146528,-1.38070154162121,0.167370747111501,0.312926548760649
BSU_28740,araP,1605.25720564593,-0.294885393603238,0.162291751481684,-1.81700789418443,0.0692159045999067,0.164166155438649
BSU_28750,araN,2334.54345716956,-0.160102154635958,0.17691914360993,-0.90494534039205,0.365494345174026,0.536985809553258
BSU_28760,egsA,1496.6861754267,-0.166839139371291,0.193411675225319,-0.862611521134538,0.388351093738876,0.557450555786094
BSU_28770,araL,993.189923257,0.0198628105973811,0.201764447144092,0.0984455431991737,0.921578512044991,0.953233218548851
BSU_28780,araD,1296.69538552001,0.0125852298734927,0.191655444008887,0.065665913841243,0.94764381063103,0.970064654935905
BSU_28790,araB,2942.39778546881,-0.0660627038947231,0.148349104337744,-0.445319196159884,0.656089097312791,0.776841691910238
BSU_28800,araA,3666.07933804844,-0.203685701300287,0.155322505195441,-1.31137275338169,0.18973185947098,0.342517634061982
BSU_28810,abnA,5984.63376815219,-0.314118746422382,0.142763483783665,-2.20027375416517,0.027787478239697,0.080098868028346
BSU_28820,frvX,564.175748260529,0.0119767759691403,0.175977054989317,0.0680587362361949,0.945738877869448,0.969737112184956
BSU_28830,ysdB,1563.38795075168,-0.732782774901454,0.271074706427937,-2.70325027575474,0.0068665022759001,0.0262694675730212
BSU_28840,ysdA,38.0240194260216,-1.02815987596069,0.490620979305485,-2.09562965981629,0.0361150560269997,0.0988681675632758
BSU_28850,rplT,3113.17886262547,-0.440435740952115,0.145068347584534,-3.03605678485767,0.0023969421778743,0.0107470079062879
BSU_28860,rpmI,1185.25647874209,-0.546575908064095,0.163991974232316,-3.33294303347919,0.0008593253523757,0.0045080336812098
BSU_28870,infC,1561.71988058021,-0.346682665542138,0.157993795156076,-2.19428025764976,0.0282152678469329,0.0810568520149372
BSU_misc_RNA_47,BSU_misc_RNA_47,175.718332656045,-0.13255152534083,0.248704148055114,-0.532968695445544,0.594055250464558,0.731967090386684
BSU_28890,yscB,535.89829677534,-0.0656242289440145,0.289277700333424,-0.226855470948419,0.820536128360657,0.890592127049936
BSU_28900,pftB,45.4447559679536,0.0024035053405541,0.538279410018438,0.0044651630655385,0.996437327167116,0.997936571292278
BSU_28910,pftA,20.3036490143969,1.00872912663601,0.763659823159643,1.32091422914249,0.186529964715898,0.338739561239622
BSU_28920,lytT,166.832458544424,-0.0981367505562279,0.27313489318751,-0.359297742631718,0.719372362865762,0.820648858873731
BSU_28930,lytS,485.313329799034,0.287631771465977,0.205247019583764,1.4013931702847,0.161096533479428,0.305500616861836
BSU_28940,ysaA,1256.7536072974,0.0901557075341997,0.14445804607732,0.624096130207553,0.53256445518443,0.68069496589798
BSU_28950,thrS,491.736719077318,0.004477042128195,0.18977890280028,0.0235908315525808,0.981178985478722,0.987944730320569
BSU_misc_RNA_48,tboT,222.071484185124,-0.960197214567495,0.256465563951106,-3.74396156651483,0.0001811413733945,0.001153261652814
BSU_28960,ytxC,1041.74674734823,-1.84908558775612,0.208693168626642,-8.86030721525048,7.97942379465396e-19,2.49122304647799e-17
BSU_28970,ytxB,304.465525138019,-0.345966931950868,0.197767520463574,-1.74936173108663,0.0802285115136119,0.183738004253935
BSU_28980,dnaI,373.153475101827,-0.256859941781879,0.210509470958673,-1.22018235384908,0.222395754736087,0.381840830816589
BSU_28990,dnaB,543.962838179647,-0.0564630299122599,0.171618385989512,-0.329003384961973,0.742153129510411,0.838972893477425
BSU_29000,nrdR,216.096565546045,0.0185913322113431,0.32066070068127,0.0579782061594836,0.953765988284501,0.972856627939013
BSU_29010,speD,6324.67743176842,0.882435601894209,0.187502492022481,4.70626066019648,2.52301882293514e-06,2.38591045037475e-05
BSU_29020,gapB,9357.43799884556,1.20838355833258,0.191148090798439,6.32171398252046,2.5867784845325003e-10,4.27372040674124e-09
BSU_29030,ytcD,56.6267707657942,-0.547279515364198,0.515719271279392,-1.06119655758939,0.288600583501983,0.456897120637367
BSU_29040,ytbD,7.29353653933496,0.693192074994222,1.16620408796783,0.594400313072257,0.552244399133573,0.697243448920949
BSU_29050,ytbE,17.6084197817302,1.3016271713719,0.784852644749334,1.65843509616714,0.0972296776510775,0.211473602261235
BSU_29060,coaE,411.398077613569,-0.228596998528439,0.200925399876582,-1.13772075939057,0.255237102166123,0.41859279096074
BSU_29070,spcF,229.708455140337,-0.247020044751673,0.260761749839397,-0.947301684023108,0.343485072966653,0.514258681176449
BSU_29080,mutM,650.496503553437,0.194076126295656,0.19960289940964,0.972311158152863,0.330895774444995,0.503483757994346
BSU_29090,polA,1808.05630204762,-0.0636071819226372,0.172681476517651,-0.368349768633901,0.712612447143423,0.816446964536151
BSU_29100,phoR,5636.32600676073,-0.228052410800198,0.157858274480306,-1.44466554921484,0.148551851120915,0.288145801671725
BSU_29110,phoP,2751.64103133096,-0.375350450593871,0.156571444403671,-2.39731102962905,0.016515897617637,0.0534500771985417
BSU_29120,mdh,11126.1275805187,0.430193707641159,0.177029765516954,2.43006426848574,0.0150961456902112,0.0498818946308457
BSU_29130,icd,10731.7134324524,0.372579816343306,0.163274687716649,2.28192025079778,0.0224940490146679,0.068270001512709
BSU_29140,citZ,41834.2159489376,0.32600581988288,0.183996140601236,1.77180792389235,0.0764264467781152,0.177229215193816
BSU_29150,ytwI,28.8963928384773,-2.10638450752982,0.633982448383229,-3.32246501918387,0.0008922585814261,0.0046599384215686
BSU_29160,ytvI,346.191171184755,-2.41613005388734,0.218499842012864,-11.0578114456719,2.00940715064811e-28,1.1849920502294299e-26
BSU_29170,ytzA,219.544264800929,0.152565628948485,0.218002574088695,0.699834071162908,0.484030934327951,0.641179609476507
BSU_29180,pyk,3478.02800797344,0.161578993843838,0.136481096468452,1.18389284688365,0.236455482094436,0.397983877372293
BSU_29190,pfkA,849.12514752792,0.256917608089029,0.163977620605362,1.56678458402163,0.117165051949904,0.242597664580026
BSU_29200,accA,6832.33302702435,-0.309082956728976,0.147161937993034,-2.1002914268743,0.035703212965173,0.0979301306525353
BSU_29210,accD,6697.04086753043,-0.403609111496503,0.155845590168422,-2.58980129665731,0.0096031344932249,0.0343801931351037
BSU_29220,maeB,3294.18158655728,0.0662048568633386,0.137539670225501,0.481350993170142,0.630267060699308,0.758814397413428
BSU_29230,dnaEC,1005.93078697802,0.246666935178933,0.179274322992495,1.37591893284829,0.168846732926714,0.315269669308191
BSU_29239,ytrH,44.452089076259,-3.03616614125578,0.495032394608033,-6.13326758880057,8.60921564205387e-10,1.35891188164166e-08
BSU_29240,ytrI,137.320187952354,-2.67701212295949,0.420762328187003,-6.36229040393017,1.9876717458165501e-10,3.2967399346629303e-09
BSU_29249,ytzJ,3738.13953026583,0.0254377573662816,0.159144863009487,0.159840266818824,0.873006903517238,0.925771057026521
BSU_29250,nrnA,394.481069134231,-0.132155649088697,0.217158600671705,-0.608567418835447,0.542811205832928,0.688198381596481
BSU_29260,ytpI,209.453375006477,-0.403267934747676,0.271157881083445,-1.48720713237752,0.13696011288735,0.271490494547007
BSU_29270,ytoI,1024.5989214188,0.146618014107486,0.150179068884477,0.976287942098442,0.32892179358285,0.501652994092235
BSU_29280,ytnM,12.6853938620107,-1.01117803974605,0.848239209511949,-1.19209066075577,0.233225698574428,0.394689643741339
BSU_29290,sndA,15.4172447044354,0.771864139464841,0.996003574831716,0.774961213964774,0.438362578705495,0.601774170444077
BSU_29300,ribR,11.0716751395825,-0.0083594517589543,0.895334098569958,-0.0093366842302847,0.992550512036925,0.995128565314943
BSU_29310,cmoJ,18.8812518681837,0.35615862989721,0.801638537286323,0.444288308671967,0.656834152857111,0.77737743372333
BSU_29320,cmoI,1.51864144900399,-0.28823288391791,2.80634759780942,-0.102707477912892,0.918195138519281,
BSU_29330,cmoO,5.59774932345047,0.606611180529173,1.36644671095504,0.443933287457071,0.657090817153329,0.77737743372333
BSU_29340,tcyN,3.1829743621143,2.31772219432869,2.15591125638533,1.0750545447843,0.282350308661023,0.450868525977699
BSU_29350,tcyM,1.10480470124576,2.41252135269673,3.45140758212986,0.698996364610167,0.484554302758591,
BSU_29360,tcyL,1.52025611409915,-1.30731649561655,2.91143066829561,-0.449028894918481,0.653410812615509,
BSU_29370,tcyK,6.90607029551128,-3.84849308699649,1.48832110450266,-2.58579487675981,0.0097154729574736,0.0346946157926266
BSU_29380,tcyJ,1.92442036650449,-1.35918481522326,2.31054859218539,-0.5882519934098,0.556363163190386,
BSU_29390,snaA,5.91977644246139,-2.96642096854336,1.68677182216918,-1.75863796724358,0.0786390198846303,0.180902538511964
BSU_29400,ascR,9.0322347839362,0.582926172793039,1.12732741269052,0.517086842944596,0.605095537727847,0.742200500437488
BSU_29410,ytkL,745.065684790468,-0.0212608915564103,0.183376003722047,-0.115941514292331,0.907698893889265,0.945324872075992
BSU_29420,ytkK,455.600280239683,-0.179505893229041,0.181292879794284,-0.990143095706402,0.322104181556053,0.493559853802598
BSU_29430,ytzD,11697.7654535544,0.412078102838217,0.142997538026089,2.88171466814371,0.0039551771487576,0.0166603989817707
BSU_29440,argH,76058.0014962786,0.56015530310069,0.155233781600084,3.60846265115007,0.0003080168461514,0.0018368532707289
BSU_29450,argG,55198.113228411,0.544716324255589,0.169730219617487,3.20930666019988,0.0013305549783435,0.0065922245484793
BSU_29460,moaB,146.12990246357,0.611087547306583,0.310148164285651,1.97030844504294,0.0488030311595841,0.125468019982325
BSU_29470,ackA,146.870340194619,0.440088771776992,0.336758943542689,1.30683618123777,0.191268354240979,0.34426682157999
BSU_29479,BSU_29479,7.12247428475565,0.216266603699497,1.31562614341339,0.164383023841708,0.869429626795036,0.923592243025199
BSU_29480,ytxK,179.856109967819,0.440916344010264,0.293905607091433,1.50019711557629,0.133563350214807,0.266875287064504
BSU_29490,tpx,2744.58653922827,0.185970456745747,0.151867127969381,1.22456030631751,0.220740931247299,0.379587365084684
BSU_29500,gerW,450.912112144663,-2.20265096138082,0.220675101564851,-9.98142040384883,1.83816298389004e-23,8.303021308082029e-22
BSU_29510,ytfI,181.079331685738,-2.82736290052714,0.270653024486695,-10.4464485696746,1.52115136473374e-25,7.973837894641311e-24
BSU_29520,yteJ,267.985106691117,-0.4202918180703,0.242126529311953,-1.73583547108463,0.0825929302451732,0.187334178323187
BSU_29530,sppA,318.662649618574,-0.489440476848653,0.212139814650485,-2.30715991552571,0.0210459068002361,0.0646535982211365
BSU_29540,ppnKB,5844.66033269728,0.309348995101362,0.167679820386388,1.84487909390959,0.0650551284581826,0.156856374465328
BSU_29550,ytcJ,626.832489761785,0.178129796043124,0.181230623620014,0.982890156669152,0.325661502909853,0.497574214233621
BSU_29560,ytcI,624.267401178625,0.0333561156336895,0.194447491179636,0.171543049649708,0.863796783355315,0.919271453787219
BSU_29570,sspA,494.052867247131,-1.66865273573256,0.39837204201897,-4.1886793241708,2.80582549208233e-05,0.0002119846092416
BSU_29580,trmG,323.042151958631,0.268468385068842,0.199141338102458,1.34812986408033,0.177616617654988,0.327610842121234
BSU_29590,iscSB,248.323761747745,0.423715547276549,0.228718054668816,1.85256711758103,0.0639444291864648,0.155147455043274
BSU_29600,braB,143.9536139595,0.952888762467386,0.327935691273819,2.90571837047083,0.0036641107631061,0.0156046281847027
BSU_29610,ezrA,2894.68388392785,0.677994228226558,0.12717972235852,5.33099314618168,9.76771057476427e-08,1.1986618237124e-06
BSU_29620,hisK,204.937650471147,1.03678681869524,0.331397932230417,3.12852531009268,0.0017568587938057,0.0083161900094751
BSU_29630,refZ,20329.7024172944,-0.968050665745259,0.22675640114398,-4.26912166916333,1.96244206250347e-05,0.0001543060925442
BSU_29640,msrC,337.875898265422,0.685223960396865,0.192215306060561,3.56487719131469,0.000364026596954,0.0021202427032465
BSU_29650,dgcP,1467.00971024385,0.128333341598129,0.153120999821258,0.838117186721188,0.401964891240539,0.57005441823892
BSU_misc_RNA_93,ldsD,51.1746030990377,-0.66018128121171,0.534826744601646,-1.2343834482388,0.217060053734917,0.37592525653686
BSU_29660,rpsD,1161.8604077568,0.516588592515069,0.219856018599742,2.34966773166007,0.0187901760459548,0.0593624162880387
BSU_29670,tyrS,240.357981731256,0.327333861520264,0.278890422282487,1.17370061991125,0.240514961874531,0.402531313413642
BSU_misc_RNA_83,tboY,6000.82042385861,-0.139406739774457,0.136390716404303,-1.0221131133384,0.306727367363035,0.478090205865712
BSU_29680,acsA,38531.2097043928,0.0141618615855519,0.185184201643964,0.0764744587272057,0.939041633439587,0.966821235592746
BSU_29690,acuA,1226.08787021408,0.53265595693133,0.169827796689651,3.13644743271753,0.0017100809010004,0.0081310229626516
BSU_29700,acuB,1288.2534100522,0.435388476579806,0.143791957892578,3.02790561420042,0.0024625498843699,0.011017899693398
BSU_29710,acuC,2112.01677684058,0.622711746964766,0.139906848210337,4.450902546447,8.55101426651361e-06,7.27607346204745e-05
BSU_29720,motS,29.8075964849553,0.569868267882064,0.572997846538513,0.994538236617545,0.319960899707222,0.490984452532296
BSU_29730,motP,90.9855143969557,0.110299855044352,0.386690914095952,0.285240358704117,0.775460002301205,0.863293961659915
BSU_29740,ccpA,1057.88222649437,0.59772268854067,0.144106505466389,4.14778421422539,3.35708585206267e-05,0.0002487641627898
BSU_29750,aroX,3163.48203931833,0.395465939134004,0.169662056484667,2.33090384101141,0.0197584307080948,0.061806516898277
BSU_29760,brxJ,3548.56172899679,-0.788337190963888,0.151891135408214,-5.19014614542974,2.10129089397307e-07,2.39197885678543e-06
BSU_29770,ytxH,6755.04618401651,-0.68945201445821,0.170279368387806,-4.04894627567565,5.14487523422187e-05,0.0003708852333532
BSU_29780,ytxG,4136.85540848586,-0.798751533229765,0.183262819534947,-4.3585029154124,1.3095517827715e-05,0.0001067246999932
BSU_29790,murC,1317.1319236641,-0.105155262947316,0.14753381593335,-0.712753630630833,0.475998223480784,0.635162934286426
BSU_29805,sftA,467.075513014097,-0.384879684279044,0.221262902413591,-1.73946775569099,0.081952519160361,0.186279655436238
BSU_29820,ytpR,819.611767939262,0.465224764168723,0.160932158898598,2.89081291988294,0.0038424678255055,0.0162663194288103
BSU_29830,ytpQ,865.324908490228,0.584165083951946,0.157990108550613,3.69747884415692,0.0002177513603268,0.0013576685403048
BSU_29840,ytpP,161.909144968883,0.152629601312194,0.382852260649587,0.398664490195845,0.690140436036176,0.79998260753743
BSU_29845,BSU_29845,1.00578860999098,-1.1916753011537,3.44065966773652,-0.346350821131244,0.7290790795106,
BSU_29850,ytoQ,133.714609331667,0.6483001938961,0.398456905611338,1.62702712581035,0.103731336809508,0.221662433866719
BSU_29860,ytoP,759.741171851922,0.343303038709803,0.183990619576576,1.86587250752163,0.0620592048507685,0.151351742559657
BSU_29870,ytzB,1629.12210056326,0.0967611640022072,0.186091897709132,0.51996441109676,0.603088380256084,0.740814297837802
BSU_29880,maeC,2850.71278616435,0.319906843300013,0.142249014191936,2.24892133781935,0.0245175011794777,0.072747246686277
BSU_29890,ytnP,1298.07811057944,0.482565446615723,0.199766488621482,2.41564763912975,0.0157072532433729,0.0513813538300165
BSU_29900,trmB,362.133930816181,0.541725261824116,0.224478302466267,2.41326335718136,0.0158103909861323,0.051639169328552
BSU_29910,ytzH,20.9636388333729,-4.72462581739541,0.993976667070898,-4.75325626236095,2.001663764019e-06,1.93600554488034e-05
BSU_29920,ytmP,1117.33259960502,-0.0487940297967684,0.178978726545148,-0.27262474562562,0.785141687991265,0.869363159180984
BSU_29930,amyX,462.260937277981,0.272765367789206,0.193304862188137,1.41106315020536,0.158225994328959,0.30099801609353
BSU_29940,ytlR,224.892007687269,0.414718537990071,0.251218829462595,1.65082585121996,0.0987741398926224,0.21419560673344
BSU_29950,ytlQ,208.732417620528,1.00902750090505,0.326182956325298,3.09344029581596,0.0019785035844276,0.0092214338303839
BSU_29960,ytlP,160.304015932743,0.0448571041646859,0.279421787220985,0.16053545648969,0.872459293564592,0.925652713761933
BSU_29970,ytkP,248.68536017805,0.530625523239648,0.223512483002447,2.37403081971864,0.017595081771869,0.0562565641591536
BSU_29980,ytjP,1076.97076218521,0.324457140187785,0.192815943483217,1.68272983201737,0.0924274039270032,0.20378023979778
BSU_29990,pbuO,33.5804182262536,0.873299173971077,0.516305709664257,1.69143814919065,0.0907531513360856,0.200947014791145
BSU_30000,ythQ,526.906653368032,-0.427087957705581,0.235927778634381,-1.81024871330409,0.0702572264379705,0.166091564162649
BSU_30010,ythP,579.090247587448,-0.684028502501618,0.202714365548236,-3.37434646356551,0.0007399117831581,0.003961747076027
BSU_30020,ytzE,2663.67865439153,-0.251342352050857,0.151598105700531,-1.65795179886589,0.0973271957415913,0.211489904359671
BSU_30035,rsuA,24.1350398697539,0.753074637668015,0.905915716046364,0.831285542715404,0.405812339818972,0.573785945678107
BSU_30050,murJ,241.907454569576,0.0560923140124294,0.246951237468956,0.227139230348991,0.820315479749011,0.890580293279034
BSU_30060,ytfP,698.603722787865,-0.311886273187488,0.181190737271071,-1.72131466478272,0.0851937398111429,0.191798843710558
BSU_30070,opuD,794.918880099241,0.0987058220011291,0.20994849585202,0.470143030082485,0.638252833064665,0.765110539015406
BSU_30080,yteV,179.237967165826,0.328098701633676,0.305664766779386,1.07339391808439,0.283094412174013,0.451886794770999
BSU_30090,rmgU,240.649762433231,0.68433299451065,0.294014789388743,2.32754616165186,0.0199362150974381,0.0622420362527369
BSU_30100,rmgT,1078.71145026681,0.262982587459937,0.165875504639243,1.58542147637705,0.112870604831497,0.23619940271786
BSU_30110,rmgS,367.36705526528,0.205733089654989,0.269924366786123,0.762187912505147,0.445947859291651,0.608253970623947
BSU_30120,rmgQ,1218.68914582952,0.388961359643157,0.178146245808629,2.18338229850205,0.029007668422881,0.0829404445276448
BSU_30135,rmgP,497.74282636663,0.329063644912454,0.265268256557979,1.24049386527532,0.214792781875179,0.373621528816882
BSU_30150,rmgR,3170.03691331101,0.430024748096705,0.138111160452706,3.11361331471803,0.001848115276598,0.0086708259275529
BSU_30160,ytcQ,6310.01881552785,0.269898619155586,0.226877433192136,1.18962302842618,0.234194590564355,0.395805738989193
BSU_30170,ytcP,1574.28544742594,0.294711190177585,0.247459047654876,1.19094934281251,0.233673472142853,0.39513244234112
BSU_30180,ytbQ,247.87250965351,0.177347751331245,0.236966040030674,0.748409988656134,0.454212899430594,0.615977338598785
BSU_30190,bioI,248.602343069446,0.496884941230997,0.25550116817058,1.94474626002203,0.0518055248960973,0.131716322580137
BSU_30200,bioB,644.161882463954,0.862076913800735,0.212892075717972,4.04936121221707,5.13576242054873e-05,0.0003708579462185
BSU_30210,bioD,332.961827870469,0.941704435796539,0.231844518536643,4.06179297117048,4.86972546856765e-05,0.0003534505015305
BSU_30220,bioFC,1174.75776863498,0.673701845226284,0.164346646126269,4.09927346316927,4.14449109494882e-05,0.0003044551762829
BSU_30230,bioK,977.357970750937,0.738856957652589,0.184218502626712,4.01076410413431,6.05225573244248e-05,0.0004297303986613
BSU_30240,bioW,897.486377896043,0.661654256928162,0.169322951679765,3.90764660292202,9.31994914142146e-05,0.0006351926814522
BSU_30250,ytaP,232.844089107477,-0.0893218397932332,0.249340100854035,-0.358232949643037,0.720168991010996,0.821179217381051
BSU_30260,msmR,422.479521578413,0.344166974884577,0.192147963249803,1.79115598762367,0.0732682667521502,0.171308954091206
BSU_30270,msmE,1469.39425751297,0.538965931803444,0.190595786991511,2.82779562083106,0.0046869718774002,0.0191170822204049
BSU_30280,msmF,671.224439908252,0.731004947849648,0.262338460501939,2.7864955311966,0.0053281352737469,0.0213628539870911
BSU_30290,msmG,921.970358331805,0.251734568358162,0.156839048809367,1.60505033835124,0.108482727094684,0.229235161602952
BSU_30300,melA,2187.22234309943,0.238158707986019,0.151343863579069,1.57362645801357,0.115573832795384,0.240111093426328
BSU_30310,ytwF,169.168762872482,-0.0313487632960297,0.243766169115301,-0.128601780180587,0.897672757626837,0.939931085702324
BSU_30320,leuS,1137.07352963738,-0.593422482370548,0.157849517799014,-3.75941903811287,0.0001703083789855,0.0010874125972522
BSU_misc_RNA_49,tboL,1077.58846029657,-0.118388588175702,0.163544634510156,-0.723891606290208,0.4691322835018,0.628569162432516
BSU_30330,ytvB,566.689662288198,-0.784276030820362,0.181476960685848,-4.32162864011156,1.5488170937488e-05,0.0001236142364672
BSU_30340,blrA,398.64953216736,0.601043131803912,0.236715169427937,2.53909850076967,0.0111138527813863,0.0387115823706038
BSU_30350,yttB,104.167799789953,0.302965714038344,0.327030044608681,0.926415535920768,0.354230073350267,0.526079360421558
BSU_30360,yttA,333.586190013681,0.530934902559674,0.246304798144279,2.15560113550312,0.031114823820905,0.0876084495646967
BSU_30370,bceB,81.8951689484796,0.003540911299291,0.356957820607355,0.0099196910527588,0.992085361461711,0.995128565314943
BSU_30380,bceA,11.6312650668955,-0.279603861843142,0.941164818138675,-0.297082781309345,0.766403309777284,0.857763015282384
BSU_30390,bceS,330.52739657946,0.184095689381696,0.194150398378309,0.948211751917081,0.343021665626753,0.514258681176449
BSU_30400,bceR,160.455461622756,0.149334111365416,0.299147291969196,0.499199275321513,0.617639005063034,0.751431293838866
BSU_30410,ytrF,187.618738095133,0.102203685818389,0.249741286436202,0.409238245213001,0.682364830135301,0.795311849781633
BSU_30420,ytrE,62.2400331647945,0.570544030722239,0.510879075332659,1.11678880242008,0.264084637716216,0.429453608480679
BSU_30430,ytrD,32.6818755829089,-0.0472158117956689,0.636254341185181,-0.0742090210460769,0.940844067888602,0.967738350836968
BSU_30440,ytrC,29.7565714514133,-0.752119564178565,0.529938729403582,-1.41925759044831,0.155823931402142,0.297896628875955
BSU_30450,ytrB,20.0426970030863,-0.216543594241721,0.861658621107376,-0.251310192850419,0.801574295240743,0.878772129509991
BSU_30460,ytrA,15.2415599281198,-0.902615146272473,0.986489871971439,-0.914976597244381,0.360203916129758,0.532900985326464
BSU_30466,BSU_30466,2.03592130529514,1.26727409623753,2.29817914351015,0.551425288066073,0.581342169409167,
BSU_30470,ytzC,69.6722983878314,-1.17589423913202,0.368429003247172,-3.19164405833471,0.0014146554622734,0.0069601704435839
BSU_30480,ytqA,115.702372055613,0.411317306817386,0.296212965796131,1.38858643716655,0.164958543942713,0.310192195562781
BSU_30490,ytqB,144.045215212551,0.337401679312635,0.28835133576409,1.17010617765501,0.241958242731812,0.404094417786198
BSU_30500,tbcS,516.911922731577,-0.420555458143588,0.180372924167796,-2.33158862442324,0.0197223428367024,0.0617559496199398
BSU_30510,ytpA,385.387190961531,-0.401963877294215,0.185143446792283,-2.17109427451239,0.0299240467580299,0.0851021450332182
BSU_30520,ytoA,41.1759151528151,0.293586922912584,0.48765768559856,0.602034852690222,0.547150937994031,0.692459875625232
BSU_30530,ytnA,382.672558185715,-0.20439120844563,0.252986810276226,-0.807912508254731,0.419140950161749,0.587350651612801
BSU_30540,asnB,937.585533576177,0.0780954396807683,0.193638261393773,0.403305829739699,0.686723253594011,0.797668912830641
BSU_30550,metK,1257.58946117315,-0.0170135924399537,0.145142640604613,-0.117219807832358,0.906685870745723,0.944733302377016
BSU_misc_RNA_50,mswG,31.6998437920454,0.444704639822396,0.566362813785048,0.785193923397619,0.432339877707862,0.596204975884242
BSU_30560,pckA,3519.45000417151,0.872583890685279,0.143901922984555,6.0637403072017,1.3299182999076901e-09,2.04595402224929e-08
BSU_30570,ytmB,261.078745655359,-0.0140195206807546,0.305087684161529,-0.0459524307553888,0.963348164583409,0.977285230374293
BSU_30580,ytmA,65.606983830507,0.469060901928715,0.44538325746981,1.05316240352953,0.292266566268056,0.461425428757621
BSU_30595,ytlA,3.79670715782803,-1.17796932360523,1.85177828456684,-0.636128705808201,0.524692536850199,0.675513799716782
BSU_30610,ytlC,5.11186557096927,-1.9438114924005,1.53558998729504,-1.26584017119345,0.205570309785611,0.361130134608897
BSU_30620,ytlD,3.8266795258095,-2.01230188391326,1.83006829073395,-1.09957748249178,0.271516257392235,0.438449746866306
BSU_30630,rppG,161.305553009685,-0.181100736612207,0.35583228105183,-0.508949711018006,0.610787474164821,0.745698372696288
BSU_30640,ytkC,1.94483292405151,-0.691356528000661,3.41517077551925,-0.202436883378268,0.839575196483295,
BSU_30650,dps,1755.33172346729,-0.388461951752529,0.187385804768355,-2.0730596548268,0.0381667281254937,0.10348398954077
BSU_30659,ytzI,589.924591332974,-0.194667413915169,0.272392423176609,-0.71465796164585,0.474820419860628,0.633790475551156
BSU_30660,ytkA,447.880713436644,0.599672051941739,0.190696748220808,3.14463700895087,0.0016629302352713,0.007951353354687
BSU_30670,luxS,974.356790434609,-0.21424483756464,0.221354934024992,-0.967879204989626,0.333104700943008,0.505370764437149
BSU_30680,ytjA,36.8122547268214,1.95923365058969,0.805807125710664,2.43139280862252,0.0150408981194611,0.0497768148209133
BSU_30690,ytiB,445.881535607862,-0.263209352465191,0.190171655243581,-1.38406195249265,0.166339485747388,0.312097859692183
BSU_30700,rpmEB,199.035039406723,-1.44033544888307,0.301665198574165,-4.7746158844006,1.80050580948414e-06,1.7494159421212e-05
BSU_30710,ythA,52.228953583209,-5.20408601098693,1.78460122367245,-2.91610581790237,0.0035443026968762,0.0151399489446043
BSU_30720,ythB,58.7847037628813,-2.05257463644531,0.788894375982995,-2.60183707595546,0.009272589178699,0.0333091486063926
BSU_30739,ytzL,40.0331896622274,-2.22020074753087,0.753275226699151,-2.9473964745393,0.0032046203540829,0.013828067096988
BSU_30740,mntD,77.6363465230297,0.14543913882571,0.385077801271585,0.377687673362233,0.705662625958087,0.811920140505343
BSU_30750,mntC,127.043503924465,-0.279860053063939,0.364075302586703,-0.768687277262626,0.442078979501713,0.605268849941614
BSU_30760,mntB,77.3178379512446,0.360841652068583,0.332596457450366,1.08492331768877,0.277955619528178,0.445526447911153
BSU_30770,mntA,71.2473633225497,0.646923955469812,0.356126957182087,1.81655430015381,0.069285386374484,0.164166155438649
BSU_30780,menC,55.0452201084893,0.410286684973131,0.753520852568521,0.544492808094944,0.586102396124287,0.725113861871714
BSU_30790,menE,57.4717233977527,0.503163923116424,0.439524452450458,1.14479164995522,0.252295475103403,0.41462584426757
BSU_30800,menB,191.580932727708,0.763663278937333,0.242179480802614,3.15329472342766,0.001614387258261,0.0077541722834576
BSU_30810,menH,32.0770490268451,0.247675843477453,0.534434448184449,0.463435402262791,0.643052307668359,0.768477370773952
BSU_30820,menD,110.173533161864,0.444036237936473,0.367312164199693,1.20887975192422,0.226709046206874,0.387354875830545
BSU_30830,menF,318.117348519877,0.276084808501047,0.207844460763353,1.32832411066943,0.184071057937853,0.336012773862479
BSU_30840,yteA,12.4341450195352,-4.70153214678736,1.20923567062777,-3.88801973096491,0.0001010654126906,0.0006800693221621
BSU_30850,ytdA,33.9078392881181,-1.83733740994531,0.824100996320949,-2.22950514335958,0.0257803134734734,0.0757006991759116
BSU_30860,ytcA,1.23235624128948,0.697170374993523,3.14679043145989,0.221549667884965,0.824664467895589,
BSU_30870,ytcB,2.54655989266484,-2.7665213401547,2.33557127144756,-1.18451591436131,0.23620890037191,
BSU_30880,ytcC,1.76498387378433,-0.704123117978972,2.3765170349994,-0.296283640137741,0.767013478659442,
BSU_30890,cotOO,8.03469239907181,0.275419289909987,1.19966303917454,0.22958054129891,0.818417728821177,0.889169843168202
BSU_30900,cotS,26.1967626109127,-0.880101202845941,0.609711225187531,-1.44347219878598,0.148887498577175,0.288533235490042
BSU_30910,cotSA,14.2743410670117,-2.27183747765577,1.03928378265058,-2.18596452247306,0.0288182010090292,0.0824542328061578
BSU_30920,cotI,6.12794700881993,-3.51817225923692,1.50170417662368,-2.34278649150921,0.0191403327831332,0.060199891109025
BSU_30930,ytaB,9.40364083114106,0.334613033817909,1.1601905803471,0.288412127702158,0.773031285405204,0.861946123379857
BSU_30940,glgP,1998.99689016674,-1.30342276040014,0.159840185098938,-8.1545373561307,3.5051906338729097e-16,9.360402158128531e-15
BSU_30950,glgA,2035.08710799895,-1.5340268884907,0.166893287677351,-9.19166318693643,3.8681358693169904e-20,1.32452458879999e-18
BSU_30960,glgD,1017.55857512858,-1.57199058680667,0.169074933232016,-9.29759696932411,1.4365561783045202e-20,5.08301461090081e-19
BSU_30970,glgC,1390.58304429139,-1.59025252753483,0.152856124262129,-10.4035905346373,2.38763196846127e-25,1.22143196844416e-23
BSU_30980,glgB,2646.21202308845,-1.65356493772871,0.145408252826398,-11.3718781815148,5.7731772019716396e-30,3.7712169845494696e-28
BSU_tRNA_72,trnB-Glu,196.587259103614,-0.650030208958941,0.232247486188046,-2.79886865355617,0.0051281992907579,0.0207177299605693
BSU_tRNA_71,trnB-Ser2,116.859848362794,-1.02340517381703,0.44887061211976,-2.27995584069108,0.0226103076609027,0.0685738330915663
BSU_tRNA_70,trnB-Asn,54.7300045917992,0.340864064213236,0.551515713668229,0.618049596349827,0.536542646022451,0.684132154658056
BSU_tRNA_69,trnB-Ile2,14.7147221339991,-0.802975170453512,0.74467855251227,-1.07828427144111,0.280906914037686,0.449070315137054
BSU_tRNA_68,trnB-Gly2,51.4462986234748,-0.661272978591152,0.423745796280216,-1.56054168417959,0.118631927390812,0.24511492150919
BSU_tRNA_67,trnB-His,23.9002703452642,-0.235239035253625,0.649433953766242,-0.362221645310367,0.717186405651822,0.819322930948904
BSU_tRNA_66,trnB-Phe,13.5403440346257,-0.298146844944734,0.917852954578977,-0.324830729647207,0.745309185733659,0.841420580331059
BSU_tRNA_65,trnB-Asp,64.3147960591431,-0.134315323437972,0.415484216355455,-0.323274189850482,0.746487598992103,0.842526939213309
BSU_tRNA_64,trnB-Met2,13.3485628118943,-0.832053332723392,0.809258117096004,-1.02816804075959,0.30387078905121,0.475224814111026
BSU_tRNA_63,trnB-Ser1,126.315175323826,-0.662844886249513,0.278886476984712,-2.3767552066924,0.0174656747277277,0.0559270398898429
BSU_tRNA_62,trnB-Met3,52.797859628494,-0.772667315462362,0.424328285656361,-1.82091871218809,0.0686192143057062,0.163316807142393
BSU_tRNA_61,trnB-Met1,35.1829036684061,-0.376547851957608,0.581873010260932,-0.647130637299625,0.517547398245377,0.669490588958674
BSU_tRNA_60,trnB-Ala,11.475164927847,-1.80192823816784,0.927989969077205,-1.94175400404348,0.0521668875498143,0.132238790676988
BSU_tRNA_59,trnB-Pro,41.6474706857364,0.46549221507668,0.583915261848993,0.797191382877507,0.425339889850514,0.591426588900166
BSU_tRNA_58,trnB-Arg,75.7124473713983,-0.812487651057062,0.343215601609282,-2.36728064588975,0.0179193388501925,0.0571641718692091
BSU_tRNA_57,trnB-Leu2,118.401068350925,-0.861610588557903,0.2829567950757,-3.04502526022531,0.0023266076805325,0.0105093363952565
BSU_tRNA_56,trnB-Gly1,91.0863751738882,-0.828119067353893,0.33915761414159,-2.44169386982471,0.0146185368864021,0.0487497878809184
BSU_tRNA_55,trnB-Leu1,103.220123008987,-0.894037983259111,0.318418540895622,-2.80774473981456,0.0049889754579416,0.0202322729650624
BSU_tRNA_54,trnB-Lys,9.7241987235102,-0.913883876538689,0.915122931847685,-0.998646023101514,0.31796619699866,0.490048810328969
BSU_tRNA_53,trnB-Thr,34.5291090620038,-0.428358612791574,0.488640587750845,-0.876633303760661,0.380685843929895,0.550542266119323
BSU_tRNA_52,trnB-Val,0.519264001430652,-2.19997351538314,3.47758880189431,-0.632614619124828,0.526985338033717,
BSU_rRNA_21,rrnB-5S,0.114307424625894,0.650727629054795,3.53116895210793,0.184281080254272,0.853792955515031,
BSU_rRNA_20,rrnB-23S,16880.7676340947,-0.898736565264535,0.980886296976245,-0.916249485832404,0.359536055782277,0.532283853853398
BSU_rRNA_19,rrnB-16S,15570.8077570025,-0.775600745667469,1.08861733217868,-0.712464079655282,0.476177447104081,0.635202463212041
BSU_misc_RNA_51,tswC,1.76268510520779,-3.59158212708267,2.36124779962008,-1.52105260941294,0.128246635651517,
BSU_30990,thiT,45.5848841219649,0.437686467847288,0.467537043449499,0.936153560406737,0.349194129631213,0.520420594739955
BSU_31000,yuaI,2036.41827293726,-0.768207757029,0.150237479009482,-5.11328972034014,3.16596151713615e-07,3.45569989762471e-06
BSU_31010,floT,3996.5542629608,-0.577677150250443,0.138994510651245,-4.15611485334057,3.23705140259483e-05,0.0002407096366973
BSU_31020,nfeDB,727.464554200565,-0.547115202980479,0.216743437766358,-2.52425267689188,0.0115944557801285,0.0401073266120843
BSU_31030,yuaE,2034.81985215857,-0.303047845552233,0.145512225238948,-2.08262807509537,0.0372851380873649,0.101482497640353
BSU_31040,yuaD,196.585651860353,0.133911989717173,0.249162805637355,0.537447751780718,0.590958366248838,0.729633388511941
BSU_31050,gbsB,931.660958638986,-1.42858859287859,0.224105075708765,-6.3746373809717,1.83396355884151e-10,3.06575168143349e-09
BSU_31060,gbsA,598.018202808517,-1.57350816860298,0.233300350942699,-6.74455980132431,1.5349166206643e-11,2.88374158023922e-10
BSU_31070,gbsR,179.756233326012,0.134148395435695,0.262276202427554,0.511477572856615,0.609016688560181,0.745151524533961
BSU_31080,bslA,116.553373348854,1.25018937879704,1.04937986662466,1.19136017238284,0.233512221123085,0.395017088003435
BSU_misc_RNA_52,swdA,13.7336559675998,-0.326048710307669,0.839836026524384,-0.388229011390477,0.697846565631157,0.804959662502008
BSU_31090,ktrA,36.4880745034482,0.641817233878237,0.554852875143896,1.15673408687265,0.247381018598392,0.40902640380404
BSU_31100,ktrB,26.3878227193765,1.3727174482807,0.907504835764004,1.51262824635534,0.130374115105341,0.261982249284088
BSU_31110,yubF,229.288290665851,0.56988421292335,0.237516558992935,2.39934518814034,0.0164244233127357,0.0532758604934115
BSU_31120,lytG,234.848432082564,0.416326594751622,0.239705966412786,1.73682199480461,0.0824185954842185,0.187038672595399
BSU_31130,yubD,75.0578935683295,-0.0761702813769351,0.412071396623933,-0.184847291030127,0.853348814075357,0.912215273052358
BSU_31140,cdoA,6.28367988542217,1.82153147460599,1.41023259683534,1.29165321996785,0.196477264600598,0.349787197272175
BSU_tRNA_86,trnSL-Ala1,3.77386241102697,1.12721365727266,1.7833991909501,0.632059083009982,0.527348270695824,0.676880519157941
BSU_31150,uppP,546.233492512091,-0.260541406773317,0.219491968565315,-1.18702022892372,0.235219641407652,0.396641222167153
BSU_31160,yubA,803.313205901279,-0.0066282185490532,0.199287101344811,-0.0332596465316888,0.973467533345277,0.982725427147894
BSU_31170,iolU,184.229530080219,0.741536338955986,0.302539347407557,2.45104098131423,0.0142443734694023,0.0477360771516038
BSU_31180,rhaA,463.920862590801,0.0703930615024088,0.178537749605322,0.394275505645281,0.693377645337593,0.801983514601858
BSU_31190,rhaM,75.8601517531034,-0.339944523534005,0.376691260626757,-0.902448660392038,0.366818582002232,0.538192314483112
BSU_31200,rhaB,461.519500455361,0.0137344109283314,0.212062532553048,0.0647658535573495,0.948360429260231,0.970064654935905
BSU_31210,rhaR,273.767155004055,-0.0132041674882133,0.262648376540252,-0.0502731738232912,0.959904700917868,0.975294414955077
BSU_31220,rhaE,373.44214342162,-0.107954158289828,0.221937190099163,-0.486417613206661,0.626671105152907,0.75699730084758
BSU_31230,tlpB,326.577721115433,1.17900870441088,0.220436148240471,5.34852706247032,8.86729185980441e-08,1.09768283489007e-06
BSU_31240,mcpA,2099.98360092401,0.765331263002036,0.140036512916928,5.46522651171728,4.62316067532705e-08,5.93049553699053e-07
BSU_31250,tlpA,191.084331329508,0.21007048419595,0.274815501559515,0.764405512075731,0.444625624984358,0.607364147698295
BSU_31260,mcpB,1158.48925227323,0.907975963602767,0.150902116614446,6.01698626880523,1.7769414766920502e-09,2.70426290682238e-08
BSU_31270,tgl,19.1398111051443,-0.604124383085617,0.755389714880407,-0.799751930937082,0.423854538452011,0.591030006655908
BSU_31279,yuzH,88.4688004509327,0.527681016664366,0.379449107569529,1.39065030365811,0.164331494342254,0.309424179590781
BSU_31280,yugU,173.934789262451,0.178209172028366,0.26337084523469,0.676647302663906,0.498629759067588,0.653187125381222
BSU_31289,BSU_31289,1.47778197630357,-1.20337390488323,3.46514566630027,-0.34727945684548,0.728381382601661,
BSU_31290,yugT,803.053158354924,-3.08372002965166,0.208449434267331,-14.7936118919703,1.61073094238378e-49,2.44255842191484e-47
BSU_31300,yugS,217.403001817567,-0.603802189688408,0.26040108815242,-2.31873911884341,0.020409186058571,0.0631916718733673
BSU_31310,yugP,483.627656128406,-0.680654579346661,0.20353285075966,-3.34420009745949,0.0008252019549911,0.0043525559017299
BSU_31319,yuzI,28.2104786318536,-2.75284852196666,0.619385329270479,-4.4444845427789,8.81028417091963e-06,7.45188577484557e-05
BSU_31321,mstX,13.5829541502188,-3.51358806356861,1.26436436984636,-2.77893631564101,0.0054537216085766,0.0217431943192643
BSU_31322,kbfO,108.637265951353,-1.68622059498101,0.383509522057531,-4.3968154582823,1.09850664180136e-05,9.07443424336298e-05
BSU_31330,yugN,1892.44935693903,0.421721788166894,0.174111119792723,2.42214161088015,0.0154293366150854,0.0506692734039511
BSU_31340,yugM,1459.60368011143,0.257587498584582,0.181359482874913,1.42031447433188,0.155516149127999,0.297588274436299
BSU_31350,pgi,1408.69184544271,0.623048227725093,0.187892683739987,3.31597918196373,0.0009132263141267,0.0047460941612999
BSU_31360,bdhK,53.6284190379164,-0.0463227535519151,0.394697648457369,-0.117362628667696,0.90657269736601,0.944733302377016
BSU_31370,bdhJ,471.293174227445,0.381751310607388,0.199925059360568,1.90947203831459,0.0562012254829129,0.139877141500849
BSU_31380,yuzA,78.8699445805998,-1.1818276580211,0.439618023431621,-2.68830574505533,0.0071815607013021,0.0271530781279865
BSU_31390,yugI,698.749480621825,-0.887340571518117,0.248627321060262,-3.56895842232497,0.0003584032928892,0.0020932329870805
BSU_31400,yugH,1961.04168845524,0.894815609250283,0.173973776406143,5.14339360640956,2.69819486723554e-07,2.99909303829374e-06
BSU_31410,yugG,679.966886982371,0.893628857140479,0.205472987174451,4.34913060558062,1.36678298348294e-05,0.0001111754894227
BSU_31420,yugF,64.4179203924511,-2.85685006568242,1.41438110804914,-2.01985875618974,0.0433980404438428,0.114381179220705
BSU_31430,yugE,39.3570211144949,0.275158440522077,0.540647896638929,0.508942034608231,0.610792855021832,0.745698372696288
BSU_31440,patB,68.1742512583932,0.825076480570502,0.401048236679036,2.05729985849762,0.0396573909691387,0.106438231387461
BSU_31450,kinB,338.987112255649,0.617313264151917,0.240703616431067,2.56461981462876,0.0103288911283597,0.0366080732312314
BSU_31460,kapB,152.666693096773,0.451381726813022,0.318849176877092,1.4156590624884,0.156875349686825,0.299502128943461
BSU_31470,kapD,157.234054559729,-1.2080830904043,0.342448368065597,-3.52778171269569,0.0004190575794199,0.002388346955996
BSU_31480,yuxJ,85.5902427488554,0.0454506563670834,0.351229334226775,0.129404499960524,0.897037587167691,0.939931085702324
BSU_31490,pbpD,1652.3715435918,0.705449005386478,0.162502471226505,4.34115863015514,1.41733348687161e-05,0.0001144947431968
BSU_31500,yuxK,536.75902283391,0.811966687311424,0.189427592885817,4.28642245272504,1.81573545288082e-05,0.0001435682073171
BSU_31510,yufK,78.0661502178759,0.894209282945368,0.449337469977621,1.9900616856856,0.0465841407577693,0.12134739978987
BSU_31520,maeL,372.703638450036,0.263701254441043,0.238900723919034,1.10381103127345,0.269675118605608,0.435873830833426
BSU_31530,maeM,315.267079939183,0.588372282173234,0.221222171911115,2.65964427114312,0.0078223220610274,0.0291602980431278
BSU_31540,nupN,3515.2125230795,1.38934699837346,0.188159233882375,7.38388953710341,1.53731006321236e-13,3.36464872597923e-12
BSU_31550,nupO,890.159545941899,1.45164894753045,0.203344411914343,7.13886815902242,9.41025363868445e-13,1.92095850720453e-11
BSU_31560,nupP,658.341848858132,1.4169022365624,0.194991413110628,7.26648529778344,3.6896135187029e-13,7.79407910468285e-12
BSU_31570,nupQ,421.013503903042,1.49247795124537,0.25946587047688,5.75211664062909,8.81329554716474e-09,1.24323099313161e-07
BSU_31580,maeN,191.087786341715,0.514881825232839,0.259603358786824,1.98334038372608,0.0473294214031104,0.122911757356334
BSU_31590,yufS,18.1538574970268,-2.06600035174357,0.816332348041082,-2.53083239528761,0.0113792208870069,0.0395386021982252
BSU_31600,mrpA,244.567199565011,0.13291529656956,0.216692145351091,0.613383084810053,0.539623067949419,0.686493275773287
BSU_31610,mrpB,57.343417961479,0.582271356153158,0.512022247796908,1.13719932807317,0.255454967805335,0.418788337182028
BSU_31620,mrpC,55.6898665567086,0.0727829153428319,0.424564605782988,0.171429540643419,0.863886028503443,0.919271453787219
BSU_31630,mrpD,218.020294184957,0.270840781261088,0.264812795743145,1.02276319579281,0.306419823424684,0.477803367705181
BSU_31640,mrpE,91.9344825347193,-0.322226309460936,0.372317874835593,-0.865460218914343,0.386786241286666,0.555767979865713
BSU_31650,mrpF,34.8246336097135,0.100510875853675,0.687847631957169,0.146123750644727,0.88382369735041,0.932736680313941
BSU_31660,mrpG,93.2816736973607,0.342069786027094,0.495869588372422,0.689838203528189,0.490295940893396,0.646029812878025
BSU_31670,yuxO,325.8324806221,0.230869999205761,0.286945437523964,0.804578045212796,0.421063215629491,0.588296944245745
BSU_31680,comA,570.424459781717,0.369763585666567,0.259030819415203,1.42748876948835,0.153439059997086,0.294797397623361
BSU_31690,comP,3778.7164396332,-0.0910786525803449,0.147033146059087,-0.619442996504636,0.535624563480594,0.683166685652929
BSU_31700,comX,183.064148785677,-0.28705458556288,0.335384374022028,-0.855897316027092,0.392054579690544,0.561627444455482
BSU_31710,comQ,1691.52671647404,-0.279087914095378,0.140856796885147,-1.98135922629949,0.0475510028578892,0.123336321401709
BSU_31720,degQ,477.546820091312,-0.816303464551389,0.222110970337951,-3.67520552140829,0.0002376580225919,0.0014667092498916
BSU_31725,BSU_31725,3.26086491144995,-0.519522823483152,1.88374881688637,-0.275791983955624,0.782707840911049,0.868094358754188
BSU_31730,cotIC,255.327809355588,-3.9906255934592,0.365335230923245,-10.9231885010772,8.930456110623909e-28,5.1241508980688005e-26
BSU_31740,pdeH,66.060434137818,1.4580934118893,0.389455395254231,3.7439291627671,0.0001811647485697,0.001153261652814
BSU_31750,pncB,703.200044614914,0.321968034734986,0.159533168715012,2.01818867717813,0.0435716149325985,0.114767417496162
BSU_31760,pncA,586.817965282839,0.219807090850916,0.16756403148907,1.31177967549231,0.18959448447796,0.342517634061982
BSU_31770,yueI,242.550131530838,-0.205790396460044,0.213648401313108,-0.963219922055267,0.335437169482709,0.507036746751009
BSU_31780,yueH,140.040381901583,0.468726257626461,0.275330652904087,1.70241218216173,0.0886781279732416,0.197341368644855
BSU_31790,yueG,147.411827242212,0.271031396679586,0.270299082447233,1.00270927383742,0.316001154058998,0.487911403642979
BSU_31800,yueF,551.725215255945,0.320858578358365,0.206578328569069,1.55320541404752,0.120374068315727,0.247629987436325
BSU_31810,yuzE,13.5019585737971,-0.489492221105864,1.12873773928587,-0.433663378186997,0.664532904001703,0.781825079077648
BSU_31820,yuzF,284.658151217776,0.089113823930682,0.221518956326344,0.402285318640626,0.687474058119322,0.797981096439213
BSU_31830,yueE,708.372264516165,-0.0284837475409239,0.200529854096004,-0.142042428890849,0.887046492025226,0.9338952157548
BSU_31840,bznD,386.746246880894,-0.218642720859611,0.183909272700368,-1.18886186459903,0.234494028890173,0.395889322730686
BSU_31850,yueC,99.8248458101492,-0.377569701759393,0.319193715356878,-1.18288576370386,0.236854424488714,0.398290648070922
BSU_31860,yueB,597.257902754881,-0.209246819688268,0.231628697455532,-0.903371741009939,0.366328632759461,0.537839341181422
BSU_31875,yukAB,269.471391964217,-0.0718654967853125,0.292516019319552,-0.245680550940373,0.805929528933529,0.880817703951548
BSU_31890,yukC,107.254980634903,0.0079795797302543,0.394656218625978,0.0202190649827736,0.983868619337068,0.989364156835684
BSU_31900,yukD,20.7267382030921,0.593597491074112,0.766824828115849,0.774097902558306,0.438872897738172,0.601890931458746
BSU_31910,yukE,4107.49751123449,-0.448569552019625,0.163383100121636,-2.74550765462078,0.006041735800829,0.0236000093931188
BSU_31920,adeR,404.841632295954,0.0972880084008757,0.193750678463804,0.502129897929885,0.615576150446306,0.749565911899919
BSU_31930,ald,549.403647452523,-1.49757305281365,0.323558035046116,-4.62845267495892,3.68408028822641e-06,3.37853237663269e-05
BSU_31945,yukJ,13354.9518750624,-1.00062121814284,0.152995276140016,-6.54020989005636,6.143255557516039e-11,1.08233456834909e-09
BSU_31959,mbtH,5.54603388212782,-1.08316429917599,1.62845109075375,-0.665150034487455,0.50595453499391,0.658968476754222
BSU_31960,dhbF,104.788530980289,0.0168536899832745,0.382016783799965,0.04411766890352,0.964810608748391,0.978405981549001
BSU_31970,dhbB,8.96057180693303,-1.33089422674364,1.18772607328118,-1.12053970749917,0.262483841561218,0.427341407695142
BSU_31980,dhbE,7.20260813977595,-1.44556828523371,1.25312195616261,-1.15357350346045,0.248675066580646,0.410048284544242
BSU_31990,dhbC,3.20996237833103,0.919817699458247,1.65624145575736,0.55536449486928,0.578645372793717,0.71867609522683
BSU_32000,dhbA,2.64199302815433,0.314214878039649,2.03062259171245,0.154738196709743,0.87702771602859,
BSU_32010,besA,61.7064215837573,1.02759450260727,0.476538977323191,2.15637031073399,0.0310547610420069,0.0874973559285743
BSU_32020,yuiH,37.7996448781001,0.131931181682556,0.548093793895737,0.240709132546123,0.809780560314306,0.883434804495
BSU_32030,bioYB,738.102503603051,0.882243584808251,0.203221444835863,4.34129176436483,1.41647482627132e-05,0.0001144947431968
BSU_32040,hisP,96.2238858070745,1.41356392420131,0.433589189617589,3.26014568178701,0.0011135500166685,0.00564890486353
BSU_32050,pepA,694.013632201096,-0.442981364322871,0.181564554935068,-2.4398008988114,0.0146953586767959,0.0488235469027193
BSU_32060,yuiD,334.629472966603,0.138852464312949,0.205404457649119,0.675995379565441,0.499043578600255,0.653187125381222
BSU_32070,spsC,406.647497965183,-1.82091988912577,0.236258798367844,-7.70731038041887,1.28497022782398e-14,2.99779317985749e-13
BSU_32080,yuiB,3724.83711319881,-0.0976116833449823,0.148155086958789,-0.658848004133223,0.509993377840735,0.662414157941806
BSU_32090,yuiA,156.56702855535,-0.430792852103762,0.297412332955525,-1.44847003425437,0.147485640632512,0.286732614526394
BSU_32100,yumB,443.684782379077,-2.4223617036398,0.29819783579113,-8.12333763997042,4.5353532876909795e-16,1.20356937872099e-14
BSU_32110,trxBB,971.954156877995,0.0741762005775898,0.156778799506109,0.473126473804256,0.636122950308816,0.763419459302214
BSU_32120,yuzG,19.622455179747,0.803816946558752,0.687690877280977,1.16886376294087,0.242458525381566,0.404351492054253
BSU_32130,guaC,8.24778398500785,-0.714876730265332,1.23757239316512,-0.577644373948114,0.563504241722172,0.706418367390712
BSU_32140,paiB,520.735094427,-1.61155557449352,0.221985346265431,-7.25973854403234,3.87839253116304e-13,8.1523043006526e-12
BSU_32150,paiA,261.479279281165,-2.15736597537677,0.321034375879725,-6.72004662885394,1.81666417625928e-11,3.36836510585017e-10
BSU_32160,sufA,527.241723203165,-0.0160436530098666,0.194475745793548,-0.0824969352574088,0.934251555339488,0.963524922023674
BSU_32170,dapF,361.494910261351,0.112992787159043,0.237724199530738,0.475310411738004,0.634565739050697,0.762582218874294
BSU_32180,yutK,4.54838149850072,-1.44368427308085,1.65542688969009,-0.872091834482116,0.383158280384144,0.552987783314437
BSU_32190,yuzB,64.1922525631785,-0.126148663072467,0.489657605079655,-0.257626271426838,0.796695352283049,0.875231168381327
BSU_32200,yutJ,176.339167983454,0.340324147862178,0.273150973467468,1.24591958630786,0.212793918643447,0.370904342594448
BSU_32210,yuzD,182.005090867008,0.266757856823702,0.262282391741163,1.01706353618643,0.309123205256678,0.480255078492446
BSU_32220,yutI,2987.22679656451,0.0568325991748692,0.132345613865882,0.429425634252321,0.667613502034922,0.783712172972154
BSU_32230,yuxL,527.116078899745,-0.310572437082748,0.201951725052416,-1.53785483635824,0.124084112200479,0.252700900196129
BSU_32240,thrB,14009.129450021,0.217200317756911,0.164300962132266,1.32196619507352,0.186179407977266,0.338739561239622
BSU_32250,thrC,19745.8648682108,0.114957384616899,0.16556381975727,0.694338804126628,0.487469761354751,0.643793656831189
BSU_32260,hom,17130.2399611837,0.0744236960718805,0.139490657670577,0.533538928805114,0.593660570782907,0.731693115687728
BSU_32270,cotNH,214.719636320519,-0.852861799620501,0.242092429010095,-3.52287679176013,0.000426889761768,0.0024297237647014
BSU_32280,yutG,370.75812404118,-2.65782274419332,0.248278246405967,-10.7050165798555,9.64134037814018e-27,5.24835015969015e-25
BSU_32290,nucF,362.320425385199,0.427098066286911,0.192184991730964,2.2223278854407,0.0262611549545943,0.0767939834278287
BSU_32300,yutE,264.153416310987,1.18268516147186,0.397921707541058,2.97215542419191,0.0029571694203772,0.0129075034349907
BSU_32310,yutD,187.000466759502,0.57487017504486,0.2497133851563,2.3021199872207,0.0213284065580805,0.0653865806827509
BSU_32320,yutC,38.8879253662903,-1.55512826222533,0.64328520730716,-2.41747866196894,0.0156284502792952,0.0511640150287204
BSU_32330,lipA,1638.5763066359,0.560358286961003,0.161346075235671,3.47302087232374,0.0005146353309648,0.0028789744601801
BSU_32340,lytH,20.4943023620423,0.351642040007741,0.725058231517428,0.484984549822725,0.627687305164093,0.757607410118861
BSU_32350,fisB,221.916583495519,-2.19354979058858,0.31588794917097,-6.94407556966143,3.80946551300432e-12,7.488421559359419e-11
BSU_32360,yunC,100.045238742812,0.290041784326764,0.333921926028295,0.86859161294544,0.385070543519449,0.555181503491879
BSU_32370,yunD,276.407709854574,0.307751143027153,0.230026820613028,1.3378924344865,0.180931503725615,0.330993177431694
BSU_32380,yunE,114.958407134912,0.515940334242694,0.330066328598964,1.56314137353153,0.11801934600469,0.244086772107119
BSU_32390,yunF,178.280129023702,0.687134767772539,0.33864938386144,2.02904478944419,0.0424537285232364,0.112661582068539
BSU_32400,yunG,22.0702533224216,0.179839954217173,0.91532651972453,0.196476285065242,0.844237392687262,0.908882345169908
BSU_32410,pucH,132.834375881605,-0.511112060300147,0.32160207818076,-1.58926852460471,0.11199978165143,0.234724122848949
BSU_32420,pucR,62.3075859381353,1.34129185507351,0.500241186150663,2.68129032996003,0.0073338856851872,0.0276305932735625
BSU_32430,pucJ,103.033618441586,0.688909445033802,0.309377051417476,2.22676323882919,0.0259631014612559,0.0761480891821883
BSU_32440,pucK,166.671237551868,0.866964681709791,0.253801816650681,3.41591204172913,0.0006356877650479,0.0034641541718444
BSU_32450,pucL,421.049253567806,1.09723705861247,0.215640112230336,5.08827901851792,3.6132749206243e-07,3.90380796767704e-06
BSU_32460,pucM,144.399568511677,0.89681945125017,0.264312713638186,3.39302426624023,0.0006912551433499,0.0037341849092416
BSU_32469,yuzJ,4.14244405613258,2.49646743897841,1.63353198524221,1.52826357949046,0.126447108650705,0.256542833643455
BSU_ncRNA_2,auzJ,2.64402935927501,-0.554271657445652,2.43945277804366,-0.227211472357401,0.820259307320667,
BSU_32470,pucE,60.1051780552929,0.513208956057867,0.392533718494449,1.30742642447702,0.191067927808713,0.344051917504577
BSU_32480,pucD,171.564415553935,0.145336204059291,0.249677404579473,0.582095942178179,0.560502058260338,0.703693595320341
BSU_32490,pucC,34.4926864510119,-0.626916007507364,0.53607812134581,-1.16944897123111,0.242222789228811,0.404117077825357
BSU_32500,pucB,25.7100041518553,-0.24941010239239,0.636565732014976,-0.391805731676619,0.695201759729033,0.803436764237744
BSU_32510,pucA,58.9696307823072,0.534983109257666,0.431422235404356,1.24004528592794,0.21495864450671,0.373756922430585
BSU_32520,pucG,406.824752399663,0.738512253168,0.216656277118724,3.40868154382302,0.0006527763434625,0.0035398318701686
BSU_32530,pucF,163.734050965086,0.884493839223493,0.269724858566673,3.27924479754562,0.0010408530419949,0.0053310760148496
BSU_32539,BSU_32539,0.0,,,,,
BSU_32540,bsnA,875.545781943001,-0.457133413766544,0.16572114024995,-2.75844960442023,0.0058076259227213,0.0228537346319509
BSU_32550,frlP,415.574453275798,-0.671270187702505,0.316636322502576,-2.12000373929634,0.0340057299533763,0.0944949799620654
BSU_32560,frlR,250.034041618013,0.877045500485882,0.319525237201415,2.74483952556471,0.006054049360921,0.0236263727816827
BSU_32570,frlD,154.642168832267,-0.772986124773834,0.349996240192633,-2.20855551004889,0.0272055727592124,0.0790656139189704
BSU_32580,frlM,71.4624702948281,-0.653564440515641,0.42385808980536,-1.54194164564787,0.123087774631212,0.251627679867176
BSU_32590,frlN,130.531801070369,-0.980654526591648,0.461542786692836,-2.12473156306587,0.0336090181930726,0.0936597939389208
BSU_32600,frlO,436.695538166024,-0.729873980578957,0.34544792216124,-2.11283361038219,0.0346150118284696,0.0956870704581262
BSU_32610,frlB,697.230260691676,-0.819265010635914,0.295889645873053,-2.76881946381931,0.0056259800184092,0.0222213127052705
BSU_32620,yurQ,188.897106925858,-0.275425700729246,0.257662624496214,-1.06893928161976,0.285097030090462,0.453717790005056
BSU_32630,dadA,261.570852671984,0.136948555908105,0.214230226141024,0.63925879356517,0.522654590137763,0.673502697943836
BSU_32640,sspG,0.348138634004767,0.362876693815365,3.47685085678112,0.104369358584256,0.916876238161498,
BSU_32650,yurS,0.470342724360944,0.271304997904635,3.47482076528432,0.0780774077947114,0.937766478291614,
BSU_32660,glxB,266.670548550778,0.320635778232869,0.235907906867089,1.35915655600944,0.174096984500873,0.323083827006428
BSU_32669,yuzN,81.7232119951522,-0.172340911132143,0.372700113181476,-0.462411748848132,0.643786075579097,0.768705195981115
BSU_32670,sufB,13653.1163112057,-0.0786665707931756,0.148602865676233,-0.529374520707894,0.596545669612459,0.7344781703353
BSU_32680,sufU,2596.68183062925,-0.143859927242838,0.148973723338939,-0.965673167176826,0.334207750422953,0.505898790836313
BSU_32690,sufS,4984.26219135139,0.0963646664962524,0.122530877571009,0.78645210420865,0.43160266838391,0.595768832886242
BSU_32700,sufD,6807.70489837404,-0.0143714148590667,0.141791100256975,-0.10135625460992,0.91926766134434,0.952002558553187
BSU_32710,sufC,2904.84307000941,0.082523084951226,0.144049446931014,0.572880262363982,0.566725769527873,0.709227548415464
BSU_misc_RNA_84,bsrI,7.06485828768956,-3.94250776468248,1.46577550668202,-2.6897077667827,0.0071514614271815,0.0270921852779915
BSU_32719,yuzK,0.0,,,,,
BSU_32720,yurZ,29.6457213196204,-2.245120412961,0.768611963494771,-2.92100633296514,0.0034890273511867,0.0149338811825999
BSU_32730,metQ,728.508313078311,0.0019387235831358,0.202512769799795,0.0095733399185271,0.992361696557472,0.995128565314943
BSU_32740,metP,190.176333664846,0.419167925026384,0.309291069317309,1.35525389062026,0.175336680175037,0.324958334361941
BSU_32750,metN,202.725924755194,0.0623368946263346,0.226606042566662,0.275089286765143,0.78324764210723,0.868094358754188
BSU_misc_RNA_53,mswH,238.93234293532,-0.864896834896441,0.237049809515248,-3.64858692215405,0.0002636866886678,0.001604031060292
BSU_32760,yusD,1197.49559044756,-0.430619608886236,0.173075625869764,-2.48804305471799,0.0128448181801727,0.0435615798666241
BSU_32770,yusE,273.213638924204,0.42378952000928,0.206503581856415,2.05221389478826,0.0401488797040581,0.10741785962409
BSU_32780,yusF,490.497417466442,0.596757453988368,0.188807357276377,3.16066843261214,0.0015740756788162,0.0075862943612416
BSU_32790,yusG,808.903655165781,0.782249889870421,0.19433773474027,4.02520843888547,5.69248707728946e-05,0.0004062235315995
BSU_32800,gcvH,2954.88663518485,0.787194474366961,0.173069860206341,4.54842035134502,5.40500923042109e-06,4.82135907402688e-05
BSU_32810,yusI,48.4753338895724,-0.347663782681127,0.441590696320833,-0.78729870347752,0.431107028486444,0.595494605582431
BSU_32820,fadE,3628.78339972151,-0.625779203656591,0.215711330821978,-2.90100293420856,0.003719703952956,0.0158096726569081
BSU_32830,fadA,1495.96826668704,-0.465107153324736,0.255698676784102,-1.81896582013777,0.0689166448533027,0.163749341940192
BSU_32840,fadN,2703.30528032064,-0.543041455078256,0.246008050552388,-2.20741335033104,0.0272851945233633,0.0791183769831389
BSU_32849,yuzL,1.61488638202744,-3.01654998592548,2.9208801794424,-1.03275375934844,0.301719148307441,
BSU_32850,putM,18.2770607257459,-2.08743200422763,0.980179813294829,-2.12964190438775,0.0332011886817785,0.0926839231708295
BSU_32859,yuzM,17.5133733520502,-4.66625147761973,1.1597062588353,-4.02364947336411,5.7303186463223e-05,0.0004082371304074
BSU_32860,yusN,34.6378137512918,-3.56420397706087,0.997831967624984,-3.5719480761318,0.0003543356743767,0.0020723268228703
BSU_32870,mdtR,76.4030496817821,0.515611458479015,0.33505646679997,1.53887929220849,0.123833767450538,0.2526661108097
BSU_32880,mdtP,235.498604729907,0.132293951592085,0.234078638565169,0.565168835580243,0.571958931766604,0.713226908746256
BSU_32890,yusQ,113.234710315579,0.002866841893522,0.293490833425423,0.009768079841071,0.99220632384575,0.995128565314943
BSU_32900,yusR,84.9712572542794,0.563768873223134,0.469773237226385,1.2000872517807,0.230105456059206,0.390992345007514
BSU_32910,yusS,93.1172988751285,0.516156275670432,0.330261691842913,1.56287056119103,0.118083043225693,0.244099611264019
BSU_32920,yusT,350.083917737578,0.0794983923602679,0.189142394076017,0.420309749956517,0.674259188224513,0.788083028055188
BSU_32930,yusU,23.2594395987291,-1.26678774649099,0.726240158746102,-1.74430969044479,0.0811051028080785,0.185245974461055
BSU_32940,feuV,1549.03443836929,0.520096298864236,0.176603768657993,2.94498980863451,0.0032296530076102,0.0139078160956523
BSU_32950,cotNW,67.6809920096458,-2.82510005457411,0.450027108769973,-6.27762194658842,3.43790601378515e-10,5.59285399790488e-09
BSU_32980,yusZ,99.3460174363731,0.379929480802821,0.324572502987523,1.1705535043966,0.241778295801619,0.404010485625215
BSU_32990,mrgA,323.819777068907,-0.0487104189300278,0.278981786340959,-0.1746007134333,0.8613933879582,0.918362827629256
BSU_33000,htrB,878.842316368621,0.186266351081112,0.182893812276,1.01843987373407,0.308468961052331,0.479589604038153
BSU_33010,cssR,83.2883574412296,1.25657696191517,0.375564086946861,3.34583898085273,0.0008203401860072,0.0043376892027232
BSU_33020,cssS,405.9629921097,0.567423907894671,0.222602848345996,2.54904154241869,0.0108019432114944,0.0378112538136894
BSU_33029,spxO,316.925692323204,-0.328536080725767,0.255803554995093,-1.28432961274549,0.199026649647821,0.352699146245679
BSU_33030,yuxN,185.013247994187,-0.145873585258509,0.297719367700154,-0.48997008956913,0.624155064350777,0.755677902262161
BSU_33040,fumC,8685.15082369309,-0.117837773016585,0.146554755024281,-0.804052881102782,0.421366435371984,0.588526935720211
BSU_33049,yvzF,80.1827126118261,0.131469577028871,0.352690987907963,0.372761373373052,0.70932605371253,0.814660109294943
BSU_33050,gerAA,37.8118752960932,-2.34274990232564,0.549663768210334,-4.2621508598856,2.02468679316311e-05,0.0001580327985072
BSU_33060,gerAB,23.5566019129733,-2.67566641432174,0.964432504217555,-2.77434284164086,0.0055313352148994,0.021959259856282
BSU_33070,gerAC,72.2816344055801,-1.69150130588904,0.475705440177331,-3.55577456767889,0.0003768671290172,0.0021800787872033
BSU_33080,liaR,424.906089201429,-0.576420661478064,0.257224601560938,-2.24092352745469,0.0250310289600672,0.0740123600030956
BSU_33090,liaS,1107.31033426273,-0.902418811257844,0.332021666914293,-2.71795157118704,0.0065687451869057,0.0253323270332441
BSU_33100,liaF,810.936876163146,-1.44658134940687,0.312734442297785,-4.62559012937064,3.73533327732945e-06,3.4139245227915e-05
BSU_33110,liaG,1394.24243060926,-1.55582170904566,0.33308425081638,-4.67095548718497,2.99801907244175e-06,2.7851591838923e-05
BSU_33120,liaH,3750.64907248572,-2.36530410034609,0.753070986671366,-3.14087800779702,0.0016844217898134,0.008036016763537
BSU_33130,liaI,959.70767809957,-2.52836486417938,0.705026536264705,-3.58619815585225,0.0003355340332051,0.0019732375415363
BSU_33140,yvqJ,653.233964736903,0.201585074376839,0.250499206713072,0.804733384276699,0.420973550363112,0.588296944245745
BSU_33150,yvqK,42.3258086818084,0.402537805572752,0.472537771937685,0.851863765137987,0.394289710103894,0.563308919616802
BSU_33160,yvrA,90.2516199185364,0.0869076774513604,0.42009751160271,0.206875011279643,0.83610747246474,0.901501352992709
BSU_33170,yvrB,101.947760714657,0.0768490853560104,0.356376921572928,0.215639904561789,0.829268448164293,0.896779668836261
BSU_33180,yvrC,424.021950472923,-0.355631487360342,0.248248029429719,-1.43256519770693,0.151982133481945,0.293157431004906
BSU_misc_RNA_85,srbL,7.17568503306756,-0.4126064057979,1.0427306954706,-0.395697956903134,0.692327862901938,0.801505477242683
BSU_33190,yvrD,153.768016521115,0.0133498819208683,0.264136208285268,0.0505416580617009,0.95969075347294,0.975294414955077
BSU_33200,yvrE,118.296505555413,-0.969192563487946,0.413846585845802,-2.34191267159339,0.0191852033618461,0.0602963534229449
BSU_33210,yvrG,127.957942699058,1.45957903897147,0.425770786434619,3.42808639172711,0.0006078519911046,0.0033302445861035
BSU_33221,yvrH,110.698136377941,0.83814975042028,0.38574354719552,2.17281599786672,0.02979416875546,0.0849472053854853
BSU_33222,rsoA,5.49071498385981,-4.29092401128814,1.76762535461045,-2.4275076164167,0.0152029676264078,0.0501567991777214
BSU_33230,sigO,4.19256797621466,-3.82077300746388,1.87659626068986,-2.03601226726271,0.0417491234631545,0.111278580178628
BSU_33239,yvrJ,1.02170724405496,-1.03304308531407,3.41987150993475,-0.302070730526886,0.762598144473372,
BSU_33240,oxdC,70.2750201644701,-1.19656876399844,0.468368024048998,-2.55476185939044,0.0106260469294601,0.0373494993894765
BSU_33250,rsiO,4.04302043300429,-0.0035999395612159,1.62682091615216,-0.0022128677628086,0.998234388417926,0.99870480990163
BSU_33260,yvrN,625.401479933022,0.80578024436136,0.213887577090872,3.76730736455543,0.000165017783739,0.001058407114435
BSU_33270,yvrO,278.118186119593,0.82852515758277,0.238339470821951,3.47623981342859,0.0005084973665837,0.0028483902618928
BSU_33280,yvrP,433.893728301691,0.302518515775997,0.233242377448662,1.29701351480429,0.194626536733803,0.347557591793927
BSU_33290,fhuC,204.5091470856,0.787007150291978,0.328236867620119,2.39768054087943,0.0164992478403244,0.0534500771985417
BSU_33300,fhuG,75.7696319439965,1.00135210783578,0.448486905357787,2.23273432484486,0.025566469486629,0.0752810190292835
BSU_33310,fhuB,70.7904076266561,0.0649441373347796,0.411001401416697,0.158014393894817,0.874445456522597,0.926371109878978
BSU_33320,fhuD,129.270876679151,1.17215805439984,0.327487145459556,3.57924905038632,0.0003445829628028,0.0020183166885326
BSU_33330,lysP,12.008884633943,-1.11238260845629,1.06355140425003,-1.04591334655863,0.295601041720939,0.465722457568501
BSU_misc_RNA_54,kswB,55.5148127363001,-0.227067897993294,0.420855213580065,-0.539539230277577,0.5895148353453,0.728486609684559
BSU_33340,sspJ,24.9816419287874,-2.54232800920871,0.920587110034792,-2.761637634827,0.0057512270237509,0.0226948977164
BSU_33350,yvsG,64.1362105922512,-0.191287543287153,0.395282186531852,-0.483926546160559,0.628437999903138,0.757622869843476
BSU_33360,ltaSP,290.534696810668,0.470870299103112,0.202914060066595,2.32054052315831,0.0203116554166505,0.0629972891885302
BSU_33370,yvgK,960.011182201409,0.341665312697471,0.182829797786492,1.86876163969982,0.0616559839965353,0.150627910270017
BSU_33380,modA,126.480910044688,0.0604173144723918,0.287787208308305,0.209937456315526,0.833716487685372,0.900066159855603
BSU_33390,modB,71.7645017017359,1.13183207462861,0.430803645618013,2.62725742026843,0.0086076189976034,0.0314180073643914
BSU_33400,pgoN,373.684783422698,0.117406342104277,0.242327672845708,0.48449415919176,0.628035208544369,0.757607410118861
BSU_33410,yvgO,198.482472746988,-0.711317633652386,0.364748780932824,-1.9501576724485,0.0511573290456539,0.130615766162265
BSU_33420,nhaK,284.730532020585,-0.439541836181109,0.21286399602079,-2.06489516497745,0.0389329206848641,0.10495821030345
BSU_33430,cysI,1764.19189763028,0.674589715596441,0.187433866718544,3.59908125146576,0.0003193434096316,0.0018937599403572
BSU_33440,cysJ,603.988361126119,0.752273236775927,0.208842100199321,3.6021148803711,0.0003156388112294,0.001874408940532
BSU_33450,helD,1890.18561856837,-0.378525356882822,0.208355875362486,-1.81672514021639,0.0692592102811523,0.164166155438649
BSU_33460,yvgT,54.9057072989732,1.61607206004778,0.487988013008989,3.31170442094037,0.0009272946414785,0.0048074396187032
BSU_33470,bdbC,617.183786000343,0.0310795270624032,0.199237962896794,0.155991993747208,0.876039332031738,0.926810985000351
BSU_33480,bdbD,1221.30501531217,0.235958034657653,0.15914067201157,1.48270100707189,0.138153866957746,0.273219058734321
BSU_33490,cadA,746.117856933774,-0.0741900723479307,0.163432291279293,-0.453949900397258,0.649864886465503,0.772654193553761
BSU_33500,copA,360.561342247997,0.0646583586406609,0.190286788669068,0.33979426051017,0.734011470473169,0.831984170749887
BSU_33510,copZ,115.739991534258,-0.389198920973818,0.304118717380564,-1.27975983959839,0.200629612070583,0.35494722202154
BSU_33520,csoR,213.459180646537,-0.264972532696802,0.287408198904044,-0.921937974306947,0.35656092986695,0.529170817271957
BSU_33530,iolW,177.390782909269,-0.201463183196224,0.359334090207706,-0.560657028337535,0.575031366670997,0.71561210747518
BSU_33540,azoRB,5673.3150212826,0.69491100021229,0.228651335200669,3.03917315681722,0.0023722845970507,0.0106702546600398
BSU_33550,yvaC,24.9884826311155,-4.50591411454604,0.959003326506612,-4.69853856603382,2.62029714721324e-06,2.45602244747625e-05
BSU_33560,yvaD,58.4085002783247,0.262402168201637,0.432157684491092,0.60719079543996,0.54372430003882,0.688771082495885
BSU_33570,yvaE,43.4053681609026,0.440993638424073,0.473731651902049,0.930893337300702,0.351908741339174,0.523730990440285
BSU_33580,yvaF,74.7395535859359,0.628845788101206,0.465178670007934,1.35183710828891,0.176427430261166,0.326355224738825
BSU_33590,yvaG,247.799589994898,-0.039684866302963,0.218360525397663,-0.181740111820539,0.855786685462292,0.913958796383373
BSU_misc_RNA_55,ssrA,381530.298003748,-0.690503203731944,0.161918891664452,-4.26450055724745,2.00349844209861e-05,0.0001569530329363
BSU_33600,smpB,168.137608193542,-0.959979267895582,0.289250109679804,-3.3188553288995,0.0009038724430131,0.0047090090712069
BSU_33610,rnr,1794.26814237252,-1.03932967873723,0.176238962151423,-5.89727530195195,3.69553001302219e-09,5.3921719708908e-08
BSU_33620,estA,359.621795885991,-0.654166479728573,0.190845434408172,-3.4277292603682,0.0006086521350296,0.0033303311408966
BSU_33630,secG,2767.83242880377,-0.207655515612989,0.148696063129888,-1.39650984190213,0.162561018960174,0.307043632786877
BSU_33640,yvaM,252.470213466348,0.0872035645710585,0.23356878759386,0.373352815970822,0.708885872067918,0.814660109294943
BSU_33650,yvzC,1.12701808884096,0.800185923885417,3.4158079969178,0.234259631866736,0.8147834231204,
BSU_33660,rghRA,131.932836721461,0.437919652495864,0.267429405287092,1.63751496222245,0.10152291522953,0.218593457436401
BSU_33670,rghRB,121.643497872211,0.0805814948031037,0.291334054935366,0.276594834822798,0.782091231239901,0.867945469901887
BSU_33680,catR,196.309130773864,0.278181723807096,0.253660232109413,1.09667061917339,0.272785404500666,0.439562363381339
BSU_33690,yvaQ,227.942742387057,0.565706068965472,0.240364230681031,2.35353682768289,0.0185957657205248,0.0589593860795086
BSU_33700,opuBD,88.9151514341539,-0.0253727254901684,0.375103983659619,-0.0676418449162417,0.946070744234638,0.969737112184956
BSU_33710,opuBC,54.4568556002571,-0.224692630469213,0.507857521673454,-0.442432416337603,0.65817632586704,0.777794789766616
BSU_33720,opuBB,55.404399482772,-1.45442125530557,0.568118395721188,-2.56006717307452,0.0104651932996016,0.0369369997922763
BSU_33730,opuBA,129.096491155304,-1.08467505292628,0.30678573278795,-3.53561113507193,0.0004068330792198,0.0023217920085583
BSU_33740,yvaV,189.244823652763,0.326792448610237,0.270350672404186,1.20877246468124,0.226750272989916,0.387354875830545
BSU_33750,sdpA,507.831535772731,-0.59558430385272,0.269552985060026,-2.20952590719814,0.0271380824653218,0.078923491882025
BSU_33760,sdpB,336.707876869216,-0.0291731343923841,0.296009431926759,-0.0985547460514782,0.921491802437509,0.953233218548851
BSU_33770,spbC,12376.9821325141,-0.380867566053751,0.58458126235603,-0.651522021966194,0.514709566097155,0.667167417155057
BSU_33780,sdpI,3063.45156499168,-2.99819646409261,0.305802440703525,-9.80435753617597,1.07830995092024e-22,4.36048004914986e-21
BSU_33790,sdpR,1413.71658699552,-2.91116723735018,0.313642186592023,-9.28181017031663,1.66623318017062e-20,5.84696370496237e-19
BSU_33800,opuCD,170.929116000317,-0.948827784492858,0.258680975854234,-3.66794574421089,0.000244507050007,0.0015002556854476
BSU_33810,opuCC,207.380099506578,-0.826737653010145,0.258374016234342,-3.19977087889637,0.0013753687662597,0.0067904834669056
BSU_33820,opuCB,158.834740555974,-0.478377449888923,0.344838433789428,-1.38725096455182,0.165365249746318,0.310806787556358
BSU_33830,opuCA,246.328187655236,-0.493264997089945,0.319072794818438,-1.54593248030008,0.12212087527425,0.250374329509641
BSU_33840,opcR,95.352247616266,0.371288952672101,0.309087663374738,1.20124157858073,0.229657505105159,0.390675387290266
BSU_33850,yvbG,25.4159909119672,-2.65319834169412,0.923814423048579,-2.87200359238665,0.0040787833053569,0.0170794022825893
BSU_33860,yvbH,224.692476975787,0.0984332557006363,0.226050785730295,0.435447527344933,0.663237618729411,0.781076692435406
BSU_33870,yvbI,165.289208498233,0.814754572478397,0.257979832777509,3.15821032871616,0.0015874098215199,0.0076418844695846
BSU_33880,yvbJ,245.328940494048,0.697618490982575,0.226229542170229,3.08367547531721,0.0020446049316246,0.0094260505316808
BSU_33890,yvbK,213.033852245014,0.586440257874165,0.263025512275072,2.22959458495747,0.0257743696760553,0.0757006991759116
BSU_33900,eno,1561.06712996895,-0.431796200516384,0.151348589738299,-2.85299123872257,0.0043309815603761,0.0179408270296165
BSU_33910,pgm,907.722342731146,-0.225927669479268,0.158598156373273,-1.42452897716875,0.154293402998158,0.296007389376833
BSU_33920,tpiA,365.024396680155,-0.387365361186086,0.213989123552715,-1.81021051329583,0.0702631478725839,0.166091564162649
BSU_33930,pgk,797.240267119546,-0.450981131027671,0.163519146647089,-2.75797140747676,0.005816128495317,0.0228660014732558
BSU_33940,gapA,1142.65899543646,-1.57422858504461,0.259656140988989,-6.06274351551491,1.33818976173572e-09,2.05124683333208e-08
BSU_33950,cggR,131.051455008002,-1.28513268445571,0.338566483937764,-3.79580598028701,0.0001471645610861,0.0009598475059473
BSU_33960,araE,653.719955745655,-0.495291768219603,0.18183553574739,-2.72384474345914,0.0064526832207164,0.0249527258243735
BSU_33970,araR,164.402442474497,-0.22166007579357,0.262186986200184,-0.845427452392049,0.397872222356786,0.567008255637094
BSU_33980,yvbT,90.5582657018297,0.371050672889913,0.36023780018526,1.03001593030796,0.303002527512956,0.474216266796908
BSU_33990,yvbU,53.9872409858903,-0.529344862038398,0.523530136937515,-1.01110676289793,0.311965333872263,0.48343241154074
BSU_34000,cyeB,12.4717386584261,0.379964466124011,0.833972648690781,0.455607826851998,0.648672013866435,0.772654193553761
BSU_34010,yvbW,67.2885697243708,0.220231371172743,0.492088259429977,0.447544453565817,0.654481998792222,0.775945226759787
BSU_misc_RNA_56,tboX,173.141283516211,0.411178432839689,0.319583695373281,1.28660641576043,0.198231506362139,0.351730453829353
BSU_34020,yvbX,160.756194651706,0.284348096603088,0.305658499521103,0.930280352251274,0.352225947925619,0.524019402555073
BSU_34030,lutC,10211.7086504188,0.297081811614321,0.137840353299903,2.15526008532459,0.0311414873778446,0.0876254177642996
BSU_34040,lutB,12143.7961993299,0.257364883785285,0.15528766490859,1.65734273830947,0.0974502012501554,0.211648876986271
BSU_34050,lutA,4591.25027298872,0.185724630103017,0.162629443122184,1.14201110535367,0.253449403593887,0.416056042860413
BSU_34060,yvfU,215.332285667113,0.500411041799603,0.257140782968299,1.9460586376969,0.0516476963498967,0.131472493226416
BSU_34070,yvfT,392.729708965764,0.486762096456749,0.182487590360858,2.66737094557612,0.0076447242952125,0.0286238971406284
BSU_34080,yvfS,9.91361617738492,-1.37362291115697,1.05616746857969,-1.3005730170843,0.193404648051113,0.346492059112874
BSU_34090,yvfR,26.4215887681325,0.99518569788871,0.776192675304434,1.28213745059934,0.199794433495771,0.353912041978741
BSU_34100,rsbQ,173.029511332187,0.551040919895854,0.252070482697212,2.18605889114659,0.0288112970554673,0.0824542328061578
BSU_34110,rsbP,306.133899991535,0.518163060439198,0.240106253591363,2.15805732957319,0.0309233747737206,0.0872986859322704
BSU_34120,ganB,707.395797397428,0.0165458051587862,0.192461370653513,0.0859694862538075,0.931490673839177,0.961611816465146
BSU_34130,ganA,2545.75061043983,0.302067830879386,0.199411729635564,1.51479469854372,0.129824403459028,0.261248538903806
BSU_34140,ganQ,773.282018826617,0.364239267083095,0.189280025599464,1.92434075349219,0.0543118854646564,0.136373900462999
BSU_34150,ganP,741.499838850382,0.571006280903183,0.255446443248187,2.23532680135383,0.0253959017729702,0.0749451803485897
BSU_34160,ganS,1080.58105775876,0.49909788375941,0.181566012167475,2.74885083282572,0.0059804595716276,0.0234253056652499
BSU_34170,ganR,51.3300991317771,-0.293239575855167,0.404692534148553,-0.724598432417648,0.468698420890999,0.628186077999742
BSU_34180,lutR,1335.93558800091,0.153393257573505,0.175842380242552,0.872333833072086,0.383026285530717,0.552985245958322
BSU_34190,lutP,12616.1392972381,0.963031745129764,0.178404600653548,5.39802079992276,6.73800575508772e-08,8.51475370122097e-07
BSU_34200,sigL,2860.50660127654,-0.0329828957734061,0.15256342612573,-0.216191367819862,0.828838581933563,0.896630923680795
BSU_34210,yvfG,142.088934156619,0.46222345340064,0.325478050091307,1.42013709763522,0.155567771942066,0.297588274436299
BSU_34220,epsO,5.39018531663561,-0.852623957103022,1.51448595306549,-0.562979112072459,0.573449107523825,0.714246086989194
BSU_34230,epsN,11.0179779100328,-0.981666505471889,0.960630202889064,-1.02189843971131,0.306828971027806,0.478090205865712
BSU_34240,epsM,5.99129460402222,-0.635515644684267,2.01863097083724,-0.314825073956278,0.752894472821457,0.846159325463183
BSU_34250,epsL,2.06913777907307,0.26345881697271,2.64174263366921,0.0997291763455333,0.920559336633922,
BSU_34265,epsK,6.28290897764036,0.06093430260866,1.33064763395784,0.0457929665627697,0.963475264801411,0.977285230374293
BSU_34280,epsJ,6.73744910306128,-1.8211587090417,1.14414933750715,-1.59171416644755,0.111448943765286,0.233800501594567
BSU_34290,epsI,6.67636695898678,-2.62331934932518,1.42452179303728,-1.84154385152079,0.0655419005978905,0.157582621709311
BSU_34300,epsH,9.39661712035027,-0.0628842743374335,1.2122895414025,-0.0518723227329688,0.958630427835509,0.974699424470683
BSU_34310,epsG,3.78379652465761,-2.13554185689742,1.76658234029898,-1.20885497844159,0.2267185653261,0.387354875830545
BSU_34320,epsF,3.52197402693871,-3.65517812207493,1.89353049363192,-1.93035080996454,0.0535633854108793,0.135053524022918
BSU_34330,epsE,3.74830157709222,-2.2638443616014,1.62494875501378,-1.39317892617617,0.163565690754757,0.308529508194002
BSU_34340,epsD,9.2540971862406,0.307128674587393,1.01626186623753,0.302214109168992,0.762488849259706,0.854228932442404
BSU_34350,epsC,35.4814815615897,-0.208897219999195,0.485932188190296,-0.429889653486772,0.667275912150356,0.783532500826994
BSU_34360,epsB,27.7538869133808,-1.86978993984867,0.756098153756126,-2.47294604617135,0.0134004372134278,0.04526512045204
BSU_34370,epsA,11.5407371111154,-0.946053627373212,0.950008214326443,-0.995837312884673,0.319329197545288,0.490724492499925
BSU_34380,slrR,11.6044126374832,-4.01746105236946,1.34077710349535,-2.99636758555626,0.0027321686784118,0.0120715798215781
BSU_34390,pnbA,535.726084767683,0.0855264821653706,0.173718239894524,0.492328740017742,0.622486966093722,0.754303555374984
BSU_34399,BSU_34399,45.2612423845307,-0.47671922943432,0.457414659308528,-1.04220365424006,0.29731726921238,0.467732169350042
BSU_34400,padC,23.0381733751542,-2.50875572052868,0.971668057514554,-2.58190613669639,0.0098256304394617,0.034941061010012
BSU_34430,racX,1887.67012539378,-0.0164307778941252,0.241658448351672,-0.0679917379516335,0.945792211225163,0.969737112184956
BSU_34440,pbpE,2978.11263249782,-0.259357343410139,0.158681905890757,-1.63444812408978,0.102164790424992,0.219197423013904
BSU_34450,sacB,13.2854451040079,-1.09511094169258,1.1636919889358,-0.941065979747835,0.346671048223454,0.517750710783252
BSU_34460,levB,6.45011523163243,1.0316184772644,1.39151691098014,0.741362515341449,0.45847366612562,0.618975893917132
BSU_34470,aspP,56.9117032942432,-3.65648802628963,0.64003848702164,-5.71291898914511,1.11054554398974e-08,1.54097267313086e-07
BSU_34480,yvdT,2100.67573688132,-0.0002099017115481,0.156118946165088,-0.00134449864481,0.998927245612485,0.999162564162688
BSU_34490,psmA,231.912042754129,0.022173511160669,0.218375957711066,0.101538243463627,0.919123200526256,0.952002558553187
BSU_34500,psmB,207.260028999526,0.363383255181974,0.29031236323287,1.25169748589209,0.21068011654434,0.368176103019957
BSU_34510,yvdQ,48.5594133500046,-1.9466748272678,0.623726510715131,-3.12103909938964,0.0018021410488017,0.0084926646983487
BSU_34520,cotNP,95.9549535919488,-0.653642459575741,0.383401641924987,-1.70485044428585,0.0882223206820271,0.196739481941117
BSU_34530,cotR,57.8993210363484,-1.01689418334226,0.574789140076887,-1.769160397161,0.0768671110792698,0.177862536045002
BSU_tRNA_81,trnQ-Arg,5.33565576305268,-1.37951793304011,1.2937739853718,-1.06627428641925,0.286299669708532,0.454780545298327
BSU_34540,clpP,2333.22214489114,-0.720515261417917,0.139547523911011,-5.16322498045459,2.42731106893439e-07,2.72655100494588e-06
BSU_34550,mdxM,661.551817152505,-1.22214823974226,0.169868775488243,-7.19466091534192,6.26161806843743e-13,1.2969185521261099e-11
BSU_34560,mdxL,1462.71176344428,-1.04984237131665,0.169480350874133,-6.19447839175364,5.84783623613886e-10,9.264892783076721e-09
BSU_34570,mdxK,1510.6116432803,-0.73891668603612,0.207707391774713,-3.55748863688769,0.0003744172923077,0.002168861968811
BSU_34580,mdxJ,443.874193684453,-0.713554926027786,0.328622486267405,-2.17135149250607,0.0299046126784857,0.0851021450332182
BSU_34590,mdxG,222.211768083931,-0.56172706294674,0.285103016475587,-1.97025997792219,0.0488085827494889,0.125468019982325
BSU_34600,mdxF,521.899118230087,-0.675812822856116,0.251020473527611,-2.69226176398627,0.0070969218959957,0.0270013712996396
BSU_34610,mdxE,745.72745691975,-0.611450011861046,0.270587177988305,-2.25971539526339,0.0238389201885585,0.0712817289581826
BSU_34620,mdxD,1284.04494711176,-0.782613488299912,0.188244315984597,-4.15743489627568,3.21840951859697e-05,0.000239743277473
BSU_34630,mdxR,321.528906105837,-0.015755463797722,0.237130271249833,-0.0664422290527495,0.947025750538226,0.970064654935905
BSU_34640,yvdD,335.307390264311,0.438981831233384,0.221771742849111,1.97943085802441,0.0477675170958552,0.12374672214094
BSU_34650,yvdC,116.217744744733,0.0620027207265529,0.296268515812553,0.209278804251281,0.834230597179137,0.900392251047945
BSU_34660,yvdB,576.431935840549,0.01220031841514,0.187673768810259,0.0650081175034894,0.948167537095114,0.970064654935905
BSU_34670,yvdA,351.799524787805,-0.218228550280487,0.204289912377135,-1.06822969250494,0.285416914061118,0.453717790005056
BSU_34680,yvcT,1243.93283870623,0.189091755325903,0.167227594910801,1.13074493134201,0.258162464043435,0.422411492226753
BSU_34690,psdB,332.735527790883,0.234637182470207,0.244307677952088,0.960416735311214,0.336845518723089,0.50880329864754
BSU_34700,psdA,130.361024729014,0.41293640084104,0.297008389600199,1.39031897852075,0.164432037298795,0.309476254596934
BSU_34710,psdS,170.837912076298,0.744964939924782,0.259917987452203,2.86615384809324,0.0041549227026778,0.0173810855128771
BSU_34720,psdR,124.784380646406,0.310691874629494,0.275008032220985,1.12975563702748,0.258579206191911,0.422930396568126
BSU_34729,yvzJ,6.52855440704499,1.96437765441819,1.31218754464605,1.49702507269879,0.134386734203745,0.267513395887999
BSU_34730,yvcN,1444.90095871108,-0.0047504988332733,0.165000427498926,-0.0287908274256092,0.977031416502962,0.985832800536199
BSU_34740,crh,732.447579357873,0.07116604996823,0.184293784178727,0.386155454376114,0.699381542143419,0.806073297486688
BSU_34750,whiA,1773.05427730649,-0.0986544849744659,0.158625662988418,-0.621932688039696,0.533986129966373,0.682101416316853
BSU_34760,mgfK,1532.41885459464,0.110069065274494,0.185056022375027,0.594787804589427,0.551985320517322,0.697123637988265
BSU_34770,yvcJ,882.36249915701,-0.0204160263484824,0.19435534484189,-0.10504484126789,0.916340227333503,0.950844438818476
BSU_34780,yvcI,554.419019490836,-0.114544315324977,0.183507039830262,-0.624195755274168,0.532499034180105,0.68069496589798
BSU_34790,trxB,495.687422042335,-0.61799950460331,0.215146771191085,-2.87245539954874,0.0040729556600488,0.0170718358663053
BSU_34800,cwlO,483.773890957382,0.22399676986935,0.191134050153612,1.17193545414502,0.241222971370237,0.403400053736915
BSU_34810,yvcD,606.55582649706,0.294500357287251,0.18008458452003,1.63534462470604,0.10197682376506,0.219113060099564
BSU_34820,bmrA,624.153132107293,0.576312071233307,0.185308443864329,3.11001516830633,0.0018707773669734,0.0087587914822317
BSU_34830,yvzA,210.131464702571,0.0120594095873574,0.306549080650281,0.03933924564959,0.968619917316345,0.981169252535081
BSU_34840,yvcB,992.502805417712,-0.077584368739459,0.185820356972147,-0.417523515742078,0.67629552755119,0.789796821385997
BSU_34850,yvcA,298.631213466741,-0.0452210575443775,0.285962227596385,-0.158136471115352,0.874349262374495,0.926371109878978
BSU_34860,hisIE,726.553318449463,2.03515995984552,0.187194517543193,10.8718993833563,1.56899951504958e-27,8.76575255381648e-26
BSU_34870,hisF,703.167776434163,1.89265891524636,0.184081649477438,10.2816273138531,8.52754543123824e-25,4.2597597530632404e-23
BSU_34880,hisA,741.010300289625,2.09230383664124,0.217799265676284,9.60656974735187,7.50061803661466e-22,2.86915533184377e-20
BSU_34890,hisH,513.387647016182,1.96190918374798,0.260925517523254,7.51903915864851,5.51802579502012e-14,1.22028841279455e-12
BSU_34900,hisB,609.566364606972,1.92025785933662,0.240942577738833,7.96977386627807,1.5896497730940601e-15,3.97038408032788e-14
BSU_34910,hisD,883.854798166773,2.20473060600754,0.239334434260849,9.21192394573952,3.20331026827712e-20,1.10579312187843e-18
BSU_34920,hisG,323.733394420093,2.00502593093252,0.257221764849407,7.79493108643582,6.4443639312338105e-15,1.55470279841016e-13
BSU_34930,hisZ,370.197437593906,2.33166007067898,0.198508607034255,11.7458890348096,7.41386880256943e-32,5.5226819185455794e-30
BSU_34940,yvpB,139.213439992445,0.703123148146299,0.348875989321734,2.01539564105077,0.0438632108031546,0.115392312930728
BSU_34950,pelC,374.394671580866,0.799618227859736,0.208951828913685,3.82680655161935,0.0001298164544227,0.0008572327612423
BSU_34960,hprF,449.332103945965,0.108248661496133,0.184404367906378,0.587017882087754,0.557191696970397,0.701127225164882
BSU_34970,ppaX,404.764994877979,0.315814659661468,0.190427947211509,1.65844700993752,0.0972272747178004,0.211473602261235
BSU_34980,yvoD,471.735742737668,0.318164685260754,0.194580929122883,1.63512779332976,0.102022260908346,0.219113060099564
BSU_34990,lgt,474.98812718812,0.384307744319997,0.202722738500513,1.89573082507972,0.0579956470756832,0.143620342300321
BSU_35000,hprK,385.279352222338,0.522632785678045,0.204693350379908,2.5532475027061,0.0106723628249199,0.0374502913674463
BSU_35010,nagA,233.644115319953,0.512705392315359,0.272119979137318,1.88411521249102,0.0595493929411679,0.146918490661359
BSU_35020,nagBA,193.249302891623,0.755151350392066,0.404040949430671,1.86899706937166,0.0616232221092199,0.150627910270017
BSU_35030,nagR,176.80257422122,0.290275067944005,0.31864598285281,0.91096415321228,0.362314261512559,0.534904852010545
BSU_35040,yvnB,115.822905328247,-1.2725963133441,0.485844439006375,-2.61934934553692,0.0088097676416591,0.0319711738516964
BSU_35050,yvnA,612.104771919119,0.397838989853238,0.208125141944148,1.91153738629041,0.0559355570620781,0.139379328219239
BSU_35060,cypX,128.981613476914,0.268454068739281,0.346519691656824,0.77471518993831,0.438507973203861,0.601779203045764
BSU_35070,pchC,72.9909383123793,0.517332267692466,0.501202671358955,1.03218178444615,0.301986966646552,0.473499505310658
BSU_35080,pchR,17.5935725947667,0.889907079924438,0.684987595318778,1.29915794972943,0.193889729094614,0.346780029374782
BSU_35090,pchE,60.6834431984577,0.109530591002171,0.416008130158194,0.263289544270493,0.792327417940781,0.872188013726914
BSU_35100,yvlD,744.758697629445,-0.61297755550933,0.178579937237296,-3.4325107567644,0.0005980201586859,0.0032891108727726
BSU_35110,yvlC,167.582342046355,-0.686934777715495,0.262950635200278,-2.61240965321224,0.0089906451970901,0.0325164220671592
BSU_35120,yvlB,2601.69541081122,-0.525889327382195,0.158483987840778,-3.31824895717877,0.0009058370806827,0.0047134610840429
BSU_35130,yvlA,498.345425588843,-0.800199036507676,0.243165774638923,-3.29075519651519,0.0009991882535007,0.0051300523873809
BSU_35140,yvkN,34.5907507539725,-0.625841532010636,0.526155317465118,-1.18946157386716,0.23425808339139,0.395805738989193
BSU_35160,uvrA,1832.93123763424,-0.464033555950756,0.143146232940775,-3.24167493910053,0.0011882947699152,0.0059639475095273
BSU_35170,uvrB,691.669740550226,-0.617651906354197,0.17222744466866,-3.58625715862223,0.0003354581622518,0.0019732375415363
BSU_35180,csbA,111.016466059018,-0.310150414494297,0.311675171316137,-0.995107865617266,0.319683805522087,0.490914082548564
BSU_35190,yvkC,56.1872795151573,-0.778768663664397,0.451580946437119,-1.7245383575386,0.0846107006135807,0.190891091820013
BSU_35200,yvkB,26.2673916835261,-0.270983341547963,0.545364519067181,-0.496884802868119,0.619270288880411,0.752122896620773
BSU_35210,yvkA,29.8441887082787,0.153234202490393,0.608233257673418,0.25193328473444,0.801092631673635,0.878697833657002
BSU_35220,minJ,777.844653504204,0.249895406556474,0.162152277960658,1.5411156087311,0.123288651654867,0.251917042794305
BSU_35240,ctpB,371.164671974431,-2.90894899706624,0.30864920821293,-9.42477388459532,4.31033269181994e-21,1.56424552217671e-19
BSU_35250,ftsX,104.764153862176,1.08893312706059,0.357463723961447,3.04627589897215,0.0023169512394976,0.0104768636452682
BSU_35260,ftsE,90.3708482234477,1.38685953433201,0.34953159003658,3.96776592978869,7.25495371233268e-05,0.0005074881954294
BSU_35270,cccB,281.308266214784,-0.175227164035577,0.244038863607882,-0.718029749217031,0.472738943985582,0.63160778985613
BSU_35280,yvjA,23.2833771709613,-0.157125998322287,0.580206923598454,-0.27081027807767,0.786536954412284,0.869470426564581
BSU_35290,prfB,1826.84587595597,0.296895308968841,0.17414444227449,1.70487961080531,0.0882168797644225,0.196739481941117
BSU_35300,secA,7701.79115061704,0.0382179572155688,0.143852467923518,0.265674671885977,0.790489771463226,0.872023790499573
BSU_35310,hpf,23331.7308073177,-0.648085806055519,0.124150004667114,-5.22018350134777,1.78745933689721e-07,2.0567892532427e-06
BSU_35319,yvzG,274.498810476084,0.420693733478551,0.300520405980582,1.3998840847624,0.161548032673631,0.306033820277684
BSU_35320,fliT,438.078352067814,0.856358810731783,0.204635526137442,4.18480029785549,2.8541690766115e-05,0.0002152540301828
BSU_35330,fliS,498.1806331315,0.790627990727508,0.197321714956298,4.00679667163146,6.15478036197803e-05,0.0004362804243231
BSU_35340,fliD,1800.67357925925,0.847336929507274,0.192420307966688,4.40357329463358,1.06482285732729e-05,8.83054268010094e-05
BSU_35350,yvyC,189.616690142364,1.1041656951547,0.395482980325215,2.79194238459191,0.0052392684227769,0.0210861931024747
BSU_35360,hag,52401.4117088775,1.05473287204303,0.190244920258177,5.54407902514124,2.9550536270115e-08,3.8606639077818e-07
BSU_35370,csrA,66.5498047572202,0.102787443354165,0.433471876617036,0.237125979559167,0.812559058272993,0.885405160017706
BSU_35380,fliW,96.7106319014095,0.0500056601356381,0.349391873812481,0.143121989615809,0.886193838519926,0.933460441169835
BSU_35390,yviE,203.738106095504,-0.207493205090799,0.297287624483642,-0.697954398374953,0.48520571293356,0.641888196897333
BSU_35400,flgL,2445.79162524119,0.760005394916727,0.149144118714113,5.09577850919849,3.47311005248675e-07,3.77156656850607e-06
BSU_35410,flgK,3031.83787509723,0.835216342160243,0.141239819794295,5.91346224723788,3.34990336187144e-09,4.93878113698129e-08
BSU_35420,flgN,830.019519496695,0.714593488198145,0.209570572804705,3.40979880254497,0.0006501081988877,0.0035298713714546
BSU_35430,flgM,723.972566519513,0.770353922189633,0.191072519808964,4.03173581925773,5.53664035193837e-05,0.0003964346531927
BSU_35440,yvyF,840.654333335586,0.588200324322767,0.175729519794087,3.34719132569187,0.000816348463389,0.0043273602691008
BSU_35450,comFC,342.650892977484,0.82834839185748,0.19435004718665,4.26214659501445,2.02472544484125e-05,0.0001580327985072
BSU_35460,comFB,35.856404872094,0.923941728249253,0.506473779932781,1.82426369312125,0.0681122165098033,0.162474422079003
BSU_35470,comFA,123.891343341049,0.546621363642435,0.351304092291905,1.55597778573054,0.119713374832231,0.246749024047405
BSU_35480,fakBA,283.161416441332,0.331440650949312,0.20918886275987,1.58440868493929,0.113100746806901,0.236447942364402
BSU_35490,degU,2729.19382406911,0.170755054400552,0.22301204676559,0.765676369851148,0.44386889071245,0.606782778481991
BSU_35500,degS,2699.59884600388,0.464639564471425,0.194840777761525,2.38471417436098,0.0170923955091563,0.0550639691440651
BSU_35510,yvyE,543.412910544311,0.16022198561906,0.312673968908202,0.512425086675828,0.608353537332983,0.745151524533961
BSU_35520,tagV,1043.09625026149,0.169574909307306,0.271093151173795,0.625522661022866,0.531628080240205,0.680094541006181
BSU_35530,tagO,3764.42503345822,0.100782282098576,0.135594782441207,0.743260767738426,0.457323819039199,0.61781639695846
BSU_35540,tuaH,170.833780138673,-2.17580350965299,0.349216711924091,-6.23052515919096,4.64874161457355e-10,7.50515471310999e-09
BSU_35550,tuaG,119.158257754464,-2.17838914835198,0.305731684426906,-7.12516647541903,1.0395496428387e-12,2.11192716913546e-11
BSU_35560,tuaF,170.888503516177,-2.22568672654068,0.429401092426611,-5.18323489575442,2.18070111128187e-07,2.47573714398471e-06
BSU_35570,tuaE,103.906447644608,-2.01898270398693,0.462779022728694,-4.36273600320594,1.28445905108684e-05,0.0001050831046419
BSU_35580,tuaD,134.374221440589,-1.71827033787241,0.337022054383596,-5.09839138276893,3.42551996318965e-07,3.72942506761622e-06
BSU_35590,tuaC,57.673548674732,-2.04319095188493,0.534848637550286,-3.82012930096103,0.0001333817325237,0.0008780447074356
BSU_35600,tuaB,83.6820865812204,-0.914009695385256,0.402761313937727,-2.26935821230977,0.0232465511937585,0.0700034442331197
BSU_35620,lytC,650.614902375333,0.971054726594364,0.224436698249199,4.32663077905456,1.51407439991777e-05,0.0001212973566424
BSU_35630,lytB,679.555182550941,1.10836381720379,0.231197160190738,4.79402003160155,1.63471940436159e-06,1.5956364576826e-05
BSU_35640,lytA,147.461531444447,1.82428175411136,0.432612661335505,4.21689404207374,2.47690286446432e-05,0.0001891534093977
BSU_35650,tagU,1554.11101996984,0.0483234241832465,0.152030879660315,0.317852690790295,0.750596680168489,0.844694806253752
BSU_35660,mnaA,364.595084465094,0.445774767791024,0.245133914607673,1.81849487658396,0.0689885290807102,0.163828464472425
BSU_35670,gtaB,1141.73799779479,0.517792831562574,0.145692298822192,3.55401648370246,0.0003793954334466,0.0021846680718822
BSU_35678,BSU_35678,2.47740457461725,-1.52626229410402,2.15477232819154,-0.70831719626963,0.478748300549918,
BSU_35680,ggaB,376.764442933247,0.176023312963181,0.199014173977983,0.884476263397471,0.376439170406784,0.547196411347896
BSU_35700,tagH,675.936625168438,-0.142221343502319,0.169774469821292,-0.837707481295765,0.402195010692952,0.570190322337988
BSU_35710,tagG,239.181448127318,0.117195342879308,0.270528483464866,0.433208885727288,0.66486302410027,0.781996786794943
BSU_35720,tagF,1827.33704286719,-0.159567485822303,0.168169366939504,-0.948849892975484,0.342696962068164,0.514166537435132
BSU_35730,tagE,2070.48019503626,-0.251969673719109,0.167232643090641,-1.50670149716249,0.13188718763724,0.264521964434445
BSU_35740,tagD,2973.85050048272,0.227560659366182,0.136232661428219,1.67038254248657,0.094843701387443,0.207687651413658
BSU_35750,tagA,2531.29766551836,0.128806384669731,0.132787350337285,0.97001999318879,0.332036526512678,0.504590941865724
BSU_35760,tagB,922.295462818391,0.0852525537309457,0.177728084877528,0.479679696035057,0.63145516749489,0.759965601242433
BSU_35770,tagC,82.3705119957907,-0.228778450133568,0.414528415414431,-0.551900525093902,0.581016508610402,0.72050119613311
BSU_35780,lytD,1739.26786962666,1.0716165958775,0.146723148031017,7.30366414746605,2.80034866661364e-13,6.035675349462699e-12
BSU_35790,pmiA,842.473897304753,0.321953763683505,0.153323340166054,2.0998353110154,0.03574333085856,0.0979768772275312
BSU_35800,gerBA,52.8022924648028,-3.14279356017853,0.63821817532684,-4.92432475551024,8.46521516076779e-07,8.70297907327362e-06
BSU_35810,gerBB,26.2881757920641,-0.158237374411673,0.599368105297564,-0.264006998392271,0.79177452608362,0.872188013726914
BSU_35820,gerBC,81.9032362581724,-0.24784455036137,0.573725046854865,-0.431991860421718,0.665747329026179,0.782170215563131
BSU_35830,ywtG,61.6078497733783,-1.24499520000094,0.492015505506439,-2.5303983026296,0.0113933108074086,0.0395551902602264
BSU_35840,tagT,910.705338854897,0.427509797557846,0.193630899765156,2.20785937614475,0.0272540774593151,0.0791183769831389
BSU_35850,ribZB,208.460568785419,0.783080107395571,0.291116107604142,2.68992366599103,0.0071468364749801,0.0270921852779915
BSU_35860,pgdS,892.383963146982,1.48332052768809,0.231357572945025,6.41137659254644,1.44211469726412e-10,2.45332882256148e-09
BSU_35870,edmS,11.6202104612953,-1.06304322787885,0.97198386189265,-1.09368403072958,0.274093580476666,0.44100088772411
BSU_35880,capA,57.0356962002168,-0.640563165794776,0.485522872754719,-1.31932644524119,0.187060000447972,0.33912444142188
BSU_35890,capC,19.0431111918201,-1.2697790819401,1.08744164017879,-1.16767561129196,0.242937638047403,0.404673680325334
BSU_35900,capB,43.9372131925386,-0.424247666073779,0.498425758760763,-0.851175242484632,0.394672013349115,0.563665445233886
BSU_35910,rbsR,7230.06637784756,0.879784548376793,0.182315458618935,4.82561684588506,1.39570607190887e-06,1.38461868722549e-05
BSU_35920,rbsK,5956.26657510436,1.19955290830494,0.196594749712953,6.10165281654978,1.0497720534335e-09,1.63272239519364e-08
BSU_35930,rbsD,3385.61202346264,0.963137796583272,0.162967232045787,5.91000892935746,3.42089186906488e-09,5.02598853842543e-08
BSU_35940,rbsA,23122.0433158015,0.827591735068069,0.184290206798593,4.490698390569,7.09900170780114e-06,6.17671337117287e-05
BSU_35950,rbsC,12155.3826113028,0.906712129951029,0.192766152145039,4.7036895215339,2.55501698880931e-06,2.41080047432985e-05
BSU_35960,rbsB,19189.3714654299,0.875719577493198,0.184303345946204,4.75151209543864,2.01901079354145e-06,1.9439273989517e-05
BSU_35970,ywsB,24794.1174676581,0.629102168577873,0.157888669837757,3.98446683491808,6.76318014111177e-05,0.0004762265817439
BSU_35980,ywsA,9.76793074060162,-2.08191098545412,1.13571263976565,-1.83313182627229,0.0667829691503784,0.160203664978817
BSU_35990,ywrO,298.826924631209,-0.321014968428368,0.207827055741003,-1.54462549297923,0.122436876213371,0.250901050387054
BSU_36000,alsD,38.4646150336188,-0.362770835221541,0.632237867268798,-0.573788528024545,0.566110912741226,0.708848993069669
BSU_36010,alsS,25.5761296137396,0.911113563906338,0.650920538612084,1.39973085785409,0.161593929595518,0.306033820277684
BSU_36020,alsR,96.0020030709847,-0.295446792506687,0.334594833770838,-0.882998667902437,0.377236991240729,0.547232068605444
BSU_36030,ywrK,13.417453862366,-1.54028835801305,0.864712786152334,-1.78127163455832,0.0748680860494004,0.174568859618756
BSU_36040,ywrJ,19.4473923980898,-4.20156463678156,1.06598567705263,-3.94148319928515,8.09793079906203e-05,0.000557274135702
BSU_36050,cotB,113.827630806869,-2.34403459391824,0.377051537727278,-6.21674853269975,5.07562188992688e-10,8.163291872965731e-09
BSU_36060,cotH,39.2412598293596,-1.90449888937601,0.616769622839289,-3.08786104057571,0.0020160271646021,0.0093246746632904
BSU_36070,cotG,0.0,,,,,
BSU_36079,BSU_36079,0.0,,,,,
BSU_36080,ywrF,59.1735229463108,0.478476917240379,0.459457871775893,1.04139453611051,0.297692477347109,0.468148984746601
BSU_36090,ywrE,19.2521597517185,-1.74186519153561,0.758876650668192,-2.29532057680506,0.0217147592323758,0.066141225036347
BSU_36100,hpxW,13.5802687928769,-0.261825245273564,0.976337227321246,-0.268170912617895,0.78856776358282,0.870582091568553
BSU_36110,chrS,60.3582009451999,-0.0674216625264739,0.378384215817634,-0.178183073468816,0.858579202420682,0.915961631527189
BSU_36120,chrB,62.9262595881755,-0.313517652420349,0.564225623487861,-0.555660075276773,0.578443254608466,0.71867609522683
BSU_36130,chrA,49.657873699921,-0.621158704943422,0.5179866970861,-1.19917887551497,0.230458399422838,0.391254043962162
BSU_36140,ywqO,13.3754316499952,-0.92188301279415,0.933300829714166,-0.987766198682677,0.323267165259086,0.494901177459742
BSU_36150,ywqN,36.2017556537016,-0.474639537664754,0.575707435864879,-0.824445730758555,0.409686339634452,0.577218710078076
BSU_36160,ywqM,30.5747488472823,-0.733144727736584,0.621125266643461,-1.18034922600794,0.237861347181341,0.399509208912964
BSU_36170,nfi,1800.89752666242,-0.86245120272742,0.208387445024691,-4.13869080560602,3.49293310349651e-05,0.0002579303296947
BSU_36180,rttO,955.913502319402,-1.19475954445972,0.226892073847899,-5.26576148826004,1.39609444869536e-07,1.64205457871482e-06
BSU_36190,rttN,4694.24674367379,-0.755126110156098,0.193875432406098,-3.89490355113372,9.82378113911897e-05,0.0006642002343423
BSU_36200,ywqI,1121.67578271782,-0.972852545111295,0.168082895593787,-5.78793304145849,7.12578032030632e-09,1.01190846956591e-07
BSU_36210,ywqH,1530.4030178657,-0.926302529655522,0.184924446642031,-5.00908639434038,5.46890210571688e-07,5.7335699607096e-06
BSU_36215,BSU_36215,43.7726504109091,-0.587300705651924,0.475580129681665,-1.23491430570289,0.216862398695751,0.375835814229453
BSU_36220,ywqG,204.308403235921,-0.306661045699424,0.240726464908291,-1.27389834689033,0.202699444355998,0.3571210957409
BSU_36230,uglF,333.233548469167,-1.44550973977703,0.255493718404662,-5.65771146470053,1.53404748054048e-08,2.06779860392853e-07
BSU_36240,ptpZ,24.5525100353227,0.246064818817093,0.558208016178059,0.440812047992164,0.659349070636846,0.778645740921167
BSU_36250,ptkA,146.41892602349,0.737669057141875,0.306577575096793,2.40614160024254,0.0161220144219392,0.0524954549352408
BSU_36260,tkmA,215.802411136406,-0.0172236542376593,0.263819919946322,-0.0652856472747156,0.947946569779563,0.970064654935905
BSU_36269,ywzD,225.890198081214,-0.530794280209354,0.410636577301202,-1.29261324867321,0.196144855077898,0.349625930706729
BSU_36270,ywqB,120.913400808971,-0.296551214193301,0.338023804338886,-0.877308669942054,0.380319004356854,0.55040675263446
BSU_36280,hepA,527.668110637311,-0.338734324600102,0.208582507488702,-1.62398241673477,0.104379561275742,0.222606160768468
BSU_36290,ywpJ,255.026810204546,-0.407744765407005,0.258337225220234,-1.57834305551358,0.114486819633089,0.238365606351144
BSU_36300,glcR,176.146313216408,-0.213274286468044,0.246135716129219,-0.866490608604226,0.386221174304267,0.555520022390216
BSU_36310,ssbB,563.709785093175,0.47659780306414,0.21603315041738,2.20613272612719,0.0273747079102256,0.0792317721791534
BSU_36320,ywpG,16.625646890655,0.748375487421522,0.762333315752821,0.981690648902684,0.326252273626928,0.498118358079805
BSU_36330,ywpF,1651.32508098641,-0.140629689044938,0.150437302003261,-0.934805976790845,0.34988829887135,0.521089343040249
BSU_36340,ywpE,2.70870894758671,0.400002807414806,2.05509410815979,0.194639654615615,0.845675056821919,
BSU_36350,ywpD,30.9740147685718,0.162273110412843,0.511879417828401,0.317014329470934,0.751232729280555,0.844738921749268
BSU_36360,mscL,31.142227082399,0.864347787050718,0.66209680199641,1.30547041526928,0.191732714737285,0.344932779606244
BSU_36370,fabZ,44.936935598105,0.244667990827294,0.442855064922302,0.552478700611045,0.580620423371099,0.720220367406862
BSU_36380,rapD,286.711646695195,-1.08884177921445,0.302985848953721,-3.59370506237987,0.0003260088512035,0.0019305907701678
BSU_36390,flhP,1311.81067492055,0.829077906581348,0.152758825940557,5.42736500805504,5.71920920769865e-08,7.27058751373906e-07
BSU_36400,flhO,1712.87230857351,0.942905294208122,0.199599647278822,4.72398276782009,2.31270022168363e-06,2.19680651929949e-05
BSU_36410,mbl,3382.26146191897,-1.58122575224331,0.204877213251748,-7.71791907526748,1.18244230798304e-14,2.7738398009369996e-13
BSU_36420,spoIIID,3265.87096193171,-3.37635416276669,0.219958752145435,-15.3499423407088,3.54501337854043e-53,6.02085072211307e-51
BSU_36430,usd,36.2625349203599,-4.43868335957735,0.994127261422865,-4.46490457692951,8.01044453412608e-06,6.88509058540472e-05
BSU_36440,ywoH,169.83204658272,0.512639583764787,0.24300574338107,2.10957805618977,0.0348947161184241,0.0962722317341317
BSU_36450,ywoG,340.057233357399,0.505121916373515,0.199797701827548,2.52816679948351,0.0114659863817712,0.0397425127975514
BSU_36460,ywoF,1249.34311840417,0.203190455378334,0.202404451215863,1.00388333437209,0.315434850378312,0.48756329621635
BSU_36470,pucI,2.81898802941767,-0.844688021306296,1.96234486006375,-0.43044830625686,0.666869562466716,
BSU_36480,ywoD,50.9512627396888,-1.84148189806096,0.776159914858267,-2.37255475683413,0.0176655444616946,0.0563969186348535
BSU_36490,ywoC,25.3170669278291,-1.62525471287946,0.813956594861017,-1.99673388377297,0.0458540992210947,0.119592447968531
BSU_36500,ywoB,1.76877767919397,-0.134425555149463,2.60679646479887,-0.0515673382884669,0.958873444968437,
BSU_36510,amtB,10.8852642395364,0.173026501203843,1.28606650684459,0.134539310590065,0.892976128282781,0.937626190041266
BSU_36520,glnK,352.866195443954,0.0902199722125894,0.192213919605087,0.469372730122516,0.638803236975767,0.765338189672434
BSU_36530,bcrC,169.649428716678,-0.859776999201702,0.289068587499634,-2.97430103574568,0.0029365682684121,0.0128673999012404
BSU_36540,ywnJ,147.021493521537,-1.10373302373263,0.332981466685076,-3.31469806629359,0.0009174215972524,0.0047620685842714
BSU_36550,spoIIQ,11893.5617659177,-2.68219342939284,0.171727221302932,-15.6189182416302,5.41159756501016e-55,9.99027967871006e-53
BSU_36560,ywnH,180.262195937619,-0.0566226624570169,0.295740236204858,-0.191460800815059,0.848164588815762,0.910358231884765
BSU_36570,ywnG,296.807193712372,-0.720777547678049,0.23524032457807,-3.06400507213568,0.0021839520731214,0.0099603227738707
BSU_36575,BSU_36575,2.72042435348628,-1.38098447676184,1.82862762291222,-0.755202677384105,0.450127382446609,
BSU_36580,ywnF,566.326268306091,-0.641497784694464,0.182675782184804,-3.5116739450744,0.0004452939506402,0.0025109138305691
BSU_36590,clsA,161.613980728448,-0.107620014882785,0.246278990000668,-0.43698414908431,0.66212284352967,0.780293430249985
BSU_36600,mta,144.265547553107,-0.034768628149427,0.301835474824268,-0.115190661964667,0.908294000080316,0.945691845542155
BSU_36610,ywnC,20.945723053817,0.210817179125623,0.675557614885752,0.312063952030613,0.754991921563636,0.847241414838849
BSU_36620,ywnB,32.7759929413385,0.485512891096307,0.542265515896717,0.895341630369836,0.370604492606246,0.541309485932618
BSU_36630,ywnA,149.095910964586,0.285846226924905,0.344144856528418,0.830598573543697,0.406200440854554,0.574143499290425
BSU_36640,ureC,3489.16910008709,0.0172114420443298,0.150116468647241,0.114653923046745,0.908719437073008,0.945691845542155
BSU_36650,ureB,468.750545521563,0.274467390404202,0.226772040890562,1.21032288339574,0.226155020173007,0.387199280505883
BSU_36660,ureA,507.687347597464,-0.239948041258037,0.175664431077516,-1.36594551205505,0.171956066278156,0.319809661593101
BSU_36668,ywzE,18.2670043226541,0.970702976588943,0.916946080567503,1.05862601646999,0.289770133598758,0.458406850693117
BSU_36670,csbD,109.373447736877,-1.18707369733932,0.398225910186092,-2.98090522734845,0.0028739772021979,0.0126193456055145
BSU_36680,ywmF,0.349748385157401,0.616681291379798,3.48972589911696,0.176713389305401,0.859733523251398,
BSU_36690,rapB,1543.19437789003,0.178072405319706,0.135766557679206,1.31160727916857,0.189652675715926,0.342517634061982
BSU_36700,moaA,190.472846723942,0.318669588724195,0.244645011232619,1.30257955033953,0.192718343064412,0.345850416167158
BSU_36710,fdhD,76.0867995745756,-0.520632943522032,0.429869172773932,-1.21114277667878,0.225840689397479,0.38681709043231
BSU_36720,ywmE,32.8673401426198,-1.53324009605476,0.588550894182866,-2.60511046913537,0.0091844642210582,0.0330824949852169
BSU_36730,ywmD,50.3890974573288,-0.120714933706713,0.425257027445523,-0.283863465894581,0.776515015262673,0.864015396961559
BSU_36739,BSU_36739,0.0,,,,,
BSU_36740,ywmC,6.54982953897069,-2.10078060411507,1.30184227000904,-1.61369825862275,0.106592891861842,0.226183617613884
BSU_36750,spoIID,1332.16298697052,-2.99989259145027,0.172571324796509,-17.3834940132009,1.1004007233825501e-67,4.67230147148231e-65
BSU_36760,murAA,2717.24836568685,-0.156333191112364,0.176992235104083,-0.883277116764075,0.377086564408704,0.547232068605444
BSU_36770,ywmB,1040.09596894032,-0.433239446958871,0.197177265328462,-2.19720790952837,0.0280056009752522,0.0806181571124886
BSU_36780,ywzB,148.773275075041,0.921262873941343,0.482635327435585,1.9088177378899,0.0562856078284482,0.140005091294429
BSU_36790,ywmA,51.5644131672265,-0.738234871090714,0.540121708104176,-1.36679355784813,0.171690022611435,0.319454792291039
BSU_36800,atpC,4155.86011405618,0.574277122809123,0.134894484548233,4.25723204868161,2.06973497522982e-05,0.000160659866633
BSU_36810,atpD,8561.60956153626,0.597463104324523,0.166791369135267,3.58209844683259,0.0003408452911045,0.0020017000083398
BSU_36820,atpG,4109.82225561384,0.659608718461914,0.19693341939451,3.34939961175682,0.0008098689759611,0.0042983795899139
BSU_36830,atpA,7013.12293155551,0.678440947672389,0.183859832055271,3.68999003256154,0.0002242628388114,0.0013921345227975
BSU_36840,atpH,1872.68161189625,0.653906549537185,0.184482854079542,3.54453834097367,0.0003933012977539,0.0022536535900988
BSU_36850,atpF,2516.67446697635,0.650559415745258,0.166163952027599,3.91516576132711,9.03421184244807e-05,0.0006177015053628
BSU_36860,atpE,916.497717350294,0.757519872502419,0.223389852075104,3.39102186364195,0.0006963254596572,0.0037476239793376
BSU_36870,atpB,3293.71446918628,0.786946477305906,0.171311611164229,4.59365522253768,4.35548769302208e-06,3.96004298598967e-05
BSU_36880,atpI,2116.36770407407,0.418437344749507,0.129936033595594,3.22033336843133,0.0012804160505902,0.0063586509366151
BSU_36890,upp,306.361102392003,0.523535852180213,0.197723559915612,2.6478172474927,0.0081013306938597,0.0299636325140493
BSU_36900,glyA,1448.08661164754,0.37149766847186,0.190775123597753,1.94730665857232,0.0514979809080574,0.131248755663632
BSU_36910,ywlG,943.188138982114,0.549762194925526,0.191985662515615,2.86355859975122,0.0041891131938454,0.0174982032503096
BSU_36920,rpiB,775.716199201139,0.374629538735336,0.165860373437075,2.25870430032201,0.023901784799233,0.0714194076407765
BSU_36930,prpB,224.287714316131,0.274079664541447,0.306368667231805,0.894607359877543,0.370997016122033,0.54169646851931
BSU_36940,mntP,48.7850708792507,-1.14629504521495,0.559423348531953,-2.04906543179343,0.0404557171549481,0.108170639193898
BSU_36950,tsaC,195.902487539144,0.162940965294763,0.243844248564749,0.668217381602491,0.503994841848743,0.657640472799558
BSU_36960,ywlB,668.281761314139,-2.36083967638824,0.227971369310378,-10.3558604026894,3.9363129648547e-25,1.98971248199679e-23
BSU_36970,spoIIR,98.441053768509,-2.1090251340731,0.387203050749736,-5.44681951753588,5.12784474354287e-08,6.53838702134626e-07
BSU_36980,ywlA,24.0715404515078,2.09480047127344,0.85113923156384,2.46117250103084,0.0138483764770065,0.0465559829939585
BSU_36990,ywkF,31.9398818286152,-0.497656080849736,0.526539129968402,-0.945145484020534,0.344584607024089,0.515541311284102
BSU_37000,prmC,97.1509467928931,-0.267394961957174,0.334795115003485,-0.798682388046164,0.424474601539919,0.591093272516513
BSU_37010,prfA,1277.94659246749,0.0636150617930951,0.159343170367073,0.39923306186608,0.689721484206918,0.799815236442109
BSU_37020,ywkD,9.71453268414967,1.37203901043645,1.18448371735084,1.15834349627455,0.246723887712194,0.408429785338279
BSU_37030,racA,16898.2214937588,-0.974417868001302,0.175533760900631,-5.55117068649213,2.83762853075671e-08,3.71869467333116e-07
BSU_37040,ywkB,38.7242148747772,-1.11216004368826,0.580721841248986,-1.91513382947038,0.0554754385286448,0.138558065878015
BSU_37050,maeA,15.2672616397795,1.16153155470805,0.840131379300427,1.38255942264084,0.166799998265205,0.312303579585482
BSU_37060,tdk,88.736380590337,-0.569633807678147,0.446277488834663,-1.27641169884145,0.20181002287869,0.355997240192322
BSU_37070,rpmEA,5458.78841932355,-0.276466576925746,0.139337889023803,-1.98414500795629,0.0472396769197668,0.122753774909015
BSU_37080,rho,802.721854622596,-0.563737960189225,0.24357378358497,-2.31444432110883,0.020643362099661,0.0637003746185762
BSU_37089,BSU_37089,92.3853478510741,-0.844539123740996,0.370009720475467,-2.28247820802046,0.022461122628808,0.0682188316751921
BSU_37090,glpX,3020.94504446195,-0.332725317413692,0.158980993174781,-2.09286223949991,0.036361453887976,0.0994145094709247
BSU_37100,murAB,3021.58515344216,-0.27823758089077,0.175050118292654,-1.58947382386571,0.111953459188233,0.234724122848949
BSU_37110,tal,6892.53225255812,-0.372801515619661,0.144234166853677,-2.58469628765466,0.009746480906035,0.0347469000226907
BSU_37120,fbaA,9040.09184539715,-0.262322604939531,0.163575713191426,-1.60367697515429,0.108785273689571,0.229459648328822
BSU_37130,spo0F,2569.1163522912,-0.761038283627512,0.162733873616408,-4.67658187392141,2.91696169173352e-06,2.71610073313608e-05
BSU_37140,ywjG,43.2096759646905,-0.308713446199819,0.481229055371455,-0.641510404980694,0.521191122886639,0.672228890576145
BSU_37150,pyrG,158.71525429262,0.354463902258756,0.274501212701731,1.29130177156599,0.196599056579215,0.349857332034931
BSU_37160,rpoE,467.992477040876,-4.42387496144028,0.305296646609978,-14.4904145216238,1.39299628641097e-47,1.84833194753155e-45
BSU_37170,acdA,1311.92596002738,-0.220060084041392,0.198306571105954,-1.10969637977258,0.267129883445001,0.432913543934151
BSU_37180,fadF,1348.27804963458,-0.353507860664677,0.287345631151108,-1.23025312495103,0.218602331694562,0.377311179014272
BSU_37190,clsB,14.2404076072919,-4.79401258531131,1.29722153675411,-3.69560051963585,0.0002193676660792,0.0013657406307511
BSU_37200,uvsE,19.9105066811166,-2.3333716388434,0.944477635147285,-2.47054197157303,0.0134908486690812,0.0454620186102529
BSU_37210,ywjC,43.6997641370414,-1.19541304823863,0.468141949996018,-2.55352686989234,0.0106638050296078,0.0374502913674463
BSU_37220,ywjB,183.54751785576,0.747167187197776,0.320982692579549,2.32774914184074,0.0199254280592869,0.0622420362527369
BSU_37230,ywjA,260.600277479328,-0.0200630294631189,0.25954560693084,-0.0773005935271524,0.938384418755371,0.966821235592746
BSU_37240,clsC,92.1898440729048,-0.968906617049062,0.348279313117639,-2.78198153193725,0.0054028114468029,0.0215807501440501
BSU_37250,narI,4.95331786812534,0.897748872008155,1.61672979073293,0.555286898994525,0.57869843843159,0.71867609522683
BSU_37260,narJ,0.940936053928716,1.44180257099616,3.43865042521501,0.419293150715083,0.675001901628282,
BSU_37270,narH,2.7328167307779,-0.644193858292028,1.98743640648856,-0.324133067195948,0.745837293185152,
BSU_37280,narG,11.3831549454192,0.263454076255545,0.968434746047985,0.272041123401092,0.785590399390781,0.869363159180984
BSU_37290,arfM,4.79882565796327,3.58653815891319,1.96396994232898,1.82616754035455,0.0678250291130066,0.161971357488091
BSU_37300,ywiC,11.3551146667597,1.11404589432663,1.37256167171573,0.811654526921217,0.416989893934411,0.58530217839521
BSU_37310,fnr,234.083277827683,0.145464920574745,0.221720549410404,0.656073246081896,0.511776997441452,0.663918463530829
BSU_37320,narK,6.25890733106456,1.0849815874205,1.28321676625511,0.845516997558302,0.397822246493504,0.567008255637094
BSU_37330,argS,1848.86753293923,0.118867238916254,0.156778275447066,0.758186927221226,0.448339086142414,0.609752645663257
BSU_37340,ywiB,265.457752679809,-0.161308827509285,0.217756956900612,-0.740774622336906,0.458830104832648,0.619063433466611
BSU_37350,sboA,0.616719073845728,-0.655313198483957,3.43383376682839,-0.190840105544546,0.848650866407766,
BSU_37360,sboX,8.59177691022165,-0.804330580513304,1.41634620271712,-0.567891225302315,0.57010883051379,0.711755981876376
BSU_37370,albA,719.713120564786,0.844217346086592,0.274529176319281,3.0751461735519,0.0021039940862791,0.0096733727715148
BSU_37380,albB,14.8866056562649,1.08978331603575,0.880523849463703,1.23765337724753,0.215844613433721,0.374836903329072
BSU_37390,albC,258.716913553977,0.707782031506507,0.336737976881249,2.10187766185964,0.0355639937988501,0.0977376813397524
BSU_37400,albD,131.577187448999,0.241702602059238,0.360488463497893,0.670486372057369,0.502547791039586,0.656357404107685
BSU_37410,albE,233.826499863802,0.665501392265166,0.31808700479007,2.09219924814087,0.0364206957374716,0.0995124028965923
BSU_37420,albF,203.693299677223,0.66863889354511,0.376993215336768,1.77360988565222,0.0761277013727187,0.176826159753043
BSU_37430,albG,97.194002074735,0.520764566321175,0.404418005603848,1.28768887414794,0.197854288023456,0.351207904242305
BSU_37440,ywhL,44.0651891702472,0.431113654947962,0.475844748222149,0.905996454849379,0.364937728873778,0.53653933407135
BSU_37450,ywhK,56.9665244774234,-0.630195278253711,0.573613285108878,-1.09864135753776,0.27192453071621,0.438507997501339
BSU_37460,rapF,9132.35526874259,-0.197487120159178,0.13425939019486,-1.47093711562782,0.141308123992296,0.278316888029471
BSU_37470,phrF,1964.06028245605,-0.477016845467538,0.170766163692657,-2.79339205819524,0.0052158433286368,0.0210317861095839
BSU_37480,ywhH,1025.26952125715,-0.413158985419023,0.182290752807637,-2.26648351085044,0.0234217956101317,0.0703814183726959
BSU_37490,speB,81.9868089986971,0.10485629690831,0.366398611296192,0.286180934303666,0.77473954557378,0.862936144234275
BSU_37500,speE,202.298696347904,0.0178903507487182,0.259883184070454,0.0688399705918183,0.945117001605058,0.969737112184956
BSU_37510,pbpG,603.423509067707,-3.10502356007387,0.213281289896541,-14.5583494997619,5.16907916458529e-48,7.31597004427638e-46
BSU_37520,ywhD,348.590429596075,0.237404134895825,0.197894936140227,1.19964734584013,0.230276330464752,0.391101319661335
BSU_37530,ywhC,201.034032287111,0.372514609717617,0.336661190585836,1.1064970365886,0.268511445966966,0.434334129654107
BSU_37540,hmtB,86.6980382023702,0.0954552486831713,0.357650789122915,0.26689511553228,0.789549917520117,0.871213344540129
BSU_37550,ywhA,94.3031344239724,-0.220884673714518,0.375166916040907,-0.588763732275459,0.556019778160113,0.700136411052147
BSU_37560,thrZ,46.7837915167584,-1.51619018591517,0.547575135649738,-2.76891715347174,0.0056242934626511,0.0222213127052705
BSU_misc_RNA_57,tboTB,55.6700683350581,-0.321383179793225,0.523174730983142,-0.614294155968287,0.539020963638592,0.686467609960847
BSU_misc_RNA_58,tboTA,74.5956969393401,-0.187519869112808,0.370493977205776,-0.506134729981475,0.612762071258677,0.74764015935757
BSU_37569,BSU_37569,2313.02733606406,0.0711712569884295,0.155726927202485,0.457026015134098,0.647652346753514,0.771802375614769
BSU_37570,mmr,38.1782276132286,0.445420475946248,0.530114818087395,0.840233965828919,0.40077721766774,0.569751919176025
BSU_37580,ywgB,14.0883891354879,0.137318479413573,0.789905786272553,0.173841591997392,0.861989956342919,0.918362827629256
BSU_37590,ywgA,177.714826486738,0.461253589786899,0.281786957276574,1.63688764818941,0.101653947270836,0.218653829843955
BSU_37600,ywfO,587.99475718508,0.196047093111802,0.162996933273478,1.20276553168563,0.229067066663823,0.390304770956527
BSU_37610,ywzC,65.2343158299712,0.0177519530489345,0.452276413832921,0.0392502295189163,0.968690887100109,0.981169252535081
BSU_37620,psrF,2165.93111655295,-3.00573603204966,0.17907248183988,-16.785024707131,3.14098593609461e-63,1.11138552372148e-60
BSU_37630,ywfM,14.5189722822602,0.383659511345492,0.887265018421545,0.432406894648035,0.665445707960403,0.782107786852622
BSU_37640,lipL,122.332633854037,0.663398472777471,0.400470105691116,1.65654929881121,0.0976106301622739,0.211888924166163
BSU_37650,cysL,59.5551325365968,1.53977480877496,0.591736399603618,2.60212961346706,0.0092646830131202,0.0333089280895076
BSU_37660,pta,132.3223534386,0.257384557174731,0.31097323557759,0.827674306750787,0.407854973696042,0.575524166936987
BSU_37670,hemQ,917.460574943247,0.0843501888912054,0.156586853622633,0.538679888763109,0.590107752973277,0.728817929058623
BSU_37680,bacG,519.038262190895,1.12379074608227,0.215355895489437,5.21829571244495,1.80576999699342e-07,2.07224308303623e-06
BSU_37690,bacF,235.934215231879,0.281155540512,0.328787498223016,0.855128440197847,0.392480046518357,0.561857814402206
BSU_37700,bacE,236.733137550748,0.014359928025711,0.261662967652024,0.0548794816269445,0.956234478529806,0.973895801352256
BSU_37710,bacD,749.177348286719,0.155891517399983,0.220713534153132,0.706307014647435,0.479997232109219,0.638223604613568
BSU_37720,bacC,777.621797217405,0.0043579392160441,0.184908303393075,0.0235681099013717,0.981197109694262,0.987944730320569
BSU_37730,bacB,706.050105459788,-0.135305398466758,0.183296554628336,-0.738177532802575,0.460406573765645,0.620008345134452
BSU_37740,bacA,563.19683828723,0.0364655585668457,0.233374104885065,0.156253662268163,0.87583307976995,0.926810985000351
BSU_37750,ywfA,89.4588918479794,-2.10678171618257,0.468505874520151,-4.49680960423464,6.89807062696619e-06,6.01421106408592e-05
BSU_37760,rocC,807.335155016615,-0.309049718684235,0.175135826087223,-1.76462877749706,0.0776261757036519,0.178936342040014
BSU_37770,rocB,530.691766369898,0.0624947395800016,0.212310351100108,0.294355594327731,0.768486195114522,0.859356048441558
BSU_37780,rocA,562.847757840556,-0.461379151353554,0.255231350953529,-1.80768996296838,0.0706547676084558,0.166666746258613
BSU_37790,rocG,234.380429439637,-0.240544712138505,0.290326319722082,-0.828532226664012,0.407369151900191,0.575220957422086
BSU_37800,bslB,2506.68500716036,0.913086946228254,0.219519436929623,4.15948108741271,3.18971429732434e-05,0.0002384423751133
BSU_37810,spsL,118.67245181196,-2.04888365770823,0.35201085236505,-5.82051275959941,5.8667363930978e-09,8.44412295765873e-08
BSU_37820,spsK,109.566275495347,-2.16190308815708,0.338160468474389,-6.3931277890361,1.62526320517362e-10,2.74934962915027e-09
BSU_37830,spsJ,110.946531801561,-1.22726086781555,0.44185152372202,-2.77754132763305,0.0054771874267126,0.0217958180073309
BSU_37840,spsI,23.2696672713331,-0.0382987846408063,0.708066766300455,-0.0540892278293358,0.95686407463166,0.974288686216465
BSU_37850,spsG,19.3627764344786,-1.83121465355504,0.978234173683176,-1.87195939665477,0.0612122211149777,0.149888749050862
BSU_37860,spsF,15.2173467545155,-2.66209957494286,1.09246771604531,-2.43677642445998,0.0148188384447871,0.0491184918318237
BSU_37870,spsE,18.8771795005078,-0.963942958655801,0.766869212502611,-1.25698481949752,0.208759132599547,0.365672969066699
BSU_37880,spsD,19.5759754703768,-1.34323024888985,0.687008755406441,-1.95518650718678,0.0505610605628805,0.129326664548187
BSU_37890,spsC,19.6521501201698,-1.44286371586618,0.68439270448004,-2.10823947482372,0.0350102803466823,0.0964657043166861
BSU_37900,spsB,12.7793287397962,-1.00324445705084,1.07986300953747,-0.929047896066515,0.352864265102518,0.524785173248788
BSU_37910,spsA,5.30753178540806,-1.54184122955208,1.37047688774448,-1.12503993561659,0.260572111804787,0.424995053917493
BSU_37920,gerQ,1556.37717038695,-2.51803703543645,0.179929683212198,-13.9945616003049,1.68264058538972e-44,1.93094376366614e-42
BSU_37930,ywdK,115.798376533493,-0.0373041293819804,0.362183527293331,-0.102997863157283,0.91796466688843,0.951698335985215
BSU_37940,ywdJ,382.564249201878,0.0814131939268171,0.19180244067496,0.42446380578016,0.671227596129392,0.786432774052262
BSU_37950,ywdI,128.799013355564,0.0169892038796105,0.2990616005804,0.0568083760892034,0.954697841561105,0.973030973420175
BSU_37960,ywdH,95.6770699637823,-0.239090869301345,0.346039763240093,-0.69093466907575,0.489606597836634,0.645562105475335
BSU_37970,ung,132.595796958356,0.19779042944005,0.283189904393668,0.698437431459767,0.484903674272947,0.641888196897333
BSU_37980,ywdF,138.826607975556,0.251657653804426,0.261136781267078,0.963700527299686,0.335196089904296,0.50685277697067
BSU_37990,ywdE,75.5215822390666,0.259720395266127,0.373794129919329,0.69482202762836,0.487166841898752,0.643593780554481
BSU_38000,ywdD,521.419731105275,0.524889491144345,0.222460315724107,2.35947471995548,0.0183008277341821,0.058206228134335
BSU_38018,ywzG,845.922599599312,0.313616710666168,0.204910008710412,1.5305094789654,0.125890668995909,0.255756832802215
BSU_38020,pdxK,495.429046138894,0.472561442853136,0.189473846888959,2.49407214036288,0.0126286875059512,0.0429658711139973
BSU_38030,ywdA,132.710507160322,0.123627227676035,0.32481753912121,0.380605148387329,0.703496260480971,0.809936312907322
BSU_38040,sacA,161.759629947464,0.114978235724902,0.264135821792197,0.435299668726336,0.663344925323145,0.781076692435406
BSU_38050,sacP,93.6584001870022,0.354795335365641,0.346375796300092,1.02430752712945,0.305690043775724,0.477347071632216
BSU_38060,nirC,6.07081113814689,-0.900667052624451,1.32216121043458,-0.681208195730089,0.495739762865359,0.65046694472383
BSU_38070,sacT,21484.7717041443,-0.991518672789111,0.164861946523761,-6.01423611510137,1.8073691764355602e-09,2.73928834593729e-08
BSU_38080,ywcI,4725.42433630418,-0.85615066225204,0.163964559977465,-5.22155923432301,1.7742285810047e-07,2.04711265080053e-06
BSU_38090,vpr,33856.6086369704,-1.03574169344889,0.13332794144433,-7.76837684755943,7.94982463822438e-15,1.8963458097696998e-13
BSU_38100,ywcH,86.2253856764934,-0.312331720056911,0.456706609730458,-0.683878256636673,0.49405204516259,0.648854000544496
BSU_38110,nfrAA,455.542609867748,-0.589870616290321,0.193413819524451,-3.049785262194,0.0022900503978733,0.0103773254955924
BSU_38120,rodA,561.789847186957,-0.425568755476312,0.261720511376943,-1.62604280893899,0.103940548912184,0.221997771972402
BSU_38130,ywcE,6572.26605883263,-0.0833124495498794,0.220688128443176,-0.377512148648862,0.705793037825064,0.811920140505343
BSU_38140,qoxD,1748.6930986047,0.899167506506856,0.18788677411637,4.78568813976202,1.70402475651466e-06,1.65946998077092e-05
BSU_38150,qoxC,1811.81612802937,0.965514534549388,0.223133595418105,4.32706931800306,1.51106418362544e-05,0.0001212850382547
BSU_38160,qoxB,6424.92638763223,0.942524048528824,0.166008005774974,5.67758189810695,1.36612125501413e-08,1.85321113379872e-07
BSU_38170,qoxA,3251.07944126001,0.957888355880394,0.206180134577182,4.64588093244171,3.38628283225159e-06,3.11215517440265e-05
BSU_38180,ywzA,192.595554122307,-1.968701710061,0.251571240371905,-7.82562310044112,5.05148620734146e-15,1.2256348820783899e-13
BSU_38190,galT,1653.7636199183,-0.27773290226391,0.143050819850618,-1.94149815117407,0.0521978834608177,0.132238790676988
BSU_38200,galK,638.935563250474,-0.17658389536448,0.165964342605886,-1.06398695401585,0.28733460955619,0.455833698345182
BSU_38210,ywcD,78.0462576660735,-0.351532194470707,0.342582665027665,-1.02612370781318,0.304833276630167,0.476203860401652
BSU_38220,slrC,111.222304168988,0.77210519796079,0.310453499723505,2.4870236561947,0.0128816832993421,0.0436517376608194
BSU_38229,slrA,241.751502977594,-0.127397503361352,0.247568883858267,-0.514594166180782,0.606836642577699,0.743830365007191
BSU_38230,vbfB,183.954698689763,-1.63855898261788,0.264175788168042,-6.20253276797492,5.55616111367853e-10,8.83575284220189e-09
BSU_38240,vbfA,616.643095118839,-0.965314427394227,0.184017740352707,-5.24576829138324,1.5563239926598e-07,1.82042745808085e-06
BSU_38250,ywbO,50.7386106155802,0.0988130575780697,0.46089456428487,0.214394061538541,0.830239772214584,0.89722526668952
BSU_38260,efeB,700.556716917121,0.634695489890934,0.155611347096223,4.07872241796394,4.52838662093545e-05,0.000331509130905
BSU_38270,efeM,391.332669219647,1.07932786012314,0.202963684688261,5.31783733519086,1.05007880153125e-07,1.27371798359366e-06
BSU_38280,efeU,308.161703713621,1.22655300048226,0.259147267780148,4.73303466013319,2.21187700778913e-06,2.11523193132267e-05
BSU_38290,thiE,164.678893297395,0.295922408150737,0.351063210971531,0.842931981769899,0.399266485709119,0.568315621294307
BSU_38300,thiM,140.699097363129,0.860916665969316,0.318618350083482,2.70203102157721,0.0068917332008028,0.0263387031238605
BSU_38310,cidR,122.107692936071,1.0299292305663,0.341618273103202,3.0148540393071,0.0025710295128367,0.0114549751432371
BSU_38320,cidA,1.474203632045,1.7250078027324,3.2713797396637,0.527302832446387,0.597983307628153,
BSU_38330,cidB,11.4561881461664,-0.633917762969362,0.84937374177112,-0.746335484362293,0.45546478115034,0.616678399478425
BSU_38340,ywbF,248.356012997398,1.53188149494701,0.233662089265927,6.55596934770023,5.5281586477690296e-11,9.78023400767804e-10
BSU_38350,ywbE,75.0900933335313,0.0796857851514583,0.347851652710866,0.229079794591901,0.818806897500628,0.889169843168202
BSU_38360,rlmI,208.202775370118,0.238344044914847,0.234202401972643,1.01768403273117,0.308828137806347,0.479972281524798
BSU_38370,glxA,610.791341334642,0.620564803865564,0.192572359275775,3.22250195302888,0.0012707629942252,0.006318102662155
BSU_38380,ywbB,73.0917877048818,-0.170678825458039,0.473751061467178,-0.360271119877721,0.718644394265445,0.82047972520868
BSU_38390,ywbA,42.4529958924407,-1.65834673775904,0.840024287190354,-1.9741652271814,0.048362958503217,0.125060366507101
BSU_38400,epr,2091.61065869585,0.986055212571612,0.161127768216639,6.11970998844744,9.37458169786275e-10,1.47423977367131e-08
BSU_38410,sacX,33.3461319065713,0.162545838116243,0.510564750422391,0.318364787192553,0.750208245518098,0.84448149800367
BSU_38420,sacY,71.1490614814684,-0.379225318751971,0.40930115679802,-0.926519049490763,0.354176302014097,0.526079360421558
BSU_38430,gspA,621.506131239771,-0.42616975382539,0.208708828997362,-2.04193447815653,0.0411580311673462,0.10991006310475
BSU_38440,ywaF,2.5419773323525,-3.90354207501493,2.12362511272628,-1.83815027031943,0.0660402653447679,
BSU_38450,tyrZR,1357.78826438924,0.505044008443989,0.151568269468585,3.33212228532217,0.0008618637633356,0.0045122978287583
BSU_misc_RNA_59,tboYB,409.152822474959,0.253004343520639,0.213718687011474,1.18381947343264,0.236484531938364,0.397983877372293
BSU_38460,tyrZ,94.4199397339978,0.287321122229809,0.404081133105588,0.71104810071578,0.477054429256185,0.63617245810985
BSU_38470,eapD,493.546242461138,0.0305433134363481,0.246314758409454,0.124001150534291,0.901314364100471,0.942141996546184
BSU_38480,relQ,195.263611411903,-1.90007531364478,0.400757003093264,-4.74121549711908,2.12439820993032e-06,2.04076805415478e-05
BSU_38490,menA,326.444240458365,0.0549077346868304,0.23935308291454,0.229400574324062,0.818557589817925,0.889169843168202
BSU_38495,BSU_38495,0.701744233343446,0.621723641255645,3.46248708572677,0.179559844083908,0.857498131985131,
BSU_38499,ywzH,13.5918935660263,-0.742734056075041,0.831169125036551,-0.893601595273862,0.371535092524127,0.542109279332455
BSU_38500,dltA,544.352786782726,0.470957355991596,0.316498245968574,1.48802516914536,0.136744256123106,0.271189216019947
BSU_38510,dltB,264.155376680667,-0.110312760235302,0.298400330002784,-0.369680423055407,0.711620620180442,0.816154835759973
BSU_38520,dltC,36.5198844462774,0.10672553163181,0.499157199376115,0.213811464134352,0.830694084596028,0.897487807428686
BSU_38530,dltD,303.328669020417,-0.0418064929270496,0.308316682230161,-0.135595948375705,0.892140708598034,0.937167107547564
BSU_38540,dltE,377.393755209174,-0.099870399692162,0.267863412041935,-0.372840765862144,0.709266960143919,0.814660109294943
BSU_38550,ilvK,1289.52225999017,0.256221924120619,0.168583949216862,1.51984768010756,0.128549262517679,0.25929699223281
BSU_38560,licH,3017.4221898333,0.608848516842167,0.15608211279057,3.90082185560312,9.58666785952658e-05,0.0006502394845295
BSU_38570,licA,708.30707281157,0.323678995199076,0.240968674947628,1.34324096386978,0.179193961324815,0.328808925487849
BSU_38580,licC,1973.44037800947,0.51344617613713,0.167004751658609,3.07444052362483,0.0021089776787717,0.0096807775395294
BSU_38590,licB,593.519220051206,0.595126700772904,0.18876058553965,3.1528123261087,0.001617057325237,0.0077582207943011
BSU_38600,licR,2271.98055192086,0.787780399473868,0.173142612724369,4.549893218534,5.36731457839464e-06,4.79781425260287e-05
BSU_38610,yxzF,24.0861321355228,-1.01944437071142,0.722030767527676,-1.41191264494466,0.15797568402023,0.300679500897311
BSU_38620,aag,47.8164078869725,-1.14530038669079,0.468918682792022,-2.44242856751084,0.0145888164065836,0.0487365180663683
BSU_38630,katX,675.19325244545,-1.82722254893189,0.20455965427517,-8.9324679170309,4.1660921472857603e-19,1.3503226914027e-17
BSU_38640,yxlH,78.7713344738149,0.751551638172848,0.35428503640812,2.12131916660204,0.0338949525027264,0.0942488332197619
BSU_38650,yxlG,490.064619282079,-1.80402876059555,0.282500526036761,-6.38593062428774,1.7035822619009501e-10,2.8633460239058303e-09
BSU_38660,yxlF,470.533206876189,-2.1090635892263,0.345179939398607,-6.11004102063648,9.96055350411096e-10,1.55487169773732e-08
BSU_38670,yxlE,136.95273684159,-1.66826320782346,0.281007241586657,-5.93672674911833,2.90768677709711e-09,4.3167965229211e-08
BSU_38680,yxlD,131.837786413736,-1.87251127910001,0.433946825540763,-4.31507080796496,1.59551753665843e-05,0.000127102578999
BSU_38690,yxlC,50.2702542959916,-1.7169798421928,0.483722282472916,-3.54951571264227,0.000385940432473,0.0022144636165951
BSU_38700,sigY,199.737242548733,-2.0128049753753,0.353491264265895,-5.6940727504408,1.24044188342311e-08,1.70450363657428e-07
BSU_38710,yxlA,6.70085838733013,-1.97565308174598,1.50605432658158,-1.31180731456765,0.189585156314947,0.342517634061982
BSU_38720,nnrA,53.6614920310572,-0.9755594604008,0.555638378797886,-1.75574527899136,0.0791319117031411,0.181814987603646
BSU_38730,cydD,106.673592268768,-2.91180445847884,0.491969865517572,-5.91866425683514,3.2456675628576103e-09,4.80177856163533e-08
BSU_38740,cydC,142.46968541565,-2.75703202403432,0.324420605934748,-8.49832585723253,1.92344531385346e-17,5.481173693034769e-16
BSU_38750,cydB,90.7640594607726,-3.2664738903749,0.404896274701397,-8.06743379593665,7.179111096830601e-16,1.84742458891774e-14
BSU_38760,cydA,4.23981449692589,-2.15185529544875,1.78121100480902,-1.20808556068823,0.227014353191619,0.387420797287626
BSU_38770,cimH,368.513159044763,0.692678226542128,0.266374296844834,2.60039438769732,0.0093116676269857,0.0334212516856986
BSU_38780,yxkI,105.760882283378,0.164766374411537,0.346794570921916,0.475112323625839,0.634706915096975,0.762582218874294
BSU_38790,yxzE,28.1534980485533,-0.696576562025692,0.687739738108262,-1.01284908145883,0.31113225276558,0.482493624997316
BSU_38800,yxkH,17.0365699432186,-0.0728197369396552,0.783690398560707,-0.0929190112235557,0.925967902315681,0.957073932140307
BSU_38810,msmX,3180.58675246145,0.301736887865707,0.155801005419332,1.93668126244496,0.0527843176057333,0.133565084954674
BSU_38820,yxkF,351.221177259234,0.346589945954392,0.210312729180465,1.64797417305631,0.0993579711274656,0.214912860625175
BSU_38830,aldY,102.973031052198,-1.93945429276227,0.588085774286913,-3.29791057284793,0.0009740715180209,0.0050254042108347
BSU_38840,gdnE,121.029986261678,0.769950933027477,0.29683483666939,2.59386984919508,0.0094902404909325,0.0340046929320672
BSU_misc_RNA_60,gdwB,1.07535062049488,1.18022625480292,3.23787826706977,0.364506061517564,0.715480148253163,
BSU_38850,yxkC,537.86935791642,1.13844247863548,0.235078249258449,4.84282353738248,1.2800696399123e-06,1.28491151089069e-05
BSU_38860,galE,2168.26318693523,0.489660038230427,0.151922455147069,3.22309192381345,0.00126814849717,0.0063146969882432
BSU_38870,yxkA,10.4366859610514,-1.5168148934411,1.05381758626348,-1.43935242039304,0.150050697684245,0.290125347161796
BSU_38880,yxjO,102.673943666222,0.618800803200497,0.322577377707918,1.91830192060399,0.0550727390477726,0.137876680422666
BSU_38890,yxjN,21.1934559972532,1.30106329436918,0.721470280286477,1.80334981207065,0.0713332942775899,0.167856107889936
BSU_38900,yxjM,62.9451588025231,0.662250494194895,0.374539535030968,1.76817246846888,0.0770320753286154,0.178147163314434
BSU_38910,yxjL,19.2221750123077,0.871782938949154,0.755264614921585,1.15427483523727,0.248387510120039,0.410048284544242
BSU_38920,pepT,705.235145080254,0.824989397369595,0.218162180869421,3.781541759813,0.0001558600695714,0.001008813803964
BSU_38930,yxjJ,1511.88512529364,-0.702757561413644,0.197742354227708,-3.5539051012025,0.0003795561456965,0.0021846680718822
BSU_38940,yxjI,347.114604738773,-0.878652904923847,0.255507195532939,-3.4388577710743,0.0005841740615853,0.0032213026824561
BSU_misc_RNA_61,mswI,175.707236623669,-1.13563647893745,0.299987992604613,-3.78560644736948,0.0001533341795807,0.0009954998876144
BSU_38950,yxjH,366.900954240262,0.185042810657138,0.240957621749922,0.76794753082841,0.442518357590434,0.605521413576856
BSU_misc_RNA_62,mswJ,49.8103728879631,-0.0928520581095927,0.434947832988529,-0.213478608392197,0.830953672588959,0.897539886495223
BSU_38960,yxjG,710.384806720486,-0.0878886967615052,0.216592776310131,-0.405778522528659,0.684905340842896,0.796960284247447
BSU_38970,yxjF,346.152623582971,-1.99388983479584,0.235776587372218,-8.45669138322077,2.75070645599758e-17,7.73476795507665e-16
BSU_38980,scoB,358.520441172536,-2.32118749737665,0.217986812747822,-10.6482932069011,1.77591255747855e-26,9.544967998802421e-25
BSU_38990,scoA,358.697907805191,-2.1548164339613,0.229178297822597,-9.40235813964074,5.3353658896547305e-21,1.9036944174347902e-19
BSU_39000,yxjC,591.110135556413,-2.20651603772872,0.19095960677666,-11.5548836477726,6.9741875650120606e-31,4.85449186902315e-29
BSU_39010,rlmA,269.866871021247,0.43203214375526,0.23915981628725,1.80645791781491,0.0708468417538841,0.167027035028868
BSU_misc_RNA_63,gswB,0.376267744278731,0.252230758727088,3.48859553887311,0.0723015195990772,0.942361955398396,
BSU_39020,nupG,961.588886048856,0.744542086180419,0.146445693660182,5.08408316811338,3.69406058445895e-07,3.98095970599307e-06
BSU_39040,yxiS,94.8723662470641,-0.226322021080469,0.396998352851296,-0.570083022901716,0.568621389256027,0.710865354216285
BSU_39050,katE,348.49422643976,-0.718996307765289,0.226511494033442,-3.17421555507967,0.0015024206910382,0.0073073061330452
BSU_39060,citH,989.471720512611,-2.55000487542935,0.244424223429065,-10.4327011441622,1.7581788572244702e-25,9.10393588753059e-24
BSU_39070,bglS,1811.02325508723,-0.279093803204043,0.197400010586296,-1.41384897789574,0.157406249418779,0.300110882367372
BSU_39080,licT,1052.52015202876,0.863452646218273,0.175607493202129,4.9169464837381,8.79045696997146e-07,9.01552664118329e-06
BSU_39090,yxiP,366.435115735241,-0.0205841375702155,0.202004290151033,-0.101899506960101,0.918836441315587,0.952002558553187
BSU_39100,yxiO,214.561047223742,0.679297711615614,0.30779801034605,2.20695939798927,0.0273168960568256,0.0791183769831389
BSU_39110,deaD,642.105071867315,-0.173843974158164,0.174317221705335,-0.997285136015012,0.318626126513507,0.490307666506747
BSU_39120,yxiM,318.322065481653,-0.340261902699392,0.20250091081773,-1.68029813458795,0.0928993238340352,0.204498845047065
BSU_39139,yxzJ,20.2306034048356,-0.620470850998806,0.636832509194742,-0.974307752886823,0.329903756332284,0.50258911851705
BSU_39140,yxiK,184.211893661016,0.355082189981184,0.295889597872364,1.20004958786809,0.23012008247145,0.390992345007514
BSU_39150,yxiJ,45.5061812949304,1.08685937696281,0.468147423577153,2.32161776873196,0.0202535262627572,0.0629089045440141
BSU_39160,yxiI,106.507460627129,0.226153534362011,0.310262832926961,0.728909525606148,0.466057007574828,0.625435541770771
BSU_39170,yxzG,148.574516907877,-0.0028483117853072,0.288330502993485,-0.0098786349544555,0.992118117883676,0.995128565314943
BSU_39180,yxiH,178.339683973127,-0.204744420029849,0.254158354309925,-0.805578162424597,0.420486121297587,0.588071169640828
BSU_39190,yxiG,192.074257892807,-0.349103789274979,0.242280570009891,-1.44090708248179,0.149610934924213,0.289406847238365
BSU_39200,yxzC,136.343768357317,-0.248249422119084,0.393421459623306,-0.631001222853423,0.528039724870051,0.677358511117292
BSU_39210,yxiF,117.856932983809,0.0361352159338713,0.32007788647338,0.11289507167149,0.910113743588702,0.946446964309975
BSU_39220,wapI,509.743630883592,0.157746403943814,0.19797304404217,0.796807488145775,0.425562845523065,0.591426588900166
BSU_39230,wapA,9480.113924813,0.295074268864078,0.136202315973775,2.1664409063418,0.0302775109315641,0.0857627160876727
BSU_39240,yxxF,307.127663660731,0.823819816923869,0.25433713917519,3.23908580396673,0.0011991349325438,0.0060041591079964
BSU_39250,yxiE,1911.61640797436,0.0788535017840705,0.167849278725921,0.469787552157607,0.638506808641235,0.765198958365985
BSU_39260,bglH,2268.85578215403,0.575138619802261,0.134975601094488,4.26105618451472,2.03463070544871e-05,0.0001585145316575
BSU_39270,bglP,1847.65358247741,0.639252792520039,0.132845872097886,4.81198837739583,1.49436046222135e-06,1.46876262097034e-05
BSU_39280,yxxE,257.707948164462,0.482066425167927,0.328989294290611,1.46529517383655,0.142840402683362,0.28026818382327
BSU_39290,rtbE,89.8513815498004,0.459301410214028,0.361955433776724,1.26894464719475,0.20446080689038,0.359478503543086
BSU_39300,rtbD,436.835582215552,0.227712197583219,0.215935822935147,1.05453645665642,0.29163737865555,0.460674222385217
BSU_39310,yxiC,152.535430918218,0.784850541202333,0.480067887337778,1.63487407073764,0.102075449085682,0.219116459462996
BSU_39320,yxiB,297.276291044491,0.10091247109956,0.229526073006904,0.439655808063797,0.660186414006534,0.778653198297707
BSU_39330,abnB,997.430128356624,-0.294935978735061,0.163874580069482,-1.79976649587758,0.0718975163499059,0.168568113982165
BSU_39339,yxzL,0.391624539145034,-0.0684402587094625,3.47239505838389,-0.0197098134165977,0.984274862326899,
BSU_39340,hutP,9986.91792878008,-0.324834917227312,0.146597302329333,-2.21583147892835,0.0267030457087277,0.0778182100749883
BSU_39350,hutH,13600.3639373018,-0.350397246923621,0.149829081691363,-2.33864642943893,0.019353739781185,0.0607810496382482
BSU_39360,hutU,14514.632311453,-0.293951814958321,0.142151456541868,-2.06787761525147,0.038651532830044,0.10452341663551
BSU_39370,hutI,13853.6932455771,-0.37906069619568,0.135944916314199,-2.78834035485069,0.005297885183003,0.0212616450728081
BSU_39380,hutG,14099.2721169713,-0.416429907730011,0.147114189873856,-2.8306576550303,0.0046452411692994,0.0190199556459455
BSU_39390,hutM,14125.2790085941,-0.447144020760792,0.132078239882885,-3.38544805834239,0.000710621568844,0.0038193660522935
BSU_39400,pdp,1070.98320152576,0.673133671612318,0.152303381315675,4.41968960765969,9.88427657199152e-06,8.26154297729843e-05
BSU_39410,nupC,619.264827614066,0.525134976011276,0.182104296058438,2.88370448900754,0.0039302737947971,0.0165719389599886
BSU_39420,deoC,488.106735763454,0.65303384379352,0.210364327613013,3.10429934201983,0.0019073025318635,0.0089189499452562
BSU_39430,deoR,571.30752330707,0.446808258894469,0.193235384632499,2.31224865851678,0.0207639842185745,0.0639795914311084
BSU_39440,yxxB,35.3745195390503,0.137042436948745,0.504952115489761,0.271396896348926,0.7860857888555,0.869424396843046
BSU_39450,yxeR,176.881887070409,0.34676371875928,0.288228648323348,1.2030855391247,0.22894322077383,0.390304770956527
BSU_39460,yxeQ,51.8316563784377,0.237316936246756,0.490028149564895,0.484292456377197,0.628178328854598,0.757607410118861
BSU_39470,sndB,36.4634974209163,0.80112750438721,0.560238513606228,1.42997577804923,0.152723971114194,0.293689303148037
BSU_39480,yxeO,26.6530153678362,0.278754464144962,0.572668131942997,0.486764407859017,0.626425295845402,0.756915710347063
BSU_39490,yxeN,29.4327086404521,0.1650764337418,0.599443333991592,0.275382883387131,0.783022092982339,0.868094358754188
BSU_39500,yxeM,40.3032940351121,0.0653641939348351,0.517968803186818,0.126193302632668,0.899578912710253,0.941022927658964
BSU_39510,snaB,17.1332799164405,0.57259204162614,0.719795098544567,0.795493110169723,0.426326717176571,0.591950046151642
BSU_39520,yxeK,51.9845685582041,0.711418648442102,0.438013793440103,1.62419234073592,0.104334765031169,0.222606160768468
BSU_39530,yxeJ,1.77930702944279,-0.977010295173162,2.84649958560604,-0.343232193011245,0.731423787568558,
BSU_39540,yxeI,378.509918642714,-0.362796556828295,0.199404929291365,-1.81939613086589,0.068851016584788,0.16368500359407
BSU_39550,hadM,193.806797923271,0.196970890156941,0.243378712489199,0.809318482057804,0.418331977964787,0.586798010716382
BSU_39560,yxeG,23.5390617188077,-0.38358069281386,0.593237363711571,-0.646588897256908,0.517898045631781,0.669608739875926
BSU_39570,yxeF,36.9770229278298,-0.889960469517715,0.558206228288767,-1.59432199860251,0.110863932946519,0.232803293417864
BSU_39580,cotNE,1.53047342650703,-1.54697291632635,3.36893382060555,-0.459187683315278,0.646099394528621,
BSU_39590,yxeD,12.7976498233923,-1.88669809385742,1.06443744118648,-1.77248377486084,0.0763142862846098,0.177065824898608
BSU_39600,yxeC,69.1306460445391,0.553372064013481,0.405995138729868,1.3630016993422,0.172881975048344,0.321250269608433
BSU_39610,frxB,134.309858468047,0.30009992563959,0.359396497029756,0.835010714127086,0.403711675922616,0.572149457933053
BSU_39620,yxeA,15.4432645450099,-0.055589392565684,0.86803841442701,-0.0640402448114908,0.948938181832373,0.970421849725495
BSU_39630,tpeM,31.6012683375247,0.239499982020232,0.657220750333463,0.364413299334681,0.715549405809952,0.818266301392151
BSU_39640,tpeL,16.3073744014319,0.240797817359473,0.700679043329546,0.343663507067701,0.731099358501193,0.829126035308779
BSU_39650,tpeK,93.0410053596395,0.420293877934352,0.3575510319545,1.17547941516733,0.239802967910086,0.401658146645455
BSU_39660,tpeJ,98.9057338043983,0.445453342698452,0.344480062956171,1.29311792060119,0.195970277971397,0.349470726697418
BSU_39670,iolJ,1505.76553176374,0.397772917688393,0.16454090039662,2.41747138085166,0.0156287629515427,0.0511640150287204
BSU_39680,iolI,1569.57392065471,0.374869654472488,0.217418252270741,1.72418667962467,0.0846741480220248,0.190932784121889
BSU_39690,iolH,1135.67698718551,0.337114243981854,0.187519544447399,1.79775524186183,0.0722158029984955,0.169127578340657
BSU_39700,iolG,1390.60520831297,0.576048689953497,0.298369272260741,1.93065688563967,0.0535254980155187,0.135038184535884
BSU_39710,iolF,1755.01484615794,0.559915111197395,0.224191552846701,2.49748531596218,0.012507764521206,0.0427944948888321
BSU_39720,iolE,1246.77825904469,0.507391327897274,0.176228471807768,2.87916772297012,0.003987262187156,0.0167789051007578
BSU_39730,iolD,3069.23833883556,0.400150029978725,0.212426383676966,1.88371153833334,0.059604004844775,0.146967830761275
BSU_39740,iolC,1093.86929096089,0.490969483084652,0.263692857824704,1.86189905610199,0.0626173201342748,0.1526252246212
BSU_39750,iolB,961.965485102347,0.61750977410467,0.242889184503449,2.54235187691489,0.0110109260529506,0.0383845583093828
BSU_39760,iolA,984.908657018009,0.622107103909513,0.203729290951222,3.05359676561414,0.0022611578516473,0.0102683168321868
BSU_39770,iolR,635.338467319236,0.591640775641601,0.204355101523358,2.89516029319178,0.0037896496268694,0.0160747775381496
BSU_39780,iolS,1644.04146525175,-0.0114681177516093,0.151149905351491,-0.0758724772267693,0.939520553717144,0.967079823292847
BSU_39790,yxcE,229.163467269408,0.807962986578088,0.334656342185077,2.41430651307142,0.0157651937509409,0.0515311875800579
BSU_39800,yxcD,81.4518030217818,0.298291535365492,0.336831998301447,0.885579567468935,0.375844125968568,0.546705775560993
BSU_39810,csbC,52.7816870182385,0.450958224880279,0.507119803639805,0.889253824527396,0.373866681610158,0.544388864923433
BSU_39820,htpG,2685.09000115977,0.94005826339652,0.193487817419922,4.85848812567012,1.18285501387136e-06,1.19581009259471e-05
BSU_39830,yxcA,46.0172811626624,0.0110885117368765,0.54583908592561,0.0203146165651972,0.983792395860528,0.989364156835684
BSU_39840,yxbG,19.6099448986508,-1.93777113049701,0.67673696171548,-2.86340371535921,0.0041911617299964,0.0174982032503096
BSU_39850,yxbF,147.452413947831,0.948382908186242,0.2811578964956,3.37313274856245,0.0007431811325595,0.0039742406660551
BSU_39860,aldX,60.2876965273933,0.333736866737443,0.395217136538031,0.844439261062578,0.398423990969962,0.567496902267179
BSU_39870,yxbD,289.860864205283,0.35859845004726,0.240342297344634,1.49203221409278,0.135690700489137,0.269729735148351
BSU_39880,yxbC,15972.9269125706,0.482185751873573,0.170313110439909,2.83117224873713,0.0046377737709183,0.0190199556459455
BSU_misc_RNA_86,srlX,253708.582974011,-0.652107573016172,0.19291533384284,-3.38027859178584,0.00072412390771,0.0038870165766585
BSU_39890,yxbB,20011.9390280856,0.115934756204125,0.203419601404385,0.569929128774834,0.56872576737464,0.710865354216285
BSU_39900,yxbA,3916.26151641818,-0.179920052387749,0.227453001719063,-0.791020786834796,0.428931861511434,0.594207074707194
BSU_39910,yxnB,8026.86808176166,-0.0473125071505963,0.18803562347305,-0.251614594493991,0.801338976720576,0.878741036971995
BSU_39920,asnH,8373.26133894538,0.39318824413419,0.199500062058232,1.97086777857453,0.0487390015334527,0.125468019982325
BSU_39930,yxaM,1832.41422330379,0.868238616282618,0.285530328519927,3.04079297209237,0.0023595601077727,0.010624275946557
BSU_39940,yxaL,496.194422287581,0.437191764114271,0.227272608142413,1.92364477042618,0.0543991252043428,0.136431592213609
BSU_39950,yxaJ,13.8328710027849,-0.919387188660041,1.06209344593086,-0.865636815839925,0.386689359512883,0.555767979865713
BSU_39960,yxaI,85.2081211387172,-0.0322034898223647,0.342189045771344,-0.094110230062372,0.925021594036153,0.956328631185173
BSU_39970,yxaH,26.7453219492475,-3.29162146210034,1.08386377549156,-3.03693281068231,0.0023899872242844,0.0107385034437163
BSU_39980,qdoI,21.1300662377246,-3.34017893939001,1.08702480887673,-3.07277157992518,0.002120807561171,0.0097245668517626
BSU_39990,qdoR,18.3872670404552,0.23773815428715,0.70997784681343,0.334852918797653,0.737736039098064,0.834646208902313
BSU_40000,yxnA,50.0655952997082,-0.402518226798349,0.424839750594341,-0.947458956548287,0.343404961095975,0.514258681176449
BSU_40010,yxaD,158.291027764392,0.400379533019061,0.249630075625256,1.60389140617859,0.10873799144212,0.229459648328822
BSU_40021,yxzK,0.50059030104043,1.11625988097081,3.46115981219928,0.322510355354415,0.747066094078696,
BSU_40022,yxaC,11.9590987523172,-0.395527638468114,1.07650010943032,-0.367419970516702,0.71330577741074,0.816680433844922
BSU_40030,yxaB,204.650220794812,0.387914628490104,0.233546172135365,1.66097617847175,0.096718231096866,0.210813967780951
BSU_40040,glxK,168.932378250763,0.372195877037089,0.262873132061861,1.4158764500493,0.156811681104044,0.299502128943461
BSU_40050,gntR,55.7247386045989,-1.00186171291174,0.574536627516073,-1.74377344268397,0.0811986030920547,0.185272560970317
BSU_40060,gntK,129.763394006072,-0.344586956804155,0.278808062874231,-1.23592895145072,0.216484974333622,0.375795257980605
BSU_40070,gntP,139.360584368509,0.160426544151813,0.314567232642215,0.509991275328669,0.610057574171659,0.745625923987583
BSU_40080,gntZ,235.545939364761,0.0231231263068287,0.222174449367116,0.104076442510366,0.917108685469727,0.95139102822
BSU_40090,ahpC,4561.66913159699,-0.209819851390436,0.140031848420766,-1.49837236140718,0.134036533123095,0.267192074948668
BSU_40100,ahpF,10678.5688165895,-0.170987895662123,0.133735926943447,-1.2785487009368,0.201056024533816,0.355109452014861
BSU_40110,bglA,546.888351659534,-0.011357979308471,0.165844228441077,-0.0684858280281145,0.945398901182646,0.969737112184956
BSU_40120,ptsJ,72.5207491519214,0.367633174134626,0.421005819022911,0.873225873665704,0.382539974722138,0.55247099750687
BSU_40130,yydK,163.243725784457,-0.0135058873369508,0.270654940909667,-0.0499007603244107,0.96020147140888,0.975309244366774
BSU_40139,yyzN,65.8457205422362,0.567446629409577,0.461159272055309,1.2304786302584,0.21851792453333,0.377311179014272
BSU_40140,liaM,391.556159092581,-0.0413877936388179,0.213590418717606,-0.193771770696971,0.846354591766502,0.909547354249701
BSU_40150,liaL,788.484801436835,-0.06796279219221,0.202621014308533,-0.335418280399694,0.737309580098274,0.834646208902313
BSU_40160,liaK,94.4080537630924,0.345768622807493,0.449345574219332,0.769493776384051,0.441600237743437,0.605045049841443
BSU_40170,liaE,268.919187281535,-0.0937936231795972,0.344499214297308,-0.27226077531385,0.785421514113042,0.869363159180984
BSU_40180,liaD,5082.38769900699,-1.14240391089686,0.532341322468512,-2.1459989346674,0.0318730636908382,0.0895652074330238
BSU_40190,fbp,1134.96115761656,0.202629416085011,0.15755150135594,1.28611542474122,0.198402781675619,0.35174038037356
BSU_40200,yydD,504.314840776453,0.410475500183962,0.178462531596374,2.30006543397203,0.0214445132211055,0.0656004345366094
BSU_40210,yydC,91.3299132487102,0.230946626152222,0.328762363651814,0.702472824403992,0.482384343526239,0.639663935856469
BSU_40220,yydB,906.19800628693,0.284798693627358,0.189641689068378,1.50177260615239,0.133155845305364,0.266186308458841
BSU_40230,rlmH,95.4259695232201,0.281565954019994,0.360758460704296,0.780483300295446,0.435106453380055,0.598853160794721
BSU_40239,yyzF,21.8517340723392,0.722061986730114,0.710453847722891,1.01633904727862,0.309467960367504,0.480439107758838
BSU_40240,yycS,70.2283346380453,0.0730792772520988,0.496104228950632,0.147306297724326,0.882890261842402,0.932240369002932
BSU_40250,yycR,1413.52897854416,-0.747154332329514,0.178625573989336,-4.18279597732248,2.87945779958044e-05,0.0002163925277348
BSU_40259,yyzG,13.4096493463381,-0.828765643520227,1.16750997628219,-0.709857440498575,0.477792544733068,0.636556995587263
BSU_40260,yycQ,75.5251027115504,-0.527391166977937,0.412218599927266,-1.27939682263487,0.200757352187417,0.355025288374749
BSU_40270,yycP,705.898129297674,-0.167596625861771,0.219692144043801,-0.762870363850413,0.44554071219724,0.608019433283445
BSU_40280,yycO,674.956548123496,-0.213620824377465,0.220195660417307,-0.97014093725834,0.331976246004958,0.504590941865724
BSU_40290,yycN,195.148347059195,-0.346498421197991,0.257794904022502,-1.3440856114353,0.178920704360381,0.328803642717977
BSU_40300,rapG,4120.63070693829,-0.439487044446529,0.146867112268401,-2.99241292116755,0.0027678161550555,0.0122036836909304
BSU_40310,phrG,1161.03669406595,-0.909949169556561,0.141468333983338,-6.43217562499699,1.25790273917298e-10,2.16237045770383e-09
BSU_40320,argI,934.561973820589,-0.413116717274111,0.245046958149718,-1.6858675593994,0.091821311553566,0.202742219894145
BSU_40330,rocE,772.813346911298,-0.281908889049936,0.238596150137248,-1.18153159172004,0.237391611058202,0.399028250985853
BSU_40340,rocD,780.752869124832,-0.668424245377365,0.24550704352137,-2.72262757023174,0.0064765023231733,0.0250220462822511
BSU_40350,rocR,262.75619096159,-0.267226982146298,0.2248249106382,-1.18860041526419,0.234596944394325,0.395905654172617
BSU_40358,BSU_40358,3.55077461901267,-3.87714899972873,2.02866881896356,-1.91117887921674,0.0559815971317381,0.139412235437748
BSU_40360,htrC,614.980838187643,-0.286936776091547,0.212885611236153,-1.34784485633108,0.17770828718626,0.327637597652133
BSU_40370,walJ,352.441591285782,0.197090687983854,0.220871987725813,0.892329941941389,0.372216109934109,0.542543632948928
BSU_40380,walI,300.698996557381,0.165743176960078,0.205128456324295,0.807996998222658,0.419092310172814,0.587350651612801
BSU_40390,walH,555.997066428105,0.515732421886941,0.187759829239951,2.7467665686245,0.0060185954174858,0.0235312671663397
BSU_40400,walK,632.242641433251,0.475213208464102,0.174151893071992,2.72872835363125,0.0063579053565164,0.0246535763870035
BSU_40410,walR,282.123069111534,0.234274408673305,0.219262390591583,1.06846599656794,0.285310360852958,0.453717790005056
BSU_tRNA_1,trnY-Phe,19.4607549906917,0.428422364788259,0.690269424086969,0.620659629180215,0.534823597068477,0.682729232879073
BSU_tRNA_2,trnY-Asp,49.3238919698372,0.314361612468511,0.414372776687036,0.758644462558262,0.448065267614063,0.609575497048802
BSU_tRNA_3,trnY-Glu,33.5765021516849,-0.145134934574737,0.499467440693613,-0.290579370645636,0.771373039433064,0.860549113355962
BSU_tRNA_4,trnY-Lys,23.3353506444236,-0.441702446305439,0.669638930855218,-0.65961285396195,0.509502303380476,0.66218144479752
BSU_40420,purA,198.642517661154,0.197014838596081,0.303829245892695,0.64843934959988,0.516700826576512,0.668987259450626
BSU_40430,yycE,20.4904630853293,-0.621956042154958,0.785173830045473,-0.792125282778385,0.428287629424971,0.593895909385508
BSU_40440,dnaC,363.37774810564,0.227998498138304,0.184832615680582,1.23354039707103,0.217374214643679,0.376108767472314
BSU_40450,yycD,15.3777461041753,-1.4396513532939,0.808410552151005,-1.78084186242164,0.0749382884317414,0.174636648013817
BSU_40460,yyzB,23.4435293535787,-3.94372598418886,0.900502718173036,-4.37947149364524,1.1896748204508e-05,9.78945598378699e-05
BSU_40470,yycC,47.4815312591036,0.784992947319657,0.435594573594028,1.80211828821189,0.0715267969557272,0.167884344872315
BSU_40480,yycB,1713.22776655726,0.497340782903248,0.180190281539598,2.76008660763402,0.005778603994613,0.0227817572526713
BSU_40490,yycA,172.194644841478,-0.0360063082307767,0.275366268314966,-0.130757875505624,0.895966847283517,0.939327218164398
BSU_40500,rplI,699.131372006934,0.370943941395219,0.166650939336536,2.22587369067349,0.0260226430755591,0.0762540665968419
BSU_40510,gdpP,924.659663947117,-0.0374594913893445,0.154694950119019,-0.24215070602191,0.8086633893429,0.883157707828909
BSU_40520,yybS,400.771839620381,-0.214467065795899,0.195070357498613,-1.09943442225672,0.271578623235607,0.438449746866306
BSU_40529,yyzH,9.08469161036471,-2.95637241568664,1.21898624003367,-2.42527135958892,0.0152969479446575,0.0503494891263688
BSU_40530,cotF,9.13031576451387,-2.90514578829313,1.15113026219109,-2.52373331126177,0.0116115980359392,0.0401162288532122
BSU_40540,hypR,148.967779119783,-0.197373820989508,0.306496479115206,-0.643967661747003,0.519596404183096,0.670828772329579
BSU_40550,ppaC,2632.2128503307,0.2502549992089,0.126922650959829,1.97171267158693,0.0486424162712653,0.125401153301635
BSU_40560,yybP,43.8680111177306,-0.771475066457866,0.589582482597905,-1.3085108347495,0.190700102064562,0.343756536013488
BSU_misc_RNA_94,mswM,4.89306348048524,0.198994840317992,1.37396176795905,0.144832880330862,0.884842821174398,0.93319488790524
BSU_40570,yybO,6.876773210718,-1.02576552528373,1.16957077596845,-0.877044422073867,0.380462510358488,0.55040675263446
BSU_40576,BSU_40576,32.952201075072,-1.17457265252797,0.568606548289827,-2.06570370330888,0.0388564654084068,0.104818648109336
BSU_40580,yybN,1635.14568181067,-0.353005886207285,0.210893332606258,-1.67385986955953,0.094158142716718,0.206719479821709
BSU_40590,yybM,179.293768093354,-0.565374228405485,0.297527403923952,-1.90024253547413,0.0574012986392193,0.142363267536288
BSU_40600,yybL,15.016670553275,-0.751890359933692,0.73610138120746,-1.02144946216557,0.307041541314313,0.478245922384656
BSU_40610,yybK,12.1183708237672,2.05008095734451,0.968017114068366,2.11781478607177,0.0341907565982826,0.094822960493996
BSU_40620,yybJ,31.3937811412458,0.524605058012923,0.531495422618398,0.987035890974321,0.323625043993653,0.495175472719658
BSU_40630,ictI,571.763436236831,-0.989032326317225,0.204667899913684,-4.8323763850332,1.34912882050473e-06,1.3415458950499e-05
BSU_40640,yybH,91.3582425501483,-0.348636039068735,0.348439206238278,-1.00056489863061,0.317037207216441,0.488794474161586
BSU_40650,yybG,49.7521332283631,0.604746268922309,0.448278842622935,1.34904039946178,0.177323990144612,0.327213238658854
BSU_40660,yybF,70.4630427611824,1.03604413124728,0.40436765338206,2.56213404455571,0.0104031158461928,0.0368096915691121
BSU_40670,yybE,33.0859358751436,-0.107840650879832,0.490901182184026,-0.219678939048481,0.826121208212909,0.894824145426534
BSU_40680,yybD,4.48630467695609,-0.912301076250745,1.66259774352381,-0.548720266104271,0.583197436065756,0.722361818417503
BSU_40690,yybC,14.0271903450218,0.183418583398332,0.795618907982807,0.23053572703968,0.817675504844243,0.888850535987879
BSU_40700,yybB,289.958102443754,1.47932636012519,0.25048685950075,5.90580425286044,3.5093046616385504e-09,5.13810606666113e-08
BSU_40710,yybA,105.035395985195,1.3284144187051,0.393232375840667,3.37819187920417,0.0007296414930629,0.0039116891155873
BSU_40720,yyaT,96.0333604460883,-0.652180206196305,0.35456912381685,-1.83935983814875,0.0658622771677729,0.158263287410506
BSU_40730,yyaS,127.452528839055,-0.50737646638611,0.317185065188752,-1.59962281352742,0.109682284328014,0.230892899978557
BSU_40740,yyaR,65.6967040951061,0.224759590217259,0.527797806449275,0.425844115816461,0.670221438473447,0.785687528370584
BSU_40750,yyaQ,310.134916694727,0.378343701996163,0.233072939251159,1.62328455294615,0.104528590105046,0.222805418466879
BSU_40760,yyaP,363.103033648442,-0.0970320897398533,0.219034103249234,-0.442999917823038,0.657765794145562,0.777794789766616
BSU_40770,tetB,620.36459286623,0.355445582318943,0.182743703140301,1.94504968549341,0.0517689986668398,0.131702317758779
BSU_40780,tetL,12.9471121341221,-0.0692570686376655,0.916792896777041,-0.0755427631269142,0.939782874662367,0.967115386770821
BSU_40790,yyaO,155.20241960054,-0.358757507536804,0.24950503981754,-1.43787679719479,0.150469014231041,0.290669442413557
BSU_40800,yyaN,6.58601452725514,-1.5858587099626,1.82067948442294,-0.871025748096038,0.383740094443868,0.553639293580925
BSU_40810,yyaM,9.97333580714304,-1.16108771397914,1.17167385751182,-0.990964940060055,0.321702700221913,0.493122622795034
BSU_40820,yyaL,353.020507503207,0.526529150944237,0.186102077359142,2.8292491863384,0.0046657355226964,0.0190670962746574
BSU_40830,yyaK,211.440758508437,0.827952545475021,0.271201321135224,3.05290749325736,0.0022663579160722,0.0102809355893618
BSU_40840,yyaJ,246.7418484655,-0.131477834661933,0.286739356163781,-0.458527341418856,0.646573623966366,0.770733185671306
BSU_40850,maa,66.9500495909364,0.0161032998963216,0.415052430901355,0.0387982305304189,0.969051255606074,0.981241768454047
BSU_40860,yyaH,32.7795411339794,0.144694577465467,0.772712014537668,0.187255503658813,0.85146030876078,0.911854791018595
BSU_40870,ccpB,95.2170024860196,0.639475135445493,0.324662074786879,1.96966379847498,0.0488769145649327,0.125548323800789
BSU_40880,exoA,13.1316763684191,-3.06225927852764,1.18277806219916,-2.58903963169043,0.0096244017021225,0.0344273038139953
BSU_40890,rpsR,1316.77050733248,-0.185479819604792,0.191902978691463,-0.966529132947967,0.333779476363022,0.50543069066954
BSU_40900,ssbA,1119.50432091051,-0.0467833043871859,0.177091840322782,-0.264175380988277,0.791644780521862,0.872188013726914
BSU_40910,rpsF,516.782814441685,-0.26699456378933,0.236698236845649,-1.1279955750724,0.259321787896867,0.423751919626054
BSU_40920,engD,429.773460085779,0.330880527845181,0.183554762555195,1.80262567551569,0.0714470218964072,0.16787380332071
BSU_40930,yyaE,151.405650850668,-0.42945547148852,0.317653922250483,-1.35196023535915,0.176388036378107,0.326355224738825
BSU_40939,yyzM,164.149461653124,-0.0715535347626205,0.267484017510172,-0.267505832418191,0.78907972413103,0.870920849664766
BSU_40940,yyaD,25.0557191629325,-2.54278198970754,1.2218897243677,-2.08102412107883,0.0374316982738625,0.101816137649468
BSU_40950,sprC,704.700159628645,-3.12762628929378,0.227616813207401,-13.7407524743962,5.78711734198905e-43,6.46634216686461e-41
BSU_40960,parB,1588.4301930824,0.458601466841276,0.161036746260138,2.84780633918455,0.0044021703776243,0.01816483520252
BSU_40970,parA,764.36837682612,0.536158502501713,0.177193524498254,3.02583575793705,0.0024794694634217,0.0110819235175673
BSU_40980,yyaB,216.207782084799,-0.659858372414295,0.325466574043476,-2.02742286010038,0.0426191860353141,0.112809104592974
BSU_40990,nocA,2235.42789260896,0.0200785821807891,0.150337437994085,0.133556767021525,0.893753072734287,0.93804600237306
BSU_41000,rsmG,858.557937495894,0.0494472101624719,0.184296318779006,0.26830275553016,0.788466285351837,0.870582091568553
BSU_41010,trmF,1369.34504946031,0.303568199468029,0.162309561848969,1.87030385646967,0.0614416343234568,0.150363792125301
BSU_41020,mnmE,1079.0199756158,0.359714531925093,0.153394354189017,2.34503110513338,0.0190254923021364,0.059927477978391
BSU_41030,jag,1085.5315053665,0.284300675534888,0.167864011453404,1.69363684969369,0.0903343112404158,0.200187622926308
BSU_41040,oxaAA,762.078192767425,0.258757192589985,0.174449152174984,1.48328145688226,0.137999646903644,0.273041239866204
BSU_41050,rnpA,148.379054118841,0.510602635887243,0.387810346802303,1.31662973950392,0.187962765157779,0.340046826101377
BSU_41060,rpmH,463.601104629343,-0.141194764037899,0.214933028881505,-0.656924460482716,0.511229489320321,0.663613699680245
